position,token,target,loss_nats,passthrough_nats,visits,mean_hops
0,48,22,4.149742,4.149790,1417,10.6104
1,22,33,4.193473,4.192320,1452,10.6565
2,33,13,4.027087,4.030033,1438,10.6619
3,13,12,4.103084,4.105425,1476,10.7202
4,12,13,3.977296,4.031049,1472,10.7065
5,13,23,4.106841,4.125386,1466,10.6008
6,23,40,4.276667,4.273487,1425,10.5271
7,40,62,4.295617,4.292110,1155,9.3391
8,62,58,4.173385,4.183421,1441,10.6301
9,58,4,4.248817,4.258139,1455,10.6861
10,4,49,4.179482,4.176840,1250,10.0926
11,49,40,4.103717,4.125399,1419,10.6192
12,40,47,4.198209,4.204146,1466,10.5154
13,47,33,4.175043,4.169870,1407,10.5213
14,33,13,3.859155,3.995210,1461,10.5758
15,13,23,3.994370,4.068613,1504,10.6279
16,23,40,4.240160,4.212600,1459,10.6982
17,40,47,4.156918,4.152060,1466,10.6307
18,47,24,4.283917,4.297004,1456,10.5732
19,24,48,4.169894,4.189069,676,6.5755
20,48,24,4.151498,4.127341,1448,10.5950
21,24,23,4.068908,4.090977,1452,10.8720
22,23,40,4.149259,4.169947,1450,10.6172
23,40,47,4.106611,4.101754,1444,10.5902
24,47,33,4.082248,4.094769,1450,10.5912
25,33,17,4.198698,4.216578,1450,10.6516
26,17,61,4.190059,4.193225,1455,10.6837
27,61,43,4.116410,4.107025,1445,10.6295
28,43,37,4.205496,4.195614,1468,10.5979
29,37,40,4.327799,4.262782,1489,10.7377
30,40,47,3.961272,4.045442,1463,10.6882
31,47,23,3.940607,4.203227,1447,10.6022
32,23,4,4.258928,4.256610,1465,10.7136
33,4,49,4.118190,4.127291,1446,10.6178
34,49,40,3.867426,4.066480,1451,10.6817
35,40,62,4.231584,4.208736,1424,10.5530
36,62,58,4.062838,4.141128,1456,10.6358
37,58,56,4.232806,4.216980,1463,10.6753
38,56,24,4.175362,4.110269,875,8.4147
39,24,23,3.869693,4.051638,1452,10.6010
40,23,40,3.898540,4.110449,1461,10.6011
41,40,47,3.920529,3.993268,1458,10.7017
42,47,24,4.076241,4.264627,1449,10.6158
43,24,23,3.695457,3.978207,1457,10.6519
44,23,41,4.288630,4.203426,1434,10.6011
45,41,5,4.121964,4.143508,1340,10.2087
46,5,6,4.269601,4.170277,1460,10.5741
47,6,26,4.143942,4.160070,1381,10.4830
48,26,50,4.150572,4.151164,925,7.2579
49,50,23,3.881583,4.161896,1456,10.5921
50,23,40,3.875952,4.065451,1474,10.5683
51,40,47,3.756226,3.933519,1456,10.6041
52,47,24,3.971250,4.226833,1466,10.5973
53,24,0,4.401764,4.375065,1440,10.5587
54,0,26,4.057590,4.105525,1044,8.5646
55,26,51,3.974892,3.978596,1475,10.7894
56,51,1,4.215608,4.211823,1462,10.6512
57,1,52,4.166562,4.160816,1352,10.3554
58,52,54,4.049753,4.036902,1469,10.6383
59,54,63,4.243514,4.227647,1445,10.6297
60,63,47,4.080172,4.049906,605,6.7711
61,47,33,3.970567,4.024141,1468,10.6361
62,33,13,3.906400,3.965661,1429,10.5471
63,13,23,3.597466,3.967705,1454,10.6024
64,23,40,3.711797,4.001567,1455,10.5794
65,40,47,3.729387,3.880173,1460,10.5869
66,47,23,3.560814,4.091350,1471,10.6238
67,23,40,3.652439,3.928739,1474,10.5778
68,40,47,3.579309,3.817692,1446,10.7287
69,47,33,3.829917,3.956136,1459,10.6108
70,33,13,3.830071,3.923361,1432,10.5960
71,13,23,3.455754,3.891425,1454,10.6008
72,23,4,4.164557,4.199314,1449,10.7217
73,4,49,4.057449,4.086531,1483,10.6818
74,49,40,3.771486,3.993564,1457,10.7706
75,40,48,4.069105,4.109426,1442,10.5712
76,48,22,4.140403,4.114784,1471,10.7016
77,22,26,4.187109,4.206139,998,9.3698
78,26,50,4.108103,4.095449,1361,10.3485
79,50,23,3.642696,4.110820,1484,10.7830
80,23,41,4.253381,4.185028,1483,10.6858
81,41,50,4.158601,4.160784,1436,10.5960
82,50,57,4.304801,4.276013,1479,10.7050
83,57,34,4.055833,4.032059,542,6.5492
84,34,27,4.276118,4.242822,1456,10.6239
85,27,19,4.065142,4.098585,1393,10.6482
86,19,40,4.367197,4.210519,1413,10.5355
87,40,48,3.960628,4.069503,1457,10.5807
88,48,22,4.108033,4.086046,1379,10.3761
89,22,1,3.972544,4.015599,1442,10.6253
90,1,14,4.315285,4.306290,1449,10.7131
91,14,45,4.071623,3.981075,1452,10.5905
92,45,0,4.220066,4.211390,1460,10.6205
93,0,44,4.161526,4.232833,1450,10.7519
94,44,47,4.449909,4.153948,1396,10.4331
95,47,23,3.581344,4.014411,1454,10.5683
96,23,40,3.478988,3.837804,1469,10.6555
97,40,48,3.901685,4.012571,1490,10.6288
98,48,55,4.256882,4.234303,1233,9.6991
99,55,13,4.072857,4.098267,1398,10.5475
100,13,23,3.602710,3.830114,1460,10.6378
101,23,4,4.007230,4.131868,1426,10.5528
102,4,49,3.971766,4.056326,1457,10.8380
103,49,40,3.729887,3.938453,1457,10.7055
104,40,48,3.810558,3.955291,1463,10.6449
105,48,22,4.069962,4.065556,1461,10.6965
106,22,1,3.808659,3.963003,1450,10.6448
107,1,53,4.105096,4.128947,1460,10.7257
108,53,63,4.399263,4.393823,1474,10.6525
109,63,54,4.124265,4.151480,105,2.7662
110,54,37,4.100220,4.092822,1443,10.7068
111,37,10,4.219999,4.223215,1442,10.6599
112,10,12,4.321281,4.324438,1207,9.4334
113,12,13,3.834652,4.007685,1466,10.6072
114,13,12,3.906361,4.004279,1451,10.5824
115,12,13,3.673371,3.928379,1436,10.5747
116,13,23,3.443470,3.741361,1446,10.5899
117,23,40,3.485207,3.749404,1449,10.6473
118,40,47,3.786631,3.804010,1448,10.6137
119,47,33,3.845275,3.932805,1437,10.7082
120,33,42,4.325479,4.254380,1470,10.5949
121,42,49,4.168704,4.202896,1459,10.6728
122,49,22,4.265967,4.268686,1454,10.5952
123,22,1,3.767983,3.908241,1438,10.6056
124,1,52,4.150451,4.129795,1444,10.6053
125,52,21,4.105900,4.068594,1443,10.6416
126,21,35,4.160602,4.207474,1306,10.0668
127,35,10,4.090491,4.137746,1347,10.3811
128,10,12,4.295437,4.290229,1448,10.6117
129,12,13,3.591196,3.908245,1464,10.6346
130,13,12,3.708545,3.916881,1457,10.5855
131,12,13,3.490430,3.828030,1453,10.6031
132,13,12,3.581455,3.828943,1462,10.6827
133,12,13,3.344933,3.733433,1469,10.6070
134,13,23,3.417547,3.637991,1467,10.6879
135,23,40,3.436549,3.690614,1467,10.6450
136,40,47,3.698070,3.746623,1419,10.5855
137,47,23,3.419451,3.892108,1471,10.6372
138,23,4,3.984568,4.075954,1449,10.5700
139,4,49,3.952933,4.021502,1461,10.5905
140,49,22,4.168237,4.229236,1461,10.5721
141,22,1,3.620208,3.857860,1439,10.5696
142,1,53,4.034422,4.072743,1454,10.6894
143,53,63,4.388229,4.382048,1443,10.6423
144,63,32,4.104569,4.090211,932,7.9336
145,32,44,4.254482,4.328098,1475,10.8122
146,44,62,4.313138,4.299925,731,5.9086
147,62,58,4.100763,4.108428,1460,10.6092
148,58,56,4.281587,4.171151,1446,10.6788
149,56,24,4.238494,4.080612,1442,10.5848
150,24,23,3.260242,3.864262,1450,10.6065
151,23,40,3.328126,3.598070,1443,10.5660
152,40,47,3.589966,3.679850,1457,10.7004
153,47,23,3.213683,3.785718,1455,10.5935
154,23,4,3.886642,4.007444,1257,9.9275
155,4,49,3.905746,3.986268,1429,10.6509
156,49,22,4.103139,4.189906,1466,10.6697
157,22,33,4.232730,4.119385,1477,10.6465
158,33,13,3.618586,3.882600,1470,10.6424
159,13,23,3.009861,3.506476,1427,10.5653
160,23,4,3.722366,3.918125,1467,10.7249
161,4,49,3.782183,3.942766,1474,10.6834
162,49,40,3.519175,3.808282,1401,10.4817
163,40,47,3.550351,3.631736,1448,10.5798
164,47,23,3.099529,3.678655,1447,10.5568
165,23,4,3.605032,3.831406,1463,10.6886
166,4,49,3.726762,3.886138,1455,10.5667
167,49,22,4.100904,4.141964,1460,10.6069
168,22,33,4.065690,4.061028,1450,10.6690
169,33,42,4.268426,4.204429,1449,10.5842
170,42,43,4.168388,4.162194,1105,8.6688
171,43,44,4.175180,4.083614,1461,10.7109
172,44,62,4.269004,4.258119,1442,10.6684
173,62,58,4.081037,4.076342,1456,10.6388
174,58,56,4.298211,4.139434,1455,10.6511
175,56,17,4.182938,4.206150,1393,10.7168
176,17,37,4.127218,4.083711,1467,10.8333
177,37,10,4.195898,4.169639,1461,10.8109
178,10,12,4.324464,4.260727,1459,10.6831
179,12,13,3.466852,3.730364,1457,10.7047
180,13,12,3.763611,3.757491,1481,10.6492
181,12,13,3.374277,3.641408,1464,10.5657
182,13,12,3.556168,3.660829,1463,10.7119
183,12,13,3.323139,3.536317,1438,10.5303
184,13,12,3.332350,3.552113,1457,10.6135
185,12,13,3.196972,3.424438,1448,10.6026
186,13,12,3.211298,3.439796,1453,10.5832
187,12,13,3.131192,3.304926,1445,10.5901
188,13,12,3.138620,3.318232,1473,10.5138
189,12,13,2.996132,3.175201,1462,10.5548
190,13,23,3.138563,3.348126,1453,10.5190
191,23,41,4.317466,4.253358,1449,10.6304
192,41,13,4.063972,4.093499,1422,10.6552
193,13,23,3.001236,3.262710,1457,10.5568
194,23,4,3.630033,3.764413,1450,10.6361
195,4,31,4.353428,4.284848,1479,10.5748
196,31,62,4.101500,4.173202,486,6.3059
197,62,30,4.209790,4.169965,1468,10.6797
198,30,0,4.314970,4.234055,1469,10.7319
199,0,44,4.032406,4.192202,1240,9.8980
200,44,62,4.308939,4.227221,1386,10.5949
201,62,26,4.152203,4.140873,1465,10.6569
202,26,51,3.918379,3.933562,1270,10.2359
203,51,1,4.151429,4.137596,1454,10.7364
204,1,53,3.972539,4.022613,1457,10.7981
205,53,63,4.364214,4.374244,1478,10.6233
206,63,47,3.930840,3.984373,1229,9.8621
207,47,24,4.116573,4.248241,1438,10.5714
208,24,0,4.365542,4.340297,1457,10.6145
209,0,44,3.957516,4.161540,1326,10.2001
210,44,28,4.102254,4.168300,1466,10.7680
211,28,53,4.327498,4.219791,1417,10.6178
212,53,62,4.114408,4.150100,1443,10.6413
213,62,58,3.994023,4.055350,1447,10.7344
214,58,54,4.158706,4.132636,1480,10.6236
215,54,37,4.015704,4.053963,1471,10.6206
216,37,31,4.285460,4.268148,1475,10.7609
217,31,62,4.028067,4.127222,1475,10.6745
218,62,30,4.125786,4.145899,1459,10.6695
219,30,62,4.014706,4.132102,1441,10.5990
220,62,58,3.918676,3.997688,1451,10.6144
221,58,54,3.997343,4.096434,1450,10.5667
222,54,35,4.164411,4.199758,1460,10.5799
223,35,10,3.968468,4.085116,1255,9.9078
224,10,25,4.114558,4.078917,1350,10.5497
225,25,60,3.986019,4.093041,1485,10.5782
226,60,45,4.155703,4.198799,1274,10.1227
227,45,26,4.042573,4.034490,1487,10.6127
228,26,51,3.737660,3.892483,1380,10.3970
229,51,8,4.278806,4.194335,1479,10.6849
230,8,59,4.189774,4.346128,1315,10.0583
231,59,54,4.408076,4.386514,1422,10.5233
232,54,37,3.863541,4.014246,1452,10.6122
233,37,31,4.223837,4.231696,1461,10.6406
234,31,41,4.234899,4.220004,1319,10.0341
235,41,50,4.083954,4.131489,1449,10.6492
236,50,23,3.405158,4.030060,1436,10.6695
237,23,40,3.338217,3.488006,1440,10.5649
238,40,62,4.079463,4.221226,1434,10.7297
239,62,30,4.046346,4.076281,1454,10.6066
240,30,0,4.279081,4.205826,1451,10.6214
241,0,44,4.124919,4.129665,1360,10.2526
242,44,28,4.035294,4.129816,1057,8.7804
243,28,55,4.184750,4.149954,1448,10.6236
244,55,20,4.339111,4.252071,1397,10.4395
245,20,24,4.440171,4.335912,1374,10.4097
246,24,0,4.320018,4.299751,1442,10.5628
247,0,44,3.970792,4.110513,1449,10.6396
248,44,28,3.888116,4.088555,1450,10.6217
249,28,53,4.210352,4.177131,1447,10.6088
250,53,62,4.094714,4.132706,1273,10.0368
251,62,26,4.133752,4.103116,1443,10.5694
252,26,51,3.669886,3.855824,1453,10.6943
253,51,1,4.004137,4.069923,1427,10.4955
254,1,14,4.186515,4.279992,1446,10.6119
255,14,57,4.450499,4.423154,1429,10.5559
256,57,9,4.005694,4.211113,1331,10.1235
257,9,7,3.952291,4.107642,1451,10.5693
258,7,57,4.058291,4.131253,1463,10.6564
259,57,12,4.546790,4.219299,1457,10.6166
260,12,13,3.017122,3.186512,1428,10.6859
261,13,12,3.154156,3.227929,1450,10.6959
262,12,13,2.863532,3.059060,1423,10.6333
263,13,12,2.970556,3.103624,1386,10.5065
264,12,13,2.751016,2.928984,1473,10.6406
265,13,12,2.822615,2.976446,1377,10.5250
266,12,13,2.594428,2.793020,1412,10.4892
267,13,12,2.721272,2.845021,1450,10.6807
268,12,13,2.448874,2.654433,1470,10.6374
269,13,23,2.934716,3.126334,1396,10.5020
270,23,4,3.615385,3.704936,1425,10.5406
271,4,36,4.334750,4.181432,1401,10.4572
272,36,29,4.227987,4.231194,1447,10.5354
273,29,38,4.116606,4.036194,1451,10.6327
274,38,42,4.124577,4.160029,1471,10.6671
275,42,43,4.133301,4.124037,1466,10.8076
276,43,20,4.006599,4.014251,1466,10.7620
277,20,24,4.425302,4.298031,1472,10.7298
278,24,23,3.157784,3.868395,1464,10.6955
279,23,40,3.347305,3.420139,1486,11.0966
280,40,47,3.630709,3.589040,1454,10.7407
281,47,23,2.944936,3.613243,1473,10.6961
282,23,4,3.475732,3.614467,1455,10.8484
283,4,49,3.884809,3.853194,1116,9.1083
284,49,40,3.445915,3.713885,1388,10.4499
285,40,47,3.482236,3.530792,1472,10.7070
286,47,33,3.854428,3.880696,1470,10.6525
287,33,13,3.253740,3.824249,1481,10.6986
288,13,23,2.414533,2.972188,1460,10.5886
289,23,40,3.020461,3.269708,1498,10.6399
290,40,47,3.412478,3.450350,1472,10.6387
291,47,33,3.736295,3.814570,1479,10.6137
292,33,42,4.288229,4.196964,1457,10.5575
293,42,48,4.254350,4.170716,1154,9.5540
294,48,55,4.302342,4.242889,1447,10.6009
295,55,20,4.164422,4.225046,1413,10.6213
296,20,32,4.241558,4.259512,1457,10.6216
297,32,44,4.210622,4.241324,318,3.9904
298,44,62,4.391331,4.245441,1021,8.3147
299,62,58,3.920806,3.963196,1455,10.8632
300,58,56,4.262084,4.124319,1458,10.8676
301,56,42,4.294462,4.313000,1429,10.6735
302,42,49,4.024665,4.124598,1472,10.8492
303,49,22,4.108309,4.101241,1460,10.7479
304,22,1,3.752054,3.805234,1460,10.8565
305,1,14,4.132457,4.236755,1480,10.6353
306,14,57,4.334321,4.372174,1117,9.1261
307,57,34,4.012490,3.967209,669,7.4260
308,34,16,4.203572,4.163159,1476,10.8060
309,16,13,5.140863,4.350958,1403,10.4695
310,13,56,4.523183,4.406594,1419,10.5380
311,56,24,4.035793,4.038814,1474,10.7065
312,24,23,3.060134,3.836837,1480,10.7306
313,23,40,3.022007,3.188103,1446,10.5469
314,40,47,3.397438,3.370242,1467,10.5681
315,47,23,2.726114,3.366441,1467,10.6772
316,23,4,3.389549,3.550105,1460,10.6282
317,4,49,3.816439,3.800807,1449,10.5824
318,49,40,3.227833,3.600797,1429,10.6309
319,40,47,3.260538,3.302117,1438,10.5500
320,47,33,3.716703,3.744376,1403,10.4701
321,33,17,4.317747,4.250524,1454,10.5863
322,17,37,4.037443,4.039185,1489,10.8788
323,37,10,4.326835,4.130760,1463,10.7568
324,10,25,4.004465,4.037060,928,8.5627
325,25,8,4.021806,4.088862,1465,10.7029
326,8,46,4.133836,4.082906,1040,8.9837
327,46,26,4.070384,4.067417,1449,10.7467
328,26,51,3.700125,3.809977,1379,10.4068
329,51,55,4.337870,4.360995,1472,10.6939
330,55,41,4.260065,4.271735,1459,10.7080
331,41,50,4.088511,4.104391,1449,10.6302
332,50,3,4.455977,4.369154,1463,10.6367
333,3,52,4.115731,4.215082,1404,10.5515
334,52,54,3.925042,4.016871,1466,10.5914
335,54,35,4.067260,4.149970,1459,10.6948
336,35,53,4.184469,4.118208,1451,10.7130
337,53,62,4.120426,4.110644,1469,10.6557
338,62,30,4.011004,4.055353,1423,10.6936
339,30,0,4.291991,4.161942,1441,10.5606
340,0,26,4.009518,4.100310,1455,10.6220
341,26,51,3.384507,3.769897,1464,10.6450
342,51,8,4.282246,4.145834,1396,10.5823
343,8,46,4.108000,4.043495,1464,10.6695
344,46,52,4.061583,4.078854,1457,10.6371
345,52,54,3.731387,3.995747,1478,10.7265
346,54,35,4.002019,4.101887,1488,10.6223
347,35,10,3.973107,4.039570,1453,10.6464
348,10,25,3.969756,3.990176,1444,10.6164
349,25,60,3.942148,4.033931,1474,10.6090
350,60,21,4.019797,4.068015,1454,10.6283
351,21,4,4.631525,4.343684,1459,10.7366
352,4,49,3.758624,3.773468,1089,9.3382
353,49,22,3.974523,4.068200,1182,9.4945
354,22,1,3.660124,3.756564,1407,10.5165
355,1,52,4.073953,4.092050,1466,10.6444
356,52,54,3.731284,3.979813,1468,10.5617
357,54,35,3.916944,4.048735,1463,10.7044
358,35,53,4.256713,4.098269,1453,10.6489
359,53,62,4.080557,4.082583,1484,10.7430
360,62,58,3.847383,3.942657,1466,10.7098
361,58,54,3.874613,4.062669,1447,10.6114
362,54,35,3.832794,4.007177,1462,10.5889
363,35,46,4.287107,4.338589,1469,10.6898
364,46,52,3.912921,4.023024,1450,10.6942
365,52,21,3.953146,4.017519,1448,10.6264
366,21,4,4.617368,4.327057,1466,10.5660
367,4,36,4.294182,4.163970,1435,10.5590
368,36,29,4.158401,4.192711,1439,10.6421
369,29,38,4.028481,3.987068,1466,10.6641
370,38,30,4.375569,4.178702,1456,10.6568
371,30,37,3.976896,4.220447,1454,10.6280
372,37,31,4.181077,4.193501,1437,10.6184
373,31,62,3.973502,4.091086,1402,10.5796
374,62,58,3.785571,3.894286,1442,10.5833
375,58,4,3.950493,4.125525,1486,10.5739
376,4,49,3.532819,3.752876,1452,10.7267
377,49,40,3.243892,3.486512,1528,10.7510
378,40,47,3.203989,3.237894,1455,10.6341
379,47,24,4.154591,4.283765,1472,10.6769
380,24,0,4.358522,4.283703,1464,10.5970
381,0,44,3.892413,4.087425,1434,10.5868
382,44,62,4.297298,4.194894,1013,8.3586
383,62,26,4.198887,4.019179,1432,10.5798
384,26,17,4.285106,4.274707,1388,10.4401
385,17,37,3.968141,4.020986,1455,10.6772
386,37,31,4.058881,4.154226,1459,10.6269
387,31,36,4.433746,4.393697,1455,10.6252
388,36,4,3.925727,4.027601,1401,10.5613
389,4,36,4.247455,4.061286,1432,10.5982
390,36,29,4.141497,4.162683,1475,10.5902
391,29,60,4.087554,4.195022,1406,10.6945
392,60,45,4.140492,4.169990,616,5.4545
393,45,49,4.038552,4.147885,1445,10.6102
394,49,55,4.317881,4.286780,1474,10.6600
395,55,13,3.975464,4.064077,1441,10.7045
396,13,56,4.349955,4.305340,1465,10.6535
397,56,24,3.969493,3.994298,1447,10.8512
398,24,0,4.309940,4.246460,1484,10.6553
399,0,44,3.863287,4.076171,1454,10.6413
400,44,62,4.340332,4.153636,1450,10.6230
401,62,58,3.774180,3.897241,1476,10.6317
402,58,56,4.113943,4.077303,1454,10.6031
403,56,24,3.895647,3.950406,1476,10.9472
404,24,48,4.166858,4.132291,1467,10.6940
405,48,55,4.235357,4.196039,1454,10.6244
406,55,41,4.257971,4.243025,1463,10.6350
407,41,5,4.150864,4.128059,1441,10.5908
408,5,59,4.094085,4.201444,1453,10.6364
409,59,54,4.457328,4.375903,1076,8.9527
410,54,35,3.793119,3.966281,1475,10.6109
411,35,10,3.937247,3.994370,1448,10.5735
412,10,25,3.850739,3.941500,1460,10.6279
413,25,8,3.928728,4.045993,1444,10.5970
414,8,59,4.172254,4.301143,1455,10.5894
415,59,58,4.502161,4.318764,1396,10.5166
416,58,54,3.737217,4.054726,1453,10.6176
417,54,37,3.796539,3.904296,1452,10.6065
418,37,31,4.043681,4.113223,1471,10.6189
419,31,41,4.142853,4.168041,1431,10.5359
420,41,13,3.875976,4.007939,1416,10.5365
421,13,23,2.644885,3.033066,1452,10.6234
422,23,4,3.322171,3.498964,1442,10.6319
423,4,49,3.584593,3.695019,1444,10.6391
424,49,22,3.912405,4.017862,1411,10.5170
425,22,1,3.624692,3.710143,1420,10.5452
426,1,14,4.073364,4.188638,1448,10.6600
427,14,45,3.950218,3.924523,1472,10.6044
428,45,0,4.201497,4.163379,1448,10.5955
429,0,48,3.975700,4.106739,1462,10.6116
430,48,24,4.043953,4.101416,1442,10.6183
431,24,23,3.062666,3.699769,1440,10.5840
432,23,41,4.155341,4.211949,1418,10.6185
433,41,50,4.057591,4.081368,1442,10.6827
434,50,57,4.464313,4.281865,1457,10.6341
435,57,9,3.903006,4.146954,1304,10.4538
436,9,52,4.012147,4.163704,1414,10.4900
437,52,21,3.955976,3.973658,633,5.8455
438,21,35,3.812455,4.074977,1451,10.5892
439,35,46,4.269286,4.298559,678,6.1579
440,46,52,3.864904,3.974163,1475,10.6501
441,52,21,3.837464,3.927027,1458,10.6469
442,21,4,4.623869,4.347514,1446,10.7165
443,4,49,3.537438,3.676961,1421,10.4873
444,49,55,4.217290,4.213783,1285,9.8591
445,55,20,4.268779,4.214773,1457,10.6607
446,20,32,4.139870,4.216200,1473,10.7666
447,32,44,3.997267,4.176538,976,8.9190
448,44,47,4.587923,4.358753,1449,10.6680
449,47,23,2.632795,3.273493,1451,10.6660
450,23,4,3.181249,3.428213,1460,10.5988
451,4,36,4.160332,4.038541,1454,10.6328
452,36,4,3.698092,3.882485,1477,10.7391
453,4,31,4.224144,4.278432,1476,10.6561
454,31,41,4.038173,4.105009,1211,9.5108
455,41,13,3.562412,3.913127,1475,10.6188
456,13,12,3.113730,2.907487,965,8.2459
457,12,30,4.448430,4.382048,1466,10.6474
458,30,62,4.039811,4.070165,1319,10.4400
459,62,58,3.689874,3.857460,1460,10.7058
460,58,54,3.819325,4.010194,1465,10.6454
461,54,63,4.141395,4.147069,1474,10.6233
462,63,54,3.693416,4.055507,1457,10.6524
463,54,35,3.685336,3.877889,1465,10.6353
464,35,46,4.185053,4.258824,1472,10.6998
465,46,26,3.958024,4.048454,1325,10.1469
466,26,51,3.671902,3.731166,1457,10.6407
467,51,1,3.708864,3.947539,1445,10.6669
468,1,53,3.914068,3.968700,1461,10.6237
469,53,63,4.513467,4.348503,1489,10.6239
470,63,54,3.594595,4.044575,1435,10.5750
471,54,35,3.525523,3.793678,1403,10.4994
472,35,53,4.327160,4.144239,1398,10.5047
473,53,62,3.983094,4.054362,1492,10.6153
474,62,58,3.636393,3.828595,1466,10.6828
475,58,56,4.137514,4.053897,1463,10.6620
476,56,17,4.182409,4.187034,1449,10.7288
477,17,37,4.007764,3.990593,1451,10.6058
478,37,31,3.970940,4.070551,1472,10.6466
479,31,62,4.043681,4.089117,1429,10.5798
480,62,30,3.924696,4.017033,1453,10.6281
481,30,0,4.262663,4.098035,1449,10.6143
482,0,26,3.928409,4.101620,1446,10.6127
483,26,51,3.444449,3.688132,1449,10.5864
484,51,1,3.566177,3.876627,1380,10.4405
485,1,53,3.750174,3.925744,1458,10.6256
486,53,63,4.429456,4.316882,1439,10.6586
487,63,47,3.948886,3.986075,1407,10.5989
488,47,24,3.954751,4.205724,1463,10.7565
489,24,48,4.096823,4.079972,743,5.9243
490,48,22,3.784718,3.943890,1456,10.5666
491,22,1,3.469945,3.642580,1461,10.7519
492,1,52,4.051068,4.041502,1453,10.6352
493,52,54,3.716350,4.003971,1439,10.6544
494,54,35,3.511609,3.736224,1423,10.5744
495,35,10,3.917269,3.939506,1412,10.6564
496,10,1,4.323333,4.163304,1469,10.8934
497,1,53,3.728247,3.858200,1479,10.6083
498,53,62,3.973899,4.019843,1464,10.6195
499,62,26,4.159844,3.966319,1496,10.6583
500,26,50,4.047092,4.069807,1446,10.5637
501,50,57,4.446838,4.252679,1452,10.5913
502,57,34,4.044373,3.918349,1449,10.6510
503,34,27,4.205698,4.173908,1442,10.7034
504,27,47,4.382662,4.223175,1460,10.5649
505,47,23,2.785568,3.313303,1458,10.6588
506,23,41,3.967472,4.093674,1458,10.5907
507,41,50,3.997113,4.048617,1396,10.5075
508,50,57,4.378632,4.230193,1467,10.6660
509,57,34,3.928728,3.895040,961,7.9714
510,34,16,4.164148,4.090967,1478,10.7304
511,16,13,4.881248,4.312079,1302,10.1290
512,13,23,2.432939,2.986329,1475,10.6664
513,23,40,2.962077,3.108058,1430,10.5643
514,40,48,3.960249,3.970776,1461,10.6774
515,48,24,4.000226,4.021701,1452,10.8290
516,24,23,2.845789,3.555735,1452,10.5501
517,23,4,3.112018,3.343102,1469,10.7809
518,4,49,3.544412,3.611902,1458,10.5871
519,49,40,3.200627,3.378615,1488,10.7137
520,40,47,3.379330,3.291014,1468,10.7102
521,47,24,3.873818,4.138851,1481,10.6769
522,24,0,4.273003,4.233269,1470,10.5942
523,0,26,3.937317,4.087071,1445,10.7119
524,26,50,3.969549,4.026152,1478,10.7987
525,50,57,4.414302,4.191982,1466,10.7176
526,57,9,3.845980,4.170687,1014,9.0694
527,9,9,3.322181,2.899650,1156,9.5864
528,9,7,3.894861,4.023584,1119,9.0753
529,7,57,4.044102,4.125151,564,5.5548
530,57,34,3.904109,3.859423,1441,10.7544
531,34,27,4.134021,4.119087,1456,10.8738
532,27,30,4.138913,4.227899,1450,10.7656
533,30,62,4.006152,4.014510,1476,10.6957
534,62,30,3.906286,3.975915,1432,10.6467
535,30,0,4.192393,4.067162,1452,10.6268
536,0,44,4.062365,4.106938,1440,10.5632
537,44,62,4.353973,4.150161,863,7.8139
538,62,26,3.860019,3.925019,1443,10.7282
539,26,50,3.929960,3.988680,1319,10.0973
540,50,57,4.372081,4.167276,1454,10.6296
541,57,34,3.824275,3.831559,1430,10.6031
542,34,16,3.957683,4.033590,1389,10.5390
543,16,13,4.641560,4.308436,1455,10.6409
544,13,56,4.173134,4.199315,1313,10.0925
545,56,24,3.727108,3.870525,1452,10.6487
546,24,23,2.926036,3.441893,1464,10.6414
547,23,4,3.008428,3.245397,1459,10.6976
548,4,31,4.172631,4.241036,1448,10.7147
549,31,62,3.932064,4.071136,1483,10.6605
550,62,30,3.940182,3.938262,1465,10.6616
551,30,62,3.825576,3.913186,1465,10.7092
552,62,58,3.624485,3.756698,1452,10.6187
553,58,54,3.692251,3.940575,1472,10.5859
554,54,63,3.993833,4.087506,1451,10.7359
555,63,32,4.098224,4.042474,1447,10.6824
556,32,54,4.596091,4.343740,1400,10.5996
557,54,63,3.908249,4.032365,1442,10.6645
558,63,54,3.658980,3.932073,1454,10.6491
559,54,35,3.460729,3.674617,1432,10.5804
560,35,46,4.207771,4.231652,1458,10.7328
561,46,26,4.130561,4.031378,1481,10.7465
562,26,50,3.812437,3.954302,835,8.2173
563,50,23,3.303311,3.946513,1424,10.6124
564,23,41,3.933626,4.041597,1461,10.6170
565,41,13,3.620786,3.845709,1453,10.5963
566,13,12,3.275950,2.906009,1416,10.5748
567,12,13,2.967134,2.787014,1421,10.5764
568,13,12,2.962814,2.803170,1436,10.6766
569,12,13,2.734505,2.668407,1399,10.4408
570,13,23,2.420256,2.885042,1407,10.5606
571,23,40,2.968756,3.037030,1460,10.6875
572,40,47,3.371648,3.237779,1442,10.5487
573,47,24,3.801556,4.059454,1454,10.6780
574,24,48,3.951436,3.999311,1330,10.0618
575,48,22,3.867274,3.919499,1451,10.6423
576,22,33,4.218975,4.000060,1340,10.3436
577,33,42,4.328096,4.176355,1444,10.6306
578,42,43,4.107410,4.087801,1452,10.7326
579,43,37,4.194621,4.152096,1390,10.5523
580,37,31,3.917153,4.047620,1482,10.7417
581,31,62,3.861120,4.030781,1487,10.6154
582,62,58,3.590484,3.696838,1469,10.7882
583,58,4,4.065038,4.077417,1448,10.6236
584,4,49,3.593793,3.598910,1457,10.6904
585,49,40,3.179603,3.301206,1464,10.6997
586,40,62,4.064937,4.337675,1448,10.6801
587,62,26,3.998477,3.925263,1429,10.5806
588,26,51,3.500973,3.649967,1449,10.7683
589,51,1,3.423454,3.793371,1450,10.6115
590,1,53,3.661299,3.780427,1451,10.6690
591,53,5,4.172441,4.114051,1473,10.6510
592,5,59,4.083699,4.142759,1465,10.6409
593,59,54,4.226570,4.380122,868,7.8713
594,54,35,3.384545,3.619394,1290,10.2592
595,35,53,4.533609,4.220952,1399,10.6410
596,53,62,3.972513,4.006106,1460,10.6677
597,62,30,3.787558,3.860417,1485,10.7335
598,30,0,4.158331,4.031365,1479,10.6740
599,0,44,3.977505,4.105621,1447,10.6953
600,44,62,4.422577,4.152622,1356,10.2981
601,62,30,3.691886,3.827418,1452,10.6831
602,30,0,4.076643,3.990262,1479,10.6920
603,0,48,4.022606,4.125342,1462,10.6819
604,48,24,3.871934,3.942938,1470,10.6869
605,24,48,3.944664,3.925810,1451,10.6112
606,48,22,3.749976,3.891878,1454,10.7429
607,22,33,4.273389,3.953156,1484,10.6910
608,33,42,4.278485,4.132428,1446,10.6885
609,42,48,3.849736,4.120324,1469,10.7043
610,48,24,3.836070,3.874705,1455,10.5763
611,24,23,2.774857,3.306419,1465,10.5878
612,23,4,2.985180,3.208513,1440,10.7067
613,4,49,3.571835,3.531172,1478,10.6532
614,49,55,4.213125,4.211886,1460,10.6957
615,55,20,4.338937,4.186082,1470,10.6522
616,20,24,4.646600,4.343177,609,7.1222
617,24,48,3.727615,3.867399,1467,10.5651
618,48,22,3.682464,3.829384,1486,10.5633
619,22,1,3.459999,3.623892,1467,10.6578
620,1,14,4.037769,4.142901,1454,10.6696
621,14,45,3.910407,3.873753,1342,10.3967
622,45,26,3.783793,3.928647,1404,10.4488
623,26,51,3.638019,3.615870,1468,10.6405
624,51,55,4.227015,4.307187,1464,10.5647
625,55,41,4.058734,4.177440,1444,10.5675
626,41,50,4.044499,4.041691,1430,10.6167
627,50,57,4.381915,4.148995,1454,10.6466
628,57,9,3.707818,4.147893,979,8.9324
629,9,7,3.815964,3.951403,348,6.0788
630,7,62,4.459155,4.317718,938,8.6398
631,62,58,3.716478,3.693721,1448,10.6112
632,58,54,3.628611,3.932229,1441,10.5644
633,54,63,3.766601,3.936750,1389,10.4331
634,63,47,3.988642,3.925277,1376,10.3869
635,47,24,3.688588,4.003099,1346,9.9474
636,24,23,2.798067,3.266951,1431,10.4781
637,23,40,2.842042,2.939865,1456,10.5676
638,40,62,4.165532,4.378968,1471,10.5480
639,62,30,3.720820,3.780338,1457,10.6641
640,30,62,3.732808,3.747739,1463,10.6362
641,62,58,3.537878,3.618534,1481,10.5977
642,58,4,3.678499,4.014849,1461,10.6403
643,4,31,4.124368,4.172923,1460,10.5995
644,31,62,3.689488,3.986724,1425,10.6505
645,62,30,3.625039,3.685635,1439,10.5842
646,30,37,4.050973,4.219553,1462,10.5789
647,37,31,3.819756,4.013762,1449,10.5900
648,31,62,3.561504,3.946423,1461,10.5952
649,62,58,3.408224,3.518995,1464,10.5741
650,58,54,3.673676,3.891273,1491,10.6217
651,54,37,3.719626,3.821093,1467,10.5871
652,37,10,4.111205,4.027159,1449,10.5536
653,10,12,4.776780,4.357874,1432,10.6126
654,12,13,3.025862,2.704785,1450,10.7603
655,13,12,3.136206,2.763371,1438,10.6009
656,12,13,2.687145,2.592985,1443,10.6167
657,13,12,2.738575,2.651771,1439,10.5981
658,12,13,2.500748,2.461176,1447,10.6606
659,13,23,2.464263,2.821231,1458,10.7525
660,23,4,2.972893,3.131422,1466,10.5873
661,4,49,3.636979,3.501014,1467,10.5950
662,49,40,3.077145,3.190622,1439,10.5750
663,40,47,3.460228,3.248587,1441,10.5388
664,47,23,2.734781,3.167287,1449,10.7700
665,23,4,2.784934,3.026274,1461,10.7961
666,4,36,4.304934,4.112659,1461,10.5273
667,36,4,3.511159,3.794139,1469,10.6972
668,4,31,4.077225,4.156668,1359,10.2904
669,31,62,3.649089,3.909579,1453,10.6250
670,62,26,3.954129,3.887082,1468,10.6827
671,26,50,3.919142,3.948687,1461,10.8210
672,50,23,3.395830,3.958678,1437,10.6692
673,23,4,2.531998,2.876482,1443,10.6953
674,4,49,3.380105,3.408665,1449,10.5708
675,49,40,3.007511,3.128415,1460,10.6453
676,40,48,3.783858,3.817178,1458,10.6420
677,48,22,3.717597,3.806615,1458,10.5838
678,22,33,4.144405,3.924531,1457,10.6366
679,33,17,4.330737,4.237246,1465,10.7111
680,17,37,3.975219,3.959105,682,6.2260
681,37,31,3.815025,3.975805,1352,10.4541
682,31,41,3.955255,3.990216,1464,10.6789
683,41,50,4.055046,4.043175,1468,10.6840
684,50,23,3.320385,3.879143,1467,10.6342
685,23,40,2.589527,2.821867,1442,10.6678
686,40,47,3.319245,3.200400,1453,10.6134
687,47,23,2.616278,3.114528,1439,10.5080
688,23,40,2.397974,2.702377,1456,10.6604
689,40,62,4.160709,4.296329,1433,10.5532
690,62,58,3.369342,3.453808,1457,10.5687
691,58,56,4.162298,4.089360,1413,10.5607
692,56,17,4.149671,4.167956,1437,10.6206
693,17,1,4.201908,4.107045,1452,10.8173
694,1,14,3.961815,4.078064,764,7.0638
695,14,45,3.827056,3.814008,884,8.0102
696,45,49,4.413469,4.172123,1168,9.7055
697,49,22,3.853468,3.915248,1459,10.6190
698,22,26,4.083747,4.247388,1461,10.6096
699,26,51,3.461788,3.569816,1480,10.6695
700,51,1,3.410580,3.705143,1475,10.5987
701,1,14,3.865289,4.010346,1456,10.7348
702,14,45,3.783487,3.758757,1482,10.5733
703,45,26,3.627893,3.890186,1423,10.5759
704,26,51,3.208102,3.509065,1449,10.6042
705,51,1,3.292727,3.624615,1470,10.6751
706,1,53,3.654895,3.746971,1463,10.6265
707,53,63,4.510409,4.348517,1437,10.6139
708,63,54,3.569591,3.847938,1294,10.3622
709,54,63,3.837955,3.871050,1467,10.6448
710,63,54,3.466954,3.755166,1436,10.5233
711,54,35,3.345233,3.508053,1234,9.8808
712,35,10,3.827188,3.842096,1475,10.5519
713,10,25,3.759748,3.868406,1464,10.8075
714,25,8,3.877297,3.995695,1116,9.6225
715,8,59,4.086910,4.245558,1461,10.7362
716,59,54,4.341215,4.353708,1464,10.6136
717,54,35,3.223751,3.456301,1468,10.7098
718,35,53,4.482908,4.238776,1449,10.8232
719,53,62,3.974620,4.026559,1434,10.5547
720,62,58,3.470015,3.408494,1456,10.6250
721,58,54,3.598959,3.853433,1453,10.6475
722,54,63,3.656105,3.783497,1460,10.7208
723,63,32,4.155981,4.024652,1470,10.6413
724,32,44,3.880231,4.161593,1360,10.3977
725,44,47,4.775213,4.427310,1432,10.5561
726,47,23,2.510125,3.107923,904,8.2007
727,23,40,2.345452,2.596548,1075,8.8203
728,40,62,4.071253,4.235670,911,7.8821
729,62,58,3.200397,3.352508,1387,10.6085
730,58,54,3.604260,3.783754,1432,10.5884
731,54,35,3.181586,3.385488,1446,10.6044
732,35,10,3.742885,3.774344,1483,10.7558
733,10,1,4.455027,4.259318,1466,10.6092
734,1,14,3.856588,3.942145,1139,9.4120
735,14,45,3.749730,3.708925,1435,10.6841
736,45,49,4.506436,4.122228,1447,10.6010
737,49,22,3.663385,3.861537,1412,10.5037
738,22,1,3.461984,3.612868,1454,10.6114
739,1,14,3.618688,3.862264,1471,10.6133
740,14,45,3.727160,3.645605,1438,10.6250
741,45,26,3.643919,3.837104,1469,10.6189
742,26,51,3.329763,3.452973,1440,10.5993
743,51,1,3.168461,3.540944,1452,10.5375
744,1,53,3.662757,3.705639,1514,10.6187
745,53,62,3.960552,4.009961,1434,10.6149
746,62,26,3.876099,3.802310,1443,10.7281
747,26,51,3.197044,3.418667,1451,10.6114
748,51,1,2.978942,3.456052,1482,10.6140
749,1,53,3.507435,3.618634,1456,10.5307
750,53,62,3.891549,3.969610,1437,10.5356
751,62,26,3.714455,3.712910,1447,10.6354
752,26,51,3.085783,3.378966,1450,10.5655
753,51,1,2.930770,3.366755,1465,10.5734
754,1,14,3.620717,3.776009,1486,10.6054
755,14,45,3.651647,3.598207,1442,10.5690
756,45,26,3.434997,3.799338,1450,10.5235
757,26,51,3.087447,3.301601,1458,10.7068
758,51,1,2.827758,3.279854,1423,10.4345
759,1,14,3.460270,3.688218,1491,10.6462
760,14,45,3.526150,3.534138,1481,10.6249
761,45,0,4.188519,4.166751,1442,10.5167
762,0,48,4.016059,4.110089,1448,10.5975
763,48,22,3.623555,3.716780,1351,10.2847
764,22,26,3.813646,4.235806,1481,10.6009
765,26,50,3.955091,3.921020,1487,10.5852
766,50,57,4.372879,4.131577,1446,10.6067
767,57,12,4.488163,4.074365,978,9.3462
768,12,13,2.756432,2.530185,1433,10.6219
769,13,56,4.193026,4.268708,1445,10.6226
770,56,24,3.700333,3.824998,1442,10.6546
771,24,23,2.719029,3.280809,1224,9.7217
772,23,4,2.693977,2.900405,1459,10.6579
773,4,49,3.515700,3.455240,1467,10.6530
774,49,40,2.842386,3.013290,1449,10.5893
775,40,62,4.139806,4.176800,1432,10.6878
776,62,26,3.467723,3.664772,1463,10.7608
777,26,51,2.986395,3.229123,1461,10.6589
778,51,1,2.828581,3.199788,1471,10.5853
779,1,52,4.081038,3.998220,1414,10.5132
780,52,54,3.514773,4.001664,1279,10.1252
781,54,35,3.022537,3.293983,1336,10.4299
782,35,46,4.150566,4.198269,1007,8.1609
783,46,0,4.237883,4.231646,1291,9.8927
784,0,48,3.933727,4.114268,1436,10.6768
785,48,22,3.588933,3.679585,1461,10.5686
786,22,1,3.481494,3.538952,1454,10.5828
787,1,14,3.322351,3.604116,1470,10.6729
788,14,57,4.246159,4.323132,1461,10.7352
789,57,9,3.736532,4.130699,1369,10.4400
790,9,9,3.307576,2.728379,1409,10.5724
791,9,9,3.006578,2.646401,1254,9.9040
792,9,7,3.718258,3.849467,1441,10.6245
793,7,62,4.693568,4.465681,1446,10.6515
794,62,58,3.437954,3.326953,1468,10.8017
795,58,56,4.106952,4.053255,1468,10.8084
796,56,24,3.658779,3.789909,1425,10.5660
797,24,23,2.680085,3.229314,1460,10.7156
798,23,4,2.644623,2.808117,766,6.7998
799,4,49,3.396360,3.381035,1469,10.6539
800,49,40,2.740974,2.925283,1442,10.6402
801,40,47,3.300150,3.215480,1456,10.6553
802,47,33,3.941611,3.849394,1388,10.3982
803,33,17,4.262380,4.194619,1433,10.4857
804,17,61,4.241239,4.177466,1461,10.6668
805,61,43,4.024877,4.045709,1414,10.5299
806,43,20,3.902208,3.948105,1439,10.5116
807,20,24,4.729539,4.343663,1507,10.6468
808,24,23,2.643695,3.285743,1477,10.6436
809,23,40,2.205708,2.501756,1451,10.6235
810,40,62,4.090720,4.189166,1468,10.5657
811,62,30,3.845528,3.669537,1463,10.8023
812,30,0,4.099096,3.975175,1486,10.7434
813,0,26,3.609991,3.990023,1398,10.4815
814,26,51,2.983343,3.178121,1339,10.1713
815,51,1,2.691840,3.096042,1458,10.6969
816,1,53,3.561475,3.545279,1472,10.5929
817,53,62,4.029459,3.995502,1457,10.7831
818,62,30,3.676166,3.615887,1471,10.7102
819,30,0,3.972427,3.925935,1354,10.1780
820,0,44,4.103716,4.148174,1462,10.6313
821,44,62,4.354970,4.244805,1470,10.6803
822,62,58,3.281530,3.314247,1465,10.7072
823,58,56,4.031650,3.998566,1448,10.6371
824,56,17,4.113774,4.139743,1487,10.6702
825,17,61,4.246370,4.149213,1443,10.8290
826,61,30,4.255088,4.230988,885,8.8104
827,30,0,3.975239,3.885212,1475,10.6201
828,0,44,4.188701,4.139749,1476,10.7166
829,44,47,4.902522,4.398974,1431,10.7856
830,47,23,2.462548,3.071601,1437,10.6844
831,23,4,2.562378,2.755059,1462,10.8194
832,4,36,4.364574,4.142668,1420,10.7506
833,36,29,4.294858,4.131502,1457,10.8054
834,29,38,4.003938,3.922538,1067,8.8190
835,38,30,4.438766,4.168406,1463,10.6739
836,30,37,4.092405,4.211455,1463,10.6970
837,37,10,3.932575,3.938683,1461,10.7079
838,10,25,3.708989,3.814972,1430,10.6333
839,25,8,3.822258,3.947317,1472,10.6143
840,8,46,3.897467,3.934825,1472,10.6920
841,46,52,3.807371,3.897566,1425,10.7383
842,52,54,3.776510,3.961335,1456,10.5987
843,54,37,3.600272,3.740568,1460,10.7811
844,37,10,3.835263,3.887295,1481,10.7646
845,10,1,4.789925,4.437512,1469,10.6110
846,1,14,3.335257,3.524190,850,7.4600
847,14,57,4.133598,4.276266,1332,10.1820
848,57,34,3.818199,3.805305,1408,10.5381
849,34,16,3.833837,3.950967,1452,10.6359
850,16,13,4.784782,4.341032,1458,10.6253
851,13,12,3.181531,2.693428,1203,9.5221
852,12,25,5.031536,4.630855,1393,10.5556
853,25,8,3.767968,3.934804,1429,10.6321
854,8,46,3.836052,3.892335,1400,10.4248
855,46,26,4.081576,4.055275,1430,10.6665
856,26,50,3.891964,3.881682,1462,10.7422
857,50,57,4.212804,4.072310,1351,10.5652
858,57,34,3.708777,3.790223,1459,10.6549
859,34,53,4.431384,4.178323,1464,10.6718
860,53,63,4.535065,4.379875,1463,10.6223
861,63,47,4.024157,4.000435,1456,10.7736
862,47,24,3.748202,4.016552,1472,10.7502
863,24,0,4.318912,4.282351,1317,10.3742
864,0,44,4.275168,4.114896,1482,10.6563
865,44,62,4.339714,4.134365,1400,10.5670
866,62,30,3.651314,3.631001,1439,10.6921
867,30,0,3.844494,3.819480,1444,10.6893
868,0,26,3.584464,3.952673,1469,10.6780
869,26,50,3.887304,3.815831,1458,10.6178
870,50,57,4.225134,4.020480,1441,10.6141
871,57,34,3.614179,3.774576,1447,10.6361
872,34,16,3.758799,3.885306,1347,10.3936
873,16,13,4.779503,4.324654,1444,10.6976
874,13,12,2.820638,2.626033,630,6.7004
875,12,13,2.707962,2.490292,1451,10.5489
876,13,23,2.401375,2.900205,1388,10.5596
877,23,4,2.505577,2.680966,1429,10.6919
878,4,49,3.391311,3.346691,1427,10.5713
879,49,40,2.741964,2.867024,1465,10.6316
880,40,62,4.043830,4.154421,1446,10.6404
881,62,58,3.367508,3.294232,1454,10.6956
882,58,54,3.601388,3.774046,1456,10.7651
883,54,35,3.100423,3.249661,1456,10.7244
884,35,53,4.627479,4.344930,1442,10.6077
885,53,63,4.460347,4.293032,1347,10.3607
886,63,54,3.281768,3.680401,1473,10.7952
887,54,63,3.661871,3.747627,1456,10.6650
888,63,54,3.270868,3.570111,1459,10.6039
889,54,35,2.899257,3.129345,1486,10.6056
890,35,10,3.587317,3.608249,1438,10.5440
891,10,25,3.746710,3.800134,1446,10.6418
892,25,8,3.759757,3.892328,1447,10.5972
893,8,59,4.028307,4.201937,1445,10.6374
894,59,8,4.009813,4.143153,1482,10.6425
895,8,46,3.774093,3.845842,1409,10.4985
896,46,52,3.783234,3.846479,1445,10.5771
897,52,54,3.760892,3.923658,1475,10.6217
898,54,35,2.756660,3.065941,1476,10.5789
899,35,53,4.438128,4.335447,1469,10.6274
900,53,63,4.524733,4.229423,1368,10.3490
901,63,32,4.112777,3.984334,1484,10.6103
902,32,54,4.229799,4.200564,1453,10.7023
903,54,35,2.693377,3.003445,1483,10.5919
904,35,46,3.933777,4.084883,1464,10.7427
905,46,0,4.267246,4.249366,1453,10.5555
906,0,44,4.220654,4.109402,1433,10.7262
907,44,47,4.576453,4.346085,1055,8.8491
908,47,24,3.659849,3.967400,1437,10.8405
909,24,48,3.773536,3.822854,1469,10.7685
910,48,24,3.737391,3.767361,1447,10.7118
911,24,48,3.719796,3.744720,1446,10.6529
912,48,22,3.561831,3.657920,1433,10.6545
913,22,1,3.829316,3.538741,1402,10.7951
914,1,14,3.241707,3.432611,1416,10.5440
915,14,57,4.028068,4.168598,1450,10.6808
916,57,34,3.607807,3.749481,1452,10.6261
917,34,16,3.781252,3.828052,1394,10.4863
918,16,41,4.414376,4.235369,1460,10.6948
919,41,50,4.063183,4.061981,1204,9.9858
920,50,23,3.720177,3.923583,883,7.6398
921,23,40,2.313561,2.503618,496,4.6529
922,40,47,3.387577,3.265868,1406,10.8708
923,47,24,3.536289,3.862506,1456,10.9270
924,24,0,4.330804,4.297141,1217,9.6673
925,0,44,4.148745,4.084810,1375,10.3166
926,44,62,4.032074,4.032373,1471,10.8071
927,62,30,3.711689,3.603117,1413,10.6354
928,30,0,3.773065,3.761771,1459,10.7261
929,0,44,4.203618,4.070571,1484,10.7118
930,44,28,4.082047,4.057697,1456,10.6958
931,28,53,3.956628,4.063789,1156,9.2439
932,53,63,4.404522,4.186993,1461,10.6134
933,63,54,3.139915,3.586267,1318,10.3061
934,54,37,3.667567,3.697980,1016,8.2132
935,37,10,3.750582,3.810322,1467,10.6793
936,10,12,4.676145,4.406756,1452,10.6411
937,12,25,5.060373,4.557027,1446,10.7360
938,25,8,3.690975,3.897903,1473,10.6665
939,8,46,3.681578,3.772534,1478,10.6927
940,46,0,4.241032,4.235998,1458,10.7011
941,0,26,3.648284,3.919148,1457,10.6091
942,26,51,3.103462,3.165652,1445,10.6237
943,51,1,2.740057,3.087920,1137,9.4160
944,1,14,3.134662,3.344267,1457,10.6567
945,14,45,3.549982,3.431724,1459,10.6920
946,45,49,4.514354,4.120752,1467,10.6785
947,49,55,4.280764,4.257208,1441,10.5244
948,55,41,4.176042,4.164400,1471,10.6835
949,41,5,4.212867,4.161494,1053,9.7461
950,5,59,3.953095,4.096491,1458,10.6397
951,59,54,3.997324,4.350699,1408,10.5171
952,54,63,3.630174,3.675211,1408,10.5770
953,63,47,4.236824,4.088551,1456,10.5254
954,47,23,2.488316,3.097568,1441,10.7217
955,23,41,4.069913,4.168977,1459,10.8147
956,41,13,3.574795,3.812316,1497,10.5971
957,13,23,2.203550,2.866521,1448,10.8068
958,23,4,2.495276,2.698878,1457,10.5770
959,4,49,3.348172,3.351533,1460,10.7019
960,49,22,3.523244,3.754282,1449,10.5979
961,22,26,4.014273,4.237508,1458,10.7363
962,26,51,3.076338,3.105432,1440,10.6657
963,51,1,2.554099,2.993152,1450,10.7068
964,1,14,2.999836,3.249450,1461,10.6678
965,14,45,3.478558,3.352420,1444,10.6544
966,45,49,4.438020,4.094113,1474,10.7879
967,49,40,2.651208,2.878672,1433,10.7233
968,40,62,3.979311,4.065792,1459,10.7416
969,62,58,3.562102,3.283676,1475,10.6891
970,58,54,3.633507,3.788131,1475,10.6713
971,54,35,2.703809,2.914914,1109,9.6212
972,35,10,3.417660,3.473494,1483,10.6189
973,10,25,3.746345,3.780110,1455,10.6130
974,25,8,3.680190,3.845568,1479,10.7223
975,8,46,3.624771,3.722677,1419,10.6611
976,46,52,3.712498,3.786797,1437,10.5699
977,52,54,3.462878,3.849185,1466,10.7785
978,54,37,3.542665,3.643272,1460,10.6790
979,37,31,3.901848,3.935021,1448,10.6586
980,31,41,3.907853,3.971291,1454,10.7009
981,41,13,3.480313,3.778082,1463,10.7184
982,13,23,2.199644,2.804928,1458,10.6609
983,23,41,3.902372,4.039438,1450,10.5779
984,41,5,4.273167,4.178016,1448,10.6523
985,5,59,3.918131,4.074157,800,6.8726
986,59,8,3.752693,4.122791,1401,10.4862
987,8,46,3.488855,3.672141,1462,10.6268
988,46,52,3.656296,3.723617,1478,10.6912
989,52,21,3.916590,3.884930,1449,10.9166
990,21,35,3.334872,3.865863,1445,10.6955
991,35,10,3.340515,3.394850,1455,10.6088
992,10,12,4.645171,4.392863,1448,10.5694
993,12,13,2.589354,2.501794,394,5.4083
994,13,12,3.046351,2.594061,1446,10.7722
995,12,13,2.468903,2.364656,614,5.3775
996,13,23,2.239767,2.711061,1452,10.5957
997,23,40,2.357182,2.495680,1388,10.5319
998,40,62,3.883488,3.963015,1323,10.1664
999,62,58,3.354955,3.226151,1448,10.7096
1000,58,54,3.331741,3.753963,1451,10.6626
1001,54,63,3.595514,3.633539,1486,10.6840
1002,63,32,4.103905,3.954475,1488,10.6254
1003,32,54,4.075551,4.126451,1167,9.3856
1004,54,35,2.649506,2.841134,1456,10.7958
1005,35,10,3.215143,3.302366,1461,10.6037
1006,10,12,4.712218,4.397651,1459,10.5687
1007,12,13,2.606960,2.347410,1011,9.2809
1008,13,56,4.210839,4.277660,1447,10.7311
1009,56,24,3.602522,3.698321,1484,10.9456
1010,24,23,2.486638,2.979882,1448,10.7315
1011,23,4,2.525186,2.720665,1476,10.7029
1012,4,36,4.332254,4.120370,1462,10.6410
1013,36,4,3.032574,3.596655,1402,10.4398
1014,4,49,3.381699,3.368414,1463,10.6552
1015,49,40,2.673648,2.802346,1459,10.6652
1016,40,47,3.475834,3.296385,1414,10.5375
1017,47,24,3.493145,3.809766,1449,10.6634
1018,24,23,2.453041,2.919663,1465,10.6589
1019,23,4,2.293161,2.578571,1451,10.6443
1020,4,36,4.205484,4.057507,1471,10.5822
1021,36,29,4.311355,4.122671,1466,10.7161
1022,29,60,3.919151,4.140862,1404,10.5581
1023,60,45,4.025676,4.093616,972,8.6746
1024,45,26,3.402659,3.714257,796,6.9526
1025,26,51,3.143766,3.025087,1406,10.5528
1026,51,1,2.596711,2.913440,1468,10.7993
1027,1,14,2.863063,3.146304,1451,10.8265
1028,14,1,2.594196,2.904799,1475,10.7029
1029,1,53,3.648930,3.654218,1443,10.6189
1030,53,5,4.278854,4.146243,1454,10.6944
1031,5,28,3.929564,3.890211,1464,10.6954
1032,28,53,3.820631,4.019155,1448,10.6227
1033,53,62,4.109885,4.109593,1438,10.5373
1034,62,58,3.273494,3.185517,1477,11.2123
1035,58,54,3.705416,3.732172,1449,10.6424
1036,54,63,3.447754,3.554866,1200,9.6932
1037,63,54,3.032541,3.321275,867,7.4618
1038,54,63,3.365872,3.437620,1473,10.7531
1039,63,54,2.900147,3.191792,1456,10.8091
1040,54,63,3.188293,3.317734,1507,10.7240
1041,63,54,2.778497,3.062470,1432,10.6970
1042,54,63,3.059576,3.189159,1486,10.7354
1043,63,47,4.356765,4.128550,1476,10.5762
1044,47,33,4.023970,3.846375,1493,10.8621
1045,33,13,3.428703,3.861777,1465,10.7560
1046,13,12,3.226465,2.554274,1395,10.6683
1047,12,13,2.472399,2.251937,1197,9.8938
1048,13,23,2.218934,2.635567,1489,10.6122
1049,23,40,2.368023,2.518386,1407,10.8785
1050,40,48,3.844263,3.875792,1473,10.8514
1051,48,22,3.510635,3.634326,1447,10.7163
1052,22,1,3.467528,3.455110,1467,10.6403
1053,1,53,3.427386,3.539763,1337,10.1860
1054,53,63,4.184840,4.297448,1318,10.0046
1055,63,47,4.171330,4.096007,1351,10.4006
1056,47,24,3.495653,3.786656,1471,10.6734
1057,24,0,4.433545,4.322698,1291,9.9488
1058,0,26,3.731177,3.920377,1473,10.7755
1059,26,51,2.798430,2.995445,1466,10.6152
1060,51,1,2.332588,2.782096,1463,10.6812
1061,1,14,2.855790,3.047510,1468,10.6737
1062,14,45,3.380282,3.275233,1457,10.5514
1063,45,26,3.462874,3.682640,1451,10.5436
1064,26,51,2.913784,2.916064,1458,10.6587
1065,51,1,2.294712,2.695635,1467,10.6622
1066,1,14,2.614092,2.945270,1447,10.6866
1067,14,45,3.261291,3.186578,1463,10.5586
1068,45,49,4.305363,4.104205,1441,10.6743
1069,49,40,2.557183,2.825147,1458,10.6649
1070,40,62,3.771862,3.959104,1484,10.8322
1071,62,58,3.305860,3.128722,1467,10.6460
1072,58,4,3.538757,3.731166,1447,10.7311
1073,4,36,4.140917,3.937892,1466,10.8515
1074,36,4,2.986590,3.392653,1474,10.6432
1075,4,36,3.835243,3.813804,1474,10.7424
1076,36,29,4.227691,4.122483,1470,10.8556
1077,29,38,3.939384,3.894451,997,8.8810
1078,38,30,4.520777,4.158732,1429,10.8215
1079,30,62,3.295648,3.546779,1286,9.9164
1080,62,26,3.710793,3.526317,1474,10.7069
1081,26,50,3.864932,3.804783,1464,10.6175
1082,50,23,3.725476,3.968202,1438,10.6664
1083,23,4,2.191899,2.524441,1451,10.5883
1084,4,36,3.760549,3.718587,1453,10.6665
1085,36,4,2.830927,3.113468,1437,10.5756
1086,4,49,3.455771,3.419135,1465,10.5732
1087,49,22,3.474842,3.727951,1432,10.6908
1088,22,1,3.427030,3.399184,1485,10.6000
1089,1,53,3.388557,3.501834,1452,10.6854
1090,53,5,4.218186,4.105395,1397,10.4899
1091,5,59,3.852793,4.006227,1464,10.6680
1092,59,54,3.849725,4.448315,1432,10.4600
1093,54,35,2.530229,2.722631,905,8.2691
1094,35,10,3.188741,3.242770,1264,9.9044
1095,10,25,3.724878,3.726824,1449,10.7329
1096,25,41,4.512521,4.341679,912,8.0869
1097,41,5,4.366908,4.181984,1444,10.6037
1098,5,28,3.776006,3.852718,1263,9.5836
1099,28,54,4.354246,4.364892,1457,10.7320
1100,54,37,3.494307,3.631341,1428,10.5818
1101,37,31,3.838219,3.901676,1445,10.6493
1102,31,41,3.966611,3.924060,1459,10.5980
1103,41,13,3.377328,3.696972,1464,10.6062
1104,13,23,2.106774,2.648756,1465,10.7092
1105,23,4,2.140824,2.400626,1443,10.5824
1106,4,49,3.391501,3.317523,1452,10.8122
1107,49,22,3.304246,3.661705,1448,10.6964
1108,22,26,4.089725,4.187556,1468,10.6153
1109,26,17,4.610350,4.552130,1491,10.7064
1110,17,1,4.618421,4.109052,1447,10.6275
1111,1,14,2.528391,2.887855,1473,10.6237
1112,14,45,3.197937,3.102975,1485,10.6180
1113,45,0,4.345521,4.312974,1470,10.5646
1114,0,44,4.415478,4.036979,1459,10.7198
1115,44,28,3.922619,3.985703,1452,10.6645
1116,28,53,3.658863,3.922238,1445,10.6495
1117,53,63,4.584047,4.285887,1466,10.5860
1118,63,54,2.660903,2.982103,1440,10.6867
1119,54,35,2.462426,2.649610,1347,10.5108
1120,35,53,4.891826,4.627884,1317,10.1777
1121,53,63,4.298009,4.150738,1474,10.6551
1122,63,54,2.608999,2.962621,1456,10.6860
1123,54,63,3.088446,3.124502,1181,9.2283
1124,63,54,2.556348,2.824816,1473,10.7789
1125,54,35,2.339797,2.534797,1471,10.7190
1126,35,53,4.824634,4.568270,1485,10.7107
1127,53,62,4.320436,4.171318,1468,10.6691
1128,62,58,3.320641,3.066980,1454,10.7240
1129,58,54,3.884309,3.811088,1461,10.6804
1130,54,35,2.171703,2.450728,1453,10.7645
1131,35,46,3.902700,4.041583,1449,10.6718
1132,46,26,4.443107,4.200346,1460,10.6226
1133,26,17,4.534981,4.471773,1427,10.6905
1134,17,1,4.401902,3.983863,1418,10.5580
1135,1,14,2.539885,2.822561,1427,10.6605
1136,14,45,3.033443,3.013143,1461,10.6489
1137,45,26,3.408269,3.591599,1460,10.6296
1138,26,51,2.904394,2.890984,1439,10.6799
1139,51,1,2.403343,2.784535,1473,10.6686
1140,1,14,2.387538,2.726161,1452,10.6336
1141,14,45,2.907076,2.927276,1426,10.4373
1142,45,0,4.327043,4.305379,1436,10.6168
1143,0,26,3.612456,3.807028,1462,10.7422
1144,26,51,2.788937,2.846684,1467,10.6225
1145,51,8,4.598654,4.490569,1464,10.7868
1146,8,46,3.541526,3.643983,1417,10.6855
1147,46,52,3.706757,3.690582,1462,10.7118
1148,52,54,3.273413,3.662827,1448,10.7489
1149,54,35,2.122006,2.377200,1421,10.5856
1150,35,10,3.152307,3.209781,1431,10.6575
1151,10,25,3.754388,3.689152,1493,10.6708
1152,25,60,3.978796,3.983646,1368,10.4639
1153,60,21,3.937057,3.966079,1478,10.7013
1154,21,35,3.146994,3.786324,1462,10.5713
1155,35,53,4.908617,4.563782,1447,10.5877
1156,53,63,3.915233,3.955321,1465,10.6285
1157,63,47,4.324001,4.162564,1465,10.6377
1158,47,23,2.534308,3.231949,1283,10.1052
1159,23,4,2.098558,2.311856,1329,10.5306
1160,4,36,3.806556,3.668349,1433,10.5958
1161,36,29,4.292686,4.116419,1036,8.9060
1162,29,38,3.868684,3.865901,1422,10.6473
1163,38,42,4.152999,4.118807,1468,10.6259
1164,42,43,4.181300,4.040232,1470,10.6990
1165,43,37,4.161499,4.124500,1463,10.5875
1166,37,31,3.797554,3.887632,655,5.4784
1167,31,62,3.772089,3.985227,1406,10.4625
1168,62,58,3.198393,2.993177,1323,10.2218
1169,58,4,3.254374,3.508723,1458,10.7937
1170,4,49,3.082392,3.231929,1458,10.6957
1171,49,55,4.320591,4.328328,1425,10.5387
1172,55,13,3.868521,3.940653,1493,10.6580
1173,13,12,3.351974,2.522942,1450,10.6206
1174,12,13,2.545043,2.213964,1447,10.5912
1175,13,12,2.924602,2.416269,1399,10.3689
1176,12,13,2.246263,2.081479,1306,9.7663
1177,13,23,2.204442,2.629587,1426,10.6549
1178,23,4,2.092975,2.291996,1453,10.5613
1179,4,49,3.114093,3.140668,1456,10.5601
1180,49,55,4.221319,4.274767,1492,10.6922
1181,55,20,4.351971,4.201368,1480,10.7912
1182,20,32,4.028056,4.169412,1422,10.5329
1183,32,54,3.573858,4.036183,1409,10.5228
1184,54,35,2.040527,2.310345,1367,10.4283
1185,35,10,3.024754,3.115454,1329,10.5228
1186,10,25,3.702359,3.628365,1358,10.4414
1187,25,60,3.921951,3.952864,1460,10.6901
1188,60,21,3.864063,3.930466,1171,9.6674
1189,21,4,5.578441,4.704274,1435,10.5632
1190,4,36,3.706497,3.547635,1461,10.5649
1191,36,29,4.317294,4.090268,1441,10.5991
1192,29,60,3.810377,4.180783,1436,10.5881
1193,60,21,3.787236,3.886464,1453,10.7101
1194,21,59,3.955872,4.047349,1457,10.6567
1195,59,8,3.918324,4.087963,1475,10.6988
1196,8,59,3.904313,4.094331,1267,9.8993
1197,59,54,4.609342,4.321135,1437,10.6708
1198,54,63,3.096859,3.095367,870,7.8580
1199,63,54,2.728358,2.800185,1296,10.4727
1200,54,35,2.065335,2.286473,1470,10.7066
1201,35,10,2.930862,3.017192,1467,11.2180
1202,10,1,5.634990,5.262449,1489,10.7193
1203,1,14,2.429961,2.697305,1464,10.6320
1204,14,45,2.834391,2.830550,1206,9.6153
1205,45,26,3.298331,3.513247,1467,10.7024
1206,26,51,2.993010,2.755272,1478,10.6953
1207,51,1,2.473276,2.770933,1463,10.6302
1208,1,14,2.323199,2.610044,1445,10.5460
1209,14,45,2.704323,2.739012,1442,10.5807
1210,45,26,3.254400,3.437846,1469,10.7826
1211,26,50,3.834376,3.777336,1444,10.6729
1212,50,23,3.719213,3.962231,1437,10.7184
1213,23,40,2.593049,2.708394,1456,10.6506
1214,40,47,3.711203,3.410804,1467,10.7546
1215,47,23,2.745673,3.171107,1458,10.6452
1216,23,40,2.335080,2.580149,1160,9.1564
1217,40,62,3.857004,3.937177,1454,10.6399
1218,62,30,3.933873,3.648241,1467,10.6217
1219,30,0,3.776733,3.778707,1455,10.7560
1220,0,26,3.451733,3.756746,1455,10.6897
1221,26,51,2.638401,2.677079,1478,10.6648
1222,51,1,2.348824,2.701687,1454,10.6010
1223,1,14,2.267908,2.541787,1445,10.7470
1224,14,45,2.580690,2.654388,1441,10.5430
1225,45,26,3.157178,3.364647,1482,10.6461
1226,26,51,2.540462,2.596161,1442,10.5182
1227,51,55,4.421590,4.533115,1460,10.6189
1228,55,20,4.382656,4.168994,1490,10.6334
1229,20,32,3.963286,4.158581,1468,10.7599
1230,32,32,3.609562,3.161506,984,9.2247
1231,32,32,3.445789,3.103740,1384,10.4914
1232,32,54,3.613848,3.905956,1440,10.6389
1233,54,63,2.979812,2.979649,1441,10.7244
1234,63,47,4.474761,4.179886,1443,10.7151
1235,47,23,2.523661,3.187169,526,6.2500
1236,23,4,2.116994,2.377992,1447,10.6031
1237,4,49,3.113563,3.081310,1435,10.5168
1238,49,55,4.141775,4.190633,1451,10.6435
1239,55,13,3.749961,3.828051,1491,10.5754
1240,13,23,1.962730,2.592268,1441,10.5263
1241,23,40,2.351593,2.533396,1449,10.7232
1242,40,62,3.700391,3.847921,1464,10.6223
1243,62,30,3.727357,3.606294,1461,10.6711
1244,30,62,3.388115,3.394059,1479,10.7021
1245,62,26,3.455747,3.493910,1447,10.6158
1246,26,50,3.793223,3.728231,1451,10.5826
1247,50,57,4.194646,4.008033,1488,10.6276
1248,57,34,3.691790,3.725024,1423,10.6343
1249,34,27,3.985196,4.036261,928,7.6930
1250,27,19,4.025876,4.027085,901,8.2728
1251,19,62,5.008350,4.395558,1443,10.5599
1252,62,58,3.023569,2.942084,1444,10.5892
1253,58,54,4.164481,3.956487,1448,10.6501
1254,54,63,2.865873,2.890043,1471,10.6912
1255,63,54,2.519053,2.625482,1471,10.7064
1256,54,35,2.029689,2.269091,1482,10.6910
1257,35,53,4.699210,4.531568,1475,10.6451
1258,53,63,3.489609,3.809860,1453,10.7637
1259,63,54,2.425704,2.572025,953,8.0714
1260,54,35,1.943139,2.179840,1440,10.6742
1261,35,46,3.837760,4.051479,1432,10.5553
1262,46,52,3.723564,3.679959,1451,10.6092
1263,52,21,3.847078,3.792875,1468,10.6291
1264,21,35,3.069018,3.673483,1468,10.6223
1265,35,10,2.886118,2.987877,1449,10.6782
1266,10,25,3.666905,3.599425,1473,10.6554
1267,25,60,3.913515,3.923536,1463,10.6210
1268,60,21,3.731648,3.830602,1458,10.6416
1269,21,59,3.931668,3.972633,1475,10.6128
1270,59,8,3.825318,4.014417,1439,10.6315
1271,8,33,4.592226,4.319984,1461,10.5350
1272,33,42,4.307265,4.120566,948,8.1001
1273,42,43,4.168917,4.016743,1340,10.5014
1274,43,44,4.116969,4.008298,1472,10.6726
1275,44,62,4.133204,4.054376,1472,10.8204
1276,62,58,2.847352,2.888255,1251,10.2197
1277,58,56,4.267604,4.112144,1458,10.8240
1278,56,24,3.523212,3.697163,1226,10.0231
1279,24,0,4.405926,4.358053,828,7.4285
1280,0,26,3.375963,3.751732,1447,10.6543
1281,26,50,3.667036,3.628284,1261,9.6839
1282,50,23,3.600303,4.029089,910,8.3765
1283,23,40,2.235325,2.432629,1387,10.5367
1284,40,48,3.895428,3.944790,1472,10.7065
1285,48,22,3.527687,3.593906,1464,10.5866
1286,22,26,3.712387,4.159024,1412,10.5821
1287,26,51,2.483354,2.536240,1458,10.6978
1288,51,1,2.412548,2.664580,1439,10.6041
1289,1,14,2.243170,2.521443,1449,10.6119
1290,14,45,2.558365,2.589265,1455,10.6332
1291,45,26,3.066825,3.305572,1445,10.5879
1292,26,17,4.587098,4.614973,1445,10.6298
1293,17,61,4.288799,4.129685,889,7.5709
1294,61,30,4.459236,4.264156,1152,9.5907
1295,30,37,3.959868,4.213068,1397,10.5466
1296,37,31,3.841499,3.845118,1463,10.6900
1297,31,41,3.921872,3.892669,1458,10.7402
1298,41,13,3.278283,3.699365,1372,10.4910
1299,13,12,3.026403,2.386484,1486,10.5797
1300,12,13,2.436980,2.049301,1456,10.6731
1301,13,23,2.098267,2.555306,1453,10.6920
1302,23,41,4.100893,4.157526,1454,10.6785
1303,41,13,3.101672,3.553767,1463,10.5930
1304,13,12,2.693312,2.301958,1455,10.5813
1305,12,13,2.112190,1.915997,1466,10.6070
1306,13,12,2.442585,2.177052,1412,10.5082
1307,12,13,1.893432,1.785308,1458,10.6185
1308,13,56,4.455786,4.543027,1482,10.6091
1309,56,24,3.595519,3.647909,1459,10.6656
1310,24,0,4.373205,4.306812,1460,10.6928
1311,0,48,4.088331,4.101071,1452,10.5935
1312,48,24,3.743377,3.650385,1531,10.6718
1313,24,23,2.493878,2.899549,1459,10.7267
1314,23,4,2.390868,2.555691,1473,10.6230
1315,4,31,4.429649,4.478602,1458,10.5273
1316,31,62,4.076602,3.930162,1471,10.7984
1317,62,26,3.343365,3.401352,1431,10.5611
1318,26,50,3.625511,3.547604,1471,10.7031
1319,50,23,4.026237,4.079724,1476,10.6736
1320,23,40,2.394008,2.497787,1460,10.6542
1321,40,47,3.849467,3.500119,1471,10.7011
1322,47,24,3.423307,3.738079,1468,10.7025
1323,24,48,3.707090,3.674094,1440,10.5845
1324,48,22,3.491831,3.571172,1467,10.6612
1325,22,33,4.300718,3.967549,1463,10.6322
1326,33,17,4.281788,4.188320,1449,10.6645
1327,17,61,4.322316,4.104483,1460,10.7555
1328,61,43,3.941072,4.028755,495,6.3663
1329,43,37,4.248359,4.122459,882,9.0354
1330,37,31,3.757054,3.821227,1184,9.3762
1331,31,41,3.767759,3.806082,1438,10.7531
1332,41,50,4.328632,4.229685,1450,10.6981
1333,50,23,4.421544,3.966018,1449,10.6452
1334,23,4,2.285554,2.519365,1435,10.6033
1335,4,49,3.166852,3.128998,1456,10.5534
1336,49,22,3.435732,3.640173,1485,10.6267
1337,22,33,4.187362,3.915151,1462,10.6583
1338,33,17,4.168708,4.153406,1462,10.5954
1339,17,37,4.397369,4.007519,1463,10.5762
1340,37,10,3.223018,3.481161,599,6.4706
1341,10,25,3.516895,3.520059,1424,10.6935
1342,25,8,3.721936,3.817545,1402,10.7318
1343,8,33,4.623158,4.352213,1318,10.4820
1344,33,42,4.231694,4.078906,1453,10.5777
1345,42,48,3.926466,4.106207,1440,10.6153
1346,48,22,3.322868,3.465767,1421,10.4999
1347,22,26,3.930866,4.103287,1468,10.5637
1348,26,50,3.465876,3.443210,1451,10.6269
1349,50,23,3.715577,3.960993,1430,10.5393
1350,23,4,2.195666,2.443395,1472,10.6182
1351,4,31,4.406839,4.421516,1464,10.6456
1352,31,62,3.841658,3.870154,1436,10.6098
1353,62,58,3.108300,2.855147,1460,10.6174
1354,58,54,3.967640,3.946929,1451,10.5180
1355,54,35,2.163439,2.202579,1453,10.6564
1356,35,10,2.644745,2.799799,1334,10.4074
1357,10,25,3.417811,3.436854,1338,10.3615
1358,25,8,3.660914,3.762012,1439,10.5540
1359,8,33,4.567362,4.327356,1040,8.6735
1360,33,13,3.228025,3.972447,1422,10.5661
1361,13,56,4.270932,4.311409,1441,10.5661
1362,56,17,4.128756,4.131148,1388,10.4390
1363,17,61,4.261172,4.088007,1456,10.7995
1364,61,30,4.415788,4.250649,1265,10.3304
1365,30,37,3.984544,4.178662,1453,10.7051
1366,37,31,3.879789,3.772508,1461,10.6544
1367,31,41,3.699147,3.735782,1456,10.6934
1368,41,5,4.448898,4.239163,1433,10.6074
1369,5,6,3.927408,4.087658,1160,9.7700
1370,6,5,3.908177,4.032700,1463,10.6077
1371,5,59,3.952612,3.983413,1454,10.6874
1372,59,8,3.644604,3.956932,1433,10.7124
1373,8,33,4.508061,4.288286,1202,9.2182
1374,33,13,3.284397,4.011561,1444,10.6939
1375,13,12,2.746659,2.156227,1426,10.5733
1376,12,13,2.131974,1.770721,1459,10.6386
1377,13,12,2.309662,2.042222,1392,10.4789
1378,12,13,1.756306,1.651662,1480,10.5857
1379,13,12,2.048250,1.924563,1430,10.5759
1380,12,13,1.629398,1.542113,1452,10.5842
1381,13,56,4.255627,4.426776,1464,10.5581
1382,56,24,3.524686,3.543697,1467,10.6670
1383,24,23,2.639459,3.024691,1462,10.7704
1384,23,4,2.385454,2.486215,1437,10.6121
1385,4,49,3.227068,3.093188,1447,10.6549
1386,49,22,3.271140,3.546913,1463,10.5799
1387,22,1,3.834862,3.476633,1459,10.6712
1388,1,14,2.222030,2.488594,1465,10.6339
1389,14,45,2.627789,2.501201,1468,10.6394
1390,45,49,5.011846,4.455789,1461,10.7100
1391,49,40,2.616901,2.745801,1487,10.6463
1392,40,47,3.698273,3.389961,1313,10.1294
1393,47,33,4.140648,3.964880,1437,10.6848
1394,33,13,3.035934,3.940968,1372,10.2673
1395,13,12,2.370341,1.877616,1357,10.0536
1396,12,13,1.778621,1.505694,1468,11.4694
1397,13,56,4.063054,4.291044,1447,10.6324
1398,56,24,3.475053,3.487827,1424,10.5550
1399,24,48,3.788147,3.673564,1471,10.6307
1400,48,24,3.607647,3.541223,1470,10.7114
1401,24,0,4.437993,4.328021,1441,10.5445
1402,0,26,3.505589,3.773959,1472,10.8603
1403,26,51,2.471576,2.518614,1460,10.7576
1404,51,1,2.391836,2.659532,1443,10.7783
1405,1,14,2.268116,2.411633,1457,10.6845
1406,14,57,4.273710,4.451428,1457,10.7553
1407,57,9,4.050724,4.133329,1082,8.7927
1408,9,9,3.148430,2.629219,817,7.7155
1409,9,9,2.894074,2.531764,820,7.5918
1410,9,52,3.849658,4.020366,790,7.5645
1411,52,21,3.739150,3.712507,1111,9.2857
1412,21,35,2.865662,3.580939,1436,10.4863
1413,35,10,2.552007,2.691745,1461,10.7028
1414,10,12,5.272727,4.897568,1444,10.6429
1415,12,13,1.636973,1.493025,1474,10.6583
1416,13,23,2.366176,2.966339,1443,10.6764
1417,23,4,2.411285,2.522505,1480,11.0903
1418,4,49,3.220859,3.101052,1484,10.6614
1419,49,22,3.258741,3.484297,1468,10.8475
1420,22,33,4.349728,4.044127,1451,10.6581
1421,33,42,4.288940,4.045355,1463,10.7598
1422,42,43,4.099379,3.999703,1464,10.8158
1423,43,44,4.049733,3.965429,795,6.3357
1424,44,62,4.360743,4.117161,1452,10.6221
1425,62,58,2.776065,2.847926,498,4.9199
1426,58,4,3.014011,3.503316,1483,10.7629
1427,4,49,2.991289,2.979887,1431,10.6782
1428,49,40,2.757978,2.668847,1468,10.5958
1429,40,47,3.567364,3.319345,1462,10.6760
1430,47,33,4.022576,3.899433,1447,10.6516
1431,33,17,4.120816,4.130579,1460,10.6044
1432,17,37,4.377558,3.978882,1455,10.5918
1433,37,10,3.019155,3.368889,1409,10.7361
1434,10,12,5.463303,4.787663,1089,9.7666
1435,12,13,1.913441,1.542473,1486,10.6319
1436,13,12,2.406623,2.009465,1450,10.5637
1437,12,13,1.636425,1.432881,1467,10.7431
1438,13,12,2.127591,1.897188,1436,10.5155
1439,12,13,1.474270,1.337057,1475,10.7252
1440,13,56,4.082403,4.342971,1457,10.5714
1441,56,17,4.160528,4.110192,1490,10.5874
1442,17,37,4.255065,3.951106,1469,10.5999
1443,37,31,3.590679,3.727426,1478,10.7850
1444,31,41,3.725281,3.715770,1468,10.7113
1445,41,50,4.388270,4.275416,1480,10.7492
1446,50,3,4.489868,4.480280,1486,10.8373
1447,3,52,3.884269,4.148039,1077,9.6932
1448,52,54,3.222182,3.606779,1122,9.3795
1449,54,35,1.975824,2.210786,1450,10.7107
1450,35,46,3.800888,3.955517,1455,10.6489
1451,46,52,3.527512,3.611251,1384,10.4955
1452,52,54,3.130585,3.532754,1439,10.7110
1453,54,63,3.093729,2.899093,1466,10.7245
1454,63,47,4.886188,4.290182,1441,10.5597
1455,47,23,2.824545,3.316745,1437,10.5916
1456,23,4,2.486487,2.534851,1461,10.8168
1457,4,31,4.324333,4.349156,1437,10.6378
1458,31,41,3.637444,3.633000,1485,10.9149
1459,41,5,4.468432,4.261051,1475,10.5637
1460,5,59,3.784130,3.947409,845,8.1052
1461,59,54,4.153581,4.316982,1125,9.6316
1462,54,35,1.971288,2.192567,1446,10.6236
1463,35,46,3.477888,3.830138,1368,10.2988
1464,46,52,3.556573,3.560658,1454,10.6347
1465,52,21,3.669956,3.632565,1442,10.5861
1466,21,4,5.767560,5.029979,1443,10.5916
1467,4,49,2.872029,2.921590,1250,9.8786
1468,49,40,2.665441,2.631090,1124,9.3243
1469,40,47,3.616872,3.321422,1429,10.6076
1470,47,23,2.802254,3.201500,1451,10.8323
1471,23,41,3.850485,3.898232,1406,10.5604
1472,41,13,2.948420,3.353798,1459,10.6722
1473,13,23,2.193101,2.956670,1308,10.1909
1474,23,4,2.396498,2.553616,1398,10.5596
1475,4,49,2.971461,2.846869,1395,10.4337
1476,49,40,2.581639,2.557219,1462,10.5913
1477,40,62,3.970048,3.921558,1363,10.2815
1478,62,58,2.780237,2.806445,1446,10.6460
1479,58,56,4.128905,4.051052,1466,10.6981
1480,56,24,3.467151,3.465425,1395,10.4655
1481,24,0,4.389624,4.272539,1481,10.7532
1482,0,44,4.402951,4.089113,1477,10.8448
1483,44,62,4.235890,4.040232,1060,9.3540
1484,62,58,2.697741,2.773809,1446,10.6348
1485,58,4,3.266333,3.448738,1448,10.5099
1486,4,31,4.148110,4.206536,1452,10.9598
1487,31,41,3.514230,3.532568,1456,10.6779
1488,41,5,4.488284,4.267566,1482,10.6584
1489,5,6,3.917705,4.033115,1297,10.2861
1490,6,51,4.046724,4.234137,955,8.0852
1491,51,1,2.403052,2.578679,1471,10.7344
1492,1,53,4.198336,3.923460,1477,10.6953
1493,53,63,3.770261,3.862386,1020,9.1572
1494,63,54,2.515233,2.613968,1389,10.3943
1495,54,63,2.796132,2.771642,1455,10.6329
1496,63,32,4.072284,3.956422,1465,10.5869
1497,32,44,4.178309,4.215180,1423,10.8241
1498,44,62,4.083960,4.052922,1452,10.6331
1499,62,26,3.112255,3.300411,1462,10.7676
1500,26,51,2.473942,2.515997,1455,10.6519
1501,51,1,2.267464,2.481457,1441,10.5427
1502,1,52,4.467378,4.512909,1448,10.6618
1503,52,54,3.194715,3.458696,1440,10.7367
1504,54,37,3.825591,3.939082,1469,10.8273
1505,37,10,3.315685,3.332467,1462,10.6138
1506,10,25,3.464625,3.411709,1452,10.6137
1507,25,41,4.608789,4.304926,1322,10.2107
1508,41,13,2.933802,3.407505,1036,9.3781
1509,13,23,2.311059,2.866137,889,7.2787
1510,23,4,2.270815,2.502865,1406,10.5890
1511,4,49,2.947138,2.788747,1180,9.6233
1512,49,40,2.563689,2.510256,1458,10.7064
1513,40,62,3.770942,3.838801,1432,10.5138
1514,62,58,2.708999,2.750799,1478,10.7265
1515,58,56,4.097200,3.986677,1524,10.6284
1516,56,17,4.128167,4.108134,1462,10.6036
1517,17,37,4.360976,3.938079,1469,10.6922
1518,37,31,3.484188,3.677499,1461,10.7861
1519,31,62,3.840367,3.908642,1463,10.7410
1520,62,26,3.034262,3.317490,1459,10.6725
1521,26,51,2.327480,2.447667,1455,10.6634
1522,51,1,2.111666,2.386169,1470,10.7432
1523,1,52,4.436361,4.416839,1438,10.6310
1524,52,21,3.584821,3.612563,1336,10.3989
1525,21,4,5.725557,5.103317,1415,10.6260
1526,4,49,2.509482,2.716144,1439,10.6055
1527,49,22,3.348446,3.550752,1482,10.6640
1528,22,1,3.674936,3.383182,1475,10.6040
1529,1,52,4.320000,4.318682,1464,10.6934
1530,52,54,3.495419,3.557451,1314,10.2777
1531,54,63,2.705272,2.666881,1407,10.5634
1532,63,54,2.269806,2.396677,1470,10.5629
1533,54,37,3.839118,3.922088,1480,10.6389
1534,37,31,3.415691,3.624387,1484,10.7664
1535,31,62,3.647812,3.859842,1458,10.6445
1536,62,30,3.964105,3.739730,1455,10.7727
1537,30,0,3.756635,3.781112,1461,10.5798
1538,0,26,3.612172,3.733708,1454,10.6491
1539,26,51,2.286573,2.423889,1471,10.6928
1540,51,1,1.981744,2.303163,1448,10.6064
1541,1,52,4.260901,4.207585,1453,10.6254
1542,52,54,3.098744,3.568032,1323,9.9977
1543,54,35,2.102233,2.258294,1483,10.7309
1544,35,53,5.004752,4.589829,1439,10.5865
1545,53,5,4.346510,4.205495,1470,10.7819
1546,5,59,3.827383,3.907180,982,8.9009
1547,59,58,5.180578,4.894394,1470,10.6848
1548,58,4,2.913921,3.439154,1470,10.7302
1549,4,49,2.593915,2.614109,1444,10.5903
1550,49,22,3.084829,3.465227,1473,10.6982
1551,22,1,3.082110,3.303720,1451,10.5533
1552,1,53,4.126876,4.151521,1471,10.6482
1553,53,62,4.767314,4.305980,1434,10.5261
1554,62,58,2.818130,2.758123,1472,10.7911
1555,58,56,4.012159,3.888140,1465,10.6023
1556,56,17,4.065483,4.071978,1482,10.6348
1557,17,61,4.269316,4.088718,962,7.7822
1558,61,59,3.782358,4.145664,1181,9.5221
1559,59,54,4.084546,4.254928,1331,10.4092
1560,54,63,2.687665,2.564355,1309,9.9415
1561,63,54,2.236118,2.270728,1464,10.7410
1562,54,37,3.741626,3.882070,1355,10.2442
1563,37,31,3.338120,3.585403,1460,10.6884
1564,31,41,3.411915,3.448688,1462,10.6184
1565,41,13,3.109044,3.410163,1461,10.5942
1566,13,12,2.643692,1.917375,1456,10.6242
1567,12,13,1.823508,1.441353,1380,10.4360
1568,13,12,2.136019,1.823196,1242,9.9037
1569,12,13,1.475061,1.346272,1424,10.4805
1570,13,23,2.514289,2.974033,1499,10.6195
1571,23,40,2.830361,2.795022,1400,10.2958
1572,40,47,3.883181,3.361620,1427,10.6132
1573,47,24,3.423905,3.690244,1458,10.5882
1574,24,0,4.347405,4.220051,1469,10.6266
1575,0,26,3.370645,3.740239,1452,10.6603
1576,26,50,3.571583,3.484622,1467,10.7580
1577,50,23,4.283437,4.044388,1402,10.4744
1578,23,41,3.881114,3.878061,1477,10.7793
1579,41,13,2.801604,3.254692,1452,10.6842
1580,13,23,2.142875,2.820321,1467,10.6345
1581,23,40,2.654946,2.707729,1453,10.5749
1582,40,47,3.666032,3.267679,1433,10.5909
1583,47,24,3.328702,3.610761,1475,10.6765
1584,24,23,2.472979,2.873635,1453,10.5560
1585,23,41,3.751268,3.809959,1434,10.5305
1586,41,13,2.891255,3.164508,1470,10.6185
1587,13,23,1.888739,2.614250,1442,10.6058
1588,23,4,2.569400,2.775319,1423,10.5297
1589,4,36,4.143902,3.829777,1462,10.6291
1590,36,4,2.878143,3.149603,1441,10.6962
1591,4,49,2.782865,2.694181,1421,10.5031
1592,49,22,3.261491,3.444494,1440,10.5483
1593,22,26,3.686095,4.030124,1478,10.7956
1594,26,50,3.452117,3.374220,1452,10.7496
1595,50,3,4.413579,4.463422,1480,10.6839
1596,3,52,3.767123,4.053386,977,8.7368
1597,52,54,3.029342,3.474469,1394,10.6206
1598,54,35,2.024341,2.242658,614,6.1282
1599,35,10,2.555836,2.691401,1396,10.8916
1600,10,25,3.453255,3.361700,1341,10.4909
1601,25,8,3.745773,3.738515,1279,9.9409
1602,8,33,4.543730,4.288329,1251,9.9971
1603,33,13,2.958783,3.957997,1447,10.5834
1604,13,12,2.460046,1.873749,1292,10.2021
1605,12,13,1.831009,1.374344,1438,10.5429
1606,13,12,2.027969,1.765810,1445,10.7452
1607,12,13,1.393572,1.289835,1464,10.6716
1608,13,56,4.134574,4.373116,1484,10.6681
1609,56,17,4.119272,4.061790,1468,10.5917
1610,17,61,4.335367,4.066422,1468,10.6295
1611,61,43,3.856060,3.995739,1465,10.6391
1612,43,44,3.878402,3.925356,1337,10.2581
1613,44,28,3.833993,3.893794,1424,10.6378
1614,28,55,4.258398,4.129453,1392,10.6928
1615,55,20,4.355660,4.118726,1440,10.6357
1616,20,31,4.716966,4.354484,1382,10.2411
1617,31,62,3.894400,3.915143,723,6.5424
1618,62,58,2.863368,2.718908,1463,10.6546
1619,58,4,3.348596,3.368593,1499,10.6312
1620,4,49,2.587254,2.622449,1432,10.5935
1621,49,22,3.102996,3.358878,1413,10.4913
1622,22,26,3.619597,3.956070,1426,10.6520
1623,26,51,2.279454,2.448146,1454,10.7112
1624,51,1,2.054571,2.288048,1471,10.6966
1625,1,52,4.204854,4.104018,1457,10.7636
1626,52,21,3.545217,3.649153,1168,9.2092
1627,21,59,3.896999,3.893633,1233,9.7170
1628,59,54,3.890053,4.105906,1441,10.7233
1629,54,63,2.580116,2.497515,1173,9.7036
1630,63,54,2.090861,2.178690,1384,10.6590
1631,54,63,2.339049,2.364792,1432,10.6150
1632,63,47,4.895328,4.717063,1481,10.6379
1633,47,24,3.332576,3.597022,1225,9.8958
1634,24,23,2.522411,2.857921,1452,10.6598
1635,23,40,2.642812,2.807837,1405,10.5692
1636,40,62,3.774114,3.806179,1441,10.5926
1637,62,30,3.880686,3.699009,1450,10.6407
1638,30,62,3.250211,3.426633,1479,10.6597
1639,62,30,3.880450,3.592665,1458,10.5957
1640,30,0,3.713446,3.733076,1471,10.6034
1641,0,44,4.519728,4.146874,1471,10.6256
1642,44,47,5.084824,4.477047,1383,10.5468
1643,47,33,4.277792,3.927077,1457,10.6139
1644,33,17,3.942960,4.067186,1458,10.6040
1645,17,37,4.466879,3.970028,1454,10.6849
1646,37,10,3.029439,3.214816,1470,10.6874
1647,10,25,3.378276,3.281812,1467,10.6457
1648,25,8,3.584660,3.696833,925,7.7165
1649,8,59,3.826230,3.949781,1452,10.8855
1650,59,54,3.806600,3.994996,1468,10.7100
1651,54,63,2.310898,2.266563,1427,10.6048
1652,63,47,4.861092,4.685727,1427,10.6414
1653,47,24,3.256118,3.584062,708,7.7566
1654,24,48,3.918171,3.759688,1439,10.6068
1655,48,24,3.515897,3.495187,1494,10.7245
1656,24,0,4.331228,4.233983,1469,10.6036
1657,0,26,3.553384,3.709286,1425,10.5695
1658,26,17,4.712295,4.685027,1447,10.6492
1659,17,61,4.279735,4.055836,1440,10.6472
1660,61,30,4.645170,4.267563,1449,10.7228
1661,30,0,3.622221,3.698792,1469,10.6720
1662,0,26,3.398100,3.639307,1466,10.5907
1663,26,51,2.394894,2.438866,1472,10.6275
1664,51,1,2.060227,2.214029,1422,10.4836
1665,1,53,4.308369,4.027694,1450,10.6381
1666,53,63,3.353064,3.798782,1478,10.6135
1667,63,54,1.923586,2.036284,1415,10.5617
1668,54,37,3.868581,3.957598,1435,10.5892
1669,37,40,4.409955,4.719174,1451,10.6150
1670,40,62,3.492988,3.663653,1461,10.6821
1671,62,58,2.676546,2.681218,1465,10.6551
1672,58,56,3.977898,3.854004,1466,10.6918
1673,56,17,3.947299,3.997828,1453,10.5951
1674,17,37,4.438715,4.018322,1457,10.5586
1675,37,10,2.992195,3.140728,1469,10.6520
1676,10,25,3.229545,3.202403,1461,10.6324
1677,25,8,3.562845,3.640948,1156,9.4946
1678,8,46,3.502989,3.506224,1369,10.5176
1679,46,0,4.602136,4.434662,1466,10.6121
1680,0,26,3.427790,3.648893,1460,10.7103
1681,26,51,2.300274,2.395579,1468,10.7321
1682,51,8,4.868361,4.980561,1432,10.5282
1683,8,59,3.737892,3.912468,1498,10.6217
1684,59,8,3.602383,3.788482,1393,10.4836
1685,8,46,3.374259,3.460147,1475,10.7155
1686,46,52,3.714265,3.686622,1458,10.7538
1687,52,54,3.436266,3.421096,1465,10.6674
1688,54,35,2.259067,2.468429,1481,10.6068
1689,35,46,3.691755,3.683362,1476,10.6299
1690,46,52,3.587710,3.673168,1461,10.8334
1691,52,54,3.160807,3.292394,1465,10.6496
1692,54,63,2.279604,2.208282,1476,10.6392
1693,63,54,1.874362,1.982881,1461,10.5620
1694,54,35,2.291044,2.432607,1468,10.5973
1695,35,10,2.443381,2.621834,1477,10.8010
1696,10,25,3.190723,3.147282,1466,10.5912
1697,25,41,4.781269,4.317726,1484,10.7494
1698,41,5,4.560342,4.307152,1241,10.0722
1699,5,59,3.688478,3.904369,425,5.8310
1700,59,54,3.695623,3.873600,1471,10.6214
1701,54,63,2.191065,2.143898,1484,10.6047
1702,63,54,1.798889,1.925989,1443,10.5928
1703,54,35,2.215138,2.421304,1483,10.6208
1704,35,46,3.520111,3.628749,1471,10.6705
1705,46,52,3.528972,3.663587,1460,10.9146
1706,52,54,3.191451,3.098155,1480,10.6790
1707,54,35,2.173504,2.351222,1448,10.6927
1708,35,53,4.988744,4.770637,1458,10.5714
1709,53,63,3.956328,3.655300,1426,10.8906
1710,63,47,5.183147,4.729863,1460,10.5848
1711,47,33,4.047584,3.857771,1084,9.3467
1712,33,42,4.262706,4.042112,1331,10.6192
1713,42,43,3.921044,3.961095,1009,8.3692
1714,43,20,3.938010,3.918847,1492,10.6655
1715,20,32,4.008482,4.118186,1471,10.8009
1716,32,54,2.848941,3.614920,1473,10.7276
1717,54,63,2.107862,2.114426,1444,10.6813
1718,63,54,1.845457,1.868670,1437,10.5478
1719,54,63,1.968786,1.985791,1452,10.5639
1720,63,54,1.617716,1.754477,1434,10.5331
1721,54,63,1.802493,1.869790,1444,10.5561
1722,63,47,5.116786,4.936525,1449,10.5551
1723,47,24,3.132535,3.586694,1351,10.4522
1724,24,0,4.235048,4.161333,860,8.6557
1725,0,44,4.538014,4.183072,1418,10.8346
1726,44,62,4.394731,4.054363,1146,9.7335
1727,62,58,2.733206,2.655083,1411,10.5353
1728,58,54,4.925986,4.707727,1482,10.8248
1729,54,63,1.642596,1.759259,1127,9.3704
1730,63,47,4.892890,4.849833,1487,10.7236
1731,47,23,2.844530,3.575758,1338,10.2977
1732,23,4,2.685427,2.810598,1450,10.6548
1733,4,49,2.659182,2.665119,688,5.6481
1734,49,22,3.084141,3.319359,1442,10.6025
1735,22,33,4.230118,4.038368,1298,10.2377
1736,33,13,3.100898,3.767246,1095,9.3329
1737,13,12,2.330384,1.720142,1445,10.6357
1738,12,13,1.651648,1.338479,1450,10.6604
1739,13,12,1.965162,1.627214,1454,10.6914
1740,12,13,1.344191,1.261331,1503,10.6369
1741,13,23,2.401803,2.948350,1441,10.6274
1742,23,41,3.876087,3.845255,1393,10.3237
1743,41,13,2.678120,3.139441,1452,10.6675
1744,13,23,2.170781,2.760272,1457,10.6375
1745,23,40,2.820973,2.915665,1462,10.6234
1746,40,62,3.570882,3.621959,1484,10.5898
1747,62,26,2.926260,3.131112,1468,10.7052
1748,26,51,2.311682,2.330438,1453,10.6061
1749,51,1,2.068036,2.177357,1431,10.5354
1750,1,14,2.482523,2.692211,1484,10.7705
1751,14,45,2.632980,2.650143,1413,10.5063
1752,45,26,3.622125,3.567441,1472,10.7989
1753,26,50,3.485848,3.383422,1461,10.7053
1754,50,57,4.116932,4.013413,1495,10.6143
1755,57,9,3.778261,4.071962,1502,10.6238
1756,9,9,3.322501,2.453227,1434,10.6106
1757,9,52,3.512664,3.856931,1428,10.5637
1758,52,54,2.704708,3.047991,1435,10.6901
1759,54,63,1.652566,1.686448,1408,10.5328
1760,63,54,1.577629,1.723700,1442,10.5784
1761,54,63,1.546432,1.594580,1437,10.5794
1762,63,47,4.955379,4.839041,1401,10.4691
1763,47,33,3.977360,3.855894,1021,8.3596
1764,33,42,4.212512,4.016032,1025,9.0455
1765,42,49,3.689025,3.954917,952,7.7155
1766,49,40,2.532654,2.539824,1450,10.5425
1767,40,47,4.373370,3.863610,1427,10.6050
1768,47,33,3.873501,3.773790,1459,10.6519
1769,33,17,3.906834,3.992524,1482,10.7099
1770,17,37,4.551674,3.973056,1460,10.5959
1771,37,10,2.876177,3.193724,1475,10.7305
1772,10,1,6.624444,6.158302,1428,10.6049
1773,1,53,3.782329,3.848813,1425,10.6552
1774,53,62,4.614835,4.319819,1040,8.8521
1775,62,26,2.820079,3.068594,1492,10.5743
1776,26,50,3.282354,3.271161,1461,10.6452
1777,50,23,4.231993,4.143668,1460,10.7072
1778,23,41,3.652070,3.767659,1441,10.6339
1779,41,50,4.716568,4.540199,1467,10.7704
1780,50,23,4.273026,3.976469,1445,10.6914
1781,23,4,2.654916,2.891548,1462,10.5835
1782,4,36,4.069735,3.782953,1457,10.6493
1783,36,4,2.915676,3.157004,1432,10.6750
1784,4,49,2.696220,2.678800,1472,10.6294
1785,49,55,4.725827,4.556288,1474,10.6301
1786,55,41,4.365281,4.196462,1476,10.7152
1787,41,13,2.798544,3.080123,1477,10.6736
1788,13,12,2.291819,1.659825,1462,10.6071
1789,12,30,5.289293,5.409953,1445,10.5744
1790,30,37,4.132430,4.179368,1459,10.6417
1791,37,31,3.492325,3.564917,1407,10.4997
1792,31,62,3.892911,3.890587,1465,10.6723
1793,62,58,2.715214,2.643135,1464,10.6640
1794,58,54,5.078460,4.586527,1458,10.6659
1795,54,35,2.513139,2.596730,1437,10.6211
1796,35,10,2.594425,2.654462,1440,10.6710
1797,10,12,4.994856,4.742834,1467,10.6957
1798,12,13,1.604789,1.301763,1425,10.5850
1799,13,12,2.054116,1.593185,1446,10.6136
1800,12,13,1.323084,1.222280,1455,10.6250
1801,13,23,2.398300,2.947397,1465,10.5906
1802,23,40,2.766847,2.842646,1445,10.6856
1803,40,47,4.100675,3.765361,1454,10.5693
1804,47,33,3.830032,3.699067,1439,10.6324
1805,33,13,2.652578,3.616498,1467,10.5429
1806,13,12,1.932513,1.571378,1470,10.5900
1807,12,13,1.312279,1.185378,1446,10.4826
1808,13,12,1.683830,1.483661,1468,10.5450
1809,12,13,1.226787,1.139291,1434,10.6064
1810,13,23,2.479379,3.002044,1468,10.5575
1811,23,40,2.744171,2.796342,1441,10.5456
1812,40,62,3.623984,3.652391,1111,9.0646
1813,62,58,2.601896,2.587512,1462,10.6734
1814,58,56,3.858094,3.842942,1471,10.6798
1815,56,17,3.972596,3.983608,1456,10.5190
1816,17,61,4.398612,4.048855,1453,10.7100
1817,61,30,4.550410,4.233626,1375,10.5022
1818,30,0,3.647846,3.705384,1442,10.6941
1819,0,44,4.508731,4.149057,1438,10.6000
1820,44,62,4.329583,4.006885,449,5.5372
1821,62,58,2.597184,2.562691,1452,10.5736
1822,58,56,3.956135,3.720416,1430,10.5501
1823,56,17,3.888853,3.949739,1455,10.5787
1824,17,61,4.323849,4.029186,1473,10.5605
1825,61,59,4.090794,4.201747,1467,10.6724
1826,59,58,5.384508,5.211676,490,6.1222
1827,58,54,5.031341,4.492228,1502,10.5850
1828,54,35,2.207434,2.462202,1404,10.6741
1829,35,10,2.247968,2.551298,1479,10.6254
1830,10,1,6.547204,6.259338,1451,10.6236
1831,1,14,2.228735,2.612338,787,7.9878
1832,14,45,2.505344,2.536992,302,3.9216
1833,45,26,3.570252,3.508427,411,4.5357
1834,26,51,2.631856,2.300017,1326,10.2368
1835,51,1,2.174568,2.392816,1372,10.3673
1836,1,52,3.857937,3.873511,1487,10.6064
1837,52,21,3.662659,3.607698,734,6.0475
1838,21,4,5.768450,5.063557,1435,10.5732
1839,4,31,4.231722,4.157810,762,7.1197
1840,31,62,3.827536,3.815600,1414,10.5892
1841,62,58,2.584066,2.583432,1423,10.5852
1842,58,56,3.670992,3.584438,1471,10.6341
1843,56,24,3.501433,3.510013,1446,10.6538
1844,24,23,2.611651,2.880653,1219,9.4919
1845,23,40,2.494266,2.714831,1483,10.7475
1846,40,47,4.127678,3.738485,1448,10.6012
1847,47,23,2.984407,3.481083,1475,10.6430
1848,23,40,2.314848,2.595859,1452,10.5789
1849,40,48,4.117711,4.085449,1442,10.6679
1850,48,24,3.575077,3.503350,1472,10.6023
1851,24,0,4.230284,4.107914,1437,10.6387
1852,0,26,3.564791,3.684412,1426,10.6681
1853,26,51,2.277826,2.256884,1453,10.6527
1854,51,55,4.560685,4.744643,1461,10.5640
1855,55,41,4.254498,4.245481,1449,10.6097
1856,41,5,4.541831,4.291412,1462,10.5700
1857,5,6,3.771883,4.001280,1329,9.9581
1858,6,5,4.015262,3.949123,1342,10.3301
1859,5,28,3.953241,3.785171,1482,10.6526
1860,28,55,4.267718,4.084734,1067,9.2662
1861,55,13,3.975818,4.106236,1397,10.3562
1862,13,23,1.937930,2.680855,1461,10.6982
1863,23,41,3.630724,3.772616,1461,10.5817
1864,41,13,2.808354,3.029237,1476,10.6288
1865,13,56,4.066283,4.494992,1457,10.8179
1866,56,24,3.360676,3.411161,1465,10.6084
1867,24,0,4.139432,4.031881,1466,10.6642
1868,0,48,4.039480,4.025370,1323,10.2381
1869,48,22,3.391263,3.449051,1469,10.6221
1870,22,33,4.199013,3.937850,1464,10.6156
1871,33,17,3.841996,3.919863,1457,10.7280
1872,17,61,4.266367,3.996022,1458,10.6996
1873,61,59,3.872126,4.187060,1449,10.9884
1874,59,8,3.467458,3.801124,1150,9.9655
1875,8,59,3.700672,3.831435,657,7.6922
1876,59,54,3.666736,3.953338,855,8.3060
1877,54,63,1.716594,1.708754,1080,9.2882
1878,63,54,1.725301,1.841143,870,8.3077
1879,54,35,2.373852,2.420852,1180,9.8475
1880,35,53,4.930930,4.662061,1420,10.6758
1881,53,63,3.333608,3.402770,1309,10.2686
1882,63,54,1.590398,1.750257,1328,10.1952
1883,54,35,2.134708,2.323309,1377,10.3465
1884,35,53,4.687766,4.548093,1354,10.2745
1885,53,63,3.065765,3.241261,1249,9.9220
1886,63,54,1.523825,1.687966,1453,10.7157
1887,54,37,4.387991,4.517415,1448,10.5392
1888,37,31,3.491860,3.561062,1452,10.7370
1889,31,62,3.518536,3.806399,1467,10.7082
1890,62,58,2.793833,2.567604,1471,10.7270
1891,58,54,5.154689,4.553123,1455,10.6838
1892,54,63,1.647514,1.708537,1468,10.6471
1893,63,54,1.508848,1.660397,1473,10.7585
1894,54,63,1.563215,1.609874,1459,10.6233
1895,63,32,4.659892,4.660882,1485,10.8735
1896,32,54,3.069260,3.517380,1454,10.6340
1897,54,63,1.426229,1.520249,1486,10.5686
1898,63,54,1.444604,1.616690,1459,10.6859
1899,54,63,1.373925,1.444964,1480,10.6516
1900,63,47,5.501539,5.289358,1472,10.6341
1901,47,23,2.787811,3.571549,1482,10.8477
1902,23,40,2.326589,2.596948,1298,9.8840
1903,40,47,4.095383,3.825887,1423,10.6653
1904,47,24,3.200551,3.582448,1455,10.7129
1905,24,23,2.301808,2.673503,1407,10.4899
1906,23,40,2.151624,2.486609,1394,10.5142
1907,40,47,3.993426,3.735897,1435,10.6599
1908,47,23,2.780600,3.273708,1469,10.6657
1909,23,41,3.592605,3.661370,1445,10.5500
1910,41,50,4.651332,4.474204,1449,10.6493
1911,50,57,4.157735,3.991570,1301,10.1896
1912,57,34,3.761263,3.687395,1091,9.3734
1913,34,27,3.967898,3.969282,1444,10.6143
1914,27,19,3.986607,3.977560,1429,10.5878
1915,19,46,3.567931,3.865074,1384,10.3218
1916,46,0,4.680401,4.505946,1491,10.7403
1917,0,44,4.512083,4.153920,1444,10.6428
1918,44,62,4.535519,3.940895,1007,8.6043
1919,62,58,2.554657,2.546843,1425,10.5112
1920,58,4,3.499230,3.602237,1456,10.6955
1921,4,36,4.018879,3.708440,1363,10.2955
1922,36,4,3.205364,3.281724,1457,10.7138
1923,4,49,3.051113,2.951403,1471,10.6612
1924,49,40,2.282182,2.365132,1468,10.8301
1925,40,48,3.976709,3.990553,1476,11.0145
1926,48,22,3.285166,3.406760,1175,9.3464
1927,22,33,4.085553,3.869778,1450,10.6945
1928,33,13,3.025488,3.639274,1449,10.6897
1929,13,12,2.355653,1.588315,1471,10.8246
1930,12,13,1.621278,1.286686,1454,10.9032
1931,13,12,1.825710,1.504241,1466,10.7138
1932,12,13,1.387167,1.221215,1456,10.7277
1933,13,23,2.244627,2.784737,1468,10.6935
1934,23,4,3.050462,3.230714,1513,10.6224
1935,4,49,3.080575,2.882158,1439,10.6241
1936,49,55,4.547265,4.458566,1412,10.5111
1937,55,20,4.228411,4.115240,1469,10.7526
1938,20,32,3.845590,4.087274,1425,10.5523
1939,32,32,3.292521,2.929485,578,6.1793
1940,32,44,4.326141,4.255808,1064,9.2001
1941,44,28,3.867077,3.915100,1463,10.6562
1942,28,53,3.866973,4.017097,1472,10.5924
1943,53,62,4.836084,4.419639,1393,10.4111
1944,62,26,3.108866,3.208962,1334,10.1377
1945,26,51,2.107170,2.213965,1483,10.6176
1946,51,1,2.160900,2.366612,1503,10.6275
1947,1,52,3.532082,3.746605,1456,10.5926
1948,52,54,2.555794,3.150306,1473,10.7110
1949,54,63,1.445286,1.412699,1458,10.5885
1950,63,54,1.363834,1.587083,1423,10.5851
1951,54,63,1.309264,1.353507,1440,10.5729
1952,63,54,1.355316,1.523506,1464,10.5557
1953,54,35,2.679907,2.728514,1460,10.7184
1954,35,53,4.578438,4.382249,1474,10.6416
1955,53,63,2.707107,3.015015,1434,10.5282
1956,63,54,1.259344,1.453234,1425,10.5511
1957,54,63,1.311595,1.376868,1489,10.6216
1958,63,47,5.473799,5.516291,1418,10.5409
1959,47,24,3.121910,3.561372,1322,10.3516
1960,24,23,2.294868,2.655712,1286,10.2939
1961,23,4,2.779480,3.106877,1451,10.7525
1962,4,49,2.865545,2.783286,719,5.8148
1963,49,40,2.302672,2.358591,1486,10.7913
1964,40,62,3.794669,3.841888,1455,10.6329
1965,62,30,3.923722,3.763296,1429,10.8090
1966,30,0,3.623989,3.680596,1468,10.6616
1967,0,48,4.008567,4.012781,1456,10.6627
1968,48,24,3.463744,3.389728,1334,10.3842
1969,24,48,3.712673,3.577341,1489,10.6757
1970,48,22,3.208218,3.392842,1480,10.6705
1971,22,33,4.030065,3.801623,1470,10.7436
1972,33,13,2.890441,3.573591,1389,10.5061
1973,13,56,4.127811,4.445347,1506,10.6393
1974,56,24,3.254616,3.303484,1468,10.6065
1975,24,0,4.153120,4.039074,1443,10.6039
1976,0,26,3.568776,3.699514,1451,10.6619
1977,26,51,2.162485,2.189854,1456,10.6491
1978,51,55,4.424514,4.643913,1446,10.6151
1979,55,13,3.973155,4.139640,1471,10.7064
1980,13,23,1.882637,2.614020,1462,10.6058
1981,23,4,2.795858,3.060110,1457,10.6318
1982,4,36,4.039455,3.727901,1463,10.6538
1983,36,4,2.947551,3.118289,1458,10.7895
1984,4,49,2.834564,2.742109,1441,10.5511
1985,49,22,3.187135,3.400183,1457,10.5934
1986,22,1,3.699078,3.552603,1447,10.6153
1987,1,14,2.508364,2.638790,1459,10.7715
1988,14,1,2.068977,2.328750,1472,10.5784
1989,1,53,4.068514,3.988179,1469,10.5766
1990,53,63,2.373581,3.004419,1458,10.6807
1991,63,32,4.604393,4.717617,1214,9.9655
1992,32,54,2.733126,3.203517,1338,10.2198
1993,54,35,2.625538,2.636723,19,3.5923
1994,35,46,3.628235,3.714971,1430,10.5602
1995,46,26,5.175770,4.891865,672,5.5608
1996,26,17,4.508507,4.634778,1456,10.6200
1997,17,37,4.514792,4.015586,1446,10.5761
1998,37,31,3.404231,3.511181,1112,9.2243
1999,31,36,3.941234,4.278159,1448,10.7301
2000,36,23,2.717677,3.343083,1462,10.8467
2001,23,40,2.371302,2.681976,1465,10.6605
2002,40,62,3.656808,3.753057,1458,10.6506
2003,62,26,3.115674,3.229478,1465,10.7274
2004,26,51,2.045819,2.194921,1449,10.6281
2005,51,1,1.887602,2.251400,1417,10.5628
2006,1,53,4.027934,3.863614,1461,10.6513
2007,53,63,2.395585,3.063327,1459,10.7564
2008,63,54,1.440982,1.520072,1394,10.4764
2009,54,35,2.340292,2.494584,674,6.0209
2010,35,10,2.594147,2.815247,1466,10.6478
2011,10,25,3.365864,3.248990,1477,10.6676
2012,25,8,3.679829,3.761602,1405,10.5230
2013,8,59,3.757330,3.799167,1487,10.6237
2014,59,54,3.418812,3.784216,1466,10.6656
2015,54,37,4.630132,4.685282,1455,10.8907
2016,37,10,3.078136,3.019878,1450,10.9262
2017,10,12,4.877856,4.587903,1495,10.7622
2018,12,13,1.755587,1.294460,1450,10.6767
2019,13,56,3.943289,4.289689,1418,10.5533
2020,56,24,3.282522,3.259397,1473,10.6452
2021,24,23,2.257036,2.597022,1474,10.8815
2022,23,40,2.424843,2.599075,1456,10.6166
2023,40,47,4.283136,3.842051,1485,10.5886
2024,47,23,2.577673,3.310341,1469,10.7028
2025,23,40,2.194488,2.476111,1474,10.6256
2026,40,62,3.548239,3.725335,1450,10.6453
2027,62,58,2.615366,2.627359,1147,9.4673
2028,58,54,4.721480,4.617861,1466,10.6802
2029,54,35,2.330785,2.358722,1382,10.5423
2030,35,10,2.474315,2.674117,1477,10.8784
2031,10,12,4.235816,4.563865,1476,10.6679
2032,12,13,1.825494,1.300305,1484,10.6659
2033,13,23,1.796874,2.530799,1452,10.8389
2034,23,4,2.832246,3.033724,1463,10.5896
2035,4,49,2.919017,2.767341,1462,10.6010
2036,49,22,3.095184,3.381262,1451,10.8620
2037,22,33,4.007677,3.771315,1460,10.6315
2038,33,17,3.898628,3.895879,1439,10.6160
2039,17,61,4.284071,3.994242,1440,10.6808
2040,61,43,4.041925,4.002200,1456,10.6861
2041,43,20,3.925623,3.869290,1262,10.0482
2042,20,24,5.400413,4.533013,1287,10.3475
2043,24,48,3.743784,3.563895,1450,10.5599
2044,48,24,3.425284,3.301483,1395,10.4890
2045,24,0,4.143014,3.984691,1466,10.6333
2046,0,26,3.851991,3.677757,1449,10.6659
2047,26,50,3.395579,3.344762,1445,10.6514
2048,50,23,4.556654,4.126538,1474,10.6969
2049,23,40,2.082741,2.484118,1509,10.6906
2050,40,62,3.437622,3.611675,1426,10.5318
2051,62,58,2.603917,2.596817,1448,10.6583
2052,58,4,3.527947,3.450766,1454,10.6725
2053,4,49,2.773478,2.713331,1481,10.7151
2054,49,40,2.159501,2.236644,1477,10.7012
2055,40,62,3.384586,3.487244,1486,10.7978
2056,62,30,3.948455,3.876410,1451,10.5341
2057,30,0,3.548484,3.630509,1469,10.6714
2058,0,44,4.602455,4.224631,1479,10.5926
2059,44,62,4.563127,3.951509,1455,10.7728
2060,62,26,3.048366,3.235489,1459,10.5560
2061,26,50,3.306389,3.252423,1473,10.6128
2062,50,23,4.328992,4.133782,1453,10.5764
2063,23,40,1.955268,2.321294,1448,10.6828
2064,40,47,4.193443,3.912678,1458,10.6214
2065,47,23,2.808016,3.289363,1431,10.5862
2066,23,4,2.697134,2.947471,1462,10.6410
2067,4,49,2.755251,2.663324,1456,10.6752
2068,49,40,1.963874,2.129612,1426,10.5687
2069,40,62,3.250703,3.467645,1467,10.6616
2070,62,58,2.697933,2.649089,1456,10.5862
2071,58,4,3.236499,3.336995,1447,10.5577
2072,4,31,4.407422,4.369033,1431,10.5659
2073,31,36,4.095981,4.221650,1467,10.6532
2074,36,4,2.875997,3.072879,1454,10.5966
2075,4,36,3.907484,3.681987,1459,10.6694
2076,36,29,4.505986,4.192625,1468,10.7734
2077,29,60,3.855173,4.078417,633,7.4943
2078,60,21,3.679226,3.760622,512,5.6037
2079,21,59,3.589218,3.726660,228,4.7273
2080,59,58,5.780414,5.424680,166,4.2512
2081,58,54,5.232412,4.441775,1453,10.5641
2082,54,35,2.020526,2.221007,1364,10.3835
2083,35,53,4.960960,4.481906,1446,10.8917
2084,53,63,2.690827,2.976034,952,8.6650
2085,63,54,1.644261,1.630001,1368,10.3943
2086,54,63,1.552883,1.557439,1401,10.5027
2087,63,32,4.000666,4.325430,1128,9.5902
2088,32,54,2.695168,3.164124,1296,10.1326
2089,54,63,1.435778,1.471536,1430,10.5510
2090,63,47,5.818667,5.471391,1484,10.6299
2091,47,24,3.150328,3.563920,1360,10.3565
2092,24,48,3.642504,3.512893,1458,10.8153
2093,48,22,3.262366,3.359274,740,6.7983
2094,22,33,3.910792,3.710880,1483,10.8037
2095,33,13,3.097327,3.620896,1424,10.5325
2096,13,12,2.168764,1.711392,527,5.0568
2097,12,13,1.687517,1.308768,1396,10.5269
2098,13,12,2.339847,1.606076,1443,10.6250
2099,12,13,1.510464,1.223773,1461,10.6513
2100,13,12,1.910397,1.519056,1462,10.6165
2101,12,13,1.231048,1.162386,1452,10.5941
2102,13,23,2.437826,2.968411,1451,10.5386
2103,23,4,2.707903,2.879534,1451,10.6012
2104,4,49,2.715656,2.642132,1322,10.1555
2105,49,55,4.663464,4.588457,1443,10.6258
2106,55,20,4.195715,4.108769,1304,10.2183
2107,20,31,4.912981,4.463519,1309,10.1641
2108,31,41,3.463166,3.516406,1471,10.7225
2109,41,5,4.604717,4.315631,1464,10.7629
2110,5,59,3.747031,3.841314,1449,10.6386
2111,59,58,5.618390,5.361017,1455,10.6489
2112,58,4,2.822125,3.277553,1451,10.7507
2113,4,36,3.809980,3.606444,1440,10.5903
2114,36,29,4.474229,4.173475,1464,10.6490
2115,29,60,3.870546,4.075261,1479,10.7194
2116,60,21,3.636944,3.723733,1343,10.2764
2117,21,4,6.107394,5.286240,1459,10.6513
2118,4,31,4.266316,4.324254,1452,10.8185
2119,31,62,3.706588,3.761385,1448,10.7180
2120,62,58,2.795255,2.778602,1378,10.3882
2121,58,54,3.960099,4.274864,1455,10.6688
2122,54,63,1.459239,1.416682,1473,10.6956
2123,63,54,1.495526,1.639045,1461,10.6505
2124,54,37,4.399591,4.493878,1350,10.2267
2125,37,10,2.724794,2.921888,1444,10.6134
2126,10,12,5.193926,4.417343,1481,10.6821
2127,12,13,1.593913,1.169614,1401,10.6516
2128,13,23,2.099603,2.835884,1393,10.5486
2129,23,4,2.573777,2.897622,1443,10.6645
2130,4,31,4.009311,4.221949,1438,10.6362
2131,31,62,3.484634,3.626292,1472,10.7258
2132,62,30,4.007693,3.818940,1477,10.6473
2133,30,0,3.549789,3.600855,1470,10.6056
2134,0,26,3.691763,3.592963,1463,10.8467
2135,26,51,2.231478,2.326192,1468,10.7325
2136,51,1,1.872528,2.217233,1457,10.6935
2137,1,14,2.354748,2.610149,1464,10.6708
2138,14,1,2.008153,2.148041,1459,10.6243
2139,1,52,3.758098,3.795966,1456,10.6213
2140,52,21,3.547838,3.607825,1473,10.5944
2141,21,35,2.982284,3.422562,1041,8.5224
2142,35,10,2.323627,2.573556,1446,10.5693
2143,10,25,3.298559,3.217154,1459,10.5770
2144,25,8,3.804433,3.747428,1474,10.6202
2145,8,33,5.122938,4.638357,1339,10.2062
2146,33,17,3.885487,3.896402,911,9.1682
2147,17,37,4.594943,4.114026,1020,8.4230
2148,37,40,4.770600,4.835093,1457,10.5774
2149,40,62,3.079416,3.231643,1309,10.2247
2150,62,26,2.983972,3.279929,1186,9.2572
2151,26,50,3.237638,3.195011,1461,10.7487
2152,50,57,4.088080,3.990978,1437,10.6434
2153,57,9,3.797317,4.043186,1469,10.8327
2154,9,7,3.850751,3.843785,1464,10.6516
2155,7,57,4.170702,4.096154,1001,8.4498
2156,57,34,3.847481,3.637603,1465,10.8361
2157,34,16,3.770767,3.742765,1434,10.6622
2158,16,13,4.685604,4.363078,1445,10.6504
2159,13,23,1.878186,2.692645,1407,10.6782
2160,23,4,2.512365,2.829914,1077,8.5613
2161,4,49,2.761240,2.653873,1465,10.7416
2162,49,40,2.352787,2.402951,1464,10.6081
2163,40,47,4.154788,3.796972,1428,10.4689
2164,47,33,3.935387,3.782559,1445,10.5702
2165,33,42,4.379602,4.052090,1430,10.5441
2166,42,43,4.065137,3.907620,1467,10.6814
2167,43,37,4.460125,4.218440,1459,10.5700
2168,37,10,2.578644,2.873783,620,5.2768
2169,10,12,4.915963,4.388115,1395,10.6772
2170,12,13,1.791796,1.226667,1479,10.7775
2171,13,12,2.077895,1.643063,1488,10.6650
2172,12,13,1.337818,1.160285,1452,10.6049
2173,13,12,1.872689,1.542573,1457,10.6109
2174,12,13,1.265630,1.109037,1459,10.6579
2175,13,12,1.708883,1.447111,1473,10.6554
2176,12,13,1.097847,1.071820,1458,10.5876
2177,13,23,2.404450,3.010700,1454,10.7336
2178,23,4,2.736678,2.833576,1461,10.6008
2179,4,49,2.741022,2.581293,1440,10.6157
2180,49,22,3.255826,3.465598,1435,10.6663
2181,22,33,3.946957,3.687623,1444,10.6061
2182,33,13,2.543093,3.575502,1460,10.7333
2183,13,23,2.039253,2.794332,1468,10.6173
2184,23,40,2.534894,2.796466,1452,10.5991
2185,40,47,4.200384,3.673842,1448,10.6836
2186,47,23,2.806460,3.297979,1451,10.6815
2187,23,4,2.537753,2.791838,1441,10.5683
2188,4,49,2.607377,2.512685,1450,10.6826
2189,49,40,2.213301,2.319480,1498,10.5898
2190,40,47,3.865464,3.593513,1452,10.7236
2191,47,23,2.710335,3.150232,1457,10.5895
2192,23,40,2.210957,2.614030,1484,10.5885
2193,40,62,3.025229,3.311787,1507,10.6093
2194,62,58,2.753176,2.817040,1460,10.5361
2195,58,56,4.080448,3.772253,1458,10.6535
2196,56,17,3.958418,3.948535,1479,10.6372
2197,17,37,4.655999,4.094134,1447,10.6046
2198,37,31,3.533028,3.557724,1467,10.7569
2199,31,62,3.460072,3.600690,1464,10.7228
2200,62,26,3.252710,3.282149,1465,10.6879
2201,26,51,2.144970,2.354071,1476,10.7332
2202,51,1,1.990835,2.159871,1453,10.8827
2203,1,14,2.230896,2.536014,1449,10.7046
2204,14,57,3.840534,4.138768,1402,10.5495
2205,57,9,3.847607,3.967924,1451,10.6176
2206,9,52,3.590748,3.835361,163,3.2189
2207,52,54,2.771704,3.216299,1420,10.6304
2208,54,63,1.547421,1.474078,1188,9.3014
2209,63,54,1.443661,1.569074,1454,10.6275
2210,54,35,2.387934,2.507283,1458,10.6659
2211,35,46,3.552111,3.692655,1455,10.6072
2212,46,26,5.371577,4.918256,1489,10.7221
2213,26,51,1.977893,2.302538,1497,10.7002
2214,51,1,1.807125,2.104346,1464,10.7657
2215,1,53,4.109326,3.961392,1481,10.8640
2216,53,63,2.572683,3.001137,1453,10.5372
2217,63,47,6.087213,5.545318,1466,10.6358
2218,47,33,3.906504,3.722658,1480,10.7594
2219,33,13,2.954282,3.581927,534,6.8990
2220,13,12,2.328327,1.473138,1440,10.7085
2221,12,13,1.378724,1.108527,1118,9.6903
2222,13,23,2.140436,2.744186,1286,10.0814
2223,23,40,2.330953,2.608685,1241,9.8954
2224,40,62,2.927011,3.152828,1411,10.5749
2225,62,30,3.940570,3.885718,1481,10.6944
2226,30,0,3.583837,3.562956,1476,10.6727
2227,0,44,4.607049,4.174034,1458,10.6924
2228,44,62,4.694534,3.937486,1395,10.5439
2229,62,30,3.842084,3.751008,1470,10.7064
2230,30,62,2.982605,3.148431,1476,10.6973
2231,62,58,2.821035,2.768281,1458,10.5898
2232,58,54,4.447657,4.296877,1458,10.6971
2233,54,63,1.418417,1.456417,1466,10.6255
2234,63,54,1.527941,1.618789,1428,10.9854
2235,54,35,2.334377,2.446636,1466,10.6507
2236,35,10,2.675001,2.533463,1268,9.9086
2237,10,25,3.337016,3.137140,1479,10.8138
2238,25,8,3.703292,3.729635,1459,10.5804
2239,8,46,3.501217,3.405279,1457,10.6719
2240,46,52,4.063517,3.768576,1438,10.6167
2241,52,21,3.595755,3.522969,1458,10.6663
2242,21,35,3.018658,3.375809,1445,10.6244
2243,35,53,4.533800,4.346687,1481,10.5960
2244,53,63,2.672168,2.844964,1445,10.5898
2245,63,47,5.855081,5.345867,1478,10.6166
2246,47,24,3.307981,3.632319,1425,10.6246
2247,24,48,3.731500,3.547762,1379,10.5598
2248,48,24,3.432937,3.325407,1404,10.5094
2249,24,23,2.348252,2.712934,1328,10.2665
2250,23,40,2.053740,2.535825,1391,10.5027
2251,40,47,4.109085,3.923451,1417,10.5475
2252,47,33,3.849209,3.663128,1468,10.6824
2253,33,13,2.873964,3.543766,1449,10.6881
2254,13,56,4.358353,4.791564,1411,10.7053
2255,56,24,3.314854,3.395510,1349,10.2448
2256,24,23,2.261186,2.671751,1425,10.8377
2257,23,4,2.723693,2.989152,1340,10.2586
2258,4,49,2.781404,2.625339,1419,10.5452
2259,49,40,2.080396,2.197651,670,6.7526
2260,40,62,2.953669,3.133115,1347,10.4482
2261,62,58,2.695768,2.721924,1456,10.5788
2262,58,4,3.408091,3.285642,1468,10.6336
2263,4,49,2.661543,2.538080,1494,10.9744
2264,49,40,1.971122,2.112520,1027,8.1742
2265,40,62,2.719065,3.018095,1481,10.8224
2266,62,58,2.742505,2.678259,1462,10.6075
2267,58,4,3.152462,3.139622,1460,10.5928
2268,4,49,2.508178,2.464324,1408,10.5993
2269,49,22,3.328342,3.603902,1445,10.7100
2270,22,33,3.910357,3.635958,1486,10.6178
2271,33,42,4.502256,4.075186,1417,10.4561
2272,42,43,3.727127,3.888889,1283,9.8151
2273,43,20,3.832984,3.824413,652,6.2757
2274,20,24,5.272064,4.570236,1419,10.4306
2275,24,0,4.233891,3.969405,1453,10.5657
2276,0,26,3.343321,3.527771,1449,10.5815
2277,26,50,3.216103,3.188098,1472,10.7069
2278,50,23,4.920913,4.414141,1478,10.6333
2279,23,4,2.608093,2.907689,1460,10.6651
2280,4,36,4.004766,3.759753,1452,10.6921
2281,36,29,4.408209,4.130618,1468,10.6320
2282,29,38,3.926693,3.815479,1476,10.7016
2283,38,30,4.923640,4.272333,1343,10.4333
2284,30,62,2.787007,3.220744,1476,10.9825
2285,62,58,2.781691,2.586404,1455,10.6110
2286,58,54,4.571052,4.501070,1493,10.6078
2287,54,35,2.027903,2.296770,1163,9.5460
2288,35,53,4.398455,4.202030,1213,10.1028
2289,53,63,2.474255,2.693818,1473,10.8561
2290,63,47,5.533752,5.236504,1485,10.7295
2291,47,24,3.294691,3.611844,1481,10.6674
2292,24,0,4.000571,3.883726,1479,10.7467
2293,0,44,4.514393,4.179530,1474,10.7343
2294,44,28,3.840044,3.954241,1436,10.7355
2295,28,55,4.260299,4.018177,1380,10.4695
2296,55,41,4.504970,4.341138,1486,10.8460
2297,41,50,4.836893,4.416804,1480,10.6866
2298,50,23,5.250543,4.234154,1395,10.6375
2299,23,41,3.973778,3.922115,1462,10.6316
2300,41,50,4.622738,4.387527,1467,10.5850
2301,50,23,4.221583,4.065170,1459,10.6475
2302,23,40,2.140168,2.523809,1417,10.5459
2303,40,47,4.194471,4.008822,1465,10.7351
2304,47,23,3.028733,3.500810,1199,9.5986
2305,23,40,2.005089,2.419552,1468,10.6296
2306,40,47,4.012642,3.903379,1464,10.6489
2307,47,23,2.889453,3.328035,1464,10.8147
2308,23,40,1.902484,2.318545,1455,10.6032
2309,40,47,3.933093,3.787837,1453,10.5919
2310,47,23,2.764344,3.153624,1454,10.5437
2311,23,40,1.770442,2.226640,1444,10.5760
2312,40,48,4.080089,4.193313,1449,10.5476
2313,48,24,3.399188,3.302382,1449,10.6161
2314,24,48,3.612157,3.429087,1199,9.4918
2315,48,24,3.335327,3.195454,1443,10.6344
2316,24,0,3.920296,3.854698,1384,10.2182
2317,0,26,3.491710,3.546904,1477,10.6168
2318,26,51,2.295043,2.391139,1461,10.6871
2319,51,1,2.042258,2.095364,1467,10.7423
2320,1,52,3.819971,3.779170,1489,10.5739
2321,52,21,3.448728,3.486041,1236,9.8571
2322,21,4,6.134876,5.500658,1055,9.2157
2323,4,49,2.694703,2.617153,1470,10.6411
2324,49,40,1.853913,2.003653,1454,10.6422
2325,40,47,3.781508,3.700052,1484,10.7110
2326,47,24,3.067885,3.376487,1473,10.7376
2327,24,48,3.531434,3.341362,1456,10.7566
2328,48,24,3.110910,3.060606,1453,10.6367
2329,24,48,3.352153,3.232008,1484,10.5845
2330,48,55,4.577367,4.456569,1382,10.4235
2331,55,13,4.728502,4.173401,1486,10.7365
2332,13,12,2.373686,1.449557,1467,10.5904
2333,12,13,1.498286,1.239840,1447,10.6470
2334,13,56,4.261572,4.554574,1468,10.6753
2335,56,17,4.022804,3.956245,1428,10.5115
2336,17,37,4.581683,4.040710,1463,10.5921
2337,37,31,3.319245,3.512082,1468,10.7191
2338,31,62,3.478447,3.676770,1471,10.7796
2339,62,30,3.929918,3.803998,1483,10.7540
2340,30,62,2.846832,3.166136,1456,10.6507
2341,62,26,3.247749,3.300457,1472,10.5890
2342,26,50,3.151274,3.141128,1469,10.7077
2343,50,23,4.395636,4.119886,1423,10.6992
2344,23,4,2.884279,3.062730,1466,11.0388
2345,4,36,3.868397,3.602941,1489,10.6299
2346,36,4,2.913907,2.981143,1482,10.7151
2347,4,31,4.186352,4.269690,1444,10.5426
2348,31,41,3.632321,3.524465,1470,10.7118
2349,41,5,4.558866,4.265349,1466,10.8045
2350,5,6,3.770994,3.934279,646,6.3613
2351,6,26,5.012680,4.664937,402,5.6698
2352,26,50,3.108632,3.016259,1469,10.6445
2353,50,23,4.651163,4.057104,1469,10.6001
2354,23,4,2.525919,2.847546,1447,10.5428
2355,4,36,3.729497,3.513366,1445,10.5641
2356,36,23,2.758480,3.353762,1467,10.7057
2357,23,41,3.793886,3.834644,1491,10.5996
2358,41,50,4.736539,4.419744,1444,10.5404
2359,50,23,3.873526,3.877135,1455,10.6751
2360,23,41,3.611860,3.710443,1472,10.6249
2361,41,13,3.121774,3.227917,1453,10.5620
2362,13,12,1.967214,1.426405,1426,10.5553
2363,12,13,1.384533,1.196330,1486,10.5871
2364,13,12,1.684184,1.356196,1457,10.5987
2365,12,13,1.169084,1.148660,1446,10.5381
2366,13,12,1.460169,1.292132,1454,10.6071
2367,12,13,1.131152,1.116011,1475,10.5822
2368,13,56,4.394132,4.644854,1494,10.6298
2369,56,17,3.973945,3.926843,1473,10.6391
2370,17,1,4.677743,4.285958,1440,10.5350
2371,1,53,3.854425,3.877342,1443,10.7424
2372,53,63,2.253634,2.668786,609,7.3205
2373,63,47,5.351044,5.562378,480,6.7901
2374,47,33,3.888341,3.708560,1449,10.6685
2375,33,42,4.430341,4.031936,1455,10.6927
2376,42,43,3.883830,3.869563,1412,10.6685
2377,43,20,3.823084,3.777582,1370,10.4292
2378,20,24,5.505552,4.635983,1214,10.1143
2379,24,48,3.418658,3.196561,1464,10.5687
2380,48,22,3.480528,3.421144,1508,10.6331
2381,22,1,3.647716,3.402311,1472,10.6215
2382,1,52,2.895422,3.617002,1276,10.3470
2383,52,21,3.386802,3.419246,677,7.3464
2384,21,4,6.230463,5.600440,1071,9.5206
2385,4,49,2.771269,2.679303,1482,10.6749
2386,49,40,2.157853,2.266335,1473,10.5844
2387,40,47,3.789558,3.591130,1445,10.5134
2388,47,23,2.890426,3.315815,1454,10.6773
2389,23,40,2.128907,2.432547,1459,10.5325
2390,40,48,3.332278,3.511046,1474,10.6252
2391,48,24,3.251149,3.054492,1468,10.5639
2392,24,0,3.891685,3.820020,1481,10.5272
2393,0,44,4.546673,4.166245,1453,10.6842
2394,44,62,4.360139,3.819976,699,7.2437
2395,62,30,3.847997,3.642166,1473,10.6008
2396,30,0,3.514485,3.480569,1471,10.7858
2397,0,26,3.645796,3.488436,1482,10.7200
2398,26,51,2.643976,2.477212,1448,10.7669
2399,51,1,1.830615,2.119555,1455,10.7074
2400,1,14,2.317162,2.624898,1470,10.7063
2401,14,45,2.700662,2.690204,1453,10.6022
2402,45,49,5.334955,4.684276,1460,10.5760
2403,49,55,4.720235,4.490902,1479,10.6443
2404,55,13,4.233762,4.121305,1462,10.6298
2405,13,12,1.746140,1.268497,1466,10.7391
2406,12,13,1.430536,1.148538,1456,10.7311
2407,13,12,1.317912,1.207251,1465,10.6469
2408,12,13,1.162369,1.126347,1481,10.6063
2409,13,12,1.285179,1.161403,1443,10.6277
2410,12,13,1.074650,1.102068,1467,10.6405
2411,13,12,1.202948,1.123934,1506,10.6422
2412,12,13,1.041213,1.083132,1488,10.6577
2413,13,23,3.099650,3.727468,1457,10.6466
2414,23,41,3.551534,3.646924,1459,10.6230
2415,41,50,4.797684,4.381944,1462,10.6231
2416,50,3,4.787744,4.698169,1449,10.6624
2417,3,52,3.531706,3.912870,780,7.5664
2418,52,54,2.954711,3.315603,812,7.5187
2419,54,35,2.079646,2.276645,1000,8.4331
2420,35,53,4.252605,4.079392,1494,10.7388
2421,53,63,2.816790,2.552543,1329,10.2602
2422,63,54,1.681613,1.787462,1265,9.9454
2423,54,35,2.016464,2.198177,1469,10.6353
2424,35,10,2.483207,2.582103,1258,10.0558
2425,10,12,3.828887,4.485169,1467,10.7288
2426,12,13,1.023516,1.031058,1410,10.5088
2427,13,23,2.837944,3.509185,1477,10.7175
2428,23,4,2.948383,3.086065,1441,10.5858
2429,4,49,2.955326,2.732651,1433,10.7148
2430,49,40,2.173780,2.262844,1414,10.5229
2431,40,47,3.664852,3.505608,1456,10.5963
2432,47,24,3.085544,3.396742,1455,10.7147
2433,24,0,3.883718,3.720019,1458,10.8144
2434,0,26,3.417405,3.459039,1479,10.6792
2435,26,50,3.012969,2.980943,1457,10.7767
2436,50,57,4.235080,4.086923,1482,10.6508
2437,57,34,3.727919,3.607281,1370,10.4030
2438,34,53,3.909271,3.985105,649,6.4738
2439,53,63,2.334090,2.519139,1113,9.3789
2440,63,47,5.565601,5.602595,1456,10.6209
2441,47,33,3.844142,3.657356,1487,10.6427
2442,33,13,2.799917,3.653244,1484,10.8343
2443,13,23,2.489266,3.262784,1461,10.6732
2444,23,41,3.534901,3.609448,1432,10.5314
2445,41,50,4.720582,4.332787,1449,10.6288
2446,50,57,4.074716,4.010905,1461,10.9135
2447,57,12,5.667186,4.601718,1380,10.5664
2448,12,13,1.030948,1.003703,1454,10.6634
2449,13,12,1.568879,1.431240,1486,10.6179
2450,12,30,5.812360,5.964456,1450,10.6080
2451,30,0,3.364309,3.413295,1467,10.8261
2452,0,44,4.577711,4.160002,1456,10.7058
2453,44,62,4.034884,3.729384,1304,10.5243
2454,62,58,2.833145,2.677194,1465,10.6087
2455,58,4,3.476877,3.309531,1472,10.7848
2456,4,49,2.900182,2.695767,1468,10.7372
2457,49,40,2.171027,2.238134,1448,10.6127
2458,40,47,3.763234,3.554611,1464,10.6112
2459,47,23,2.660753,3.268364,1444,10.5835
2460,23,4,2.948915,3.083980,1451,10.6122
2461,4,36,3.773047,3.493548,1448,10.5988
2462,36,29,4.470797,4.159220,1446,10.5373
2463,29,2,3.876007,4.034914,1456,10.9898
2464,2,33,4.997853,4.425040,1306,10.3632
2465,33,17,3.945614,3.878622,1460,10.7335
2466,17,37,4.551582,4.020443,1465,10.7932
2467,37,31,3.355797,3.476762,1453,10.6609
2468,31,41,3.203870,3.389441,1482,10.6815
2469,41,50,4.447658,4.302591,1478,10.5917
2470,50,23,3.934588,3.637588,1474,10.7529
2471,23,40,2.239221,2.528805,1448,10.6894
2472,40,47,3.570260,3.446420,1454,10.5632
2473,47,33,3.796641,3.626078,1469,10.5997
2474,33,13,3.005615,3.724468,1453,10.6130
2475,13,12,1.681367,1.297021,1467,10.5547
2476,12,13,1.095951,1.090116,1447,10.5712
2477,13,56,4.254540,4.608849,1491,10.5934
2478,56,17,3.887356,3.878128,1452,10.6179
2479,17,37,4.459995,3.993883,1472,10.6386
2480,37,31,3.220481,3.415448,1473,10.6704
2481,31,62,3.815762,3.803076,1461,10.8267
2482,62,30,3.788367,3.553538,1464,10.6470
2483,30,37,4.361709,4.305442,1467,10.6251
2484,37,31,3.134495,3.346223,1465,10.6498
2485,31,41,3.161266,3.335616,1449,10.6570
2486,41,50,4.318202,4.261381,1462,10.6816
2487,50,23,3.405221,3.479823,1448,10.6747
2488,23,40,2.272852,2.478518,1454,10.5303
2489,40,62,3.119518,3.427135,1466,10.6839
2490,62,30,3.555459,3.487226,1451,10.5798
2491,30,0,3.297599,3.349665,1443,10.5424
2492,0,44,4.513575,4.099455,1450,10.6031
2493,44,62,4.225996,3.654345,1298,10.3549
2494,62,30,3.439801,3.380492,1480,10.5342
2495,30,37,4.240916,4.314620,1441,10.5871
2496,37,40,4.633341,4.534917,1457,10.6618
2497,40,47,3.389723,3.267171,1477,10.5859
2498,47,23,2.768511,3.200258,1445,10.5668
2499,23,40,2.044365,2.418222,1448,10.5706
2500,40,62,3.012284,3.339044,1445,10.5213
2501,62,30,3.257162,3.299656,1413,10.4688
2502,30,0,3.228991,3.252144,1472,10.8129
2503,0,48,3.775430,3.791344,1481,10.5670
2504,48,24,3.386029,3.109190,1433,10.5410
2505,24,23,2.549046,2.980513,1479,10.6017
2506,23,40,1.999697,2.352289,1483,10.5843
2507,40,62,2.918412,3.231099,1440,10.4859
2508,62,26,3.152457,3.302582,1472,10.6336
2509,26,51,2.415185,2.542729,1476,10.7172
2510,51,1,1.864039,2.136951,1493,10.6884
2511,1,53,3.925681,3.922913,1410,10.3668
2512,53,63,2.291978,2.492522,1471,10.6168
2513,63,32,3.916405,4.210135,1220,10.0060
2514,32,44,4.656320,4.443694,794,8.0965
2515,44,62,3.806631,3.705360,1464,10.6386
2516,62,58,2.810009,2.798505,1511,10.5646
2517,58,4,3.304209,3.329050,1438,10.5235
2518,4,36,3.730128,3.458179,1446,10.5202
2519,36,4,2.994854,2.974057,1437,10.6051
2520,4,31,4.194326,4.220754,1460,10.5594
2521,31,41,3.191710,3.259587,1474,10.7069
2522,41,5,4.702565,4.437867,1434,10.5160
2523,5,59,3.533898,3.806674,1413,10.7892
2524,59,8,3.473178,3.721205,1196,9.6162
2525,8,46,3.393384,3.379277,1162,9.5485
2526,46,0,4.824195,4.709894,1436,10.9090
2527,0,26,3.254038,3.365117,1491,10.6751
2528,26,50,3.004583,2.951787,1453,10.5441
2529,50,23,3.613918,3.473081,776,6.1569
2530,23,41,3.333380,3.455710,1462,10.6281
2531,41,5,4.662578,4.405562,1460,10.5496
2532,5,6,3.887171,3.934896,1464,10.6950
2533,6,26,5.171616,4.718282,1463,10.6315
2534,26,50,2.889293,2.847640,1438,10.6065
2535,50,57,4.226034,4.050163,1379,10.3161
2536,57,34,3.829755,3.636420,1480,10.6720
2537,34,27,3.820515,3.902301,1251,10.1470
2538,27,19,3.913719,3.908368,1436,10.6120
2539,19,40,5.978900,4.740866,1411,10.4639
2540,40,48,3.423200,3.491460,1430,10.5321
2541,48,22,3.740649,3.475905,1437,10.4888
2542,22,26,3.769070,4.063311,1454,10.6386
2543,26,51,2.595197,2.532530,1462,10.7263
2544,51,1,1.795259,2.107923,1461,10.7098
2545,1,53,3.982143,3.778893,1451,10.7393
2546,53,5,4.903973,4.705280,1447,10.6535
2547,5,59,3.470500,3.781251,1464,10.9051
2548,59,8,3.436370,3.676177,1431,10.5858
2549,8,33,5.226631,4.708837,1452,10.5958
2550,33,13,3.355767,3.808105,1371,10.4092
2551,13,12,1.918554,1.285014,1419,10.7411
2552,12,13,1.225564,1.099591,1444,10.7770
2553,13,12,1.453761,1.222229,1406,10.4284
2554,12,13,1.125599,1.077259,1444,10.6005
2555,13,23,3.018258,3.477742,1388,10.3648
2556,23,40,2.337458,2.545149,1442,10.6401
2557,40,62,2.919484,3.165840,1462,10.6093
2558,62,58,2.679040,2.785008,1415,10.5576
2559,58,4,3.065635,3.216616,1464,10.6799
2560,4,36,3.628840,3.388198,1152,9.4881
2561,36,4,2.867069,2.891881,1478,10.7093
2562,4,49,3.021646,2.909577,1196,9.6629
2563,49,22,3.492017,3.570102,1488,10.5809
2564,22,1,3.256696,3.374464,1461,10.6555
2565,1,14,2.408695,2.616228,1463,10.7416
2566,14,45,2.738158,2.630771,1445,10.6067
2567,45,26,4.354887,4.133487,1463,10.5937
2568,26,51,2.599460,2.432031,1451,10.7311
2569,51,1,1.834517,2.083858,1465,10.6774
2570,1,14,2.365031,2.542686,1438,10.5259
2571,14,1,1.972196,1.944545,1465,10.6036
2572,1,53,4.135628,3.790373,1464,10.5743
2573,53,63,2.394158,2.575275,1412,10.5672
2574,63,54,1.946609,1.843309,950,8.0535
2575,54,35,1.932473,2.205845,1473,10.5662
2576,35,10,2.385534,2.491806,1299,9.9233
2577,10,25,3.218559,3.080729,1395,10.5172
2578,25,8,3.591585,3.658957,1406,10.5734
2579,8,33,5.126367,4.654202,1442,10.6118
2580,33,42,4.411476,3.967409,1317,10.4111
2581,42,49,3.803399,3.922777,1369,10.4215
2582,49,22,3.463266,3.444740,1446,10.6791
2583,22,26,3.935320,4.010539,1448,10.5817
2584,26,51,2.414682,2.406232,1437,10.6540
2585,51,1,1.559634,2.028241,1464,10.6422
2586,1,14,2.175124,2.463646,1460,10.6820
2587,14,57,3.733530,3.987765,1431,10.6455
2588,57,34,3.947228,3.585401,1457,10.6987
2589,34,27,3.742048,3.866450,1482,10.6720
2590,27,30,5.147609,4.750975,1452,10.6671
2591,30,0,3.415768,3.300162,1424,10.6625
2592,0,26,3.412404,3.395148,1417,10.5277
2593,26,51,2.369561,2.367223,1456,10.6900
2594,51,8,5.328557,5.593843,1454,10.6879
2595,8,46,3.332123,3.322104,1477,10.6482
2596,46,52,4.172744,3.730748,1366,10.4084
2597,52,25,4.440466,4.693463,1477,10.6160
2598,25,41,4.323232,4.307984,1460,10.7597
2599,41,50,4.128329,4.288255,1015,8.6488
2600,50,57,4.098845,3.979609,1316,10.2806
2601,57,34,3.766362,3.569601,1465,10.6280
2602,34,27,3.662096,3.833553,1426,10.5754
2603,27,19,3.868646,3.854553,1439,10.9833
2604,19,62,5.764902,4.847884,1463,10.6564
2605,62,30,3.446766,3.399151,1462,10.5752
2606,30,0,3.162448,3.216477,1308,10.2624
2607,0,26,3.335555,3.297889,1385,10.4713
2608,26,50,2.790036,2.815978,1385,10.4641
2609,50,23,3.651073,3.415563,1421,10.5297
2610,23,40,2.258394,2.549117,1371,10.5322
2611,40,62,2.902074,3.218404,1442,10.6047
2612,62,30,3.363177,3.326227,1322,10.0607
2613,30,62,2.776179,2.894125,1404,10.5118
2614,62,30,3.236164,3.196666,1429,10.6402
2615,30,0,3.125383,3.126242,1086,8.9473
2616,0,44,4.487312,4.151320,1470,10.6162
2617,44,62,3.812555,3.636118,1483,10.8718
2618,62,58,2.840627,2.840436,1472,10.7201
2619,58,54,3.883708,4.215565,1357,10.2311
2620,54,37,4.438536,4.523279,1459,10.7495
2621,37,10,2.886596,2.891089,1475,10.7352
2622,10,25,2.940131,2.965190,1460,10.5962
2623,25,8,3.424258,3.617792,1469,10.6501
2624,8,46,3.381268,3.234734,1433,10.5805
2625,46,52,3.736560,3.627742,1464,10.6034
2626,52,21,3.450461,3.334086,1439,10.5673
2627,21,35,3.117048,3.312566,1473,10.6561
2628,35,53,4.314146,4.054419,1457,10.6022
2629,53,5,4.872001,4.670577,1466,10.6548
2630,5,6,3.769894,3.852068,231,4.4038
2631,6,51,4.853989,4.593760,1458,10.6803
2632,51,1,1.763797,2.050751,1439,10.5999
2633,1,53,3.805062,3.724264,1471,10.7817
2634,53,63,2.257831,2.534215,1477,10.7546
2635,63,54,2.031247,1.852825,1468,10.6386
2636,54,35,1.941800,2.197834,1454,10.6189
2637,35,53,4.252687,4.015652,1441,10.5829
2638,53,63,2.187635,2.386953,1469,10.6760
2639,63,54,1.734237,1.801262,1447,10.5934
2640,54,63,1.775068,1.638116,1434,10.4930
2641,63,47,6.431535,5.827220,1465,10.6048
2642,47,23,2.941793,3.365914,737,7.0292
2643,23,4,2.968691,3.101830,756,7.8706
2644,4,49,2.947511,2.883625,1032,9.5657
2645,49,22,3.617546,3.389843,815,7.1373
2646,22,1,3.697682,3.411861,1325,10.3855
2647,1,53,3.888411,3.677023,1464,10.7050
2648,53,5,4.915889,4.687081,1461,10.6493
2649,5,6,3.671426,3.805527,1235,9.8636
2650,6,51,4.861261,4.584482,1414,10.5792
2651,51,55,4.349844,4.569220,1487,10.6849
2652,55,20,4.352365,4.090704,1192,9.1187
2653,20,32,3.707060,4.003931,1450,10.7139
2654,32,32,3.326569,2.647973,1399,10.4147
2655,32,54,3.084471,3.245041,1465,10.5774
2656,54,35,2.077390,2.186204,1454,10.6192
2657,35,10,2.204233,2.547301,1430,10.6907
2658,10,25,2.879084,2.877042,1254,9.9418
2659,25,41,4.587475,4.223560,1413,10.5030
2660,41,50,4.362659,4.267585,1109,9.3220
2661,50,23,3.453343,3.231188,1343,10.2150
2662,23,4,2.850339,2.965980,1454,10.6159
2663,4,49,2.775709,2.778200,1325,10.4570
2664,49,40,2.249230,2.393976,1438,10.5350
2665,40,62,2.825118,3.131928,1484,10.5766
2666,62,58,2.935619,2.806492,1434,10.6114
2667,58,54,3.781753,4.262057,1447,10.6727
2668,54,37,4.449946,4.487965,1458,10.6632
2669,37,10,2.572132,2.790399,1451,10.6590
2670,10,25,2.748304,2.746604,1392,10.3250
2671,25,60,4.344448,4.217330,1423,10.4887
2672,60,21,3.464044,3.624394,1398,10.6328
2673,21,35,2.898910,3.278069,1422,10.5227
2674,35,10,2.239177,2.445746,1454,10.5766
2675,10,12,4.508924,4.626074,1469,10.7286
2676,12,13,1.660869,1.080210,1282,10.4055
2677,13,12,1.865006,1.264410,1457,10.6170
2678,12,13,1.044738,1.050080,1438,10.5891
2679,13,23,2.683189,3.530045,1470,10.7848
2680,23,40,2.217798,2.531239,1331,10.3725
2681,40,48,3.477342,3.516598,1456,10.5552
2682,48,24,3.519557,3.150898,1445,10.7434
2683,24,23,2.558517,3.048708,1459,10.6009
2684,23,41,3.734239,3.635196,1424,10.4935
2685,41,50,4.217160,4.194080,1459,10.5909
2686,50,23,3.633191,3.101227,1449,10.7321
2687,23,41,3.562401,3.522241,1464,10.7921
2688,41,50,4.300305,4.091825,1466,10.6095
2689,50,57,4.378903,4.045141,1472,10.6202
2690,57,34,3.828264,3.545671,1365,10.4115
2691,34,16,3.713792,3.699118,523,5.9006
2692,16,13,4.201040,4.261807,707,6.9459
2693,13,12,1.810895,1.219069,1433,10.6175
2694,12,13,1.208750,1.082831,1477,10.7545
2695,13,12,1.493264,1.164043,1476,10.6934
2696,12,13,1.130607,1.061990,1452,10.6038
2697,13,23,3.019533,3.583484,1468,10.6022
2698,23,40,2.225097,2.545388,1464,10.6029
2699,40,47,4.113724,3.569578,1459,10.6622
2700,47,33,4.019760,3.684758,1482,10.7325
2701,33,17,3.892628,3.890903,1445,10.6941
2702,17,37,4.635074,3.996394,1443,10.7204
2703,37,40,5.441740,4.701861,1217,9.8709
2704,40,62,2.922785,3.068050,1466,10.6983
2705,62,58,2.797522,2.753042,1478,10.6573
2706,58,56,4.533577,4.089954,1487,10.7664
2707,56,17,3.835410,3.896505,1466,10.8047
2708,17,37,4.440342,3.968955,1451,10.6837
2709,37,31,3.168952,3.316917,1474,11.0325
2710,31,62,3.563000,3.812561,1463,10.7590
2711,62,58,2.734700,2.646500,1482,10.7424
2712,58,56,4.216478,3.990543,1458,10.6482
2713,56,24,3.462481,3.564196,1464,10.5610
2714,24,0,3.805058,3.720884,1463,10.5692
2715,0,26,3.316584,3.350598,1464,10.5824
2716,26,51,2.312498,2.654107,1453,10.6874
2717,51,1,1.758958,2.042591,1450,10.6617
2718,1,14,2.377335,2.437338,1455,10.7669
2719,14,45,2.651189,2.677929,1424,10.6876
2720,45,26,4.354084,4.289064,1412,10.5383
2721,26,51,2.802974,2.537906,1478,10.6635
2722,51,1,1.648990,2.014230,1448,10.8355
2723,1,53,3.831976,3.516350,1457,10.6210
2724,53,5,4.760193,4.581742,1351,10.2277
2725,5,28,3.653696,3.712811,1072,8.9252
2726,28,55,4.274056,4.002946,1397,10.5950
2727,55,41,4.671640,4.453131,1470,10.7107
2728,41,50,4.165557,3.960289,1146,9.2262
2729,50,3,5.033945,4.938299,1450,10.6567
2730,3,52,3.460636,3.952748,1375,10.4459
2731,52,21,3.267501,3.253643,718,5.7752
2732,21,59,3.524697,3.654412,1419,10.6182
2733,59,54,4.408264,4.285891,1256,9.8780
2734,54,37,3.967068,4.393604,1410,10.5465
2735,37,31,3.089221,3.247579,1295,10.1162
2736,31,62,3.676303,3.782256,1433,10.5484
2737,62,58,2.396951,2.590773,1477,10.7683
2738,58,56,4.148247,3.866843,1468,10.5869
2739,56,17,3.806668,3.881655,1387,10.3391
2740,17,37,4.477583,3.984453,1437,10.5844
2741,37,31,2.938237,3.170775,1452,10.6175
2742,31,62,3.591956,3.720588,1451,10.6089
2743,62,26,3.255019,3.467056,1454,10.6126
2744,26,51,2.267197,2.514869,1413,10.4803
2745,51,1,1.587988,1.987200,1462,10.7046
2746,1,53,3.571600,3.345155,1455,10.5958
2747,53,63,2.443383,2.603103,1451,10.6703
2748,63,54,1.946398,1.821013,1444,10.5857
2749,54,63,1.844554,1.667946,1462,10.5946
2750,63,32,3.954871,4.047276,1445,10.6090
2751,32,44,4.662308,4.447583,1482,10.6443
2752,44,62,3.857427,3.761649,1448,10.6579
2753,62,58,2.511233,2.519590,1477,10.7271
2754,58,56,3.857673,3.736557,1467,10.6267
2755,56,42,4.583190,4.591217,1374,10.3790
2756,42,43,3.983997,3.851683,1312,10.0638
2757,43,20,3.754140,3.745814,1213,9.5174
2758,20,24,5.322776,4.567618,1446,10.6950
2759,24,23,2.677830,3.124587,1471,10.7688
2760,23,4,2.848090,3.169778,1448,10.7298
2761,4,49,3.037154,2.891891,1456,10.5492
2762,49,55,4.535427,4.479817,1456,10.6429
2763,55,41,4.853688,4.367033,1490,10.5900
2764,41,50,4.056495,3.851975,1081,8.7933
2765,50,3,4.980669,4.846369,1431,10.5603
2766,3,52,3.556505,3.979067,1381,10.3248
2767,52,54,3.076565,3.206729,1471,10.6358
2768,54,35,1.990679,2.296638,1436,10.7041
2769,35,46,3.325483,3.577560,1434,10.6070
2770,46,52,3.685294,3.621369,1361,10.3380
2771,52,21,3.207136,3.162781,1101,9.0544
2772,21,4,6.319959,5.729176,1454,10.5311
2773,4,49,2.824173,2.822078,946,7.4882
2774,49,22,3.356699,3.440478,772,6.0292
2775,22,1,3.354333,3.387135,1478,10.6311
2776,1,52,3.667555,4.121146,1464,10.6666
2777,52,54,2.885567,3.096062,1468,10.6468
2778,54,35,1.830661,2.213063,1437,10.6082
2779,35,53,4.262970,4.146425,1474,10.6130
2780,53,63,2.362003,2.462807,1465,10.5871
2781,63,47,5.828156,5.526620,1439,10.6447
2782,47,24,3.284608,3.618023,1453,10.7387
2783,24,23,2.569600,3.049124,1246,10.3768
2784,23,40,2.316401,2.669868,1419,10.6129
2785,40,62,2.778137,2.997489,1419,10.7497
2786,62,30,3.413757,3.340210,1498,10.7490
2787,30,62,2.630517,2.785420,1477,10.9458
2788,62,26,3.324581,3.395643,1362,10.3890
2789,26,50,3.051432,2.883083,1469,10.6657
2790,50,23,2.867169,2.983309,1459,10.7107
2791,23,40,2.221889,2.577137,1349,10.3678
2792,40,62,2.492543,2.852578,1445,10.7859
2793,62,58,2.609874,2.567978,1392,10.5491
2794,58,54,4.861925,4.754255,1475,10.7431
2795,54,35,1.867473,2.172006,1402,10.4938
2796,35,53,3.773750,3.992436,1466,10.7614
2797,53,5,4.732520,4.584799,1451,10.6689
2798,5,28,3.482045,3.673530,1133,9.3688
2799,28,55,4.191758,3.976029,1332,10.4062
2800,55,41,4.494384,4.379650,1427,10.5178
2801,41,5,4.986319,4.620167,1388,10.5252
2802,5,28,3.430282,3.659455,1456,10.6658
2803,28,53,3.801833,3.977950,1429,10.6408
2804,53,63,2.204301,2.328320,1455,10.6981
2805,63,32,3.741494,3.901959,1468,10.6457
2806,32,44,4.593741,4.410449,1456,10.6460
2807,44,62,3.923442,3.838854,1461,10.6460
2808,62,58,2.500005,2.457931,1458,10.6384
2809,58,56,3.805742,3.657273,1251,10.0192
2810,56,24,3.526414,3.597346,1434,10.5246
2811,24,23,2.571754,2.986545,1412,10.5663
2812,23,40,2.134480,2.501773,1472,10.6524
2813,40,48,3.489309,3.550892,1452,10.6864
2814,48,22,3.294318,3.307118,1456,10.6706
2815,22,26,3.666613,3.984897,1471,10.5945
2816,26,50,2.917399,2.808629,1358,10.2339
2817,50,23,2.984649,2.962280,1407,10.4750
2818,23,40,2.061789,2.408172,1311,9.9680
2819,40,47,4.141287,3.716594,1446,10.5520
2820,47,24,3.175580,3.489615,1453,10.5888
2821,24,48,3.330389,3.119659,1465,10.5388
2822,48,22,3.202954,3.266061,1410,10.4604
2823,22,33,4.150381,3.844680,1436,10.5404
2824,33,13,3.350244,3.904502,1465,10.8205
2825,13,23,2.539041,3.294597,1480,10.7470
2826,23,41,3.516456,3.594936,1473,10.7426
2827,41,50,3.899488,3.768298,1451,10.5798
2828,50,57,4.478326,4.137441,1446,10.6325
2829,57,12,5.380906,4.676762,1313,10.2899
2830,12,30,5.305027,5.645541,1463,10.5823
2831,30,0,3.348523,3.221104,1482,10.8083
2832,0,48,3.689618,3.788684,1475,10.7406
2833,48,24,3.298756,3.009128,1476,10.8514
2834,24,48,3.075003,2.967015,1466,10.6501
2835,48,24,3.079725,2.887659,1472,10.6417
2836,24,23,2.498700,2.829597,1453,10.5797
2837,23,40,2.110099,2.452739,1443,10.5895
2838,40,47,3.756325,3.589517,1456,10.5697
2839,47,33,3.899714,3.632933,1465,10.6523
2840,33,42,4.288315,3.940055,1449,10.6263
2841,42,43,3.862407,3.828042,1473,10.7512
2842,43,37,4.435817,4.322373,1280,9.9220
2843,37,31,2.933253,3.165975,1509,10.8476
2844,31,41,3.168159,3.327053,1460,10.8268
2845,41,50,3.718875,3.735039,1488,11.0271
2846,50,23,3.218340,2.844361,1438,10.6781
2847,23,40,1.904556,2.355439,1460,10.6249
2848,40,62,2.766482,3.072030,1469,10.8412
2849,62,30,3.351708,3.305415,1468,10.5555
2850,30,0,3.159840,3.157308,1509,10.6083
2851,0,44,4.664314,4.207355,1466,10.6298
2852,44,28,3.743420,3.997405,731,7.4091
2853,28,55,4.127493,3.911462,1338,10.4701
2854,55,13,4.491647,4.358310,1455,10.6802
2855,13,56,4.198059,4.764995,1430,10.6687
2856,56,24,3.260874,3.422661,1462,10.6728
2857,24,0,3.762057,3.667672,1466,10.6145
2858,0,44,4.522474,4.161584,1443,10.5847
2859,44,62,4.407381,3.658819,1450,10.6010
2860,62,58,2.615546,2.552358,1440,10.5634
2861,58,4,3.274064,3.465935,1468,10.6349
2862,4,31,4.109638,4.148202,1494,10.5793
2863,31,62,4.087232,3.803591,1477,10.6599
2864,62,58,2.389099,2.459329,1412,10.4980
2865,58,56,3.717684,3.554881,1464,10.6565
2866,56,42,4.570239,4.596398,1451,10.5565
2867,42,49,3.482064,3.814156,1460,10.7230
2868,49,40,2.291225,2.436294,1444,10.5546
2869,40,47,3.739712,3.522692,1447,10.5229
2870,47,24,2.925568,3.279099,1445,10.6228
2871,24,0,3.546223,3.577542,1471,10.5452
2872,0,44,4.507657,4.105507,1448,10.5808
2873,44,28,3.813545,4.074413,1293,10.3987
2874,28,53,3.671617,3.861570,866,8.3360
2875,53,63,2.061380,2.261754,843,8.0259
2876,63,32,3.383232,3.765271,857,7.5098
2877,32,44,4.753013,4.507453,611,6.9243
2878,44,62,3.699118,3.656387,1435,10.5861
2879,62,30,3.337242,3.216319,1452,10.5563
2880,30,0,3.036752,3.013323,1445,10.5623
2881,0,44,4.511574,4.093597,1451,10.5447
2882,44,28,4.308780,4.067911,1461,10.7780
2883,28,54,4.226870,4.378181,474,5.9798
2884,54,63,1.752471,1.633006,1369,10.6201
2885,63,54,1.912663,1.952459,1412,10.4972
2886,54,37,4.205401,4.469350,1478,10.6661
2887,37,10,2.415997,2.741043,1457,10.6536
2888,10,25,2.785936,2.696984,1459,10.5996
2889,25,60,4.257107,4.102787,1160,8.8165
2890,60,21,3.363647,3.575203,1407,10.5278
2891,21,59,3.719775,3.598748,1459,10.5464
2892,59,8,3.642846,3.639421,1368,10.3901
2893,8,59,3.566158,3.619528,1448,10.6194
2894,59,54,4.039912,4.064910,1438,10.6596
2895,54,63,1.649189,1.574732,1466,10.6840
2896,63,47,6.367849,5.945529,1426,10.5681
2897,47,24,2.761799,3.249873,1478,10.5716
2898,24,23,2.536870,2.876932,1217,9.6902
2899,23,40,1.950584,2.337769,1378,10.4588
2900,40,62,2.730171,3.125569,1377,10.4422
2901,62,26,3.214695,3.460512,1357,10.5058
2902,26,50,2.813951,2.768992,1474,10.7434
2903,50,23,2.769825,2.904749,1469,10.7371
2904,23,4,3.339274,3.516569,1399,10.4486
2905,4,49,3.288165,3.054990,1320,10.2601
2906,49,55,4.575555,4.479195,379,4.3933
2907,55,41,4.855401,4.400554,1471,10.8365
2908,41,50,3.815811,3.703153,1440,10.6088
2909,50,23,2.783588,2.764502,1442,10.6734
2910,23,40,1.913708,2.316759,1470,10.5897
2911,40,62,2.773033,3.064624,1482,10.7846
2912,62,58,2.669120,2.565651,1362,10.3389
2913,58,54,4.771159,4.908327,1467,10.5896
2914,54,35,2.127111,2.351171,1434,10.7789
2915,35,10,2.417325,2.489344,1478,10.8057
2916,10,12,4.148399,4.536950,1456,10.7855
2917,12,13,1.976830,1.154690,1455,10.7812
2918,13,23,2.867401,3.220113,1509,10.6854
2919,23,4,3.133032,3.444651,1482,10.6542
2920,4,31,4.120813,4.161645,1461,10.8613
2921,31,62,3.565519,3.662650,1465,10.6157
2922,62,58,2.503682,2.468788,1433,10.6366
2923,58,54,4.453776,4.857491,1469,10.6674
2924,54,63,1.590746,1.601209,1381,10.5241
2925,63,47,5.999182,5.708194,1434,10.7031
2926,47,24,2.832935,3.300663,1467,10.6353
2927,24,23,2.277982,2.788821,1451,10.6416
2928,23,4,3.006789,3.314828,1469,10.6098
2929,4,36,4.037169,3.640204,1455,10.6136
2930,36,4,3.078671,3.042168,1430,10.6270
2931,4,31,4.073712,4.149284,1482,10.7160
2932,31,62,3.356874,3.518108,1447,10.6967
2933,62,26,3.229000,3.513177,1443,10.6240
2934,26,51,2.707106,2.670411,1493,10.9029
2935,51,1,1.902475,2.065876,1453,10.6449
2936,1,14,2.238805,2.494702,1457,10.6549
2937,14,45,2.709389,2.653883,1446,10.7370
2938,45,0,5.825704,5.553748,1465,10.8022
2939,0,26,3.336817,3.229019,1467,10.6991
2940,26,50,2.724576,2.701172,1447,10.7412
2941,50,23,2.993242,2.794259,1460,10.6916
2942,23,40,2.080226,2.413031,1455,10.6985
2943,40,47,4.034820,3.871690,1439,10.6150
2944,47,24,2.883881,3.198761,1447,10.6471
2945,24,0,3.559148,3.593647,1445,10.5675
2946,0,26,3.140736,3.170571,1463,10.7320
2947,26,50,2.571441,2.597471,1472,10.6635
2948,50,3,5.090659,5.028869,1450,10.5918
2949,3,52,3.672172,3.979519,1384,10.4213
2950,52,54,2.954779,3.262340,1283,10.0862
2951,54,37,4.120426,4.308498,656,7.1706
2952,37,10,2.374101,2.632274,1449,10.7467
2953,10,12,4.199789,4.388186,1446,10.8538
2954,12,13,1.259188,1.153526,1454,10.6301
2955,13,56,4.212163,4.800863,1470,10.7267
2956,56,17,4.059567,3.989813,1451,10.6462
2957,17,37,4.687643,4.049630,1457,10.7118
2958,37,40,5.305658,4.983581,1466,10.6571
2959,40,47,3.906356,3.586277,1440,10.6023
2960,47,24,2.778758,3.076938,1461,10.6348
2961,24,0,3.542472,3.471922,1455,10.6534
2962,0,26,3.053467,3.117592,1474,10.6829
2963,26,51,2.661429,2.735799,1448,10.7132
2964,51,55,4.260546,4.536821,1440,10.5702
2965,55,20,4.016052,4.031734,1502,10.8651
2966,20,24,5.517895,4.789115,629,6.6009
2967,24,48,3.368717,3.102292,1451,10.6119
2968,48,24,2.987149,2.734451,1253,9.9171
2969,24,23,2.542690,2.865391,1446,10.6012
2970,23,40,2.077447,2.440948,1479,10.6810
2971,40,62,2.648512,3.050074,1480,10.6334
2972,62,30,3.373153,3.318254,1470,10.8801
2973,30,0,3.042899,3.018860,1432,10.7215
2974,0,44,4.445751,4.064932,1479,10.5989
2975,44,28,3.923751,4.051647,1465,10.6942
2976,28,55,4.047815,3.830451,862,8.1309
2977,55,41,4.857462,4.471923,1470,10.7827
2978,41,50,3.693035,3.682325,1441,10.5714
2979,50,57,4.391109,4.188518,1455,10.5510
2980,57,9,4.127813,4.236198,1469,10.6851
2981,9,7,3.807834,3.800894,1191,9.8387
2982,7,57,4.518774,4.225228,1091,9.5260
2983,57,34,3.716905,3.552978,1483,10.6410
2984,34,16,3.694387,3.641031,1443,10.7126
2985,16,41,4.975578,4.487128,1427,10.5013
2986,41,50,3.698097,3.672747,1456,10.5897
2987,50,3,5.044878,4.938513,1463,10.5890
2988,3,10,5.663029,4.758408,1480,10.6662
2989,10,1,7.525287,6.997612,1253,10.0260
2990,1,53,3.317698,3.110998,1498,10.5817
2991,53,5,4.597771,4.480498,1470,10.7103
2992,5,6,3.615163,3.780702,1460,10.6304
2993,6,5,3.799051,3.742159,1451,10.6228
2994,5,6,3.553550,3.694537,1473,10.6532
2995,6,26,5.480275,4.915438,1447,10.6700
2996,26,50,2.398678,2.517343,1359,10.4481
2997,50,23,2.861557,2.741852,1457,10.7280
2998,23,40,2.105688,2.375199,1374,10.5723
2999,40,62,2.600554,2.984860,1427,10.7160
3000,62,58,2.765874,2.685125,1421,10.5498
3001,58,56,3.767502,3.516881,1361,10.3804
3002,56,17,4.031805,3.966428,1441,10.7341
3003,17,37,4.701359,4.020656,1493,10.7412
3004,37,10,2.291789,2.698186,874,7.8767
3005,10,25,2.629768,2.642133,1413,10.7940
3006,25,8,3.893687,3.672962,1446,10.7774
3007,8,59,3.424912,3.592278,1442,10.6237
3008,59,58,6.344855,5.840947,1417,10.6258
3009,58,54,4.910692,4.408705,1417,10.6202
3010,54,35,2.224286,2.455092,1430,10.7441
3011,35,10,2.048653,2.417722,1460,10.7618
3012,10,25,2.541324,2.531282,1462,10.8498
3013,25,60,4.072025,4.088329,1460,10.6129
3014,60,45,4.032262,4.157676,1449,10.6837
3015,45,0,5.976972,5.570043,1035,8.9478
3016,0,44,4.409614,3.903407,1464,10.7207
3017,44,62,3.631215,3.407623,1359,10.2807
3018,62,26,3.003385,3.335309,1457,10.7234
3019,26,50,2.471618,2.448983,1348,10.3852
3020,50,23,2.718040,2.715145,1461,10.7412
3021,23,40,2.022792,2.317535,1480,10.7099
3022,40,62,2.675292,2.938369,1450,10.5892
3023,62,58,2.710704,2.769524,1460,10.7785
3024,58,56,3.643442,3.363883,1474,10.7241
3025,56,24,3.206778,3.355175,1445,10.5744
3026,24,23,2.407442,2.837895,1481,10.6704
3027,23,40,1.923765,2.237159,1455,10.6704
3028,40,62,2.615521,2.838734,1442,10.5838
3029,62,58,2.628701,2.723393,1387,10.4385
3030,58,4,3.464210,3.412068,1444,10.9629
3031,4,36,4.020388,3.587028,1478,10.6558
3032,36,4,3.107932,3.085405,1453,10.7164
3033,4,31,4.073842,4.091754,1457,10.5823
3034,31,36,4.162157,4.181818,1470,10.7216
3035,36,29,4.638583,4.138958,1463,10.7797
3036,29,38,3.813954,3.764747,1469,10.7141
3037,38,19,3.862260,3.971259,1462,10.6661
3038,19,40,5.902225,4.796151,1326,10.2178
3039,40,47,4.163609,3.608475,1463,10.6095
3040,47,24,2.710337,3.044071,1452,10.6967
3041,24,23,2.397443,2.836272,1486,10.7307
3042,23,4,2.912286,3.220876,1468,10.6571
3043,4,49,3.462019,3.206241,1461,10.6824
3044,49,55,4.598600,4.332811,1435,10.7876
3045,55,13,5.041982,4.394772,1454,10.6894
3046,13,12,2.011945,1.393719,1480,10.8739
3047,12,13,1.320612,1.184689,1471,10.7160
3048,13,12,1.783513,1.327411,1461,10.8071
3049,12,13,1.242826,1.132124,1447,10.6118
3050,13,23,2.708225,3.379147,1473,10.6347
3051,23,40,2.136025,2.405556,1449,10.6513
3052,40,47,3.833183,3.465530,1460,10.6326
3053,47,24,2.615906,2.941426,1467,10.5949
3054,24,23,2.210045,2.785681,1474,10.5821
3055,23,40,1.912733,2.309829,1447,10.8055
3056,40,48,3.547995,3.633643,1466,10.6396
3057,48,24,2.868651,2.683074,1463,10.5987
3058,24,0,3.528565,3.579301,1542,10.5973
3059,0,26,3.035040,3.177847,1472,10.7480
3060,26,51,2.695006,2.757085,1482,10.6438
3061,51,1,2.030857,2.246997,1478,10.5676
3062,1,14,2.347416,2.431524,835,6.6282
3063,14,57,3.736471,3.771148,1368,10.4828
3064,57,9,4.351865,4.090810,1398,10.4875
3065,9,7,3.742520,3.762017,1108,9.4726
3066,7,62,6.074423,5.126052,1308,10.3718
3067,62,58,2.801205,2.695393,1401,10.5603
3068,58,54,4.400126,4.481685,1361,10.4252
3069,54,63,1.722039,1.693861,1216,9.4503
3070,63,54,2.309745,1.992396,1458,10.7707
3071,54,63,1.728580,1.574436,1452,10.6486
3072,63,47,6.675393,5.938028,1454,10.6446
3073,47,33,3.999474,3.674630,1471,10.6998
3074,33,42,4.253809,3.880803,1466,10.7510
3075,42,43,3.765582,3.820299,1348,10.4139
3076,43,37,4.429214,4.325735,980,8.5384
3077,37,31,2.975965,3.243327,1358,10.2602
3078,31,62,3.582733,3.550354,1427,10.5252
3079,62,58,2.508043,2.590685,1466,10.7432
3080,58,56,3.512079,3.333887,1462,10.6341
3081,56,42,4.602949,4.609675,1467,10.6052
3082,42,48,3.488625,3.808498,1035,8.2778
3083,48,55,4.601059,4.505000,1473,10.7739
3084,55,20,4.004652,4.014254,1480,10.6214
3085,20,24,5.726082,4.829796,741,7.0660
3086,24,0,3.376584,3.446187,1433,10.6727
3087,0,44,4.294840,3.888674,1450,10.6120
3088,44,62,3.740453,3.381322,1455,10.6644
3089,62,30,3.493250,3.385558,1478,10.6746
3090,30,37,4.530978,4.511620,1449,10.6585
3091,37,31,2.946157,3.158011,1467,10.6889
3092,31,41,3.464683,3.513778,1469,10.6305
3093,41,13,3.391409,3.403319,1453,10.5667
3094,13,23,2.457938,3.155270,1453,10.6212
3095,23,40,1.932276,2.310470,1461,10.6903
3096,40,62,2.700784,3.043437,1425,10.5594
3097,62,58,2.467277,2.533544,1479,10.6142
3098,58,4,3.069416,3.264993,1474,10.6754
3099,4,36,3.915459,3.535581,1469,10.6403
3100,36,4,3.026152,2.980218,1467,10.6314
3101,4,49,3.431577,3.182573,1472,10.7430
3102,49,22,3.445790,3.556434,1447,10.5745
3103,22,33,4.121678,3.763262,1465,10.6254
3104,33,17,3.868253,3.861184,1457,10.6243
3105,17,37,4.577087,3.966727,1451,10.6138
3106,37,31,3.041807,3.074128,1403,10.5969
3107,31,62,3.415367,3.577862,1466,10.6212
3108,62,58,2.495713,2.470160,1468,10.8679
3109,58,4,2.822484,3.091330,1453,10.5906
3110,4,36,3.775176,3.474502,1466,10.5466
3111,36,4,2.838328,2.832004,1463,10.6598
3112,4,36,3.622082,3.350719,1465,10.6711
3113,36,29,4.555052,4.217869,1499,10.5495
3114,29,2,3.877866,4.003993,1424,10.7741
3115,2,15,4.060340,4.220344,1303,10.3068
3116,15,4,5.295652,4.756084,659,6.1967
3117,4,36,3.414957,3.205290,1477,10.5913
3118,36,4,2.678125,2.665900,1449,10.6038
3119,4,49,3.273967,3.120620,1472,10.5837
3120,49,40,2.462801,2.597880,1433,10.5208
3121,40,47,3.962407,3.637838,1494,10.6024
3122,47,24,2.774110,3.074340,1489,10.7010
3123,24,48,3.361786,3.079831,1450,10.7561
3124,48,24,2.873937,2.696318,1460,10.6583
3125,24,23,2.691472,2.968368,1479,10.6148
3126,23,41,3.930145,3.918047,1491,10.5905
3127,41,5,4.923202,4.553950,1475,10.7981
3128,5,28,3.414322,3.567309,836,7.9846
3129,28,53,3.473938,3.755095,738,8.4032
3130,53,62,6.160318,5.823389,576,6.2965
3131,62,30,3.480672,3.319812,1466,10.5759
3132,30,0,3.101914,3.096872,1462,10.5688
3133,0,48,3.663707,3.705185,1448,10.9079
3134,48,24,2.747477,2.611626,1473,10.6306
3135,24,23,2.507615,2.860055,1458,10.5209
3136,23,41,3.711105,3.778723,1487,10.5969
3137,41,13,3.411981,3.342195,1481,10.7634
3138,13,23,2.398606,2.973030,1475,10.8014
3139,23,40,2.166138,2.439292,1449,10.7820
3140,40,62,2.936834,3.213334,1459,10.6411
3141,62,26,3.218496,3.476468,1418,10.5794
3142,26,51,2.748448,2.720116,1457,10.6206
3143,51,1,1.927771,2.196742,1462,10.7423
3144,1,14,2.084705,2.336595,1464,10.7012
3145,14,45,2.512906,2.659374,1354,10.1282
3146,45,26,4.862711,4.564688,1445,10.6307
3147,26,51,2.628762,2.582964,1475,10.6276
3148,51,8,5.575257,5.500906,1463,10.5890
3149,8,46,3.232057,3.326385,457,5.3462
3150,46,26,5.718060,5.156538,1003,8.8066
3151,26,17,4.472318,4.492403,1451,10.5935
3152,17,61,4.530839,4.120040,1460,10.6063
3153,61,30,5.055074,4.312119,1443,10.5969
3154,30,0,3.028980,3.073091,1462,10.5782
3155,0,26,3.292828,3.239021,1460,10.5504
3156,26,50,2.751492,2.699316,1363,10.3409
3157,50,3,4.768299,4.724215,1456,10.5662
3158,3,52,3.651258,4.029784,1432,10.5550
3159,52,54,2.976910,3.284472,1448,10.5910
3160,54,37,4.047315,4.437356,1455,10.6705
3161,37,10,2.565158,2.683361,1482,10.7763
3162,10,12,4.733950,4.283322,1421,10.6983
3163,12,13,1.544986,1.161403,1406,10.7115
3164,13,23,2.044880,2.864870,1460,10.5993
3165,23,4,2.761218,3.355068,1452,10.5968
3166,4,36,3.569383,3.149448,1480,10.7192
3167,36,4,2.712134,2.619712,1449,10.7095
3168,4,49,3.290283,3.092401,1455,10.6824
3169,49,22,3.547468,3.555609,1390,10.4257
3170,22,26,3.825817,4.046764,1496,10.7139
3171,26,17,4.377733,4.382942,1451,10.6222
3172,17,61,4.510657,4.112321,1449,10.6529
3173,61,59,3.624653,4.040629,1464,10.6299
3174,59,54,3.876658,4.272671,1447,10.7457
3175,54,37,4.123622,4.292094,1198,9.8047
3176,37,31,2.745418,3.059649,1365,10.3808
3177,31,62,3.487625,3.657796,1444,10.7576
3178,62,30,3.462087,3.324950,1464,10.5739
3179,30,0,3.111664,3.014440,1483,10.7047
3180,0,26,3.134912,3.130986,1476,10.5721
3181,26,51,2.829518,2.621594,1452,10.6207
3182,51,8,5.123249,5.357221,1471,10.7097
3183,8,46,3.253814,3.305180,990,9.0585
3184,46,0,5.523769,5.026102,1347,10.4820
3185,0,44,4.193053,3.822669,1448,10.5533
3186,44,28,4.344149,4.146806,1478,10.6576
3187,28,54,3.991271,4.227368,1440,10.6251
3188,54,37,3.871378,4.143831,1469,10.7734
3189,37,31,2.742516,3.024368,1485,10.7445
3190,31,36,3.939380,4.150134,1236,10.0220
3191,36,4,2.608584,2.585436,1449,10.6734
3192,4,49,3.134797,2.984496,1447,10.6192
3193,49,40,2.458910,2.620744,1458,10.5921
3194,40,62,2.927439,3.149127,1474,10.6010
3195,62,58,2.698967,2.726546,1504,10.5905
3196,58,4,2.847843,2.903834,1467,10.7250
3197,4,36,3.286436,3.051132,1461,10.6112
3198,36,29,4.683157,4.318298,1451,10.5325
3199,29,2,3.862603,3.995396,794,7.3737
3200,2,44,4.632032,4.258174,1080,9.0823
3201,44,28,4.278601,4.046729,1455,10.5146
3202,28,55,3.906277,3.791930,1430,10.6499
3203,55,20,4.346033,3.929613,1441,10.5826
3204,20,32,3.709137,4.005651,1247,10.0440
3205,32,54,2.962664,3.173925,1363,10.7083
3206,54,37,3.841117,3.998379,1486,10.6865
3207,37,10,2.296842,2.531600,1442,10.6391
3208,10,12,4.287553,4.153346,1465,10.6513
3209,12,13,1.547793,1.158746,1461,10.6633
3210,13,12,1.951632,1.521286,1404,10.5549
3211,12,13,1.150089,1.110993,1446,10.6859
3212,13,12,1.600310,1.426566,1468,10.6548
3213,12,13,1.073981,1.087942,1478,10.7504
3214,13,12,1.784702,1.345245,1479,10.5910
3215,12,13,1.064011,1.054821,1464,10.7430
3216,13,12,1.403494,1.266161,1445,10.6402
3217,12,13,1.045448,1.042995,1450,10.5867
3218,13,12,1.405606,1.201706,1464,10.5976
3219,12,13,0.969576,1.025656,1452,10.5967
3220,13,12,1.241365,1.147109,1502,10.6252
3221,12,13,0.940390,1.019477,1464,10.5620
3222,13,23,2.983510,3.461853,1492,10.6328
3223,23,40,2.310978,2.530439,1439,10.6509
3224,40,62,2.718931,3.024739,1481,10.6060
3225,62,26,3.072898,3.460518,1457,10.5495
3226,26,51,2.315532,2.567976,1471,10.6857
3227,51,1,2.119189,2.262902,1448,10.6998
3228,1,52,3.536476,3.729446,1461,10.6090
3229,52,54,2.905950,3.129561,1355,10.5219
3230,54,63,1.784039,1.619495,1455,10.6726
3231,63,47,5.982875,5.506048,1403,10.4399
3232,47,33,4.080917,3.604206,1472,10.6703
3233,33,42,4.113994,3.833248,1454,10.6257
3234,42,48,3.498728,3.787287,1475,10.6703
3235,48,22,3.622425,3.469003,1441,10.6458
3236,22,33,3.934640,3.685292,924,7.4505
3237,33,42,4.001499,3.779336,1472,10.6609
3238,42,43,4.093430,3.844800,1450,10.8883
3239,43,37,4.658022,4.403665,1439,10.8161
3240,37,10,2.283478,2.507510,1168,9.5185
3241,10,12,3.864682,4.183881,1456,10.6577
3242,12,13,0.971444,0.997352,1464,10.7006
3243,13,12,1.505336,1.203636,1463,10.9077
3244,12,13,0.963129,0.996737,1466,10.7606
3245,13,56,5.194220,5.639399,1471,10.7961
3246,56,24,3.357274,3.479283,1465,10.6700
3247,24,23,2.469033,2.987725,1488,10.6429
3248,23,4,2.876850,3.179867,1467,10.5920
3249,4,31,4.142466,4.343856,1503,10.6261
3250,31,62,3.184918,3.513160,1466,10.6128
3251,62,26,2.996475,3.386098,1467,10.6177
3252,26,51,2.177943,2.518810,1473,10.6869
3253,51,1,2.003068,2.194423,1463,10.7752
3254,1,52,3.422008,3.619455,1463,10.6211
3255,52,54,2.865809,3.107217,1245,10.0583
3256,54,35,2.686991,2.689393,1402,10.4383
3257,35,53,4.275192,3.752483,1351,10.3288
3258,53,63,2.527052,2.332366,1284,10.1324
3259,63,32,3.787642,3.822900,1347,10.1819
3260,32,54,2.876361,2.963699,1434,10.6546
3261,54,35,2.381008,2.555847,1452,10.6102
3262,35,10,2.064792,2.434451,1470,10.7185
3263,10,1,7.529608,7.108065,1474,10.6981
3264,1,14,2.241008,2.400844,1446,10.5650
3265,14,1,2.123841,2.120144,1386,10.7175
3266,1,53,3.390987,3.137240,1257,10.0069
3267,53,63,2.019092,2.326272,1472,10.6186
3268,63,47,5.712464,5.392116,1469,10.7998
3269,47,24,2.812391,3.210917,1276,9.8953
3270,24,0,3.556361,3.484571,1311,10.0586
3271,0,44,4.105343,3.810450,1491,10.7897
3272,44,47,4.129843,4.033045,1452,10.6393
3273,47,33,3.800565,3.571296,1458,10.6755
3274,33,17,3.789210,3.826511,895,7.2677
3275,17,61,4.479415,4.066822,1472,10.6170
3276,61,30,4.774409,4.222024,500,6.3610
3277,30,37,4.583094,4.547468,1450,10.5895
3278,37,31,2.734465,3.062978,1443,10.6041
3279,31,62,3.303220,3.478030,1446,10.6416
3280,62,58,2.926904,2.763494,1454,10.6190
3281,58,4,2.611821,2.842396,1458,10.6056
3282,4,31,4.029766,4.250191,1448,10.5602
3283,31,41,3.554052,3.533986,1448,10.5971
3284,41,13,3.168109,3.280811,1457,10.5759
3285,13,12,1.599543,1.176100,1488,10.6588
3286,12,13,0.950952,0.991933,1441,10.5090
3287,13,23,2.946899,3.409159,1474,10.5759
3288,23,40,2.333650,2.629661,1485,10.7483
3289,40,47,4.334872,3.959397,1470,10.6240
3290,47,24,2.818205,3.138202,1455,10.6952
3291,24,0,3.464955,3.397772,1452,10.6184
3292,0,44,3.998149,3.752076,1464,10.5606
3293,44,62,3.243037,3.274274,1455,10.6949
3294,62,30,3.594873,3.408612,1434,10.5823
3295,30,62,2.714594,2.832434,1490,10.5709
3296,62,30,3.338410,3.272660,1454,10.5598
3297,30,0,2.977301,3.021594,1451,10.5187
3298,0,26,3.194672,3.075820,1453,10.5676
3299,26,50,2.907985,2.767918,1465,10.7023
3300,50,57,4.295693,4.075064,1490,10.7048
3301,57,9,3.918805,4.054996,1294,10.2657
3302,9,9,3.193854,2.373124,1168,9.7581
3303,9,9,2.791421,2.274490,937,9.2909
3304,9,9,2.663547,2.146245,661,7.3044
3305,9,52,3.424795,3.652588,1195,10.0453
3306,52,54,2.806168,3.097865,479,5.1578
3307,54,35,2.165877,2.485573,1438,10.6490
3308,35,53,3.788342,3.695490,583,6.3502
3309,53,5,4.497634,4.465798,784,6.2099
3310,5,59,3.370359,3.628997,1462,10.7476
3311,59,58,6.277229,5.777406,1451,10.9425
3312,58,56,3.724621,3.384736,1451,10.5398
3313,56,17,3.929081,3.908595,1447,10.6489
3314,17,61,4.388819,4.045394,1429,10.6418
3315,61,30,4.550996,4.147873,1429,10.5173
3316,30,0,2.902872,2.984840,1475,10.5949
3317,0,44,3.923126,3.690884,1434,10.7278
3318,44,62,3.056980,3.145504,1443,10.5066
3319,62,58,2.923359,2.822097,1440,10.6112
3320,58,54,4.618684,4.882675,1478,10.6352
3321,54,63,1.746179,1.633282,1446,10.6201
3322,63,54,1.696907,1.819114,1464,10.9449
3323,54,63,1.553526,1.536979,1436,10.6212
3324,63,54,1.558428,1.724225,1476,10.6360
3325,54,37,3.963322,4.173125,1439,10.7354
3326,37,10,2.307976,2.475162,1483,10.6132
3327,10,25,2.535474,2.625874,1482,10.7445
3328,25,8,3.920981,3.814142,1450,10.6645
3329,8,59,3.498990,3.640335,1469,10.6310
3330,59,8,3.433115,3.602017,1457,10.6766
3331,8,46,3.314300,3.261198,1445,10.6446
3332,46,0,5.527556,5.056739,1442,10.6750
3333,0,44,3.758963,3.558837,1461,10.7365
3334,44,28,4.779734,4.224481,1269,9.6043
3335,28,53,3.511118,3.755081,1405,10.5147
3336,53,63,1.935772,2.213008,1468,10.7210
3337,63,54,1.495112,1.659976,1457,10.6539
3338,54,63,1.464640,1.450865,1459,10.6085
3339,63,47,6.013281,5.614023,1443,10.6490
3340,47,23,3.437324,3.911422,1046,8.7643
3341,23,40,2.131448,2.565874,906,7.8783
3342,40,62,2.866318,3.026549,1267,10.1616
3343,62,26,2.906837,3.307779,989,8.6995
3344,26,51,2.751558,2.606717,1465,10.6459
3345,51,1,1.887745,2.237016,1444,10.7252
3346,1,52,3.428403,3.473091,1450,10.5873
3347,52,54,2.607373,3.036387,1467,10.6804
3348,54,63,1.381494,1.387011,1459,10.6048
3349,63,54,1.405825,1.594514,1439,10.5636
3350,54,63,1.288331,1.326239,1445,10.5303
3351,63,47,5.899336,5.576313,1515,10.5733
3352,47,24,2.859656,3.295735,982,7.8189
3353,24,0,3.534466,3.272883,1012,8.6889
3354,0,26,2.907706,2.988251,1442,10.6084
3355,26,51,2.545703,2.555961,1381,10.5114
3356,51,1,1.836529,2.198617,1446,10.6577
3357,1,14,2.145352,2.395529,1460,10.6259
3358,14,1,2.081848,1.942702,1454,10.6575
3359,1,52,3.304001,3.416618,1454,10.6310
3360,52,21,3.528917,3.488092,1448,10.6273
3361,21,59,3.279029,3.448815,1444,10.5811
3362,59,8,3.339603,3.519421,1489,10.5978
3363,8,46,3.258002,3.201605,1439,10.5710
3364,46,52,4.060801,3.851627,1361,10.3948
3365,52,21,3.480023,3.355635,1462,10.5994
3366,21,35,3.104659,3.403965,1429,10.5626
3367,35,10,2.328208,2.461454,1462,10.6010
3368,10,1,7.699982,7.150993,1405,10.5786
3369,1,53,3.306659,3.073231,1373,10.3304
3370,53,63,2.070846,2.178566,1456,10.5957
3371,63,47,5.529124,5.273259,1466,10.6015
3372,47,24,2.840156,3.323203,1455,10.6620
3373,24,0,3.215361,3.137721,1396,10.5202
3374,0,44,3.805143,3.524530,1406,10.5101
3375,44,62,2.892236,2.975095,1453,10.8066
3376,62,58,2.926387,2.795870,1468,10.6201
3377,58,54,4.897221,4.900047,1459,10.7224
3378,54,37,3.959611,4.046294,1442,10.5412
3379,37,31,2.740720,3.160650,1454,10.6790
3380,31,62,2.637356,3.399647,1424,10.6363
3381,62,58,2.816233,2.691863,1442,10.5983
3382,58,54,5.342238,4.912166,1431,10.5795
3383,54,63,1.308407,1.372823,1454,10.6570
3384,63,47,5.287956,5.012681,1472,10.6464
3385,47,24,2.764974,3.390276,1444,10.6168
3386,24,0,2.983285,3.026743,1451,10.7213
3387,0,26,2.937745,3.012357,1439,10.5268
3388,26,51,2.559345,2.562808,1479,10.7135
3389,51,1,1.836920,2.266272,1443,10.6047
3390,1,53,2.804720,2.958283,1494,10.5774
3391,53,63,2.021723,2.152540,1499,10.7258
3392,63,32,3.882172,4.139366,1455,10.7157
3393,32,54,3.250863,3.068474,1378,10.4757
3394,54,35,2.503571,2.788176,1498,10.6662
3395,35,10,2.575965,2.366576,1447,10.6278
3396,10,12,4.047307,4.287096,1467,10.6756
3397,12,13,1.034114,0.986522,1376,10.5062
3398,13,12,1.598239,1.221980,1282,10.3405
3399,12,13,0.953271,0.986655,1365,10.4361
3400,13,12,1.336499,1.158731,1452,10.6253
3401,12,30,6.041729,6.268003,1465,10.7255
3402,30,37,4.771419,4.658931,1492,10.7294
3403,37,31,3.071987,3.054030,1435,10.5045
3404,31,41,3.530191,3.543143,1440,10.5682
3405,41,13,3.103567,3.301730,1459,10.5720
3406,13,23,3.112009,3.271235,1455,10.7191
3407,23,41,3.550006,3.753196,1454,10.6506
3408,41,13,2.935201,3.196789,1471,10.5599
3409,13,23,2.627637,2.971493,1449,10.5750
3410,23,40,2.244101,2.676434,1462,10.6774
3411,40,62,2.567814,2.949898,1468,10.5858
3412,62,26,2.795618,3.094558,1464,10.7001
3413,26,51,1.972719,2.502674,1465,10.7069
3414,51,8,5.870360,5.727343,1476,10.6529
3415,8,59,3.375185,3.512137,1163,9.6956
3416,59,8,3.306375,3.492879,1415,10.5606
3417,8,33,5.164046,4.745397,541,7.9056
3418,33,42,4.154481,3.740979,1456,10.6173
3419,42,43,3.908068,3.803211,1445,10.6534
3420,43,44,4.868677,4.420833,922,7.3852
3421,44,28,4.980413,4.153527,1458,10.7298
3422,28,53,3.113049,3.703013,1460,10.8087
3423,53,5,4.521739,4.392703,1480,10.6446
3424,5,6,3.608011,3.671569,1460,10.7077
3425,6,26,5.883579,5.045163,1475,10.6816
3426,26,50,2.891591,2.840908,1476,10.7526
3427,50,23,3.839620,3.514482,1467,10.6978
3428,23,40,2.101787,2.539382,1448,10.5526
3429,40,48,3.503319,3.570838,1474,10.6417
3430,48,24,3.078094,2.704810,1451,10.6976
3431,24,0,2.947505,2.979561,1474,10.6639
3432,0,26,2.681101,2.959966,1447,10.6161
3433,26,50,2.722037,2.727462,1424,10.5866
3434,50,57,4.325645,4.020043,1466,10.6321
3435,57,34,3.882616,3.543481,1481,10.7067
3436,34,16,3.695040,3.619950,1460,10.7145
3437,16,41,4.947851,4.498476,1452,10.7210
3438,41,5,5.121754,4.672833,1475,10.6156
3439,5,6,3.582787,3.647042,1106,9.1269
3440,6,26,5.743684,5.080969,1446,10.7009
3441,26,51,2.460995,2.503976,1469,10.6133
3442,51,1,1.716771,2.298675,1467,10.7684
3443,1,53,2.768236,2.790458,1460,10.7923
3444,53,62,6.733120,6.197917,1439,10.5973
3445,62,58,2.811593,2.692408,1356,10.4574
3446,58,54,4.668233,4.809486,1465,10.6551
3447,54,35,2.345701,2.650879,1476,10.6886
3448,35,53,4.110721,3.833727,1139,9.7045
3449,53,63,2.117211,2.173469,1460,10.7823
3450,63,32,3.504531,3.830350,1457,10.6462
3451,32,44,5.168534,4.776663,1464,10.5531
3452,44,47,3.820433,3.954327,1344,10.3955
3453,47,23,3.703929,4.422824,1452,10.7155
3454,23,4,3.238711,3.578465,1364,10.4475
3455,4,49,3.421242,3.155727,1478,10.6873
3456,49,22,3.546538,3.514965,1250,9.8013
3457,22,1,3.524309,3.591902,1442,10.6267
3458,1,14,2.466576,2.432831,1481,10.7273
3459,14,45,2.903833,2.753026,1455,10.6367
3460,45,49,5.437636,4.592389,1465,10.6392
3461,49,40,2.502038,2.742206,1262,9.7973
3462,40,62,2.812674,3.092074,1400,10.6310
3463,62,58,2.644712,2.634752,1332,10.1371
3464,58,54,4.559656,4.740208,1459,10.7632
3465,54,35,2.221257,2.575014,1445,10.6244
3466,35,10,2.018918,2.346002,1443,10.7064
3467,10,25,2.617385,2.634318,1457,10.7039
3468,25,8,3.763859,3.830875,1469,10.6563
3469,8,46,3.268748,3.179836,1394,10.3274
3470,46,26,6.023482,5.480359,1465,10.5981
3471,26,17,4.368855,4.255847,1090,9.5467
3472,17,37,5.088122,4.237254,1333,10.3734
3473,37,10,2.221218,2.455907,1475,10.6937
3474,10,12,4.081335,4.287169,1460,10.5834
3475,12,13,1.236558,1.102616,1449,10.7750
3476,13,12,1.644462,1.191549,1421,10.9460
3477,12,13,1.164095,1.090994,1441,10.6875
3478,13,23,2.817367,3.059925,1475,10.9744
3479,23,40,2.129469,2.552546,1442,10.5936
3480,40,62,2.805243,2.978754,1461,10.5857
3481,62,30,3.439069,3.399805,1495,10.6767
3482,30,62,2.567465,2.727928,1461,10.6838
3483,62,26,3.168247,3.273534,1390,10.4462
3484,26,51,2.234598,2.493048,1480,10.6944
3485,51,1,1.904411,2.280973,1462,10.7778
3486,1,52,3.220514,3.505222,1480,10.6693
3487,52,21,3.220038,3.329964,1457,10.8881
3488,21,59,3.342613,3.356862,1462,10.5823
3489,59,54,4.189164,4.279741,1434,10.6469
3490,54,35,2.199668,2.500536,1465,10.6415
3491,35,46,3.325074,3.533227,1434,10.9333
3492,46,26,5.987764,5.517095,1208,9.4229
3493,26,51,2.124782,2.429633,1463,10.8446
3494,51,1,1.690328,2.218825,1468,10.6580
3495,1,52,3.376757,3.377898,1473,10.6436
3496,52,21,3.122533,3.308481,1437,10.5533
3497,21,4,6.408462,5.811512,1448,10.6643
3498,4,49,3.453535,3.169058,1438,10.6188
3499,49,22,3.314226,3.436464,1463,10.7430
3500,22,33,4.021686,3.698378,1481,10.6524
3501,33,13,3.094848,4.111187,1437,10.5141
3502,13,23,2.530896,2.795570,1469,10.7280
3503,23,40,2.052636,2.558817,1455,10.6792
3504,40,47,5.134982,4.785754,1433,10.5961
3505,47,23,4.348730,4.269532,1389,10.5976
3506,23,4,3.293446,3.757709,1451,10.6470
3507,4,49,3.297520,3.082998,1445,10.5624
3508,49,40,2.266231,2.587371,1428,10.5417
3509,40,62,2.729005,2.895479,1443,10.6862
3510,62,58,2.668399,2.678251,1461,10.5819
3511,58,56,3.822530,3.444117,1479,10.6640
3512,56,24,3.142542,3.532079,1487,10.7545
3513,24,0,2.901855,2.986498,1497,11.0041
3514,0,44,3.901362,3.671408,1472,10.6570
3515,44,28,4.476044,4.094791,1443,10.6549
3516,28,53,3.163526,3.683200,1409,10.6787
3517,53,63,2.056465,2.270248,1403,10.6388
3518,63,54,2.183835,2.058609,916,7.7327
3519,54,37,3.720863,3.915888,1465,10.5897
3520,37,31,2.816294,3.003793,1472,10.6996
3521,31,41,3.378106,3.504920,1069,8.4490
3522,41,5,5.004815,4.592919,1473,10.6255
3523,5,59,3.234910,3.639419,910,8.8497
3524,59,8,3.257530,3.408041,1457,10.9487
3525,8,33,5.204534,4.724372,1241,10.1988
3526,33,17,3.781808,3.825406,1425,10.6798
3527,17,61,4.398400,4.021205,1457,10.5696
3528,61,30,4.575126,4.076807,1482,10.7205
3529,30,0,2.860215,3.016039,1452,10.6364
3530,0,44,3.853853,3.566005,1446,10.6228
3531,44,47,3.639356,3.855482,1426,10.6053
3532,47,23,4.099276,4.223753,1470,10.5911
3533,23,40,1.957996,2.496437,1485,10.7884
3534,40,48,3.525768,3.632216,1467,10.6683
3535,48,22,3.500422,3.364323,1475,10.5920
3536,22,33,4.056786,3.689309,1451,10.6782
3537,33,17,3.682176,3.768408,1461,10.6858
3538,17,61,4.383860,3.983707,1468,10.6188
3539,61,30,4.176103,4.008724,1469,10.7058
3540,30,0,2.782065,2.999738,1486,10.6018
3541,0,26,3.279784,3.126729,1456,10.6950
3542,26,50,2.888758,2.829959,1448,10.5918
3543,50,23,3.875688,3.649702,1457,10.5477
3544,23,4,3.143904,3.586732,1450,10.5425
3545,4,49,3.288274,3.058256,1451,10.6878
3546,49,55,4.549130,4.334930,1458,10.7541
3547,55,20,3.863767,3.909607,1429,10.5776
3548,20,24,5.677425,4.816448,1446,10.7018
3549,24,48,3.348605,3.065263,1469,10.5736
3550,48,55,4.562350,4.453697,1483,10.5446
3551,55,13,4.687420,4.402377,1471,10.8421
3552,13,12,1.724541,1.192541,1469,10.6932
3553,12,13,1.195069,1.181665,1474,10.7079
3554,13,23,2.457878,2.884637,1478,10.7917
3555,23,4,2.930100,3.518376,1451,10.6275
3556,4,49,3.179328,2.963734,1437,10.5369
3557,49,22,3.244119,3.378778,1461,10.5626
3558,22,33,3.963544,3.611067,1462,10.6426
3559,33,13,3.468107,4.174850,1453,10.6217
3560,13,12,1.438286,1.198393,1468,10.6286
3561,12,13,1.260357,1.183572,1490,10.7170
3562,13,12,1.284469,1.139880,1448,10.5583
3563,12,13,1.076092,1.148701,1461,10.5920
3564,13,12,1.301290,1.102020,1470,10.6163
3565,12,13,1.113191,1.120104,1477,10.6165
3566,13,23,2.632526,2.979874,1451,10.5941
3567,23,41,3.667478,3.858190,1458,10.6217
3568,41,50,4.232743,4.057784,1480,10.5855
3569,50,23,4.120361,3.537074,1463,10.6853
3570,23,40,2.334270,2.649618,1432,10.5495
3571,40,47,4.885900,4.613817,1417,10.5093
3572,47,33,4.100489,3.791393,1430,10.6376
3573,33,13,3.114707,4.220679,1437,10.5235
3574,13,56,5.286811,5.382895,1437,10.5493
3575,56,17,3.820747,3.836957,1462,10.5677
3576,17,1,4.808547,4.288523,1480,10.5428
3577,1,53,2.601137,2.856195,1309,10.2444
3578,53,5,4.625499,4.524871,1150,9.7880
3579,5,59,3.111493,3.561259,1039,9.6818
3580,59,8,3.183101,3.317874,438,4.6264
3581,8,59,3.204768,3.209397,1009,9.2337
3582,59,58,6.621598,6.226643,997,8.9364
3583,58,56,3.670429,3.313293,1442,10.5736
3584,56,24,3.355671,3.586446,1431,10.5571
3585,24,48,3.325679,2.995450,1476,10.6172
3586,48,22,3.352430,3.304658,1440,10.5743
3587,22,33,3.827122,3.503578,1453,10.6938
3588,33,42,4.030419,3.726384,1457,10.5551
3589,42,48,3.377529,3.652659,1470,10.8210
3590,48,55,4.559774,4.431996,1459,10.5809
3591,55,20,3.981731,3.922899,1476,10.6527
3592,20,32,3.524276,4.028648,1178,9.5169
3593,32,54,2.830031,3.087812,553,5.8119
3594,54,35,2.233639,2.431939,1287,10.4445
3595,35,46,3.268440,3.427235,1244,9.8693
3596,46,0,5.586006,5.175490,1063,8.6320
3597,0,26,2.954042,3.082099,1486,10.6372
3598,26,51,2.424398,2.502197,1463,10.9070
3599,51,1,1.785072,2.194143,1366,10.1504
3600,1,14,2.289843,2.547386,1452,10.6031
3601,14,45,2.722856,2.692367,1450,10.6034
3602,45,0,6.456464,5.978898,1444,10.6485
3603,0,44,3.745510,3.395023,1426,10.6188
3604,44,62,2.834593,3.082746,1123,8.5585
3605,62,58,2.773065,2.856756,1465,10.7038
3606,58,56,3.499088,3.220482,1448,10.6417
3607,56,17,3.717235,3.790123,1453,10.7307
3608,17,61,4.341649,3.988233,1470,10.6036
3609,61,30,4.200694,3.967089,1439,10.7267
3610,30,37,4.742693,4.569910,997,8.3835
3611,37,31,3.048541,2.916063,1246,9.9278
3612,31,41,3.181812,3.449629,1364,10.3532
3613,41,5,5.115859,4.677801,1418,10.5723
3614,5,28,3.590957,3.580835,1460,10.5610
3615,28,55,3.907934,3.781672,1252,10.0211
3616,55,41,4.521347,4.457354,1465,10.7404
3617,41,13,3.218122,3.103383,1462,10.5892
3618,13,23,2.263853,2.756563,1415,10.6083
3619,23,40,2.274444,2.671406,1461,10.6954
3620,40,47,4.923859,4.449646,1441,10.5385
3621,47,33,4.047715,3.661274,1464,10.6489
3622,33,13,3.260511,4.236795,1448,10.6351
3623,13,12,1.410741,1.245318,1460,10.6797
3624,12,13,1.113134,1.136557,1471,10.7623
3625,13,23,2.280960,2.655409,1460,10.5879
3626,23,4,3.183957,3.687009,1466,10.5761
3627,4,49,3.132376,2.963030,1462,10.6253
3628,49,22,3.052827,3.281033,1463,10.7422
3629,22,1,3.996735,3.629656,1445,10.6160
3630,1,14,2.184732,2.399802,1455,10.6648
3631,14,45,2.581038,2.608694,1421,10.5417
3632,45,26,5.432604,5.002950,1444,10.6023
3633,26,51,2.694031,2.417954,1464,10.6665
3634,51,1,1.682177,2.175894,1432,10.5665
3635,1,53,2.721751,2.924566,1464,10.6214
3636,53,63,2.155469,2.358043,1468,10.6149
3637,63,47,5.264349,4.925263,1453,10.6457
3638,47,23,3.392944,4.151260,1469,10.7041
3639,23,40,2.369356,2.676318,1477,10.6946
3640,40,47,4.665608,4.494988,1465,10.7202
3641,47,33,3.858078,3.590445,1461,10.6367
3642,33,17,3.563605,3.654399,1145,8.9779
3643,17,61,4.304280,3.943471,1454,10.5863
3644,61,30,4.196852,3.913816,1428,10.6497
3645,30,37,4.508197,4.515940,1404,10.4328
3646,37,31,2.682269,2.811358,1463,10.6550
3647,31,62,3.388671,3.916635,1455,10.6067
3648,62,58,2.818439,2.833190,1448,10.6287
3649,58,54,4.260448,4.577673,1478,10.6864
3650,54,63,1.682451,1.660806,1481,10.7752
3651,63,47,5.387838,4.976749,1480,10.8334
3652,47,33,3.933303,3.550371,1438,10.6031
3653,33,42,3.976169,3.740261,1467,10.6104
3654,42,43,4.029853,3.780081,1469,10.7353
3655,43,20,3.584103,3.686405,1263,10.0545
3656,20,32,3.808791,3.977316,1452,10.7548
3657,32,54,2.739591,3.156441,1307,10.3666
3658,54,35,2.475313,2.415627,1465,10.6077
3659,35,46,2.961723,3.302521,1440,10.5976
3660,46,26,6.077629,5.422774,1441,10.5739
3661,26,50,2.927883,2.852988,1005,8.0755
3662,50,23,4.269625,3.562367,1271,10.2809
3663,23,4,3.024805,3.463276,1447,10.6534
3664,4,49,3.070154,2.914552,1459,10.5728
3665,49,22,3.132388,3.219481,1461,10.6345
3666,22,1,3.251378,3.551995,1217,9.5482
3667,1,14,2.057975,2.356011,751,6.7752
3668,14,1,1.737435,1.907355,1476,10.6419
3669,1,53,3.183420,2.904637,1455,11.2288
3670,53,63,2.120832,2.335482,1444,10.6072
3671,63,47,5.237068,4.813201,1490,10.7070
3672,47,23,3.960191,4.231777,1482,10.6748
3673,23,40,2.215869,2.580841,1459,10.6749
3674,40,62,3.003576,3.242898,1453,10.6871
3675,62,30,3.558879,3.447641,1480,10.7368
3676,30,0,3.232443,3.254711,1480,10.6912
3677,0,26,3.233672,3.202825,1421,10.5194
3678,26,17,4.155220,3.994518,1456,10.6303
3679,17,1,4.841922,4.111855,1448,10.6036
3680,1,53,2.484024,2.739208,1457,10.7036
3681,53,63,2.110873,2.290848,1484,10.6013
3682,63,47,4.940910,4.696834,1427,10.5584
3683,47,24,3.124511,3.619036,1441,10.6752
3684,24,48,3.227513,2.991285,1184,9.6802
3685,48,55,4.342355,4.395237,1457,10.7495
3686,55,20,3.917832,3.873985,1449,10.7145
3687,20,24,5.716987,4.857397,1444,10.5709
3688,24,23,2.654182,3.229609,1480,10.6792
3689,23,40,1.943684,2.498410,1460,10.6420
3690,40,48,3.066220,3.323773,1454,10.6361
3691,48,24,3.132480,2.827402,1461,10.7113
3692,24,0,3.089185,3.204044,1389,10.5024
3693,0,44,3.603820,3.352977,1453,10.6194
3694,44,28,4.770148,4.175926,1485,10.6771
3695,28,53,2.789818,3.566215,1398,10.5329
3696,53,5,4.737988,4.632931,1443,10.5896
3697,5,59,3.126590,3.577131,1350,10.4570
3698,59,54,3.863867,4.224366,1376,10.4483
3699,54,35,2.283843,2.337546,1446,10.6858
3700,35,10,2.583504,2.540186,1468,10.7232
3701,10,1,7.634828,7.263458,1456,10.6092
3702,1,53,2.649763,2.503381,1444,11.3962
3703,53,62,6.760322,6.330454,1418,10.5289
3704,62,26,3.373465,3.444835,1443,10.5732
3705,26,50,2.862567,2.793686,1400,10.5341
3706,50,57,4.143082,3.978921,1435,10.6838
3707,57,9,3.923374,4.075319,1485,10.6625
3708,9,7,3.769566,3.724732,1351,10.3229
3709,7,57,4.544989,4.238583,1462,10.6236
3710,57,9,4.055351,3.962266,1470,10.6960
3711,9,9,2.785180,2.038162,1420,10.5190
3712,9,9,2.463676,1.909495,1416,10.8519
3713,9,9,2.255818,1.763520,1453,10.6058
3714,9,52,3.365476,3.618474,1429,10.5171
3715,52,21,3.480121,3.271468,1465,10.5816
3716,21,4,6.398235,5.771760,1456,10.6024
3717,4,49,3.125197,2.912967,1337,10.6022
3718,49,22,2.961938,3.170719,1207,9.9843
3719,22,1,3.691234,3.474694,1445,10.5632
3720,1,53,2.017970,2.439865,1377,10.5191
3721,53,63,2.082120,2.404364,1458,10.6065
3722,63,54,2.005375,2.091972,1451,10.5548
3723,54,63,1.701087,1.566584,1469,10.6780
3724,63,54,1.902993,1.959093,1460,10.5662
3725,54,63,1.552957,1.468143,1470,10.5886
3726,63,47,4.977101,4.573419,1443,10.5285
3727,47,24,3.019632,3.718191,1285,10.0539
3728,24,23,2.587952,3.151628,1288,10.3706
3729,23,4,3.081503,3.499847,888,8.3814
3730,4,36,3.771237,3.403116,1281,10.3818
3731,36,23,2.802547,3.533894,1397,10.3679
3732,23,41,3.555818,3.761941,1211,9.9548
3733,41,5,5.068262,4.677375,1362,10.3187
3734,5,59,3.118752,3.602938,1428,10.5827
3735,59,8,3.091394,3.258087,1482,10.8731
3736,8,59,3.087893,3.099901,689,5.4742
3737,59,54,3.943698,4.072037,1444,10.6902
3738,54,35,2.207647,2.365224,1430,10.6626
3739,35,46,3.096504,3.287818,1474,10.6772
3740,46,26,5.863423,5.380429,1477,10.8074
3741,26,51,2.567596,2.600716,1025,9.5240
3742,51,1,2.123530,2.295846,1475,10.8499
3743,1,14,2.538076,2.443640,1490,10.5942
3744,14,1,2.918441,2.067645,1460,10.8310
3745,1,53,2.263215,2.361863,1473,10.7940
3746,53,5,4.721162,4.708342,1443,10.8118
3747,5,59,2.950927,3.537120,1473,10.7259
3748,59,8,2.963361,3.129550,1456,10.8107
3749,8,33,5.467270,4.952222,1463,10.7337
3750,33,13,3.723776,4.387528,495,7.1329
3751,13,56,4.918910,4.974472,1298,10.3265
3752,56,17,3.645194,3.707784,1310,10.4812
3753,17,61,4.183219,3.934550,1299,10.0804
3754,61,59,4.533907,4.419406,1441,10.8538
3755,59,8,2.856013,3.043489,1439,10.7423
3756,8,33,5.442211,4.931931,1457,10.6892
3757,33,13,3.646604,4.360474,1440,10.5709
3758,13,12,1.847358,1.270952,1476,10.8378
3759,12,13,1.158404,1.208160,1459,10.7381
3760,13,56,4.495693,4.834933,1443,10.6672
3761,56,24,3.315745,3.557874,1393,10.7110
3762,24,0,3.174497,3.102590,1431,10.6107
3763,0,44,3.482368,3.277914,1169,9.3119
3764,44,62,3.350195,3.098143,1397,10.8267
3765,62,30,3.505227,3.379284,1441,10.6268
3766,30,0,2.983197,3.139823,1451,10.6212
3767,0,48,3.643716,3.607215,1465,10.8030
3768,48,24,3.002515,2.682632,1458,10.5392
3769,24,48,2.996930,2.758879,1420,10.5842
3770,48,22,3.266104,3.187155,1444,10.6018
3771,22,33,4.072752,3.682081,1475,11.2055
3772,33,13,3.524289,4.360888,1449,10.6586
3773,13,12,1.816264,1.249029,1474,10.8530
3774,12,13,1.095875,1.175906,1459,10.6807
3775,13,23,2.182432,2.781269,1463,10.8376
3776,23,4,3.013474,3.428177,1444,10.8765
3777,4,49,3.077547,2.906622,1474,10.6294
3778,49,55,4.273257,4.162168,1467,10.7039
3779,55,20,3.823694,3.861677,1428,10.5932
3780,20,32,3.704764,4.018238,731,8.3351
3781,32,44,5.274445,4.840140,1112,9.3993
3782,44,62,3.103085,3.136113,1334,10.0081
3783,62,26,3.229429,3.419851,1479,10.8145
3784,26,50,2.859288,2.805866,1458,10.7293
3785,50,57,4.193359,3.939111,1469,10.6542
3786,57,34,3.823253,3.552689,1358,10.4002
3787,34,27,3.914121,3.871888,1429,10.5860
3788,27,47,4.711577,4.430627,1342,10.3581
3789,47,24,3.297402,3.683808,1216,9.4730
3790,24,23,2.501486,3.130993,1300,10.2315
3791,23,4,2.978153,3.293885,1457,10.8877
3792,4,49,3.087153,2.840538,1457,10.5950
3793,49,40,2.706127,2.799825,1442,10.6868
3794,40,62,3.261795,3.435937,1465,10.6522
3795,62,58,2.938031,2.934149,1482,10.8372
3796,58,4,3.273172,3.312219,1339,10.0129
3797,4,36,3.786581,3.412904,1461,10.6579
3798,36,4,2.713024,2.809057,1436,10.5494
3799,4,31,4.520687,4.613614,1475,10.5795
3800,31,62,3.512847,3.825787,1484,10.7450
3801,62,58,2.930414,2.853970,1463,10.6490
3802,58,56,3.659142,3.299768,1486,10.7643
3803,56,24,3.091808,3.504870,1451,10.6181
3804,24,0,2.893095,3.032904,1476,10.6640
3805,0,44,3.561836,3.319476,1466,10.6095
3806,44,28,4.659371,4.143966,1469,10.6399
3807,28,53,2.996776,3.532678,1125,9.8566
3808,53,63,2.259752,2.498104,1411,10.7245
3809,63,54,2.026852,1.935796,1453,10.8951
3810,54,35,2.170417,2.279930,1461,10.7037
3811,35,53,4.588530,4.195573,1466,10.6300
3812,53,62,6.413864,6.260673,1454,10.7688
3813,62,30,3.486138,3.368653,1466,10.5490
3814,30,0,3.000634,3.099193,1481,10.7386
3815,0,26,3.235782,3.172609,1434,10.5797
3816,26,51,2.609237,2.662295,1486,10.7227
3817,51,1,1.881056,2.290535,1468,10.6510
3818,1,14,2.400134,2.347965,1453,10.5955
3819,14,45,2.728705,2.724519,1402,10.5270
3820,45,49,5.371353,4.736891,1456,10.5940
3821,49,40,2.673930,2.802478,1456,10.7893
3822,40,47,5.240775,5.013123,1467,10.6099
3823,47,33,4.106575,3.705610,1480,10.7177
3824,33,42,3.989179,3.725806,1195,9.4846
3825,42,43,3.884194,3.729019,1437,10.7041
3826,43,20,3.654394,3.629409,1306,10.0554
3827,20,24,5.761481,4.954710,1456,10.6869
3828,24,48,3.050180,2.784298,1479,10.6813
3829,48,22,3.227531,3.183380,1485,10.6811
3830,22,33,3.835321,3.596828,1500,10.6437
3831,33,13,3.715192,4.443090,1486,10.6238
3832,13,23,1.840127,2.589221,1471,10.8333
3833,23,41,3.569607,3.720014,1117,8.7882
3834,41,50,4.341383,4.120597,1463,10.5315
3835,50,57,4.267117,3.839236,1470,10.7000
3836,57,34,4.034744,3.548637,1451,10.5803
3837,34,16,3.601540,3.613426,862,7.2559
3838,16,13,4.125443,4.186148,1308,10.0445
3839,13,12,1.691584,1.224784,1447,10.8105
3840,12,25,4.382910,4.760747,1482,10.9370
3841,25,8,3.738617,3.659949,1439,10.6571
3842,8,33,5.576096,4.996591,1260,9.8159
3843,33,42,3.938710,3.660713,1475,10.7037
3844,42,43,4.078675,3.707387,1465,10.5975
3845,43,20,3.471764,3.604273,1477,10.6731
3846,20,24,5.607715,4.925749,1464,10.5975
3847,24,23,2.634673,3.161084,1453,10.5582
3848,23,40,2.423443,2.788591,1466,10.6748
3849,40,62,3.258802,3.496698,1476,10.6883
3850,62,58,2.852232,2.819286,1465,10.6312
3851,58,54,4.713542,4.699108,1466,10.7168
3852,54,63,1.794452,1.550434,1272,9.7722
3853,63,54,1.785821,1.873132,1513,10.6074
3854,54,63,1.506639,1.464437,1437,10.6579
3855,63,54,1.635885,1.761690,1448,10.6278
3856,54,63,1.434604,1.387228,1476,10.6781
3857,63,54,1.517099,1.662264,1462,10.6836
3858,54,63,1.306330,1.324927,1474,10.5910
3859,63,32,4.021268,4.246043,1427,10.4157
3860,32,44,5.323583,4.810045,1482,10.6708
3861,44,28,4.761119,4.008605,1388,10.5789
3862,28,53,2.738913,3.576987,1462,10.6616
3863,53,63,1.982236,2.247866,1441,10.6890
3864,63,32,3.728640,4.067897,1476,10.6767
3865,32,32,2.698547,2.098494,1453,10.9189
3866,32,32,2.540093,1.967150,1462,10.5784
3867,32,54,2.525022,2.660690,1458,10.6022
3868,54,35,2.374543,2.502500,1465,10.8712
3869,35,53,4.340158,4.126710,1451,10.6640
3870,53,63,1.623069,2.118543,1472,10.6601
3871,63,54,1.574710,1.715243,1479,10.6086
3872,54,63,1.320884,1.307746,1480,10.6085
3873,63,54,1.476950,1.620478,1455,10.5328
3874,54,35,2.274728,2.513547,1462,10.5616
3875,35,10,2.618109,2.694994,1484,10.5954
3876,10,25,2.461159,2.605480,1466,10.6876
3877,25,8,3.614532,3.628432,1457,10.8168
3878,8,46,3.135291,2.933008,1462,10.6898
3879,46,52,4.580449,4.158475,1451,10.5986
3880,52,54,2.409240,3.096337,1471,10.6873
3881,54,35,2.093833,2.395346,1465,10.5729
3882,35,53,4.324384,4.065298,1477,10.5945
3883,53,5,4.642052,4.486475,1412,10.5436
3884,5,6,3.641927,3.718073,1462,10.6503
3885,6,51,5.492913,4.981278,1468,10.8447
3886,51,8,6.857509,5.847041,1381,10.6198
3887,8,33,5.533786,4.791561,1451,10.6531
3888,33,42,3.804479,3.611779,1250,10.3605
3889,42,43,3.882872,3.679034,1335,10.3036
3890,43,37,5.097087,4.587043,1431,10.7903
3891,37,31,2.604761,2.899287,1486,10.7086
3892,31,62,3.508823,3.856783,1454,10.7625
3893,62,58,2.835088,2.743016,1431,10.5296
3894,58,56,3.527679,3.227141,1466,10.6387
3895,56,17,3.695631,3.745599,1456,10.7040
3896,17,37,4.898276,4.178504,1467,10.6564
3897,37,31,2.553083,2.825762,1456,10.7758
3898,31,62,3.811629,3.784985,1450,10.5811
3899,62,58,2.684185,2.670048,1465,10.6550
3900,58,54,4.703649,4.946450,1460,10.6353
3901,54,37,4.765052,4.614646,1410,10.5895
3902,37,10,2.377514,2.654197,1469,10.7182
3903,10,1,7.274197,7.018842,1459,10.6802
3904,1,53,2.558764,2.412126,1370,10.5298
3905,53,62,6.954864,6.276426,1429,10.8259
3906,62,58,2.700001,2.561478,1426,10.5659
3907,58,54,4.123302,4.923804,1447,10.6411
3908,54,35,1.890101,2.291713,1452,10.7853
3909,35,53,4.161178,3.888809,1447,10.5531
3910,53,62,6.406883,6.152671,1456,10.6911
3911,62,26,3.140155,3.354550,1460,10.6672
3912,26,51,2.724196,2.766564,1448,10.8428
3913,51,1,2.194735,2.382435,1483,10.7904
3914,1,53,2.278101,2.370699,1449,10.6163
3915,53,63,1.773204,2.204835,1474,10.5991
3916,63,47,4.852850,4.513295,1463,10.6685
3917,47,23,4.114896,4.490168,1461,10.7204
3918,23,40,2.261199,2.686872,463,4.3706
3919,40,47,5.455873,5.078057,1454,10.6580
3920,47,24,3.645421,3.672219,1484,10.6947
3921,24,23,2.585959,3.141502,1372,10.3194
3922,23,40,2.088566,2.550539,1424,10.6376
3923,40,48,2.964405,3.253273,1455,10.6102
3924,48,24,3.103847,2.757533,1437,10.5609
3925,24,0,2.967074,3.076551,1457,10.6183
3926,0,26,3.050722,3.095151,1437,10.6443
3927,26,51,2.709610,2.712712,1430,10.5137
3928,51,1,2.191488,2.314211,1449,10.6147
3929,1,53,2.145632,2.289678,1443,10.5169
3930,53,5,4.556280,4.532963,1411,10.5530
3931,5,28,3.649199,3.567598,1312,9.8740
3932,28,53,3.152069,3.519179,787,6.0812
3933,53,63,2.117057,2.230596,1463,10.5667
3934,63,54,1.608217,1.747559,1433,10.5753
3935,54,63,1.411806,1.468159,1472,10.5810
3936,63,47,5.134744,4.634818,1451,10.7534
3937,47,24,3.366160,3.704915,1475,10.7504
3938,24,0,2.879592,2.936651,1373,10.3401
3939,0,48,3.454630,3.374832,1425,10.6635
3940,48,55,4.507675,4.415210,1458,10.6780
3941,55,20,3.806921,3.829820,1458,10.6427
3942,20,24,5.432271,4.949249,594,5.5284
3943,24,23,2.595413,3.113593,1395,10.3889
3944,23,4,2.998333,3.301293,1473,10.5866
3945,4,49,3.314832,3.035854,1319,10.2325
3946,49,55,4.020095,3.951395,1469,10.7834
3947,55,20,3.886305,3.825546,1467,10.6753
3948,20,32,3.578900,4.008899,1465,10.7302
3949,32,54,2.931050,2.814452,1454,10.5913
3950,54,63,1.380284,1.400186,1466,10.7581
3951,63,47,4.949765,4.472545,1464,10.5952
3952,47,33,3.956861,3.818938,1454,10.8130
3953,33,13,3.925127,4.562128,1182,9.6839
3954,13,23,2.066605,2.570685,1464,10.6949
3955,23,40,2.031338,2.589441,1474,10.6394
3956,40,48,2.849383,3.119476,1448,10.7597
3957,48,22,3.339856,3.185023,1443,10.6003
3958,22,33,4.034677,3.686661,1463,10.6710
3959,33,13,3.976918,4.522325,1449,10.7845
3960,13,12,1.777599,1.226153,778,6.3162
3961,12,13,1.348061,1.349068,1451,10.7032
3962,13,23,1.981139,2.534444,1469,10.6342
3963,23,41,3.576548,3.721129,1412,10.5657
3964,41,50,4.337295,4.082075,1423,10.5728
3965,50,23,4.000608,3.437739,1457,10.6516
3966,23,4,2.900080,3.286655,1444,10.5864
3967,4,49,3.156247,2.990683,1448,10.6327
3968,49,22,2.878341,3.115333,1457,10.5992
3969,22,33,3.954641,3.591052,1453,10.6076
3970,33,17,3.630779,3.733203,1454,10.8510
3971,17,61,4.283027,3.915654,1460,10.6575
3972,61,30,4.174964,3.884353,1291,9.8804
3973,30,62,3.087564,3.209948,1476,10.7581
3974,62,58,2.609599,2.611897,1437,10.5761
3975,58,54,5.753032,4.756381,1442,10.5800
3976,54,35,2.085234,2.308313,1098,10.1543
3977,35,10,2.789561,2.679077,1205,9.9728
3978,10,12,3.827294,4.267538,1192,9.6473
3979,12,13,1.228840,1.289779,1446,10.6871
3980,13,12,1.901138,1.231433,1452,10.6158
3981,12,13,1.189175,1.224967,1450,10.5961
3982,13,23,2.197045,2.674874,1477,10.6285
3983,23,41,3.409483,3.594629,1458,10.6386
3984,41,50,4.320619,4.027212,1463,10.6609
3985,50,57,3.847447,3.782446,1485,10.7928
3986,57,9,3.961403,4.074044,739,7.6283
3987,9,7,3.646280,3.713357,693,6.1925
3988,7,62,5.708598,5.063689,1195,9.7637
3989,62,26,2.978815,3.288559,1465,10.6015
3990,26,51,2.622241,2.685207,1230,9.3304
3991,51,1,1.979211,2.287919,1450,10.6951
3992,1,14,2.250396,2.486685,1450,10.7432
3993,14,1,2.091723,2.083422,1469,10.7891
3994,1,53,2.284771,2.275472,1466,10.6828
3995,53,63,1.652546,2.144022,1476,10.6549
3996,63,54,1.665511,1.859113,1430,10.5743
3997,54,63,1.379199,1.385172,1478,10.5862
3998,63,32,3.603575,3.914405,1439,10.5573
3999,32,54,3.054971,2.784632,1464,10.7457
4000,54,37,4.160460,4.353744,1464,10.6903
4001,37,40,5.438238,5.671468,1452,10.6472
4002,40,62,3.406900,3.772374,1432,10.8586
4003,62,58,2.705068,2.593434,1435,10.6639
4004,58,4,3.051937,3.289435,1462,10.6466
4005,4,49,3.042080,2.929501,1447,10.6835
4006,49,22,2.889968,3.056828,1457,10.5808
4007,22,26,4.474302,4.289760,1463,10.6358
4008,26,50,2.980393,2.899166,1472,10.8809
4009,50,23,3.973180,3.350048,1458,10.6984
4010,23,4,2.600526,3.126314,1445,10.6992
4011,4,36,3.890474,3.504733,1445,10.7174
4012,36,29,4.542678,4.098823,1474,10.6486
4013,29,2,3.817942,3.922230,1268,9.8290
4014,2,15,4.008230,4.187162,1382,10.4360
4015,15,2,3.907014,4.128150,1058,9.4986
4016,2,33,4.662495,4.501193,1436,10.6173
4017,33,13,3.978569,4.484123,1462,10.6762
4018,13,56,4.393883,4.826805,1458,10.6460
4019,56,24,3.440194,3.700958,1450,10.6244
4020,24,23,2.459433,3.126694,1472,10.6007
4021,23,4,2.498720,2.991783,1442,10.5391
4022,4,49,2.942660,2.903483,1411,10.5477
4023,49,55,4.013416,3.973946,1422,10.5037
4024,55,41,4.683304,4.219122,1455,10.7513
4025,41,5,5.467440,4.886742,1437,10.5670
4026,5,59,3.306344,3.604147,1211,9.9838
4027,59,54,3.787162,4.221102,1441,10.7402
4028,54,35,2.044383,2.266706,1145,9.5128
4029,35,46,3.402888,3.473899,1361,10.6015
4030,46,0,5.450188,5.035618,1328,9.9684
4031,0,44,3.736625,3.362531,1451,10.5988
4032,44,62,3.153968,3.209674,1450,10.6531
4033,62,58,2.630064,2.581942,1473,10.6052
4034,58,4,2.825275,3.083592,1478,10.6349
4035,4,36,3.778703,3.455666,1449,10.6723
4036,36,29,4.479533,4.079121,1473,10.5896
4037,29,60,3.989563,4.069387,1470,10.6863
4038,60,45,4.153398,4.158234,1197,9.6222
4039,45,49,5.132500,4.625124,471,4.7292
4040,49,40,2.752356,2.978395,1480,10.6120
4041,40,62,3.429921,3.685306,1443,10.5892
4042,62,30,3.622769,3.487787,1408,10.4819
4043,30,0,3.263458,3.311715,1226,9.8762
4044,0,44,3.554579,3.276213,1491,10.6950
4045,44,47,3.431450,3.887911,1460,10.6215
4046,47,24,3.568498,3.827300,1457,10.7373
4047,24,0,2.933380,3.023454,1469,10.6097
4048,0,44,3.305083,3.193418,1464,10.5948
4049,44,62,3.148869,3.081514,1455,10.6076
4050,62,30,3.498656,3.403145,1459,10.5736
4051,30,0,2.949581,3.175870,1446,10.5290
4052,0,44,3.168999,3.093348,1480,10.6833
4053,44,62,2.969014,2.974416,1489,10.6070
4054,62,26,3.077979,3.253933,1441,10.6717
4055,26,51,2.847733,2.725831,1454,10.5510
4056,51,1,1.798213,2.235738,1448,10.6066
4057,1,14,2.238688,2.416219,1467,10.7258
4058,14,45,2.754491,2.758129,1457,10.6764
4059,45,0,6.721575,6.153035,1165,9.2825
4060,0,44,3.031301,2.992646,1318,9.9812
4061,44,62,2.840238,2.857771,1473,10.5716
4062,62,30,3.387459,3.320879,1438,10.6661
4063,30,0,3.092589,3.169246,1462,10.5785
4064,0,44,2.881016,2.889430,1356,10.3212
4065,44,62,2.754674,2.750341,1470,10.5817
4066,62,26,2.966906,3.144969,1451,10.8107
4067,26,51,2.393639,2.669494,1448,10.8580
4068,51,1,1.863698,2.196088,1485,10.7419
4069,1,14,2.049992,2.329951,1432,10.5316
4070,14,45,2.555236,2.682012,1456,10.5808
4071,45,0,6.760039,6.208112,1437,10.5205
4072,0,44,2.824721,2.825717,1336,10.3032
4073,44,62,2.737255,2.625310,1426,10.4251
4074,62,58,2.537643,2.573609,1465,10.8171
4075,58,56,3.843929,3.357822,1469,10.6039
4076,56,42,4.350102,4.480719,1466,10.8016
4077,42,48,3.145827,3.493440,1472,10.8986
4078,48,24,3.171756,2.864613,1453,10.7529
4079,24,23,2.933962,3.207807,1369,10.1624
4080,23,40,2.571619,2.828387,1461,10.6327
4081,40,62,3.205479,3.654090,1473,10.7408
4082,62,26,2.685291,3.080020,1490,11.0535
4083,26,51,2.541002,2.624569,1451,10.6489
4084,51,1,1.708322,2.162298,1463,10.6456
4085,1,53,2.474083,2.348537,1462,10.6195
4086,53,63,1.865686,2.204885,1486,10.5814
4087,63,54,1.702616,1.807746,1515,10.6039
4088,54,37,4.025733,4.204714,1479,10.9772
4089,37,31,2.677822,2.949279,1481,10.7241
4090,31,62,3.206603,3.670373,1454,10.7037
4091,62,58,2.500063,2.539830,1445,10.6225
4092,58,4,3.195921,3.212382,1470,10.6386
4093,4,49,3.131538,2.992042,1436,10.5804
4094,49,40,2.785552,2.871941,1453,10.6137
4095,40,62,3.196077,3.498965,1460,10.5614
4096,62,30,3.406048,3.322743,1451,10.6498
4097,30,37,4.774764,4.767554,1458,10.6710
4098,37,10,2.427130,2.581122,1460,10.7020
4099,10,25,2.471455,2.625312,1450,10.7036
4100,25,8,3.784425,3.603036,1431,10.5456
4101,8,33,5.126172,4.699158,1361,10.3441
4102,33,42,3.778314,3.576965,1475,10.5614
4103,42,48,3.135139,3.423110,1452,10.6648
4104,48,55,4.266180,4.140970,1467,10.6361
4105,55,20,3.988392,3.830296,1467,10.7783
4106,20,32,3.597847,3.997640,1031,8.8880
4107,32,44,6.034079,5.368046,1399,10.5477
4108,44,47,3.800846,3.882098,1469,10.7385
4109,47,24,3.969929,3.744813,1401,10.4600
4110,24,0,3.144629,3.127595,1451,10.6595
4111,0,44,3.036887,2.907272,1462,10.6382
4112,44,28,4.921959,4.321589,1482,10.6130
4113,28,55,4.034609,3.839224,1136,9.2155
4114,55,20,3.579039,3.731292,1493,10.6676
4115,20,24,5.765980,4.965139,1425,10.7478
4116,24,48,3.000432,2.849358,1477,10.6348
4117,48,22,3.042993,3.100598,1473,10.6206
4118,22,26,3.975404,4.179798,1458,10.7493
4119,26,50,3.151243,2.997983,1459,10.6082
4120,50,23,3.864421,3.434436,1455,10.6802
4121,23,41,3.287643,3.501848,1280,10.2186
4122,41,13,3.086910,2.968133,1473,10.6111
4123,13,12,1.507819,1.254943,1461,10.6633
4124,12,13,1.328321,1.239485,1447,10.6228
4125,13,23,2.089131,2.758834,1448,10.6271
4126,23,40,2.500401,2.744438,1476,10.6771
4127,40,47,5.803827,5.238889,1474,10.5786
4128,47,24,3.884425,3.617017,721,6.1034
4129,24,48,3.068115,2.828775,1449,10.9365
4130,48,24,3.181674,2.873902,1460,10.6170
4131,24,0,2.894292,3.086919,1431,10.5794
4132,0,44,2.999120,2.836804,1470,10.6665
4133,44,47,3.449215,3.812980,1470,10.6907
4134,47,23,5.300338,4.494757,1459,10.6516
4135,23,41,3.193845,3.385639,1444,10.6623
4136,41,50,4.267285,4.018686,1446,10.5644
4137,50,23,3.718511,3.262893,1477,10.7204
4138,23,4,2.716342,3.053203,1442,10.5248
4139,4,36,3.831314,3.423450,1451,10.5453
4140,36,4,2.752357,2.761740,1483,10.6412
4141,4,36,3.570016,3.305789,1454,10.5901
4142,36,4,2.566941,2.629908,1449,10.7585
4143,4,49,3.141527,3.019538,1395,10.4599
4144,49,22,2.894810,3.082101,1438,10.5391
4145,22,26,4.176386,4.091204,1457,10.5535
4146,26,50,3.058047,2.895135,1477,10.6153
4147,50,23,3.797004,3.221316,1465,10.6793
4148,23,41,3.069657,3.270942,1494,10.6226
4149,41,13,2.935932,2.865551,1462,10.6598
4150,13,23,2.628802,2.866422,1445,10.6630
4151,23,40,2.556704,2.770006,1448,10.6072
4152,40,48,2.858997,3.099860,1460,10.6761
4153,48,55,3.937299,4.209165,1453,10.6052
4154,55,20,3.614790,3.687953,1475,10.6708
4155,20,24,5.834079,4.985999,1459,10.6956
4156,24,48,2.882684,2.714449,1477,10.6065
4157,48,22,3.327945,3.045963,1471,10.6251
4158,22,26,3.845464,3.975308,1448,10.6086
4159,26,51,2.543735,2.676063,1476,10.6810
4160,51,1,2.056771,2.134621,1492,10.7369
4161,1,52,3.670333,4.138873,1467,10.6633
4162,52,54,2.817517,3.223720,1372,10.4673
4163,54,37,3.734668,4.066295,1332,10.4700
4164,37,31,2.673619,2.903807,1392,10.5340
4165,31,36,4.054655,4.568763,1462,10.7249
4166,36,29,4.661391,4.105169,1463,10.6950
4167,29,60,3.927800,4.055744,1462,10.6000
4168,60,45,4.078890,4.129935,1364,10.4708
4169,45,26,5.622952,5.151058,1432,10.6083
4170,26,50,2.901153,2.813246,1421,10.5121
4171,50,57,4.073277,3.873165,1459,10.7497
4172,57,34,4.037638,3.550512,1441,10.5657
4173,34,16,3.620274,3.570553,1483,10.5976
4174,16,13,4.150516,4.160855,1430,10.7010
4175,13,23,2.041777,2.743335,1419,10.5492
4176,23,4,2.493046,2.946700,1445,10.5515
4177,4,49,3.133290,2.974944,1476,10.5917
4178,49,40,2.940299,2.878163,1468,10.6261
4179,40,62,3.461501,3.611021,1450,10.6039
4180,62,58,2.892685,2.733217,1252,9.4980
4181,58,56,3.704300,3.327338,1444,10.6796
4182,56,17,3.922505,3.880544,1457,10.6416
4183,17,1,4.404322,3.995500,1446,10.5419
4184,1,53,2.232838,2.299846,1439,10.6951
4185,53,62,6.342133,6.125047,1472,10.6979
4186,62,58,2.554040,2.609804,1432,10.5421
4187,58,56,3.456165,3.218798,1465,10.6245
4188,56,42,4.357507,4.486943,1458,10.6076
4189,42,43,3.907688,3.701129,1459,10.6521
4190,43,37,4.989053,4.696920,918,7.2251
4191,37,31,2.851050,2.837283,1182,9.8938
4192,31,62,3.368198,3.931818,1457,10.6914
4193,62,26,3.014699,3.233208,1452,10.5625
4194,26,51,2.579476,2.641074,1448,10.5816
4195,51,1,1.945870,2.115322,1459,10.5593
4196,1,52,3.437513,4.029001,1480,10.6426
4197,52,54,2.585195,3.177232,1455,10.7052
4198,54,35,2.224347,2.314879,1472,10.7018
4199,35,10,2.430567,2.634323,1467,10.6396
4200,10,12,3.782973,4.208437,1362,10.2538
4201,12,13,1.265620,1.236458,1468,10.7064
4202,13,12,2.642589,1.286560,1442,10.6823
4203,12,13,1.319044,1.158704,1455,10.7723
4204,13,23,2.805149,2.848078,1455,10.6410
4205,23,40,2.449634,2.774340,1435,10.6197
4206,40,47,5.560607,5.105805,1451,10.6308
4207,47,33,4.384588,3.797353,1487,10.7342
4208,33,42,3.653429,3.563666,1471,10.6366
4209,42,43,4.054938,3.661172,1455,10.6788
4210,43,44,5.396012,4.642287,1439,10.6663
4211,44,62,2.566249,2.750928,1445,10.6334
4212,62,30,3.480302,3.345014,1445,10.7471
4213,30,62,2.739529,2.832456,1450,10.5250
4214,62,30,3.290395,3.220940,1452,10.6824
4215,30,0,3.258673,3.263989,1465,10.5402
4216,0,26,3.298839,3.225589,1467,10.6488
4217,26,50,2.906768,2.814435,1473,10.6504
4218,50,23,4.051344,3.422888,1456,10.7005
4219,23,40,2.302305,2.630482,1461,10.6109
4220,40,47,5.344083,5.031323,1453,10.5710
4221,47,33,4.275095,3.666223,1458,10.7473
4222,33,17,3.764707,3.839160,1461,10.5933
4223,17,37,4.989067,4.285945,1452,10.5841
4224,37,10,2.252910,2.530280,586,6.4792
4225,10,12,4.306468,4.162031,1458,10.7896
4226,12,13,1.327637,1.162578,1460,10.6485
4227,13,12,1.489717,1.317590,1460,10.5741
4228,12,13,1.098302,1.152387,1272,9.7968
4229,13,56,5.016490,5.194085,1441,10.5647
4230,56,17,3.767793,3.807654,1449,10.5609
4231,17,37,5.000537,4.270280,1434,10.5279
4232,37,31,2.779306,2.762047,1451,10.7048
4233,31,62,3.593009,3.798811,1455,10.5601
4234,62,58,2.644343,2.624596,1472,10.6261
4235,58,54,4.674443,5.012941,1440,10.5950
4236,54,37,3.970092,4.088202,790,7.5961
4237,37,31,2.636377,2.718656,1447,10.6220
4238,31,62,3.317526,3.724652,1457,10.5810
4239,62,30,3.241628,3.154969,1450,10.6134
4240,30,37,4.707354,4.740494,1451,10.5482
4241,37,10,2.302164,2.556801,1490,10.6288
4242,10,12,3.546063,4.041566,1455,10.6695
4243,12,25,4.062799,4.097205,1474,10.6526
4244,25,41,4.320004,4.300054,1454,10.6519
4245,41,5,5.339648,4.872633,1475,10.6580
4246,5,6,3.624956,3.689535,102,3.8449
4247,6,26,5.668055,4.976081,788,7.7336
4248,26,51,2.641164,2.671749,1449,10.6865
4249,51,1,1.820564,2.040501,1475,10.7572
4250,1,52,3.581455,3.887727,1390,10.6170
4251,52,21,3.420096,3.443618,1426,10.6600
4252,21,59,3.149219,3.289829,1413,10.5320
4253,59,54,4.285987,4.054662,530,4.8657
4254,54,35,2.065797,2.253468,1460,10.5748
4255,35,53,3.835978,3.910361,1404,10.5255
4256,53,5,4.461233,4.466294,1460,10.6548
4257,5,59,3.472422,3.547540,790,6.3591
4258,59,54,3.703667,3.945432,1459,10.6874
4259,54,35,2.090517,2.129216,1475,10.6256
4260,35,53,4.186210,3.761016,1474,10.6089
4261,53,5,4.253169,4.312751,1472,10.5588
4262,5,59,3.468677,3.511333,1456,10.5598
4263,59,54,3.351387,3.827190,1455,10.5829
4264,54,35,1.909487,2.012566,1443,10.5442
4265,35,46,3.267030,3.509389,1464,10.6269
4266,46,52,4.722564,4.266461,1447,10.6020
4267,52,21,3.441716,3.323349,1465,10.6485
4268,21,35,2.780769,3.166013,1439,10.6190
4269,35,53,3.268227,3.600002,1476,10.6406
4270,53,5,4.136020,4.157747,1471,10.6886
4271,5,6,3.745412,3.692463,1453,10.6451
4272,6,26,5.681432,4.936579,1471,10.6853
4273,26,50,2.910806,2.812485,515,6.3432
4274,50,23,3.418100,3.331873,1191,9.6292
4275,23,4,2.786798,2.989508,533,6.1066
4276,4,31,4.422533,4.896248,982,9.0049
4277,31,41,3.720257,3.728021,1347,10.1580
4278,41,5,5.516340,5.123588,1449,10.6362
4279,5,59,3.375840,3.529468,1473,10.6053
4280,59,8,3.054236,3.235325,1461,10.9081
4281,8,46,2.943876,2.879339,1448,10.7056
4282,46,52,4.604201,4.176916,1430,10.6667
4283,52,54,2.673013,3.063478,1462,10.6008
4284,54,63,2.050021,1.910967,1425,10.5111
4285,63,54,1.707708,1.834597,1472,10.7172
4286,54,35,1.807306,2.022232,1447,10.5910
4287,35,46,3.034886,3.272699,1442,10.5875
4288,46,52,4.134568,4.116586,1461,10.6913
4289,52,54,2.478375,2.876678,1450,10.5934
4290,54,37,4.056202,4.212654,1459,10.6247
4291,37,40,5.472126,5.878946,1454,10.6114
4292,40,62,3.327307,3.528219,1117,9.4189
4293,62,58,2.713375,2.603819,693,7.0381
4294,58,54,5.300995,5.304784,1373,10.5268
4295,54,37,3.775116,3.957136,1485,10.6564
4296,37,31,2.710051,2.764963,1468,10.6192
4297,31,41,3.224616,3.628568,1446,10.5535
4298,41,50,4.102537,4.052689,1470,10.6923
4299,50,23,3.307962,3.170818,1401,10.5189
4300,23,41,3.004753,3.274735,1463,10.6219
4301,41,50,4.094838,3.971281,1464,10.7121
4302,50,3,5.086605,4.944236,1267,9.8153
4303,3,52,3.428510,3.904441,1406,10.5105
4304,52,21,3.359441,3.184647,1430,10.7497
4305,21,35,2.777843,3.129644,1416,10.5004
4306,35,10,2.878512,2.816271,1478,10.5879
4307,10,12,3.654691,3.862117,1478,10.7903
4308,12,13,1.113031,1.257368,920,7.4895
4309,13,23,2.793262,3.000103,1455,10.7765
4310,23,4,2.523451,2.919441,1431,10.8727
4311,4,49,3.244843,3.049046,1454,10.6092
4312,49,40,2.620581,2.873329,1448,10.8755
4313,40,47,5.232927,4.651730,1462,10.6581
4314,47,23,3.870133,4.016245,1463,10.6654
4315,23,4,2.402101,2.772498,1456,10.7306
4316,4,36,3.746378,3.348756,1440,10.5560
4317,36,29,4.469231,4.045265,1467,10.6035
4318,29,60,3.916838,4.032965,1476,10.7246
4319,60,21,3.361010,3.676413,1333,10.3570
4320,21,35,2.747948,3.057600,1392,10.4838
4321,35,53,3.577889,3.447459,897,7.3923
4322,53,63,2.413623,2.275435,1448,10.7102
4323,63,47,4.893602,4.404690,1290,10.1118
4324,47,24,3.402482,3.494226,1456,10.6335
4325,24,0,3.310833,3.224381,1440,10.6138
4326,0,48,3.614628,3.433960,1485,10.6534
4327,48,55,4.054383,4.138229,1241,10.1279
4328,55,20,3.642708,3.632576,1339,10.2291
4329,20,32,3.914987,4.096996,1475,10.7535
4330,32,44,5.523969,5.089417,1445,10.5837
4331,44,62,2.579097,2.760152,1468,10.7587
4332,62,58,2.739040,2.560100,1473,10.6918
4333,58,4,3.156932,3.185797,1455,10.7512
4334,4,36,3.544287,3.231416,1254,10.0460
4335,36,29,4.460787,4.010788,1453,10.6524
4336,29,60,3.972704,4.030650,1461,10.6824
4337,60,37,4.209821,4.420522,1387,10.5036
4338,37,31,2.660662,2.709660,1402,10.5628
4339,31,36,3.897777,4.678647,1466,10.6680
4340,36,4,2.448117,2.464863,1516,10.6736
4341,4,49,3.106367,3.014661,1448,10.6047
4342,49,40,2.733561,2.847459,1428,10.5175
4343,40,62,3.179635,3.513657,1465,10.5794
4344,62,58,2.579623,2.503060,1462,10.6011
4345,58,54,5.076968,5.259920,1457,10.5704
4346,54,35,1.820765,2.079639,1454,10.6258
4347,35,10,2.574272,2.775224,1483,10.8129
4348,10,12,4.086778,3.794762,1460,10.6049
4349,12,13,1.288182,1.287682,1463,10.7659
4350,13,23,2.494791,2.968719,1242,9.4733
4351,23,4,2.104285,2.660956,1457,10.6501
4352,4,31,5.209063,5.102243,1465,10.6155
4353,31,62,3.015339,3.460596,1461,10.7611
4354,62,58,2.419400,2.426123,1458,10.5838
4355,58,54,5.092611,5.212716,1442,10.5733
4356,54,37,3.795475,3.677529,1165,10.0812
4357,37,31,2.559982,2.779355,1468,10.6599
4358,31,41,3.292086,3.550850,1435,10.6326
4359,41,5,5.625985,5.182114,1485,10.5950
4360,5,59,3.274222,3.540948,526,5.4534
4361,59,54,4.291274,4.086933,270,4.2816
4362,54,35,1.895456,2.055120,1450,10.6660
4363,35,46,2.909211,3.198286,1439,10.6053
4364,46,26,6.314494,5.793170,1360,10.3945
4365,26,51,2.694288,2.777387,1340,10.2538
4366,51,1,1.998174,2.055839,1438,10.6085
4367,1,52,3.315855,3.917875,1457,10.6556
4368,52,54,2.755685,3.061802,1393,10.3058
4369,54,63,2.188962,1.972808,1444,10.5922
4370,63,54,1.858399,1.933221,1447,10.6135
4371,54,63,1.886488,1.848565,1329,10.0932
4372,63,47,4.526109,4.307847,1469,10.5288
4373,47,23,3.503144,4.294083,1458,10.6835
4374,23,40,2.373318,2.772025,1295,10.0782
4375,40,62,3.292174,3.443033,1437,10.6234
4376,62,58,2.327044,2.366131,1449,10.5904
4377,58,4,2.720431,3.017855,1464,10.7285
4378,4,49,3.179973,2.971227,1444,10.8017
4379,49,40,2.507958,2.714268,1384,10.5101
4380,40,62,3.068256,3.330395,1421,10.5339
4381,62,58,2.326602,2.306092,1457,10.6465
4382,58,54,6.072773,5.505403,1449,10.6563
4383,54,35,1.830098,2.139481,1177,9.7498
4384,35,10,2.440148,2.751079,1344,10.2021
4385,10,25,2.825190,2.810624,1460,10.7298
4386,25,41,4.043380,3.893629,1467,10.8506
4387,41,50,3.940601,4.076556,1459,10.6133
4388,50,57,4.158226,3.914591,1482,10.6658
4389,57,9,3.932614,4.062441,1391,10.4735
4390,9,52,3.109668,3.525547,905,7.1808
4391,52,54,2.458336,3.050129,1411,10.5228
4392,54,35,1.816857,2.065134,1498,10.6442
4393,35,10,2.145429,2.676809,1409,10.6157
4394,10,25,2.482255,2.721089,1443,10.5380
4395,25,8,3.625674,3.620605,1435,10.6134
4396,8,46,2.943473,2.748777,1461,10.6995
4397,46,0,5.544381,5.269177,1454,10.6376
4398,0,44,3.479904,3.132496,1446,10.6145
4399,44,47,3.524178,3.783441,1430,10.6281
4400,47,24,3.445444,3.517960,1437,10.7080
4401,24,48,3.040343,2.881592,1434,10.5977
4402,48,24,3.482959,2.941270,1453,10.5475
4403,24,0,3.116906,3.267088,1457,10.6890
4404,0,44,3.278042,3.057756,1494,10.5881
4405,44,28,4.717938,4.103719,1459,10.6301
4406,28,53,3.008223,3.655484,592,6.3677
4407,53,63,2.025705,2.197185,1450,10.8971
4408,63,54,1.818241,1.912650,1453,10.7872
4409,54,37,3.415590,3.792267,1486,10.5724
4410,37,40,6.801749,6.339133,1446,10.6058
4411,40,62,2.855835,3.179495,936,8.7887
4412,62,58,2.276705,2.285122,1433,10.5337
4413,58,54,5.605630,5.430885,1451,10.7277
4414,54,63,1.784780,1.772240,1464,10.6603
4415,63,47,4.072498,4.189288,1479,10.6019
4416,47,23,3.759272,4.377893,1444,10.6293
4417,23,41,3.137975,3.227946,1465,10.6403
4418,41,5,5.511431,5.151664,1445,10.6343
4419,5,59,3.701433,3.531986,1422,10.6307
4420,59,54,4.058843,4.062502,1101,9.4046
4421,54,37,3.403978,3.604783,1472,10.5447
4422,37,31,3.089450,2.866357,1462,10.6130
4423,31,41,2.912916,3.375021,1457,10.5848
4424,41,5,5.424829,5.106563,1449,10.5612
4425,5,6,3.707100,3.687079,1368,10.4313
4426,6,26,5.431676,4.758908,1057,9.2813
4427,26,51,2.983356,2.810321,1451,10.5951
4428,51,8,5.867154,6.127940,1453,10.8050
4429,8,46,2.645359,2.727754,1459,10.9880
4430,46,0,5.578702,5.221654,1115,9.3556
4431,0,48,3.511031,3.483746,1443,10.6318
4432,48,24,3.404607,2.845613,1468,10.6827
4433,24,48,3.013718,2.663936,1443,10.5786
4434,48,24,3.135902,2.715286,1472,10.6967
4435,24,48,2.710641,2.524357,1366,10.2916
4436,48,22,3.415745,3.335618,1492,10.6857
4437,22,1,3.567339,3.674057,1468,10.6401
4438,1,53,2.724256,2.699359,1478,10.5875
4439,53,62,6.986437,6.246739,1479,10.7531
4440,62,58,2.261640,2.225764,1481,10.6702
4441,58,4,3.018574,3.067941,1516,10.6694
4442,4,49,3.132206,2.890961,1458,10.6076
4443,49,40,2.721197,2.793464,1465,10.6766
4444,40,62,3.028990,3.276412,1497,10.7472
4445,62,58,2.098592,2.171972,1460,10.5798
4446,58,4,2.702363,2.952196,1479,10.5970
4447,4,49,2.917747,2.795199,1437,10.6482
4448,49,22,2.980768,3.194085,1445,10.5677
4449,22,26,4.112893,4.159572,1455,10.6790
4450,26,50,3.089937,2.968656,1478,10.6674
4451,50,23,3.138341,3.106595,1218,9.5198
4452,23,40,2.424040,2.780016,1465,10.6109
4453,40,48,2.870609,3.122014,1468,10.6264
4454,48,55,4.346562,4.275251,1443,10.7622
4455,55,41,4.631667,4.401179,1419,10.6237
4456,41,13,3.051328,2.803580,1479,10.8610
4457,13,12,2.046728,1.407703,1462,10.6186
4458,12,13,1.249144,1.260422,1468,10.8635
4459,13,56,4.618951,4.890597,1466,10.7440
4460,56,17,3.939270,3.872463,1493,10.7524
4461,17,37,5.487546,4.406955,1452,10.6148
4462,37,40,6.756582,6.267666,314,5.0717
4463,40,47,5.352562,4.709878,1448,10.6835
4464,47,23,3.826907,4.132691,1482,10.9291
4465,23,4,2.286904,2.704915,1443,10.7151
4466,4,49,2.861843,2.740102,1429,10.5421
4467,49,40,2.602370,2.759673,1450,10.5485
4468,40,62,2.967894,3.210691,1450,10.7081
4469,62,30,3.554426,3.411513,1465,10.6406
4470,30,0,3.578481,3.499811,1458,10.5510
4471,0,44,3.257274,3.021277,1491,10.7972
4472,44,28,4.492575,4.019635,1448,10.6217
4473,28,53,2.906229,3.611146,668,7.9580
4474,53,63,1.987995,2.154095,1113,9.3987
4475,63,54,1.894207,1.941590,1230,9.9584
4476,54,63,1.684840,1.652842,1426,10.7077
4477,63,47,4.501773,4.216879,1136,9.1643
4478,47,23,4.337996,4.183963,1461,10.8009
4479,23,4,2.160388,2.615007,1452,10.6299
4480,4,36,3.699770,3.354982,1448,10.6246
4481,36,29,4.323685,3.992278,1416,10.5593
4482,29,38,3.961795,3.830541,1459,10.7622
4483,38,30,5.292092,4.345088,910,8.1116
4484,30,0,3.440730,3.460331,1456,10.8024
4485,0,26,3.784670,3.743890,1461,10.6523
4486,26,50,3.023824,2.934764,1432,10.5786
4487,50,23,3.397082,3.010260,1465,10.5928
4488,23,4,2.107055,2.491751,1470,10.7526
4489,4,31,5.042825,5.150354,1479,10.8246
4490,31,41,3.236024,3.285023,1475,10.6656
4491,41,5,5.343495,4.920100,1475,10.6668
4492,5,59,3.524551,3.594110,712,7.5746
4493,59,54,3.514433,3.919714,1436,10.7171
4494,54,63,1.657228,1.584227,1375,10.5204
4495,63,47,4.033290,4.078242,16,2.0266
4496,47,24,3.396497,3.725208,1465,10.8407
4497,24,0,3.203351,3.220336,1442,10.6200
4498,0,26,3.712144,3.677133,1438,10.5224
4499,26,51,2.818357,2.853087,1439,10.5718
4500,51,1,1.848515,2.128457,1462,10.6136
4501,1,53,2.658782,2.557996,1446,10.6668
4502,53,63,1.771954,2.019323,1390,10.5025
4503,63,54,1.794415,1.926219,1450,10.6700
4504,54,35,2.263933,2.421999,1481,10.6048
4505,35,10,2.295004,2.615663,1481,10.6873
4506,10,25,2.592882,2.592737,1451,10.7622
4507,25,41,3.534527,3.754165,1439,10.5309
4508,41,50,4.177778,4.214157,1441,10.6783
4509,50,57,4.108773,3.858453,1456,10.6613
4510,57,34,3.848469,3.556214,1445,10.7516
4511,34,16,3.554057,3.540301,1097,9.0895
4512,16,13,4.084118,4.056175,1462,10.6505
4513,13,12,1.692219,1.312569,1425,10.4968
4514,12,13,1.277532,1.260750,1454,10.6359
4515,13,12,1.496254,1.241131,1287,9.9569
4516,12,13,1.214422,1.223997,1464,10.6021
4517,13,23,3.050087,3.569601,1462,10.6736
4518,23,41,3.275605,3.194424,1477,10.5805
4519,41,5,5.288216,4.900988,1465,10.6494
4520,5,59,3.598622,3.604909,1266,10.0033
4521,59,8,3.210939,3.343759,1319,10.3195
4522,8,59,3.173074,3.137902,1418,10.7419
4523,59,8,3.017076,3.203013,1288,10.1066
4524,8,46,2.651319,2.677696,1374,10.3659
4525,46,52,4.360995,4.117295,1451,10.6997
4526,52,54,2.402270,2.893956,1354,10.3375
4527,54,35,2.234379,2.350934,1475,10.7482
4528,35,46,2.781208,3.026603,1459,10.5925
4529,46,0,5.409064,5.349978,1458,10.7112
4530,0,48,3.378869,3.342348,1458,10.8502
4531,48,22,3.461662,3.228778,1434,10.5094
4532,22,1,3.195781,3.652083,1424,10.5171
4533,1,53,2.439442,2.484909,1462,10.8035
4534,53,5,4.865692,4.662671,1469,10.5991
4535,5,59,3.826937,3.548071,1359,10.3950
4536,59,8,2.944612,3.132189,1444,10.7105
4537,8,59,2.963921,2.963702,1459,10.5846
4538,59,54,3.497516,3.723079,1447,10.6214
4539,54,37,3.529451,3.772678,1465,10.7011
4540,37,10,2.493354,2.471798,1473,10.7756
4541,10,25,2.301341,2.504848,1470,10.6720
4542,25,60,4.186096,4.228721,1037,8.5123
4543,60,45,3.836904,4.182260,1458,10.6903
4544,45,49,5.347128,4.645144,1433,10.5998
4545,49,22,2.764583,3.025035,1374,10.5451
4546,22,26,4.016053,4.083498,1400,10.7508
4547,26,51,2.647130,2.843825,1388,10.6491
4548,51,8,6.418034,6.143928,1459,10.6765
4549,8,33,5.096929,4.566254,1455,10.7491
4550,33,17,3.760149,3.886733,1448,10.6951
4551,17,61,4.278307,3.951934,1027,9.0871
4552,61,30,4.065191,3.931334,561,4.9546
4553,30,62,2.804958,2.948333,1463,10.7051
4554,62,26,3.508775,3.653195,1394,10.4328
4555,26,50,2.944702,2.851985,1442,10.5817
4556,50,23,3.316963,2.921261,1460,10.7220
4557,23,40,2.639641,2.921813,1458,10.5979
4558,40,62,3.055614,3.190448,1475,10.6714
4559,62,58,2.470361,2.460794,1454,10.6240
4560,58,54,5.728306,5.399088,1448,10.6185
4561,54,63,1.735736,1.666071,1459,10.6336
4562,63,54,1.706530,1.839965,1474,10.7252
4563,54,35,2.102110,2.362321,1408,10.5009
4564,35,46,2.813522,2.963503,1396,10.5004
4565,46,0,5.589515,5.183759,1428,10.5807
4566,0,26,3.617067,3.627877,1478,10.6242
4567,26,50,2.855515,2.786886,1455,10.7899
4568,50,23,3.339720,2.848928,1454,10.6573
4569,23,41,3.060576,3.172404,1356,10.3715
4570,41,5,5.287806,4.944427,1470,10.6988
4571,5,28,3.808712,3.624194,1470,10.7014
4572,28,53,2.768716,3.551017,1456,10.8474
4573,53,63,1.847279,2.139489,1459,10.7306
4574,63,47,4.389413,3.903400,1370,10.6816
4575,47,23,3.675450,4.299647,1468,10.8406
4576,23,40,2.511170,2.861231,1428,10.5283
4577,40,62,2.985494,3.103900,1377,10.5776
4578,62,30,3.661022,3.451979,1466,10.6557
4579,30,62,2.665604,2.782340,1474,10.6615
4580,62,58,2.677816,2.424665,1449,10.6764
4581,58,4,2.861654,2.953790,1465,10.6092
4582,4,49,3.209813,2.943482,1429,10.5976
4583,49,40,2.496258,2.728569,1450,10.6454
4584,40,48,2.956649,3.205742,1449,10.7297
4585,48,22,3.234010,3.103178,1454,10.5339
4586,22,33,4.339728,3.926281,1398,10.5360
4587,33,13,4.269675,4.730404,1446,10.6877
4588,13,12,1.471095,1.227901,1458,10.8307
4589,12,13,1.301623,1.245656,1457,10.6299
4590,13,23,3.084886,3.607351,1458,10.5859
4591,23,4,2.222913,2.668063,1458,10.6345
4592,4,49,2.974772,2.864032,1498,10.6411
4593,49,55,3.866181,3.882679,1464,10.6177
4594,55,41,4.659257,4.444636,1452,10.6375
4595,41,13,2.537673,2.754234,1459,10.5682
4596,13,12,1.458961,1.238259,1412,10.5453
4597,12,13,1.089161,1.169027,1464,10.6609
4598,13,12,1.307518,1.183817,1458,10.6807
4599,12,25,3.292579,3.899278,1471,10.8105
4600,25,41,4.179963,3.817857,1477,10.6797
4601,41,50,4.185479,4.130049,1470,10.8049
4602,50,3,5.021411,4.903767,1431,10.6877
4603,3,52,3.465895,3.895184,981,8.3276
4604,52,21,3.278904,3.192131,1221,10.0377
4605,21,35,2.826980,3.143810,1133,9.1314
4606,35,10,2.630237,2.664434,1469,10.9058
4607,10,1,6.711064,6.814893,1412,10.7170
4608,1,53,2.032623,2.261775,1366,10.6264
4609,53,62,6.381866,6.240597,1463,10.6590
4610,62,26,3.344057,3.495474,1412,10.6209
4611,26,51,2.889091,2.895037,1472,10.7382
4612,51,1,2.187803,2.272493,1466,10.5931
4613,1,14,2.640883,2.799021,1454,10.5680
4614,14,45,2.657365,2.711431,1451,10.6134
4615,45,26,6.073722,4.986551,1452,10.6660
4616,26,51,2.627904,2.836956,1470,10.5983
4617,51,1,1.920383,2.189720,1315,9.9276
4618,1,53,2.489230,2.266913,1486,10.6691
4619,53,62,6.419005,6.059323,1454,10.6137
4620,62,30,3.452815,3.333176,572,6.2449
4621,30,0,3.675929,3.547668,1369,10.4443
4622,0,26,3.651154,3.582881,1462,10.6461
4623,26,51,2.724910,2.803067,1448,10.6927
4624,51,8,6.322776,6.139232,1474,10.6622
4625,8,33,5.036608,4.451499,1226,9.7478
4626,33,17,3.714578,3.875123,1231,9.6848
4627,17,37,5.298306,4.402299,1476,10.6519
4628,37,10,2.466759,2.416270,1486,10.7946
4629,10,12,3.950889,4.296961,1121,8.8674
4630,12,13,1.105623,1.227441,1269,10.1097
4631,13,12,1.226842,1.162011,1442,10.5952
4632,12,13,1.209458,1.216927,1459,10.6943
4633,13,23,3.219618,3.573835,1239,9.4317
4634,23,41,3.130293,3.120248,1092,9.2314
4635,41,50,4.154973,3.981107,1458,10.5735
4636,50,57,4.183643,3.907984,1470,10.7053
4637,57,34,3.965710,3.533381,1462,10.8106
4638,34,16,3.533100,3.521619,1442,10.6817
4639,16,13,3.983039,4.069098,1428,10.6726
4640,13,23,3.246916,3.370411,1439,10.6035
4641,23,4,2.469549,2.764811,1413,10.6385
4642,4,49,3.152816,2.789922,1450,10.6234
4643,49,55,3.642480,3.783140,814,7.2290
4644,55,20,3.665812,3.650444,1459,10.6782
4645,20,31,6.091984,5.698085,1456,10.6304
4646,31,62,3.939616,3.862413,1407,10.5120
4647,62,30,3.398856,3.228161,1342,10.4996
4648,30,62,2.725427,2.796457,1414,10.7778
4649,62,30,3.171281,3.099311,1471,10.7223
4650,30,0,3.544361,3.481468,1461,10.6111
4651,0,48,3.608817,3.381931,1458,10.6575
4652,48,24,3.403959,2.760770,1444,10.5649
4653,24,48,2.686937,2.494427,1455,10.5426
4654,48,22,3.424629,3.133373,1484,10.6353
4655,22,26,3.719211,3.947134,1460,10.6867
4656,26,51,2.667650,2.781080,1454,10.6168
4657,51,1,1.885198,2.178404,1469,10.6200
4658,1,53,1.943027,2.174760,1459,10.5884
4659,53,63,1.876383,2.285098,1463,10.6199
4660,63,47,3.441913,3.705300,1469,10.6836
4661,47,33,4.331570,4.026871,1470,10.6430
4662,33,13,3.857413,4.814882,1464,10.6609
4663,13,56,4.742110,4.797584,1377,10.4559
4664,56,42,4.387319,4.423375,1450,10.6723
4665,42,48,3.055296,3.390842,1430,10.6122
4666,48,55,4.153524,4.119740,1455,10.5638
4667,55,20,3.983208,3.623026,1474,10.8357
4668,20,24,5.642229,4.864439,1454,10.6148
4669,24,23,2.977339,3.609860,1456,10.5449
4670,23,40,2.649541,3.008808,1453,10.5637
4671,40,47,5.555038,5.126177,1457,10.6046
4672,47,23,3.933796,4.403696,1453,10.8265
4673,23,4,2.328969,2.722158,1443,10.6579
4674,4,36,3.807923,3.401696,1425,10.6076
4675,36,29,4.363705,3.929304,1450,10.5736
4676,29,38,3.971429,3.800672,1450,10.6121
4677,38,42,4.498585,4.079913,1335,10.3215
4678,42,43,4.102080,3.558580,1450,10.5514
4679,43,20,3.438294,3.464343,1471,10.7210
4680,20,24,5.563367,4.787725,1463,10.6922
4681,24,0,3.205241,3.348293,1480,10.6152
4682,0,48,3.265326,3.213101,1447,10.5259
4683,48,24,3.252302,2.783812,1470,10.6990
4684,24,0,3.113431,3.254462,1430,10.5438
4685,0,26,3.606701,3.525332,1477,10.5353
4686,26,51,2.584935,2.760674,1436,10.6572
4687,51,1,1.836845,2.110284,1438,10.7940
4688,1,14,2.408766,2.880171,1458,10.6037
4689,14,1,2.137618,2.147786,1449,10.5400
4690,1,14,2.861694,2.716605,1457,10.5915
4691,14,1,1.960441,1.986495,1454,10.6704
4692,1,14,2.497280,2.536772,1470,10.5646
4693,14,45,2.869440,2.843354,1464,10.6448
4694,45,0,6.676517,6.155462,1448,10.5638
4695,0,44,3.222683,3.059962,1379,10.4541
4696,44,47,3.245792,3.749280,867,7.8762
4697,47,24,3.958335,3.913603,1471,10.8540
4698,24,0,3.060144,3.205020,1462,10.6232
4699,0,44,3.206158,2.973002,1418,10.5280
4700,44,47,3.159085,3.673956,1457,10.5572
4701,47,33,4.203905,3.940564,1485,10.6330
4702,33,17,3.707405,3.868141,1465,10.9102
4703,17,37,4.878263,4.361451,901,7.1122
4704,37,10,2.401612,2.407328,1461,10.6724
4705,10,25,2.156984,2.512881,1433,10.6247
4706,25,8,3.973555,3.897231,1438,10.7577
4707,8,46,2.555035,2.629489,1468,10.9154
4708,46,0,5.223786,5.243223,1437,10.6575
4709,0,26,3.562472,3.496466,1458,10.8252
4710,26,50,2.984855,2.880327,1451,10.6651
4711,50,3,4.938290,4.768263,1360,10.3456
4712,3,52,3.470748,3.934371,1435,10.8356
4713,52,21,3.364854,3.127173,1446,10.6404
4714,21,35,2.946850,3.078457,1454,10.6301
4715,35,10,2.418872,2.426052,1461,10.5811
4716,10,12,4.002933,4.364111,1462,10.9562
4717,12,13,1.144421,1.275762,1447,10.7418
4718,13,12,1.640047,1.294405,1030,9.4820
4719,12,13,1.258829,1.239785,1457,10.6697
4720,13,23,2.956758,3.360166,1438,10.5963
4721,23,40,2.564974,2.981371,1205,9.4993
4722,40,48,2.821044,3.099484,1454,10.7034
4723,48,22,3.486577,3.079166,1465,10.7468
4724,22,1,3.824753,3.895046,1448,10.6111
4725,1,14,2.678658,2.334048,1449,10.6412
4726,14,57,3.698505,3.879198,1432,10.6256
4727,57,34,4.099949,3.460619,1474,10.7938
4728,34,16,3.645919,3.505020,1458,10.5949
4729,16,13,3.319024,4.055802,1456,10.6031
4730,13,12,1.625380,1.253595,1291,9.9375
4731,12,13,1.154494,1.218541,1408,10.4173
4732,13,12,1.301130,1.193972,1438,10.6060
4733,12,13,1.132092,1.187700,1465,10.6891
4734,13,12,1.289143,1.150035,1446,10.6798
4735,12,30,5.860612,6.176985,1482,10.6955
4736,30,37,4.820555,4.762357,1455,10.7117
4737,37,31,3.099668,2.919144,1378,10.3512
4738,31,62,3.626215,3.848074,1485,10.7773
4739,62,58,2.785222,2.643807,1461,10.6377
4740,58,56,4.013326,3.583202,1478,11.0297
4741,56,42,4.342299,4.435227,1457,10.6325
4742,42,49,3.433663,3.601624,1434,10.5837
4743,49,22,2.876708,2.946751,1453,10.5645
4744,22,33,4.305880,3.991045,1463,10.6803
4745,33,13,4.605460,4.933352,1445,10.5712
4746,13,23,3.207733,3.277779,1459,10.7989
4747,23,4,2.373240,2.842337,1452,10.6755
4748,4,36,3.645649,3.299920,1459,10.5423
4749,36,23,2.847987,3.490957,1449,10.5993
4750,23,40,2.728044,2.952321,1486,10.5682
4751,40,47,5.551859,5.046088,1448,10.5379
4752,47,23,4.725196,4.314803,1447,10.7226
4753,23,40,2.524274,2.811642,1479,10.5476
4754,40,48,2.821567,3.082216,1450,10.5253
4755,48,55,4.297158,4.041463,1450,10.6187
4756,55,20,3.761720,3.580999,1466,10.6951
4757,20,32,3.683006,4.212225,994,8.3388
4758,32,44,5.308619,4.890929,1307,10.3130
4759,44,62,2.947239,3.027042,1470,10.7552
4760,62,58,2.777995,2.583720,1453,10.6134
4761,58,4,2.989295,2.998244,1491,10.5690
4762,4,36,3.519387,3.192914,1420,10.5419
4763,36,29,4.259447,3.931239,1462,10.6152
4764,29,2,4.110198,4.044685,1453,10.6466
4765,2,33,4.696460,4.444050,1437,10.7281
4766,33,13,4.519364,4.832488,1456,10.5940
4767,13,12,1.226970,1.124204,1461,10.6961
4768,12,13,1.321482,1.349983,1458,10.6979
4769,13,12,1.307624,1.092996,1452,10.6508
4770,12,13,1.280988,1.280686,1479,10.6677
4771,13,12,1.253061,1.061999,1457,10.9124
4772,12,13,1.186467,1.217341,1473,10.5549
4773,13,12,1.096656,1.038170,1463,10.5595
4774,12,13,1.115014,1.175339,1450,10.5646
4775,13,23,3.410066,3.517186,1481,10.5848
4776,23,41,3.078723,3.269294,1466,10.5793
4777,41,13,2.391095,2.691119,1495,10.6022
4778,13,12,1.104503,1.109483,1449,10.6051
4779,12,13,1.062237,1.107886,1433,10.5490
4780,13,12,1.158561,1.080069,1459,10.5537
4781,12,13,1.052764,1.089612,1467,10.5252
4782,13,12,1.174446,1.052120,1484,10.6206
4783,12,13,1.013323,1.061893,1413,10.4698
4784,13,12,1.064302,1.029186,1427,10.5016
4785,12,13,0.980870,1.043140,1461,10.5393
4786,13,56,5.309613,5.417839,1441,10.5269
4787,56,24,3.912679,4.155441,1482,10.5655
4788,24,0,3.202853,3.231013,1441,10.8087
4789,0,26,3.505804,3.464101,1470,10.7077
4790,26,50,3.064978,2.889469,1156,10.5006
4791,50,23,3.742905,2.971370,1408,10.5437
4792,23,4,2.453195,2.796864,1467,10.5970
4793,4,49,3.154400,2.947277,1445,10.5241
4794,49,22,2.747532,2.942270,1466,10.6269
4795,22,33,4.188598,3.924514,1397,10.2349
4796,33,42,3.886741,3.657217,1494,10.5758
4797,42,48,2.960289,3.342884,1457,10.6292
4798,48,24,3.310970,2.788049,1450,10.5949
4799,24,48,2.535303,2.399022,1394,10.4613
4800,48,55,3.881447,3.975873,1421,10.4992
4801,55,13,5.452665,4.701411,1440,10.6776
4802,13,12,1.153987,1.021169,1441,10.5969
4803,12,13,1.017741,1.098409,1472,10.6600
4804,13,56,4.903789,4.980302,1443,10.6215
4805,56,17,3.896279,3.960502,1479,10.7141
4806,17,1,4.396655,3.960075,1456,10.5548
4807,1,53,2.053734,2.327339,675,6.5319
4808,53,63,1.804167,2.262751,1136,10.0095
4809,63,47,4.178660,3.766880,332,4.2523
4810,47,33,4.068547,3.939354,1430,10.6290
4811,33,17,3.579922,3.796059,1452,10.5792
4812,17,61,4.346006,3.958115,1456,10.6211
4813,61,30,4.114335,3.908408,1453,10.5798
4814,30,0,3.409719,3.472383,1458,10.5890
4815,0,44,3.397095,2.991949,1478,10.6405
4816,44,28,4.389260,3.911854,1482,10.6098
4817,28,53,2.698492,3.530010,677,7.7465
4818,53,5,4.827774,4.701775,949,8.0154
4819,5,59,4.120571,3.517065,1461,10.7170
4820,59,54,3.512177,3.774119,1176,9.5213
4821,54,63,1.779486,1.684948,112,2.8968
4822,63,32,4.019993,4.102075,1399,10.5945
4823,32,54,3.096089,3.010556,1428,10.6298
4824,54,35,2.232706,2.363880,1459,10.7697
4825,35,10,2.427538,2.356485,1479,10.5969
4826,10,25,2.259767,2.574208,1459,10.6253
4827,25,8,3.893728,3.734378,1439,10.5631
4828,8,33,5.070403,4.525494,1470,10.8604
4829,33,42,3.820054,3.658364,1439,10.6580
4830,42,48,2.801687,3.230083,1197,9.6716
4831,48,24,3.031826,2.681675,1079,8.7077
4832,24,48,2.428423,2.256166,1466,10.5646
4833,48,22,2.896159,2.941195,1273,9.7912
4834,22,1,3.561771,3.834089,1319,10.0998
4835,1,14,2.371920,2.223383,1465,10.6811
4836,14,45,2.653152,2.871848,1446,10.6527
4837,45,26,5.702623,5.155395,1452,10.6626
4838,26,50,3.072518,2.875045,1463,10.6414
4839,50,3,4.724919,4.649098,1014,9.3186
4840,3,56,4.645463,4.229732,1449,10.7072
4841,56,17,3.886500,3.884114,1320,10.2535
4842,17,1,4.169938,3.945484,1463,10.6805
4843,1,53,2.452223,2.367365,1461,10.6393
4844,53,62,6.301028,5.793239,1345,10.3687
4845,62,58,2.828940,2.633295,1455,10.6792
4846,58,4,2.939650,2.966834,1445,10.6362
4847,4,31,4.861960,4.997966,1481,10.6519
4848,31,62,3.865599,3.701338,1456,10.5908
4849,62,30,3.434529,3.262322,1465,10.6174
4850,30,62,2.943357,3.001585,1464,10.5994
4851,62,30,3.240176,3.151480,1454,10.5795
4852,30,0,3.414539,3.398523,1446,10.6379
4853,0,26,3.704426,3.503186,1448,10.5625
4854,26,51,2.921056,2.949965,1466,10.6809
4855,51,1,1.983841,2.186226,1468,10.6308
4856,1,53,2.728545,2.247884,1458,10.6860
4857,53,63,1.973862,2.381257,1464,10.6379
4858,63,47,4.125497,3.627563,1432,10.5601
4859,47,24,3.868973,4.017484,1442,10.5751
4860,24,48,2.344741,2.266266,1460,10.7310
4861,48,22,2.879061,2.855479,1468,10.6959
4862,22,33,4.205010,3.951900,1447,10.6933
4863,33,13,4.785530,5.122936,1459,10.6036
4864,13,12,1.052364,1.051060,462,5.1458
4865,12,13,1.077205,1.135737,1304,10.3361
4866,13,23,3.427109,3.518129,1126,9.4724
4867,23,41,3.140965,3.251121,1466,10.6726
4868,41,50,4.204527,3.935035,1462,10.6691
4869,50,57,4.021575,3.812614,1471,10.6106
4870,57,34,3.824103,3.423880,1158,9.4908
4871,34,27,3.893410,3.954178,1425,10.7033
4872,27,19,3.821762,3.783284,1364,10.4352
4873,19,62,5.518629,4.896055,1402,10.6451
4874,62,30,3.220815,3.077922,1456,10.5988
4875,30,0,3.346833,3.317760,1466,10.7013
4876,0,26,3.330651,3.406337,1439,10.7166
4877,26,51,2.968982,2.925977,1464,10.5563
4878,51,1,1.850180,2.147677,1283,9.8612
4879,1,53,1.804264,2.142911,1428,10.8715
4880,53,62,6.092541,5.840351,1475,10.7433
4881,62,26,3.066076,3.340675,1452,10.5986
4882,26,51,2.720902,2.850977,591,5.2465
4883,51,8,6.579529,6.091887,1464,10.7007
4884,8,46,2.558891,2.630232,1352,10.3813
4885,46,52,4.404627,4.067789,1470,10.6448
4886,52,54,2.768301,3.048002,1458,10.6771
4887,54,35,2.025396,2.334702,1465,10.7240
4888,35,53,3.953484,3.734705,1458,10.5831
4889,53,62,5.485924,5.662776,1457,10.6823
4890,62,30,3.138580,3.053413,1453,10.5884
4891,30,0,3.271031,3.227912,1449,10.5439
4892,0,44,3.142509,2.973393,1457,10.6478
4893,44,47,3.262900,3.694897,1463,10.6447
4894,47,23,4.988482,4.620741,1454,10.7089
4895,23,40,2.728716,2.996191,1153,9.6927
4896,40,62,3.652692,3.960035,1455,10.7526
4897,62,30,3.071267,2.953789,1446,10.5754
4898,30,62,2.924945,2.891501,1451,10.6005
4899,62,26,2.976779,3.239173,1475,10.6743
4900,26,51,2.741614,2.798153,1460,10.6550
4901,51,1,1.909755,2.141848,1440,10.6106
4902,1,53,2.042365,2.125785,1466,10.5917
4903,53,63,1.892098,2.416870,1466,10.6074
4904,63,54,2.051451,2.175386,1453,10.5683
4905,54,63,1.735152,1.634603,1467,10.6130
4906,63,54,1.914441,2.040911,1395,10.3249
4907,54,35,2.090719,2.328395,1427,10.5114
4908,35,10,2.055932,2.376348,1475,10.5629
4909,10,12,3.241118,4.666627,1455,10.5663
4910,12,13,1.097441,1.104018,1217,10.0407
4911,13,12,1.182275,1.098461,1454,10.6437
4912,12,13,1.007603,1.111592,1429,10.6951
4913,13,23,3.133079,3.512343,1463,10.6205
4914,23,4,2.441364,2.972492,1461,10.6168
4915,4,31,4.871167,4.872446,1458,10.6137
4916,31,62,3.442314,3.628247,1438,10.7060
4917,62,58,2.720468,2.692461,1464,10.5957
4918,58,54,5.416775,5.041194,1442,10.5933
4919,54,63,1.616213,1.585034,1373,10.4481
4920,63,47,3.686387,3.636559,1446,10.5789
4921,47,24,3.662281,4.036568,1451,10.5737
4922,24,23,2.932617,3.750262,1451,10.6442
4923,23,40,2.715442,2.947962,1456,10.5882
4924,40,47,5.607729,5.319573,1470,10.7166
4925,47,23,5.022884,4.605069,1437,10.5901
4926,23,40,2.506248,2.811226,1450,10.5702
4927,40,62,3.581355,3.806784,1491,10.6071
4928,62,30,3.000138,2.855512,1453,10.7668
4929,30,0,3.244804,3.191609,1458,10.6229
4930,0,44,3.142380,2.935501,1446,10.5977
4931,44,62,2.970768,2.956992,1501,10.6801
4932,62,30,2.840715,2.756011,1469,10.6635
4933,30,37,4.831769,4.919779,1434,10.5112
4934,37,31,3.168277,2.933223,1462,10.6145
4935,31,62,3.204005,3.544212,1477,10.5861
4936,62,58,2.654269,2.657108,1458,10.5888
4937,58,54,5.305098,4.964983,1490,10.5834
4938,54,63,1.496664,1.534820,1392,10.4855
4939,63,54,1.876426,2.054867,1318,10.2485
4940,54,63,1.442371,1.443737,1471,10.6349
4941,63,54,1.764187,1.922883,1431,10.6745
4942,54,63,1.347634,1.366747,1463,10.6755
4943,63,47,3.935503,3.785908,1419,10.5924
4944,47,24,3.742564,3.969770,1462,10.5734
4945,24,23,3.008985,3.705279,1464,10.5873
4946,23,40,2.351470,2.686331,1472,10.6451
4947,40,47,5.737814,5.520565,1471,10.6538
4948,47,33,4.415439,4.039347,1488,10.5575
4949,33,13,4.543513,5.185321,1461,10.5841
4950,13,23,2.971934,3.232488,517,5.3297
4951,23,4,2.596302,3.024191,1428,10.5507
4952,4,31,4.702515,4.805782,1463,10.6060
4953,31,41,3.417866,3.247443,1460,10.7013
4954,41,50,4.062950,3.937568,1448,10.5460
4955,50,57,4.115917,3.746436,1453,10.5575
4956,57,34,3.967517,3.387955,1466,10.6270
4957,34,16,3.284701,3.497834,1370,10.4698
4958,16,13,3.817852,4.120349,1308,10.3176
4959,13,12,1.291071,1.142547,1444,10.8065
4960,12,13,1.262373,1.193184,1460,10.6068
4961,13,23,3.115892,3.129801,1427,10.5534
4962,23,40,2.443829,2.693873,1454,10.5802
4963,40,62,3.247683,3.763670,1449,10.5534
4964,62,26,3.116532,3.293639,1472,10.5606
4965,26,50,3.063319,2.928581,1451,10.5991
4966,50,57,3.750310,3.654572,1464,10.5848
4967,57,34,3.954852,3.365418,1472,10.6631
4968,34,53,3.303583,3.355308,1427,10.5740
4969,53,63,1.680777,2.166340,1475,10.6452
4970,63,54,1.767896,1.897330,1448,10.6631
4971,54,63,1.372126,1.275322,1385,10.4821
4972,63,54,1.601971,1.782264,1472,10.6033
4973,54,37,4.141407,4.294671,1449,10.5891
4974,37,31,2.853150,2.945921,1450,10.6604
4975,31,62,3.319722,3.391076,1460,10.6600
4976,62,30,2.853213,2.725722,1458,10.6356
4977,30,0,3.171440,3.181178,1417,10.6241
4978,0,26,3.162287,3.184269,1463,10.5648
4979,26,51,2.755636,2.875841,1442,10.5632
4980,51,8,6.162567,5.933198,1459,10.5845
4981,8,46,2.521553,2.671195,324,5.4106
4982,46,26,6.468403,6.221199,1067,9.2212
4983,26,17,3.929306,3.948219,1444,10.5806
4984,17,1,4.588584,3.851856,1465,10.6015
4985,1,53,2.505863,2.164800,1466,10.5747
4986,53,5,4.906708,4.652276,1391,10.5616
4987,5,59,3.496353,3.434169,1387,10.5166
4988,59,54,3.493425,3.734938,1273,9.9203
4989,54,35,2.413736,2.625278,1459,10.6273
4990,35,46,2.587554,2.886773,1479,10.6636
4991,46,52,3.909223,4.028472,1470,10.6184
4992,52,54,2.361484,2.809038,1454,10.8382
4993,54,35,2.138345,2.491887,1460,10.6152
4994,35,10,2.166134,2.461497,1471,10.5441
4995,10,25,2.446768,2.552138,1498,10.6161
4996,25,41,3.358620,3.926592,1449,10.7096
4997,41,50,3.979852,3.918890,1463,10.6710
4998,50,3,4.764868,4.599906,1447,10.5918
4999,3,52,3.694467,4.056146,1304,10.2257
5000,52,54,2.089353,2.757020,1442,10.6405
5001,54,37,3.833021,4.190864,1450,10.7138
5002,37,31,2.764107,2.937243,1457,10.6205
5003,31,62,3.025440,3.311534,1470,10.6546
5004,62,58,2.816401,2.709359,1456,10.6200
5005,58,4,3.041256,3.121920,1488,10.6851
5006,4,49,3.329809,3.137515,1139,9.0386
5007,49,40,2.686702,2.771389,1416,10.6488
5008,40,62,3.259146,3.612295,1449,10.6877
5009,62,30,2.767845,2.675434,1453,10.5818
5010,30,37,5.226741,4.963798,1450,10.7046
5011,37,31,3.085603,2.797022,1448,10.6812
5012,31,62,3.025352,3.274526,1446,10.6683
5013,62,58,2.613445,2.663831,1446,10.6032
5014,58,4,3.056471,3.044228,1447,10.5415
5015,4,49,3.153761,3.049428,1456,10.5859
5016,49,40,2.389104,2.668428,1228,9.5195
5017,40,62,3.246520,3.520684,1476,10.7200
5018,62,58,2.489123,2.580943,1456,10.5636
5019,58,56,4.305257,3.832584,1453,10.6033
5020,56,17,3.825062,3.875763,1469,10.5829
5021,17,61,4.350101,3.961681,1453,10.5395
5022,61,59,3.496935,4.222928,1360,10.4892
5023,59,8,3.247045,3.446415,1463,10.7856
5024,8,33,4.862049,4.357236,1431,10.6596
5025,33,13,4.654485,5.097818,1450,10.6090
5026,13,56,4.443579,4.510622,1475,10.6536
5027,56,24,3.955511,4.259888,1462,10.6451
5028,24,48,2.951513,2.545680,1482,10.5916
5029,48,22,2.845059,2.906418,1461,10.5802
5030,22,26,3.987016,4.160674,1471,10.5858
5031,26,51,2.917552,2.938115,1467,10.6661
5032,51,1,1.949056,2.250561,1491,11.0052
5033,1,14,2.615099,2.453548,1440,10.6681
5034,14,45,2.481586,2.768567,1446,10.5955
5035,45,26,5.905851,5.339690,1390,10.5156
5036,26,50,3.060642,2.979318,1078,8.5460
5037,50,3,4.570857,4.492374,1456,10.6464
5038,3,52,3.709333,4.086598,1463,10.6345
5039,52,21,3.338602,3.107837,1434,10.5180
5040,21,35,2.852687,3.025983,1232,9.8484
5041,35,10,2.014998,2.397107,1450,10.6582
5042,10,1,6.908792,6.850281,1420,10.5567
5043,1,14,2.383299,2.331938,1445,10.6274
5044,14,1,2.384661,2.121522,1454,10.5966
5045,1,14,2.143380,2.160803,1464,10.6355
5046,14,45,2.863306,2.819487,1477,10.5869
5047,45,26,6.106020,5.254559,1420,10.5359
5048,26,51,2.962208,2.870733,1491,10.7196
5049,51,1,2.094924,2.260874,1479,10.6063
5050,1,53,2.154074,2.202730,1458,10.6198
5051,53,63,1.914088,2.490356,1460,10.5892
5052,63,54,1.528615,1.641753,1440,10.6182
5053,54,37,3.802841,4.070307,1467,10.6710
5054,37,31,2.527485,2.775210,1464,10.6890
5055,31,62,3.214601,3.213121,1442,10.7014
5056,62,26,3.296018,3.650494,1443,10.6357
5057,26,50,3.024788,2.914459,1459,10.6841
5058,50,57,3.914787,3.654993,1473,10.7159
5059,57,34,3.860035,3.344527,1469,10.6768
5060,34,16,3.364855,3.533500,1343,10.3599
5061,16,41,5.214909,4.830109,1468,10.6197
5062,41,5,5.323487,4.811414,1137,9.2182
5063,5,28,3.981504,3.584645,1457,10.6275
5064,28,53,2.880442,3.510423,1434,10.5920
5065,53,62,6.614906,6.179580,1462,10.5619
5066,62,58,2.495427,2.537326,663,6.4922
5067,58,54,5.368123,5.301753,1469,10.6602
5068,54,63,1.547038,1.562516,1454,10.5803
5069,63,32,4.278498,4.187619,1442,10.5327
5070,32,32,2.862177,2.204744,1471,10.5843
5071,32,32,2.707452,2.082326,1446,10.5690
5072,32,44,5.314404,4.955277,1439,10.4029
5073,44,47,3.514149,3.721785,1406,10.4726
5074,47,23,5.052773,4.555173,1443,10.5837
5075,23,4,3.019952,3.032311,362,4.9219
5076,4,49,3.207319,3.008409,1254,10.0107
5077,49,40,2.414516,2.642981,1151,9.5328
5078,40,62,2.951200,3.592445,1323,10.1799
5079,62,26,3.157829,3.494581,1333,10.2745
5080,26,51,2.666512,2.819016,1454,10.6133
5081,51,1,1.899596,2.237694,1474,10.6027
5082,1,14,2.033454,2.201856,1457,10.5515
5083,14,45,2.718583,2.725245,1431,10.6759
5084,45,0,6.893312,6.450668,1264,9.6836
5085,0,26,3.256381,3.258574,1373,10.4546
5086,26,51,2.681290,2.760816,1462,10.5904
5087,51,1,1.845690,2.185936,1433,10.5822
5088,1,14,1.877397,2.126755,1450,10.6013
5089,14,1,2.034102,1.925144,1448,10.6047
5090,1,14,2.192385,1.992121,1461,10.5998
5091,14,45,2.862271,2.779628,1503,10.6010
5092,45,0,6.859323,6.439437,1444,10.6106
5093,0,26,2.968219,3.184540,1272,9.8814
5094,26,51,2.565281,2.699780,1456,10.6491
5095,51,8,6.378358,6.097405,1446,10.5539
5096,8,46,2.386488,2.676566,1350,10.4523
5097,46,52,4.212537,3.993071,1406,10.6873
5098,52,21,3.243140,3.025953,1484,10.7351
5099,21,35,2.785216,3.006787,1471,10.6255
5100,35,46,2.791508,2.768865,1449,10.6861
5101,46,52,4.327636,3.880163,1443,10.6934
5102,52,21,3.083342,2.901937,1454,10.5636
5103,21,59,3.172173,3.293065,1464,10.6316
5104,59,58,6.944598,6.300542,1443,10.6723
5105,58,56,4.159100,3.643212,1415,10.6096
5106,56,42,4.178632,4.439729,1446,10.5975
5107,42,48,2.947841,3.296871,1366,10.3620
5108,48,22,2.947715,2.792776,1445,10.6198
5109,22,33,4.327469,3.934917,1470,10.7771
5110,33,13,5.090653,5.011331,1402,10.5877
5111,13,56,3.824928,4.157328,1468,10.7493
5112,56,24,3.790565,4.199433,1443,10.6639
5113,24,0,3.265971,3.245228,1422,10.4709
5114,0,26,3.053063,3.097878,1408,10.4327
5115,26,50,2.955450,2.869305,1342,10.2966
5116,50,23,3.570972,3.063662,1440,10.6720
5117,23,41,3.169646,3.372029,1476,10.9225
5118,41,50,4.321901,3.890451,1438,10.7299
5119,50,23,3.576818,2.872388,1429,10.5622
5120,23,4,2.539088,2.897725,1452,10.6784
5121,4,31,4.631400,4.760595,1468,10.5930
5122,31,62,3.120498,3.152848,1449,10.6994
5123,62,26,2.765760,3.115248,1467,10.6414
5124,26,17,4.028079,3.936308,1451,10.6301
5125,17,37,5.156319,4.327255,1466,10.6063
5126,37,31,3.245843,2.717287,1462,10.8742
5127,31,62,2.623729,3.092233,1473,10.6444
5128,62,58,2.772613,2.736530,1478,10.7283
5129,58,4,3.019203,3.078788,1451,10.5609
5130,4,49,3.260319,3.001485,1452,10.5950
5131,49,40,2.494134,2.641978,1449,10.6753
5132,40,47,5.882107,5.422605,1477,10.6355
5133,47,33,4.280736,3.841909,1470,10.7195
5134,33,17,3.469140,3.846858,1467,10.6878
5135,17,1,4.253932,3.878538,1500,10.6287
5136,1,52,4.423352,4.718059,1487,10.9291
5137,52,21,2.875053,2.839931,1288,10.3641
5138,21,59,3.009759,3.204897,1259,10.3868
5139,59,54,3.568033,3.820775,981,9.0952
5140,54,37,3.790922,3.801877,1449,10.6997
5141,37,40,6.167348,6.236447,1311,10.0066
5142,40,47,5.821342,5.069048,1433,10.6221
5143,47,24,3.432423,3.565920,1471,10.7272
5144,24,48,2.897830,2.562472,1412,10.5106
5145,48,55,3.840211,3.987589,1460,10.7469
5146,55,41,4.867509,4.401932,1476,10.5798
5147,41,13,2.786849,2.693625,1471,10.6491
5148,13,23,3.237611,3.024219,1451,10.7419
5149,23,41,3.368726,3.297758,1451,10.7157
5150,41,5,5.117283,4.784809,1467,10.6495
5151,5,59,3.451575,3.501589,1290,10.5276
5152,59,54,3.230548,3.667222,1055,8.9177
5153,54,35,2.190135,2.451883,1068,8.4698
5154,35,10,2.343804,2.427612,1397,10.5293
5155,10,25,2.594829,2.532687,1445,10.6512
5156,25,41,4.026123,3.890280,1438,10.6361
5157,41,13,2.656099,2.570104,1449,10.6600
5158,13,12,1.565486,1.335907,1456,10.6102
5159,12,13,1.219531,1.288502,1452,10.6342
5160,13,23,2.578826,2.923452,1491,10.7156
5161,23,4,2.438130,2.926902,1474,10.6362
5162,4,36,3.927935,3.539263,1447,10.7264
5163,36,29,4.263878,3.844799,1445,10.6393
5164,29,38,4.009526,3.752321,1460,10.6250
5165,38,42,4.406584,4.019427,1327,10.3932
5166,42,43,3.927840,3.524748,1469,10.6604
5167,43,37,5.526220,4.922476,1445,10.5914
5168,37,10,2.333041,2.475930,1214,10.2571
5169,10,25,2.464294,2.444476,889,7.4069
5170,25,41,3.586161,3.847519,973,8.8231
5171,41,50,3.942465,3.945004,1446,10.6025
5172,50,23,3.360283,2.824233,1486,10.7458
5173,23,40,2.459599,2.917253,1444,10.6616
5174,40,48,2.880439,3.301475,1469,10.5868
5175,48,22,2.983335,2.785898,1468,10.5578
5176,22,33,4.235159,3.810555,1464,10.6241
5177,33,17,3.471389,3.755285,1435,10.6230
5178,17,61,4.289746,3.952781,1459,10.5864
5179,61,43,3.395053,3.726996,1433,10.5503
5180,43,37,5.279053,4.912719,1465,10.6987
5181,37,10,2.142618,2.444583,854,8.5903
5182,10,25,2.402161,2.342771,1206,10.0000
5183,25,8,4.274976,3.962502,1436,10.6174
5184,8,46,2.605437,2.600242,1310,10.1833
5185,46,52,3.615568,3.811772,1214,9.9665
5186,52,54,2.216526,2.724900,1454,10.6719
5187,54,37,3.467821,3.863452,1463,10.5827
5188,37,31,2.800483,2.852580,1458,10.6623
5189,31,62,2.747346,3.047783,1452,10.7002
5190,62,58,2.628136,2.706733,1456,10.6158
5191,58,4,2.846060,3.000373,1463,10.6107
5192,4,36,3.734328,3.433585,1458,10.8273
5193,36,29,4.031048,3.817054,1458,10.7194
5194,29,38,4.071400,3.731687,1468,10.6953
5195,38,30,5.563526,4.351114,1434,10.6392
5196,30,0,3.551802,3.467425,1441,10.6583
5197,0,44,3.418475,3.174406,1461,10.6244
5198,44,47,3.421408,3.705351,1471,10.6061
5199,47,24,3.529217,3.445422,1445,10.6043
5200,24,0,3.204030,3.163946,1412,10.4662
5201,0,44,3.290593,3.110644,1443,10.6930
5202,44,62,2.840767,2.733601,1461,10.5823
5203,62,30,3.234545,3.152062,1468,10.6956
5204,30,0,3.253346,3.316018,1432,10.5176
5205,0,26,3.104022,3.022344,1450,10.5559
5206,26,51,2.702857,2.806394,1446,10.5383
5207,51,8,5.689948,5.828448,1439,10.5333
5208,8,46,2.447670,2.606197,661,5.6749
5209,46,0,6.205633,5.712726,1285,10.1228
5210,0,44,3.171282,3.012112,1460,10.5931
5211,44,47,3.223794,3.628846,1459,10.5897
5212,47,23,4.461731,4.139095,1463,10.5580
5213,23,4,2.212175,2.791906,1457,10.6969
5214,4,49,3.219727,3.060087,1430,10.6020
5215,49,22,2.840995,3.001742,1484,10.5913
5216,22,33,4.056730,3.705173,1446,10.5983
5217,33,17,3.416650,3.667851,1462,10.6190
5218,17,61,4.300628,3.897811,1459,10.6667
5219,61,30,3.985692,3.836309,1477,10.7142
5220,30,0,3.310394,3.363436,1461,10.6464
5221,0,44,3.187235,2.930337,1444,10.5397
5222,44,47,3.140409,3.543819,1459,10.6244
5223,47,33,4.047902,3.863039,1413,10.4930
5224,33,13,5.291468,5.217120,1434,10.5783
5225,13,23,2.671829,2.823939,1464,10.6616
5226,23,40,2.466203,2.914729,1452,10.6821
5227,40,62,3.939738,3.785562,1447,10.5868
5228,62,30,3.181418,3.064204,1471,10.5983
5229,30,37,5.270151,4.908023,1460,10.5466
5230,37,31,3.338381,2.765233,1467,10.6381
5231,31,62,2.679025,3.097745,1449,10.6180
5232,62,26,2.882667,3.238464,1495,10.6831
5233,26,51,2.596248,2.765898,1484,10.8299
5234,51,1,1.909238,2.216534,1453,10.6095
5235,1,53,2.088868,2.398093,1470,10.5776
5236,53,63,2.188647,2.599128,1413,10.4256
5237,63,47,4.477063,3.880100,1414,10.5921
5238,47,23,4.556917,4.232456,1449,10.5618
5239,23,40,2.297213,2.814300,1395,10.4596
5240,40,48,3.014785,3.340378,1464,10.5850
5241,48,24,3.368815,2.856247,1451,10.5627
5242,24,48,2.984491,2.555528,1483,10.5921
5243,48,55,3.874385,3.940511,1469,10.5693
5244,55,13,4.447157,4.425150,1211,9.8784
5245,13,12,1.501716,1.364066,1345,10.3379
5246,12,13,1.351533,1.414541,1483,10.6826
5247,13,23,2.575330,2.830029,1434,10.5048
5248,23,4,2.330823,2.888598,1449,10.5748
5249,4,49,3.084575,3.024732,1446,10.5285
5250,49,55,3.516332,3.549852,1464,10.6191
5251,55,41,4.513897,4.500643,1462,10.5931
5252,41,50,4.038349,3.905753,1469,10.6409
5253,50,57,4.008996,3.723392,1458,10.6153
5254,57,9,4.584366,4.328396,1479,10.7384
5255,9,7,3.634854,3.686499,808,8.3140
5256,7,62,5.761545,5.157695,1370,10.4023
5257,62,30,3.084285,3.012109,1450,10.7409
5258,30,0,3.369588,3.291224,1465,10.6440
5259,0,26,3.055514,2.962898,1448,10.6430
5260,26,50,3.008155,2.939166,1453,10.7325
5261,50,57,4.044053,3.628816,1481,10.6356
5262,57,9,4.745858,4.335624,1223,9.6111
5263,9,7,3.512127,3.643694,1336,10.3578
5264,7,62,6.034559,5.212530,1220,9.9467
5265,62,58,2.963525,2.918304,1256,9.9168
5266,58,4,2.903639,2.970697,1437,10.5692
5267,4,49,3.056244,2.918902,1476,10.6280
5268,49,40,2.466786,2.657690,1477,10.5648
5269,40,62,3.647083,3.919700,1437,10.5087
5270,62,30,2.972284,2.921414,1513,10.6634
5271,30,0,3.263017,3.207755,1439,10.6065
5272,0,44,3.070476,2.926330,1508,10.5669
5273,44,47,2.956495,3.528850,1497,10.7825
5274,47,33,4.032363,3.838311,1489,10.5880
5275,33,42,3.925073,3.796678,1484,10.6397
5276,42,48,2.990043,3.314985,1469,10.7052
5277,48,55,3.829298,3.711246,1455,10.6499
5278,55,41,4.820074,4.399397,1465,10.6593
5279,41,50,3.807435,3.794963,1418,10.5119
5280,50,23,3.305886,2.703770,1486,10.5949
5281,23,40,2.476638,2.794362,1449,10.6253
5282,40,48,2.708288,3.227335,1457,10.6411
5283,48,22,3.030561,2.769747,1445,10.5475
5284,22,1,3.668988,4.061607,1448,10.6343
5285,1,14,2.215025,2.007150,1449,10.8770
5286,14,45,2.399726,2.588131,1456,10.6245
5287,45,26,6.812829,5.679681,1458,10.7890
5288,26,51,2.939821,2.805780,1434,10.6272
5289,51,55,4.447558,4.689764,1454,10.7308
5290,55,41,4.418121,4.383595,1485,10.6541
5291,41,5,5.016844,4.633820,1255,9.6287
5292,5,6,3.951714,3.743484,1473,10.7235
5293,6,51,5.857823,5.101934,1178,9.6886
5294,51,1,2.104217,2.189003,1474,10.7006
5295,1,52,4.211029,4.661011,1472,10.7531
5296,52,21,2.894362,2.822425,1066,9.5833
5297,21,4,7.057942,6.410763,1450,10.9067
5298,4,49,2.959913,2.858052,1456,10.6138
5299,49,40,2.277038,2.549097,1366,10.3395
5300,40,47,5.759990,5.346263,1138,9.0652
5301,47,24,3.240204,3.467934,1431,10.6646
5302,24,48,2.622095,2.558024,1464,10.5963
5303,48,22,2.767437,2.699680,1418,10.4547
5304,22,26,3.833542,4.234090,1412,10.5849
5305,26,50,3.054828,2.917642,1446,10.5878
5306,50,57,3.969630,3.607791,1475,10.5892
5307,57,34,3.927732,3.405092,1469,10.7393
5308,34,16,3.502297,3.522855,1424,10.4819
5309,16,13,3.747035,4.210331,1374,10.6942
5310,13,23,2.197042,2.807375,1466,10.7261
5311,23,41,3.422620,3.396720,1468,10.7122
5312,41,50,3.822199,3.631178,1445,10.5343
5313,50,57,3.606401,3.552025,1427,10.6542
5314,57,9,4.735898,4.408263,1478,10.7013
5315,9,9,2.892468,1.902538,1120,9.8665
5316,9,52,2.975050,3.493515,1449,10.6152
5317,52,54,2.301800,2.720142,1326,10.1986
5318,54,63,1.806776,1.756887,1456,10.8988
5319,63,54,1.646059,1.747162,1469,10.7623
5320,54,37,3.687974,3.865223,1467,10.6383
5321,37,10,2.383197,2.463706,1482,10.6403
5322,10,25,2.228818,2.246118,1464,10.6517
5323,25,60,4.213681,4.438706,1465,10.6254
5324,60,37,4.685374,4.474693,1475,10.6278
5325,37,40,6.740573,6.267916,1431,10.5321
5326,40,62,3.967419,3.779893,378,4.2215
5327,62,58,2.964820,2.929738,1437,10.6191
5328,58,54,5.327976,4.987221,1464,10.7304
5329,54,63,1.678585,1.684492,1450,10.6058
5330,63,32,3.646190,3.848955,1453,10.6857
5331,32,54,2.932524,2.809759,1479,10.6217
5332,54,37,3.447404,3.657515,1454,10.6180
5333,37,31,3.057296,2.843296,1443,10.6811
5334,31,62,2.854608,3.303004,1463,10.6150
5335,62,58,2.917761,2.832219,1460,10.6782
5336,58,56,4.190396,3.657515,1451,10.6455
5337,56,42,4.233907,4.460313,1377,10.4501
5338,42,49,3.278396,3.594197,1349,10.3324
5339,49,22,2.752820,2.943090,1389,10.4641
5340,22,26,3.882176,4.115471,1456,10.4988
5341,26,17,3.751352,3.802659,1403,10.5652
5342,17,1,4.335727,3.743882,1186,9.6616
5343,1,53,2.354915,2.466018,1465,10.6719
5344,53,63,1.902831,2.466052,1493,10.6175
5345,63,32,3.651907,3.731596,1460,10.6189
5346,32,32,2.634743,1.919154,1472,10.6834
5347,32,54,2.430237,2.657141,1466,10.5598
5348,54,37,3.106310,3.513880,1436,10.6054
5349,37,31,2.661835,2.788055,1465,10.6242
5350,31,62,2.618394,3.229239,1445,10.8057
5351,62,58,2.692932,2.763784,1449,10.6215
5352,58,56,4.007095,3.559156,1431,10.6852
5353,56,42,4.294431,4.415539,1466,10.6306
5354,42,43,3.884709,3.519933,1447,10.6084
5355,43,37,5.130570,5.014522,1338,10.4032
5356,37,40,6.712719,6.469788,1428,10.4916
5357,40,62,3.583302,3.538139,1467,10.7246
5358,62,58,2.637469,2.655918,1457,10.5707
5359,58,56,3.870566,3.458749,1446,10.6372
5360,56,42,4.162188,4.359216,1461,10.5998
5361,42,48,2.819845,3.157787,1429,10.6381
5362,48,22,2.754787,2.539012,1469,10.6637
5363,22,26,3.900964,3.993947,1452,10.6111
5364,26,17,3.701257,3.706837,1453,10.5954
5365,17,1,4.123412,3.651333,1457,10.6651
5366,1,53,2.104103,2.367241,1491,10.6881
5367,53,63,2.169174,2.452017,1432,10.5662
5368,63,54,1.640397,1.779992,1460,10.7671
5369,54,35,2.588514,2.798406,1475,10.7455
5370,35,46,2.958839,2.804116,1475,10.8091
5371,46,0,6.079215,5.501090,1473,10.8056
5372,0,26,3.117366,3.158363,1464,10.6659
5373,26,50,3.021456,2.903375,1421,10.5422
5374,50,57,3.761178,3.443615,1417,10.7447
5375,57,9,4.741736,4.394547,1469,10.7046
5376,9,52,2.840561,3.440035,1314,10.3503
5377,52,21,3.092529,2.775374,1380,10.9701
5378,21,4,6.723436,6.154382,1251,9.9684
5379,4,36,3.868612,3.403774,1417,10.5050
5380,36,29,4.057449,3.774349,1492,10.6260
5381,29,2,3.830844,3.984683,1464,10.7861
5382,2,33,4.797932,4.552557,1477,10.7030
5383,33,17,3.308647,3.643817,891,7.7433
5384,17,37,5.539147,4.657329,1480,10.7025
5385,37,31,3.304836,2.704374,1434,10.6341
5386,31,62,2.508209,3.264109,1467,10.6842
5387,62,30,3.139597,3.053401,1417,10.5379
5388,30,62,2.710238,2.630621,1452,10.7234
5389,62,58,2.574854,2.620259,1442,10.5169
5390,58,4,3.347206,3.353599,1444,10.5844
5391,4,49,3.049337,2.917508,1456,10.5521
5392,49,40,2.764795,2.822092,1464,10.7244
5393,40,47,5.206632,4.721273,1451,10.5615
5394,47,24,3.278566,3.329000,1449,10.6682
5395,24,0,3.244009,3.191107,1441,10.6517
5396,0,44,3.176731,2.911740,1452,10.6626
5397,44,62,2.649182,2.626717,1432,10.5516
5398,62,30,3.010549,2.982409,1451,10.7453
5399,30,0,3.323559,3.280480,1452,10.4997
5400,0,48,3.574267,3.306370,1421,10.5638
5401,48,22,2.616531,2.536101,1467,10.6661
5402,22,1,3.998694,3.998681,1466,10.7466
5403,1,14,2.089992,2.116541,1459,10.7862
5404,14,45,2.479172,2.469407,1398,10.6210
5405,45,26,6.559159,5.431439,1375,10.4839
5406,26,51,3.248026,3.004020,1416,10.5683
5407,51,1,1.999427,2.256167,1456,10.7009
5408,1,14,2.057808,2.041994,1476,10.6622
5409,14,45,2.106110,2.396968,1445,10.6613
5410,45,0,7.207446,6.742252,1459,10.8117
5411,0,26,3.316785,3.219639,1454,11.0694
5412,26,50,2.994474,2.937175,778,6.8415
5413,50,57,3.734537,3.337951,1456,10.5914
5414,57,34,4.164257,3.510650,1494,10.7122
5415,34,16,3.648746,3.530220,1465,10.6466
5416,16,13,3.654982,4.157778,1454,10.5760
5417,13,23,2.649206,2.811072,1460,10.7006
5418,23,4,2.888101,3.316517,1373,10.4731
5419,4,49,3.028768,2.874214,1457,10.6468
5420,49,40,2.539356,2.763404,1465,10.7033
5421,40,48,2.839843,3.221394,1472,10.6853
5422,48,24,3.487897,2.926605,1482,10.6728
5423,24,48,2.934230,2.500440,1470,10.6745
5424,48,22,2.602414,2.493780,1403,10.5068
5425,22,33,4.267780,3.834519,1480,10.6276
5426,33,42,3.963801,3.733833,1469,10.7219
5427,42,43,3.854406,3.527223,1474,10.6506
5428,43,20,3.385979,3.405678,1465,10.7375
5429,20,31,6.549074,5.871392,1365,10.4980
5430,31,62,3.159503,3.115971,1182,9.8387
5431,62,26,3.179075,3.611448,1452,10.6827
5432,26,51,2.928604,2.979967,1443,10.5768
5433,51,1,2.067014,2.221814,935,7.7612
5434,1,53,2.146524,2.470753,1457,10.6504
5435,53,5,4.940874,4.661302,1467,10.5669
5436,5,6,3.915754,3.682756,1458,10.6626
5437,6,51,5.613406,4.999005,1444,10.5490
5438,51,1,1.957407,2.136511,1465,10.7573
5439,1,52,4.834268,4.855101,1457,10.6051
5440,52,21,2.974948,2.742691,1463,10.7536
5441,21,59,3.029158,3.257912,1462,10.5755
5442,59,8,3.507623,3.587856,1461,10.7329
5443,8,59,3.327329,3.252616,1432,10.5655
5444,59,54,3.232255,3.470636,1342,10.2621
5445,54,35,2.676873,2.640492,1438,10.5685
5446,35,53,4.352721,3.976410,1444,10.5875
5447,53,63,2.319080,2.409878,1451,10.5799
5448,63,54,1.729830,1.836140,1436,10.6612
5449,54,35,2.311453,2.539545,1461,10.5341
5450,35,46,2.601597,2.797591,1484,10.5681
5451,46,52,4.027796,3.942481,1467,10.6262
5452,52,54,2.163945,2.601436,1442,10.5373
5453,54,63,1.787116,1.783644,1460,10.5742
5454,63,54,1.562625,1.693209,1474,10.6075
5455,54,35,2.215209,2.523898,1467,10.6010
5456,35,10,2.531886,2.679810,1460,10.5406
5457,10,12,3.845782,4.521270,1474,10.6842
5458,12,13,1.304872,1.410180,854,8.0316
5459,13,56,4.138362,4.252793,1120,9.4811
5460,56,24,3.699927,4.243528,1331,10.2781
5461,24,23,3.519980,3.932417,1469,10.6853
5462,23,41,3.094295,3.290294,1422,10.5254
5463,41,5,5.100596,4.684943,1460,10.7266
5464,5,6,4.098704,3.665759,1416,10.6635
5465,6,5,4.281400,3.681931,1402,10.6122
5466,5,6,3.765619,3.579116,1468,10.7075
5467,6,5,4.075906,3.591854,1460,10.7552
5468,5,59,3.341026,3.323836,1466,10.7249
5469,59,58,7.145550,6.353236,1467,10.7501
5470,58,54,6.248288,5.097748,1183,9.5597
5471,54,63,1.662932,1.695226,1440,10.4790
5472,63,47,4.287555,4.089133,1259,9.9497
5473,47,23,4.022556,4.170296,1474,10.9054
5474,23,4,2.803175,3.167580,1273,10.0979
5475,4,49,2.897718,2.847460,1469,10.6348
5476,49,40,2.592477,2.726729,1311,10.0218
5477,40,62,3.429666,3.735199,1433,10.5233
5478,62,30,3.033242,2.956786,1455,10.6176
5479,30,0,3.583091,3.325933,1473,10.6955
5480,0,26,3.129305,3.076888,1374,10.3220
5481,26,51,2.972709,3.022798,1432,10.5254
5482,51,8,5.743047,5.524805,1474,10.6212
5483,8,59,3.114964,3.277226,532,4.8768
5484,59,8,3.500610,3.540035,1310,10.3156
5485,8,46,2.532639,2.642307,965,7.6068
5486,46,26,6.499495,6.446378,1329,10.1534
5487,26,50,2.977275,2.943390,1461,10.6712
5488,50,23,3.018071,2.768843,1436,10.5388
5489,23,4,2.800490,3.030856,1347,10.1722
5490,4,49,2.924927,2.799067,1457,10.5404
5491,49,40,2.423976,2.640055,1467,10.6376
5492,40,47,5.319580,4.891753,1426,10.5814
5493,47,33,4.079813,3.742529,1468,10.6975
5494,33,17,3.347422,3.561813,1458,10.6749
5495,17,1,3.980067,3.502058,1483,10.5749
5496,1,53,2.312086,2.527695,1470,10.7647
5497,53,63,1.818713,2.280494,1467,10.6178
5498,63,54,1.640016,1.788117,1456,10.8234
5499,54,35,2.222656,2.483895,1386,10.6040
5500,35,10,2.272115,2.593418,1455,10.6136
5501,10,25,2.503467,2.271487,1468,10.5964
5502,25,8,4.099978,3.962977,1440,11.0426
5503,8,33,5.092527,4.473884,1455,10.7364
5504,33,17,3.181135,3.522752,1467,10.6135
5505,17,1,3.706094,3.425314,1443,10.5915
5506,1,14,2.212909,2.215853,1448,10.5796
5507,14,45,2.318641,2.351739,1389,10.4894
5508,45,49,6.373337,5.162415,1464,10.6209
5509,49,40,2.356730,2.585393,1471,10.6934
5510,40,47,5.318370,4.802015,1412,10.5590
5511,47,23,4.232802,3.789534,1442,10.6298
5512,23,4,2.472154,2.885575,1461,10.6277
5513,4,49,2.922249,2.852065,1428,10.8338
5514,49,22,2.497092,2.962120,1479,10.6868
5515,22,33,4.061478,3.772499,1457,10.6815
5516,33,17,3.121370,3.405097,1400,10.4561
5517,17,61,4.331178,3.971920,1453,10.6123
5518,61,30,4.351192,3.881002,1381,10.4785
5519,30,0,3.492008,3.281974,1427,10.4977
5520,0,44,3.276304,2.954560,1452,10.9951
5521,44,28,4.571008,3.965488,1423,10.5862
5522,28,55,4.795276,3.951793,1472,10.8000
5523,55,20,4.080493,3.549752,1483,10.7640
5524,20,24,5.680676,4.978280,1428,10.5641
5525,24,23,3.266032,3.749772,1450,10.9381
5526,23,41,3.215735,3.270388,1452,10.6270
5527,41,50,4.040644,3.644250,1462,10.7505
5528,50,23,3.324059,2.538412,1455,10.5537
5529,23,4,2.414659,2.780394,1449,10.5785
5530,4,49,2.725748,2.811874,591,4.7906
5531,49,22,2.521987,2.920056,1444,10.5991
5532,22,26,3.603213,4.184212,1464,10.7489
5533,26,51,3.024434,3.058938,1462,10.6119
5534,51,1,1.997764,2.168137,1460,10.6882
5535,1,53,2.438957,2.497588,1456,10.6280
5536,53,63,1.840339,2.301057,1424,10.6401
5537,63,54,1.617092,1.758434,1444,10.6085
5538,54,63,1.500915,1.537081,1450,10.5784
5539,63,54,1.514966,1.669341,1436,10.6005
5540,54,35,2.134965,2.494281,1474,10.5992
5541,35,10,1.909966,2.548840,1466,10.6563
5542,10,12,4.311422,4.514756,1453,10.6435
5543,12,13,1.370113,1.415957,1373,10.5046
5544,13,23,2.887477,3.122994,1383,10.7960
5545,23,40,2.723782,3.093787,1480,10.6208
5546,40,47,4.991900,4.626155,1459,10.6275
5547,47,24,3.211287,3.323554,1479,10.8332
5548,24,0,3.080914,3.159936,1485,10.6226
5549,0,48,3.401234,3.263930,1440,10.6185
5550,48,55,3.987870,3.949259,1471,10.6967
5551,55,13,5.181861,4.636562,1467,10.6086
5552,13,12,1.886803,1.475373,1464,10.8396
5553,12,13,1.327608,1.443554,1477,10.6447
5554,13,23,2.741049,3.000524,1483,10.7014
5555,23,40,2.468509,2.987303,1444,10.5964
5556,40,47,4.998076,4.532979,1447,10.5850
5557,47,24,3.208556,3.181793,1320,10.0333
5558,24,48,2.771834,2.591257,1453,10.6141
5559,48,22,2.629847,2.522792,1417,10.5050
5560,22,26,3.732680,4.081334,1421,10.5085
5561,26,50,3.104754,2.980890,1465,10.6653
5562,50,23,2.799417,2.576134,1448,10.5334
5563,23,41,2.904334,3.316069,1463,10.5702
5564,41,50,3.674799,3.549158,1472,10.5229
5565,50,3,4.857969,4.727707,1456,10.5634
5566,3,10,5.035813,4.770760,546,5.3422
5567,10,12,4.818298,4.328119,601,6.3985
5568,12,13,1.487625,1.446253,1470,10.6626
5569,13,23,2.531208,2.942901,1463,10.6590
5570,23,40,2.473421,2.922430,1448,10.5942
5571,40,47,4.891818,4.420955,1448,10.6222
5572,47,24,2.868935,3.052458,1454,10.6545
5573,24,48,2.735253,2.547627,1460,10.5908
5574,48,22,2.311195,2.482240,1490,10.7106
5575,22,1,3.014589,3.971422,1445,10.6213
5576,1,14,2.120521,2.159007,1444,10.6584
5577,14,57,3.999583,3.827671,1445,10.6025
5578,57,34,4.067451,3.336479,1445,10.6171
5579,34,16,3.389671,3.516182,1466,10.6718
5580,16,16,2.954657,2.214385,1201,10.0979
5581,16,16,2.622141,2.099881,1315,10.3571
5582,16,41,5.446832,5.118666,1333,10.5710
5583,41,5,5.244998,4.710206,1392,10.4472
5584,5,6,3.641797,3.505843,1403,10.4779
5585,6,51,5.689220,4.876614,1365,10.4115
5586,51,1,1.872652,2.172534,1450,10.6415
5587,1,52,5.234513,4.991749,1474,10.8487
5588,52,54,2.077203,2.608574,1420,10.7417
5589,54,37,3.739968,3.922441,1446,10.8290
5590,37,31,2.764305,2.796343,1306,9.9056
5591,31,62,3.074602,3.128781,1475,10.8770
5592,62,58,3.296201,3.035323,1459,10.6338
5593,58,54,5.923436,4.842118,1476,10.7193
5594,54,35,2.382821,2.371785,1381,10.2702
5595,35,10,2.430922,2.555312,1480,10.7647
5596,10,25,2.100638,2.263559,1471,10.7685
5597,25,8,3.824727,3.833740,1457,10.6357
5598,8,59,2.925416,3.206402,1472,10.6855
5599,59,8,3.393075,3.387679,1446,10.5777
5600,8,59,3.083980,3.048919,1467,10.6235
5601,59,54,3.256847,3.524771,1417,10.5684
5602,54,63,1.850114,1.650371,1459,10.7134
5603,63,54,1.511458,1.625510,1477,10.7169
5604,54,35,2.027401,2.342615,1459,10.6260
5605,35,53,4.599837,4.122980,1448,10.5973
5606,53,63,2.021168,2.173436,1476,10.7626
5607,63,54,1.422505,1.603991,1473,10.6020
5608,54,37,3.532289,3.846751,1441,10.5871
5609,37,31,3.066552,2.778746,1470,10.6192
5610,31,41,3.504276,4.099728,1459,10.7926
5611,41,13,2.587116,2.691665,1402,10.5614
5612,13,12,1.763454,1.567821,1366,10.6905
5613,12,13,1.448697,1.361455,1450,10.5885
5614,13,12,1.761390,1.471083,1408,10.6620
5615,12,13,1.340471,1.292246,1466,10.6345
5616,13,23,2.810169,2.977562,1451,10.6118
5617,23,40,2.408908,2.839166,1476,10.6455
5618,40,62,3.963848,3.954387,1450,10.6244
5619,62,58,3.111760,2.927004,1467,10.6867
5620,58,56,4.113833,3.412780,1466,10.7237
5621,56,24,4.096288,4.244431,1431,10.5302
5622,24,48,2.673649,2.465905,1454,10.5729
5623,48,24,3.453538,2.636074,1456,10.6300
5624,24,0,3.033301,3.144554,1372,10.4711
5625,0,26,3.174810,3.050475,1415,10.3212
5626,26,51,3.122591,3.173891,1464,10.8265
5627,51,1,1.999307,2.117755,1468,10.6447
5628,1,14,1.870065,2.136988,1478,10.6767
5629,14,1,1.819844,1.948733,1462,10.5853
5630,1,52,5.516592,4.896308,1458,10.6570
5631,52,21,3.037965,2.927749,1153,9.6171
5632,21,35,2.521911,2.766422,1485,10.5605
5633,35,10,2.734520,2.581496,1467,10.6889
5634,10,25,1.848697,2.233961,1284,10.1379
5635,25,8,3.592931,3.706897,1076,8.8136
5636,8,46,2.618083,2.491898,1344,10.2769
5637,46,52,4.209736,4.117919,1433,10.6613
5638,52,54,2.071612,2.592437,1459,10.7118
5639,54,37,3.373332,3.638529,1463,10.6282
5640,37,31,2.744595,2.751979,1447,10.6989
5641,31,62,2.561999,3.200976,1448,10.7514
5642,62,58,2.942647,2.859707,1445,10.5978
5643,58,54,5.399396,5.070534,1445,10.6219
5644,54,35,1.988342,2.306103,1446,10.5965
5645,35,46,2.670794,3.067385,1309,10.1006
5646,46,26,6.728438,6.380753,1423,10.7829
5647,26,50,3.102866,2.998914,1466,10.7318
5648,50,57,3.846598,3.491098,1426,10.5183
5649,57,9,4.743715,4.283956,1455,10.6119
5650,9,7,3.684400,3.695001,1336,10.1535
5651,7,62,5.855620,5.155235,1257,9.9302
5652,62,58,2.865598,2.778812,1442,10.5722
5653,58,4,3.156887,3.264522,1433,10.5690
5654,4,49,3.082234,2.875166,1324,10.1508
5655,49,55,3.655274,3.660397,1471,10.7273
5656,55,20,3.627657,3.542086,1461,10.6889
5657,20,24,5.976469,5.021625,1471,10.6276
5658,24,23,3.369458,3.832742,1211,9.7450
5659,23,4,2.573556,3.019288,1462,10.6688
5660,4,36,4.048691,3.672225,1326,10.4668
5661,36,4,2.894961,2.871799,1209,10.0611
5662,4,31,5.003763,5.236289,1439,10.5738
5663,31,62,3.419114,3.027718,1359,10.3364
5664,62,30,3.333881,3.210184,1476,10.6654
5665,30,37,5.335986,4.937704,1490,10.6889
5666,37,31,3.183987,2.685704,1447,10.7369
5667,31,41,3.980967,4.123001,1477,10.7476
5668,41,13,2.616584,2.657460,1404,10.6596
5669,13,23,2.509010,2.820144,1444,10.6698
5670,23,40,2.532884,2.899771,1466,10.6641
5671,40,47,4.867223,4.303229,1446,10.5905
5672,47,23,3.908723,3.519158,1444,10.8237
5673,23,40,2.315304,2.717563,1471,10.9170
5674,40,48,3.021151,3.480814,1450,10.7692
5675,48,24,3.347354,2.657746,1468,10.7487
5676,24,0,3.046543,3.130182,1420,10.5851
5677,0,26,3.192088,3.051385,1475,10.6434
5678,26,50,3.106676,2.981707,1454,10.5950
5679,50,57,3.717896,3.371672,1471,10.6510
5680,57,34,3.759814,3.348214,1472,10.7362
5681,34,16,3.366596,3.466780,1452,10.6595
5682,16,41,4.963117,5.101935,704,6.7009
5683,41,13,2.563234,2.568612,1454,10.7319
5684,13,56,4.438259,4.437312,1395,10.4814
5685,56,24,3.679030,4.248230,1467,10.6353
5686,24,0,2.885212,3.020777,1462,10.5801
5687,0,26,3.134472,2.943350,1484,10.7986
5688,26,50,2.956991,2.900544,1465,10.6066
5689,50,57,3.520536,3.267686,1446,10.6214
5690,57,9,4.569740,4.349312,1456,10.5673
5691,9,9,2.394036,1.830163,802,6.3838
5692,9,7,3.772524,3.672510,580,6.6535
5693,7,62,5.748270,5.149276,1265,9.9455
5694,62,58,3.046865,2.837219,1462,10.7710
5695,58,54,5.626233,5.027601,1463,10.5656
5696,54,35,1.806913,2.182215,1102,9.0009
5697,35,53,4.394411,3.975847,1459,10.6597
5698,53,63,2.190217,2.166845,1465,10.7366
5699,63,54,1.635458,1.750204,1453,10.7108
5700,54,35,1.792489,2.127454,1468,10.6464
5701,35,53,4.180490,3.844237,1474,10.6517
5702,53,63,2.024378,2.019107,1460,10.5727
5703,63,47,5.457214,4.690616,1455,10.6092
5704,47,33,4.112206,3.615184,1450,10.7303
5705,33,17,3.228242,3.402611,1109,9.8117
5706,17,37,5.413879,4.586730,1356,10.3283
5707,37,10,2.618334,2.659717,1452,10.6155
5708,10,12,3.763324,4.354893,1456,10.6106
5709,12,13,1.218959,1.286975,1084,8.5870
5710,13,12,2.054183,1.582671,1453,10.5897
5711,12,13,1.195176,1.228579,1246,9.8350
5712,13,56,4.152328,4.353554,1443,10.5735
5713,56,17,3.793415,4.134524,1458,10.6706
5714,17,37,5.620566,4.580910,1449,10.5923
5715,37,31,2.653100,2.574423,1451,10.5580
5716,31,62,2.739988,3.064034,1464,10.6494
5717,62,26,3.283798,3.612218,1457,10.6217
5718,26,50,2.893821,2.831777,1467,10.5933
5719,50,57,3.425390,3.142002,1433,10.5351
5720,57,9,4.414348,4.310588,1451,10.7284
5721,9,7,3.615096,3.612800,1187,9.5973
5722,7,62,5.710864,5.218712,995,8.8690
5723,62,58,2.842159,2.807892,1340,10.3609
5724,58,54,5.952588,4.957151,1455,10.6090
5725,54,37,3.386400,3.540879,1148,9.4042
5726,37,31,2.489683,2.517962,1460,10.5619
5727,31,62,2.568340,3.007191,1453,10.7516
5728,62,26,3.192066,3.586382,1463,10.6356
5729,26,51,3.169677,3.344068,1483,10.5970
5730,51,1,1.968687,2.184781,1469,10.6118
5731,1,14,2.102240,2.099892,1450,10.6002
5732,14,45,2.393982,2.465833,1457,10.6377
5733,45,26,6.546256,5.797267,1453,10.5722
5734,26,51,3.288168,3.210324,1462,10.5812
5735,51,1,1.951072,2.137411,1432,10.5914
5736,1,53,2.621767,2.866962,1456,10.6472
5737,53,63,1.713864,2.010226,1467,10.5993
5738,63,32,4.192402,4.175428,1421,10.5392
5739,32,54,3.093216,2.960827,1423,10.6180
5740,54,63,1.676590,1.664617,1466,10.6927
5741,63,54,1.763447,1.889776,1443,10.5846
5742,54,63,1.601800,1.565081,1450,10.5722
5743,63,54,1.668589,1.775680,1459,10.5822
5744,54,63,1.460790,1.478003,1484,10.6089
5745,63,32,4.081455,4.223896,1428,10.5073
5746,32,44,5.192213,4.820353,1450,10.5855
5747,44,47,3.600610,3.800270,1440,10.6650
5748,47,33,3.938650,3.554915,1483,10.6259
5749,33,13,5.155895,5.576638,1400,10.6548
5750,13,12,1.954610,1.512174,1290,10.2561
5751,12,13,1.198245,1.269460,1406,10.6226
5752,13,12,1.572446,1.417041,1384,10.5416
5753,12,13,1.244842,1.237562,1347,10.4804
5754,13,23,2.642176,3.005183,1361,10.3673
5755,23,4,2.558393,3.056064,1395,10.4413
5756,4,49,3.104594,2.909795,1457,10.7381
5757,49,22,2.625138,2.977844,1459,10.5899
5758,22,1,3.531926,3.835058,1487,10.6577
5759,1,53,2.313400,2.807812,1450,10.6350
5760,53,63,1.523369,1.851738,1414,10.3967
5761,63,47,5.145011,4.856497,1426,10.6129
5762,47,33,3.957018,3.467077,1436,10.6628
5763,33,42,3.793952,3.804943,1474,10.6945
5764,42,48,2.887954,3.226015,1349,10.4644
5765,48,55,3.869712,3.866003,1433,10.5309
5766,55,20,3.475512,3.487327,1486,10.8694
5767,20,32,3.943683,4.322761,1406,10.6151
5768,32,54,2.614040,2.741194,1435,10.5830
5769,54,35,2.667413,2.380619,1234,9.6991
5770,35,46,2.747758,3.070944,1161,9.6563
5771,46,26,6.631857,6.173527,1400,10.4621
5772,26,51,3.098870,3.172285,1448,10.6905
5773,51,8,6.064723,5.733179,1464,10.6769
5774,8,33,5.251652,4.559554,1373,10.5011
5775,33,13,6.165210,5.591732,1465,10.6226
5776,13,12,2.008675,1.360365,970,8.7101
5777,12,13,1.412781,1.299691,1466,10.8415
5778,13,12,1.588328,1.277911,1354,10.4131
5779,12,13,1.193892,1.233288,1462,10.6041
5780,13,12,1.251283,1.222401,1441,10.5852
5781,12,13,1.185972,1.198072,1464,10.7358
5782,13,12,1.342612,1.179700,1458,10.7031
5783,12,13,1.160623,1.152623,1483,10.5866
5784,13,56,4.112640,4.452501,1473,10.5875
5785,56,17,3.707866,4.143670,1448,10.6671
5786,17,37,5.377915,4.571252,1459,10.6868
5787,37,10,2.696989,2.749981,1336,10.4547
5788,10,25,2.199717,2.327962,1395,10.5141
5789,25,41,3.620272,4.042344,1475,10.6779
5790,41,5,4.995776,4.517461,1476,10.6661
5791,5,59,3.268341,3.386022,1019,8.9328
5792,59,54,3.159271,3.659538,1421,10.5316
5793,54,35,2.122529,2.229900,857,7.8598
5794,35,10,2.361437,2.709011,1355,10.3060
5795,10,12,4.586854,4.676394,1456,10.7384
5796,12,13,0.976284,1.102785,1437,10.5874
5797,13,12,1.311053,1.273789,1454,10.6152
5798,12,13,1.033320,1.094635,1470,10.8805
5799,13,56,4.153082,4.255310,1486,10.6684
5800,56,17,3.833174,4.138799,1494,10.6155
5801,17,1,3.935354,3.378639,1439,10.5805
5802,1,53,2.728982,2.714011,1397,10.5206
5803,53,63,1.724672,1.935791,1447,10.6340
5804,63,54,1.640012,1.830413,1459,10.6452
5805,54,63,1.490327,1.502401,1404,10.5444
5806,63,32,4.291442,4.114274,1437,10.5726
5807,32,32,2.631146,1.911031,1416,10.6524
5808,32,54,2.311116,2.480417,1460,10.7348
5809,54,35,2.017638,2.226906,1457,10.6705
5810,35,10,2.423460,2.637124,1473,10.6257
5811,10,25,2.305833,2.348101,1475,10.6413
5812,25,8,4.089875,3.677681,1454,10.6719
5813,8,59,3.116906,3.186719,1465,10.7758
5814,59,8,3.282973,3.364987,1438,10.7232
5815,8,46,2.365981,2.440567,1463,10.7174
5816,46,26,6.304127,5.975408,1476,10.5868
5817,26,50,2.929641,2.940417,196,4.5836
5818,50,23,2.977440,2.882475,380,4.2565
5819,23,40,2.459981,2.766964,1365,10.6297
5820,40,47,4.984957,4.388989,965,8.3289
5821,47,33,3.641284,3.407119,1082,9.2276
5822,33,42,3.942135,3.750209,1045,8.6791
5823,42,43,3.798793,3.488584,1372,10.6073
5824,43,20,3.172445,3.282417,1440,10.6288
5825,20,24,5.525292,4.949991,1110,8.7238
5826,24,48,2.602874,2.413170,1149,9.9450
5827,48,24,3.181502,2.628218,1103,9.4031
5828,24,48,2.353370,2.252048,1428,10.7659
5829,48,24,2.853322,2.480647,1461,10.6648
5830,24,0,2.969690,3.124560,1423,10.5493
5831,0,44,3.510588,3.147622,1464,10.6054
5832,44,62,2.670651,2.755619,1456,10.6507
5833,62,58,2.939201,2.809975,1491,10.6333
5834,58,4,3.167574,3.191869,1467,10.6454
5835,4,49,2.905675,2.859271,1401,10.4908
5836,49,40,2.489193,2.627178,1475,10.7009
5837,40,47,4.724204,4.275392,1478,10.5934
5838,47,23,3.892502,3.474981,1440,10.6963
5839,23,4,2.513154,2.886167,1464,10.7639
5840,4,49,2.957706,2.800133,1451,10.6150
5841,49,40,2.189806,2.521553,1452,10.6454
5842,40,47,4.638627,4.183426,1467,10.8811
5843,47,23,3.460687,3.287338,1464,10.6203
5844,23,4,2.284307,2.747812,1442,10.5777
5845,4,31,5.268718,5.232854,1446,10.5820
5846,31,62,2.907048,2.721976,1020,8.3424
5847,62,26,3.469399,3.771214,1468,10.6733
5848,26,51,3.123508,3.209342,1443,10.6692
5849,51,1,2.203649,2.173337,1463,10.6799
5850,1,53,2.392733,2.560381,1444,10.6394
5851,53,63,1.760497,1.934696,1472,10.7044
5852,63,47,5.941688,4.995426,1466,10.5821
5853,47,24,3.189354,3.330775,1473,10.6101
5854,24,23,3.044590,3.739134,1451,10.6079
5855,23,41,3.430367,3.559578,1459,10.7059
5856,41,5,4.848858,4.449157,1457,10.6707
5857,5,59,3.508213,3.379560,1469,10.7558
5858,59,54,3.291238,3.537148,1424,10.5711
5859,54,35,1.924017,2.130304,1427,10.6806
5860,35,46,3.002640,3.145269,1440,10.7512
5861,46,26,6.348916,5.845067,1449,10.7587
5862,26,51,3.204076,3.202546,1462,10.6245
5863,51,1,1.873191,2.124145,1398,10.5150
5864,1,53,1.790508,2.458888,1468,10.6808
5865,53,63,1.418830,1.911741,1448,10.6482
5866,63,54,1.679787,1.923816,1455,10.6248
5867,54,35,1.781747,2.073520,1477,10.5723
5868,35,46,2.704298,3.032593,1477,10.5987
5869,46,26,6.004144,5.800876,1478,10.6477
5870,26,51,3.020869,3.203679,1460,10.6148
5871,51,1,1.821635,2.057934,1480,10.5973
5872,1,14,2.132402,2.416413,1474,10.7243
5873,14,45,2.396867,2.429080,1471,10.6698
5874,45,26,6.295195,5.802465,1466,10.6603
5875,26,17,3.639276,3.732621,1386,10.6005
5876,17,61,4.185319,3.959410,764,7.8824
5877,61,43,3.409304,3.634913,1480,10.7313
5878,43,37,5.417213,5.037780,1442,10.6459
5879,37,31,2.775519,2.632356,769,7.3606
5880,31,62,2.494472,2.631826,1487,10.6296
5881,62,58,2.943490,2.836023,1320,10.1767
5882,58,56,4.276934,3.541340,1375,10.4222
5883,56,17,3.865391,4.027191,1393,10.5764
5884,17,37,5.212201,4.562332,1240,10.1912
5885,37,31,2.901088,2.545374,1421,10.6459
5886,31,62,2.153104,2.557623,1468,10.7019
5887,62,30,3.586965,3.571038,1459,10.5937
5888,30,0,3.295693,3.239965,1470,10.5798
5889,0,48,3.216587,2.998419,1471,10.5006
5890,48,22,2.531966,2.713598,1447,10.6117
5891,22,1,3.166745,3.711353,1455,10.6963
5892,1,14,2.595362,2.273494,1473,10.6446
5893,14,45,2.216617,2.396249,1459,10.6081
5894,45,26,6.064529,5.725432,1458,10.6119
5895,26,51,2.949462,3.118062,1459,10.6495
5896,51,8,6.082589,5.921396,1463,10.6824
5897,8,59,3.411843,3.124154,1086,9.4695
5898,59,8,3.392443,3.331347,1421,10.5868
5899,8,59,3.053206,2.959758,1391,10.4738
5900,59,54,3.214229,3.407221,1246,10.1455
5901,54,37,3.683602,4.095291,1473,10.7057
5902,37,31,2.329568,2.480269,1466,10.6040
5903,31,62,2.503270,2.473594,1464,10.8993
5904,62,26,3.624081,4.088058,1428,10.6213
5905,26,51,2.864124,3.044554,1476,10.6324
5906,51,8,6.146098,5.946457,1451,10.6028
5907,8,59,2.655458,2.941730,1443,10.6199
5908,59,54,3.102455,3.275206,1281,10.1769
5909,54,63,1.867897,1.719779,1447,10.5686
5910,63,54,1.660799,1.817353,1443,10.6119
5911,54,63,1.818809,1.615142,1452,10.5943
5912,63,54,1.620832,1.704682,1461,10.5642
5913,54,63,1.669221,1.518472,1456,10.5495
5914,63,47,5.020413,4.998677,1463,10.5740
5915,47,23,3.544223,3.408666,1480,10.6631
5916,23,40,2.298020,2.721394,1321,10.4240
5917,40,47,4.445581,4.331887,496,4.7063
5918,47,24,3.296010,3.336820,1445,10.5518
5919,24,23,3.221479,3.639112,1409,10.5151
5920,23,40,2.357326,2.602833,1120,8.9461
5921,40,47,4.704206,4.216742,1332,10.1924
5922,47,23,3.311453,3.082146,1452,10.7138
5923,23,4,2.496087,2.762939,1305,10.2194
5924,4,49,3.051154,2.858658,1455,10.6045
5925,49,40,2.224320,2.439483,1455,10.5409
5926,40,47,4.684031,4.093004,1469,10.7710
5927,47,23,3.005101,2.881359,1453,10.6341
5928,23,40,2.043508,2.526872,1467,10.6796
5929,40,62,4.868094,4.879162,1463,10.5680
5930,62,58,2.874635,2.863827,1485,10.6814
5931,58,4,2.786863,3.090861,1472,10.6052
5932,4,49,2.944001,2.783863,1468,10.5973
5933,49,55,3.455462,3.699358,1468,10.7985
5934,55,20,3.468132,3.391114,1488,10.8053
5935,20,24,5.871807,4.873511,1457,10.6925
5936,24,0,3.053214,3.122104,1468,10.6308
5937,0,44,3.517698,3.162232,1452,10.6414
5938,44,62,2.299758,2.516210,1433,10.6035
5939,62,26,3.819726,4.008049,1468,10.7180
5940,26,50,3.263610,3.183731,1444,10.7461
5941,50,23,2.693712,2.611242,1471,10.7102
5942,23,40,2.028426,2.454792,1449,10.6008
5943,40,47,4.343646,4.031177,1466,10.7235
5944,47,23,2.976152,2.706879,1476,10.7814
5945,23,41,3.621083,3.739438,1468,10.6473
5946,41,13,2.197207,2.431648,1378,10.5096
5947,13,12,1.330989,1.268625,1468,10.9758
5948,12,13,1.184532,1.092763,1445,10.7269
5949,13,56,3.810251,4.040566,1476,10.6304
5950,56,24,3.959446,4.656398,1475,10.7082
5951,24,0,2.946270,3.039348,1474,10.7302
5952,0,26,3.338562,3.100231,1471,10.6704
5953,26,50,3.207689,3.118515,1464,10.6827
5954,50,3,4.734101,4.574669,1478,10.7698
5955,3,10,5.027150,4.692497,1446,10.6942
5956,10,25,2.476789,2.325452,176,2.9603
5957,25,8,3.541285,3.645589,1445,10.6780
5958,8,46,2.789255,2.361782,1317,10.4885
5959,46,0,6.239927,5.852144,1439,10.6179
5960,0,26,3.146109,3.001745,1460,10.7383
5961,26,51,2.930157,3.089833,1403,10.4464
5962,51,8,6.116921,5.766265,1452,10.5829
5963,8,33,5.051864,4.449521,1431,10.7299
5964,33,13,6.272494,5.644875,1450,10.7130
5965,13,12,1.207092,1.233849,995,9.0354
5966,12,13,1.126095,1.198287,1462,10.6835
5967,13,23,3.314423,3.786795,1396,10.5822
5968,23,4,2.350140,2.758020,1456,10.6831
5969,4,49,2.882006,2.743131,1472,10.6194
5970,49,55,3.447518,3.599074,1448,10.5821
5971,55,20,3.219202,3.330561,1451,10.5669
5972,20,32,3.575130,4.369180,1451,10.6958
5973,32,44,5.291294,4.972375,1440,10.5846
5974,44,62,2.249722,2.546410,1432,10.5845
5975,62,58,2.830410,2.851618,1481,10.6820
5976,58,54,6.534960,5.385410,1482,10.7050
5977,54,35,2.047712,2.315776,1432,10.7312
5978,35,10,2.762193,2.851917,1231,10.0972
5979,10,25,2.248905,2.275600,1067,8.6009
5980,25,41,3.755616,4.066287,1450,10.7047
5981,41,5,4.873150,4.377787,1478,10.7647
5982,5,59,3.477224,3.413240,1293,10.0691
5983,59,54,2.695993,3.353090,1460,10.7041
5984,54,63,1.525811,1.498058,1464,10.5952
5985,63,47,5.484641,5.230622,1450,10.7615
5986,47,23,3.032082,2.842321,1475,10.7161
5987,23,40,2.177528,2.516811,1464,10.6397
5988,40,47,4.317036,4.003076,1455,10.5644
5989,47,33,3.959549,3.643932,1459,10.6275
5990,33,17,3.399689,3.530355,1454,10.7227
5991,17,61,4.314490,3.876054,1444,10.5759
5992,61,30,4.342597,3.914824,1447,10.6224
5993,30,37,4.609122,4.537284,1473,10.6632
5994,37,31,2.457240,2.463596,1465,10.7813
5995,31,36,5.117099,5.467907,1433,10.5980
5996,36,4,2.999502,2.980923,1450,10.6570
5997,4,31,5.111762,5.297530,1480,10.5894
5998,31,41,4.504287,4.146515,1430,10.7599
5999,41,13,2.005560,2.400493,1484,10.6795
6000,13,23,4.024046,3.675885,1420,10.5786
6001,23,40,2.106952,2.440848,1481,10.6144
6002,40,48,3.243701,3.868008,1483,10.7287
6003,48,55,3.979117,3.648817,1493,10.6835
6004,55,41,5.219844,4.662348,1464,10.6667
6005,41,5,4.738354,4.259180,1461,10.6403
6006,5,59,3.696735,3.438694,1455,10.7056
6007,59,54,2.857639,3.254314,1446,10.7537
6008,54,63,1.485932,1.461750,1269,10.3908
6009,63,47,5.338684,5.206914,1433,10.5927
6010,47,24,3.194022,3.433156,1469,10.6195
6011,24,23,2.958733,3.468791,1444,10.6366
6012,23,4,2.318642,2.721413,1447,10.5899
6013,4,49,2.863958,2.716089,1454,10.6029
6014,49,40,1.979586,2.321539,1450,10.5780
6015,40,62,4.713758,4.786865,1466,10.5522
6016,62,58,2.806291,2.736055,1474,10.7420
6017,58,54,6.574671,5.401650,1476,10.6368
6018,54,63,1.447040,1.373486,865,7.2133
6019,63,54,1.757771,1.938121,1424,10.5599
6020,54,37,3.912626,4.115677,1449,10.6678
6021,37,10,2.709796,2.786732,1470,10.7501
6022,10,12,4.933193,4.607659,1459,10.6513
6023,12,13,1.002574,1.150107,1232,9.7990
6024,13,56,3.428383,3.717947,1326,10.1593
6025,56,24,4.202157,4.677154,1441,10.6108
6026,24,23,3.002643,3.332510,1456,10.5939
6027,23,4,2.161125,2.611739,1447,10.5485
6028,4,49,2.688074,2.655503,1416,10.5648
6029,49,55,3.189804,3.478525,1406,10.5349
6030,55,20,3.325028,3.319965,1451,10.6847
6031,20,32,3.407245,4.351445,1398,10.6415
6032,32,54,2.424117,2.495549,1456,10.6740
6033,54,35,2.160024,2.397375,1391,10.4387
6034,35,53,4.049388,3.840661,1480,10.6376
6035,53,5,5.520105,5.128212,1457,10.6496
6036,5,59,4.617547,3.360034,1452,10.6660
6037,59,54,2.551654,3.261292,1472,10.7080
6038,54,37,3.676798,4.009873,1395,10.4908
6039,37,31,2.297725,2.511924,1478,10.8332
6040,31,62,2.187052,2.470651,1476,10.8229
6041,62,58,2.732923,2.656233,1398,10.6220
6042,58,4,2.758994,2.982890,1458,10.5637
6043,4,49,2.435328,2.547507,1426,10.6505
6044,49,40,2.042258,2.301892,1468,10.6744
6045,40,62,4.486172,4.679834,1470,10.5753
6046,62,30,3.808406,3.713769,1468,10.6879
6047,30,0,3.413407,3.321026,1464,10.5616
6048,0,26,3.181509,3.008971,1437,10.6318
6049,26,51,2.971365,3.120808,1441,10.5820
6050,51,1,2.056985,2.270690,1451,10.6900
6051,1,14,1.979816,2.132608,1424,10.5497
6052,14,1,2.235652,1.936671,1460,10.7030
6053,1,53,2.695059,2.617574,1454,10.5669
6054,53,63,1.607237,1.993744,1467,10.5912
6055,63,54,1.484102,1.778477,1458,10.6661
6056,54,35,2.255689,2.329187,1468,10.7488
6057,35,53,4.046963,3.753411,1437,10.5933
6058,53,63,1.784066,1.869511,1471,10.6520
6059,63,47,5.349708,4.845314,1484,10.6891
6060,47,24,3.140346,3.444904,1452,10.7452
6061,24,23,2.925465,3.296863,1463,10.6185
6062,23,4,2.084705,2.451532,1445,10.6334
6063,4,31,5.412505,5.299044,1422,10.4748
6064,31,62,2.022464,2.346810,1463,10.6949
6065,62,58,2.548359,2.610847,1467,10.6467
6066,58,4,2.529293,2.860323,1473,10.6028
6067,4,49,2.523935,2.564719,1453,10.6474
6068,49,22,2.979603,3.502254,996,7.9253
6069,22,1,4.022774,3.635698,1460,10.6194
6070,1,14,1.978608,2.017356,1470,10.5763
6071,14,45,2.365694,2.411342,1453,10.6469
6072,45,49,6.239426,5.286004,1442,10.6384
6073,49,55,3.310616,3.394793,1458,10.6152
6074,55,13,5.137509,4.817777,1447,10.6874
6075,13,12,1.845710,1.415074,1426,10.6504
6076,12,13,1.285341,1.212975,1282,10.0308
6077,13,12,1.462376,1.329471,1461,10.5651
6078,12,13,1.284529,1.170744,1412,10.4808
6079,13,56,3.337898,3.582952,1463,10.7311
6080,56,24,4.196128,4.722677,1445,10.6662
6081,24,0,3.119223,3.092381,1452,10.6780
6082,0,44,3.555448,3.250759,1478,10.6791
6083,44,47,3.684962,4.081342,1453,10.7020
6084,47,33,3.939258,3.545726,1465,10.6970
6085,33,17,3.380894,3.451978,1486,10.6645
6086,17,1,3.830933,3.343427,1468,10.6131
6087,1,14,1.854663,1.922302,1463,10.6250
6088,14,57,3.892087,3.864395,1465,10.6504
6089,57,34,4.094354,3.294778,1449,10.5699
6090,34,16,3.261540,3.450128,1030,8.6376
6091,16,13,3.447639,4.236487,1162,9.7322
6092,13,56,3.162245,3.343135,1199,9.6889
6093,56,24,4.128073,4.717282,1419,10.6093
6094,24,48,2.971956,2.460666,1453,10.6148
6095,48,55,3.100801,3.409790,1457,10.5690
6096,55,41,4.946946,4.643397,1438,10.7520
6097,41,13,2.488409,2.567008,1452,10.6601
6098,13,12,1.308641,1.362579,1395,10.4303
6099,12,25,3.456856,3.581121,1471,10.5918
6100,25,8,3.536846,3.637059,1364,10.1790
6101,8,46,2.616483,2.412317,1273,10.0177
6102,46,0,5.931126,5.593725,1436,10.6555
6103,0,44,3.697445,3.108382,1448,10.8054
6104,44,28,4.396494,3.791946,1469,10.6364
6105,28,54,2.705920,3.686640,1459,10.6670
6106,54,35,2.413330,2.204600,1464,10.6668
6107,35,10,3.128442,2.876842,1390,10.5591
6108,10,12,4.648113,4.588297,1462,10.7313
6109,12,13,1.127213,1.238007,1407,10.5689
6110,13,23,3.314772,3.771799,1386,10.5429
6111,23,41,3.800813,3.550710,1438,10.5858
6112,41,5,4.690373,4.247692,1448,10.6669
6113,5,59,3.845482,3.379731,1450,10.6471
6114,59,58,7.290197,6.445955,1426,10.7053
6115,58,4,2.567550,2.898503,1398,10.5177
6116,4,36,4.401459,4.083302,1410,10.3827
6117,36,29,4.211007,3.806685,1449,10.5526
6118,29,60,3.908075,3.947502,1451,10.6431
6119,60,21,3.705485,3.740999,1428,10.6169
6120,21,59,3.040674,3.243361,1490,10.6211
6121,59,54,2.418747,3.148417,1458,10.5869
6122,54,37,3.500521,3.874722,1260,9.7897
6123,37,31,2.422435,2.587728,1455,10.5771
6124,31,41,3.502157,4.173343,1454,10.6484
6125,41,5,4.580422,4.186581,1336,10.3099
6126,5,59,4.369044,3.417430,1459,10.6945
6127,59,8,3.289897,3.490228,1482,10.6570
6128,8,46,2.308032,2.357437,1284,10.2113
6129,46,52,4.291904,4.105966,1425,10.6119
6130,52,54,2.140736,2.790652,1401,10.5941
6131,54,37,3.156170,3.703678,1452,10.7038
6132,37,10,2.676572,2.669414,1465,10.6438
6133,10,12,4.569398,4.505749,1286,9.9968
6134,12,13,1.314193,1.236562,1470,10.6445
6135,13,12,1.777030,1.462551,1457,10.6357
6136,12,25,3.002180,3.206073,1476,10.7036
6137,25,41,3.408929,3.870359,1448,10.6085
6138,41,5,4.363272,4.117727,1481,10.5729
6139,5,28,3.821089,3.736133,1464,10.6375
6140,28,53,3.282957,3.774630,1219,10.1972
6141,53,63,1.780814,1.932791,1471,10.6988
6142,63,54,1.521687,1.829913,1493,11.0125
6143,54,63,1.772851,1.708884,1484,10.6034
6144,63,54,1.774963,1.735645,1306,10.2046
6145,54,37,3.315318,3.663584,1333,10.2279
6146,37,31,2.682417,2.615635,1473,10.7178
6147,31,62,2.013701,2.418339,1472,10.6098
6148,62,58,2.876048,2.709076,1454,10.6229
6149,58,4,2.408799,2.799828,1457,10.5360
6150,4,36,4.100782,3.936519,1441,10.5850
6151,36,29,4.206468,3.775391,1459,10.6299
6152,29,38,3.655214,3.662121,981,8.7994
6153,38,42,4.316700,3.963321,1044,8.6986
6154,42,48,2.844522,3.348689,1303,10.1019
6155,48,55,3.023081,3.284726,1461,10.7278
6156,55,20,3.248154,3.358825,1153,8.9831
6157,20,32,4.006594,4.347421,1497,10.7297
6158,32,54,1.991318,2.360084,1449,10.6393
6159,54,37,3.072104,3.477878,1460,10.5781
6160,37,40,7.142465,7.069933,1469,10.6324
6161,40,62,4.541668,4.348170,1455,10.5852
6162,62,58,2.606296,2.570180,1473,10.7995
6163,58,4,2.263823,2.703593,1442,10.6037
6164,4,49,2.667184,2.713917,1458,10.6310
6165,49,40,2.440075,2.598367,1469,10.6196
6166,40,48,3.170561,3.707156,1490,10.5548
6167,48,22,2.869996,2.758421,1450,10.7754
6168,22,33,4.243875,3.814478,1449,10.6677
6169,33,17,3.188350,3.339917,1479,10.7425
6170,17,61,4.224171,3.825983,1452,10.6352
6171,61,59,4.384679,4.424584,1458,10.6729
6172,59,8,3.135145,3.386147,1393,10.5385
6173,8,33,5.204619,4.624882,1446,10.6558
6174,33,13,6.763256,5.696262,1474,10.7636
6175,13,12,1.718997,1.341765,1456,10.7098
6176,12,13,1.521980,1.380199,1458,10.6694
6177,13,12,1.393865,1.267087,1417,10.5305
6178,12,13,1.413212,1.308714,1434,10.5454
6179,13,23,3.337716,3.697067,1446,10.6155
6180,23,40,2.499452,2.702907,1447,10.6304
6181,40,62,4.474052,4.290751,1476,10.6880
6182,62,30,3.751879,3.669819,1466,10.7478
6183,30,0,3.375013,3.329737,1473,10.6499
6184,0,48,3.293618,3.115490,1417,10.5638
6185,48,22,2.730999,2.702436,1463,10.5835
6186,22,1,3.448042,3.639987,1458,10.6873
6187,1,14,1.886798,1.849366,1230,9.6929
6188,14,1,1.969252,1.937836,1408,10.5622
6189,1,14,1.722620,1.738419,1460,10.6552
6190,14,45,2.427978,2.561981,1447,10.7162
6191,45,26,6.275183,5.824720,1446,10.6111
6192,26,50,3.360441,3.277229,1219,9.7681
6193,50,57,3.607099,3.249931,1469,10.5830
6194,57,34,3.720521,3.250852,1457,10.6921
6195,34,16,3.289221,3.442507,1461,10.6370
6196,16,13,3.459235,4.246073,1463,10.6345
6197,13,12,1.479386,1.241835,1421,10.6750
6198,12,25,2.825522,3.242112,1273,10.3322
6199,25,8,3.336884,3.569722,1466,10.8653
6200,8,59,3.390483,3.143443,1478,10.6221
6201,59,8,2.997834,3.204867,1443,10.5818
6202,8,59,3.163069,2.974319,1441,10.5485
6203,59,54,2.546936,3.106729,1463,10.6862
6204,54,63,1.754886,1.788415,1452,10.6681
6205,63,47,4.792614,4.415053,1484,10.6612
6206,47,23,3.719328,3.328270,1443,10.7055
6207,23,4,2.115567,2.419789,1348,10.5632
6208,4,31,5.148653,5.010800,1484,10.7284
6209,31,62,2.638692,2.377632,1453,10.7450
6210,62,26,3.740016,4.024911,1466,10.6041
6211,26,51,2.995576,3.183455,1457,10.6202
6212,51,1,2.099499,2.406061,1468,10.6287
6213,1,53,2.713470,2.915347,1480,10.5987
6214,53,62,6.548397,6.328680,1471,10.7441
6215,62,58,2.511633,2.499913,1323,10.1782
6216,58,54,6.702324,5.867190,1459,10.5567
6217,54,63,1.636924,1.651821,1456,10.7420
6218,63,47,4.504527,4.252944,1453,10.6502
6219,47,23,3.711027,3.396076,1464,10.6699
6220,23,40,2.201514,2.599585,1290,10.1659
6221,40,62,4.366764,4.366166,1464,10.6960
6222,62,26,3.627674,3.807979,1459,10.7544
6223,26,51,2.928006,3.157710,1462,10.6625
6224,51,1,2.138957,2.361166,1463,10.5990
6225,1,53,2.505209,2.776871,1460,10.5986
6226,53,63,1.725453,1.968126,1425,10.8112
6227,63,47,4.360579,4.088932,1467,10.6129
6228,47,23,3.728480,3.440813,1461,10.6332
6229,23,4,1.888241,2.350948,1447,10.6287
6230,4,49,2.934791,2.756955,1452,10.5854
6231,49,55,2.951539,3.239635,1434,10.6276
6232,55,20,3.280887,3.273070,1452,10.7007
6233,20,24,5.625081,4.809230,833,6.7246
6234,24,0,3.206992,3.193339,1446,10.5807
6235,0,26,3.092428,2.955925,1460,10.5446
6236,26,51,2.901747,3.108412,1482,10.5588
6237,51,1,1.994372,2.322179,1456,10.6177
6238,1,14,1.675188,1.882132,1454,10.7682
6239,14,1,1.824697,1.768671,1429,10.5830
6240,1,53,2.920743,2.716324,1468,10.5692
6241,53,62,6.520561,6.364704,1458,10.5621
6242,62,58,2.423307,2.395253,1429,10.6318
6243,58,4,2.373309,2.710134,1467,10.6161
6244,4,36,4.135277,3.939714,1468,10.6878
6245,36,4,2.800829,2.607907,1441,10.5935
6246,4,36,3.913234,3.763985,1440,10.5472
6247,36,29,4.176907,3.801532,1280,10.0415
6248,29,38,3.809438,3.642174,1476,10.7344
6249,38,42,4.152114,3.886001,1193,9.4467
6250,42,49,3.200009,3.803689,1455,10.6260
6251,49,55,3.005442,3.107488,1488,10.6210
6252,55,13,5.128647,5.129692,1445,10.6021
6253,13,12,1.363386,1.190092,1403,10.4509
6254,12,13,1.463315,1.390885,1429,10.6311
6255,13,56,3.198768,3.332025,1294,10.1671
6256,56,42,4.559938,4.726457,1458,10.6596
6257,42,43,3.410553,3.326392,1450,10.5798
6258,43,37,5.527154,5.182426,1483,10.6996
6259,37,31,2.722539,2.686532,1242,10.1309
6260,31,41,3.790002,4.071556,1419,10.6980
6261,41,13,2.465400,2.816028,1470,10.7400
6262,13,12,1.264168,1.220123,1452,10.6140
6263,12,25,2.728980,3.120020,1449,10.6540
6264,25,41,3.831077,3.677500,1452,10.7105
6265,41,13,2.575487,2.738802,1438,10.5852
6266,13,23,4.284943,3.885869,1486,10.6368
6267,23,40,2.514769,2.621621,1449,10.6884
6268,40,62,4.614717,4.299139,1458,10.5272
6269,62,30,3.735426,3.513033,1472,10.6096
6270,30,0,3.320859,3.257218,1444,10.5973
6271,0,26,3.116340,2.883484,1446,10.6519
6272,26,51,2.679613,3.066111,1489,10.6526
6273,51,1,1.797967,2.247332,1437,10.6795
6274,1,14,1.670376,1.854597,1452,10.7231
6275,14,45,2.646390,2.545076,1426,10.5198
6276,45,26,6.756688,6.065922,1318,10.1537
6277,26,50,3.303886,3.285203,1448,10.6013
6278,50,57,3.555219,3.237234,1470,10.6393
6279,57,34,3.771966,3.222230,1467,10.6508
6280,34,27,4.201040,4.279739,1461,10.6351
6281,27,47,5.242371,4.637834,1339,10.3131
6282,47,24,3.945771,3.903365,1459,10.5443
6283,24,23,3.099201,3.378696,1360,10.4049
6284,23,40,2.325800,2.507865,1453,10.5892
6285,40,47,5.293536,4.586968,1474,10.7603
6286,47,33,3.708732,3.608846,1439,10.6220
6287,33,13,6.410770,5.693125,1457,10.6482
6288,13,12,1.401414,1.251494,1425,10.6646
6289,12,13,1.509644,1.444013,1320,10.3739
6290,13,12,1.423633,1.191635,1463,10.7529
6291,12,13,1.398381,1.359379,1456,10.7113
6292,13,12,1.214921,1.143128,1457,10.6174
6293,12,13,1.294681,1.292746,1441,10.6177
6294,13,12,1.164209,1.111571,1486,10.7047
6295,12,13,1.235226,1.234167,1457,10.6502
6296,13,12,1.130487,1.085885,1497,10.7580
6297,12,13,1.150614,1.181727,1476,10.8405
6298,13,23,3.877869,4.038925,1420,10.6934
6299,23,40,2.181667,2.422784,1461,10.6774
6300,40,62,4.190729,4.215098,1454,10.6276
6301,62,58,2.437834,2.351408,1444,10.5814
6302,58,56,4.461967,3.877402,1440,10.5706
6303,56,42,4.635499,4.622033,1435,10.5777
6304,42,43,3.391772,3.286580,1441,10.7001
6305,43,37,5.587326,5.171069,1458,10.6553
6306,37,10,2.609942,2.695041,1051,9.1736
6307,10,25,2.614970,2.487907,1058,8.8057
6308,25,8,3.244068,3.392184,1469,10.7904
6309,8,59,3.143243,2.909379,1456,10.6401
6310,59,8,2.817784,2.967386,1388,10.4750
6311,8,46,2.239205,2.285174,1457,10.5794
6312,46,0,5.635170,5.456107,566,5.0327
6313,0,44,3.515996,3.108299,1221,9.9525
6314,44,62,2.381054,2.709717,1460,10.6483
6315,62,58,2.347461,2.254532,1434,10.5954
6316,58,56,4.568175,3.775997,1454,10.5641
6317,56,24,4.351086,4.651999,1464,10.6475
6318,24,0,3.214507,3.171227,1464,10.8738
6319,0,44,3.241650,3.046751,1461,10.7617
6320,44,62,2.450601,2.609655,1456,10.6559
6321,62,58,2.162910,2.169340,1469,10.6247
6322,58,54,6.551717,5.954541,1463,10.5662
6323,54,37,3.094088,3.171256,1252,10.0714
6324,37,31,2.902134,2.711219,1473,10.6692
6325,31,62,2.065342,2.593223,1454,10.6113
6326,62,58,2.034854,2.075970,1466,10.6336
6327,58,56,4.140601,3.736059,1483,10.5554
6328,56,17,4.461741,4.505888,1471,10.6728
6329,17,37,5.586801,4.705427,1460,10.6836
6330,37,31,2.436226,2.572960,1466,10.8590
6331,31,62,1.877342,2.572415,1480,10.6428
6332,62,30,3.640318,3.606888,1451,10.6000
6333,30,0,3.248224,3.255932,1460,10.5855
6334,0,44,3.242007,3.004404,1447,10.5559
6335,44,62,2.158626,2.420315,1444,10.5569
6336,62,30,3.397837,3.469988,1450,10.5848
6337,30,0,3.064274,3.157926,1431,10.5186
6338,0,44,2.987201,2.918220,1428,10.5438
6339,44,28,4.308089,3.801441,1452,10.4997
6340,28,54,2.800140,3.728846,839,8.9822
6341,54,63,1.718728,1.662307,1097,9.3835
6342,63,47,4.062219,3.925531,1439,10.5857
6343,47,24,3.570666,3.877808,1448,10.5549
6344,24,0,2.687092,2.997531,1469,10.5860
6345,0,44,2.831971,2.825365,1455,10.5187
6346,44,28,4.200128,3.726761,1477,10.6008
6347,28,53,3.157246,3.851582,1387,10.5148
6348,53,62,5.982952,6.153942,1439,10.6245
6349,62,30,3.259899,3.265923,1519,10.6079
6350,30,62,2.623497,2.535493,1431,10.5964
6351,62,58,2.119381,2.173793,1445,10.6540
6352,58,54,6.589830,5.869609,1441,10.6027
6353,54,37,2.926953,3.084638,1452,10.6415
6354,37,10,2.613153,2.717078,1424,10.5899
6355,10,12,4.888881,4.790116,1460,10.6134
6356,12,13,0.999976,1.131110,1074,9.7999
6357,13,12,1.257275,1.229908,1397,10.5747
6358,12,13,1.044847,1.115528,1390,10.6046
6359,13,12,1.194594,1.180553,1435,10.8743
6360,12,13,1.056324,1.096882,1448,10.7186
6361,13,12,1.192716,1.139346,1472,10.9095
6362,12,30,5.813245,6.014785,1440,10.7089
6363,30,0,2.862565,3.041205,1377,10.4866
6364,0,26,3.323167,3.049374,1452,10.5753
6365,26,51,3.004415,3.146538,1470,10.6133
6366,51,8,6.411264,5.871496,1474,10.5804
6367,8,46,2.407551,2.246758,1030,9.2042
6368,46,0,5.881879,5.669064,1029,8.6215
6369,0,44,2.897917,2.730569,1472,10.7418
6370,44,62,2.171610,2.364814,1435,10.5870
6371,62,26,3.287707,3.697152,1468,10.5898
6372,26,51,2.938434,3.087757,1461,10.6046
6373,51,8,6.184402,5.787457,1484,10.5305
6374,8,33,5.077652,4.573404,1415,10.6769
6375,33,13,6.707080,5.749626,1449,10.6609
6376,13,12,0.982138,1.031253,1313,10.3725
6377,12,13,1.254005,1.297024,1469,10.8622
6378,13,12,1.172774,1.019553,1426,10.6788
6379,12,13,1.242074,1.225984,1270,9.9220
6380,13,23,3.435117,3.896083,1454,10.6144
6381,23,4,2.345845,2.746702,1463,10.6042
6382,4,31,4.765531,5.092019,1446,10.6926
6383,31,62,2.124711,2.387094,1451,10.6518
6384,62,30,3.140559,3.216638,1449,10.6496
6385,30,0,2.901935,3.024607,1479,10.5618
6386,0,48,3.767630,3.249992,1462,10.5791
6387,48,55,2.796220,3.185758,1454,10.6126
6388,55,41,5.672311,4.918180,1378,10.3829
6389,41,5,4.446425,3.941497,1446,10.7126
6390,5,28,3.959248,3.662922,1454,10.5982
6391,28,53,3.033822,3.849151,1369,10.4558
6392,53,62,5.674590,5.998888,1453,10.6270
6393,62,58,2.218474,2.249774,1482,10.6126
6394,58,54,6.384153,5.587616,1438,10.5714
6395,54,63,1.786742,1.716444,1123,9.1910
6396,63,32,4.051132,3.898045,1458,10.8575
6397,32,54,3.122941,2.822965,1254,10.0284
6398,54,35,2.522045,2.635225,1359,10.3890
6399,35,10,2.443053,2.642630,1337,10.2316
6400,10,25,2.556587,2.541136,1466,10.6737
6401,25,41,3.354541,3.829311,1488,10.6662
6402,41,13,2.591330,2.552818,1465,10.6343
6403,13,56,3.563170,3.714528,1458,10.6985
6404,56,17,4.199183,4.458173,1456,10.5978
6405,17,37,5.833236,4.739304,1460,10.5952
6406,37,31,2.919791,2.631854,756,6.8347
6407,31,62,1.822229,2.373624,1465,10.5967
6408,62,58,2.089982,2.157062,1441,10.5572
6409,58,54,6.163616,5.639244,1469,10.6273
6410,54,35,2.415333,2.521554,846,7.8778
6411,35,10,2.363190,2.563420,1462,10.8211
6412,10,25,2.460333,2.473191,1447,10.7543
6413,25,60,4.348782,4.608076,1445,10.6095
6414,60,21,3.475667,3.716651,1387,10.5739
6415,21,59,2.933387,3.197426,1448,10.6629
6416,59,54,2.955615,3.588320,1470,10.5812
6417,54,35,2.297119,2.390109,1439,10.6051
6418,35,46,2.935455,3.106097,1403,10.5252
6419,46,52,4.108684,3.950623,1467,10.5532
6420,52,54,2.617513,3.246498,1451,10.5378
6421,54,63,1.871835,1.827888,1467,10.5839
6422,63,47,3.794301,3.634022,1462,10.7252
6423,47,23,4.060490,3.789965,1473,10.7397
6424,23,4,2.344469,2.653873,1454,10.6297
6425,4,49,3.067011,2.764670,1464,10.7507
6426,49,22,2.885804,3.408646,1401,10.4785
6427,22,1,3.755160,3.566803,1397,10.8969
6428,1,53,2.584086,2.636893,1470,10.7840
6429,53,63,1.715313,2.197980,1465,10.6573
6430,63,47,3.719305,3.490847,1470,10.6400
6431,47,24,3.429203,4.048184,1458,10.5606
6432,24,48,2.552435,2.533424,1428,10.5594
6433,48,55,2.785021,3.114797,1461,10.5914
6434,55,20,3.287046,3.248919,1427,10.5687
6435,20,32,3.641836,4.396826,1498,10.6429
6436,32,54,2.737461,2.826697,1471,10.6047
6437,54,37,2.876451,3.202819,1452,10.6795
6438,37,31,2.464789,2.576413,1469,10.7630
6439,31,62,1.743323,2.347979,1394,10.4890
6440,62,58,2.051956,2.097038,1450,10.7392
6441,58,54,6.785635,5.769817,1453,10.6929
6442,54,35,2.267232,2.389983,1372,10.4017
6443,35,10,2.291093,2.580346,1487,10.8205
6444,10,12,4.577327,4.990019,1440,10.5843
6445,12,13,1.092271,1.133823,1249,9.8071
6446,13,23,3.586791,3.709291,1446,10.5469
6447,23,41,3.352657,3.554665,1438,10.6155
6448,41,5,4.249092,3.910761,1468,10.7166
6449,5,59,4.586119,3.524291,1461,10.6444
6450,59,54,2.680380,3.552663,705,7.2759
6451,54,35,2.222474,2.265976,1445,10.7215
6452,35,10,2.335018,2.496187,1422,10.9874
6453,10,1,7.063848,6.584984,1463,10.6540
6454,1,52,5.675774,5.019415,1457,10.6752
6455,52,21,3.374162,3.100131,1431,10.5441
6456,21,35,2.908281,3.040912,1469,10.6823
6457,35,46,3.073889,3.113264,1442,10.6334
6458,46,26,5.919777,5.412802,1468,10.6334
6459,26,51,3.206691,3.153559,1424,10.5412
6460,51,1,2.383769,2.503193,1448,10.6921
6461,1,53,2.422077,2.415446,1457,10.6689
6462,53,63,1.702258,2.289118,1481,10.6434
6463,63,54,2.103134,2.326379,1443,10.5711
6464,54,35,2.025075,2.169662,1445,10.5501
6465,35,46,2.647928,3.012317,1444,10.5924
6466,46,52,4.151565,4.000721,1342,10.2150
6467,52,54,2.602554,3.155260,1475,10.5485
6468,54,35,1.911601,2.076194,1454,10.5931
6469,35,53,4.086924,3.760174,1406,10.5405
6470,53,63,2.085098,2.176430,1462,10.6087
6471,63,54,1.985612,2.220287,1449,10.5982
6472,54,35,1.796832,2.004754,1474,10.5461
6473,35,10,2.492914,2.620757,1426,10.5067
6474,10,1,6.634104,6.352499,1472,10.6670
6475,1,14,2.104500,1.929730,1445,10.6321
6476,14,57,3.574790,3.701275,1353,10.3103
6477,57,9,4.678720,3.974343,1479,10.6790
6478,9,9,2.865456,1.752975,1420,10.5818
6479,9,52,3.599838,3.748871,1398,10.3809
6480,52,21,3.385944,3.014315,1469,10.7353
6481,21,4,6.677834,5.940729,1452,10.5925
6482,4,36,3.824382,3.444061,1414,10.6493
6483,36,29,4.087886,3.725723,1359,10.5694
6484,29,38,3.819975,3.608664,1465,10.7242
6485,38,30,4.967780,4.380134,1486,11.1291
6486,30,0,2.935943,3.077281,1096,9.5809
6487,0,48,3.125458,3.092146,1014,9.4371
6488,48,24,3.200041,2.609230,1441,10.6119
6489,24,0,2.722528,2.991522,1445,10.6011
6490,0,44,2.968544,2.769127,1466,10.5875
6491,44,62,2.292671,2.336734,1422,10.5686
6492,62,26,3.281762,3.734251,1442,10.6183
6493,26,51,3.067210,3.098489,1462,10.7644
6494,51,1,2.236677,2.510780,1461,10.6688
6495,1,53,2.383080,2.351455,1449,10.6413
6496,53,63,1.801227,2.168473,1467,10.6829
6497,63,54,1.911471,2.178286,1456,10.8012
6498,54,37,3.247610,3.329641,1457,10.6658
6499,37,31,2.696120,2.628226,1463,10.6090
6500,31,62,1.719561,2.279352,1459,10.6420
6501,62,58,2.049562,2.132101,1449,10.5585
6502,58,54,6.472860,5.770532,1109,8.8232
6503,54,63,1.805715,1.847135,1440,10.6199
6504,63,54,2.107720,2.119202,1439,10.6207
6505,54,37,2.903275,3.167949,1471,10.6708
6506,37,10,2.408794,2.531540,1436,10.5536
6507,10,25,2.355612,2.640440,1452,10.7989
6508,25,41,2.673850,3.739033,1485,10.6375
6509,41,13,2.795887,2.445450,1463,10.7319
6510,13,12,1.374877,1.314588,1032,8.4722
6511,12,13,1.077782,1.145414,1469,10.6058
6512,13,12,1.414226,1.252927,1398,10.5338
6513,12,13,1.167886,1.119934,1449,10.6322
6514,13,23,3.251821,3.598174,1418,10.5165
6515,23,4,2.404156,2.825252,1470,10.5887
6516,4,31,4.742199,5.110463,1457,10.6714
6517,31,41,4.158944,4.208197,1485,10.9266
6518,41,50,4.511096,4.181825,1417,10.7060
6519,50,23,3.824994,3.067064,1457,10.7562
6520,23,4,2.198580,2.664760,1478,10.5834
6521,4,36,3.796505,3.405478,1465,10.5716
6522,36,29,4.111859,3.709526,1468,10.7599
6523,29,38,3.637099,3.589285,1460,10.6603
6524,38,19,3.807179,3.877379,1371,10.4761
6525,19,40,5.029152,4.521809,1359,10.3596
6526,40,47,5.232497,4.445246,1450,10.6414
6527,47,24,4.112460,3.853133,1440,10.5795
6528,24,0,2.755251,2.945927,1457,10.7250
6529,0,44,2.838765,2.731075,1455,10.5876
6530,44,28,4.135197,3.654582,1481,10.6945
6531,28,53,3.164380,3.882677,1440,10.6409
6532,53,63,1.792515,2.062692,1473,10.6163
6533,63,54,1.747525,2.050942,1476,10.6553
6534,54,37,2.750905,3.059500,1436,10.5525
6535,37,31,2.775423,2.709239,1482,10.6174
6536,31,62,1.701586,2.259041,1459,10.6362
6537,62,58,2.045518,2.121246,1468,10.7403
6538,58,4,2.894522,3.277224,1487,10.5634
6539,4,49,2.890110,2.798180,1502,10.5972
6540,49,40,2.525540,2.680747,1457,10.6637
6541,40,47,5.155720,4.354503,1461,10.6929
6542,47,23,4.651408,3.616983,1461,10.8127
6543,23,40,2.551274,2.670489,1454,10.6608
6544,40,47,5.008886,4.269064,1406,10.4879
6545,47,24,3.228848,3.611338,1489,10.6344
6546,24,23,3.404653,3.482789,1462,10.6850
6547,23,40,2.311747,2.544166,1451,10.5588
6548,40,47,4.771301,4.182456,1452,10.6257
6549,47,24,3.435952,3.436574,1463,10.7641
6550,24,23,3.148228,3.392502,1435,10.5472
6551,23,4,2.126076,2.573702,1477,10.6682
6552,4,36,3.680909,3.363623,1468,10.5854
6553,36,29,3.909469,3.682281,1454,10.5919
6554,29,60,3.930194,4.051061,1450,10.6681
6555,60,21,3.838221,3.694236,1332,10.3854
6556,21,59,3.197628,3.223802,1267,10.1687
6557,59,8,3.063490,3.196060,929,8.2464
6558,8,46,2.276123,2.253797,1333,10.2759
6559,46,26,5.497623,5.311655,1481,10.7500
6560,26,50,3.599436,3.505941,1471,10.6867
6561,50,23,3.141846,2.928808,1450,10.5768
6562,23,4,1.959139,2.437116,1456,10.6701
6563,4,49,3.036398,2.841311,1450,10.5683
6564,49,40,2.182249,2.503136,1462,10.6446
6565,40,47,4.621290,4.065808,1391,10.4571
6566,47,24,3.020919,3.281340,1449,10.7386
6567,24,48,2.949338,2.635704,1429,10.5081
6568,48,22,2.701696,2.822155,1480,10.7059
6569,22,33,4.141666,3.934420,1467,10.6542
6570,33,13,6.817124,5.671405,1463,10.6485
6571,13,12,1.258749,1.197081,1393,10.4137
6572,12,13,1.202563,1.246065,1464,10.5836
6573,13,12,1.236442,1.154930,1469,10.6091
6574,12,13,1.297099,1.201170,1453,10.7571
6575,13,56,3.159608,3.636460,1452,10.6768
6576,56,17,4.359994,4.416276,1455,10.6067
6577,17,37,5.911601,4.776090,1461,10.6173
6578,37,10,2.329489,2.524331,918,8.1627
6579,10,1,5.707933,6.124191,776,7.1149
6580,1,53,2.402989,2.237884,1471,10.6821
6581,53,63,1.789798,2.047278,937,8.1665
6582,63,54,1.743869,2.025077,1457,10.6196
6583,54,63,1.695737,1.694911,1444,10.6128
6584,63,54,1.812382,1.908962,1382,10.3438
6585,54,63,1.750625,1.596906,1358,10.4490
6586,63,54,1.639017,1.777907,1449,10.5853
6587,54,63,1.454306,1.509073,1183,9.5590
6588,63,47,4.746122,4.433384,1406,10.5771
6589,47,24,2.717367,3.272248,1461,10.6791
6590,24,48,2.689568,2.570887,1472,10.5991
6591,48,22,2.756764,2.762344,1410,10.5349
6592,22,33,4.109757,3.839010,1445,10.6487
6593,33,42,4.400678,3.844001,1457,10.6182
6594,42,49,3.413023,3.750822,1368,10.3591
6595,49,22,2.909653,3.307255,1454,10.6299
6596,22,33,3.897322,3.753476,1452,10.6242
6597,33,17,3.423655,3.507675,1464,10.6805
6598,17,37,5.917195,4.679642,1474,10.5837
6599,37,31,2.875682,2.562888,1405,10.5693
6600,31,41,4.077017,4.226160,1488,11.0003
6601,41,13,2.091504,2.590493,1476,10.7054
6602,13,12,1.190806,1.189383,1432,10.5454
6603,12,13,1.143602,1.116093,1480,10.8471
6604,13,12,1.157644,1.154013,1435,10.6359
6605,12,25,3.610171,3.577246,1460,10.6916
6606,25,41,3.109986,3.426577,1476,10.6477
6607,41,13,2.438778,2.531491,1468,10.6548
6608,13,12,1.078221,1.110804,1452,10.6495
6609,12,13,1.146738,1.158542,1435,10.5873
6610,13,23,3.550582,3.935202,1451,10.5311
6611,23,40,2.253056,2.557869,1469,10.6640
6612,40,48,3.031651,3.925542,1447,10.5699
6613,48,22,2.586212,2.576815,1444,10.6643
6614,22,1,4.123852,4.142391,1467,10.7208
6615,1,14,2.266205,2.004308,1500,10.6300
6616,14,57,3.378104,3.554809,1359,10.3109
6617,57,34,3.748443,3.053580,1459,10.6993
6618,34,16,3.389121,3.458200,1442,10.6751
6619,16,13,3.708872,4.445533,1453,10.7632
6620,13,12,1.318394,1.117476,1478,10.6883
6621,12,13,1.102624,1.120290,1466,10.6440
6622,13,23,3.561845,3.867026,1450,10.6288
6623,23,41,3.637278,3.507923,1451,10.8704
6624,41,13,2.081314,2.506855,1485,10.5841
6625,13,12,1.136152,1.177082,1459,10.6072
6626,12,25,3.461158,3.491581,1483,10.6302
6627,25,41,3.394101,3.296713,1462,10.6600
6628,41,50,4.336910,4.192762,1466,10.7340
6629,50,57,3.282882,3.307005,1467,10.6316
6630,57,34,3.169769,2.986611,1403,10.5014
6631,34,16,3.382442,3.438690,1369,10.4831
6632,16,13,4.078826,4.509907,1438,10.6291
6633,13,23,3.473090,3.612731,1464,10.7375
6634,23,4,2.141817,2.637954,1444,10.5961
6635,4,36,3.570451,3.310633,1459,10.7666
6636,36,23,3.049644,3.450786,1458,10.5298
6637,23,4,2.112798,2.488213,1421,10.5782
6638,4,49,2.846221,2.859056,1480,10.6267
6639,49,40,2.183627,2.466663,1461,10.9569
6640,40,62,4.819675,4.861035,1455,10.5935
6641,62,26,3.316108,3.683454,1411,10.5766
6642,26,51,2.958031,3.239601,1443,10.6459
6643,51,8,5.808358,5.472988,1459,10.7350
6644,8,59,3.042192,2.900123,1319,10.1292
6645,59,54,2.990983,3.441766,1470,10.7528
6646,54,35,2.458161,2.539094,1483,10.7174
6647,35,46,2.625888,3.025860,1441,10.6396
6648,46,0,5.488820,5.658858,1410,10.6053
6649,0,26,3.191336,2.922161,1470,10.7178
6650,26,51,2.941838,3.170990,1453,10.6482
6651,51,1,2.384839,2.678669,1448,10.7395
6652,1,53,2.334403,2.315906,1441,10.6991
6653,53,63,1.548457,2.003397,1445,10.6523
6654,63,54,1.537086,1.796038,1476,10.7395
6655,54,63,1.510464,1.514687,1457,10.6214
6656,63,54,1.667799,1.706256,1422,10.5557
6657,54,63,1.489024,1.438638,1460,10.6301
6658,63,47,4.281940,4.356999,1452,10.5338
6659,47,33,3.948585,3.889304,1479,10.6741
6660,33,42,4.238131,3.774924,1451,10.6985
6661,42,43,3.381965,3.289256,1148,9.2042
6662,43,44,5.243963,4.757907,878,7.3980
6663,44,47,4.379147,4.554232,1449,10.6179
6664,47,24,3.027885,3.276891,1457,10.5859
6665,24,0,3.039141,3.171185,1472,10.7744
6666,0,44,2.818490,2.749513,1463,10.6222
6667,44,28,3.742090,3.493496,1483,10.7546
6668,28,53,3.241830,3.919194,1465,10.6768
6669,53,62,5.987592,6.048618,1465,10.7174
6670,62,30,3.603684,3.452756,1461,10.6032
6671,30,62,2.787786,2.702748,1472,10.5602
6672,62,30,3.454080,3.286010,1453,10.6113
6673,30,0,3.053144,3.048996,1464,10.8593
6674,0,26,2.954255,2.869121,1447,10.6860
6675,26,50,3.640596,3.462394,1463,10.6084
6676,50,23,3.130051,2.958354,1446,10.6765
6677,23,41,3.208167,3.439603,1451,10.6415
6678,41,50,4.256656,4.020946,1455,10.5773
6679,50,57,3.687930,3.367888,1473,10.5574
6680,57,34,3.462726,2.929919,1460,10.7112
6681,34,27,4.262161,4.328543,1391,10.4419
6682,27,19,3.720604,3.727821,1458,10.6869
6683,19,40,4.754287,4.570559,1458,10.5796
6684,40,62,4.287259,4.685962,1457,10.6467
6685,62,58,2.318195,2.240320,1463,10.7841
6686,58,54,6.547985,5.419270,1409,10.5628
6687,54,63,1.335510,1.365979,1328,10.2751
6688,63,47,4.567738,4.160485,1391,10.5460
6689,47,33,3.928125,3.841808,1445,10.5902
6690,33,13,6.646214,5.945766,1444,10.8515
6691,13,12,1.189440,1.145505,804,7.0767
6692,12,13,1.314477,1.335994,1412,10.5166
6693,13,12,1.122484,1.102786,1387,10.3238
6694,12,13,1.250693,1.279122,1463,10.7844
6695,13,23,3.320855,3.485563,1425,10.5922
6696,23,40,2.436198,2.681842,1472,10.7529
6697,40,47,4.745815,4.376908,1492,10.5948
6698,47,23,4.229867,3.657219,1462,10.7340
6699,23,40,2.397897,2.533655,1464,10.6479
6700,40,62,4.530445,4.598273,1463,10.6167
6701,62,30,3.298431,3.109761,1495,10.6822
6702,30,62,2.471357,2.454570,1454,10.6702
6703,62,58,2.260908,2.147313,1455,10.6224
6704,58,54,5.781947,5.329107,1470,10.5861
6705,54,63,1.220659,1.315702,1169,9.7139
6706,63,47,4.177213,4.105512,1141,9.2999
6707,47,23,4.102654,3.737386,1450,10.7570
6708,23,40,2.080719,2.377037,1440,10.6286
6709,40,47,4.845482,4.539310,1438,10.6382
6710,47,33,3.699072,3.791203,1463,10.6265
6711,33,17,3.391457,3.464232,1441,10.7374
6712,17,1,4.019159,3.470780,1460,10.5823
6713,1,53,2.241661,2.354897,1475,10.5698
6714,53,63,1.395896,1.938978,1420,10.4733
6715,63,47,4.264938,4.040647,1319,10.3453
6716,47,23,3.951679,3.642787,1450,10.5540
6717,23,40,2.063400,2.269092,1475,10.7364
6718,40,47,4.832491,4.601581,1447,10.5407
6719,47,23,3.792517,3.350837,1459,10.5648
6720,23,40,1.807778,2.171045,1456,10.5663
6721,40,47,4.918795,4.478303,1464,10.5650
6722,47,24,3.200329,3.394868,1473,10.6704
6723,24,23,2.827395,3.271516,1460,10.6219
6724,23,4,2.333895,2.729292,1444,10.5658
6725,4,36,3.688133,3.267786,1434,10.5075
6726,36,4,2.591429,2.443513,1448,10.5579
6727,4,49,3.145503,2.865877,1445,10.5958
6728,49,40,2.281598,2.311817,1464,10.5903
6729,40,62,4.467500,4.507245,1453,10.5968
6730,62,30,3.224998,2.990414,1448,10.6442
6731,30,37,5.471459,4.797696,1474,10.5544
6732,37,31,2.602765,2.449989,1474,10.6480
6733,31,62,3.200109,2.789389,1435,10.6084
6734,62,58,2.283896,2.112545,1450,10.6036
6735,58,56,4.638223,3.939737,1435,10.5252
6736,56,17,4.562069,4.370393,1489,10.5988
6737,17,37,5.729923,4.546111,1511,10.7386
6738,37,31,2.670993,2.370220,1343,10.2827
6739,31,36,5.795433,5.637887,1415,10.4533
6740,36,29,4.040246,3.720973,1466,10.5504
6741,29,38,3.543154,3.575859,1418,10.4997
6742,38,42,4.081762,3.815246,1339,10.3430
6743,42,43,3.320262,3.188049,1458,10.6237
6744,43,20,2.968744,3.060707,901,7.8197
6745,20,24,5.415364,4.907684,1390,10.5651
6746,24,0,3.048829,3.243773,1468,10.7706
6747,0,48,3.321121,2.984839,1449,10.7605
6748,48,24,3.093153,2.665324,1438,10.5725
6749,24,23,3.243704,3.314242,1490,10.8908
6750,23,4,2.172652,2.563745,1431,10.5782
6751,4,49,2.963876,2.766666,1446,10.7703
6752,49,40,2.123825,2.298907,1485,10.6640
6753,40,62,4.314126,4.463972,1515,10.5635
6754,62,58,2.208029,2.041386,1446,10.5678
6755,58,4,2.774181,3.347635,1440,10.6747
6756,4,36,3.514144,3.253154,1476,10.5899
6757,36,29,4.082966,3.686896,1465,10.5780
6758,29,38,3.658754,3.561780,1462,10.8146
6759,38,42,4.057258,3.741314,1381,10.4612
6760,42,43,3.234695,3.098023,1445,10.5777
6761,43,20,2.902206,2.988590,1423,10.5555
6762,20,24,5.112130,4.841409,1436,10.5885
6763,24,48,3.030830,2.557068,1494,10.6492
6764,48,55,3.324139,3.419361,1457,10.5792
6765,55,20,3.078964,3.043462,1459,10.6270
6766,20,31,7.219738,6.926186,1393,10.4113
6767,31,41,4.327628,3.962260,665,7.0524
6768,41,5,4.369534,4.042904,1446,10.6817
6769,5,59,4.837444,3.429654,1455,10.5571
6770,59,54,2.808192,3.622592,1312,10.3247
6771,54,63,1.338601,1.337415,1241,9.8046
6772,63,47,4.500727,4.070501,1398,10.5352
6773,47,24,2.965124,3.451818,1469,10.6649
6774,24,0,2.949412,3.264833,1452,10.6397
6775,0,48,3.308590,2.798714,1443,10.7276
6776,48,55,2.999411,3.354948,1468,10.5948
6777,55,20,3.468341,2.985205,1460,10.6256
6778,20,24,5.530227,4.691961,1454,10.9038
6779,24,48,2.648000,2.452638,1463,10.6215
6780,48,55,3.121416,3.256283,1436,10.5569
6781,55,20,2.932054,2.939873,1466,10.6299
6782,20,32,4.478585,4.547537,1442,10.6026
6783,32,44,5.550569,5.107724,1358,10.4992
6784,44,62,2.338666,2.713151,1387,10.5873
6785,62,30,3.093843,2.949786,1455,10.6796
6786,30,62,2.308467,2.290206,1475,10.6008
6787,62,58,2.047576,2.002091,1473,10.6125
6788,58,4,2.907480,3.305595,1431,10.5786
6789,4,36,3.317576,3.117213,1440,10.7146
6790,36,4,2.412499,2.213737,1430,10.6866
6791,4,49,2.920399,2.808573,1483,10.7286
6792,49,55,2.634652,3.209544,1467,10.6095
6793,55,13,5.090282,5.305423,1474,10.6172
6794,13,23,3.924979,3.971635,1458,10.6916
6795,23,41,3.660365,3.581402,1445,10.6695
6796,41,50,4.207720,3.914332,1453,10.6146
6797,50,3,4.739053,4.456250,1463,10.6548
6798,3,56,4.895336,4.278001,1474,10.8631
6799,56,17,4.353641,4.249419,1451,10.5896
6800,17,37,5.687348,4.471503,1447,10.7073
6801,37,31,2.566056,2.387036,1169,9.6968
6802,31,62,3.088560,2.855275,1468,10.7835
6803,62,30,2.947442,2.885798,1458,10.6093
6804,30,0,3.058235,3.028323,1467,10.7961
6805,0,44,3.425617,2.948433,1467,10.5949
6806,44,62,2.190891,2.574621,1409,10.4687
6807,62,58,1.997938,1.997620,1453,10.5516
6808,58,56,4.484289,3.999518,1459,10.5117
6809,56,17,4.134520,4.141289,1459,10.6370
6810,17,37,5.577149,4.485214,1464,10.6456
6811,37,31,2.397302,2.337500,1442,10.6469
6812,31,62,2.410702,2.744620,1456,10.6049
6813,62,58,1.853788,1.910077,1470,10.6012
6814,58,54,6.338304,5.546356,1475,10.6806
6815,54,63,1.283685,1.355725,1397,10.5558
6816,63,47,3.767101,3.799676,859,7.7232
6817,47,24,3.106321,3.501934,1449,10.5860
6818,24,48,2.478256,2.460536,1448,10.5511
6819,48,22,3.136963,2.870122,1460,10.5871
6820,22,33,3.785419,3.614079,1463,10.7501
6821,33,13,7.175320,5.900771,1461,10.6106
6822,13,23,3.500611,3.620730,1148,9.3977
6823,23,4,1.994668,2.466123,1440,10.5490
6824,4,49,2.827373,2.686729,1443,10.5735
6825,49,22,2.971403,3.563814,1462,10.6916
6826,22,33,3.710938,3.528546,1468,10.5863
6827,33,17,3.543047,3.530118,1446,10.6037
6828,17,1,4.180227,3.595712,1424,10.5223
6829,1,52,5.287274,4.688778,1452,10.5703
6830,52,54,2.932998,3.279918,617,5.2853
6831,54,63,1.308922,1.331529,995,8.7173
6832,63,54,1.797726,2.072272,1409,10.4518
6833,54,37,3.533600,3.827186,1445,10.5376
6834,37,31,2.349538,2.272980,1442,10.6574
6835,31,62,2.297518,2.661118,1449,10.6240
6836,62,30,2.965005,2.936485,1468,10.6331
6837,30,62,2.068541,2.171744,1438,10.5210
6838,62,26,3.418603,3.814397,1478,10.5876
6839,26,51,3.324171,3.375872,1480,10.6157
6840,51,1,2.682381,2.826064,1439,10.5460
6841,1,14,2.289366,2.186382,1428,10.5447
6842,14,57,3.450579,3.359301,1467,10.6091
6843,57,12,6.805322,6.143184,1492,10.5491
6844,12,30,5.026918,5.100354,754,7.8729
6845,30,0,2.992569,3.064807,1479,10.6120
6846,0,44,3.241383,2.902183,1452,10.5489
6847,44,62,2.115559,2.433650,1422,10.5389
6848,62,30,2.764992,2.838454,1449,10.6817
6849,30,0,2.773207,2.973115,1456,10.6381
6850,0,44,2.896150,2.805559,1460,10.5325
6851,44,62,1.991174,2.349469,1449,10.5296
6852,62,26,3.303950,3.685955,1459,10.5739
6853,26,51,3.387767,3.341369,1439,10.5832
6854,51,8,5.581535,5.149003,1447,10.5897
6855,8,33,5.245835,4.560728,903,8.2019
6856,33,17,3.352295,3.436182,1455,10.6141
6857,17,61,4.373168,3.850204,1456,10.6015
6858,61,30,5.033807,4.152388,1397,10.5536
6859,30,37,4.982141,4.825730,1444,10.5525
6860,37,10,2.816590,2.904638,1457,10.6411
6861,10,12,4.573858,4.870605,1454,10.6847
6862,12,13,1.497966,1.464078,1479,10.7694
6863,13,56,3.190634,3.580414,1450,10.6606
6864,56,24,4.799150,5.046260,1470,10.6051
6865,24,23,3.482842,3.546582,1454,10.6023
6866,23,4,1.945345,2.439806,1452,10.6112
6867,4,49,2.697346,2.584525,1471,10.5291
6868,49,55,2.799428,3.226083,1445,10.5408
6869,55,20,2.763177,2.889687,1449,10.7308
6870,20,24,5.400140,4.582844,1312,10.0286
6871,24,0,2.915169,3.326311,1456,10.6710
6872,0,44,3.134956,2.733950,1454,10.6868
6873,44,62,1.887437,2.295259,1457,10.6437
6874,62,30,2.900467,2.856938,1427,10.5379
6875,30,0,2.727767,2.864881,1480,10.5996
6876,0,48,3.071092,2.777215,1449,10.6378
6877,48,22,2.693378,2.746774,1460,10.6391
6878,22,33,3.577184,3.525939,1469,10.6421
6879,33,17,3.508638,3.322265,1478,10.6529
6880,17,1,3.869613,3.438376,1452,10.6999
6881,1,53,2.387642,2.446708,1479,10.6357
6882,53,63,1.879129,2.038365,1074,8.4073
6883,63,47,4.284805,3.548222,1475,10.7121
6884,47,33,3.749077,4.102810,1464,10.5441
6885,33,17,3.352202,3.226921,1449,10.6210
6886,17,1,3.674374,3.304987,1478,10.5713
6887,1,14,2.288710,2.188727,1442,10.5919
6888,14,45,2.694531,2.562574,1469,10.6432
6889,45,0,7.275440,6.568888,1458,10.5866
6890,0,44,2.924325,2.653677,1425,10.5538
6891,44,62,1.942701,2.238326,1315,9.9274
6892,62,58,2.239727,2.268025,1469,10.6175
6893,58,4,3.015749,3.335114,1458,10.5735
6894,4,36,3.330803,3.140561,1458,10.5963
6895,36,4,2.459599,2.204321,1471,10.6504
6896,4,31,5.646053,5.825750,1464,10.5967
6897,31,62,2.111556,2.314603,1448,10.6997
6898,62,30,2.760461,2.837382,1364,10.3751
6899,30,37,4.905868,4.728666,1452,10.6693
6900,37,31,2.474283,2.256461,1453,10.7692
6901,31,62,1.877177,2.262181,1475,10.6308
6902,62,58,2.116398,2.274780,1454,10.6119
6903,58,4,2.774268,3.225903,1459,10.6934
6904,4,36,3.133348,3.049696,1482,10.6295
6905,36,29,3.915525,3.715254,1504,10.6686
6906,29,38,3.584969,3.522931,1449,10.8446
6907,38,19,3.628181,3.801118,1048,8.4658
6908,19,62,5.549287,5.157736,1432,10.7453
6909,62,58,1.916345,2.095083,1338,10.1855
6910,58,54,5.960958,5.324356,1460,10.5864
6911,54,35,2.700225,2.704547,1119,9.3507
6912,35,46,2.649417,2.903133,1464,10.6771
6913,46,26,5.378766,4.965965,1490,10.6030
6914,26,50,3.835765,3.555558,1443,10.5995
6915,50,23,3.132741,2.951936,1408,10.5546
6916,23,4,1.717420,2.260938,1450,10.6196
6917,4,49,2.751225,2.697508,1459,10.6555
6918,49,22,2.796341,3.539133,1465,10.6074
6919,22,26,5.612205,5.395439,1185,9.3985
6920,26,17,4.142593,4.045356,1284,9.7965
6921,17,37,5.293721,4.309454,1445,10.6057
6922,37,31,2.424807,2.237535,1431,10.6867
6923,31,41,3.987751,4.211785,1457,10.6378
6924,41,50,4.025971,3.790490,1455,10.6018
6925,50,3,4.597636,4.410870,1449,10.6146
6926,3,52,3.789488,3.978651,1382,10.5173
6927,52,25,4.319562,4.708983,1301,9.9925
6928,25,60,4.207980,4.270180,1379,10.3248
6929,60,21,3.577777,3.610070,1461,10.6467
6930,21,59,2.984556,3.209106,1384,10.4165
6931,59,58,6.927139,6.469960,1413,10.4797
6932,58,56,4.419692,3.818721,1458,10.6657
6933,56,17,4.276264,4.358009,1462,10.7592
6934,17,61,4.318548,3.865100,1445,10.6274
6935,61,59,3.710112,4.412390,1487,10.7688
6936,59,54,3.497426,3.786618,1382,10.3732
6937,54,63,1.723994,1.495510,1473,10.7266
6938,63,54,2.022046,2.072701,1247,9.8129
6939,54,35,2.465509,2.623319,1368,10.3455
6940,35,53,3.990293,3.833615,1430,10.6029
6941,53,63,1.718085,1.972024,1423,10.6268
6942,63,54,1.835165,1.987981,1477,10.6034
6943,54,63,1.408718,1.431183,1483,10.5870
6944,63,32,4.375299,4.511914,1390,10.4412
6945,32,44,5.829111,5.301530,1468,10.6223
6946,44,28,4.005001,3.405772,1176,9.9343
6947,28,53,3.121534,3.939832,1456,10.6375
6948,53,62,5.902541,5.904183,1466,10.6862
6949,62,30,2.631079,2.732215,1342,10.4567
6950,30,62,2.290483,2.263813,1347,10.4971
6951,62,30,2.596170,2.575031,1440,10.6189
6952,30,0,2.969210,3.039413,1424,10.5739
6953,0,44,2.913364,2.758356,1474,10.5995
6954,44,28,3.909861,3.324267,1423,10.4827
6955,28,53,3.259650,3.956834,1443,10.7329
6956,53,63,1.515761,1.879644,1444,10.6696
6957,63,47,3.906558,3.362215,1453,10.8464
6958,47,33,3.769647,4.018771,1492,10.6346
6959,33,42,4.205570,3.936065,1459,10.6501
6960,42,43,2.921160,3.095497,608,6.5257
6961,43,20,2.654291,2.823418,1329,10.1709
6962,20,32,4.199662,4.489668,1464,10.6947
6963,32,32,2.773118,1.986388,1400,10.5720
6964,32,44,6.135037,5.484058,1437,10.6033
6965,44,62,2.003640,2.485151,1476,10.6092
6966,62,30,2.473046,2.454553,1473,10.6201
6967,30,37,4.833529,4.533096,1465,10.7680
6968,37,31,2.426503,2.216992,1474,10.6796
6969,31,62,2.331833,2.367755,1467,10.6116
6970,62,26,3.356368,3.772366,1448,10.6555
6971,26,51,3.489432,3.409441,1479,10.7164
6972,51,1,2.665313,2.858422,1450,10.8100
6973,1,52,4.732414,4.663230,1473,10.7595
6974,52,54,2.498374,3.220051,1459,10.8133
6975,54,35,2.448045,2.585091,1470,10.6843
6976,35,46,2.812031,2.934127,1458,10.6018
6977,46,0,6.170092,5.721294,1441,10.6549
6978,0,26,3.049650,2.906034,1452,10.5757
6979,26,51,3.325494,3.340063,1456,10.7514
6980,51,1,2.648229,2.797047,1468,10.5779
6981,1,52,4.849579,4.561841,1467,10.6160
6982,52,21,3.438817,3.213448,1455,10.6584
6983,21,35,2.830252,3.089905,1441,10.6647
6984,35,53,3.807939,3.677445,1455,10.5886
6985,53,63,1.605717,1.837845,1457,10.6748
6986,63,47,3.359607,3.071646,1435,10.6144
6987,47,24,3.342236,3.900422,1460,10.7284
6988,24,0,3.126575,3.474417,1444,10.7500
6989,0,44,2.975557,2.803090,1439,10.7279
6990,44,28,3.679591,3.198970,1460,10.6654
6991,28,53,2.993912,3.876694,1457,10.6568
6992,53,63,1.622686,1.765782,1426,10.6127
6993,63,54,1.885478,2.139610,1442,10.5057
6994,54,35,2.245929,2.449937,1446,10.6079
6995,35,10,2.725985,2.848444,1439,10.5128
6996,10,12,4.532643,4.572009,1434,10.6010
6997,12,13,1.417773,1.434184,1366,10.5605
6998,13,56,3.358531,3.460455,1445,10.7013
6999,56,17,3.827234,4.321379,1198,9.9395
7000,17,1,3.152057,3.284076,1162,9.4802
7001,1,53,2.722980,2.736637,1435,10.5871
7002,53,62,5.919604,5.759520,1431,10.5831
7003,62,26,2.927586,3.440156,1463,10.6332
7004,26,50,3.640299,3.470059,1434,10.5488
7005,50,23,3.034979,2.889319,1469,10.6414
7006,23,40,2.572146,2.622976,1457,10.6535
7007,40,62,5.514478,5.082251,1412,10.5600
7008,62,58,2.354000,2.361685,1455,10.7272
7009,58,4,2.511799,3.304690,1427,10.5371
7010,4,31,5.620143,5.638994,1462,10.5839
7011,31,41,4.564508,3.943276,1458,10.6562
7012,41,13,2.356178,2.930108,1447,10.6291
7013,13,12,1.688856,1.548481,1435,10.5802
7014,12,13,1.388342,1.338927,1385,10.5453
7015,13,12,1.620914,1.464872,1442,10.6992
7016,12,13,1.331937,1.270096,1453,10.6708
7017,13,12,1.497818,1.386242,1280,9.9277
7018,12,13,1.251521,1.209972,1453,10.7184
7019,13,23,3.821643,3.947852,1467,10.6726
7020,23,40,2.538833,2.535949,1452,10.6947
7021,40,47,5.014188,4.530228,1459,10.6769
7022,47,24,3.227839,3.672252,1445,10.6129
7023,24,23,3.539559,3.608812,1457,10.6572
7024,23,41,3.751228,3.690236,1457,10.8014
7025,41,13,2.863148,2.784816,1487,10.6740
7026,13,12,1.417943,1.379081,1439,10.5666
7027,12,13,1.183866,1.158955,1433,10.5589
7028,13,12,1.332722,1.309301,1414,10.5043
7029,12,13,1.128930,1.123557,1448,10.5031
7030,13,23,3.743017,3.967132,1432,10.4962
7031,23,40,2.383044,2.462374,1469,10.6463
7032,40,47,5.451074,4.435212,1455,10.6852
7033,47,33,3.827538,3.931099,1434,10.7220
7034,33,17,3.304398,3.263657,1399,10.5080
7035,17,1,3.788984,3.153990,1486,10.7176
7036,1,52,4.596466,4.517482,1476,10.6108
7037,52,54,2.612553,3.193693,829,8.0243
7038,54,63,1.743327,1.580931,1204,10.1883
7039,63,47,3.273527,3.201630,413,3.9506
7040,47,33,3.469672,3.864892,1400,10.5759
7041,33,13,7.238139,6.602539,1465,10.6576
7042,13,12,1.172450,1.272165,1438,10.5589
7043,12,13,1.308861,1.248636,1483,10.6660
7044,13,23,4.008122,3.590147,1428,10.4830
7045,23,4,1.971365,2.542652,1459,10.6084
7046,4,36,3.264832,2.997068,1460,10.7232
7047,36,4,2.228862,2.108061,1452,10.7110
7048,4,36,3.103326,2.848254,1435,10.5585
7049,36,4,2.055003,1.962625,1442,10.5966
7050,4,49,2.911461,2.743163,1415,10.5162
7051,49,22,3.164742,3.515645,1452,10.6094
7052,22,1,3.857904,3.676475,1486,10.6466
7053,1,14,2.399230,2.344596,1473,10.6609
7054,14,57,3.283092,3.316058,1464,10.7623
7055,57,9,4.211192,3.786675,1481,10.6651
7056,9,9,2.800840,1.661857,962,8.2684
7057,9,7,3.764509,3.631778,1430,10.5124
7058,7,62,5.677261,5.258390,1428,10.6005
7059,62,30,2.617975,2.521724,1450,10.6431
7060,30,0,2.983144,3.064330,1459,10.5945
7061,0,44,2.926083,2.739733,1437,10.5367
7062,44,28,3.501873,3.101715,1472,10.7167
7063,28,54,2.481667,3.866254,1452,10.6587
7064,54,35,2.314782,2.354384,1326,10.2679
7065,35,46,2.988163,2.905888,1442,10.6295
7066,46,0,5.467395,5.712046,1445,10.6711
7067,0,26,3.017797,2.746914,1455,10.7345
7068,26,50,3.615094,3.425609,1475,10.6638
7069,50,23,2.751798,2.968245,1442,10.6556
7070,23,4,1.894116,2.360080,1077,9.2535
7071,4,49,2.664510,2.622985,1450,10.6919
7072,49,40,2.301846,2.617900,1454,10.6376
7073,40,62,4.895214,5.119532,1460,10.7543
7074,62,58,2.404671,2.328195,1476,10.6737
7075,58,4,2.956987,3.217500,1480,10.6540
7076,4,49,2.364070,2.528903,1455,10.6706
7077,49,40,2.276829,2.510881,1471,10.6454
7078,40,47,5.538065,4.450916,1454,10.6268
7079,47,23,4.553086,3.788925,1468,10.6986
7080,23,40,2.388179,2.369873,1454,10.6797
7081,40,47,4.953637,4.370841,1432,10.6236
7082,47,33,3.475011,3.681834,1462,10.7046
7083,33,17,3.196824,3.248516,1466,10.6742
7084,17,1,3.450830,2.987385,1449,10.5537
7085,1,52,4.377011,4.464262,1461,10.6231
7086,52,21,3.541827,3.287256,1462,10.6485
7087,21,59,3.075638,3.220545,1392,10.4816
7088,59,8,3.147038,3.316473,658,6.1699
7089,8,33,5.212408,4.614866,1450,10.8043
7090,33,13,7.702739,6.509904,1469,10.6464
7091,13,23,3.500595,3.419001,1466,10.6624
7092,23,40,2.125538,2.280661,1471,10.6394
7093,40,47,4.867836,4.264553,1388,10.5551
7094,47,33,3.019700,3.587424,1463,10.7278
7095,33,17,3.354687,3.184084,1467,10.6328
7096,17,61,4.349136,3.858248,1456,10.6367
7097,61,43,3.037034,3.518315,1469,10.6950
7098,43,20,2.559048,2.723378,1449,10.5593
7099,20,31,6.782311,7.175717,1483,10.8769
7100,31,62,2.278363,2.531585,1152,9.1833
7101,62,30,2.516160,2.468222,1459,10.8198
7102,30,0,2.992087,3.032181,1092,9.1949
7103,0,26,2.889763,2.670171,1447,10.5551
7104,26,51,3.410214,3.387112,1365,10.3353
7105,51,1,2.601646,2.894837,1449,10.6284
7106,1,14,2.495210,2.335783,1453,10.5909
7107,14,57,3.256227,3.205127,1449,10.6689
7108,57,9,3.797213,3.644001,1467,10.6563
7109,9,9,2.760707,1.489870,1428,10.5600
7110,9,7,3.698500,3.583918,1339,10.2943
7111,7,57,5.130935,4.322915,1417,10.5839
7112,57,34,3.261966,2.784901,1431,10.5656
7113,34,16,3.347286,3.419170,1453,10.5819
7114,16,13,4.072448,4.461009,1475,10.6361
7115,13,12,1.773702,1.303212,1281,10.2616
7116,12,13,1.396777,1.370835,1452,10.6760
7117,13,23,3.517937,3.399604,1468,10.6075
7118,23,4,1.829575,2.523060,1447,10.6508
7119,4,49,2.756046,2.484031,1488,10.6438
7120,49,40,1.877031,2.301811,1440,10.5658
7121,40,47,5.101794,4.121958,1441,10.7154
7122,47,24,3.083967,3.420625,1450,10.6519
7123,24,48,3.157524,2.815732,1448,10.5555
7124,48,55,2.929256,3.266185,1441,10.5585
7125,55,41,6.091268,5.341601,1464,10.7085
7126,41,50,3.785396,3.561085,1361,10.3859
7127,50,23,3.018864,2.959008,853,7.4045
7128,23,4,1.867601,2.466399,1459,10.6244
7129,4,36,3.211417,2.973817,1478,10.6444
7130,36,4,2.091674,1.967732,1463,10.6173
7131,4,36,2.994373,2.819211,1427,10.5378
7132,36,4,1.919996,1.824491,1431,10.5029
7133,4,49,2.668149,2.506851,1460,10.5262
7134,49,55,3.181754,3.594520,1461,10.6100
7135,55,13,5.621765,5.240436,1491,10.6653
7136,13,12,1.400123,1.307083,1476,10.7333
7137,12,13,1.427200,1.392171,1450,10.5849
7138,13,12,1.235657,1.244473,1458,10.6754
7139,12,13,1.342272,1.332715,1409,10.7017
7140,13,12,1.275780,1.202140,1461,10.6199
7141,12,13,1.304820,1.267413,1443,10.6043
7142,13,12,1.160506,1.161424,1452,10.6303
7143,12,13,1.218887,1.213029,1453,10.6472
7144,13,12,1.140237,1.131672,1460,10.5572
7145,12,13,1.173880,1.165718,1475,10.6648
7146,13,23,3.546485,3.677074,1458,10.6360
7147,23,4,1.515882,2.355701,1459,10.7980
7148,4,49,2.400577,2.375944,1456,10.7343
7149,49,40,2.029264,2.439699,1451,10.5782
7150,40,62,5.337802,5.273750,1451,10.6239
7151,62,58,2.379348,2.298462,1475,10.6879
7152,58,56,4.136117,3.769736,1465,10.7155
7153,56,17,4.548205,4.473367,1457,10.5755
7154,17,1,3.103675,2.923232,1455,10.5470
7155,1,53,2.439027,3.079758,1376,10.4590
7156,53,63,1.860918,1.994844,1351,10.2915
7157,63,32,3.717299,4.046901,204,5.0318
7158,32,54,2.774838,2.812355,438,4.2972
7159,54,35,2.050140,2.245554,1105,8.8250
7160,35,46,2.682965,2.822856,1216,9.9821
7161,46,26,5.022891,5.051534,491,4.5779
7162,26,50,3.479856,3.357982,1465,10.7538
7163,50,3,4.764627,4.434488,1452,10.5721
7164,3,52,3.622657,3.882054,1418,10.5591
7165,52,21,3.582899,3.239670,1320,10.2729
7166,21,4,6.975970,6.224471,1336,10.2915
7167,4,36,2.844743,2.662274,1466,10.7137
7168,36,29,4.282175,3.899745,1472,10.6359
7169,29,38,3.630899,3.496359,1481,10.6080
7170,38,30,5.986095,4.779642,1474,10.6774
7171,30,62,2.547167,2.356455,1464,10.7154
7172,62,30,2.624233,2.520882,1468,10.7720
7173,30,62,2.272292,2.209673,1473,10.5997
7174,62,58,2.210102,2.222251,1466,10.6208
7175,58,4,2.774563,3.390703,1475,10.6504
7176,4,49,2.404336,2.281649,1446,10.6172
7177,49,40,1.910589,2.367439,1449,10.6203
7178,40,62,4.850488,5.042741,1457,10.6300
7179,62,58,2.078105,2.109930,1457,10.7398
7180,58,54,5.701510,4.966171,1467,10.6200
7181,54,35,1.969218,2.137963,1487,10.6575
7182,35,53,3.698836,3.661749,1298,10.1058
7183,53,62,5.476546,5.632781,1430,10.7412
7184,62,58,1.937759,2.010901,1455,10.7062
7185,58,4,3.038173,3.362877,1458,10.5702
7186,4,49,2.205073,2.212234,1095,9.0917
7187,49,22,3.675262,4.062940,1392,10.6047
7188,22,33,3.683571,3.726794,1461,10.6313
7189,33,42,4.590983,4.088464,1472,10.6878
7190,42,48,3.204841,3.496790,1460,10.6656
7191,48,22,2.938999,2.603207,1456,10.6289
7192,22,1,3.213904,3.474342,1446,10.5891
7193,1,14,2.441023,2.350356,1445,10.6251
7194,14,45,2.642144,2.632904,1462,10.7126
7195,45,26,6.390990,5.889020,1458,10.5791
7196,26,51,3.304091,3.315552,1115,8.8462
7197,51,8,5.480564,4.884239,1445,10.5689
7198,8,46,2.227721,2.330109,681,6.3533
7199,46,26,4.939109,4.866444,1283,10.1743
7200,26,50,3.498866,3.337389,1465,10.6954
7201,50,23,3.204066,3.050212,1450,10.6780
7202,23,41,3.419893,3.687982,1405,10.5685
7203,41,50,3.861835,3.392480,1451,10.6157
7204,50,57,4.344120,4.003326,1447,10.6089
7205,57,34,3.127567,2.732728,1466,10.8779
7206,34,16,3.349670,3.356911,1453,10.6068
7207,16,41,5.148593,5.466801,1329,10.3638
7208,41,50,3.511776,3.339186,1469,10.7521
7209,50,57,4.358152,3.998408,1450,10.6051
7210,57,9,3.877473,3.599233,1439,10.5713
7211,9,52,3.279317,3.607143,1468,10.9548
7212,52,21,3.201280,3.143699,1439,10.5931
7213,21,59,3.147953,3.221783,1465,10.5510
7214,59,58,6.984655,6.305954,1460,10.6185
7215,58,56,4.288759,3.747440,1442,10.5191
7216,56,17,4.438596,4.381294,1459,10.7472
7217,17,61,4.327629,3.761095,1417,10.5485
7218,61,43,3.402667,3.514978,1307,9.9888
7219,43,20,2.667501,2.664470,1444,10.6001
7220,20,32,3.531121,4.377554,1459,10.7438
7221,32,54,2.759141,2.941671,1432,10.6983
7222,54,35,2.065342,2.058038,1462,10.6859
7223,35,53,3.860511,3.513102,1478,10.6907
7224,53,62,5.516215,5.388565,1461,10.6832
7225,62,58,2.147740,2.115464,1125,9.1000
7226,58,54,5.619280,4.675779,1171,9.6324
7227,54,35,1.745478,1.973202,1487,10.6238
7228,35,46,2.701664,2.812202,1443,10.5566
7229,46,0,5.695235,5.631282,1451,10.5740
7230,0,44,3.013396,2.711029,1481,10.6493
7231,44,62,2.466196,2.870503,1456,10.6694
7232,62,58,2.056817,2.019195,1467,10.8677
7233,58,4,2.638248,3.412579,1465,10.6572
7234,4,49,2.052429,2.140832,1433,10.6112
7235,49,55,3.229285,3.746132,1305,9.8366
7236,55,41,5.872790,5.281563,1419,10.5907
7237,41,50,3.556713,3.251368,1281,10.1610
7238,50,23,3.175911,2.851860,1445,10.6341
7239,23,4,1.861013,2.552496,1434,10.6780
7240,4,49,2.230317,2.080387,1460,10.6653
7241,49,40,2.042261,2.489906,1465,10.6340
7242,40,47,4.782834,3.883159,1453,10.6022
7243,47,33,3.360417,3.559077,1462,10.6957
7244,33,13,7.659992,6.757962,1474,11.0908
7245,13,23,3.622713,3.318454,1391,10.5356
7246,23,40,2.300454,2.489834,1472,10.6543
7247,40,62,5.179509,5.113413,1455,10.6714
7248,62,58,2.181931,1.970426,1466,10.7929
7249,58,56,4.173531,3.805493,1459,10.6503
7250,56,17,4.461053,4.289906,1472,10.6050
7251,17,61,4.152480,3.664207,1460,10.6091
7252,61,43,3.501022,3.487923,1445,10.6407
7253,43,20,2.526977,2.583469,1110,9.4679
7254,20,24,5.218445,4.736258,1472,10.6159
7255,24,23,4.337563,4.038972,1410,10.7795
7256,23,40,2.246867,2.347657,1468,10.6973
7257,40,47,4.326659,3.856358,1436,10.6786
7258,47,33,3.100338,3.486799,1457,10.6650
7259,33,17,3.586563,3.343396,1481,10.6985
7260,17,37,5.149865,4.285406,1454,10.5652
7261,37,31,2.643678,2.500761,1420,10.6208
7262,31,36,5.392807,5.292325,1438,10.6260
7263,36,29,4.235431,3.743388,1442,10.6029
7264,29,60,4.294836,4.158407,1437,10.5769
7265,60,37,4.846166,4.746457,1190,9.8267
7266,37,31,2.388922,2.453624,1248,10.1891
7267,31,62,2.484402,2.766043,1471,10.6753
7268,62,30,2.972328,2.700853,1468,10.6592
7269,30,0,3.246853,3.188023,1484,10.7111
7270,0,48,3.496984,3.055348,1446,10.5579
7271,48,24,3.436785,2.933902,1475,10.6201
7272,24,23,4.171156,3.944519,1453,10.6693
7273,23,4,1.971917,2.647888,1450,10.6479
7274,4,49,2.214358,2.149040,1445,10.5283
7275,49,40,1.873464,2.268835,1449,10.5945
7276,40,62,5.108140,5.049189,1433,10.5109
7277,62,30,2.732152,2.570839,1447,10.6297
7278,30,0,3.050449,3.096764,1440,10.5957
7279,0,26,3.103029,2.867806,1464,10.5908
7280,26,51,3.518514,3.352845,1431,10.5839
7281,51,1,2.875025,3.045526,1468,10.5856
7282,1,14,2.284887,2.289934,1446,10.5900
7283,14,45,2.454543,2.565610,1483,10.6803
7284,45,0,6.849299,6.399139,1236,9.5669
7285,0,44,2.887091,2.679891,1420,10.5171
7286,44,62,2.576409,2.882723,1468,10.7211
7287,62,30,2.552876,2.463728,1344,10.3582
7288,30,37,4.277871,4.226946,1459,10.6469
7289,37,10,3.263054,3.206340,1442,10.6849
7290,10,1,6.757250,5.927631,1447,10.6643
7291,1,52,4.381970,4.240872,1447,10.5585
7292,52,54,2.785731,3.421097,1472,10.6527
7293,54,35,1.735297,1.922054,1465,10.6363
7294,35,53,3.637327,3.395933,1458,10.7266
7295,53,63,2.005998,2.025845,1477,10.7019
7296,63,32,3.660770,3.762524,1451,10.5840
7297,32,54,3.493926,2.892060,1430,10.5015
7298,54,63,2.007341,1.979707,1462,10.6358
7299,63,32,3.711622,3.637013,1445,10.5498
7300,32,44,6.165717,5.629531,1440,10.5726
7301,44,62,2.442309,2.843922,1314,10.1963
7302,62,26,3.222069,3.510070,1475,10.7883
7303,26,50,3.328288,3.229036,1185,9.6859
7304,50,3,4.836038,4.506606,1187,9.7457
7305,3,52,3.553862,3.867049,1475,10.6583
7306,52,21,3.594327,3.214661,1450,10.5531
7307,21,59,2.849026,3.211925,1361,10.3865
7308,59,8,3.280875,3.307224,1466,10.9134
7309,8,59,2.991139,2.810026,1442,10.6409
7310,59,54,3.542628,3.680640,1460,10.6486
7311,54,35,1.838277,1.952455,1445,10.5712
7312,35,46,2.560849,2.825603,1452,10.5491
7313,46,26,4.067385,4.754900,1484,10.6221
7314,26,51,3.309690,3.324407,1444,10.6220
7315,51,55,4.681256,4.678510,1457,10.6330
7316,55,41,4.880274,5.136190,1016,8.9870
7317,41,13,3.096933,2.825467,1409,10.5749
7318,13,23,3.345222,3.303839,1466,10.7356
7319,23,40,2.032041,2.254024,1471,10.6698
7320,40,62,5.592355,4.981320,1464,10.6511
7321,62,58,2.360433,2.157325,1445,10.6497
7322,58,54,5.518998,4.773122,1458,10.6332
7323,54,35,1.678414,1.880691,1452,10.6637
7324,35,10,2.988476,3.133618,1467,10.6388
7325,10,12,4.797824,4.543138,1445,10.5691
7326,12,13,1.283085,1.280907,1465,10.7216
7327,13,56,3.492939,3.884558,1467,10.6888
7328,56,24,5.036667,5.226055,1451,10.5816
7329,24,23,4.210232,3.803427,1371,10.5005
7330,23,4,2.041757,2.700818,1474,10.7028
7331,4,49,2.280539,2.162387,1448,10.5704
7332,49,22,3.344820,4.039438,1438,10.6181
7333,22,26,5.809868,5.467597,1384,10.5144
7334,26,51,3.091853,3.217841,1464,10.7081
7335,51,1,2.904903,3.063620,1463,10.6358
7336,1,14,2.187686,2.236007,1469,10.7774
7337,14,57,3.122975,3.269393,1444,10.6070
7338,57,34,3.100596,2.692915,1440,10.6476
7339,34,27,4.142142,4.302027,1442,10.6378
7340,27,47,5.305956,4.496744,1468,10.8216
7341,47,33,3.158382,3.396249,1467,10.6901
7342,33,13,8.023712,6.757654,1456,10.6692
7343,13,23,2.838855,3.095462,1180,9.9849
7344,23,4,1.942301,2.626022,1464,10.7742
7345,4,49,2.088824,2.081902,1458,10.8402
7346,49,22,3.132464,3.964255,1447,10.6452
7347,22,1,3.612163,3.594603,1462,10.6437
7348,1,52,4.029733,4.140139,1351,10.1587
7349,52,21,3.212136,3.214119,1456,10.6100
7350,21,35,2.493471,2.728962,666,5.4680
7351,35,10,2.918527,2.970222,1457,10.6594
7352,10,12,4.063968,4.546714,1010,8.1949
7353,12,25,3.403091,2.958983,1176,9.7052
7354,25,8,3.761193,3.535826,1415,10.5982
7355,8,33,5.452248,4.694982,1459,10.6362
7356,33,17,3.139624,3.234833,1468,10.8144
7357,17,61,3.998804,3.605349,1469,10.6152
7358,61,30,4.477722,4.134380,1451,10.6350
7359,30,0,3.083082,3.179813,1463,10.6442
7360,0,26,2.855858,2.712640,1458,10.6731
7361,26,51,3.174635,3.140499,1451,10.6739
7362,51,1,2.575817,3.086131,1447,10.7560
7363,1,53,3.402260,3.381933,1468,10.6615
7364,53,62,5.652918,5.248031,1464,10.7062
7365,62,30,2.533650,2.511421,1455,10.5861
7366,30,0,2.922463,3.069615,1457,10.7281
7367,0,26,2.701234,2.613786,1444,10.5362
7368,26,51,3.081645,3.060285,1450,10.6373
7369,51,8,5.411833,4.930214,1452,10.5976
7370,8,46,2.136303,2.259450,1222,9.5183
7371,46,52,4.722096,4.735927,1120,9.0212
7372,52,21,2.950397,3.065039,1460,10.6715
7373,21,4,7.181796,6.311229,1418,10.5421
7374,4,31,5.785304,5.395289,1446,10.7953
7375,31,62,2.677368,2.731548,1452,10.6591
7376,62,30,2.435552,2.437537,1461,10.5754
7377,30,0,2.776624,2.975937,1467,10.6023
7378,0,44,2.922386,2.770924,1454,10.5601
7379,44,62,2.700051,2.948777,1466,10.6358
7380,62,30,2.331072,2.336268,1432,10.5471
7381,30,62,2.268073,2.237795,1446,10.5500
7382,62,58,2.345735,2.265355,1479,10.6136
7383,58,54,5.169543,4.475535,1486,10.5839
7384,54,37,3.979629,4.037522,1443,10.6711
7385,37,31,2.741022,2.507810,1462,10.7474
7386,31,62,2.328389,2.567326,1467,10.6223
7387,62,58,2.200127,2.162917,1472,10.6140
7388,58,4,3.240389,3.541583,1472,10.6565
7389,4,31,5.690518,5.203450,1468,10.5825
7390,31,62,2.293330,2.404680,1460,10.6136
7391,62,30,2.260783,2.363321,1467,10.6478
7392,30,62,2.147293,2.084254,1476,10.5968
7393,62,26,3.090146,3.476475,1462,10.6063
7394,26,50,3.566883,3.310803,1462,10.5938
7395,50,23,3.277827,2.982132,1433,10.6208
7396,23,40,2.064742,2.335204,1459,10.6034
7397,40,47,3.931857,3.685682,1103,8.9975
7398,47,23,4.611842,2.986139,1454,10.6642
7399,23,40,1.848212,2.197962,1459,10.7023
7400,40,48,4.228701,4.854555,1438,10.5763
7401,48,55,3.132424,3.159669,1456,10.6791
7402,55,41,5.456600,4.980023,1426,10.5761
7403,41,13,2.601233,2.894828,1457,10.7011
7404,13,56,3.492269,3.553426,1437,10.6146
7405,56,17,4.291846,4.492874,1438,10.6110
7406,17,61,3.939422,3.499887,1433,10.5485
7407,61,30,4.548805,4.076130,1465,10.6372
7408,30,0,2.898912,2.998324,1474,10.6146
7409,0,48,3.621186,3.187786,1471,10.6383
7410,48,22,2.300852,2.590143,1472,10.6468
7411,22,33,3.860682,3.881029,1465,10.6650
7412,33,17,3.193805,3.152483,1458,10.7526
7413,17,37,4.987544,4.283241,1463,10.7629
7414,37,31,2.646430,2.535610,1449,10.7036
7415,31,62,2.110870,2.307313,1466,10.6528
7416,62,58,2.260276,2.205061,1421,10.5286
7417,58,54,5.477118,4.433857,1435,10.5558
7418,54,63,2.262194,2.222624,885,8.8140
7419,63,47,4.119076,3.716747,697,7.4305
7420,47,23,3.694590,2.987470,1447,10.6604
7421,23,40,1.716117,2.105733,1440,10.6578
7422,40,62,5.704264,5.164361,1445,10.5737
7423,62,26,2.948946,3.351469,1448,10.6111
7424,26,51,3.397419,3.065602,1465,10.6164
7425,51,8,5.052665,4.813057,1449,10.5483
7426,8,46,2.130878,2.251847,1069,9.0504
7427,46,52,4.587385,4.566734,1259,10.3906
7428,52,54,2.917713,3.545828,1084,9.2673
7429,54,63,2.236566,2.101159,1433,10.5717
7430,63,47,3.883139,3.628839,1194,9.3445
7431,47,33,3.189008,3.478417,1463,10.6535
7432,33,17,2.920889,3.031954,1441,10.5985
7433,17,1,3.372470,2.803196,1468,10.5685
7434,1,53,3.248633,3.332229,1456,10.5644
7435,53,63,1.762810,2.072498,1012,8.3311
7436,63,54,2.114292,2.349197,1467,10.6590
7437,54,35,2.100230,2.096884,1458,10.5746
7438,35,46,2.134590,2.683844,1435,10.6249
7439,46,26,4.847898,4.928437,1281,10.0819
7440,26,51,3.024191,3.008561,1452,10.6248
7441,51,1,2.977480,3.158687,1449,10.6134
7442,1,53,3.260724,3.204366,1453,10.6093
7443,53,62,5.215350,5.202080,1440,10.6020
7444,62,30,2.402037,2.439255,1458,10.5420
7445,30,37,4.615629,4.264157,1441,10.6161
7446,37,31,2.650618,2.518928,1461,10.7435
7447,31,41,4.404039,4.344868,1466,10.6390
7448,41,13,2.431731,2.887773,1453,10.8383
7449,13,23,4.037965,3.235665,1452,10.6104
7450,23,4,2.285722,2.826300,1497,10.6415
7451,4,36,3.354349,2.993079,1449,10.6865
7452,36,4,2.434748,2.272825,1463,10.7101
7453,4,49,2.463900,2.244629,1460,10.6589
7454,49,40,1.853519,2.268730,1469,10.6915
7455,40,47,4.579212,3.865534,1467,10.5531
7456,47,24,3.551133,3.622188,1451,10.6610
7457,24,23,3.735071,3.747012,1451,10.5828
7458,23,40,1.625942,2.060054,1435,10.6080
7459,40,62,5.414932,5.167606,1461,10.6093
7460,62,26,2.883859,3.237253,1457,10.6757
7461,26,50,3.460113,3.294052,1493,10.6348
7462,50,23,3.050710,3.020817,1453,10.5611
7463,23,4,2.092357,2.702109,1428,10.5884
7464,4,49,2.380468,2.208389,1445,10.7582
7465,49,40,1.562136,2.200615,1462,10.5623
7466,40,62,5.283963,5.014080,1447,10.5131
7467,62,26,2.686768,3.132099,1437,10.6683
7468,26,51,3.054795,2.916805,1462,10.6823
7469,51,8,5.360895,4.756566,1481,10.5963
7470,8,46,2.005595,2.223978,1190,9.5781
7471,46,0,5.554999,5.701755,1309,10.3702
7472,0,26,2.658775,2.344739,1441,10.5751
7473,26,51,2.812718,2.806593,1471,10.5843
7474,51,1,3.068482,3.217801,1463,10.6762
7475,1,53,3.108884,3.050280,1462,10.6492
7476,53,63,1.692748,2.133259,1472,10.6158
7477,63,32,3.487892,3.547385,1466,10.7948
7478,32,54,3.349792,2.968434,1353,10.4276
7479,54,37,3.880891,4.163878,1440,10.5796
7480,37,31,2.600867,2.451066,1458,10.6204
7481,31,62,2.350207,2.607438,1456,10.6015
7482,62,26,2.637042,2.925199,1444,10.6141
7483,26,51,2.744360,2.697878,1483,10.6102
7484,51,8,5.069566,4.748438,1457,10.5942
7485,8,59,3.235694,3.118994,1452,10.6779
7486,59,58,6.784075,6.095200,1411,10.7882
7487,58,54,5.670288,4.030739,1464,10.7136
7488,54,35,1.919957,2.123753,1487,10.6834
7489,35,46,2.321440,2.578526,1475,10.6423
7490,46,52,4.841714,4.497387,1449,10.5777
7491,52,21,3.373363,2.875139,1451,10.6313
7492,21,59,2.761158,3.221746,1443,10.6094
7493,59,54,3.589613,3.861263,980,7.7120
7494,54,35,1.807832,2.031666,1467,10.6465
7495,35,10,3.006440,3.012952,1451,10.6070
7496,10,12,4.348463,4.304058,1440,10.5908
7497,12,13,1.461951,1.456831,1445,10.5724
7498,13,12,1.741081,1.594993,1477,10.7034
7499,12,13,1.416809,1.378323,1459,10.6059
7500,13,56,3.225266,3.531988,1466,10.7105
7501,56,17,4.540081,4.646057,1457,10.7620
7502,17,61,3.845926,3.473604,1014,8.8949
7503,61,59,5.444648,4.942801,1328,10.0678
7504,59,54,3.107034,3.750363,1460,10.6478
7505,54,35,1.756792,1.936509,1399,10.4595
7506,35,46,2.391714,2.610486,1448,10.6402
7507,46,0,5.492566,5.565452,1399,10.3593
7508,0,44,3.282547,2.787604,1432,10.6028
7509,44,62,2.803901,3.025160,1465,10.6248
7510,62,26,2.293965,2.793177,1468,10.6379
7511,26,50,3.319403,3.257216,1453,10.5575
7512,50,23,2.961232,3.011114,1478,10.5577
7513,23,4,2.148502,2.649473,1450,10.6839
7514,4,49,2.370867,2.149044,1473,10.6173
7515,49,40,1.648466,2.212674,1453,10.5443
7516,40,62,5.110678,4.957331,1416,10.5106
7517,62,30,2.541640,2.465612,1437,10.6252
7518,30,0,3.230713,3.129368,1463,10.6734
7519,0,44,2.978022,2.722914,1439,10.6349
7520,44,28,3.313345,3.077454,1424,10.5885
7521,28,53,3.148578,3.976938,1454,10.8659
7522,53,63,1.967791,2.138581,1279,10.1087
7523,63,47,4.232717,3.567132,1484,10.7519
7524,47,23,3.647169,3.011872,1466,10.6716
7525,23,4,1.909074,2.578984,1405,10.5818
7526,4,36,3.378948,3.071530,1450,10.6120
7527,36,29,4.214994,3.682786,1461,10.6338
7528,29,60,4.082349,4.074121,683,6.0762
7529,60,45,4.329249,4.447066,875,8.1417
7530,45,26,6.943051,6.193576,1354,10.5558
7531,26,51,2.601773,2.593381,1468,10.7454
7532,51,1,2.933782,3.240969,1463,10.6311
7533,1,14,2.639510,2.460605,1461,10.6529
7534,14,45,2.520795,2.597247,1478,10.7471
7535,45,26,6.716742,6.193766,1478,10.6265
7536,26,51,2.383039,2.447603,1454,10.5474
7537,51,1,2.735995,3.162039,1466,10.6271
7538,1,53,2.839149,2.998603,1475,10.5844
7539,53,63,1.769338,2.109247,1460,10.6117
7540,63,54,2.450697,2.481987,1455,10.5443
7541,54,35,1.747008,1.937779,1449,10.7226
7542,35,53,3.786400,3.717973,1460,10.5869
7543,53,63,1.746379,1.979123,1454,10.5546
7544,63,47,4.115349,3.510667,1481,10.5731
7545,47,23,3.005259,2.998451,1414,10.5588
7546,23,40,1.895349,2.136521,1439,10.7644
7547,40,47,4.793528,4.059980,1373,10.4473
7548,47,24,3.537804,3.636359,1467,10.7022
7549,24,23,3.455172,3.446067,1472,10.6462
7550,23,4,1.926618,2.583583,1456,10.6460
7551,4,36,3.212730,2.952116,1464,10.5558
7552,36,4,2.129265,2.030264,1461,10.5883
7553,4,49,2.398183,2.247339,1478,10.5912
7554,49,22,3.316167,4.024024,1457,10.5959
7555,22,1,3.373120,3.583312,1367,10.5081
7556,1,14,2.740639,2.413458,1469,10.6297
7557,14,57,3.142522,3.279815,1476,10.6258
7558,57,34,3.062454,2.632956,1447,10.5881
7559,34,27,4.311879,4.206245,1471,10.5902
7560,27,19,3.614735,3.679014,741,7.4180
7561,19,40,5.281475,4.601867,1193,9.9941
7562,40,62,4.736869,4.665572,1408,10.5710
7563,62,58,2.833336,2.633669,1381,10.5092
7564,58,56,4.069299,3.583767,1440,10.6213
7565,56,17,4.927224,4.573307,1453,10.6271
7566,17,1,2.742444,2.713533,1455,10.7181
7567,1,52,4.588207,4.772219,1453,10.6298
7568,52,21,3.274774,2.907154,1458,10.6297
7569,21,4,7.079374,6.331781,1429,10.5362
7570,4,31,5.463933,5.320622,1388,10.3693
7571,31,62,2.982632,2.617300,1490,10.8313
7572,62,58,2.606966,2.496478,1447,10.7007
7573,58,4,3.279047,3.543047,1377,10.2920
7574,4,36,2.978684,2.783690,1469,10.6417
7575,36,4,2.268778,2.032958,1443,10.5472
7576,4,49,2.304490,2.190004,1442,10.5528
7577,49,40,1.908440,2.461130,1454,10.5930
7578,40,47,4.369101,3.739822,1479,10.6520
7579,47,23,3.176122,2.638664,1454,10.6872
7580,23,4,1.794075,2.565457,1449,10.5892
7581,4,49,2.184944,2.119140,1452,10.6214
7582,49,55,3.858654,4.139417,1464,10.5964
7583,55,20,2.756144,2.867742,1451,10.6137
7584,20,24,5.123070,4.541157,1480,10.7019
7585,24,0,3.956209,4.281455,1440,10.6791
7586,0,44,2.838826,2.655281,1469,10.7243
7587,44,47,5.679219,5.683542,1463,10.6167
7588,47,33,3.476023,3.616490,1442,10.6251
7589,33,17,3.268086,3.157229,1460,10.5853
7590,17,37,4.736856,4.190058,1445,10.8798
7591,37,10,2.961813,3.295065,1467,10.6956
7592,10,12,4.050356,4.174122,1468,10.8044
7593,12,13,1.366933,1.396548,771,7.2592
7594,13,12,1.857539,1.579683,1122,9.5087
7595,12,13,1.407516,1.316638,1040,8.3413
7596,13,12,1.500753,1.488033,1467,10.7173
7597,12,13,1.376181,1.254532,1468,10.6895
7598,13,12,1.684828,1.406547,1453,10.7652
7599,12,13,1.349808,1.186955,1461,10.6780
7600,13,23,3.716781,4.248594,1459,10.6314
7601,23,4,1.846674,2.486834,1470,10.7075
7602,4,36,3.023493,2.781593,1426,10.6062
7603,36,4,2.109826,1.863112,1462,10.7047
7604,4,31,5.173546,5.439356,1420,10.5263
7605,31,41,4.519055,4.076953,1364,10.6931
7606,41,5,4.186169,3.814680,1448,10.6098
7607,5,6,3.898129,3.643670,1480,10.7146
7608,6,26,5.489824,4.781914,1077,9.3640
7609,26,50,3.352189,3.217163,1451,10.6180
7610,50,23,3.024325,3.020764,1448,10.6352
7611,23,4,1.623090,2.344403,1453,10.5677
7612,4,36,2.869727,2.677974,1445,10.5534
7613,36,23,2.693535,3.345460,1479,10.6021
7614,23,40,2.409780,2.523119,1474,10.5837
7615,40,47,4.205641,3.565558,1464,10.6678
7616,47,23,3.178374,2.442873,1467,10.6691
7617,23,4,1.509579,2.378653,1457,10.5939
7618,4,49,2.452369,2.263962,1445,10.6213
7619,49,55,3.704064,3.987623,1456,10.5563
7620,55,20,2.988847,2.810872,1439,10.5602
7621,20,31,6.973493,7.163850,1454,10.6662
7622,31,41,4.288744,3.916903,1474,10.6735
7623,41,50,3.418766,3.172987,1476,10.5971
7624,50,3,4.846752,4.513875,1454,10.6143
7625,3,52,3.543432,3.903179,1457,10.6667
7626,52,54,2.709876,3.445039,1468,10.7865
7627,54,63,2.122369,2.050422,1422,10.7321
7628,63,47,4.036280,3.810374,1427,10.5348
7629,47,33,3.202895,3.518628,1448,10.6603
7630,33,13,7.630979,6.848487,1457,10.6908
7631,13,56,3.393287,3.544403,1474,10.8715
7632,56,24,5.420543,5.515400,1446,10.6925
7633,24,23,3.189631,3.260343,1446,10.5525
7634,23,41,4.382775,4.487009,1435,10.5751
7635,41,5,4.095978,3.801085,1336,10.3051
7636,5,6,3.725284,3.619798,1465,10.7124
7637,6,51,5.632611,5.024487,959,8.1476
7638,51,1,2.726503,3.139780,1451,10.6253
7639,1,53,2.881999,3.104505,1490,10.6133
7640,53,62,5.307643,5.249542,1450,10.6052
7641,62,26,3.072201,3.264220,1451,10.6149
7642,26,51,2.640386,2.537205,1460,10.6674
7643,51,1,2.644125,3.088161,1450,10.5684
7644,1,14,2.469715,2.492051,1469,10.6070
7645,14,45,2.629533,2.634705,1455,10.5861
7646,45,49,6.539034,5.510591,1467,10.6373
7647,49,22,3.313260,3.950933,1462,10.7185
7648,22,33,3.813453,3.856004,1454,10.5937
7649,33,13,7.343095,6.569808,1485,10.5724
7650,13,23,3.925503,3.768572,229,4.0201
7651,23,4,1.703264,2.421801,1498,10.6545
7652,4,49,2.297097,2.273923,1442,10.5996
7653,49,40,2.084301,2.624434,1462,10.5866
7654,40,62,5.207165,4.730995,1474,10.5540
7655,62,26,2.714553,3.196823,1411,10.5686
7656,26,51,2.519774,2.423699,1362,10.2366
7657,51,1,2.654100,3.061148,1454,10.6126
7658,1,53,2.777002,3.030696,1452,10.5999
7659,53,63,1.787744,2.069191,1466,10.6109
7660,63,47,4.020802,3.680524,1450,10.8884
7661,47,23,2.765906,2.618320,1436,10.5790
7662,23,40,2.189649,2.475786,1468,10.6121
7663,40,62,5.082226,4.585425,1463,10.6023
7664,62,30,2.804739,2.622346,1457,10.6179
7665,30,0,3.218362,3.077426,1452,10.7675
7666,0,44,2.788095,2.611840,1449,10.6346
7667,44,47,5.908556,5.687315,1433,10.6390
7668,47,24,3.413481,3.574922,1469,10.6888
7669,24,23,3.408157,3.164626,1434,10.5593
7670,23,40,1.859407,2.355647,1448,10.5990
7671,40,48,4.443492,4.907630,1453,10.5879
7672,48,24,3.436009,3.081941,1444,10.6345
7673,24,0,4.328222,4.195883,1452,10.6301
7674,0,26,2.584106,2.465884,1454,10.7180
7675,26,17,4.396469,4.345786,1476,10.6336
7676,17,61,3.857014,3.421311,1428,10.6141
7677,61,59,4.565500,4.845996,1462,10.6107
7678,59,8,3.511132,3.531047,273,3.5651
7679,8,59,2.949724,3.060126,1194,9.7886
7680,59,8,3.462407,3.358015,941,8.3157
7681,8,33,5.199144,4.476586,1319,10.2348
7682,33,17,3.206979,3.070112,1453,10.6047
7683,17,61,3.632925,3.335038,1435,10.6295
7684,61,43,3.571274,3.540482,1449,10.5592
7685,43,20,2.446206,2.491824,1478,10.6319
7686,20,32,4.398713,4.464075,1452,10.6360
7687,32,54,2.719208,2.967967,935,8.0242
7688,54,35,1.955399,2.028625,1302,10.1419
7689,35,46,2.410425,2.580455,1352,10.4186
7690,46,0,5.507697,5.466409,1095,9.1495
7691,0,44,2.786527,2.546023,1476,10.6952
7692,44,62,2.933658,3.278198,1475,10.6975
7693,62,26,2.766627,3.086938,1460,10.5860
7694,26,51,2.455382,2.397194,1467,10.5770
7695,51,1,2.719171,3.065802,1351,10.2719
7696,1,53,3.073495,2.899178,1471,10.6059
7697,53,5,5.925668,5.413463,1480,10.6191
7698,5,59,4.322629,3.210472,1168,9.5456
7699,59,54,2.996980,3.686208,1425,10.5865
7700,54,35,1.752211,1.944555,992,8.5201
7701,35,10,3.066539,2.941834,1470,10.6309
7702,10,12,3.956855,4.174390,1463,10.6435
7703,12,13,1.483054,1.504493,1315,9.8565
7704,13,23,3.899033,3.832335,1404,10.4712
7705,23,4,1.975561,2.561604,1461,10.6846
7706,4,49,2.348458,2.233430,1443,10.6711
7707,49,22,3.438347,3.994221,1453,10.5711
7708,22,33,3.825740,3.873979,1394,10.5500
7709,33,42,4.752495,4.092375,1431,10.6117
7710,42,43,2.827893,3.025277,1466,10.6680
7711,43,20,2.079830,2.413055,1393,10.5239
7712,20,24,4.357352,4.589968,1460,10.6188
7713,24,48,3.187607,2.957486,1454,10.8027
7714,48,22,2.517656,2.531039,1492,10.6246
7715,22,33,3.754828,3.758910,1436,10.6339
7716,33,13,7.338236,6.350793,1461,10.6350
7717,13,12,1.500120,1.536511,1157,9.0386
7718,12,25,2.735791,2.818965,1412,10.5349
7719,25,8,3.496568,3.594720,1311,10.2914
7720,8,59,2.933714,2.943685,1157,9.2131
7721,59,8,3.238820,3.172658,1473,10.6730
7722,8,46,1.982168,2.147794,1216,9.8681
7723,46,0,5.125047,5.272629,1286,10.2770
7724,0,44,2.779391,2.472675,1465,10.7027
7725,44,28,3.716546,3.057041,1447,10.6216
7726,28,55,4.871259,4.230846,1459,10.6263
7727,55,41,5.225633,4.937520,1476,10.6898
7728,41,50,3.448519,3.107094,1334,10.2193
7729,50,23,2.915290,2.985319,1441,10.5970
7730,23,4,1.953450,2.467755,1460,10.6503
7731,4,49,2.275373,2.151979,1459,10.6069
7732,49,22,2.936429,3.907498,1460,10.6256
7733,22,33,3.428951,3.671626,1453,10.6967
7734,33,17,2.867620,2.891030,1464,10.7638
7735,17,1,2.910870,2.588838,1430,10.6117
7736,1,53,2.589546,2.818731,1472,10.6544
7737,53,63,1.705969,2.168470,1442,10.6150
7738,63,47,4.197023,3.502935,1426,10.6260
7739,47,23,2.436420,2.610201,1461,10.5733
7740,23,40,1.944883,2.466762,1248,9.7772
7741,40,62,5.144307,4.439851,1451,10.6486
7742,62,26,2.954860,3.094909,1475,10.6159
7743,26,51,2.367654,2.322574,1461,10.7797
7744,51,8,5.497058,4.784785,1473,10.6062
7745,8,59,2.976100,2.862013,1158,9.6682
7746,59,8,3.333579,3.105242,1472,10.7256
7747,8,46,1.920381,2.111213,1453,10.5541
7748,46,0,5.183622,5.097023,1107,9.8452
7749,0,44,2.512978,2.416046,1473,10.6104
7750,44,62,3.030203,3.274062,1446,10.6412
7751,62,26,2.850686,2.964502,1456,10.9059
7752,26,51,2.245245,2.234105,1476,10.6671
7753,51,1,2.673140,3.113005,1444,10.6112
7754,1,53,2.563077,2.708595,1450,10.6747
7755,53,63,1.815232,2.129418,1448,10.6057
7756,63,54,2.328510,2.499540,1448,10.5879
7757,54,63,2.166710,1.955012,1454,10.6245
7758,63,54,2.277035,2.327011,1460,10.5899
7759,54,37,4.296030,4.477802,1207,9.5780
7760,37,31,3.004364,2.724383,1477,10.6411
7761,31,62,2.744877,2.817695,1463,10.6304
7762,62,58,3.313165,2.734661,1400,10.6185
7763,58,56,4.320749,3.453029,1454,10.6707
7764,56,24,5.510244,5.376385,1440,10.6573
7765,24,23,3.445266,3.091672,1462,10.7234
7766,23,4,1.761034,2.543372,1468,10.6885
7767,4,36,3.033321,2.796931,1449,10.6247
7768,36,23,2.638928,3.315681,1453,10.6085
7769,23,4,1.604146,2.435529,1444,10.5357
7770,4,36,2.851083,2.682153,1488,10.6523
7771,36,29,4.255226,3.896969,1459,10.5706
7772,29,38,3.290644,3.485795,1233,9.9900
7773,38,42,3.962750,3.764748,1427,10.8959
7774,42,48,3.056339,3.549768,1336,10.2995
7775,48,22,2.181148,2.424032,1480,10.8609
7776,22,1,3.899502,3.718004,1472,10.6760
7777,1,14,2.700239,2.645964,1472,10.8753
7778,14,1,3.152537,2.364865,1452,10.6225
7779,1,53,3.017831,2.610392,1461,10.6787
7780,53,5,5.869317,5.421312,1461,10.5707
7781,5,28,3.713319,3.515128,1441,10.6669
7782,28,53,3.796232,4.068248,1377,10.4298
7783,53,63,2.064058,2.126792,1453,10.6738
7784,63,54,1.841934,2.226562,1477,10.6117
7785,54,35,1.928906,2.121497,1416,10.5548
7786,35,46,2.228828,2.523246,1399,10.4005
7787,46,26,4.719741,5.030889,1240,9.7561
7788,26,51,2.313892,2.208010,1468,10.7827
7789,51,1,2.866954,3.190552,1473,10.6247
7790,1,14,2.575753,2.529062,1466,10.8033
7791,14,57,3.227625,3.355678,1482,10.6658
7792,57,34,2.982329,2.598156,1462,10.6567
7793,34,16,3.432777,3.325950,1437,10.6421
7794,16,13,4.393239,4.500485,1432,10.6626
7795,13,56,2.981263,3.287232,1432,10.5641
7796,56,24,5.187807,5.362438,1427,10.7112
7797,24,48,3.237678,2.883279,1445,10.6174
7798,48,24,3.321066,2.967909,1463,10.7023
7799,24,0,4.642523,4.419177,1456,10.6258
7800,0,44,2.538283,2.401154,1373,10.3589
7801,44,28,3.234568,2.971196,1042,8.3543
7802,28,55,4.930116,4.172268,1465,10.6920
7803,55,13,5.398258,5.137409,1447,10.6834
7804,13,23,3.737103,3.661205,1369,10.5825
7805,23,40,2.138291,2.452371,1447,10.5829
7806,40,62,4.596741,4.332080,1426,10.5730
7807,62,58,2.969914,2.679544,1456,10.8165
7808,58,56,4.061124,3.362554,1477,10.6088
7809,56,24,5.489503,5.277048,1469,10.6496
7810,24,0,4.397438,4.255530,1395,10.5836
7811,0,26,2.384701,2.406950,1465,10.6479
7812,26,51,2.068757,2.163983,1450,10.6305
7813,51,1,2.936443,3.122106,1452,10.5918
7814,1,14,2.124037,2.446420,1457,10.6206
7815,14,45,2.687450,2.739352,1458,10.6938
7816,45,0,6.758683,6.366918,1493,10.5777
7817,0,48,3.814328,3.366866,1457,10.6282
7818,48,22,2.170021,2.413058,1481,10.6539
7819,22,26,6.008367,5.624878,1464,10.6773
7820,26,50,3.372822,3.205743,1430,10.5801
7821,50,23,2.763471,3.028954,1474,10.6186
7822,23,4,1.731942,2.436444,1445,10.5699
7823,4,49,2.520275,2.325432,1438,10.5523
7824,49,22,2.843466,3.725590,1455,10.6101
7825,22,33,3.623234,3.715729,1478,10.6028
7826,33,17,2.788632,2.806734,1459,10.6894
7827,17,1,2.588608,2.442134,1437,10.5587
7828,1,53,2.096559,2.762903,1458,10.6297
7829,53,62,5.682374,5.308408,1465,10.6828
7830,62,30,2.972367,2.773114,1461,10.6265
7831,30,0,3.203939,3.346410,1455,10.6460
7832,0,44,2.575797,2.414267,1468,10.6441
7833,44,47,6.012608,5.896192,1464,10.6437
7834,47,24,3.390584,3.653348,1474,10.6327
7835,24,48,2.989610,2.817975,1447,10.6010
7836,48,22,1.960949,2.299535,1445,10.6598
7837,22,26,5.806284,5.555806,1460,10.5420
7838,26,50,3.238560,3.083838,1446,10.6532
7839,50,23,2.848210,3.026221,1445,10.5682
7840,23,40,2.143158,2.477878,1467,10.5770
7841,40,47,4.630630,3.919826,1435,10.6528
7842,47,23,2.611186,2.410143,1443,10.6056
7843,23,40,2.070621,2.388285,1472,10.5751
7844,40,47,4.085864,3.812537,1428,10.5431
7845,47,24,3.424514,3.494792,1455,10.6842
7846,24,48,2.991672,2.824233,1465,10.6054
7847,48,24,3.299848,2.909428,1445,10.5655
7848,24,48,2.965425,2.645539,1466,10.5570
7849,48,22,2.078920,2.243163,1442,10.5318
7850,22,33,3.336823,3.643701,1477,10.5493
7851,33,17,2.840318,2.726241,1443,10.5425
7852,17,37,4.918541,4.152477,1429,10.5207
7853,37,31,2.908112,2.734084,1431,10.6229
7854,31,62,2.835685,2.869252,1459,10.5976
7855,62,30,2.982882,2.682621,1469,10.6797
7856,30,0,3.274306,3.282499,1485,10.5868
7857,0,44,2.431712,2.356753,1484,10.5655
7858,44,47,6.019346,5.829305,1475,10.5862
7859,47,23,2.029353,2.214120,1452,10.7072
7860,23,4,1.928629,2.600986,1460,10.6012
7861,4,49,2.432093,2.270344,1415,10.4900
7862,49,40,1.821992,2.480541,1413,10.4979
7863,40,47,4.344336,3.736661,1468,10.5564
7864,47,33,3.466559,3.807262,1485,10.6023
7865,33,13,6.457656,6.008956,1458,10.5809
7866,13,56,2.933767,3.178064,1459,10.6338
7867,56,24,5.150331,5.320937,1463,10.6294
7868,24,23,2.753979,2.730254,1391,10.4604
7869,23,4,1.811588,2.557546,1457,10.5580
7870,4,36,2.982766,2.724210,1462,10.5552
7871,36,29,4.198407,3.788518,1468,10.5879
7872,29,38,3.550559,3.458003,1468,10.6479
7873,38,30,5.762387,4.798337,1394,10.4682
7874,30,62,2.533971,2.525806,1437,10.6439
7875,62,30,2.871337,2.674926,1453,10.6287
7876,30,62,2.365286,2.382251,1455,10.5516
7877,62,58,2.814561,2.685734,1436,10.4844
7878,58,54,5.033922,4.281638,1446,10.6029
7879,54,63,2.112506,1.933189,411,5.1903
7880,63,54,1.879484,2.103754,646,6.7618
7881,54,35,1.870619,2.091323,1447,10.7622
7882,35,53,4.193008,3.957290,1391,10.5941
7883,53,63,2.021280,2.023891,1010,8.2823
7884,63,54,1.894864,2.098342,1451,10.5854
7885,54,37,4.188959,4.533267,1466,10.7187
7886,37,10,3.285332,3.244868,1485,10.5647
7887,10,25,2.991610,3.055475,1468,10.6075
7888,25,8,4.169431,3.436039,1471,10.7718
7889,8,46,2.038709,2.102778,1448,10.6613
7890,46,26,5.484813,5.139390,1477,10.6330
7891,26,51,2.451677,2.344762,1147,8.9781
7892,51,1,2.579146,3.051768,1473,10.6595
7893,1,14,2.502964,2.460316,1162,9.5669
7894,14,1,2.727951,2.289328,1471,10.6717
7895,1,14,2.451998,2.273552,1419,10.4604
7896,14,1,2.413647,2.123973,1448,10.6090
7897,1,52,4.739625,4.820634,1387,10.4098
7898,52,54,2.757780,3.241925,1483,10.6526
7899,54,63,1.961801,1.816997,1443,10.5726
7900,63,54,1.722229,1.880866,1451,10.5917
7901,54,35,1.903759,2.195798,1468,10.7031
7902,35,53,4.496596,3.860704,1451,10.5595
7903,53,63,1.892089,1.898806,1463,10.5825
7904,63,47,4.720908,4.158976,1444,10.5177
7905,47,33,3.552566,3.732846,1459,10.6470
7906,33,13,6.431424,5.804823,1452,10.6570
7907,13,23,3.467913,3.443215,712,7.6678
7908,23,4,1.691338,2.437223,1435,10.6808
7909,4,49,2.391108,2.278952,1465,10.6756
7910,49,40,1.918127,2.540217,1451,10.6401
7911,40,47,4.245158,3.690472,1477,10.6964
7912,47,23,2.095365,2.139940,1474,10.5859
7913,23,40,1.922673,2.382316,1424,10.5035
7914,40,62,4.843097,4.419984,1455,10.6530
7915,62,58,2.695028,2.610934,1449,10.6615
7916,58,56,3.905411,3.300132,1472,10.6561
7917,56,24,5.226381,5.190031,1445,10.6187
7918,24,23,2.654612,2.630918,1401,10.4654
7919,23,4,1.719059,2.552043,1459,10.6213
7920,4,31,5.717078,5.519396,1436,10.5542
7921,31,62,2.745102,2.720024,1486,10.6892
7922,62,58,2.640690,2.482475,1456,10.5942
7923,58,54,5.030127,4.481014,1446,10.5857
7924,54,63,1.807512,1.728567,1435,10.5989
7925,63,32,4.136110,4.062533,1343,10.2196
7926,32,44,5.914370,5.673957,1418,10.6995
7927,44,62,2.986819,3.262061,1463,10.6293
7928,62,58,2.348259,2.351859,1430,10.5920
7929,58,54,4.751301,4.428889,1457,10.5796
7930,54,63,1.542547,1.667828,1462,10.7214
7931,63,47,4.377705,4.235084,1439,10.6778
7932,47,23,2.096368,2.145059,1464,10.5791
7933,23,41,4.465943,4.845891,1469,10.6201
7934,41,50,3.565031,3.077456,1452,10.5993
7935,50,23,3.053543,3.082910,1451,10.6195
7936,23,40,1.803996,2.476539,1423,10.6009
7937,40,47,4.419572,3.722090,1487,10.5810
7938,47,23,1.842780,1.962381,1466,10.6184
7939,23,4,1.778770,2.679937,1477,10.7574
7940,4,36,3.136953,2.727293,1465,10.6503
7941,36,4,1.929863,1.809059,1505,10.5963
7942,4,49,2.532735,2.371906,1478,10.6303
7943,49,40,1.779587,2.467809,1429,10.5869
7944,40,47,4.115273,3.573498,1405,10.5382
7945,47,24,3.487519,3.595711,1450,10.6516
7946,24,48,3.123591,2.731497,1460,10.5538
7947,48,24,3.088486,2.827210,1457,10.6749
7948,24,48,2.823618,2.560110,1460,10.6251
7949,48,22,1.966681,2.268286,1460,10.7387
7950,22,26,5.777034,5.459300,1438,10.6227
7951,26,51,2.483562,2.360542,1440,10.6388
7952,51,1,2.537089,3.086086,1471,10.6635
7953,1,14,2.243525,2.190357,1472,10.7926
7954,14,45,2.942312,2.802473,1471,10.8108
7955,45,0,6.573157,6.314692,1318,10.1366
7956,0,44,2.628251,2.496108,1369,10.4135
7957,44,47,5.646483,5.814844,1469,10.7652
7958,47,23,1.753984,1.855571,1466,10.7343
7959,23,41,4.563248,4.771362,1500,10.6430
7960,41,5,4.330239,3.916117,1460,10.6063
7961,5,59,3.507644,3.192710,1443,10.8014
7962,59,8,3.002115,3.000995,1313,10.2660
7963,8,59,2.880923,2.666956,1495,10.6116
7964,59,54,3.686600,3.871409,1450,10.7573
7965,54,37,3.895735,4.259569,1352,10.5050
7966,37,31,2.920166,2.752207,1458,10.6682
7967,31,62,2.413097,2.660305,1461,10.7310
7968,62,58,2.489442,2.290474,1473,10.6605
7969,58,54,5.481332,4.378433,1461,10.5765
7970,54,37,3.667670,3.977004,1384,10.3896
7971,37,31,2.818128,2.680444,1444,10.6736
7972,31,36,4.502714,4.678599,1461,10.7060
7973,36,23,2.478345,3.353317,1457,10.6124
7974,23,40,1.987628,2.537937,1461,10.6009
7975,40,47,3.896194,3.429232,1441,10.5184
7976,47,33,3.547038,3.839973,1441,10.5850
7977,33,17,2.775558,2.734779,1459,10.6505
7978,17,1,2.825812,2.473214,1456,10.7341
7979,1,52,4.288546,4.665806,1462,10.6110
7980,52,54,2.762719,3.420615,1471,10.7332
7981,54,35,1.987521,2.228049,1481,10.7009
7982,35,10,2.971841,2.986508,1439,10.5974
7983,10,1,5.761346,5.568081,1472,10.6588
7984,1,14,2.202277,2.163622,1449,10.6002
7985,14,1,2.610003,2.123512,1473,10.6666
7986,1,52,4.322879,4.433486,1484,10.6749
7987,52,21,3.427372,3.142177,1471,10.6645
7988,21,59,2.864926,3.411411,1466,10.7004
7989,59,8,2.803819,2.882702,1457,10.6069
7990,8,59,2.608344,2.469136,1467,10.5885
7991,59,54,3.982042,3.833312,1455,10.6870
7992,54,63,1.822420,1.810298,1480,10.6974
7993,63,32,3.666814,3.801537,1469,10.6478
7994,32,32,2.629621,1.752952,1453,10.6162
7995,32,44,6.168270,5.762873,1470,10.5611
7996,44,62,2.676538,3.181033,728,7.2938
7997,62,58,2.436918,2.189937,1444,10.6331
7998,58,56,3.861718,3.381080,1468,10.6997
7999,56,42,5.220587,5.296430,1370,10.7650
8000,42,48,3.050585,3.554161,687,6.6435
8001,48,24,2.967651,2.750364,1431,10.6483
8002,24,0,4.597823,4.347101,1489,10.7068
8003,0,26,2.752888,2.714051,1398,10.6223
8004,26,51,2.465807,2.359951,1434,10.5927
8005,51,1,2.687052,2.975223,1483,10.7221
8006,1,53,2.738309,2.943548,1452,10.6760
8007,53,63,1.597400,1.937009,1459,10.6306
8008,63,32,3.261401,3.558533,1483,10.6905
8009,32,54,2.747147,2.700406,1453,10.6061
8010,54,37,3.538473,3.927511,1460,10.6455
8011,37,40,6.086619,6.162129,1458,10.6109
8012,40,48,3.838612,4.547630,920,9.2915
8013,48,22,2.367529,2.171557,1433,10.6247
8014,22,33,3.248837,3.537204,1076,8.7903
8015,33,13,6.828417,5.593214,1467,10.7030
8016,13,12,2.082600,1.959301,347,5.8785
8017,12,25,2.421140,2.535432,1392,10.6439
8018,25,8,3.355243,3.292537,1456,10.6026
8019,8,33,6.032641,5.331839,1444,10.5818
8020,33,42,4.224330,4.094189,1446,10.6065
8021,42,48,3.191497,3.410366,1450,10.6398
8022,48,55,3.348078,3.528805,1422,10.6329
8023,55,13,4.739258,4.754892,1450,10.6969
8024,13,12,1.979829,1.964827,1464,10.6557
8025,12,13,2.639315,2.278758,1434,10.6352
8026,13,23,3.583449,3.558464,1481,10.6342
8027,23,41,4.548076,4.407708,1412,10.5325
8028,41,5,4.140128,3.872663,1460,10.5972
8029,5,59,3.635979,3.196789,1456,10.6865
8030,59,54,3.218454,3.685192,1417,10.6019
8031,54,63,1.836177,1.799287,1365,10.4437
8032,63,47,4.663382,4.418442,1448,10.6460
8033,47,23,2.129399,1.925337,1456,10.6591
8034,23,40,1.902529,2.480288,1440,10.5774
8035,40,62,4.726991,4.313030,1473,10.5617
8036,62,58,2.218103,2.152500,1461,10.7189
8037,58,56,3.968062,3.266530,1457,10.7887
8038,56,42,5.409494,5.306899,1469,10.6381
8039,42,43,3.049428,2.976858,1378,10.4652
8040,43,20,2.361491,2.436730,1419,10.6339
8041,20,24,4.565780,4.635846,1461,10.7038
8042,24,23,2.306576,2.594632,1456,10.5599
8043,23,4,2.165770,2.882235,1381,10.5065
8044,4,49,2.633531,2.333303,1486,10.6243
8045,49,22,3.253107,3.883270,1460,10.6720
8046,22,1,3.935173,4.035226,1473,10.6100
8047,1,14,2.270139,2.112406,1470,10.6526
8048,14,45,2.787580,2.784209,1474,10.6859
8049,45,0,6.417026,6.179926,1460,10.6220
8050,0,26,2.665319,2.702905,1455,10.8040
8051,26,51,2.235005,2.283176,1448,10.6387
8052,51,1,2.284916,2.985400,1449,10.7209
8053,1,53,2.410049,2.900007,1464,10.7202
8054,53,63,1.432566,1.933754,1466,10.5999
8055,63,47,4.443490,4.215303,1449,10.6311
8056,47,23,1.871974,1.947775,1449,10.6524
8057,23,40,1.809878,2.496352,1451,10.6142
8058,40,48,3.617946,4.517637,1457,10.5873
8059,48,22,2.043258,2.085748,1443,10.6172
8060,22,1,4.051415,3.923665,1411,10.3971
8061,1,14,2.100517,2.091439,1455,10.7760
8062,14,1,2.085457,1.994064,1449,10.6416
8063,1,52,4.352077,4.494262,1451,10.6003
8064,52,21,3.347122,3.166155,1461,10.7018
8065,21,35,3.113496,2.971625,1418,10.5882
8066,35,46,2.633343,2.638611,1284,9.9025
8067,46,0,4.942976,4.970479,1417,10.5519
8068,0,48,3.441504,3.374003,1461,10.6645
8069,48,55,3.198588,3.463412,1454,10.6946
8070,55,41,5.247711,4.686415,1457,10.6148
8071,41,50,3.542512,3.072303,1458,10.7010
8072,50,23,2.956744,3.117578,1447,10.6466
8073,23,4,2.233017,2.850759,1469,10.6533
8074,4,31,5.152676,5.248979,1433,10.6260
8075,31,41,4.158909,3.897515,1467,10.6749
8076,41,13,3.326283,3.539852,1468,10.7871
8077,13,23,4.049953,3.584851,1466,10.7486
8078,23,4,2.207514,2.615471,1471,10.7111
8079,4,31,5.030609,5.176809,1475,10.6082
8080,31,62,2.482185,2.560495,1434,10.5992
8081,62,26,3.200753,3.387873,1473,10.6416
8082,26,50,3.399268,3.097422,1423,10.5903
8083,50,23,2.830486,3.159201,1448,10.6403
8084,23,40,2.111495,2.502567,1449,10.6266
8085,40,62,4.557658,4.222500,1456,10.7340
8086,62,58,2.253373,2.178518,1457,10.5970
8087,58,54,5.618859,4.728188,1439,10.6054
8088,54,63,1.599638,1.775166,799,7.5640
8089,63,54,2.365198,2.303874,1264,10.0607
8090,54,63,1.840218,1.651768,1465,10.7634
8091,63,47,4.203540,4.112634,1431,10.8857
8092,47,24,3.493532,3.760562,1462,10.7369
8093,24,48,2.464306,2.454668,1463,10.6994
8094,48,55,3.179697,3.324155,1461,10.5723
8095,55,13,4.550644,4.767627,1451,10.7557
8096,13,12,2.042697,1.917852,1433,10.6918
8097,12,13,2.359199,2.154839,1419,10.7227
8098,13,56,3.082224,3.391654,1466,10.7223
8099,56,24,5.213952,5.234163,1464,10.8465
8100,24,23,2.646078,2.524133,1434,10.5845
8101,23,40,1.785160,2.366695,1450,10.5718
8102,40,47,4.362548,3.645678,1458,10.6377
8103,47,23,2.187360,2.037114,1425,10.6478
8104,23,4,1.952335,2.674651,1465,10.5694
8105,4,49,2.731566,2.440258,1443,10.5750
8106,49,40,1.678661,2.443865,1440,10.6163
8107,40,48,3.945907,4.451584,1443,10.5770
8108,48,22,1.933248,2.144850,1449,10.6231
8109,22,1,3.543864,3.778701,1431,10.4862
8110,1,14,1.965521,1.997565,1459,10.7295
8111,14,57,3.369039,3.727304,1453,10.6028
8112,57,9,3.437539,3.444702,1453,10.5652
8113,9,9,2.748955,1.437261,1448,10.6272
8114,9,7,3.617841,3.529904,1415,10.5989
8115,7,57,4.809973,4.096681,1241,9.9456
8116,57,9,3.064222,3.261990,1451,10.5929
8117,9,52,3.446483,3.643775,1459,10.6303
8118,52,54,2.854959,3.531987,1447,10.5721
8119,54,63,1.773657,1.586750,1004,8.6006
8120,63,32,3.340039,3.516400,1484,10.6108
8121,32,54,2.452439,2.585233,1448,10.5945
8122,54,37,3.630433,3.900108,1450,10.5243
8123,37,31,2.757872,2.780150,1438,10.6449
8124,31,62,2.309425,2.540136,1455,10.7012
8125,62,26,3.324692,3.338514,1447,10.6647
8126,26,51,2.342317,2.266387,1452,10.7925
8127,51,8,4.971208,4.845252,1461,10.6267
8128,8,46,2.027517,2.141787,1212,9.6251
8129,46,26,5.318392,4.947018,1481,10.6269
8130,26,51,2.285342,2.178348,1451,10.7006
8131,51,1,2.911205,3.134605,1489,10.6969
8132,1,53,2.808863,3.003361,1088,9.2040
8133,53,63,1.644384,2.086858,1477,10.6840
8134,63,47,4.512957,4.079947,1447,10.5765
8135,47,33,3.707869,3.963881,1466,10.6990
8136,33,42,4.301412,4.024718,1453,10.6669
8137,42,48,2.869375,3.334131,1081,9.4392
8138,48,22,1.942180,2.034847,1462,10.6261
8139,22,33,3.763747,3.747092,1232,9.8193
8140,33,17,2.837027,2.758431,1453,10.5749
8141,17,37,5.194728,4.267785,1437,10.5907
8142,37,31,2.700117,2.732209,1445,10.6171
8143,31,41,3.638105,3.822330,1467,10.7775
8144,41,13,3.332722,3.527883,1464,10.6457
8145,13,12,1.810788,1.802816,1457,10.5975
8146,12,30,4.645025,4.868322,1440,10.6055
8147,30,37,4.390184,4.080375,1444,10.7267
8148,37,40,6.587266,6.025076,1449,10.6581
8149,40,62,4.280168,3.940288,1483,10.7672
8150,62,58,2.216300,2.204355,1450,10.6093
8151,58,56,3.534285,3.160216,1456,10.6874
8152,56,24,5.001460,5.103558,1453,10.5970
8153,24,0,4.753070,4.429407,1412,10.5776
8154,0,44,2.925621,2.700625,1463,10.7949
8155,44,62,2.808572,3.308376,1450,10.6070
8156,62,58,2.065087,2.094008,1449,10.6161
8157,58,54,5.287131,4.815341,1468,10.5632
8158,54,37,3.573185,3.741490,988,8.7893
8159,37,31,2.837638,2.630611,1460,10.6586
8160,31,62,2.231298,2.577286,1465,10.6693
8161,62,58,1.945033,2.002793,1447,10.6152
8162,58,54,5.347320,4.727220,1450,10.6233
8163,54,35,2.326434,2.525605,1481,10.7624
8164,35,10,2.964934,2.951238,1432,10.6215
8165,10,12,4.375603,4.075817,1466,10.6052
8166,12,13,2.237292,2.050851,1464,10.6556
8167,13,12,2.083768,1.750644,1397,10.7178
8168,12,13,2.000586,1.904076,1459,10.6679
8169,13,12,1.950303,1.630367,1414,10.5667
8170,12,13,1.876651,1.769085,1465,10.5731
8171,13,56,3.023930,3.379177,1435,10.5605
8172,56,17,5.407460,5.335266,1447,10.5682
8173,17,61,3.834753,3.510606,1411,10.5895
8174,61,30,4.578481,4.151466,1478,10.6293
8175,30,0,3.686733,3.653071,1451,10.7418
8176,0,26,2.624101,2.650812,1456,10.5998
8177,26,51,2.391430,2.224268,1454,10.5549
8178,51,55,5.607799,5.455704,1478,10.6342
8179,55,20,2.995331,2.966415,1326,10.1663
8180,20,31,7.315750,7.175280,685,7.1552
8181,31,36,4.512534,4.485885,1441,10.5727
8182,36,23,2.870202,3.572567,1460,10.6710
8183,23,40,1.976123,2.379960,1454,10.6254
8184,40,48,3.652221,4.286304,1464,10.6895
8185,48,24,3.139094,2.864571,1467,10.6830
8186,24,0,4.156953,4.333664,1452,10.5680
8187,0,26,2.527841,2.585649,1459,10.5774
8188,26,51,2.163263,2.126673,1440,10.5677
8189,51,1,2.815991,3.115415,1434,10.5503
8190,1,14,1.903798,2.042334,1463,10.6715
8191,14,57,3.158348,3.649690,1464,10.6088
8192,57,9,3.057833,3.187920,1454,10.5843
8193,9,52,3.270682,3.521661,1473,10.7066
8194,52,54,3.214305,3.618117,1456,10.6269
8195,54,63,1.848847,1.702458,1463,10.6421
8196,63,47,3.931641,3.790375,1446,10.6988
8197,47,24,3.286785,3.839673,1455,10.6469
8198,24,0,4.433916,4.293302,1454,10.6021
8199,0,44,3.137080,2.709504,1459,10.6395
8200,44,28,3.122259,2.843510,1457,10.7450
8201,28,54,3.414657,3.938176,1422,10.6506
8202,54,63,1.739309,1.651125,1457,10.6692
8203,63,54,2.161688,2.104593,1452,10.6268
8204,54,35,2.525275,2.518118,1461,10.5867
8205,35,10,2.829840,2.888721,1480,10.6617
8206,10,12,3.975762,4.089572,1456,10.5882
8207,12,13,1.520156,1.709788,1360,10.3736
8208,13,12,1.877465,1.587039,1358,10.5407
8209,12,13,1.677565,1.613605,1441,10.5435
8210,13,12,1.790112,1.491994,1314,10.2076
8211,12,13,1.469546,1.503925,1432,10.5871
8212,13,56,3.045225,3.416582,1471,10.6164
8213,56,17,5.070412,5.243482,1478,10.7785
8214,17,61,3.715472,3.389726,1480,10.7304
8215,61,59,5.120934,4.867000,1464,10.6590
8216,59,8,2.839815,2.843697,1265,10.1267
8217,8,46,2.086843,2.125375,1455,10.5783
8218,46,26,4.696702,4.745294,1368,10.2469
8219,26,51,1.996288,2.095245,1448,10.6616
8220,51,8,5.394919,4.972196,1472,10.8901
8221,8,33,5.652445,5.103890,1447,10.6191
8222,33,17,2.894811,2.795376,1134,9.4370
8223,17,61,3.422842,3.280059,1463,10.8084
8224,61,59,5.591246,4.891905,1456,10.6947
8225,59,58,6.913402,6.255863,1384,10.3797
8226,58,4,3.521800,3.718477,1442,10.6056
8227,4,49,2.624150,2.368142,1322,10.1153
8228,49,40,1.774698,2.490157,1458,10.5885
8229,40,62,4.034737,3.903194,1478,10.6290
8230,62,30,3.281901,3.069360,1447,10.5845
8231,30,62,2.390191,2.448028,1278,9.7777
8232,62,58,2.203603,2.234176,1476,10.5845
8233,58,4,3.585029,3.622218,1144,8.9448
8234,4,31,4.687230,4.807594,1450,10.5910
8235,31,62,3.191475,2.589278,1443,10.6675
8236,62,30,3.106458,2.969712,1442,10.5788
8237,30,37,4.221343,4.160457,1477,10.5885
8238,37,31,3.326365,2.703726,1462,10.7990
8239,31,62,2.460238,2.548832,1456,10.6676
8240,62,26,3.235428,3.458000,1471,10.6126
8241,26,51,2.177589,2.106977,1463,10.6783
8242,51,1,2.535452,3.064625,1472,10.7415
8243,1,53,2.540635,2.890409,1462,10.7631
8244,53,63,1.743747,2.206889,1465,10.6389
8245,63,47,4.426949,3.627612,1454,10.6977
8246,47,23,2.142809,2.405290,1467,10.6912
8247,23,4,2.113713,2.722981,1463,10.6050
8248,4,49,2.668515,2.347209,1372,10.5696
8249,49,22,3.245156,3.901352,1486,10.5836
8250,22,33,3.405422,3.724323,1468,10.7607
8251,33,13,6.896975,5.575500,1451,10.6298
8252,13,23,4.842870,4.119721,1149,9.6232
8253,23,40,1.756552,2.321833,1476,10.6532
8254,40,62,3.929900,3.876732,1459,10.6772
8255,62,58,2.242935,2.238563,1460,10.6941
8256,58,54,4.981508,4.433264,1466,10.6861
8257,54,35,2.236617,2.435787,1480,10.6202
8258,35,10,2.732494,2.812902,1406,10.4472
8259,10,25,3.290612,3.068909,1257,9.7077
8260,25,8,3.342767,3.187366,1470,10.5968
8261,8,46,1.991740,2.091350,547,4.5279
8262,46,0,5.433108,5.130379,1439,10.5799
8263,0,44,3.079997,2.688221,1453,10.7770
8264,44,28,2.981051,2.748149,1462,10.6662
8265,28,54,3.212301,3.879114,1450,10.6835
8266,54,63,1.522409,1.700023,1460,10.6245
8267,63,54,2.008440,2.159118,1456,10.7675
8268,54,63,1.642604,1.609549,1464,10.5894
8269,63,54,2.166759,2.012210,1451,10.5623
8270,54,35,2.193183,2.477206,1460,10.6024
8271,35,46,2.658710,2.697491,1475,10.6894
8272,46,26,4.812052,4.702116,1461,10.6282
8273,26,51,2.074488,2.108530,1475,10.9092
8274,51,8,5.469300,4.814637,1461,10.6878
8275,8,46,1.854199,2.020728,1479,10.7102
8276,46,26,4.621031,4.589095,1451,10.5645
8277,26,51,2.171806,2.052321,1467,10.6044
8278,51,1,2.888661,3.075998,1447,10.6427
8279,1,52,4.292747,4.437444,1467,10.6553
8280,52,54,2.849002,3.539028,1467,10.6695
8281,54,63,1.521407,1.563659,1479,10.6749
8282,63,32,3.525008,3.559183,1468,10.5923
8283,32,44,6.319209,5.736572,1478,10.5844
8284,44,47,6.042200,5.669777,1436,10.6263
8285,47,23,2.113570,2.363948,1481,10.6814
8286,23,4,1.971186,2.668241,1462,10.6896
8287,4,36,3.254592,2.941606,1425,10.6351
8288,36,23,3.051083,3.582598,1452,10.6230
8289,23,41,4.339706,4.404205,1414,10.6356
8290,41,13,3.138359,3.342026,1465,10.6678
8291,13,12,1.545268,1.549933,1473,10.7457
8292,12,30,4.695774,4.890126,1361,10.4256
8293,30,0,3.584672,3.685619,1398,10.4981
8294,0,26,2.651027,2.613843,1475,10.7610
8295,26,51,2.071259,1.981559,1475,10.6097
8296,51,8,5.076171,4.720980,1465,10.6942
8297,8,33,5.757045,5.008020,1445,10.6602
8298,33,42,4.023443,3.731736,1359,10.5871
8299,42,48,2.926605,3.283658,1175,9.4669
8300,48,22,1.801218,2.089811,1416,10.5288
8301,22,33,3.273796,3.736363,1308,9.9397
8302,33,13,6.392231,5.386446,1459,10.6621
8303,13,12,1.859180,1.536663,1386,10.4446
8304,12,13,1.863260,1.705305,1446,10.6700
8305,13,23,3.714170,3.908135,1457,10.6282
8306,23,40,2.053048,2.334667,1464,10.7784
8307,40,47,4.214231,3.813888,1456,10.6576
8308,47,33,4.264170,4.058541,1447,10.6201
8309,33,17,2.713151,2.720756,1448,10.6751
8310,17,61,3.542519,3.190770,1446,10.8474
8311,61,30,4.569153,4.157828,1456,10.5949
8312,30,0,3.434281,3.584146,1429,10.5827
8313,0,26,2.495487,2.519984,1459,10.7437
8314,26,51,2.028534,1.899245,1463,10.6631
8315,51,1,2.400299,3.132979,1472,10.7472
8316,1,52,4.077421,4.253178,1482,10.6024
8317,52,21,3.428631,3.224834,1367,10.4297
8318,21,4,6.464057,5.802183,1326,10.3717
8319,4,31,4.405908,4.698794,1437,10.6233
8320,31,62,2.467680,2.568749,1478,10.6404
8321,62,58,2.499174,2.241552,1458,10.5904
8322,58,4,3.206140,3.534404,1471,10.5697
8323,4,49,2.480053,2.373899,1470,10.5845
8324,49,22,3.307167,3.774429,1451,10.5662
8325,22,1,3.018185,4.048814,1449,10.5980
8326,1,53,2.176922,2.894470,1449,10.8353
8327,53,63,2.015749,2.186856,1430,10.6137
8328,63,32,3.233809,3.368750,1451,10.6708
8329,32,54,2.536469,2.568130,1413,10.5299
8330,54,63,1.360280,1.513368,1460,10.7145
8331,63,47,3.653613,3.793924,1454,10.7257
8332,47,24,3.482046,3.847818,1454,10.5574
8333,24,23,2.684976,2.450522,1449,10.6303
8334,23,4,1.937916,2.706857,1466,10.6559
8335,4,49,2.521777,2.293683,1465,10.5463
8336,49,40,1.859963,2.575885,1486,10.6185
8337,40,47,4.185230,3.746730,1474,10.5357
8338,47,23,2.138744,2.327276,1444,10.6226
8339,23,40,1.776458,2.323364,1441,10.5867
8340,40,48,3.933125,4.456205,1462,10.6675
8341,48,24,3.089635,2.831890,1448,10.6010
8342,24,23,2.301271,2.389135,1454,10.5436
8343,23,4,2.026099,2.781679,1463,10.5925
8344,4,49,2.442407,2.270603,1476,10.5802
8345,49,40,1.616844,2.456405,1467,10.6198
8346,40,62,4.065219,3.959159,1476,10.5039
8347,62,58,2.291476,2.192401,1454,10.6978
8348,58,4,2.832708,3.384956,1460,10.7860
8349,4,49,2.314872,2.184660,1471,10.5695
8350,49,55,4.426852,4.764106,1450,10.4858
8351,55,20,3.255376,2.887210,1457,10.7885
8352,20,24,5.579895,4.501597,1236,10.2176
8353,24,23,2.320776,2.442346,1443,10.5812
8354,23,40,1.738696,2.308853,1451,10.6454
8355,40,47,4.253680,3.731222,1487,10.8024
8356,47,24,3.337060,3.772479,1445,10.5983
8357,24,0,4.457844,4.389959,1472,10.6266
8358,0,44,3.018789,2.783790,1475,10.7829
8359,44,62,3.530780,3.458613,1434,10.6953
8360,62,26,2.931775,3.436151,1445,10.6662
8361,26,51,1.946094,1.903740,1433,10.6119
8362,51,1,2.730858,3.061579,1430,10.6252
8363,1,52,3.736814,4.229888,1479,10.7988
8364,52,21,3.465177,3.215501,1468,10.6171
8365,21,35,2.949239,2.984179,1199,10.1581
8366,35,53,4.467895,4.081975,1343,10.3743
8367,53,63,1.603878,2.020011,1456,10.6958
8368,63,47,4.527324,3.828837,1451,10.6106
8369,47,23,1.971796,2.279443,1454,10.6233
8370,23,4,1.954085,2.801588,1444,10.6429
8371,4,49,2.191877,2.132475,1478,10.5702
8372,49,22,3.400868,4.038495,1462,10.6022
8373,22,33,3.377626,3.756990,1448,10.5901
8374,33,13,6.601674,5.338364,1446,10.6136
8375,13,12,1.664967,1.513698,446,4.8626
8376,12,13,1.827031,1.736547,1381,10.5844
8377,13,12,1.488162,1.413900,1458,10.8034
8378,12,13,1.667032,1.632337,1471,10.6807
8379,13,12,1.365284,1.348725,1399,10.3905
8380,12,13,1.665360,1.534551,1435,10.8091
8381,13,12,1.354538,1.286038,1469,10.7117
8382,12,13,1.522747,1.436586,1479,10.6607
8383,13,12,1.206641,1.237957,1490,10.5774
8384,12,13,1.384077,1.356257,1476,10.7608
8385,13,23,4.397740,4.473804,1444,10.6125
8386,23,40,1.826833,2.324360,1456,10.6199
8387,40,47,4.296437,3.661825,1444,10.6432
8388,47,23,2.317586,2.168539,1446,10.6700
8389,23,40,1.668309,2.256092,1456,10.6412
8390,40,48,3.951782,4.518135,1450,10.6653
8391,48,22,1.903289,2.061831,1449,10.6084
8392,22,26,5.888043,5.679402,1490,10.6138
8393,26,51,1.804624,1.845320,1448,10.6255
8394,51,1,2.614518,2.993735,1449,10.6490
8395,1,14,2.374786,2.513494,1449,10.6702
8396,14,45,2.768765,2.805136,1462,10.5219
8397,45,49,6.692733,5.643335,1367,10.7547
8398,49,55,4.427089,4.480132,1465,10.6516
8399,55,20,3.100022,2.875096,1456,10.6157
8400,20,31,7.268064,7.000464,1462,10.6259
8401,31,62,2.478163,2.637221,1076,8.4967
8402,62,30,3.368678,3.046453,1461,10.5985
8403,30,0,3.380855,3.541969,1453,10.6915
8404,0,26,2.419981,2.473154,1461,10.6825
8405,26,51,1.831654,1.803169,1443,10.9879
8406,51,1,2.366105,2.900711,1448,10.6485
8407,1,53,2.728320,3.050083,1461,10.6576
8408,53,62,5.810448,5.313289,1472,10.5859
8409,62,58,2.362458,2.184065,1476,10.5861
8410,58,56,3.792469,3.210472,1354,10.2689
8411,56,24,4.747716,5.136175,1466,10.7920
8412,24,23,2.554899,2.326382,1467,10.6499
8413,23,4,2.169146,2.903306,1452,10.6263
8414,4,49,2.506350,2.233622,1460,10.5625
8415,49,22,3.117989,3.854677,1488,10.7829
8416,22,1,3.433160,4.134663,1463,10.6148
8417,1,14,2.558397,2.511044,1450,10.6200
8418,14,57,3.131183,3.557841,1449,10.6380
8419,57,34,3.171149,2.672281,1450,10.6741
8420,34,27,4.269612,4.010076,1443,10.6066
8421,27,19,3.600975,3.649118,1267,10.3806
8422,19,46,3.371066,3.540096,1158,9.5134
8423,46,0,5.612609,5.206177,1214,10.1154
8424,0,44,3.029966,2.731626,1465,10.6184
8425,44,47,6.008142,5.760421,1261,10.1613
8426,47,23,1.993837,2.079356,1460,10.6259
8427,23,40,1.660378,2.338545,1474,10.6263
8428,40,47,3.898412,3.569423,1454,10.6625
8429,47,33,4.145991,4.187002,1484,10.6504
8430,33,13,6.493832,5.502052,1451,10.6265
8431,13,12,1.095897,1.271890,1470,10.5988
8432,12,13,1.560569,1.434143,1069,9.1478
8433,13,12,1.258789,1.225896,1454,10.7189
8434,12,25,2.930435,3.402393,1447,10.6546
8435,25,41,4.280938,3.993372,1099,8.9200
8436,41,13,3.117274,3.199967,1446,10.6268
8437,13,23,4.858309,4.243045,1469,10.6876
8438,23,41,4.459250,4.574343,1451,10.5816
8439,41,50,3.569033,3.187817,1445,10.6343
8440,50,23,3.122658,3.440239,1453,10.6051
8441,23,40,1.633385,2.254786,1447,10.7041
8442,40,47,3.591511,3.397449,1457,10.7166
8443,47,24,3.589796,3.693679,1470,10.7005
8444,24,0,4.626345,4.408174,1487,10.5591
8445,0,26,2.413514,2.463503,1466,10.6454
8446,26,51,1.977757,1.797593,1478,10.6538
8447,51,1,2.307814,2.850553,1468,10.6596
8448,1,52,3.728997,4.394778,1454,10.6436
8449,52,21,3.189920,3.183096,1442,10.7645
8450,21,59,3.428891,3.823465,1454,10.6722
8451,59,58,6.450552,6.164520,621,6.9750
8452,58,4,2.560130,3.368067,1457,10.7960
8453,4,49,2.421901,2.184509,1464,10.6705
8454,49,55,4.151011,4.456426,1463,10.6363
8455,55,41,5.064199,4.617081,1455,10.7500
8456,41,50,3.493753,3.134904,1483,10.6896
8457,50,23,3.063791,3.380311,1444,10.5886
8458,23,40,1.619907,2.211675,1471,10.6687
8459,40,47,3.610618,3.229262,1454,10.6374
8460,47,23,2.228970,1.970964,1468,10.5998
8461,23,4,2.125653,2.923719,1449,10.5845
8462,4,49,2.402009,2.140760,1437,10.5169
8463,49,22,3.352751,3.875120,1458,10.6403
8464,22,26,5.430626,5.502498,1494,10.6402
8465,26,51,1.898313,1.760778,1399,10.5230
8466,51,1,2.228389,2.757976,1451,10.6252
8467,1,52,3.743173,4.303446,1438,10.5654
8468,52,21,3.294623,3.188628,1466,10.7119
8469,21,59,3.268404,3.797052,1367,10.4031
8470,59,8,3.037529,3.009493,1293,10.5608
8471,8,46,1.986394,2.057494,1455,10.7699
8472,46,26,4.831208,4.647556,1435,10.6691
8473,26,50,3.517673,3.368831,1475,10.6765
8474,50,23,2.901653,3.376095,1390,10.4602
8475,23,4,2.109793,2.766521,1472,10.7455
8476,4,36,3.603899,3.226264,1476,10.6413
8477,36,29,4.167354,3.769413,1433,10.8324
8478,29,2,4.102717,4.040656,1375,10.4040
8479,2,15,3.906018,4.079015,635,5.4448
8480,15,2,3.809087,4.004308,1364,10.4386
8481,2,33,4.693722,4.612670,815,6.8506
8482,33,17,2.727942,2.722332,1459,10.7124
8483,17,61,3.270635,3.135399,1264,9.9512
8484,61,30,4.506758,4.122719,1466,10.6642
8485,30,62,2.585423,2.660299,1450,10.6160
8486,62,58,2.773851,2.301300,1454,10.5897
8487,58,54,5.101635,4.321639,1453,10.7475
8488,54,35,2.225845,2.481384,1448,10.9202
8489,35,46,2.373017,2.579737,1432,10.6982
8490,46,0,5.419158,5.209116,1272,10.2099
8491,0,26,2.564776,2.445131,1472,10.6786
8492,26,50,3.400275,3.262753,1468,10.7129
8493,50,23,3.058371,3.379731,1467,10.6405
8494,23,4,1.909038,2.626233,1348,10.2334
8495,4,49,2.317315,2.147758,1434,10.6625
8496,49,40,1.840521,2.681944,1451,10.6009
8497,40,62,3.809609,4.106361,1393,10.2952
8498,62,58,2.520339,2.252439,1446,10.6692
8499,58,4,2.972838,3.239037,1454,10.5849
8500,4,36,3.404252,3.144306,1444,10.5775
8501,36,23,2.962071,3.688056,1464,10.6168
8502,23,40,1.916230,2.350229,1448,10.5690
8503,40,48,4.151692,4.464363,1488,10.6265
8504,48,22,1.884198,2.037464,1446,10.6521
8505,22,1,3.960342,4.142027,1497,10.6762
8506,1,53,2.680793,3.114535,1332,10.2204
8507,53,63,1.661010,2.156467,1424,10.5776
8508,63,47,4.326465,4.006495,1466,10.7116
8509,47,33,4.070017,4.140763,1479,10.7625
8510,33,13,6.481532,5.305586,1468,10.6948
8511,13,56,3.233309,3.665316,1427,10.6150
8512,56,24,4.767527,5.084775,1464,10.9439
8513,24,48,2.778119,2.660915,1471,10.6332
8514,48,24,3.232599,2.834965,1457,10.6134
8515,24,0,4.566266,4.389090,1469,10.6243
8516,0,26,2.465819,2.420654,1463,10.6565
8517,26,50,3.259994,3.148819,1436,10.5645
8518,50,57,5.433985,4.820438,1471,10.7543
8519,57,9,3.096884,3.185909,1118,9.3966
8520,9,52,3.601853,3.490758,512,5.6938
8521,52,54,3.021033,3.772770,1442,10.7617
8522,54,35,2.074299,2.399729,1462,10.7325
8523,35,10,2.835211,2.956446,1007,8.4648
8524,10,25,3.153589,2.990955,1456,10.6065
8525,25,41,3.951372,4.022505,1454,10.6603
8526,41,13,3.218984,3.137537,1444,10.6741
8527,13,12,1.403566,1.377129,1446,10.6375
8528,12,13,1.656037,1.503348,1451,10.5501
8529,13,12,1.302836,1.312232,1475,10.6708
8530,12,13,1.490501,1.417155,1453,10.6000
8531,13,12,1.280585,1.259936,1456,10.5561
8532,12,13,1.444502,1.342553,1460,10.5985
8533,13,12,1.257763,1.214511,1415,10.5165
8534,12,13,1.305697,1.272779,1470,10.5392
8535,13,23,4.419803,4.436246,1463,10.5471
8536,23,4,2.014385,2.593434,1429,10.7452
8537,4,49,2.452388,2.197692,1443,10.5273
8538,49,22,3.128208,3.859794,1470,10.7308
8539,22,1,3.686628,4.012034,1447,10.6368
8540,1,14,2.331259,2.593952,980,8.0268
8541,14,45,2.826540,2.819348,1098,8.9669
8542,45,26,6.963951,6.437291,1156,9.2202
8543,26,51,1.771164,1.826214,1074,9.2975
8544,51,8,4.883199,4.469382,1405,10.6260
8545,8,59,2.919203,2.906393,1110,9.0332
8546,59,54,3.916119,3.964493,746,8.8511
8547,54,37,3.718007,3.860086,1456,10.6693
8548,37,10,2.982476,3.115946,1377,10.4566
8549,10,25,3.067361,2.926208,1451,10.6551
8550,25,8,3.525100,3.205271,1449,10.5732
8551,8,46,1.969938,2.048826,1443,10.6907
8552,46,52,5.735602,5.253870,1460,10.6894
8553,52,54,2.859653,3.602201,1207,9.6350
8554,54,63,1.724142,1.693037,1466,10.6087
8555,63,54,1.904340,1.926054,1481,10.5959
8556,54,37,3.570982,3.846425,1472,10.6378
8557,37,31,3.156440,2.971659,1137,9.4021
8558,31,41,3.778259,3.826166,1468,10.7035
8559,41,5,4.254375,3.904275,1332,10.2947
8560,5,6,3.811164,3.548392,1448,10.7038
8561,6,26,5.242396,4.690753,691,5.7284
8562,26,50,3.154577,3.036799,1466,10.7384
8563,50,57,5.161328,4.766886,1451,10.6598
8564,57,34,2.845898,2.689496,629,5.9018
8565,34,16,3.447256,3.180453,1403,10.3903
8566,16,41,5.710121,5.245729,1342,10.4140
8567,41,13,2.511531,3.028735,1446,10.7047
8568,13,56,3.431626,3.776327,1466,10.6116
8569,56,42,5.629136,5.296152,1466,10.5990
8570,42,43,3.198442,3.019203,1358,10.3427
8571,43,44,5.204459,4.614343,1315,9.9640
8572,44,47,5.948130,5.630833,1370,10.5004
8573,47,23,2.089965,2.145334,1315,10.3766
8574,23,40,1.871830,2.363972,1465,10.6458
8575,40,47,3.532265,3.240168,1468,10.6743
8576,47,24,3.590475,3.600131,1453,10.6559
8577,24,23,2.319941,2.360848,1490,10.6518
8578,23,40,1.798781,2.272904,1466,10.7044
8579,40,62,4.376345,4.056652,1451,10.5733
8580,62,26,3.211537,3.637753,1463,10.6896
8581,26,50,3.135969,2.889262,1482,10.6435
8582,50,23,3.336493,3.596176,1430,10.5579
8583,23,41,4.283160,4.393043,1410,10.5301
8584,41,5,4.050073,3.832179,1485,10.5964
8585,5,28,3.798684,3.474141,1460,10.6888
8586,28,54,3.207331,3.970761,1458,10.6013
8587,54,35,2.178655,2.420782,1461,10.6271
8588,35,46,2.203085,2.590049,1471,10.6869
8589,46,52,5.366042,5.099086,1456,10.6591
8590,52,54,2.543904,3.366761,1357,10.5009
8591,54,35,2.023052,2.314041,1476,10.6680
8592,35,10,2.982206,2.897286,1315,10.1998
8593,10,12,4.733082,4.605720,1469,10.6747
8594,12,30,4.893135,4.964559,1464,10.5937
8595,30,62,2.611879,2.707452,1436,10.8457
8596,62,26,3.379390,3.517425,1474,10.6856
8597,26,51,2.175196,1.858677,1450,10.6413
8598,51,1,2.558708,2.825573,1465,10.5568
8599,1,14,2.317309,2.502645,1463,10.6032
8600,14,1,3.591734,2.059710,1396,10.5157
8601,1,52,3.811238,4.442594,1450,10.7027
8602,52,54,2.406745,3.330524,1453,10.5819
8603,54,63,1.829491,1.771947,1455,10.7430
8604,63,47,3.763641,3.922577,1478,10.6286
8605,47,23,1.744361,2.117508,1456,10.5970
8606,23,40,1.842432,2.252410,1457,10.8047
8607,40,47,3.366560,3.263802,1469,10.5618
8608,47,23,1.850840,1.985274,1456,10.6096
8609,23,40,1.665625,2.195948,1440,10.5895
8610,40,62,4.139978,3.909208,1453,10.6337
8611,62,26,3.232700,3.480067,1465,10.6854
8612,26,51,1.833535,1.772875,1472,10.6647
8613,51,1,2.520835,2.830268,1454,10.6687
8614,1,53,2.495460,3.147650,1444,10.7131
8615,53,62,5.619587,5.108848,1389,10.4470
8616,62,30,3.440491,3.164733,1445,10.6589
8617,30,37,4.540753,4.337462,1464,10.6118
8618,37,31,3.259867,2.875930,1481,10.6812
8619,31,62,2.622929,2.823930,1451,10.7029
8620,62,58,2.741175,2.421652,1471,10.5970
8621,58,4,3.299931,3.278258,1472,10.5578
8622,4,49,2.454468,2.204865,1486,10.6277
8623,49,40,1.606102,2.494173,1455,10.6094
8624,40,62,4.128460,3.821210,1470,10.7357
8625,62,58,2.479740,2.363968,1460,10.6946
8626,58,56,3.662875,3.164111,1451,10.5678
8627,56,42,5.210264,5.202355,1467,10.6357
8628,42,48,2.876869,3.361468,1151,9.5788
8629,48,22,1.834205,2.009657,1465,10.6140
8630,22,33,3.667274,3.957817,1465,10.6174
8631,33,17,2.809762,2.677820,1451,10.6057
8632,17,61,3.230426,3.076679,1458,10.5904
8633,61,30,4.477519,4.111811,1462,10.6215
8634,30,0,3.633958,3.673216,1453,10.5924
8635,0,44,3.077474,2.888476,1449,10.6885
8636,44,62,3.929483,3.821322,1448,10.6387
8637,62,58,2.332317,2.236116,1465,10.6113
8638,58,54,5.440818,4.682794,1449,10.5731
8639,54,35,2.028415,2.263475,662,6.4820
8640,35,46,2.376111,2.594991,1235,9.9485
8641,46,26,4.749530,4.724866,1298,10.2443
8642,26,50,3.034496,2.850722,1465,10.6979
8643,50,57,5.519936,4.757615,1490,10.6707
8644,57,9,3.223504,3.255165,715,8.0409
8645,9,9,2.390196,1.125165,1426,10.5799
8646,9,9,1.605506,0.999772,1474,10.7069
8647,9,52,3.077152,3.484009,1441,10.6447
8648,52,21,3.512313,2.969175,1455,10.6776
8649,21,59,3.654326,3.781916,1447,10.6011
8650,59,54,3.528858,3.868986,1366,10.3973
8651,54,37,3.554551,3.756665,1453,10.6908
8652,37,40,6.044547,6.126729,1465,10.6216
8653,40,62,3.926721,3.536996,1448,10.6670
8654,62,30,3.315706,3.168183,1461,10.6544
8655,30,37,4.948717,4.362681,1443,10.7253
8656,37,31,3.059800,2.788209,1444,10.6403
8657,31,62,2.612071,2.897470,1468,10.6310
8658,62,58,2.388661,2.211983,1437,10.5590
8659,58,54,5.246733,4.679621,1491,10.5752
8660,54,63,1.784352,1.846870,1466,10.6945
8661,63,54,2.023215,1.872542,1425,10.5615
8662,54,37,3.270446,3.660309,1489,10.6132
8663,37,40,5.802610,6.085455,1458,10.7977
8664,40,47,3.384239,2.964345,1354,10.4262
8665,47,24,3.291304,3.559985,1472,10.7076
8666,24,0,4.303770,4.347346,1369,10.4686
8667,0,44,3.046442,2.866090,1442,10.5879
8668,44,47,6.292585,5.685058,1443,10.6361
8669,47,23,1.830470,1.963086,1436,10.5673
8670,23,41,3.967684,4.326087,1460,10.6679
8671,41,13,2.382975,3.054123,1467,10.6598
8672,13,12,1.371026,1.405660,1421,10.6200
8673,12,13,1.411637,1.275475,1444,10.6601
8674,13,23,4.459747,4.444285,1453,10.6074
8675,23,41,3.916622,4.074712,1429,10.5685
8676,41,5,4.160255,3.827981,1481,10.6770
8677,5,59,3.645377,3.276244,1464,10.6669
8678,59,54,3.451207,3.901094,1428,10.6918
8679,54,63,1.738000,1.778973,653,5.9359
8680,63,54,1.748633,1.749737,1358,10.3337
8681,54,63,1.686203,1.668268,1437,10.6216
8682,63,32,3.561647,3.483486,1427,10.7212
8683,32,44,6.116230,5.516144,1185,9.7508
8684,44,62,3.099778,3.802725,1419,10.7850
8685,62,30,3.291988,3.060037,1497,10.7351
8686,30,0,3.394768,3.609242,1466,10.7483
8687,0,26,2.488562,2.548218,1448,10.5685
8688,26,51,2.111330,1.965317,1461,10.5654
8689,51,1,2.214050,2.716668,1490,10.6444
8690,1,14,1.963766,2.512506,1470,10.6412
8691,14,1,2.556193,2.017217,1456,11.0010
8692,1,53,2.795707,3.034376,1458,10.7027
8693,53,63,1.957911,2.428510,1420,10.5630
8694,63,47,4.641728,4.161030,1449,10.6935
8695,47,23,2.124763,2.015269,1454,10.6134
8696,23,40,1.855871,2.357424,1461,10.7198
8697,40,62,3.297607,3.328716,1438,10.6189
8698,62,58,2.389798,2.191616,1468,10.6056
8699,58,4,3.180500,3.313827,1464,10.6748
8700,4,49,2.576484,2.263194,1440,10.5697
8701,49,22,3.241367,3.698844,1442,10.6172
8702,22,26,5.528636,5.539900,1446,10.6847
8703,26,51,2.006345,1.923650,1470,10.6531
8704,51,8,4.652081,4.233373,1465,10.6022
8705,8,59,2.705435,2.924442,1457,10.7522
8706,59,8,3.503501,3.023784,1359,10.4238
8707,8,46,1.866172,2.033677,1410,10.5380
8708,46,26,4.853109,4.665631,1442,10.6046
8709,26,51,1.929947,1.848864,1226,9.4886
8710,51,1,2.597913,2.796671,1470,10.7172
8711,1,14,1.950100,2.453312,1465,10.7020
8712,14,57,3.225935,3.747597,1428,10.5729
8713,57,34,3.077084,2.680919,1448,10.5741
8714,34,16,3.113847,3.106675,1445,10.6317
8715,16,13,3.946195,4.602270,1463,10.6225
8716,13,12,1.826538,1.363793,1387,10.4813
8717,12,13,1.268524,1.228864,1446,10.6140
8718,13,23,4.408705,4.505627,1451,10.5848
8719,23,41,3.734450,3.888145,1440,10.6056
8720,41,5,3.976635,3.788210,1395,10.4422
8721,5,59,3.940897,3.250317,1464,10.6793
8722,59,8,2.824906,2.913374,1466,10.7497
8723,8,59,2.939897,2.693942,1449,10.6141
8724,59,54,3.798043,3.937743,1440,10.6322
8725,54,35,2.258331,2.418180,1452,10.7415
8726,35,46,2.309137,2.590375,1470,10.6889
8727,46,26,4.387320,4.520838,1468,10.7373
8728,26,50,3.028830,2.887915,1463,10.6239
8729,50,23,3.688240,3.806714,1484,10.6625
8730,23,40,1.701387,2.316040,1402,10.4615
8731,40,62,3.361801,3.239696,1413,10.4849
8732,62,58,2.544050,2.186187,1467,10.6312
8733,58,56,3.848102,3.198099,1473,10.5840
8734,56,24,5.009903,5.084213,1451,10.7143
8735,24,23,2.457055,2.355239,1469,10.6965
8736,23,40,1.741982,2.231745,1460,10.6556
8737,40,48,3.927949,4.520823,1449,10.5445
8738,48,55,3.063464,3.317130,1413,10.6437
8739,55,41,5.282559,4.599303,1459,10.6087
8740,41,13,2.897770,3.181290,1456,10.7072
8741,13,12,1.462298,1.380654,1447,10.5854
8742,12,13,1.279497,1.183692,1472,10.6304
8743,13,23,4.220348,4.394573,1444,10.5706
8744,23,40,1.552486,2.107214,1460,10.6702
8745,40,62,3.490030,3.191363,1439,10.7231
8746,62,30,3.312037,3.093626,1485,10.6668
8747,30,0,3.523169,3.571668,1460,10.6048
8748,0,44,3.026461,2.929732,1466,10.6401
8749,44,28,3.097978,2.738782,1470,10.6917
8750,28,53,3.691838,4.119735,1445,10.5987
8751,53,62,4.698092,4.955009,1426,10.5858
8752,62,26,3.821788,4.109543,1469,10.6926
8753,26,51,2.165777,1.869082,1469,10.6614
8754,51,1,2.008233,2.694685,1465,10.6720
8755,1,14,2.083364,2.401256,1433,10.6470
8756,14,1,2.853330,1.956033,1417,10.5325
8757,1,52,4.332769,4.505273,1490,10.6250
8758,52,54,2.800540,3.516592,1466,10.7504
8759,54,35,2.052267,2.298053,1448,10.5965
8760,35,10,2.924596,2.987962,1431,10.4964
8761,10,12,4.713757,4.435010,1446,10.6220
8762,12,13,1.145673,1.151466,1270,10.0368
8763,13,23,3.953505,4.236535,1310,10.3385
8764,23,40,1.512433,2.031061,1439,10.7323
8765,40,47,3.659916,3.297130,1454,10.6908
8766,47,23,2.104337,2.148664,1453,10.7434
8767,23,40,1.440281,1.978411,1440,10.5990
8768,40,62,3.283726,3.147472,1459,10.6637
8769,62,58,2.435641,2.284934,1465,10.6263
8770,58,54,5.909156,4.905381,1461,10.6821
8771,54,35,1.869162,2.164096,1449,10.5713
8772,35,53,4.722845,4.192486,1471,10.8371
8773,53,63,2.522423,2.318851,1463,10.7334
8774,63,47,4.548757,3.879998,1458,10.6384
8775,47,24,3.381817,3.608623,1452,10.6495
8776,24,48,2.856985,2.728353,1471,10.5877
8777,48,24,3.435908,2.833338,1319,9.9598
8778,24,48,2.768443,2.545472,1455,10.6498
8779,48,24,3.147023,2.662451,1446,10.5737
8780,24,0,4.289525,4.198753,1457,10.5877
8781,0,44,3.088684,2.913315,1476,10.6418
8782,44,28,2.818455,2.660974,1490,10.8482
8783,28,53,3.453760,4.038258,1413,10.6294
8784,53,62,5.305632,4.978918,1451,10.6382
8785,62,30,3.206463,3.083251,1467,10.6589
8786,30,0,3.188780,3.481758,1411,10.6440
8787,0,44,2.746900,2.829733,1445,10.6487
8788,44,28,2.648119,2.577954,1475,10.6038
8789,28,55,4.440199,4.115431,1460,10.8092
8790,55,13,5.449312,4.991435,1445,10.6107
8791,13,12,1.385794,1.468751,716,7.1259
8792,12,13,1.617984,1.223291,1388,10.4962
8793,13,12,1.483104,1.376004,1211,9.5513
8794,12,25,3.093158,3.311875,1380,10.4890
8795,25,60,4.174241,4.125836,1444,10.6543
8796,60,21,3.762098,3.894589,1454,10.6594
8797,21,59,3.747534,3.744592,1473,10.7431
8798,59,54,3.640612,3.895855,1444,10.6547
8799,54,63,1.775395,1.776043,1494,10.6696
8800,63,47,3.856927,3.726593,1457,10.6060
8801,47,23,1.857299,2.336729,1450,10.6776
8802,23,41,3.189171,3.822269,1459,10.6457
8803,41,13,2.678607,3.136444,1469,10.6457
8804,13,12,1.261456,1.307137,1474,10.7322
8805,12,13,1.282302,1.209215,1442,10.5794
8806,13,56,3.448137,3.854899,1460,10.5724
8807,56,24,4.676119,4.985842,1459,10.5740
8808,24,0,3.982893,3.978108,1437,10.6435
8809,0,48,3.780199,3.168504,1466,10.6744
8810,48,24,2.920077,2.546692,1306,10.1742
8811,24,23,2.564216,2.367040,1466,10.6676
8812,23,4,2.920042,3.511668,1475,10.5845
8813,4,36,3.634369,3.067027,1442,10.5601
8814,36,4,2.788597,2.522311,1450,10.5770
8815,4,49,2.888658,2.388693,1462,10.6047
8816,49,22,3.081129,3.661466,1440,10.5672
8817,22,1,3.737667,4.132462,1457,10.6360
8818,1,53,2.602334,3.043876,1462,10.6287
8819,53,63,1.919601,2.208773,1462,10.5909
8820,63,47,3.842289,3.561528,1387,10.4498
8821,47,24,3.416106,3.884220,1467,10.6317
8822,24,0,3.707711,3.934060,1431,10.6203
8823,0,26,2.616497,2.696476,1454,10.6682
8824,26,51,2.016202,1.878137,1469,10.7251
8825,51,8,4.596492,4.165035,1445,10.6830
8826,8,59,2.313440,2.713680,1058,8.6284
8827,59,58,6.770246,6.651668,920,8.5153
8828,58,54,5.906439,4.427972,1457,10.6128
8829,54,63,1.670299,1.686331,1453,10.7547
8830,63,47,3.611337,3.433074,1138,8.9509
8831,47,24,3.195414,3.855843,1447,10.6141
8832,24,48,2.570693,2.545900,1455,10.5762
8833,48,55,3.080875,3.340420,1476,10.6399
8834,55,20,3.100212,2.860568,1433,10.6923
8835,20,31,6.429286,6.591578,1059,8.3792
8836,31,62,3.119791,3.109819,1465,10.7257
8837,62,26,3.700049,3.936906,1454,10.6062
8838,26,51,1.920032,1.808899,1274,9.8879
8839,51,8,4.705849,3.999548,1467,10.5811
8840,8,46,1.966000,2.137950,1445,10.6643
8841,46,26,4.992298,4.396293,1322,10.3765
8842,26,50,3.025825,2.891887,1368,10.4680
8843,50,23,3.562756,3.883859,1358,10.3518
8844,23,40,1.693428,2.229461,1454,10.6651
8845,40,62,3.041809,3.096104,1435,10.5785
8846,62,26,3.406040,3.998975,1455,10.5911
8847,26,51,1.910619,1.759984,1453,10.6459
8848,51,1,2.564520,3.021637,1431,10.5619
8849,1,53,2.525480,2.884899,1465,10.6325
8850,53,63,1.611268,2.167143,1464,10.6543
8851,63,47,3.455641,3.268542,1454,10.6052
8852,47,33,4.474148,4.446095,1450,10.6523
8853,33,17,2.776401,2.657912,1459,10.6592
8854,17,37,4.744577,4.347349,1457,10.7599
8855,37,31,3.334741,2.888925,1460,10.6407
8856,31,62,2.818537,3.075349,1431,10.5700
8857,62,58,2.803480,2.438994,1474,10.5773
8858,58,56,3.661933,3.015224,1463,10.6339
8859,56,24,4.663642,4.928303,1373,10.4994
8860,24,0,3.960321,3.889248,1461,10.6142
8861,0,26,2.599339,2.676013,1475,10.6283
8862,26,50,2.968264,2.796127,1461,10.5596
8863,50,23,3.813590,3.886164,1487,10.5881
8864,23,4,2.573018,3.206640,1466,10.6075
8865,4,49,2.787419,2.351296,1419,10.5395
8866,49,22,3.108725,3.596733,1480,10.5769
8867,22,26,5.667204,5.519511,1434,10.7675
8868,26,51,1.788454,1.788613,1436,10.5340
8869,51,1,2.480159,2.946833,1459,10.5783
8870,1,14,2.182971,2.431685,1445,10.7212
8871,14,45,2.706925,3.045006,1482,10.6053
8872,45,0,6.848049,6.080054,1433,10.5591
8873,0,26,2.809425,2.641202,1444,10.5585
8874,26,51,1.797647,1.714247,1449,10.6661
8875,51,1,2.902379,2.888419,1457,10.5624
8876,1,53,1.955068,2.878059,1447,10.6603
8877,53,63,1.965883,2.164048,1469,10.6929
8878,63,32,3.931282,3.644188,1465,10.6508
8879,32,44,5.750429,5.430289,1435,10.5990
8880,44,62,3.906552,4.162316,1470,10.7761
8881,62,58,2.555726,2.329861,1464,10.5377
8882,58,54,5.192615,4.421250,1321,10.2267
8883,54,35,2.140741,2.323006,1453,10.5926
8884,35,10,2.876196,2.924202,1464,10.6305
8885,10,12,4.641004,4.367562,1457,10.6496
8886,12,13,1.240283,1.196533,1398,10.6242
8887,13,12,1.396590,1.387833,1115,9.0659
8888,12,13,1.327825,1.163000,1462,10.6143
8889,13,23,3.994890,4.368652,1454,10.5941
8890,23,40,1.862820,2.221136,1443,10.6822
8891,40,47,3.820375,3.628279,1445,10.6139
8892,47,23,3.239960,2.784275,1454,10.6335
8893,23,4,2.462976,3.138621,1441,10.6517
8894,4,31,4.491369,4.819620,1456,10.6186
8895,31,41,4.214076,3.978198,1447,10.5868
8896,41,13,2.599157,3.148093,1438,10.5819
8897,13,23,4.666220,4.248907,1446,10.6056
8898,23,41,3.431932,3.614952,1454,10.6200
8899,41,13,2.788683,3.108438,1461,10.5965
8900,13,23,4.192581,3.957392,1439,10.6753
8901,23,40,1.692994,2.238113,1454,10.6137
8902,40,48,3.767753,4.241454,1431,10.5376
8903,48,55,2.844841,3.222397,1446,10.5928
8904,55,41,5.130638,4.620224,1402,10.4862
8905,41,13,2.670806,3.118274,1455,10.5155
8906,13,12,1.404431,1.508677,1466,10.6729
8907,12,13,1.208524,1.127026,1462,10.6661
8908,13,12,1.560692,1.428976,1450,10.7040
8909,12,13,1.234746,1.088005,1456,10.5628
8910,13,12,1.431606,1.338565,1455,10.6049
8911,12,13,1.086050,1.055929,1443,10.5821
8912,13,12,1.278881,1.270191,1443,10.6561
8913,12,30,5.135963,5.228560,1476,10.6316
8914,30,62,2.578427,2.673702,1465,10.8068
8915,62,58,2.450313,2.228032,1475,10.8071
8916,58,54,5.414069,4.292606,1480,10.6553
8917,54,37,3.292188,3.513793,474,6.0199
8918,37,31,3.206566,2.857083,1324,10.2098
8919,31,41,4.193907,3.978197,1446,10.5613
8920,41,13,2.799962,3.155878,1454,10.6348
8921,13,12,1.170367,1.188050,1470,10.5699
8922,12,13,1.186821,1.111364,1384,10.4236
8923,13,12,1.196599,1.150437,1426,10.4850
8924,12,13,1.092362,1.077160,1450,10.5721
8925,13,12,1.116742,1.115303,1445,10.5537
8926,12,13,1.076128,1.053395,1466,10.6025
8927,13,56,3.774454,4.140264,1422,10.4931
8928,56,42,5.399700,5.142207,1448,10.6026
8929,42,43,3.061967,3.012263,1412,10.7304
8930,43,37,5.759490,5.211109,1475,10.6893
8931,37,40,5.990663,5.855036,1265,9.8080
8932,40,62,3.141476,2.995635,1461,10.7927
8933,62,58,2.317467,2.181052,1488,10.5866
8934,58,56,3.325053,3.096208,1454,10.6899
8935,56,24,4.657939,4.940796,1475,10.6774
8936,24,23,2.631235,2.402607,1457,10.7568
8937,23,4,2.467432,3.107326,1454,10.6310
8938,4,49,2.872926,2.401436,1447,10.5520
8939,49,22,3.145661,3.532312,1428,10.5427
8940,22,1,4.050319,4.190665,1461,10.7104
8941,1,52,3.877399,4.420804,1493,10.7561
8942,52,21,3.223112,3.092242,1217,9.9334
8943,21,35,2.515628,2.896099,857,7.9378
8944,35,46,2.711134,2.636690,1000,8.2495
8945,46,0,5.763588,5.842304,909,7.3193
8946,0,26,2.680988,2.585183,1472,10.5859
8947,26,17,4.850603,4.674202,1469,10.7091
8948,17,1,1.952323,2.398566,1464,10.7063
8949,1,53,2.040925,2.841319,1437,10.6322
8950,53,5,6.058728,5.512288,1457,10.6762
8951,5,59,4.421256,3.189171,1235,9.6378
8952,59,8,3.019635,2.962102,1417,10.6719
8953,8,46,2.037853,2.046805,1435,10.6277
8954,46,0,5.812770,5.693379,1465,10.6687
8955,0,44,3.201262,3.052364,1439,10.6239
8956,44,28,2.837588,2.508530,1450,10.5933
8957,28,53,3.835397,4.033031,1472,10.6102
8958,53,63,2.043443,2.211326,1465,10.5896
8959,63,32,3.310817,3.398970,574,5.2785
8960,32,44,5.769545,5.427420,1333,10.0249
8961,44,28,2.532929,2.401419,1466,10.6582
8962,28,54,3.689216,3.970575,1465,10.7596
8963,54,37,3.248445,3.458446,1450,10.6093
8964,37,40,5.452845,5.785653,1449,10.6235
8965,40,48,3.574381,4.067086,1064,8.5788
8966,48,22,1.946591,2.261944,1447,10.6867
8967,22,33,3.593161,4.028746,1408,10.4434
8968,33,13,7.063202,5.518499,1459,10.6819
8969,13,12,1.167774,1.117827,1014,8.3063
8970,12,13,1.325862,1.181636,1277,10.4054
8971,13,56,3.299396,3.750753,1320,10.2930
8972,56,17,5.800991,5.570411,1458,10.6554
8973,17,61,3.398433,3.036488,1472,10.8039
8974,61,30,4.635187,4.102792,1458,10.6638
8975,30,0,3.400038,3.627885,1452,10.6295
8976,0,26,2.402472,2.470350,1463,10.6284
8977,26,50,2.912098,2.815416,1441,10.6771
8978,50,3,5.182119,4.760466,1468,10.6343
8979,3,52,3.269369,3.790582,1166,9.6045
8980,52,21,3.356101,2.985790,1055,9.5403
8981,21,4,6.333800,5.771892,1374,10.3618
8982,4,49,2.474727,2.313245,1118,8.8831
8983,49,22,2.563001,3.402035,1452,10.8208
8984,22,1,3.693564,4.061853,1464,10.6875
8985,1,52,3.590350,4.262060,1473,10.7340
8986,52,21,3.098591,2.955254,1455,10.8693
8987,21,4,6.286985,5.739490,1277,10.0537
8988,4,49,2.579214,2.245897,1470,10.6291
8989,49,40,2.211172,2.994610,1464,10.6172
8990,40,47,3.669771,3.247018,1445,10.6464
8991,47,24,4.498356,3.824141,1456,10.6158
8992,24,23,2.692605,2.360091,1469,10.6004
8993,23,4,2.579690,3.158446,1494,10.6647
8994,4,49,2.430516,2.189359,1482,10.6512
8995,49,40,2.068489,2.916106,1481,10.6162
8996,40,62,3.152613,2.950819,1434,10.5637
8997,62,26,3.360206,3.811690,1471,10.7117
8998,26,50,2.814112,2.687833,1456,10.6364
8999,50,57,5.696196,4.875369,1444,10.6521
9000,57,9,3.053393,3.174878,1446,10.6548
9001,9,9,1.595569,0.906631,1044,8.2971
9002,9,7,3.767613,3.768067,1103,8.6673
9003,7,57,4.903340,4.104808,1375,10.5648
9004,57,34,2.888189,2.676656,1437,10.7087
9005,34,16,3.260987,3.014434,1439,10.6644
9006,16,13,4.234763,4.710145,1436,10.6213
9007,13,12,1.178732,1.119527,1461,10.7114
9008,12,13,1.243038,1.168654,1501,10.6353
9009,13,12,1.117397,1.089798,1455,10.7891
9010,12,13,1.179023,1.125002,1466,10.6272
9011,13,23,4.174597,4.235692,1440,10.6710
9012,23,40,1.849978,2.291494,1460,10.6715
9013,40,47,3.584988,3.241531,1460,10.6997
9014,47,23,3.301758,2.728525,1452,10.7018
9015,23,40,1.738439,2.199136,1455,10.6638
9016,40,47,3.485755,3.160756,1466,10.6174
9017,47,33,4.319672,4.329659,1478,10.6658
9018,33,13,6.938494,5.533583,1478,10.6739
9019,13,56,3.153214,3.605365,1469,10.7504
9020,56,17,5.496001,5.455710,1358,10.2626
9021,17,1,2.220431,2.451850,1463,10.7262
9022,1,52,3.677444,4.149860,1491,10.6802
9023,52,21,2.945696,2.953633,1436,10.5633
9024,21,35,2.527061,2.840667,1464,10.7354
9025,35,10,2.635480,2.840262,1368,10.3424
9026,10,25,2.960827,3.000433,1422,10.5486
9027,25,8,3.598284,3.205233,1463,10.5855
9028,8,46,1.937306,2.015284,1475,10.7617
9029,46,0,5.636210,5.481537,1453,10.5959
9030,0,26,2.298115,2.359657,709,6.2888
9031,26,51,2.095143,1.920528,1458,10.7598
9032,51,1,2.693692,2.849680,1455,10.7199
9033,1,14,2.422107,2.663921,1467,10.6463
9034,14,57,3.337283,3.827922,1440,10.6853
9035,57,34,2.806607,2.591697,1349,10.4468
9036,34,16,3.017380,2.929060,1472,10.7261
9037,16,13,4.279722,4.707395,1474,10.8276
9038,13,12,1.210562,1.164535,620,6.7052
9039,12,13,1.302323,1.238291,1454,10.9029
9040,13,12,1.143596,1.128577,1474,10.7096
9041,12,13,1.233038,1.185348,1249,9.6854
9042,13,12,1.081884,1.100289,1479,11.0013
9043,12,13,1.183676,1.140416,1475,10.6711
9044,13,12,1.047862,1.078282,1489,10.6311
9045,12,25,3.673727,3.801525,1442,10.6832
9046,25,41,4.325889,4.302643,1461,10.7483
9047,41,13,3.677552,3.321644,1465,10.6374
9048,13,23,3.728738,4.031614,1450,10.6849
9049,23,4,2.592674,3.182547,1455,10.6657
9050,4,49,2.638008,2.213183,1462,10.5555
9051,49,40,1.817206,2.705440,1444,10.6348
9052,40,48,3.856248,4.195791,1478,10.5999
9053,48,22,1.916647,2.222043,1465,10.7943
9054,22,33,3.428549,4.016727,1464,10.6452
9055,33,13,7.347144,5.408509,1472,10.6549
9056,13,23,3.539602,3.610253,1437,10.7110
9057,23,4,2.449118,3.068902,1468,10.6627
9058,4,36,3.721255,3.285258,1473,10.6218
9059,36,23,3.010133,3.896206,1474,10.6922
9060,23,41,3.484056,3.705754,1448,10.5819
9061,41,5,4.242878,3.904196,1497,10.6237
9062,5,59,3.949110,3.193918,1468,10.6497
9063,59,54,3.655512,4.075695,1414,10.5330
9064,54,63,2.063502,2.035509,820,8.1072
9065,63,47,3.799185,3.399107,1236,10.0107
9066,47,24,3.357750,3.692192,1471,10.6407
9067,24,48,2.474103,2.546792,1456,10.6400
9068,48,55,2.997072,3.271253,1474,10.6811
9069,55,41,5.496042,4.675137,1469,10.7276
9070,41,50,3.425257,3.210166,1466,10.6714
9071,50,23,4.242134,4.127891,1456,10.6534
9072,23,41,2.978316,3.464578,1453,10.5787
9073,41,50,3.246533,3.152850,1456,10.6711
9074,50,3,5.098905,4.794043,1469,10.6998
9075,3,52,3.235404,3.818749,1494,10.6689
9076,52,54,3.617449,4.110990,1333,10.3337
9077,54,37,3.145678,3.369385,1451,10.7492
9078,37,40,6.160646,5.890230,1465,10.6064
9079,40,62,3.116355,2.902764,1455,10.6918
9080,62,58,2.772964,2.340915,1452,10.6722
9081,58,4,3.057891,3.415239,1454,10.6629
9082,4,49,2.489206,2.208757,1460,10.5773
9083,49,40,2.046920,2.849130,1447,10.5761
9084,40,62,2.863593,2.803498,1453,10.5930
9085,62,58,2.478572,2.283929,1470,10.5837
9086,58,4,2.902177,3.305473,1435,10.6164
9087,4,49,2.369865,2.143356,1459,10.5636
9088,49,22,2.986544,3.646529,1458,10.6241
9089,22,33,3.369073,3.906673,1389,10.5138
9090,33,13,6.895637,5.298197,1473,10.6832
9091,13,12,1.094014,1.171372,1474,10.6454
9092,12,13,1.473609,1.455084,919,8.4653
9093,13,56,3.104582,3.528382,1425,10.5926
9094,56,17,5.192256,5.233182,1167,9.2539
9095,17,61,3.217513,2.992956,1471,10.6290
9096,61,43,3.203520,3.429298,1452,10.7128
9097,43,20,2.446889,2.423748,1361,10.3340
9098,20,32,4.047196,4.613909,1436,10.5775
9099,32,44,5.252713,5.200927,659,6.6229
9100,44,62,4.352098,4.337809,1479,10.7432
9101,62,30,3.766380,3.349368,1473,10.6386
9102,30,37,4.908414,4.473444,1444,10.5942
9103,37,31,3.387942,2.809900,1479,10.8829
9104,31,41,3.960150,3.990944,1456,10.6504
9105,41,50,3.506507,3.039074,1455,10.7600
9106,50,57,5.646375,4.947383,1469,10.5682
9107,57,34,2.590386,2.588744,655,5.7153
9108,34,16,3.116722,2.834400,1470,10.7956
9109,16,16,2.464234,1.633874,1249,9.9485
9110,16,13,5.038304,4.839403,1159,9.7056
9111,13,12,1.135886,1.186054,1437,10.5826
9112,12,13,1.477300,1.425313,1463,10.6301
9113,13,12,1.153132,1.145533,1433,10.5452
9114,12,13,1.397518,1.345275,1460,10.6525
9115,13,12,1.103523,1.113390,1418,10.5378
9116,12,25,3.382478,3.500238,1499,10.6261
9117,25,60,4.038180,4.075710,1483,10.7165
9118,60,21,3.809538,3.939170,1433,10.5947
9119,21,35,2.482154,2.808553,1425,10.7040
9120,35,10,2.800008,2.790914,1464,10.6389
9121,10,25,3.338876,2.960431,1480,10.5973
9122,25,8,3.254595,3.211561,1446,10.6555
9123,8,46,1.879052,2.001458,1453,10.5730
9124,46,0,5.448672,5.190803,1449,10.5649
9125,0,26,2.357257,2.391766,1429,10.8820
9126,26,50,2.604207,2.529188,1418,10.6199
9127,50,23,3.839317,4.021153,1456,10.5872
9128,23,40,1.979118,2.421142,854,7.4645
9129,40,48,3.748581,3.936974,1465,10.7091
9130,48,22,1.783573,2.202026,638,7.2397
9131,22,1,3.989756,3.969472,1413,10.5833
9132,1,14,2.342678,2.456049,1449,10.6805
9133,14,57,3.150111,3.759997,1447,10.6535
9134,57,34,2.588123,2.492072,1366,10.4341
9135,34,16,2.733385,2.710521,1463,10.6071
9136,16,13,4.255163,4.862011,1444,10.6567
9137,13,12,1.083560,1.091088,1465,10.6988
9138,12,13,1.438648,1.369429,1466,10.7506
9139,13,12,1.041239,1.068294,1462,10.6483
9140,12,13,1.310405,1.293051,1472,10.6584
9141,13,23,3.801910,3.875833,1455,10.6824
9142,23,41,3.043959,3.253963,1446,10.7301
9143,41,13,3.074049,3.563867,1460,10.7027
9144,13,12,1.047304,1.118038,1461,10.6589
9145,12,13,1.260797,1.197496,1456,10.5564
9146,13,23,3.611426,3.681090,1473,10.5984
9147,23,4,2.458950,3.042851,1455,10.6704
9148,4,49,2.502345,2.135962,1449,10.5601
9149,49,55,4.276987,4.834535,1471,10.7169
9150,55,20,3.049801,2.880347,1375,10.4104
9151,20,31,6.842760,6.562023,1470,10.6815
9152,31,62,3.493406,3.202407,1390,10.5214
9153,62,30,3.546073,3.220801,1471,10.6935
9154,30,0,3.529069,3.706792,1444,10.8020
9155,0,44,3.154907,3.113058,1276,10.0116
9156,44,47,6.088960,5.486130,1478,10.7536
9157,47,23,4.105086,3.043511,437,5.6867
9158,23,4,2.349922,2.882819,1483,10.6879
9159,4,49,2.262409,2.059159,1460,10.6032
9160,49,22,2.834553,3.622029,1465,10.8763
9161,22,26,5.853667,5.205391,1460,10.7655
9162,26,50,2.553940,2.468564,1470,10.7071
9163,50,23,3.543581,4.061272,1464,10.6791
9164,23,40,2.192174,2.541601,1476,10.5947
9165,40,47,3.388313,3.231581,1455,10.6089
9166,47,24,3.856242,3.476544,1416,10.4978
9167,24,48,2.618557,2.554883,1455,10.6035
9168,48,24,3.401462,2.698744,1466,10.6144
9169,24,23,2.862986,2.599305,1451,10.6912
9170,23,41,2.933436,3.237591,1450,10.5884
9171,41,13,3.388250,3.471328,1438,10.5844
9172,13,56,3.411030,3.724109,1456,10.6672
9173,56,17,5.324201,5.066925,1452,10.7057
9174,17,61,3.124976,2.923166,1481,10.7046
9175,61,59,5.053543,5.006289,1430,10.6386
9176,59,54,3.196636,4.004493,766,7.4395
9177,54,35,2.239741,2.336066,1097,9.6607
9178,35,46,2.339444,2.594650,987,8.6195
9179,46,0,5.000846,5.096517,1066,8.6314
9180,0,26,2.285408,2.352906,1462,10.7239
9181,26,51,2.219826,2.079184,1463,10.5800
9182,51,1,2.795077,2.833041,1473,10.7116
9183,1,53,2.401482,3.015983,1450,10.5940
9184,53,5,5.608491,5.032958,1442,10.7063
9185,5,59,3.965951,3.138374,1271,9.9912
9186,59,8,2.751326,2.885427,1416,10.6054
9187,8,46,1.760794,1.906760,1453,10.6540
9188,46,0,5.015141,4.962214,1458,10.5785
9189,0,26,2.213803,2.312217,1464,10.7874
9190,26,51,1.962695,1.981186,1473,10.5896
9191,51,1,3.049172,2.754512,1458,10.6253
9192,1,52,4.078492,4.073507,1469,10.6761
9193,52,25,6.274809,6.391588,1456,10.6933
9194,25,41,4.034898,4.265122,1412,10.6992
9195,41,5,4.244269,4.026199,1476,10.7087
9196,5,59,3.716967,3.145762,1439,10.6748
9197,59,54,3.818141,3.997324,1464,10.6299
9198,54,37,3.095840,3.353739,1440,10.5877
9199,37,31,3.231907,2.846539,1450,10.6166
9200,31,62,2.656373,3.150272,1473,10.6710
9201,62,58,2.696305,2.265899,1456,10.6828
9202,58,54,5.077958,4.358707,1463,10.5496
9203,54,35,2.197052,2.307592,1447,10.6203
9204,35,10,2.617805,2.784421,1437,10.6229
9205,10,1,5.474841,5.657397,1451,10.6041
9206,1,53,2.670383,2.852302,1463,10.5478
9207,53,62,5.028414,4.849262,1448,10.5947
9208,62,58,2.392635,2.163374,1486,10.6699
9209,58,4,2.943468,3.222350,1451,10.5302
9210,4,36,3.730688,3.332080,1450,10.6135
9211,36,29,4.244218,3.716419,1439,10.8291
9212,29,60,3.946650,3.963607,1035,9.0473
9213,60,45,4.325373,4.315432,546,5.3445
9214,45,26,6.942544,6.082416,774,6.1436
9215,26,51,2.060838,1.949156,1472,10.6915
9216,51,1,2.536036,2.628345,1430,10.6966
9217,1,14,2.492779,2.627354,1451,10.6763
9218,14,45,3.193356,3.150599,1445,10.6201
9219,45,26,6.964829,6.021516,1459,10.6283
9220,26,51,1.995663,1.898893,1447,10.5659
9221,51,8,4.445795,4.005699,1440,10.9006
9222,8,46,1.730258,1.937425,1469,10.6954
9223,46,26,5.208128,4.959678,1354,10.2514
9224,26,50,2.572422,2.578989,1458,10.6404
9225,50,23,3.519442,3.999008,1468,10.6516
9226,23,41,2.783494,3.012346,1465,10.8579
9227,41,5,4.096931,3.947808,1428,10.7157
9228,5,6,3.863425,3.635520,1465,10.7043
9229,6,51,5.443299,4.873916,1127,9.3463
9230,51,1,2.406858,2.525769,1464,10.6663
9231,1,53,2.300645,2.828819,1464,10.5937
9232,53,63,2.234268,2.563302,1459,10.6627
9233,63,47,3.554406,3.223404,1478,10.7433
9234,47,24,3.045026,3.446335,1452,10.5984
9235,24,23,2.814238,2.503222,1461,10.6836
9236,23,40,2.234913,2.553918,1456,10.6031
9237,40,62,3.292862,3.121486,1447,10.5559
9238,62,58,2.503539,2.155506,1433,10.6852
9239,58,4,2.805074,3.096712,1460,10.6068
9240,4,49,2.465862,2.134714,1409,10.5047
9241,49,40,2.121294,2.916612,1441,10.5826
9242,40,47,3.542262,3.272544,1443,10.5664
9243,47,23,3.644040,2.907684,1451,10.6609
9244,23,4,2.450944,2.909871,1512,10.7432
9245,4,36,3.707959,3.277853,1457,10.6132
9246,36,4,2.588627,2.387720,1476,10.8491
9247,4,31,4.817539,5.051794,1482,10.5785
9248,31,62,3.769214,3.041038,1478,10.6965
9249,62,30,3.572117,3.276516,1450,10.5528
9250,30,37,4.881090,4.399931,1459,10.7302
9251,37,40,6.231346,5.746715,1473,10.6948
9252,40,62,2.872699,3.026769,1468,10.5988
9253,62,26,3.872599,4.187087,1442,10.5779
9254,26,50,2.652203,2.489498,1458,10.8404
9255,50,23,3.995320,4.056393,1450,10.5682
9256,23,41,2.670838,2.940279,1457,10.6105
9257,41,13,3.028282,3.288049,1464,10.6687
9258,13,56,3.465081,3.452144,1388,10.5753
9259,56,17,5.118515,4.958865,1443,10.6149
9260,17,1,2.929945,2.817454,1441,10.6237
9261,1,53,2.279670,2.722661,1438,10.6503
9262,53,63,1.997584,2.512232,1474,10.6428
9263,63,54,2.402761,2.602647,1465,10.7016
9264,54,63,2.246703,2.093145,1245,9.8650
9265,63,54,2.722915,2.443735,1451,10.5866
9266,54,37,3.147910,3.325048,1347,10.3681
9267,37,31,3.084464,2.823313,1475,10.6716
9268,31,41,3.982587,3.904921,1468,10.6429
9269,41,50,3.452254,3.048660,1457,10.6254
9270,50,23,3.525816,3.864289,1460,10.6106
9271,23,4,2.119202,2.763426,1447,10.5664
9272,4,36,3.648887,3.143464,1450,10.5982
9273,36,29,4.120367,3.750801,1455,10.5363
9274,29,60,3.870728,3.942087,1417,10.6344
9275,60,21,3.906006,3.881436,1337,10.4836
9276,21,4,6.533165,5.886541,1419,10.4649
9277,4,31,4.883329,4.755118,1040,8.2466
9278,31,62,3.071414,2.892216,1459,10.6623
9279,62,58,2.322520,2.184675,1435,10.5109
9280,58,54,5.101004,4.278278,1476,10.6198
9281,54,35,2.132304,2.379308,1446,10.7914
9282,35,46,2.236138,2.568843,1480,10.7420
9283,46,0,4.335383,4.765805,1448,10.6621
9284,0,48,4.076618,3.955915,1441,10.5922
9285,48,22,1.791571,2.266436,1472,10.6304
9286,22,33,3.381165,3.833120,1458,10.6146
9287,33,17,3.238503,3.079281,1312,9.9865
9288,17,37,5.068586,4.347150,1388,10.4695
9289,37,31,2.935901,2.774767,1478,10.6507
9290,31,41,3.442919,3.786507,1457,10.6220
9291,41,50,3.281798,2.922608,1452,10.5964
9292,50,23,3.736015,3.700881,1466,10.5572
9293,23,4,2.223572,2.735376,1463,10.6362
9294,4,49,2.590808,2.281332,1438,10.6211
9295,49,40,2.400915,3.045663,1463,10.5570
9296,40,62,2.784438,3.012752,1453,10.6086
9297,62,26,3.524122,4.168668,1452,10.5808
9298,26,51,2.231229,2.040730,1455,10.6516
9299,51,1,2.395928,2.494987,1461,10.6125
9300,1,14,2.224335,2.714693,1460,10.6333
9301,14,57,3.490337,3.711598,1466,11.2187
9302,57,34,2.599458,2.436113,1442,10.6286
9303,34,16,2.551218,2.609979,1424,10.4999
9304,16,16,1.870048,1.314414,1470,10.6164
9305,16,13,4.960248,5.095741,1363,10.4261
9306,13,12,1.375407,1.322095,591,5.4382
9307,12,13,1.370867,1.223689,1320,10.1593
9308,13,23,3.554589,3.847670,1379,10.3912
9309,23,4,1.991535,2.668168,1446,10.6920
9310,4,36,3.419467,3.079631,1425,10.5472
9311,36,4,2.353337,2.215609,1475,10.5797
9312,4,49,2.462309,2.245057,1468,10.7350
9313,49,40,2.289798,2.987467,1452,10.6432
9314,40,47,3.364665,3.143426,1456,10.5862
9315,47,24,3.815627,3.310041,1441,10.6646
9316,24,48,2.701838,2.658363,1430,10.5509
9317,48,22,1.853148,2.231388,1461,10.6255
9318,22,1,4.297259,4.212793,1452,10.6661
9319,1,14,2.412717,2.537790,1441,10.5786
9320,14,45,2.782476,3.150501,1464,10.6595
9321,45,26,6.810319,5.990536,1454,10.6258
9322,26,50,2.399887,2.468236,1327,10.1999
9323,50,23,2.969560,3.645803,1489,10.7528
9324,23,40,2.099100,2.709951,1456,10.6520
9325,40,47,3.042291,3.056976,1474,10.6611
9326,47,23,3.558266,2.903359,1469,10.6789
9327,23,4,2.020502,2.618933,1445,10.5857
9328,4,49,2.539266,2.220472,1456,10.6429
9329,49,40,1.841190,2.796581,1479,10.8362
9330,40,48,3.814212,3.911719,1456,10.5825
9331,48,22,1.763533,2.169176,1459,10.6323
9332,22,33,3.402937,3.758761,1442,10.6573
9333,33,42,4.375531,3.951675,1467,10.7016
9334,42,48,3.448928,3.562450,1472,10.7929
9335,48,24,3.259187,2.737335,1474,10.6517
9336,24,0,5.246694,4.874668,1456,10.6055
9337,0,44,3.480747,3.065030,1373,10.4829
9338,44,47,6.126424,5.457189,1407,10.6161
9339,47,24,3.097437,3.148941,1466,10.5894
9340,24,0,5.129335,4.814885,1423,10.5150
9341,0,44,3.215817,3.037793,1449,10.5932
9342,44,28,2.637308,2.444133,1273,9.9715
9343,28,53,3.339028,3.855294,1463,10.7414
9344,53,5,5.704228,5.072513,1461,10.6817
9345,5,6,4.426881,3.528571,1456,10.6280
9346,6,5,4.105754,3.461159,1276,10.2098
9347,5,59,3.137309,3.036218,1446,10.6478
9348,59,8,2.917619,2.951724,1442,10.7237
9349,8,59,2.941641,2.875701,746,6.4409
9350,59,54,4.155312,4.109954,1431,10.5604
9351,54,35,2.149799,2.268706,1165,8.9837
9352,35,10,2.776265,2.763053,1467,10.6220
9353,10,25,2.979868,2.963162,1467,10.5792
9354,25,8,3.608571,3.062942,1464,10.7054
9355,8,46,1.851107,1.938562,1458,10.5709
9356,46,0,5.036175,4.841118,1310,10.0272
9357,0,48,3.881977,3.791939,1445,10.5975
9358,48,55,3.007436,3.317717,1437,10.6252
9359,55,13,5.616260,4.981205,1285,10.2255
9360,13,12,1.513880,1.317325,1215,9.8279
9361,12,30,4.580822,4.951814,1453,10.5940
9362,30,62,2.765537,2.869426,1467,10.6956
9363,62,26,3.938361,4.110086,1475,10.7194
9364,26,51,2.217510,2.088630,1463,10.6695
9365,51,8,4.179359,3.732553,1447,10.5952
9366,8,46,1.714864,1.902200,1472,10.5703
9367,46,52,5.596669,5.449898,1465,10.6505
9368,52,54,3.663428,3.977566,1481,10.9063
9369,54,37,2.935408,3.304060,1458,10.6311
9370,37,40,5.637608,5.873879,1444,10.5993
9371,40,62,3.314733,2.915357,1383,10.4225
9372,62,30,3.583548,3.342044,1468,10.7725
9373,30,62,2.824172,2.674093,1469,10.6712
9374,62,58,2.515414,2.312615,1462,10.7611
9375,58,4,2.798670,3.111597,1408,10.4856
9376,4,36,3.430758,3.023019,1499,10.6186
9377,36,29,4.069357,3.772794,1469,10.6328
9378,29,38,3.466898,3.395990,1418,10.5860
9379,38,30,5.512288,4.451295,1403,10.4937
9380,30,0,3.727318,3.880852,1453,10.5772
9381,0,44,3.009073,2.972368,1469,10.7390
9382,44,47,5.733490,5.449354,1456,10.5758
9383,47,23,2.545609,2.754330,1444,10.5936
9384,23,40,2.196868,2.680968,1436,10.7462
9385,40,62,2.867859,2.800859,973,8.0364
9386,62,58,2.498250,2.255441,1450,10.6268
9387,58,56,4.195093,3.568753,1268,9.8722
9388,56,17,5.158332,4.828521,1440,10.7083
9389,17,37,5.287014,4.274783,1470,10.6938
9390,37,31,2.922303,2.703274,1475,10.8794
9391,31,41,3.542373,3.812340,1461,10.6812
9392,41,13,3.689906,3.587610,1450,10.5572
9393,13,12,1.273254,1.267313,1462,10.6190
9394,12,13,1.422592,1.305732,1467,10.6508
9395,13,12,1.270814,1.216134,1457,10.7036
9396,12,13,1.380689,1.241396,1457,10.5829
9397,13,23,3.724276,3.892138,1456,10.5783
9398,23,40,1.980183,2.587661,1444,10.6616
9399,40,47,3.296231,3.147580,1440,10.5715
9400,47,23,3.208633,2.694212,1450,10.6521
9401,23,4,2.112067,2.755409,1471,10.6224
9402,4,36,3.383765,2.903050,1449,10.6335
9403,36,29,4.006536,3.730914,1466,10.5855
9404,29,60,3.867322,3.969824,1416,10.5451
9405,60,21,3.893658,3.823026,1156,9.5343
9406,21,59,4.111599,4.029423,882,7.5239
9407,59,8,2.370642,2.850688,1296,9.9401
9408,8,46,1.880744,1.849076,1454,10.7934
9409,46,0,4.549433,4.705736,1479,10.7392
9410,0,44,2.875193,2.884729,1447,10.6144
9411,44,28,2.678504,2.403298,1490,10.6754
9412,28,53,3.264835,3.766480,1376,10.3587
9413,53,63,2.285324,2.487589,1472,10.7828
9414,63,54,2.317567,2.374064,1141,9.0710
9415,54,37,3.102274,3.302818,1457,10.7340
9416,37,31,2.833314,2.623958,1464,10.5872
9417,31,41,3.443609,3.761880,1463,10.5636
9418,41,50,3.492463,2.863726,1441,10.5823
9419,50,57,5.687765,5.128155,1437,10.5860
9420,57,34,2.569432,2.460149,977,8.4837
9421,34,53,4.078984,4.106778,988,8.5244
9422,53,63,2.107599,2.347111,1491,10.6103
9423,63,54,2.225070,2.300454,1487,10.6307
9424,54,37,2.804419,3.199630,1474,10.5695
9425,37,31,2.729815,2.543827,1459,10.6291
9426,31,62,2.781903,3.042954,1473,10.5691
9427,62,30,3.762804,3.377139,1464,10.6515
9428,30,0,3.854756,3.871645,1474,10.6878
9429,0,26,2.682133,2.681979,1459,10.5921
9430,26,50,2.772278,2.513691,1437,10.5363
9431,50,57,5.685833,5.025858,1444,10.5131
9432,57,9,3.122882,3.421356,1412,10.5003
9433,9,9,2.062207,0.950620,1242,10.3304
9434,9,52,3.600865,3.757694,1140,9.1829
9435,52,21,3.215590,2.981730,735,6.5661
9436,21,35,2.357508,2.835112,1376,10.6725
9437,35,46,2.486986,2.544591,1448,10.6694
9438,46,0,4.259806,4.603646,1462,10.6443
9439,0,44,2.905522,2.809362,1459,10.5620
9440,44,47,5.846469,5.479012,1441,10.7233
9441,47,24,3.174474,3.027444,1456,10.6131
9442,24,0,5.253079,4.943851,1068,8.8241
9443,0,26,2.534222,2.622311,1470,10.7158
9444,26,50,2.561845,2.432186,1469,10.5655
9445,50,23,3.585347,3.673801,1446,10.5571
9446,23,41,2.798255,2.971684,1448,10.6255
9447,41,13,3.379039,3.533603,1428,10.5521
9448,13,56,3.227278,3.526776,1469,10.7355
9449,56,24,5.071759,5.419917,1449,10.7035
9450,24,0,5.210423,4.751385,1482,10.8046
9451,0,26,2.402721,2.559082,1433,10.6262
9452,26,51,2.367457,2.161533,1442,10.5562
9453,51,1,2.584084,2.584577,1456,10.5792
9454,1,14,2.149392,2.442173,1460,10.6246
9455,14,57,3.305837,3.728505,1465,10.5693
9456,57,34,2.550893,2.478434,1426,10.5874
9457,34,16,2.517862,2.530108,1465,10.5634
9458,16,13,4.463298,5.069013,1443,10.5963
9459,13,23,4.256409,3.767008,1453,10.6282
9460,23,40,2.288767,2.664337,1221,9.9993
9461,40,62,2.873873,2.810504,1483,10.6888
9462,62,30,3.486689,3.275356,1459,10.5908
9463,30,62,2.880532,2.569339,1446,10.6178
9464,62,58,2.439815,2.289189,1421,10.4994
9465,58,4,3.033865,3.158331,1404,10.4865
9466,4,36,3.183212,2.763694,1456,10.7278
9467,36,4,2.414397,2.153159,1440,10.5543
9468,4,36,2.885772,2.610327,1447,10.5451
9469,36,4,2.035855,2.010181,1436,10.6092
9470,4,36,2.694228,2.454561,1362,10.3582
9471,36,29,4.164201,3.860841,1442,10.6070
9472,29,38,3.416927,3.419666,1455,10.7493
9473,38,42,3.825517,3.716927,1371,10.4186
9474,42,43,3.278984,2.912805,1464,10.7189
9475,43,37,5.707537,5.267384,1391,10.4828
9476,37,10,3.043891,3.187688,171,3.6654
9477,10,12,5.244875,4.849242,1268,10.0035
9478,12,13,1.427572,1.240283,1461,10.8015
9479,13,23,3.606753,3.601970,1478,10.6415
9480,23,4,1.833932,2.690359,1446,10.5997
9481,4,36,2.629478,2.343005,1475,10.7291
9482,36,29,4.197963,3.818050,1465,10.7121
9483,29,60,3.990386,4.042540,1513,10.6412
9484,60,21,3.817786,3.831533,1469,10.5572
9485,21,59,4.055004,3.935870,860,7.1991
9486,59,8,2.398687,2.803427,1400,10.5223
9487,8,46,1.929612,1.825908,649,5.8326
9488,46,26,4.845543,4.895303,1441,10.7670
9489,26,51,2.272109,2.075384,1441,10.7726
9490,51,1,2.275300,2.496256,835,8.3316
9491,1,14,2.073608,2.389906,1144,9.2512
9492,14,45,3.072135,3.133453,1471,10.6999
9493,45,0,6.597452,6.178255,1468,10.6945
9494,0,26,2.412882,2.569200,1470,10.6329
9495,26,51,1.996899,1.984592,1459,10.5825
9496,51,1,2.358403,2.411979,1470,10.7825
9497,1,14,2.203077,2.345951,1454,10.6751
9498,14,45,2.921613,3.083597,1442,10.6112
9499,45,26,6.928343,6.110332,1467,10.6591
9500,26,51,2.056480,1.951607,1383,10.4896
9501,51,8,3.878975,3.794289,1469,10.6792
9502,8,59,2.867959,2.893969,1440,10.7004
9503,59,54,3.958707,3.990396,1463,10.7238
9504,54,63,2.124291,2.091703,1438,10.7509
9505,63,32,3.654988,3.483768,1456,10.6245
9506,32,44,5.739215,5.151472,1438,10.6113
9507,44,28,3.040330,2.370772,1270,9.8631
9508,28,53,3.126886,3.718499,1468,10.5805
9509,53,63,1.939024,2.286352,1490,10.6316
9510,63,54,2.219070,2.284938,1468,10.5595
9511,54,35,2.249597,2.379314,1439,10.5885
9512,35,10,2.545665,2.737537,1445,10.5658
9513,10,1,5.292644,5.482154,1462,10.5777
9514,1,53,2.445616,2.975100,1486,10.7462
9515,53,63,1.753289,2.254201,1451,10.5979
9516,63,54,2.088386,2.228087,1463,10.5749
9517,54,63,1.971040,1.881918,1451,10.5772
9518,63,47,3.712145,3.776135,1456,10.5542
9519,47,23,2.577700,2.906629,1485,10.7298
9520,23,41,2.718919,2.946712,1316,10.3964
9521,41,13,3.824588,3.490443,1390,10.5353
9522,13,23,3.159164,3.331944,884,8.0252
9523,23,40,2.183203,2.773685,1346,10.3607
9524,40,62,2.937923,2.821422,651,7.0817
9525,62,58,2.558821,2.267117,1467,10.8878
9526,58,54,5.148728,4.392044,1478,10.6896
9527,54,63,1.690037,1.803792,1446,10.5689
9528,63,54,2.161886,2.140966,1433,10.5647
9529,54,37,3.121918,3.410961,1466,10.6175
9530,37,31,3.049932,2.617740,1465,10.5796
9531,31,62,2.680919,3.079377,1464,10.5919
9532,62,30,3.437828,3.219101,1440,10.6805
9533,30,37,5.138374,4.596397,1458,10.6753
9534,37,31,2.947266,2.475199,1457,10.5563
9535,31,36,4.359047,4.609380,1473,10.5840
9536,36,23,2.801087,3.727689,1456,10.5279
9537,23,41,2.692981,2.864283,1468,10.6483
9538,41,13,3.447617,3.383262,1444,10.6060
9539,13,23,3.458215,3.064089,1361,10.4340
9540,23,41,2.534482,2.706442,1445,10.5708
9541,41,13,2.848424,3.284019,1469,10.8157
9542,13,23,2.809599,2.854114,1463,10.6834
9543,23,40,2.264787,2.814543,1445,10.6885
9544,40,47,3.379150,3.252193,1484,10.7539
9545,47,24,3.406185,3.030783,1453,10.6500
9546,24,23,3.090776,2.755561,1467,10.6315
9547,23,40,2.214665,2.635910,1450,10.7157
9548,40,48,3.854974,4.129405,1471,10.6295
9549,48,55,2.730791,3.183598,1423,10.5609
9550,55,41,6.058339,5.026475,1429,10.6646
9551,41,5,4.575300,4.200901,1417,10.5378
9552,5,59,3.807627,3.084209,1453,10.6518
9553,59,54,3.181568,4.011898,1188,9.9420
9554,54,37,2.884816,3.322341,684,6.7198
9555,37,10,3.315065,3.103507,1215,10.1229
9556,10,12,5.411085,4.796247,1464,10.5582
9557,12,25,3.737576,3.102886,1479,10.6395
9558,25,41,4.044056,3.953916,1375,10.3768
9559,41,50,3.205623,3.058291,1458,10.7126
9560,50,3,5.152492,4.863960,1450,10.5831
9561,3,10,4.326005,4.287713,1377,10.4749
9562,10,25,3.449203,3.094740,1468,10.7017
9563,25,60,4.234008,4.132998,1468,10.6271
9564,60,21,3.744005,3.774243,1035,8.3436
9565,21,35,2.509376,2.916153,1458,10.5589
9566,35,10,2.366627,2.613668,1414,10.4356
9567,10,25,3.059041,3.016968,1435,10.6348
9568,25,41,4.125878,3.964266,1487,10.6950
9569,41,13,3.061828,3.071846,1474,10.6489
9570,13,12,1.836900,1.756501,1460,10.6474
9571,12,13,1.432337,1.315671,1432,10.5489
9572,13,23,2.573115,2.811946,1468,10.5786
9573,23,41,2.423280,2.728141,1457,10.5740
9574,41,50,3.049220,3.002248,1466,10.6168
9575,50,57,5.448634,4.901420,1445,10.5924
9576,57,34,2.452332,2.527846,654,5.5192
9577,34,16,2.529849,2.474032,1332,10.3599
9578,16,13,4.981793,5.323662,1089,8.9762
9579,13,12,1.713398,1.637110,1463,10.6130
9580,12,13,1.389148,1.292587,1472,10.6775
9581,13,23,2.449391,2.821031,1466,10.5974
9582,23,40,2.156345,2.603936,1461,10.6233
9583,40,47,3.314227,3.193074,1473,10.5966
9584,47,24,3.144494,2.878127,1433,10.7125
9585,24,23,3.124840,2.806665,1454,10.8834
9586,23,40,2.092638,2.417771,1463,10.5843
9587,40,47,3.149164,3.122298,1458,10.5841
9588,47,24,2.718385,2.727673,1450,10.5925
9589,24,23,2.592164,2.745036,1439,10.5852
9590,23,4,2.752157,3.260169,1483,10.6394
9591,4,36,2.888923,2.297380,1432,10.5893
9592,36,29,4.346403,3.702216,1458,10.5255
9593,29,38,3.597040,3.474695,1459,10.7719
9594,38,42,3.566061,3.630831,1436,10.6631
9595,42,48,2.977656,3.607846,1462,10.8890
9596,48,55,2.966857,3.032630,1479,10.6518
9597,55,20,2.808906,2.877902,1470,10.6648
9598,20,24,5.169471,4.867991,1437,10.5941
9599,24,0,5.307081,4.823320,1464,10.6255
9600,0,26,2.567978,2.696521,276,3.8960
9601,26,51,2.012690,1.959030,1470,10.7768
9602,51,1,2.398750,2.357528,1451,10.8804
9603,1,14,1.957078,2.402858,1461,10.6413
9604,14,45,3.007843,2.933189,1454,10.6175
9605,45,26,6.433239,5.982675,1436,10.5556
9606,26,51,1.977452,1.927882,1365,10.3900
9607,51,1,2.112740,2.252796,1462,10.7031
9608,1,14,1.990628,2.384628,1448,10.5827
9609,14,57,3.370990,3.885008,1460,10.6888
9610,57,9,3.346349,3.514926,1477,10.5762
9611,9,9,1.873858,0.899554,1458,10.6024
9612,9,7,3.631023,3.699115,1452,10.5531
9613,7,57,5.072751,4.274117,1149,9.1395
9614,57,9,3.095989,3.327946,1453,10.5888
9615,9,9,1.348868,0.749257,1456,10.6031
9616,9,7,3.617507,3.682031,1445,10.5288
9617,7,62,6.130861,5.414387,1463,10.6171
9618,62,26,4.240429,4.344284,1478,10.6986
9619,26,51,1.849857,1.867568,1463,10.5800
9620,51,8,3.801113,3.762444,1432,10.5648
9621,8,46,1.859880,2.013698,1418,10.6270
9622,46,0,4.632784,4.600250,1462,10.5724
9623,0,26,2.754311,2.696898,1187,9.9514
9624,26,51,1.878896,1.798651,1449,10.5970
9625,51,1,2.125218,2.246357,1482,10.7231
9626,1,52,3.818591,4.665499,1459,10.7541
9627,52,21,3.412564,3.087812,1454,10.5879
9628,21,35,2.528595,2.805441,1301,10.2135
9629,35,53,4.030101,4.305730,1458,10.6105
9630,53,63,1.988982,2.180768,1468,10.6786
9631,63,47,3.879511,3.811531,1418,10.5692
9632,47,23,2.278767,2.971021,1408,10.5933
9633,23,40,2.207678,2.371050,1456,10.7066
9634,40,62,3.056217,3.178284,1467,10.6013
9635,62,58,2.512993,2.272596,1466,10.6172
9636,58,4,2.855937,3.148427,1409,10.6271
9637,4,49,3.055554,2.699219,1457,10.6021
9638,49,40,1.958416,2.890682,1473,10.6644
9639,40,47,3.333001,3.219192,1471,10.5829
9640,47,24,2.641469,2.751069,1461,10.6796
9641,24,0,5.186963,4.834431,1454,10.5773
9642,0,48,4.141189,3.722719,1469,10.7377
9643,48,55,2.470532,2.927894,1313,10.0648
9644,55,20,2.435570,2.790978,1459,10.6899
9645,20,24,5.451706,4.798546,1249,10.1943
9646,24,23,2.833568,2.727936,1471,10.6191
9647,23,4,2.763946,3.128279,1028,8.6183
9648,4,49,3.087139,2.630772,1454,10.6239
9649,49,22,3.530823,3.802939,1458,10.5670
9650,22,1,4.063725,4.311015,1467,10.5861
9651,1,14,2.021695,2.362929,1461,10.6064
9652,14,45,2.865437,2.963853,1459,10.6116
9653,45,26,6.779775,5.946933,1453,10.6543
9654,26,51,1.891001,1.829248,1396,10.6005
9655,51,1,2.004433,2.195883,1471,10.6717
9656,1,53,2.655100,3.257132,1447,10.6164
9657,53,63,1.731726,2.164491,1446,10.5908
9658,63,54,2.090566,2.197430,1456,10.6716
9659,54,35,2.161635,2.458611,1480,10.6409
9660,35,46,2.378608,2.733242,1253,9.9067
9661,46,0,4.198953,4.618262,1293,9.7784
9662,0,26,2.787493,2.749196,1438,10.5916
9663,26,50,2.992397,2.741167,1455,10.6411
9664,50,23,3.453451,3.696084,1246,9.8841
9665,23,40,1.772196,2.296943,908,7.7077
9666,40,48,3.874769,4.221527,1472,10.7356
9667,48,22,1.994279,2.443019,1446,10.6338
9668,22,1,4.462999,4.258857,1419,10.4921
9669,1,53,2.349519,3.070164,1451,10.6782
9670,53,5,5.593915,4.954611,1447,10.5986
9671,5,6,4.096904,3.427908,1456,10.7338
9672,6,51,5.419376,4.814617,1471,10.6841
9673,51,1,1.963605,2.139495,1400,10.5879
9674,1,53,2.123636,2.973367,1455,10.6162
9675,53,63,2.019845,2.259113,1368,10.1902
9676,63,54,1.957015,2.135833,1467,10.6726
9677,54,37,2.886733,3.310457,1479,10.6388
9678,37,31,2.714865,2.493041,1464,10.6452
9679,31,41,3.516063,4.014544,1472,10.5955
9680,41,5,4.326628,4.158186,1489,10.6517
9681,5,59,3.534069,3.045728,1443,10.5999
9682,59,8,2.605701,2.883539,1378,10.4145
9683,8,46,1.852957,1.949883,1449,10.5574
9684,46,52,5.882521,5.254711,1442,10.6180
9685,52,21,3.443547,2.916223,1186,9.8924
9686,21,59,3.858403,3.997560,954,8.2501
9687,59,54,3.791019,3.920679,1463,10.6376
9688,54,35,2.133038,2.404882,1446,10.6525
9689,35,53,4.501049,4.368576,1457,10.5881
9690,53,63,2.129586,2.086054,1455,10.6332
9691,63,54,1.960840,2.139827,1445,10.5997
9692,54,37,2.868156,3.249116,1480,10.6458
9693,37,31,2.572328,2.426662,1443,10.5579
9694,31,41,3.055832,3.965382,1457,10.7081
9695,41,13,2.990570,3.334333,1394,10.4325
9696,13,12,1.654267,1.589274,1499,10.7899
9697,12,13,1.362883,1.264348,1447,10.6337
9698,13,23,2.913690,3.068704,1477,10.7655
9699,23,40,1.731433,2.215595,1451,10.6180
9700,40,62,3.102701,3.230128,1456,10.5926
9701,62,58,2.703235,2.285482,1433,10.6023
9702,58,4,2.783418,3.066330,1462,10.6770
9703,4,49,2.821507,2.532442,1479,10.7921
9704,49,40,1.860542,2.780084,1418,10.5057
9705,40,62,3.013098,3.103042,1454,10.5649
9706,62,58,2.462750,2.229897,1480,10.5965
9707,58,54,5.601805,4.562472,1417,10.6172
9708,54,37,2.726315,3.015851,1288,10.2816
9709,37,10,2.925738,3.014871,1459,10.6161
9710,10,25,3.127015,2.956619,1478,10.6742
9711,25,8,3.223078,3.057431,1458,10.7133
9712,8,46,1.725159,1.918884,1448,10.5711
9713,46,0,4.619415,4.448600,1436,10.5675
9714,0,44,3.272251,3.116207,1484,10.6300
9715,44,28,2.713975,2.357657,1461,10.6400
9716,28,54,3.394884,3.815382,1472,10.6147
9717,54,37,2.449321,2.862297,1470,10.7090
9718,37,31,2.653093,2.401017,1474,10.5875
9719,31,62,3.215872,3.442474,1463,10.6055
9720,62,58,2.600979,2.095917,1474,10.6630
9721,58,4,2.481464,2.994193,1447,10.7069
9722,4,36,2.888981,2.409724,1479,10.6218
9723,36,4,2.106773,1.977487,1440,10.5662
9724,4,49,2.667530,2.498199,1355,10.1923
9725,49,40,1.994495,2.805194,1465,10.5568
9726,40,47,3.450061,3.276526,1386,10.5378
9727,47,33,4.654847,4.438691,1427,10.6020
9728,33,17,3.254526,3.068728,1358,10.4466
9729,17,1,2.664008,2.833229,1444,10.6421
9730,1,53,2.062600,2.974052,1451,10.6124
9731,53,63,1.679169,2.093346,1442,10.8626
9732,63,32,3.735777,3.881720,1179,9.4690
9733,32,32,2.690001,1.831843,1460,10.6265
9734,32,44,5.687222,5.100464,1475,10.6747
9735,44,62,4.593547,4.599254,1459,10.6073
9736,62,30,3.602617,3.235334,1452,10.6044
9737,30,0,4.106875,4.137485,1453,10.6343
9738,0,26,2.668990,2.731782,1454,10.6698
9739,26,51,2.089310,1.956178,1455,10.5888
9740,51,1,1.931771,2.085980,1426,10.4594
9741,1,14,2.144998,2.660532,1451,10.5737
9742,14,1,3.214418,2.276906,1466,10.6486
9743,1,53,2.596468,2.896464,1445,10.6002
9744,53,62,5.543664,5.262723,1513,10.6438
9745,62,26,4.242667,4.358865,1460,10.6446
9746,26,51,2.024194,1.921568,1454,10.6051
9747,51,1,1.827464,2.080015,1443,10.6598
9748,1,53,2.578317,2.775512,834,6.6347
9749,53,63,1.805502,2.225587,1465,10.6172
9750,63,54,2.068459,2.257276,1464,10.8539
9751,54,37,2.395258,2.794535,1456,10.5992
9752,37,31,2.629563,2.343212,1466,10.5744
9753,31,41,3.539125,4.081978,1448,10.5660
9754,41,5,4.476388,4.061298,1441,10.6365
9755,5,59,3.902130,3.078835,1374,10.4229
9756,59,54,3.583323,3.911351,1002,8.9809
9757,54,35,2.260136,2.566504,1441,10.5789
9758,35,10,2.605451,2.704845,1463,10.5825
9759,10,25,3.019874,2.867389,1457,10.6217
9760,25,60,3.892134,4.187825,1465,10.6550
9761,60,37,5.326691,5.008913,1325,10.1431
9762,37,31,2.509813,2.246060,1465,10.6300
9763,31,62,3.027715,3.448504,1453,10.6483
9764,62,58,2.383227,2.055082,1454,10.6532
9765,58,56,4.272801,3.733403,1467,10.5490
9766,56,24,5.218938,5.382236,1428,10.5968
9767,24,23,3.159576,2.750431,903,7.1677
9768,23,40,1.586806,2.179520,1457,10.5961
9769,40,62,2.977368,3.316441,1474,10.5957
9770,62,26,3.987350,4.305332,1460,10.6662
9771,26,50,2.944868,2.712226,1474,10.7354
9772,50,57,5.337772,4.720195,1429,10.5978
9773,57,34,2.806232,2.581162,1451,10.8100
9774,34,53,4.067503,4.320194,603,7.1789
9775,53,63,1.851659,2.092843,1438,10.6323
9776,63,47,4.284628,4.053474,1465,10.6555
9777,47,24,2.916985,2.836545,1463,10.6337
9778,24,0,5.278123,4.881149,1471,10.6371
9779,0,26,2.558286,2.680422,1438,10.5854
9780,26,50,2.829943,2.599934,1459,10.6731
9781,50,3,5.023966,4.761155,1433,10.6056
9782,3,56,5.082797,4.085614,1425,10.5754
9783,56,17,4.915929,4.612227,1445,10.6204
9784,17,37,5.437385,4.662669,1473,10.6149
9785,37,31,2.574587,2.124953,1373,10.5140
9786,31,41,3.922751,4.181879,1315,10.1396
9787,41,13,3.478614,3.438342,1448,10.6718
9788,13,23,3.446373,2.913884,985,8.0685
9789,23,40,1.614983,2.156687,1463,10.6217
9790,40,47,3.416402,3.343054,1451,10.7376
9791,47,23,3.862892,2.997885,1452,10.5715
9792,23,41,2.776730,3.038472,1465,10.6399
9793,41,5,4.176388,4.020625,1437,10.6587
9794,5,59,3.744917,3.054609,1448,10.6334
9795,59,54,3.216135,3.835033,1342,10.3338
9796,54,35,2.130893,2.423088,1386,10.4159
9797,35,46,2.685680,2.828027,1441,10.5654
9798,46,0,4.071710,4.429957,1464,10.6574
9799,0,44,3.356393,3.172888,1459,10.7154
9800,44,62,5.033785,4.502787,1454,10.6071
9801,62,30,3.467930,3.174528,1467,10.6818
9802,30,62,2.618610,2.577763,1460,10.6168
9803,62,58,2.096082,2.037639,1475,10.6144
9804,58,4,2.619385,3.044321,1455,10.5487
9805,4,49,2.817860,2.456803,1453,10.6817
9806,49,22,3.443282,3.806307,1453,10.5697
9807,22,33,3.247062,3.751612,1469,10.6655
9808,33,13,6.356140,5.044633,1287,9.9987
9809,13,12,1.762898,1.657935,1423,10.5101
9810,12,13,1.598148,1.410850,940,8.1065
9811,13,23,2.784407,2.862840,1479,10.7426
9812,23,4,2.353842,3.240471,1465,10.6665
9813,4,49,2.570886,2.367217,1447,10.6678
9814,49,22,3.302603,3.740042,1452,10.6045
9815,22,33,3.175837,3.671798,1452,10.6534
9816,33,42,3.900565,3.769747,1452,10.6716
9817,42,48,3.525051,3.569394,1470,10.6810
9818,48,22,2.032459,2.378681,1444,10.6399
9819,22,1,4.274293,4.217691,1449,10.5445
9820,1,14,2.234571,2.494454,1469,10.7443
9821,14,45,3.155323,2.900346,1453,10.8094
9822,45,0,6.571607,6.366337,1448,10.6323
9823,0,26,2.506298,2.686025,1408,10.5735
9824,26,50,2.775781,2.530523,1450,10.6330
9825,50,23,3.544803,4.029091,1476,10.6590
9826,23,40,1.680906,2.276920,1473,10.7457
9827,40,47,3.516766,3.133911,1482,10.6251
9828,47,33,4.715342,4.339406,1475,10.7470
9829,33,13,5.958658,4.966479,1451,10.7126
9830,13,12,1.681907,1.614048,1263,9.8169
9831,12,13,1.698514,1.439275,1267,10.3152
9832,13,23,2.494230,2.750127,1442,10.7495
9833,23,40,1.656162,2.212883,1452,10.5916
9834,40,47,2.949359,3.034674,1468,10.5829
9835,47,24,2.901622,2.715167,1469,10.7558
9836,24,23,2.884959,2.787509,1467,10.7064
9837,23,40,1.665370,2.112835,1456,10.5974
9838,40,62,3.632840,3.530923,1459,10.6061
9839,62,58,2.242255,2.026032,1415,10.6277
9840,58,54,5.727609,4.874200,1464,10.7011
9841,54,63,2.046158,2.114082,855,7.9235
9842,63,54,2.403468,2.345340,1401,10.6812
9843,54,37,2.511938,2.948826,1414,10.6295
9844,37,31,2.303216,2.068624,1214,9.4469
9845,31,62,3.589416,3.601311,1453,10.6006
9846,62,26,3.966240,4.036851,1481,10.7741
9847,26,51,2.235600,2.012458,1438,10.5831
9848,51,55,5.006686,5.297978,1440,10.5647
9849,55,13,4.859150,4.969642,1454,10.7111
9850,13,56,3.382744,3.724118,1365,10.4702
9851,56,24,4.844989,5.303297,1460,10.6467
9852,24,0,5.452294,4.869462,1486,10.6345
9853,0,26,2.443537,2.641907,1439,10.7235
9854,26,50,2.568426,2.437906,1452,10.6926
9855,50,3,5.026516,4.704647,1479,10.5936
9856,3,52,3.476008,4.034385,1088,9.5801
9857,52,21,3.410782,2.834073,1259,9.8300
9858,21,35,2.497421,2.717946,1117,9.7604
9859,35,10,2.802437,2.688245,1486,10.7479
9860,10,1,5.716724,5.658373,1449,10.6106
9861,1,14,2.092225,2.343749,1459,10.6558
9862,14,57,3.414548,3.980381,1414,10.5838
9863,57,9,3.094007,3.335505,1396,10.5341
9864,9,9,1.230740,0.706006,790,7.1515
9865,9,9,1.238368,0.590530,1421,10.5709
9866,9,9,0.902374,0.486913,1456,10.6133
9867,9,9,0.676638,0.402400,1448,10.6016
9868,9,9,0.644265,0.335698,1396,10.7348
9869,9,7,3.847694,4.096919,1465,10.5724
9870,7,62,6.439500,5.544495,1471,10.6637
9871,62,58,2.047602,1.961083,995,7.7534
9872,58,54,5.471571,4.722946,1447,10.5682
9873,54,63,2.056317,2.046794,1123,8.6911
9874,63,54,2.209511,2.250161,1458,10.6622
9875,54,63,1.963615,1.914108,1452,10.6138
9876,63,32,3.872868,3.862784,1462,10.6089
9877,32,44,5.470610,4.972349,1441,10.5541
9878,44,62,4.382996,4.463247,1368,10.2731
9879,62,26,3.407076,3.755007,1355,10.5841
9880,26,51,2.157932,1.976195,1405,10.6155
9881,51,8,3.921296,3.682641,1418,10.4536
9882,8,33,6.545374,5.826390,1446,10.6322
9883,33,17,2.937324,3.022349,1255,9.9023
9884,17,1,2.729301,2.972053,1450,10.5307
9885,1,14,2.234315,2.217704,1473,10.6323
9886,14,57,3.151793,3.905997,1457,10.6945
9887,57,34,2.659454,2.537746,1472,10.7049
9888,34,16,2.537872,2.598549,1445,10.5993
9889,16,13,4.972737,4.998696,1450,10.6163
9890,13,23,2.527128,2.739282,1320,10.4621
9891,23,40,1.597491,2.071428,1398,10.7072
9892,40,62,3.757002,3.617116,1412,10.5509
9893,62,58,1.981730,1.902661,1435,10.6082
9894,58,56,4.249814,3.849638,1459,10.6402
9895,56,24,4.840188,5.154846,1457,10.6253
9896,24,23,2.903951,2.554347,1451,10.7442
9897,23,4,2.664561,3.411791,1441,10.5538
9898,4,36,3.160158,2.562560,1447,10.5537
9899,36,29,4.060116,3.553725,1443,10.5439
9900,29,38,3.592011,3.408796,1469,10.7100
9901,38,19,3.692885,3.763019,1475,10.8075
9902,19,40,4.949034,4.663919,1456,10.6377
9903,40,48,4.215389,4.306616,1459,10.6251
9904,48,22,2.079277,2.398274,1458,10.7623
9905,22,33,3.200308,3.776898,1470,10.6713
9906,33,13,5.627376,4.648752,1471,10.6994
9907,13,12,1.615826,1.686061,1465,10.5793
9908,12,13,1.802999,1.591914,1445,10.7124
9909,13,12,1.902655,1.577729,1421,10.6085
9910,12,13,1.614903,1.481819,1477,10.6748
9911,13,12,1.576965,1.481518,1473,10.6306
9912,12,13,1.480498,1.393974,1454,10.5772
9913,13,56,3.482172,3.811527,1462,10.5548
9914,56,24,4.632925,5.071150,1451,10.6850
9915,24,0,5.260249,4.658273,1458,10.6668
9916,0,26,2.396696,2.621390,1450,10.8172
9917,26,51,2.122160,1.894616,1472,10.8063
9918,51,1,2.199798,2.340854,1423,10.5031
9919,1,53,2.366142,2.915397,1361,10.3693
9920,53,63,1.933836,2.060997,1148,9.4028
9921,63,47,4.682717,4.398897,1390,10.5437
9922,47,23,3.467919,2.876678,1395,10.6913
9923,23,40,1.773432,2.166276,1407,10.5269
9924,40,47,3.107698,3.173635,1447,10.6417
9925,47,33,4.546668,4.334252,1471,10.6481
9926,33,13,5.449656,4.685696,1452,10.8156
9927,13,23,3.020430,2.950269,1435,10.6092
9928,23,40,1.527730,2.081434,1473,10.6964
9929,40,47,3.408307,3.088959,1461,10.6435
9930,47,33,4.034974,4.181129,1454,10.6154
9931,33,42,3.909534,3.781711,1457,10.6251
9932,42,43,2.907056,2.853778,1433,10.5647
9933,43,20,2.279208,2.463196,1459,10.6662
9934,20,24,5.309130,4.941061,1483,10.7320
9935,24,23,2.297102,2.498924,1453,10.5910
9936,23,40,1.546246,2.015716,1475,10.6075
9937,40,47,2.889470,3.004829,1491,10.6548
9938,47,24,2.652783,2.775965,1458,10.6101
9939,24,23,2.309882,2.452238,1470,10.6558
9940,23,40,1.505073,1.948265,1450,10.5515
9941,40,47,2.731484,2.921040,1455,10.5582
9942,47,33,4.025268,4.134010,1433,10.5252
9943,33,13,5.504131,4.671016,1458,10.6032
9944,13,12,1.644930,1.589240,1482,10.6935
9945,12,13,1.833606,1.537335,1402,10.4993
9946,13,12,1.560752,1.483816,1455,10.5946
9947,12,13,1.542114,1.442955,1464,10.5924
9948,13,12,1.446196,1.401973,1469,10.6191
9949,12,13,1.447451,1.362178,1452,10.5596
9950,13,23,3.006899,3.064080,1460,10.5806
9951,23,40,1.500920,1.906634,1466,10.6342
9952,40,47,2.661646,2.778105,1450,10.5729
9953,47,24,2.545555,2.699563,1469,10.6439
9954,24,0,5.120164,4.718639,1444,10.5703
9955,0,44,3.591822,3.369803,1415,10.6095
9956,44,47,6.581776,5.462157,1183,9.8675
9957,47,24,2.280511,2.473736,1439,10.6346
9958,24,48,3.377606,3.476785,1482,10.5988
9959,48,22,2.039150,2.416189,1432,10.6021
9960,22,33,2.974707,3.792005,1466,10.6664
9961,33,13,5.189265,4.680469,1469,10.6644
9962,13,12,1.637962,1.422747,1472,10.6628
9963,12,13,1.575736,1.377179,1448,10.7425
9964,13,12,1.578439,1.336728,1463,10.5852
9965,12,13,1.459839,1.295675,1453,10.6206
9966,13,23,2.950785,3.063332,1449,10.5920
9967,23,40,1.427766,1.923937,1472,10.5983
9968,40,47,2.741035,2.833493,1449,10.6332
9969,47,33,3.725001,3.962185,1406,10.4209
9970,33,42,4.051980,3.826333,1460,10.7226
9971,42,43,2.710701,2.813745,1468,10.6939
9972,43,20,2.207103,2.383149,1397,10.4701
9973,20,32,4.080692,4.687581,1487,10.7955
9974,32,54,2.438007,2.835302,1461,10.6601
9975,54,35,2.872391,2.581208,1386,10.5641
9976,35,10,2.659399,2.586891,1467,10.6257
9977,10,25,2.844861,2.821943,1410,10.5092
9978,25,41,3.506603,3.818845,1450,10.5715
9979,41,5,4.126395,3.813978,1331,10.0894
9980,5,6,4.104146,3.521010,1460,10.7285
9981,6,26,5.581387,4.808888,1472,10.6460
9982,26,50,2.681685,2.430891,1360,10.2248
9983,50,23,3.451515,4.244329,1459,10.6206
9984,23,4,3.366939,3.567178,1454,10.7515
9985,4,36,3.223893,2.501077,1479,10.6550
9986,36,4,2.279064,2.171773,1428,10.5539
9987,4,31,4.934853,5.144009,1464,10.7062
9988,31,62,3.663030,3.407969,1458,10.6991
9989,62,58,2.178020,1.911904,1447,10.7354
9990,58,54,5.464873,4.530382,1470,10.5622
9991,54,63,1.890010,1.904542,1044,8.6323
9992,63,47,4.563472,4.920386,1450,10.7322
9993,47,24,2.374801,2.364398,1458,10.6107
9994,24,23,2.511294,2.681861,1485,10.5585
9995,23,4,2.525193,3.311308,1430,10.6049
9996,4,49,3.095694,2.602339,1425,10.5721
9997,49,40,1.900225,2.994423,1457,10.6387
9998,40,62,3.589751,3.808452,1459,10.6023
9999,62,58,2.001207,1.857749,1458,10.5994
10000,58,4,2.507684,3.153519,1450,10.5811
10001,4,49,2.794987,2.497317,1482,10.7421
10002,49,22,3.324258,3.635743,1444,10.5660
10003,22,26,5.102874,5.115281,1456,10.6644
10004,26,51,2.161709,1.918974,1460,10.8007
10005,51,1,2.047257,2.267356,1460,10.7535
10006,1,14,2.028176,2.317733,1476,10.6197
10007,14,57,3.158080,3.785705,1484,10.6265
10008,57,34,2.662007,2.463504,1437,10.6443
10009,34,16,2.425519,2.525216,1447,10.6380
10010,16,13,4.098881,4.984247,1378,10.3380
10011,13,12,1.369793,1.321323,510,5.5166
10012,12,13,1.419876,1.279346,1470,10.8004
10013,13,23,3.015219,3.174875,1488,10.7523
10014,23,41,3.429776,3.450802,1488,10.6464
10015,41,13,3.693130,3.619197,1459,10.7004
10016,13,23,2.878808,2.908893,1501,10.6177
10017,23,4,2.458790,3.304730,1468,10.6837
10018,4,36,3.084201,2.532847,1462,10.6214
10019,36,4,1.902190,1.939889,1452,10.6245
10020,4,49,2.689830,2.448979,1441,10.5818
10021,49,55,4.905360,4.976610,1511,10.5986
10022,55,41,5.742351,5.318783,1447,10.6006
10023,41,5,4.061816,3.693714,1460,10.6164
10024,5,59,4.528009,3.037959,1469,10.6352
10025,59,54,3.689012,3.988030,707,7.5938
10026,54,37,2.753884,2.972990,1221,10.2950
10027,37,40,7.223077,7.062080,1273,10.0011
10028,40,47,3.103964,2.748389,1447,10.6656
10029,47,33,3.670403,3.713153,1458,10.6695
10030,33,42,3.955382,3.733649,1435,10.6097
10031,42,43,2.682556,2.775331,1392,10.5435
10032,43,37,5.347607,5.340144,1372,10.5031
10033,37,31,2.345456,2.220440,1299,10.0802
10034,31,62,3.274948,3.404812,1134,8.8442
10035,62,58,2.232412,1.839267,1440,10.6736
10036,58,54,4.959614,4.556696,1476,10.6041
10037,54,63,1.914442,1.949738,1359,10.4549
10038,63,47,4.757772,4.783442,1265,10.0628
10039,47,33,3.528631,3.495765,1463,10.7639
10040,33,13,5.471688,4.920475,1453,10.6146
10041,13,12,1.402066,1.396727,1432,10.9099
10042,12,13,1.514938,1.319106,1369,10.4625
10043,13,56,3.832410,4.135963,1435,10.6375
10044,56,24,4.577581,5.113413,1459,10.6272
10045,24,23,2.571204,2.664252,1471,10.6287
10046,23,40,2.154841,2.434271,1470,10.6106
10047,40,48,3.832914,4.136363,1334,10.1903
10048,48,24,3.774679,3.041186,1378,10.3494
10049,24,48,3.561262,3.253165,1467,10.5949
10050,48,22,2.139533,2.463119,1463,10.5928
10051,22,26,5.338072,4.901715,1415,10.5424
10052,26,50,2.668158,2.425895,1412,10.5631
10053,50,57,5.500020,4.867249,1464,10.6553
10054,57,34,2.631473,2.459155,1456,10.6463
10055,34,16,2.201736,2.448415,1452,10.7180
10056,16,16,1.898024,1.050994,1323,10.2384
10057,16,13,4.956055,5.190630,1359,10.1939
10058,13,23,2.887682,2.797520,1455,10.7448
10059,23,40,1.807612,2.337085,1445,10.5966
10060,40,47,3.003426,2.897802,1453,10.5992
10061,47,23,3.291391,2.906654,1469,10.7045
10062,23,4,2.683122,3.283118,1468,10.7369
10063,4,31,5.270025,5.313366,1445,10.6041
10064,31,62,3.106644,3.131231,1423,10.5282
10065,62,58,2.031656,1.797800,1447,10.6453
10066,58,56,4.414422,3.952723,1457,10.6005
10067,56,17,5.038155,4.586213,1460,10.6417
10068,17,61,3.355698,3.019628,1463,10.7512
10069,61,43,2.793388,3.143779,1357,10.3789
10070,43,44,4.945753,4.600455,690,6.2225
10071,44,28,2.735797,2.385412,1457,10.6863
10072,28,55,3.816617,3.830338,1456,10.6144
10073,55,20,2.945678,2.777559,1449,10.7168
10074,20,24,5.789715,4.979878,1471,10.7314
10075,24,0,5.053068,4.593930,1451,10.5667
10076,0,26,2.589785,2.777494,1457,10.6488
10077,26,50,2.436381,2.330034,1472,10.6520
10078,50,23,3.894557,4.513134,1445,10.6168
10079,23,40,1.802808,2.273936,1465,10.6055
10080,40,47,2.651159,2.826086,1448,10.5637
10081,47,23,3.486672,2.770836,1494,10.6294
10082,23,40,1.664756,2.150106,1452,10.6209
10083,40,62,3.832800,3.892993,1459,10.6256
10084,62,58,1.968396,1.750179,1397,10.6257
10085,58,54,5.345443,4.432476,1468,10.5926
10086,54,63,1.883587,1.904038,1478,10.7223
10087,63,32,3.471819,3.700489,1467,10.7656
10088,32,54,3.097613,2.985932,1416,10.5130
10089,54,37,2.535270,2.977651,1462,10.6659
10090,37,10,2.978949,2.920295,1214,9.2987
10091,10,12,5.187399,5.258962,1443,10.6639
10092,12,13,1.382611,1.373910,1465,10.7433
10093,13,56,3.577920,3.945920,1467,10.6243
10094,56,24,4.750592,5.103325,1392,10.4455
10095,24,0,4.809847,4.409052,1458,10.7749
10096,0,44,3.695922,3.500058,1486,10.6941
10097,44,47,6.492879,5.477000,1448,10.6566
10098,47,23,2.546051,2.619176,1427,10.7136
10099,23,40,1.569929,2.068377,1471,10.6883
10100,40,47,3.024615,2.953414,1470,10.6688
10101,47,23,2.569630,2.447332,1453,10.5981
10102,23,4,2.451056,3.279177,1441,10.5417
10103,4,36,3.143179,2.544341,1458,10.6719
10104,36,4,2.011188,1.986332,1435,10.7646
10105,4,49,2.898818,2.527273,1481,10.6603
10106,49,22,3.479930,3.607262,1470,10.5784
10107,22,33,3.170084,3.915852,1458,10.7510
10108,33,42,4.066293,3.620815,1444,10.5989
10109,42,43,2.565435,2.702758,1453,10.6585
10110,43,44,5.180523,4.552714,1448,10.6425
10111,44,47,6.239675,5.434024,1449,10.6823
10112,47,23,2.273193,2.332785,1476,10.6345
10113,23,40,1.593475,2.127819,1491,10.6826
10114,40,62,3.941315,3.854730,1458,10.6644
10115,62,58,1.945877,1.742022,1469,10.6601
10116,58,54,4.784513,4.303500,1445,10.5814
10117,54,35,2.213689,2.768717,719,7.3534
10118,35,10,2.433341,2.429155,1410,10.6763
10119,10,12,5.035606,5.202298,1256,10.0423
10120,12,13,1.734399,1.382343,1466,10.6548
10121,13,12,1.697537,1.624603,1473,10.6139
10122,12,13,1.499037,1.300630,1459,10.8825
10123,13,23,3.235102,3.208280,1449,10.6559
10124,23,4,2.213190,3.169544,1448,10.6208
10125,4,49,2.798947,2.447270,1463,10.6177
10126,49,22,3.643750,3.527662,1480,10.6327
10127,22,1,4.253821,4.217040,1432,10.8019
10128,1,14,2.175770,2.170112,1421,10.6582
10129,14,57,3.069586,3.671518,1452,10.7545
10130,57,34,2.300057,2.388133,1452,10.8094
10131,34,27,4.527432,4.493882,1452,10.5653
10132,27,47,5.362659,4.397448,1416,10.6318
10133,47,23,2.378247,2.302451,1466,10.6721
10134,23,41,3.516575,3.725350,1488,10.6116
10135,41,13,3.811004,3.535060,1452,10.6724
10136,13,12,1.663616,1.553135,1469,10.6947
10137,12,13,1.370766,1.254277,1459,10.6290
10138,13,23,2.793041,3.091894,1472,10.6663
10139,23,4,2.217167,3.135705,1455,10.6315
10140,4,36,3.046016,2.565838,1468,10.6479
10141,36,4,1.828610,1.884248,1443,10.5880
10142,4,31,5.286193,5.475285,1469,10.6427
10143,31,41,4.070941,3.883354,1460,10.7581
10144,41,50,3.342381,2.913861,1440,10.6438
10145,50,23,5.285408,4.521189,1446,10.7128
10146,23,41,3.338394,3.474391,1473,10.6438
10147,41,5,3.905442,3.678509,1452,10.7822
10148,5,59,4.048817,2.986014,1444,10.6348
10149,59,8,2.612991,3.049620,1315,10.3762
10150,8,46,2.062215,2.091358,1124,8.9914
10151,46,0,4.824161,4.594120,376,3.7807
10152,0,44,3.846475,3.440708,1447,10.6281
10153,44,28,2.721323,2.345943,1441,10.6946
10154,28,53,3.125547,3.559882,1444,10.6378
10155,53,63,1.845308,2.095626,1480,10.7044
10156,63,54,2.350310,2.369302,1355,10.1981
10157,54,37,2.607138,2.933490,1490,10.7141
10158,37,31,2.622113,2.359037,1452,10.6014
10159,31,41,3.407201,3.870995,1475,10.6551
10160,41,13,3.020253,3.673878,1450,10.6389
10161,13,23,3.012387,3.004907,597,5.4121
10162,23,4,2.226754,2.937961,1464,10.6020
10163,4,49,2.875703,2.459147,1465,10.6549
10164,49,55,4.879792,5.024758,1469,10.6997
10165,55,20,3.074993,2.754222,1445,10.6555
10166,20,24,4.997885,4.781767,1463,10.7683
10167,24,23,2.469333,2.532992,1466,10.7811
10168,23,40,2.027627,2.440881,1448,10.6347
10169,40,47,3.386480,3.087736,1477,10.6486
10170,47,33,3.346446,3.403421,1433,10.6407
10171,33,13,5.232371,4.925159,1475,10.6103
10172,13,12,1.637673,1.585512,1458,10.8661
10173,12,13,1.536746,1.312128,1425,10.5610
10174,13,23,2.519644,2.891545,1455,10.6085
10175,23,40,1.887119,2.329464,1449,10.6713
10176,40,47,3.153711,2.972957,1441,10.6177
10177,47,24,2.767101,2.764301,1467,10.6816
10178,24,0,4.957019,4.372718,1437,10.6686
10179,0,44,3.542842,3.446095,1421,10.5996
10180,44,47,6.051194,5.344086,1058,9.1613
10181,47,33,3.361812,3.302451,1455,10.7061
10182,33,13,5.339080,4.822140,1468,10.6704
10183,13,12,1.531340,1.567419,1469,10.6972
10184,12,13,1.514925,1.364743,1456,10.6914
10185,13,12,1.776765,1.474678,1436,10.6191
10186,12,13,1.393048,1.283935,1461,10.6606
10187,13,12,1.540058,1.389290,1484,10.7010
10188,12,13,1.269650,1.219442,1374,10.3758
10189,13,23,2.889700,2.980809,1481,10.5661
10190,23,41,3.212010,3.454927,1447,10.6565
10191,41,5,3.879227,3.628681,1462,10.6805
10192,5,6,4.410219,3.580582,1458,10.6755
10193,6,51,5.079119,4.698284,1446,10.7469
10194,51,8,3.638957,3.415842,1323,10.2035
10195,8,59,3.281351,3.126876,1462,10.6566
10196,59,8,2.534547,2.936574,1447,10.6460
10197,8,33,7.103263,6.395435,1461,10.5644
10198,33,13,5.212530,4.653523,1438,10.7143
10199,13,23,2.603265,2.620399,1472,10.6990
10200,23,40,1.988952,2.369216,1469,10.5856
10201,40,47,2.850666,2.967849,1459,10.5660
10202,47,33,3.335234,3.314112,1466,10.5625
10203,33,42,3.797313,3.607354,1471,10.6050
10204,42,49,5.166896,4.964668,1456,10.8069
10205,49,55,5.101379,4.637500,1470,10.8618
10206,55,13,5.022520,4.748369,1473,10.8702
10207,13,12,1.383700,1.484391,1477,10.7827
10208,12,13,1.473802,1.374356,1456,10.7657
10209,13,23,2.275392,2.527316,1464,10.6575
10210,23,41,2.951382,3.411720,1467,10.7424
10211,41,5,3.665924,3.534308,1449,10.6036
10212,5,28,4.402907,3.672857,1455,10.6655
10213,28,53,3.054085,3.449269,1400,10.6238
10214,53,5,5.775567,4.974886,1443,10.5686
10215,5,59,3.717159,3.063842,1461,10.6819
10216,59,8,2.259500,2.876370,1454,10.6962
10217,8,46,2.345487,2.093093,1391,10.4620
10218,46,26,4.660355,4.816796,1465,10.6288
10219,26,51,2.334240,2.131150,1462,10.6681
10220,51,1,2.228773,2.293768,1457,10.5784
10221,1,14,1.905777,2.126240,1435,10.5545
10222,14,1,3.035885,2.186821,1480,10.6079
10223,1,14,1.828322,1.945367,1469,10.6161
10224,14,45,3.199202,3.351474,1480,10.5964
10225,45,26,6.747141,5.759513,1399,10.3331
10226,26,50,2.519197,2.396165,1459,10.8116
10227,50,57,5.127729,4.764711,1475,10.6537
10228,57,12,7.386417,6.934803,1436,10.6469
10229,12,30,5.215271,5.064268,1367,10.6662
10230,30,0,4.033382,4.190736,1443,10.6104
10231,0,26,2.781525,2.905738,1467,10.5939
10232,26,51,2.137879,2.110853,1478,10.6154
10233,51,1,2.201291,2.258743,1463,10.5743
10234,1,53,2.649934,2.976389,1485,10.6886
10235,53,63,1.868216,2.184860,1444,10.6411
10236,63,54,2.149520,2.281400,1473,10.6161
10237,54,37,2.479487,2.857159,1454,10.5694
10238,37,31,2.448530,2.292828,1446,10.6172
10239,31,62,2.721267,3.215793,1433,10.5824
10240,62,26,3.918938,4.011085,1461,10.5904
10241,26,51,2.175576,2.074350,1455,10.6079
10242,51,1,2.159404,2.179983,1447,10.6270
10243,1,14,1.822083,2.035581,1452,10.5665
10244,14,1,2.524160,2.049746,1442,10.5573
10245,1,53,2.681243,2.915818,1458,10.5792
10246,53,62,4.693549,5.079084,1441,10.5699
10247,62,26,3.405896,3.878159,1448,10.5522
10248,26,51,2.098422,2.030649,1451,10.5666
10249,51,55,5.067426,5.132486,1446,10.6190
10250,55,41,5.336113,5.156899,1457,10.6673
10251,41,50,3.271485,3.004593,1440,10.6203
10252,50,23,4.532522,4.446257,1444,10.6067
10253,23,40,1.952936,2.317570,1456,10.7811
10254,40,48,3.906845,4.098648,1372,10.3584
10255,48,24,3.740562,3.012756,1465,10.5617
10256,24,23,2.476797,2.720053,1466,10.8001
10257,23,4,2.727651,3.318741,1461,10.6129
10258,4,49,2.903603,2.404087,1447,10.6171
10259,49,55,4.461674,4.529893,1460,10.7391
10260,55,41,5.276136,4.970483,1465,10.6311
10261,41,13,3.456938,3.617411,1475,10.6201
10262,13,12,1.696539,1.583400,1472,10.7323
10263,12,25,3.626849,3.693859,1384,10.4661
10264,25,60,4.179053,4.043334,1389,10.5394
10265,60,45,4.385367,4.588980,1421,10.4423
10266,45,26,6.638826,5.727054,1126,9.7288
10267,26,17,4.472844,4.509886,1463,10.7458
10268,17,37,6.030025,4.536870,1460,10.8610
10269,37,40,7.587035,7.027956,1452,10.6083
10270,40,48,3.824168,3.900321,1449,10.5420
10271,48,55,3.033528,3.226337,1469,10.6372
10272,55,13,5.145841,4.698402,1455,10.6695
10273,13,56,3.584191,3.976071,1445,10.6410
10274,56,24,4.546725,5.038122,1440,10.6568
10275,24,0,4.440022,4.156495,1463,10.6446
10276,0,26,2.728956,2.907253,1477,10.5640
10277,26,50,2.564648,2.389646,1473,10.7308
10278,50,23,4.366760,4.437216,1454,10.5945
10279,23,40,2.029477,2.397376,1478,10.6648
10280,40,62,3.950429,3.854263,1449,10.6082
10281,62,30,3.928516,3.457168,1440,10.5884
10282,30,0,3.833647,4.108951,1447,10.5858
10283,0,44,3.628575,3.513256,1457,10.6906
10284,44,47,6.170165,5.141184,1293,10.0633
10285,47,33,3.025546,3.166291,1443,10.6814
10286,33,13,5.372449,4.486128,1449,10.6527
10287,13,23,2.530351,2.450140,1411,10.6059
10288,23,4,2.498507,3.205421,1450,10.6236
10289,4,49,2.818786,2.339494,1433,10.5224
10290,49,40,2.180511,3.405589,1435,10.5507
10291,40,47,3.133856,3.021014,1476,10.6081
10292,47,33,2.954282,3.067679,1430,10.5254
10293,33,13,4.792817,4.401388,1453,10.6868
10294,13,12,1.680239,1.752677,1445,10.6358
10295,12,13,1.854425,1.692302,1461,10.5795
10296,13,23,2.266127,2.351135,1446,10.6015
10297,23,4,2.432040,3.142805,1447,10.5761
10298,4,49,2.678874,2.275032,1465,10.6364
10299,49,22,3.055948,3.514668,1448,10.5736
10300,22,1,4.062121,4.108974,1438,10.6075
10301,1,14,1.890523,1.901735,1483,10.6210
10302,14,57,3.311914,3.775814,1451,10.6174
10303,57,34,2.267951,2.451828,1466,10.8387
10304,34,16,2.242736,2.334779,1482,10.7309
10305,16,41,7.159574,6.905340,1284,10.2521
10306,41,50,3.038228,2.912667,1441,10.7993
10307,50,23,4.883937,4.300525,1457,10.5868
10308,23,40,2.011242,2.380465,1457,10.5501
10309,40,47,2.981739,2.914850,1427,10.5179
10310,47,23,2.745713,2.658206,1444,10.5785
10311,23,41,3.139678,3.305964,1446,10.7230
10312,41,5,3.645013,3.426267,1450,10.6170
10313,5,59,3.982340,2.991207,1447,10.5782
10314,59,54,3.739344,4.156536,933,8.0592
10315,54,37,2.328749,2.814033,1404,10.6142
10316,37,31,2.380070,2.218545,1472,10.7203
10317,31,62,3.156735,3.148735,1457,10.6159
10318,62,30,3.801895,3.358543,1450,10.6298
10319,30,0,3.744671,4.044467,1452,10.6402
10320,0,44,3.613966,3.439509,1432,10.6023
10321,44,62,4.601889,4.375047,1463,10.6210
10322,62,30,3.517261,3.209606,1437,10.5229
10323,30,0,3.649953,3.968637,1454,10.6360
10324,0,48,3.935060,3.483320,1453,10.5825
10325,48,22,2.269179,2.657952,1468,10.7059
10326,22,1,3.993869,3.998204,1432,10.5716
10327,1,14,1.603998,1.785292,1459,10.6454
10328,14,45,2.862884,3.442651,1451,10.6138
10329,45,49,6.273531,5.712622,1431,10.6352
10330,49,40,1.955962,3.328442,1467,10.6078
10331,40,62,4.173941,3.984980,1442,10.7574
10332,62,30,3.390867,3.066443,1443,10.6446
10333,30,0,3.438228,3.878248,1476,10.6697
10334,0,26,2.864974,2.790358,1474,10.6842
10335,26,51,2.238971,2.153800,1477,10.6180
10336,51,8,3.800963,3.492301,1383,10.3916
10337,8,59,3.197777,3.036069,1472,10.8146
10338,59,58,7.049391,6.515507,1198,9.7415
10339,58,54,5.255652,3.596674,1450,10.6281
10340,54,35,2.661397,2.784608,1440,10.6396
10341,35,10,2.380536,2.422645,1468,10.6349
10342,10,25,3.037554,2.837379,1456,10.6103
10343,25,8,3.013771,3.029933,1458,10.6467
10344,8,33,6.813746,6.462932,1450,10.6050
10345,33,13,4.371444,4.204052,1016,9.0100
10346,13,23,2.169415,2.346319,1463,10.6162
10347,23,40,1.831684,2.246855,1453,10.6397
10348,40,47,2.860230,2.884481,1413,10.5249
10349,47,23,2.725675,2.576072,1443,10.5366
10350,23,40,1.759752,2.128107,1453,10.6719
10351,40,48,3.888320,3.987760,1476,10.6039
10352,48,24,3.433544,2.943679,1449,10.6471
10353,24,0,4.243784,3.973369,1439,10.5702
10354,0,44,3.566806,3.466275,1454,10.7158
10355,44,62,4.448483,4.301783,1420,10.6004
10356,62,30,3.282583,2.918543,1445,10.6844
10357,30,0,3.232330,3.766021,1453,10.6190
10358,0,44,3.519763,3.380664,1450,10.5470
10359,44,28,2.725945,2.478221,1451,10.5816
10360,28,54,3.393121,3.737265,1450,10.6017
10361,54,35,2.309432,2.675956,1350,10.3027
10362,35,10,2.215697,2.328655,1454,10.6783
10363,10,12,5.329831,5.278552,1460,10.6135
10364,12,13,1.683515,1.781353,1309,10.0946
10365,13,12,2.146093,1.866379,1409,10.7919
10366,12,13,1.893993,1.660179,1442,10.6614
10367,13,12,2.154808,1.725689,1473,10.7565
10368,12,13,1.619864,1.534110,1455,10.6739
10369,13,12,1.794954,1.609820,1461,10.6727
10370,12,13,1.466550,1.435627,1436,10.5639
10371,13,23,2.412133,2.630376,1432,10.5536
10372,23,4,2.597286,3.298859,1448,10.5552
10373,4,36,3.227608,2.687615,1491,10.6245
10374,36,29,4.156313,3.569613,1454,10.5559
10375,29,60,4.128678,4.065724,1457,10.6893
10376,60,21,3.897888,3.773985,1469,10.8069
10377,21,4,6.477351,5.671702,1465,10.8159
10378,4,49,2.827065,2.430357,1471,10.6271
10379,49,22,3.015160,3.313428,1471,10.7534
10380,22,26,4.490819,4.857866,1452,10.7748
10381,26,51,2.194541,2.157582,1429,10.8290
10382,51,1,2.380094,2.339663,1173,9.5667
10383,1,53,2.245037,2.903842,1470,10.8077
10384,53,63,1.926626,2.361209,1486,10.5955
10385,63,47,4.968257,5.029244,971,8.3734
10386,47,23,2.427518,2.655271,1481,10.7837
10387,23,4,2.665590,3.232661,1451,10.6432
10388,4,49,2.719370,2.359254,1465,10.6156
10389,49,40,2.354055,3.283906,1478,10.6845
10390,40,62,4.321244,4.019156,1449,10.6854
10391,62,26,3.284725,3.730240,1459,10.7005
10392,26,51,2.238265,2.098726,1463,10.6792
10393,51,8,3.202182,3.484331,1457,10.7069
10394,8,46,2.004670,2.165369,1473,10.6231
10395,46,0,5.154957,4.866607,1452,10.6661
10396,0,26,2.792679,2.675871,1454,10.6790
10397,26,51,1.981886,2.006186,1459,10.7621
10398,51,1,2.324982,2.295563,1480,10.6062
10399,1,53,2.322610,2.838238,1454,10.5922
10400,53,63,2.069344,2.330207,1471,10.6670
10401,63,47,4.970096,4.923873,1178,9.6357
10402,47,23,2.355725,2.699306,1450,10.7887
10403,23,4,2.494221,3.100255,1448,10.7317
10404,4,31,5.172507,5.325957,1480,10.6124
10405,31,36,4.624026,4.727706,1447,10.5944
10406,36,29,4.066770,3.516895,1462,10.6031
10407,29,38,3.858888,3.418781,1452,10.6544
10408,38,30,5.576737,4.539145,1028,8.8765
10409,30,0,3.257454,3.771501,1441,10.6072
10410,0,44,3.399277,3.269708,1458,10.6164
10411,44,47,5.983810,5.105081,1477,10.6734
10412,47,23,2.441913,2.625577,1462,10.7244
10413,23,40,1.818020,2.289894,1468,10.6371
10414,40,62,4.122709,3.935308,1450,10.6105
10415,62,58,2.576653,2.294167,1464,10.6453
10416,58,54,4.419523,3.507986,1462,10.5862
10417,54,37,2.314609,2.831838,1447,10.7078
10418,37,31,2.416433,2.293629,1457,10.7086
10419,31,41,4.053286,4.194980,1484,10.7589
10420,41,5,3.709740,3.349638,1455,10.6004
10421,5,59,3.979841,2.932446,1470,10.6854
10422,59,54,4.063536,4.110306,1309,10.1283
10423,54,35,2.301628,2.633938,1455,10.5977
10424,35,10,2.096796,2.273738,1461,10.7204
10425,10,1,5.992205,6.185669,1465,10.5815
10426,1,53,1.899128,2.640137,1427,10.6436
10427,53,63,1.975331,2.293119,1452,10.7276
10428,63,54,2.365324,2.548089,1472,10.6392
10429,54,35,2.283390,2.550163,1450,10.5709
10430,35,10,2.153192,2.193278,1462,10.5471
10431,10,1,5.784855,6.155982,1461,10.5841
10432,1,52,4.742212,4.866476,1446,10.6244
10433,52,21,3.207466,2.912774,1010,8.0454
10434,21,4,6.219442,5.622548,1404,10.4738
10435,4,36,3.161232,2.678462,1068,8.4945
10436,36,4,2.446916,2.326165,1480,10.8250
10437,4,49,2.714630,2.391190,1405,10.6019
10438,49,40,2.330613,3.177306,1471,10.7299
10439,40,47,3.214705,3.270428,1466,10.6515
10440,47,23,2.634938,2.532017,1456,10.6356
10441,23,40,1.690165,2.163383,1491,10.7129
10442,40,47,3.232538,3.187711,1470,10.6596
10443,47,23,2.386819,2.372046,1471,10.6210
10444,23,40,1.546897,2.078784,1474,10.6471
10445,40,47,2.890836,3.079826,1472,10.6560
10446,47,33,3.394394,3.293484,1454,10.6558
10447,33,13,5.185008,4.331667,1458,10.6943
10448,13,23,2.779395,2.645366,1442,10.7184
10449,23,40,1.497218,2.003144,1456,10.6539
10450,40,62,3.991692,4.069234,1460,10.5879
10451,62,58,2.543765,2.257944,1452,10.6981
10452,58,54,4.105846,3.534252,1457,10.6443
10453,54,35,2.053419,2.511511,1281,10.2032
10454,35,10,1.853120,2.099204,1459,10.6071
10455,10,25,2.864344,2.933587,1235,9.6972
10456,25,60,3.972950,4.091758,1469,10.7048
10457,60,21,3.641580,3.754461,1427,10.6350
10458,21,59,4.388288,4.198633,1164,9.6213
10459,59,54,4.137412,4.066684,1433,10.6246
10460,54,63,2.172387,2.245422,1455,10.6258
10461,63,47,5.497555,5.020265,1448,10.5991
10462,47,33,3.097989,3.070604,1445,10.6349
10463,33,17,3.708726,3.801560,1456,10.6858
10464,17,61,3.382875,2.967092,1342,10.2451
10465,61,30,4.700774,4.174916,1359,10.4021
10466,30,0,3.217566,3.725390,1407,10.5468
10467,0,26,2.610445,2.604348,1450,10.6116
10468,26,51,2.108158,2.038294,1475,10.8333
10469,51,1,2.215193,2.216831,1473,10.6520
10470,1,14,1.967381,2.138431,1456,10.6130
10471,14,45,3.419573,3.155500,1449,10.6722
10472,45,0,7.178196,6.351953,1460,10.6725
10473,0,44,3.346299,3.210555,1460,10.7116
10474,44,28,2.714410,2.493158,1462,10.6663
10475,28,53,2.635945,3.352702,1474,10.7376
10476,53,63,1.907469,2.199139,1466,10.5985
10477,63,47,4.680202,4.898990,1428,10.5621
10478,47,23,2.450727,2.553428,1457,10.6971
10479,23,4,2.687311,3.275543,772,6.6841
10480,4,49,2.585155,2.415842,923,7.3512
10481,49,40,1.997725,2.995554,1478,10.6197
10482,40,47,3.497148,3.340755,1480,10.7644
10483,47,33,2.914175,2.973002,1432,10.5874
10484,33,17,3.683735,3.749489,1441,10.6059
10485,17,61,3.162871,2.885765,1466,10.6034
10486,61,59,4.701399,4.897607,1437,10.6251
10487,59,54,3.693010,3.925708,1443,10.7652
10488,54,35,2.065075,2.431948,1359,10.3373
10489,35,10,2.103392,2.059550,1465,10.7231
10490,10,25,2.892233,2.833868,1443,10.6268
10491,25,8,3.046433,3.059468,1461,10.7011
10492,8,46,2.297322,2.149872,1457,10.6502
10493,46,0,5.086730,4.708326,1426,10.6175
10494,0,26,2.700856,2.600823,1456,10.6683
10495,26,50,2.735674,2.614972,1452,10.6200
10496,50,23,4.167491,4.294810,1452,10.5914
10497,23,4,2.543125,3.096809,882,7.5767
10498,4,36,3.206796,2.716615,1421,10.5943
10499,36,23,3.194558,4.200131,1323,10.0072
10500,23,4,2.178431,2.879630,1470,10.6396
10501,4,36,2.978276,2.638947,1281,9.8451
10502,36,23,3.117551,4.073940,1423,10.5172
10503,23,41,3.539876,3.587276,1468,10.6484
10504,41,50,3.242686,3.014703,1479,10.6274
10505,50,23,4.373930,4.029547,1480,10.7674
10506,23,40,1.729288,2.146219,1458,10.6553
10507,40,47,3.207137,3.191866,1451,10.6922
10508,47,24,3.116989,3.132859,1470,10.6630
10509,24,0,4.431298,4.075202,1472,10.5992
10510,0,26,2.551498,2.594899,1465,10.7109
10511,26,50,2.497032,2.467204,1450,10.6857
10512,50,23,3.850559,3.968278,1467,10.6097
10513,23,41,3.201690,3.267914,1451,10.6452
10514,41,50,3.010902,2.957399,1432,10.6490
10515,50,57,5.244483,4.769198,1451,10.5939
10516,57,9,3.215272,3.651546,342,4.7010
10517,9,9,1.032932,0.539834,383,4.5621
10518,9,9,0.887972,0.445592,1030,8.4999
10519,9,52,4.034537,4.492044,931,8.1928
10520,52,54,3.392746,4.187634,1299,10.2231
10521,54,63,2.483118,2.156507,1456,10.7865
10522,63,32,3.681388,3.879505,963,7.5596
10523,32,44,5.933678,5.300358,1415,10.5828
10524,44,28,2.695474,2.401378,1456,10.6404
10525,28,53,2.797912,3.260842,1479,10.6647
10526,53,62,4.807421,5.373763,1449,10.5951
10527,62,30,3.580889,3.103972,1451,10.6056
10528,30,62,2.967495,2.693671,1412,10.5049
10529,62,30,3.323109,2.955857,1469,10.7037
10530,30,62,2.706523,2.543196,1472,10.6192
10531,62,58,2.437799,2.232800,1439,10.6339
10532,58,54,4.444199,3.579397,1446,10.5909
10533,54,63,2.052701,2.102260,1442,10.7104
10534,63,47,4.770351,5.021790,1466,10.6521
10535,47,23,2.262405,2.613687,1446,10.6686
10536,23,4,2.248783,2.835961,1468,10.6049
10537,4,49,2.662450,2.572646,1421,10.5279
10538,49,40,2.192593,3.107122,1472,10.5467
10539,40,62,4.005357,3.866811,1336,10.4290
10540,62,26,3.196295,3.620611,1466,10.6529
10541,26,50,2.310774,2.372602,1445,10.6092
10542,50,23,3.357774,3.868448,1450,10.7018
10543,23,41,3.031409,3.116710,1488,10.6167
10544,41,13,3.900579,3.676425,1455,10.5624
10545,13,23,2.701456,2.792393,1458,10.6174
10546,23,4,2.308354,2.805311,1440,10.5347
10547,4,49,2.830082,2.526714,1444,10.5240
10548,49,40,2.323496,3.027566,1444,10.6421
10549,40,62,4.104787,3.681542,1438,10.5251
10550,62,58,2.529767,2.236089,1474,10.6107
10551,58,4,3.442003,3.801904,1454,10.5849
10552,4,31,5.433704,5.417979,1436,10.6474
10553,31,62,3.455391,3.100031,1453,10.7028
10554,62,58,2.552108,2.113954,1447,10.6216
10555,58,54,4.053610,3.593167,1450,10.6245
10556,54,35,2.005151,2.547610,1461,10.6822
10557,35,46,3.181592,3.272560,1470,10.6127
10558,46,26,5.078827,4.957162,1421,10.4571
10559,26,50,2.158302,2.301272,1434,10.6332
10560,50,57,5.483090,4.697767,1436,10.5968
10561,57,9,3.520533,3.627756,1291,10.1403
10562,9,7,3.320829,3.719711,1089,9.3295
10563,7,57,5.081129,4.496771,1356,10.4760
10564,57,34,2.887518,2.567370,1444,10.7235
10565,34,16,2.687159,2.330648,1448,10.6696
10566,16,41,6.840721,6.668596,1469,10.7178
10567,41,13,3.994205,3.457648,1464,10.7426
10568,13,12,2.084601,1.736867,1352,10.2809
10569,12,13,1.682388,1.569744,1436,10.6060
10570,13,23,2.564213,2.693370,1477,10.6762
10571,23,4,2.042859,2.706314,1461,10.5925
10572,4,36,3.236640,2.731473,1473,10.5930
10573,36,4,2.145684,2.097575,1446,10.5705
10574,4,36,2.928359,2.565314,1467,10.5724
10575,36,29,4.022892,3.647749,1427,10.5296
10576,29,38,3.591152,3.367308,1459,10.6656
10577,38,19,3.593565,3.723849,1057,8.9110
10578,19,46,3.484094,3.685822,1449,10.6443
10579,46,0,4.940147,4.724579,1069,9.5005
10580,0,26,2.609192,2.594438,1457,10.6263
10581,26,51,2.260272,2.213807,1459,10.6523
10582,51,1,2.231296,2.198907,1393,10.4039
10583,1,53,2.200028,2.609753,1476,10.7477
10584,53,63,1.944873,2.237431,1442,10.5524
10585,63,54,2.414747,2.526640,1267,9.9237
10586,54,35,2.058581,2.477917,1420,10.6520
10587,35,10,1.946534,2.133100,1454,10.6011
10588,10,25,2.852124,2.702635,1444,10.5256
10589,25,60,3.949315,4.123658,1452,10.5947
10590,60,21,3.632238,3.716680,1458,10.6085
10591,21,4,6.527482,5.736333,1455,10.7487
10592,4,49,2.533750,2.504106,1446,10.6008
10593,49,22,3.321279,3.525994,1444,10.5832
10594,22,33,3.829319,4.425255,1355,10.3940
10595,33,42,4.304863,3.677857,1453,10.6436
10596,42,48,3.241719,3.517759,1457,10.6551
10597,48,22,2.504848,2.729537,1431,10.5334
10598,22,26,5.057991,4.714124,1446,10.7063
10599,26,50,2.197977,2.280504,1450,10.6465
10600,50,23,3.759855,3.986222,1441,10.7032
10601,23,41,3.183293,3.087958,1473,10.6562
10602,41,5,3.605977,3.428364,1448,10.5703
10603,5,28,4.348067,3.606877,1467,10.6747
10604,28,53,2.507662,3.128711,1396,10.6230
10605,53,62,4.866735,5.530427,1465,10.8061
10606,62,30,3.314448,2.974221,1447,10.6840
10607,30,0,3.655166,3.954222,1468,10.5769
10608,0,44,3.336801,3.244182,1451,10.6692
10609,44,28,2.596788,2.359609,1459,10.7125
10610,28,55,4.077818,3.885207,1475,10.5478
10611,55,41,4.816678,5.027521,1446,10.6416
10612,41,5,3.458827,3.307476,1405,10.4426
10613,5,6,4.378451,3.665085,1448,10.6220
10614,6,26,5.902546,4.751129,1480,10.7439
10615,26,50,2.129009,2.281644,1433,10.5438
10616,50,23,3.404427,3.902032,1447,10.6094
10617,23,4,2.220341,2.731461,1443,10.7988
10618,4,36,2.815898,2.468220,1444,10.6142
10619,36,23,3.004661,3.961977,1458,10.6762
10620,23,40,2.231060,2.586688,1463,10.6392
10621,40,47,3.366146,3.275723,1469,10.6410
10622,47,23,2.882092,2.764565,1449,10.7397
10623,23,40,2.116281,2.437983,1465,10.6266
10624,40,62,3.934919,3.845428,1479,10.6290
10625,62,26,3.213802,3.779571,1464,10.5862
10626,26,50,2.130853,2.199407,1446,10.6282
10627,50,23,3.084782,3.812233,1457,10.6238
10628,23,41,2.836457,3.011996,1459,10.5992
10629,41,13,3.305295,3.347534,1436,10.5199
10630,13,12,1.789399,1.690081,1454,10.6707
10631,12,13,1.802867,1.507426,1462,10.7254
10632,13,56,3.840043,4.191383,1475,10.5793
10633,56,24,4.972146,4.970628,1459,10.5752
10634,24,0,4.531729,4.028235,1463,10.5848
10635,0,48,4.011842,3.686986,1465,10.6114
10636,48,55,3.202117,3.316591,1454,10.6047
10637,55,41,5.153772,4.912068,1435,10.6571
10638,41,5,3.536001,3.252846,1455,10.5871
10639,5,59,4.183204,2.983725,1472,10.6023
10640,59,54,3.710161,4.016594,1157,9.8572
10641,54,37,2.666337,3.120420,1351,10.6676
10642,37,31,2.649932,2.449274,1072,9.5737
10643,31,62,2.934784,3.079110,1475,10.7172
10644,62,58,2.671790,2.115901,1460,10.6167
10645,58,54,4.476029,3.511130,1440,10.5679
10646,54,35,1.824908,2.448656,1427,10.4936
10647,35,10,1.948728,2.087566,1390,10.5558
10648,10,1,6.000134,6.173965,1446,10.6647
10649,1,53,1.822053,2.436439,1464,10.6643
10650,53,5,5.820527,5.387517,758,6.6508
10651,5,28,4.402244,3.537810,1462,10.6296
10652,28,54,3.391406,3.678429,1447,10.6814
10653,54,35,1.909636,2.404403,1478,10.6798
10654,35,46,3.061177,3.377279,1470,10.5875
10655,46,0,4.994106,4.751069,1448,10.6232
10656,0,26,2.606044,2.652563,1465,10.5965
10657,26,51,2.412002,2.356281,1451,10.7237
10658,51,1,2.127591,2.180911,1492,10.8216
10659,1,53,1.851324,2.401372,1445,10.5219
10660,53,63,1.846957,2.382210,1474,10.7027
10661,63,47,4.677154,4.772237,1467,10.6239
10662,47,33,3.059996,2.880431,1361,10.5221
10663,33,42,3.676391,3.584174,1462,10.6719
10664,42,48,3.148989,3.424658,1432,10.6533
10665,48,22,2.515019,2.704179,1399,10.4648
10666,22,1,4.905179,4.532400,1455,10.6030
10667,1,53,1.848403,2.316175,1445,10.5754
10668,53,5,5.851145,5.312222,1488,10.5606
10669,5,59,4.364574,2.858003,1380,10.5472
10670,59,58,6.887945,6.238299,1236,9.7332
10671,58,56,4.855010,3.769762,1459,10.6658
10672,56,17,5.044574,4.499234,1438,10.5992
10673,17,1,2.955307,3.130673,1476,10.8180
10674,1,53,1.777611,2.248504,1443,10.6385
10675,53,63,2.106339,2.453088,1472,10.6115
10676,63,47,4.828541,4.654886,1445,10.6813
10677,47,23,2.524168,3.007971,1451,10.7179
10678,23,41,2.677618,2.856776,1450,10.6021
10679,41,13,3.464852,3.229143,1480,10.6182
10680,13,56,3.859586,4.072904,1451,10.6370
10681,56,17,4.705841,4.372587,1434,10.7067
10682,17,1,3.085278,3.118444,1468,10.7481
10683,1,53,1.628801,2.212996,1450,10.6458
10684,53,63,2.132402,2.362212,1443,10.6060
10685,63,32,3.859689,3.988760,1445,10.6292
10686,32,54,3.632634,3.175854,1466,10.7053
10687,54,63,1.898835,2.221629,1439,10.5857
10688,63,32,3.750617,3.812724,1452,10.6592
10689,32,44,5.996256,5.261509,1452,10.7266
10690,44,28,2.762831,2.320007,1454,10.8131
10691,28,53,2.806181,3.026444,1461,10.7116
10692,53,63,2.051947,2.237320,1446,10.6524
10693,63,54,2.511279,2.720666,1486,10.6196
10694,54,63,2.019580,2.080513,1482,10.6525
10695,63,47,4.517685,4.824993,1469,10.6793
10696,47,23,2.393141,3.043253,1492,10.6851
10697,23,41,2.486101,2.714121,1451,10.7473
10698,41,50,3.306017,3.143465,1442,10.7694
10699,50,23,3.526580,3.646784,1435,10.5960
10700,23,4,2.496573,2.886217,1157,9.2341
10701,4,49,2.851544,2.578909,1527,10.6416
10702,49,40,2.340921,3.174834,1460,10.6721
10703,40,47,3.642758,3.609767,1421,10.4928
10704,47,23,2.692833,2.913151,1443,10.6961
10705,23,4,2.229580,2.747913,1457,10.6225
10706,4,36,2.942715,2.493810,1474,10.6296
10707,36,4,2.162336,2.118072,1451,10.6709
10708,4,49,2.670945,2.550077,1461,10.5967
10709,49,40,2.317049,3.103827,1472,10.6295
10710,40,62,3.814027,3.749441,1462,10.6431
10711,62,30,3.381885,2.938351,1453,10.6351
10712,30,0,3.700489,3.949820,1472,10.5624
10713,0,26,2.638089,2.609845,1474,10.6637
10714,26,50,2.219272,2.239030,1470,10.6577
10715,50,57,5.278914,4.747895,1458,10.5935
10716,57,34,2.656878,2.578771,1461,10.6587
10717,34,27,4.313086,4.354617,1473,10.6969
10718,27,19,3.530170,3.601028,1256,10.2082
10719,19,62,6.017139,5.412980,877,8.5735
10720,62,30,3.054843,2.797285,1479,10.5987
10721,30,0,3.512169,3.857724,1430,10.5902
10722,0,44,3.415812,3.316586,1451,10.5611
10723,44,62,4.750013,4.374842,1454,10.6665
10724,62,58,2.519443,2.253807,1446,10.6180
10725,58,4,3.673783,3.732462,1467,10.5734
10726,4,36,2.797641,2.392105,1446,10.6443
10727,36,4,2.030658,2.022639,1458,10.5844
10728,4,49,2.531159,2.479064,1454,10.6304
10729,49,22,3.089011,3.488391,1477,10.6303
10730,22,1,3.915156,4.240281,1488,10.7704
10731,1,14,2.561013,2.427025,1467,10.7632
10732,14,45,3.051679,2.857875,1458,10.7357
10733,45,49,6.690703,5.651672,1441,10.6599
10734,49,40,2.338401,3.036214,1479,10.5966
10735,40,62,3.670431,3.784634,1430,10.6091
10736,62,58,2.402044,2.184371,1465,10.6981
10737,58,4,3.004664,3.593952,1457,10.6956
10738,4,36,2.586618,2.300378,1445,10.5892
10739,36,29,4.008798,3.665184,1449,10.8132
10740,29,60,4.213972,4.162149,1471,10.7438
10741,60,21,3.583337,3.663625,1395,10.4513
10742,21,4,5.880425,5.715342,1225,10.2341
10743,4,36,2.405760,2.151101,1474,10.7085
10744,36,23,3.177700,3.965645,1468,10.6202
10745,23,4,1.830441,2.588140,1492,10.5818
10746,4,49,2.602345,2.648583,1478,10.6302
10747,49,40,2.306006,2.996176,1441,10.6797
10748,40,62,3.851783,3.687418,1461,10.6166
10749,62,26,3.271622,3.727468,1470,10.6347
10750,26,50,2.271129,2.221795,1437,10.5797
10751,50,57,5.019069,4.580955,1457,10.7192
10752,57,34,2.317975,2.621518,1449,10.7733
10753,34,27,4.138008,4.238549,1465,10.6432
10754,27,30,5.570081,5.142963,1423,10.5775
10755,30,62,2.662632,2.542514,1379,10.5446
10756,62,30,3.160087,2.830083,1462,10.8335
10757,30,0,3.645765,3.833791,1412,10.5812
10758,0,44,3.394966,3.247240,1457,10.6460
10759,44,47,5.898673,5.069797,1438,10.6736
10760,47,24,3.103765,3.229785,1440,10.7585
10761,24,23,2.606284,2.938261,1477,10.7277
10762,23,4,1.948525,2.561433,1462,10.6524
10763,4,49,2.780742,2.596129,1457,10.7074
10764,49,22,3.224737,3.414071,1447,10.6107
10765,22,26,4.389142,4.587357,1475,10.7253
10766,26,51,2.615965,2.497117,1463,10.6658
10767,51,1,2.185285,2.224787,1474,10.7646
10768,1,14,2.175205,2.353473,1456,10.6584
10769,14,1,2.871470,2.187038,1472,10.6163
10770,1,14,2.204712,2.172878,1486,10.6513
10771,14,1,2.203422,2.034220,1457,10.5864
10772,1,14,1.999726,2.010824,1463,10.5753
10773,14,57,3.320295,3.869893,1449,10.6300
10774,57,9,2.969285,3.729808,1470,10.6579
10775,9,7,2.994689,3.466683,1462,10.7647
10776,7,57,5.424115,4.609133,1453,10.6888
10777,57,34,2.332389,2.506273,1429,10.6136
10778,34,16,2.213956,2.413889,1449,10.6744
10779,16,13,4.924573,5.283870,1461,10.6162
10780,13,56,3.338040,3.881147,1033,8.5320
10781,56,17,4.685796,4.236462,1415,10.6181
10782,17,37,5.726969,4.569930,1465,10.6880
10783,37,10,2.774439,2.782167,1263,9.7094
10784,10,1,7.073201,6.360080,1366,10.4231
10785,1,14,1.737165,1.870868,1478,10.6306
10786,14,45,2.890216,3.193844,1469,10.7408
10787,45,26,6.604665,5.768969,1472,10.8358
10788,26,50,2.300438,2.313614,1339,10.3801
10789,50,23,3.883644,3.751319,1401,10.4663
10790,23,40,2.207266,2.724180,19,3.2083
10791,40,62,3.273170,3.509443,1186,9.7191
10792,62,58,2.559216,2.233370,1468,10.7221
10793,58,54,3.596543,3.329886,1456,10.7290
10794,54,63,1.686496,2.100416,1451,10.5521
10795,63,47,4.238936,4.502662,1469,10.7881
10796,47,23,3.056579,2.993346,1440,10.6074
10797,23,40,2.098980,2.572349,1449,10.7839
10798,40,62,3.425950,3.404040,1465,10.6903
10799,62,30,3.144315,2.776411,1461,10.6351
10800,30,0,3.582334,3.768038,1439,10.6070
10801,0,44,3.561428,3.179092,1460,10.6792
10802,44,62,4.893207,4.328164,1460,10.6242
10803,62,58,2.410331,2.188237,1452,10.6106
10804,58,56,4.675196,3.933390,1478,10.6415
10805,56,24,4.801857,4.916463,1446,10.6971
10806,24,48,3.543390,3.138686,1462,10.6489
10807,48,55,3.169343,3.277004,1505,10.9092
10808,55,41,5.337172,4.788812,1449,10.6429
10809,41,50,2.997039,3.029945,1445,10.5742
10810,50,3,5.244395,5.067035,1465,10.8416
10811,3,56,4.872196,4.085748,1287,10.2295
10812,56,17,4.612072,4.092135,1459,10.6454
10813,17,1,2.998729,3.261140,1463,10.6489
10814,1,53,1.938479,2.504267,1459,10.6229
10815,53,63,1.912006,2.134552,1409,10.5985
10816,63,54,2.215378,2.487029,1470,10.7859
10817,54,35,2.291592,2.570657,1431,10.7989
10818,35,53,4.842177,4.846488,1473,10.7604
10819,53,63,1.849322,1.935512,1464,10.6523
10820,63,32,3.672194,3.897445,1453,10.5893
10821,32,54,3.057665,2.889994,1461,10.6503
10822,54,63,1.689107,2.023740,1448,10.6575
10823,63,54,2.308359,2.388171,1443,10.5494
10824,54,63,1.685283,1.912425,1444,10.5552
10825,63,32,3.527735,3.782310,1459,10.5887
10826,32,44,5.910395,5.352287,1397,10.4299
10827,44,47,5.511110,4.874696,1471,10.7123
10828,47,23,2.479706,2.837073,1460,10.6930
10829,23,41,2.870749,2.942629,1455,10.6569
10830,41,13,2.994600,3.288631,1423,10.5743
10831,13,12,1.718399,1.727958,1420,10.6754
10832,12,13,1.744827,1.520423,1447,11.0090
10833,13,12,1.761068,1.627329,1461,10.7542
10834,12,13,1.564771,1.427102,1474,10.7456
10835,13,12,1.560972,1.528670,1454,10.5604
10836,12,13,1.423204,1.347863,1467,10.7020
10837,13,56,3.650687,4.104611,1458,10.7409
10838,56,24,4.630872,4.779026,1454,10.6860
10839,24,48,3.383076,3.041588,1484,10.6592
10840,48,22,2.407405,2.722581,1419,10.8150
10841,22,33,3.700343,4.472258,1281,10.1764
10842,33,17,3.688959,3.750261,1451,10.7080
10843,17,1,2.688258,3.169025,1455,10.7004
10844,1,53,1.924942,2.560058,1469,10.7750
10845,53,62,5.951597,5.750550,1470,10.7814
10846,62,58,2.582723,2.077562,1464,10.7557
10847,58,54,2.919038,3.368405,1442,10.6522
10848,54,63,1.645693,1.921108,1456,10.7014
10849,63,47,4.140807,4.561131,1475,10.6098
10850,47,33,2.979117,2.998794,1459,10.6652
10851,33,17,3.584177,3.690001,1468,10.6981
10852,17,37,5.493361,4.624476,1452,10.6721
10853,37,31,2.890677,2.458229,1446,10.7620
10854,31,62,2.672268,3.262999,1462,10.8798
10855,62,58,2.363898,1.975433,1476,10.7563
10856,58,4,3.589173,3.703740,1465,10.5858
10857,4,36,2.789234,2.297128,1445,10.6978
10858,36,4,2.104025,2.079109,1471,10.5949
10859,4,49,2.712233,2.570008,1480,10.6243
10860,49,22,3.042721,3.335510,1463,10.5829
10861,22,33,3.664695,4.380376,1442,10.5761
10862,33,13,4.901337,4.391032,1439,10.6409
10863,13,56,3.185634,3.918345,1441,10.6569
10864,56,17,4.352119,4.165528,1480,10.5436
10865,17,1,2.670690,3.158940,1467,10.5913
10866,1,53,1.891310,2.496619,1477,10.8189
10867,53,62,5.793654,5.533286,1456,10.6853
10868,62,58,2.034444,1.921236,1470,10.6253
10869,58,56,5.152580,4.052737,1488,10.5952
10870,56,17,4.231638,3.973866,1435,10.6442
10871,17,61,3.332233,3.086385,1473,10.6722
10872,61,43,2.622344,3.050742,1361,10.3605
10873,43,20,2.250445,2.400221,1403,10.5439
10874,20,24,4.479260,4.578405,1242,9.9793
10875,24,0,4.149308,4.089912,1447,10.6639
10876,0,44,3.586232,3.226674,1453,10.6064
10877,44,62,4.375569,4.129309,1447,10.6221
10878,62,26,3.670864,3.694347,1450,10.6598
10879,26,51,2.830017,2.598204,1447,10.6304
10880,51,1,2.460268,2.215092,1390,10.4545
10881,1,14,1.777288,2.070263,1475,10.6560
10882,14,45,3.016036,2.959227,1475,10.7683
10883,45,26,6.788645,5.581070,1449,10.5801
10884,26,51,2.616375,2.540916,1467,10.6142
10885,51,1,2.130346,2.117032,1462,10.6172
10886,1,14,1.937053,2.022278,1457,10.5821
10887,14,45,3.064041,2.892709,1446,10.5941
10888,45,26,6.413058,5.460631,1468,10.6505
10889,26,51,2.574398,2.513360,1457,10.6055
10890,51,55,4.860589,4.800985,1465,10.6904
10891,55,41,5.118509,4.653131,1462,10.6664
10892,41,13,2.855982,3.113733,1424,10.6253
10893,13,23,4.014932,3.479449,1323,10.2729
10894,23,40,2.520580,2.666870,1459,11.1349
10895,40,48,3.690112,3.859767,1466,10.7103
10896,48,24,3.636656,2.939689,1448,10.6681
10897,24,23,2.565868,2.933720,1450,10.5945
10898,23,4,2.224139,2.739198,1436,10.5436
10899,4,31,5.018323,5.130962,1486,10.5727
10900,31,41,4.973071,4.416459,1229,10.1992
10901,41,50,3.281962,2.930426,1458,10.6111
10902,50,23,3.890370,3.591176,1471,10.5945
10903,23,4,2.153239,2.608383,1453,10.5722
10904,4,36,2.757624,2.326866,1454,10.6347
10905,36,4,1.923144,1.942354,1462,10.5986
10906,4,36,2.465849,2.181488,1443,10.5552
10907,36,4,1.730510,1.815090,1453,10.5713
10908,4,36,2.250962,2.044173,1471,10.5946
10909,36,29,4.237250,3.827276,1449,10.5504
10910,29,38,3.414401,3.368499,1466,10.8322
10911,38,42,3.651486,3.640024,660,6.6921
10912,42,48,2.933999,3.436024,1460,10.6626
10913,48,22,2.313593,2.730900,1469,10.6985
10914,22,1,3.974452,4.208745,1446,10.6748
10915,1,52,5.213881,5.152761,1463,10.6215
10916,52,54,3.203841,4.109156,1231,9.7152
10917,54,37,3.241272,3.669139,1455,10.6797
10918,37,10,2.918491,2.825873,1420,10.5860
10919,10,25,2.813956,2.583402,1090,9.2785
10920,25,8,2.854525,3.084760,1471,10.7441
10921,8,59,3.195913,3.138593,1316,10.1559
10922,59,8,2.343269,3.008680,1450,10.6060
10923,8,33,6.972204,6.438272,1404,10.5612
10924,33,13,4.659521,4.083361,1426,10.5542
10925,13,56,3.357573,3.925760,1462,10.7265
10926,56,17,4.160407,3.817110,1446,10.6508
10927,17,1,2.979838,3.226310,1474,10.7565
10928,1,14,1.875043,1.942501,1465,10.6282
10929,14,45,2.903446,2.784199,1444,10.6093
10930,45,0,6.800084,6.432417,1450,10.6081
10931,0,26,3.166861,2.916366,1469,10.6301
10932,26,51,2.666943,2.467214,1455,10.6220
10933,51,1,2.441012,2.101351,1465,10.5659
10934,1,14,1.528143,1.890092,1451,10.6657
10935,14,45,2.648372,2.705919,1500,10.5870
10936,45,49,6.184272,5.905692,1440,10.6355
10937,49,40,2.535568,3.188223,1441,10.6635
10938,40,62,3.758568,3.791609,1313,10.3362
10939,62,58,2.184264,1.960834,1455,10.5584
10940,58,54,3.555627,3.443176,1462,10.6476
10941,54,37,3.073725,3.499218,1476,10.6252
10942,37,31,2.623974,2.449815,1456,10.6611
10943,31,62,2.741802,3.157622,1448,10.5758
10944,62,30,3.066749,2.871758,1426,10.5050
10945,30,0,3.544891,3.808312,1479,10.6658
10946,0,26,2.939214,2.831130,1435,10.5199
10947,26,50,2.828471,2.571330,1475,10.5716
10948,50,23,3.259652,3.517595,1459,10.5586
10949,23,4,1.849766,2.476929,1457,10.6121
10950,4,49,2.888124,2.910569,1443,10.6820
10951,49,40,2.412286,3.071618,1440,10.5480
10952,40,47,4.414388,4.013230,1452,10.6868
10953,47,23,3.005757,3.008290,1450,10.6898
10954,23,4,1.783553,2.403728,1461,10.6301
10955,4,31,5.105255,5.378361,1467,10.6449
10956,31,62,2.964035,2.950041,1466,10.6507
10957,62,58,2.192354,1.935429,1453,10.6644
10958,58,56,4.688054,3.976733,1451,10.5875
10959,56,17,3.918074,3.670058,1479,10.6599
10960,17,37,5.759987,4.964043,1474,10.7186
10961,37,31,2.497270,2.423220,1401,10.4869
10962,31,62,2.505398,2.884284,1466,10.6573
10963,62,26,3.437397,3.744804,1457,10.5461
10964,26,50,2.579810,2.504575,1462,10.6272
10965,50,57,4.931744,4.525863,1437,10.5526
10966,57,9,3.277915,3.658358,1420,10.5013
10967,9,9,1.441288,0.522167,948,9.0290
10968,9,52,3.839776,4.267473,1304,10.3144
10969,52,54,3.196988,4.127755,1337,10.5503
10970,54,37,2.829956,3.413119,1463,10.6867
10971,37,10,2.889328,2.816960,1389,10.6230
10972,10,12,4.810567,5.517920,1472,10.6563
10973,12,13,1.610645,1.566446,777,6.1855
10974,13,56,3.204527,3.866949,1442,10.6457
10975,56,24,4.748930,4.752939,1471,10.6890
10976,24,0,4.312085,3.961860,1456,10.6389
10977,0,44,3.629883,3.310974,1434,10.6957
10978,44,28,2.645900,2.418982,1481,10.6601
10979,28,54,3.896182,3.814283,1451,10.6256
10980,54,37,2.665287,3.233322,1473,10.6086
10981,37,31,2.492146,2.353629,1450,10.6239
10982,31,62,2.365950,2.823723,1459,10.6579
10983,62,58,1.988529,1.897261,1444,10.5857
10984,58,56,4.678318,3.872502,1439,10.5911
10985,56,24,4.482403,4.560789,1456,10.8539
10986,24,48,2.950057,2.854324,1401,10.5615
10987,48,24,3.521177,2.825753,1452,10.6217
10988,24,48,2.949701,2.672162,1446,10.5493
10989,48,22,2.296043,2.717555,1457,10.6451
10990,22,33,3.805364,4.407250,1456,10.6275
10991,33,42,3.607793,3.340071,1451,10.6207
10992,42,48,3.198214,3.312730,1460,10.7019
10993,48,24,3.145519,2.706413,1470,10.6538
10994,24,23,2.782272,3.021085,1451,10.5920
10995,23,40,2.404741,2.817053,1450,10.6016
10996,40,48,3.622385,3.705780,1454,10.5579
10997,48,22,2.323016,2.645869,1446,10.5766
10998,22,33,3.444177,4.269647,1409,10.4586
10999,33,42,3.155257,3.195429,1475,10.5890
11000,42,43,2.852069,2.828439,1298,9.9959
11001,43,37,5.102844,5.229706,1446,10.9192
11002,37,31,2.303778,2.302619,1289,10.2055
11003,31,41,4.583029,4.636642,1461,10.6483
11004,41,5,3.787720,3.329504,1473,10.6084
11005,5,6,4.294025,3.506044,1377,10.3973
11006,6,26,5.519793,4.739230,1440,10.6234
11007,26,50,2.575409,2.492681,1475,10.6862
11008,50,23,3.734656,3.534159,1452,10.6036
11009,23,40,2.271301,2.740431,1444,10.6468
11010,40,62,4.134002,3.869859,1452,10.6438
11011,62,26,3.324412,3.779190,1468,10.5918
11012,26,50,2.375416,2.407118,1421,10.5470
11013,50,23,3.173543,3.404888,1466,10.7060
11014,23,40,2.196871,2.660675,1459,10.6287
11015,40,48,3.348336,3.676031,1457,10.6363
11016,48,24,3.136397,2.575823,1443,10.6732
11017,24,0,4.295121,3.936965,1467,10.7753
11018,0,44,3.570700,3.310691,1453,10.6034
11019,44,28,2.742787,2.386166,1484,10.6725
11020,28,54,3.393695,3.703451,1470,10.6612
11021,54,35,2.244797,2.843042,1394,10.6428
11022,35,53,4.889094,4.687511,1427,10.7497
11023,53,62,4.600349,5.074228,1463,10.8044
11024,62,58,2.140640,1.868195,1467,10.6603
11025,58,56,4.364940,3.732789,1462,10.6539
11026,56,24,3.845223,4.429956,1485,10.7186
11027,24,0,3.922287,3.815882,1475,10.8254
11028,0,26,2.832384,2.849232,1478,10.5939
11029,26,51,2.715541,2.568297,1445,10.6051
11030,51,1,2.253631,2.106837,1466,10.6136
11031,1,14,1.715882,1.881458,1456,10.5710
11032,14,1,2.346666,2.011068,1473,10.6306
11033,1,14,1.841009,1.749574,1464,10.6155
11034,14,57,3.697488,4.248463,1454,10.5673
11035,57,34,2.588946,2.613526,1475,10.7178
11036,34,16,1.962500,2.353980,1457,10.6871
11037,16,16,1.579626,0.915066,903,8.1133
11038,16,41,6.980838,6.628512,1309,10.1498
11039,41,13,3.582734,3.293020,1467,10.7059
11040,13,12,1.865789,1.859427,970,8.1094
11041,12,13,1.668761,1.514661,1256,10.1722
11042,13,12,1.926962,1.744260,1442,10.6950
11043,12,13,1.761665,1.417540,1434,10.6044
11044,13,12,1.782986,1.619842,1474,10.6436
11045,12,13,1.396164,1.327922,1454,10.6230
11046,13,23,3.521192,3.782701,1490,10.6040
11047,23,4,2.190640,2.678438,1485,10.7747
11048,4,49,3.126034,2.894750,1463,10.6184
11049,49,40,2.130013,2.932261,1465,10.6768
11050,40,47,4.186262,3.929369,1474,10.7939
11051,47,23,3.074770,2.972167,1463,10.6730
11052,23,40,2.094962,2.594216,1469,10.6215
11053,40,47,4.006365,3.815273,1475,10.6290
11054,47,24,3.501973,3.486343,1487,10.6066
11055,24,0,3.898996,3.709576,1449,10.6406
11056,0,26,2.681317,2.814599,1447,10.6779
11057,26,50,2.581865,2.395699,1446,10.6665
11058,50,3,5.128671,4.874240,1447,10.6335
11059,3,10,4.085203,4.289201,1164,9.6906
11060,10,12,5.437456,5.370218,1306,10.2571
11061,12,13,1.345587,1.323486,1429,10.7850
11062,13,23,4.031592,3.727505,1447,10.5172
11063,23,4,2.087955,2.653784,1441,10.5595
11064,4,36,2.849840,2.339806,1471,10.5937
11065,36,4,1.851018,1.952472,1436,10.5878
11066,4,49,3.037032,2.873594,1447,10.5558
11067,49,22,3.435793,3.394212,1489,10.6199
11068,22,33,3.405641,4.156700,1448,10.6326
11069,33,17,3.803134,3.693663,1458,10.7185
11070,17,37,6.327075,4.897737,1458,10.5963
11071,37,31,2.415861,2.228490,988,9.0162
11072,31,41,4.273049,4.600645,1403,10.4882
11073,41,5,3.674273,3.278507,1452,10.5851
11074,5,59,3.412339,2.698183,1466,10.6113
11075,59,8,2.397951,2.975350,836,8.7792
11076,8,59,3.007379,2.939133,1411,10.5478
11077,59,54,4.718560,4.015051,1348,10.2276
11078,54,35,2.205119,2.671190,1231,9.9031
11079,35,53,4.379797,4.509445,1410,10.3884
11080,53,62,4.646440,4.878606,1426,10.6006
11081,62,26,3.067096,3.501526,1457,10.5824
11082,26,51,2.696171,2.528751,1448,10.6391
11083,51,1,2.002303,2.056172,1450,10.7600
11084,1,53,2.661344,3.137594,1463,10.6768
11085,53,63,1.818100,2.184076,1462,10.6482
11086,63,47,4.094991,4.282900,1462,10.7014
11087,47,23,2.751439,2.995830,1450,10.7148
11088,23,40,2.238854,2.608809,1483,10.7281
11089,40,47,4.246121,3.780030,1465,10.5704
11090,47,33,3.373099,3.116709,1457,10.6728
11091,33,13,5.015558,4.158861,1431,10.5861
11092,13,56,3.490745,4.103468,1433,10.5886
11093,56,24,4.222825,4.378417,1464,10.8253
11094,24,23,2.692636,3.056009,1475,10.6210
11095,23,4,2.092707,2.567284,1469,10.6250
11096,4,49,2.883260,2.780753,1446,10.5951
11097,49,40,2.162665,2.868393,1444,10.7076
11098,40,47,3.667344,3.654881,1426,10.6051
11099,47,23,2.781284,2.730811,1454,10.7429
11100,23,4,1.950672,2.484465,1492,10.5698
11101,4,36,2.810814,2.390696,1440,10.5202
11102,36,4,1.806406,1.871153,1473,10.5623
11103,4,49,2.842666,2.758845,1478,10.6287
11104,49,22,3.381179,3.445729,1458,10.6129
11105,22,26,4.316591,4.548228,1446,10.6107
11106,26,51,2.594542,2.465592,1480,10.7280
11107,51,8,3.910773,3.825480,1470,10.6110
11108,8,33,7.196512,6.503207,1417,10.5816
11109,33,17,3.741591,3.585960,1442,10.7852
11110,17,1,3.167168,3.309353,1457,10.6417
11111,1,14,1.648047,1.808342,1443,10.6468
11112,14,45,3.041349,2.738133,1460,10.7186
11113,45,0,6.819234,6.143870,1363,10.4859
11114,0,48,4.081729,3.453907,1460,10.5960
11115,48,22,2.077680,2.669195,1462,10.6670
11116,22,26,4.347311,4.430694,1436,10.5412
11117,26,17,4.214711,4.395461,1438,10.5221
11118,17,1,3.067930,3.126571,1442,10.5643
11119,1,52,5.003645,5.326605,1448,10.8130
11120,52,54,3.443416,4.246596,1421,10.5864
11121,54,35,2.148936,2.540651,1431,10.5846
11122,35,53,4.705010,4.429918,1463,10.6136
11123,53,63,1.912746,2.024802,1435,10.5862
11124,63,54,2.201219,2.203031,1435,10.5531
11125,54,35,1.937194,2.463992,1460,10.5640
11126,35,53,4.301013,4.314796,1392,10.4307
11127,53,63,1.721988,1.875276,1459,10.5899
11128,63,54,1.975609,2.157374,1454,10.5803
11129,54,35,1.860622,2.402327,1482,10.5814
11130,35,46,3.315485,3.466597,1408,10.5317
11131,46,0,5.617906,5.064253,1422,10.5673
11132,0,26,2.604023,2.766720,1284,9.8349
11133,26,51,2.460809,2.439547,1460,10.6626
11134,51,8,3.407640,3.725432,1454,10.7376
11135,8,46,2.221356,2.241597,1468,10.6087
11136,46,26,6.445283,5.632396,1286,9.9377
11137,26,51,2.144210,2.305940,1468,10.7034
11138,51,1,2.002454,2.065559,1473,10.6344
11139,1,53,3.054682,3.431580,1440,10.6138
11140,53,63,1.676519,1.868535,1428,10.5803
11141,63,54,1.884211,2.107420,1471,10.7166
11142,54,63,2.113177,2.052925,1451,10.5898
11143,63,54,2.032030,1.966036,1469,10.6992
11144,54,37,3.350541,3.694977,1453,10.6541
11145,37,31,2.578976,2.247666,1467,10.6220
11146,31,62,2.293617,2.915177,1429,10.5895
11147,62,58,2.346484,1.969822,1483,10.6710
11148,58,4,2.979882,3.503615,1496,10.6385
11149,4,49,2.642158,2.590092,1444,10.6169
11150,49,22,2.839816,3.343451,1456,10.7272
11151,22,33,3.587833,4.337386,1346,10.2747
11152,33,13,4.338423,3.891145,1391,10.4888
11153,13,12,1.718176,1.806503,1327,9.9997
11154,12,13,1.864153,1.475660,1026,9.4124
11155,13,12,1.708146,1.681826,1469,10.6622
11156,12,30,5.459846,5.600972,1438,10.6013
11157,30,37,5.035168,4.361087,1457,10.5704
11158,37,31,2.137638,2.128129,1288,10.2443
11159,31,62,2.148506,2.858862,1450,10.6213
11160,62,30,3.376822,3.198289,1478,10.6575
11161,30,62,2.733770,2.527644,1461,10.6032
11162,62,58,1.977295,1.928346,1460,10.6096
11163,58,54,5.216094,3.754111,1452,10.6382
11164,54,63,1.614672,1.985366,1221,9.7625
11165,63,47,4.656951,4.749665,1439,10.5907
11166,47,24,3.070128,3.509761,1464,10.6679
11167,24,23,2.857293,2.985614,1441,10.6368
11168,23,4,1.815857,2.376766,1445,10.5943
11169,4,49,2.464723,2.530817,1437,10.5508
11170,49,40,2.286988,2.954456,1462,10.5810
11171,40,62,4.348402,4.055618,1456,10.5868
11172,62,58,1.878237,1.832054,1456,10.6633
11173,58,4,2.886770,3.518376,1452,10.5785
11174,4,49,2.358625,2.409023,1439,10.5311
11175,49,22,3.145651,3.385042,1487,10.6272
11176,22,1,3.845917,4.330242,1448,10.6088
11177,1,14,1.865794,1.931859,1446,10.6905
11178,14,57,3.455010,4.030728,1350,10.2749
11179,57,9,3.662566,3.657831,1463,10.6515
11180,9,7,2.757203,3.355995,1416,10.6438
11181,7,57,4.945744,4.620983,1449,10.6913
11182,57,34,2.662457,2.501164,1461,10.6384
11183,34,16,1.929308,2.271921,1453,10.5903
11184,16,16,1.480464,0.741303,1472,10.7334
11185,16,41,6.745517,6.707261,1454,10.7009
11186,41,50,3.307926,3.129035,1395,10.4167
11187,50,23,4.014594,3.488414,1244,10.0511
11188,23,40,2.187007,2.726624,1445,10.6205
11189,40,62,4.296257,3.953129,1467,10.6240
11190,62,58,1.872695,1.768812,1430,10.6625
11191,58,4,2.735367,3.449842,1440,10.5982
11192,4,49,2.419098,2.297519,1467,10.5962
11193,49,40,2.038959,2.823296,1456,10.5923
11194,40,48,3.780238,3.909135,1478,10.8253
11195,48,22,2.112218,2.620277,1448,10.7171
11196,22,1,3.526821,4.174295,1464,10.6668
11197,1,53,2.642361,3.443558,1437,10.6384
11198,53,63,1.537009,1.835482,1446,10.5565
11199,63,32,3.732677,3.689150,1467,10.6539
11200,32,44,5.823950,5.137949,1453,10.6196
11201,44,28,2.468437,2.356437,412,4.5760
11202,28,54,3.328418,3.643492,1362,10.4594
11203,54,63,1.641352,1.872014,1465,10.7410
11204,63,47,4.349727,4.653301,1459,10.6163
11205,47,23,2.848767,2.920009,1451,10.6279
11206,23,40,2.028259,2.574079,1456,10.5864
11207,40,62,4.019080,3.903980,1368,10.4090
11208,62,30,3.365380,3.089286,1442,10.6882
11209,30,0,3.819973,3.988721,1464,10.6239
11210,0,44,3.660542,3.468588,1426,10.5838
11211,44,62,3.803819,4.008873,1468,10.5986
11212,62,26,3.396949,3.611685,1474,10.6107
11213,26,51,2.606934,2.374829,1432,10.5093
11214,51,1,2.311279,2.059117,1454,10.6739
11215,1,52,5.232010,5.305376,1457,10.6577
11216,52,54,3.077611,4.185171,1437,10.6299
11217,54,35,2.547007,2.637558,1472,10.6422
11218,35,46,2.878964,3.223491,1331,10.3368
11219,46,52,5.589285,4.807179,1330,10.2815
11220,52,21,3.685099,3.061531,1358,10.4551
11221,21,35,3.001563,3.049451,1415,10.5171
11222,35,53,4.342378,4.414967,1447,10.6310
11223,53,62,4.328350,5.013250,1443,10.5792
11224,62,58,1.918040,1.806861,1447,10.5938
11225,58,4,2.864023,3.396679,1461,10.6142
11226,4,49,2.205130,2.237468,1402,10.5441
11227,49,40,1.815541,2.650677,1445,10.7794
11228,40,62,3.803372,4.003305,1471,10.5882
11229,62,58,1.833460,1.743473,1469,10.6478
11230,58,56,4.386272,3.990454,1455,10.5498
11231,56,17,3.800206,3.761328,1474,10.6119
11232,17,61,3.496210,3.191245,1214,9.5917
11233,61,43,2.698162,2.951804,1254,9.9871
11234,43,37,5.316513,5.048350,1349,10.3776
11235,37,10,2.986445,3.110572,1472,10.6674
11236,10,25,2.693501,2.557156,1508,10.6808
11237,25,8,2.862687,3.015225,1451,10.7019
11238,8,59,3.329953,2.979048,1456,10.6626
11239,59,8,2.320369,2.815585,1455,10.6143
11240,8,59,2.724034,2.808957,1451,10.6044
11241,59,8,2.134208,2.648150,1452,10.5825
11242,8,59,2.481092,2.641556,1447,10.5773
11243,59,54,4.531904,4.099656,1459,10.5965
11244,54,35,2.150884,2.504424,1464,10.6945
11245,35,46,3.166344,3.216151,1460,10.7194
11246,46,26,5.897674,5.571867,1433,10.5699
11247,26,50,2.728590,2.581896,1392,10.5234
11248,50,23,3.674464,3.403264,1459,10.6700
11249,23,4,1.913100,2.520071,1443,10.6804
11250,4,36,3.037168,2.620966,1472,10.6387
11251,36,4,1.802372,1.903316,1427,10.5502
11252,4,49,2.296339,2.258123,796,7.4729
11253,49,40,2.027844,2.658584,1233,10.0158
11254,40,62,3.800350,3.914486,1352,10.3702
11255,62,30,3.332511,3.042851,1468,10.6531
11256,30,0,3.816752,3.939538,1451,10.6725
11257,0,26,2.794520,2.815979,1395,10.5037
11258,26,51,2.469964,2.310309,1474,10.7478
11259,51,1,1.907796,2.014765,1451,10.5439
11260,1,14,1.636812,2.006677,1460,10.7128
11261,14,57,3.251699,3.929716,1464,10.6194
11262,57,34,2.106931,2.425564,1482,10.9062
11263,34,16,1.772945,2.178086,1453,10.6693
11264,16,16,1.445259,0.594494,1472,10.7541
11265,16,13,5.515614,5.705269,1428,10.5392
11266,13,12,1.565131,1.565927,1474,10.8450
11267,12,13,1.620350,1.467117,1425,10.5818
11268,13,12,1.679697,1.476334,1480,10.6821
11269,12,13,1.631164,1.380101,1437,10.5899
11270,13,12,1.489235,1.387621,1471,10.6187
11271,12,13,1.489285,1.301990,1467,10.5804
11272,13,23,3.844452,4.089917,1474,10.5966
11273,23,4,1.778364,2.464306,1490,10.7765
11274,4,49,2.183093,2.204412,1440,10.6936
11275,49,55,5.539512,5.784250,1459,10.6627
11276,55,20,2.933729,2.954415,1306,10.2751
11277,20,32,4.184361,4.516110,1469,10.7116
11278,32,44,5.470809,5.074366,1334,10.2718
11279,44,47,5.357513,4.600587,1386,10.5502
11280,47,24,3.670172,3.560712,1447,10.6859
11281,24,48,2.884266,2.648130,1476,10.6406
11282,48,55,3.277444,3.651553,1454,10.7913
11283,55,41,5.276404,4.760665,1458,10.5988
11284,41,5,3.746079,3.257598,1461,10.7513
11285,5,6,4.082138,3.448987,1464,10.6382
11286,6,26,5.818466,4.709071,1461,10.6862
11287,26,51,2.547376,2.290891,1455,10.5904
11288,51,1,1.991332,1.937645,1454,10.6599
11289,1,14,1.662630,1.988342,1413,10.6167
11290,14,57,3.167955,3.822819,1454,10.8211
11291,57,34,2.102813,2.381933,1441,10.7470
11292,34,16,1.854744,2.110696,1469,10.7391
11293,16,13,4.852621,5.548002,1405,10.5058
11294,13,23,3.853171,3.941445,1171,9.5524
11295,23,40,2.068735,2.604159,1324,10.0773
11296,40,62,4.106025,3.759186,1449,10.6507
11297,62,30,3.212831,2.884015,1469,10.6818
11298,30,0,3.705977,3.864048,1456,10.6680
11299,0,26,2.821865,2.807427,1463,10.6640
11300,26,51,2.559941,2.225181,1449,10.5960
11301,51,1,1.703260,1.885739,1443,10.5379
11302,1,52,5.206574,5.331862,1450,10.7305
11303,52,54,3.109027,4.205293,1235,9.6461
11304,54,35,1.780225,2.382558,1448,10.6785
11305,35,10,2.259820,2.555245,1198,9.7765
11306,10,25,2.591610,2.502599,1376,10.3613
11307,25,41,4.178361,4.630321,1449,10.6997
11308,41,13,3.770953,3.445511,1446,10.6811
11309,13,12,1.569597,1.399067,1462,10.6711
11310,12,25,3.480214,4.050232,1454,10.6576
11311,25,8,2.707811,2.917881,1448,10.6159
11312,8,59,2.619368,2.566159,1461,10.7433
11313,59,54,4.273389,3.955608,1459,10.6359
11314,54,37,3.300536,3.626633,1444,10.5819
11315,37,31,2.422980,2.228022,1357,10.3155
11316,31,41,4.381854,4.593773,1465,10.5731
11317,41,5,3.440794,3.205852,1457,10.6337
11318,5,6,3.985400,3.383777,1473,10.8028
11319,6,26,5.459614,4.610505,1478,10.6739
11320,26,50,2.674022,2.624714,1455,10.6621
11321,50,23,3.474448,3.412700,1469,10.6222
11322,23,40,1.940754,2.547895,1429,10.6025
11323,40,62,3.657221,3.635734,1401,10.4965
11324,62,30,3.163945,2.756152,1442,10.6518
11325,30,37,4.548567,4.548300,1448,10.5888
11326,37,31,2.277215,2.101551,1449,10.6059
11327,31,62,2.927819,3.327286,1459,10.6050
11328,62,58,2.236842,1.942574,1454,10.6302
11329,58,54,4.130454,4.011223,1427,10.6053
11330,54,37,2.916757,3.421017,1464,10.7087
11331,37,40,7.277336,6.947610,1441,10.6320
11332,40,62,3.386009,3.360413,1451,10.6435
11333,62,58,2.023565,1.876980,1427,10.6001
11334,58,56,4.241549,3.777807,1473,10.7374
11335,56,24,4.385113,4.405359,1438,10.5951
11336,24,0,4.004956,3.738810,1459,10.6139
11337,0,26,2.743338,2.860937,1455,10.6723
11338,26,50,2.599840,2.555543,1447,10.6507
11339,50,23,3.222376,3.323897,1473,10.8213
11340,23,4,2.027722,2.694685,1449,10.6222
11341,4,36,3.107077,2.593391,1472,10.6403
11342,36,23,3.449378,4.176915,1454,10.5634
11343,23,41,3.694227,3.614697,1484,10.6296
11344,41,5,3.343841,3.154470,1437,10.5432
11345,5,59,3.298021,2.645724,1453,10.5648
11346,59,54,4.000790,3.888652,1466,10.6684
11347,54,35,1.960247,2.422325,1467,10.6557
11348,35,10,2.285090,2.483544,1449,10.7836
11349,10,25,2.569816,2.452038,1418,10.5418
11350,25,8,2.494468,2.848159,1467,10.6468
11351,8,33,6.823755,6.738944,1427,10.7175
11352,33,17,3.595982,3.465916,1460,10.6696
11353,17,37,6.117895,4.896195,1470,10.5893
11354,37,31,2.254939,2.076488,1433,10.5916
11355,31,62,2.454945,3.337120,1449,10.6688
11356,62,58,1.968824,1.812817,1502,10.6091
11357,58,54,4.535520,4.142197,1440,10.5764
11358,54,35,1.863972,2.373131,1444,10.6326
11359,35,46,2.961281,3.304316,1436,10.5681
11360,46,26,5.676813,5.429981,1106,8.5540
11361,26,50,2.423882,2.492440,1441,10.6096
11362,50,23,2.973241,3.212676,1471,10.7319
11363,23,4,2.000688,2.605982,1449,10.6503
11364,4,31,4.813625,5.447210,1451,10.6242
11365,31,62,2.751743,3.078887,1455,10.5842
11366,62,26,3.549399,3.912582,1489,10.5880
11367,26,51,2.518318,2.284917,1466,10.6075
11368,51,55,4.984378,4.842517,1481,10.6516
11369,55,41,5.248541,4.815028,1485,10.6340
11370,41,50,3.197193,3.063038,1445,10.5796
11371,50,3,5.021010,4.723486,1465,10.5735
11372,3,52,3.735415,4.031484,1430,10.5621
11373,52,25,5.307049,5.118855,1173,9.8618
11374,25,60,4.305957,4.155596,1441,10.6654
11375,60,37,5.161707,4.781375,1268,10.3334
11376,37,31,2.144055,2.109586,1462,10.7229
11377,31,36,4.675676,5.175409,1453,10.6571
11378,36,4,1.876802,1.977862,1438,10.5901
11379,4,36,2.895605,2.448193,1457,10.6174
11380,36,29,4.260531,3.800171,1439,10.6316
11381,29,38,3.307374,3.278324,1474,10.6920
11382,38,42,3.537605,3.585575,1317,10.2415
11383,42,49,5.431420,5.352510,1094,9.2829
11384,49,22,3.071787,3.267834,1473,10.6714
11385,22,1,3.625763,4.213890,1472,10.7534
11386,1,14,1.895990,1.940159,1458,10.6041
11387,14,45,2.915084,2.772245,1459,10.6206
11388,45,0,6.364200,5.919200,1449,10.6469
11389,0,26,2.804085,2.882895,1466,10.6668
11390,26,51,2.426251,2.229659,1422,10.5719
11391,51,1,2.374446,1.975712,1425,10.6228
11392,1,53,3.453694,3.652894,1438,10.6083
11393,53,63,1.847433,2.063285,1468,10.6816
11394,63,47,3.806062,4.065676,1463,10.6834
11395,47,24,3.548413,3.589201,1466,10.6037
11396,24,23,2.897617,3.138482,1409,10.7122
11397,23,41,3.579263,3.493175,1451,10.6316
11398,41,50,3.197396,2.996855,1441,10.5748
11399,50,23,2.966440,3.004991,1455,10.5603
11400,23,40,2.444719,2.885256,1452,10.5797
11401,40,47,4.194521,3.958698,1450,10.5768
11402,47,33,3.813761,3.341731,1468,10.7303
11403,33,13,4.657807,3.871370,1477,10.6623
11404,13,12,1.330659,1.393171,1259,9.8811
11405,12,13,1.610353,1.411936,867,7.3708
11406,13,23,3.835970,3.792889,1388,10.5642
11407,23,40,2.477964,2.702715,1454,10.6410
11408,40,62,3.624464,3.435221,1470,10.6519
11409,62,58,2.032751,1.859267,1454,10.5788
11410,58,54,4.215260,3.888648,1450,10.6221
11411,54,35,1.910292,2.363800,1443,10.5275
11412,35,46,2.746539,3.174690,1348,10.4334
11413,46,26,5.655626,5.414899,1383,10.4560
11414,26,51,2.177254,2.182860,1456,10.7848
11415,51,1,1.770775,1.894729,1459,10.6639
11416,1,53,3.423424,3.493631,1458,10.6211
11417,53,5,5.509694,4.853238,1467,10.6680
11418,5,59,3.830039,2.543947,1464,10.8062
11419,59,54,3.845029,3.875058,1456,10.6248
11420,54,63,2.194003,2.284458,1432,10.6064
11421,63,54,2.269136,2.196735,1447,10.5715
11422,54,37,3.222744,3.613985,1462,10.6311
11423,37,31,2.322404,2.080304,1451,10.6074
11424,31,41,4.197331,4.788298,1454,10.5966
11425,41,5,3.348193,3.184704,1461,10.7064
11426,5,59,2.981831,2.484076,1469,10.6066
11427,59,8,2.070426,2.662054,1447,10.6825
11428,8,59,2.231502,2.575114,1457,10.6152
11429,59,54,3.763650,3.796772,1459,10.6622
11430,54,63,1.886958,2.205889,1456,10.7030
11431,63,54,2.155195,2.083677,1439,10.5488
11432,54,35,2.011541,2.444540,1432,10.5804
11433,35,10,2.404879,2.618526,1475,10.5669
11434,10,12,5.135625,5.364583,1453,10.6646
11435,12,13,1.402388,1.345960,1417,10.6084
11436,13,12,1.489266,1.451150,1378,10.6142
11437,12,13,1.398042,1.282744,1469,10.6714
11438,13,12,1.416280,1.381042,1436,10.6833
11439,12,13,1.257304,1.225874,1458,10.5735
11440,13,56,4.161767,4.745280,1479,10.6210
11441,56,42,5.778763,5.648954,1346,10.4931
11442,42,49,5.498784,5.081100,1225,10.1823
11443,49,40,2.277014,2.717277,1472,10.6703
11444,40,47,3.972831,3.839233,1447,10.7495
11445,47,24,3.656931,3.352539,1467,10.6876
11446,24,0,3.914826,3.630442,1446,10.6674
11447,0,44,4.043377,3.710461,1434,10.6947
11448,44,47,5.390851,4.486215,1469,10.7274
11449,47,33,3.365254,3.242915,1443,10.5517
11450,33,13,4.962013,3.920850,1445,10.7021
11451,13,12,1.510902,1.383079,1477,10.7014
11452,12,13,1.365332,1.264654,1387,10.4901
11453,13,23,3.396349,3.860106,1479,10.7760
11454,23,40,2.160234,2.569734,1458,10.6071
11455,40,47,3.930190,3.802747,1470,10.5813
11456,47,33,3.279155,3.099615,1471,10.6661
11457,33,17,3.531315,3.588818,1429,10.5654
11458,17,37,5.901322,4.788567,1464,10.7098
11459,37,31,2.315336,2.058087,1352,10.5606
11460,31,41,4.185798,4.675613,1460,10.6460
11461,41,5,3.348572,3.118152,1448,10.6091
11462,5,28,3.540884,3.614150,1442,10.6388
11463,28,55,3.913389,3.654096,1325,10.2265
11464,55,20,3.183538,2.939018,1455,10.6533
11465,20,24,4.421899,4.574301,907,7.2066
11466,24,0,3.875570,3.560167,1457,10.6210
11467,0,44,3.967392,3.707025,1457,10.6353
11468,44,28,2.720707,2.459588,1448,10.6852
11469,28,55,3.713256,3.606757,1488,10.5683
11470,55,20,2.793536,2.863189,1471,10.6515
11471,20,24,4.482953,4.465248,1467,10.6538
11472,24,0,3.576902,3.492220,1455,10.6809
11473,0,44,3.859434,3.704716,1479,10.6295
11474,44,62,3.904065,4.037895,1453,10.5726
11475,62,58,2.115023,1.838420,1442,10.5854
11476,58,54,4.340789,3.978036,1473,10.7431
11477,54,63,1.769936,2.148151,1456,10.6687
11478,63,32,3.881279,3.571743,1464,10.7289
11479,32,44,5.729252,5.021461,1226,9.5098
11480,44,28,2.738984,2.442621,1464,10.6224
11481,28,55,3.910830,3.489993,1464,10.7376
11482,55,20,2.880398,2.776657,1478,10.6972
11483,20,24,4.254323,4.383216,869,7.5572
11484,24,23,3.115550,3.446321,1030,8.9042
11485,23,40,2.006472,2.460397,1423,10.6854
11486,40,47,3.716863,3.676080,1400,10.4770
11487,47,33,3.130564,2.994684,1447,10.9762
11488,33,17,3.442718,3.518147,1461,10.5924
11489,17,37,6.168319,4.694848,1459,10.6578
11490,37,31,2.215249,2.037731,1173,9.5708
11491,31,41,4.061616,4.572222,1451,11.2021
11492,41,13,3.690493,3.852541,1458,10.6696
11493,13,56,3.881393,4.551035,1467,10.6742
11494,56,24,4.249891,4.439867,1473,10.7071
11495,24,23,2.822658,3.323957,1446,10.6399
11496,23,40,1.960876,2.362786,1461,10.6311
11497,40,47,3.647893,3.535739,1445,10.5641
11498,47,33,2.965083,2.898382,1455,10.6610
11499,33,17,3.088946,3.469769,1457,10.6604
11500,17,1,3.300749,3.127494,1467,10.5798
11501,1,53,2.275949,3.352619,1460,10.6313
11502,53,63,1.823321,2.067615,1461,10.5538
11503,63,47,4.675789,4.716072,1459,10.6083
11504,47,33,2.724139,2.769689,1471,10.6211
11505,33,17,3.222859,3.427020,1475,10.6918
11506,17,1,2.981301,3.043053,1465,10.6925
11507,1,14,2.020421,2.135332,1452,10.6035
11508,14,45,2.473233,2.626795,1447,10.5593
11509,45,0,6.082718,5.772658,1457,10.6365
11510,0,26,3.134725,3.125833,1428,10.4428
11511,26,50,2.624680,2.588412,1451,10.6465
11512,50,3,4.710815,4.466365,1452,10.5743
11513,3,10,4.108111,4.358697,1448,10.5930
11514,10,25,2.478100,2.401611,766,6.1700
11515,25,60,3.965927,4.027829,1429,10.5493
11516,60,21,3.748888,3.574739,1472,10.6987
11517,21,35,2.838880,3.132457,1450,10.6410
11518,35,10,2.382705,2.423424,1474,10.6240
11519,10,25,2.226625,2.350664,1448,10.6286
11520,25,60,3.777270,3.952904,1464,10.5891
11521,60,45,5.507870,5.298847,1415,10.5882
11522,45,26,6.488676,5.621046,1396,10.6374
11523,26,17,4.596687,4.476965,1468,10.7082
11524,17,1,2.816804,2.839808,1470,10.6193
11525,1,53,2.691414,3.445989,1407,10.4559
11526,53,63,1.854600,2.081283,1449,10.6200
11527,63,54,2.225408,2.202858,1441,10.6811
11528,54,63,1.702749,1.978465,1448,10.6906
11529,63,54,2.092411,2.064363,1437,10.7715
11530,54,63,1.564085,1.876032,1417,10.4336
11531,63,32,3.578715,3.704863,1462,10.5986
11532,32,44,5.600831,4.934720,1442,10.7410
11533,44,62,3.940070,4.009442,1468,10.6248
11534,62,58,2.092763,1.805578,1228,9.8773
11535,58,4,3.119911,3.669641,1469,10.8915
11536,4,49,2.855993,2.659254,1447,10.6979
11537,49,55,5.192658,5.106770,1471,10.6115
11538,55,20,3.136649,2.721588,1408,10.5793
11539,20,24,3.889158,4.286613,1442,10.5973
11540,24,23,3.122779,3.367519,1454,10.6627
11541,23,4,2.447188,2.981314,1471,10.6730
11542,4,49,2.745127,2.591299,1469,10.7427
11543,49,55,4.993668,5.043962,1461,10.6394
11544,55,41,5.383175,4.949568,1502,10.8057
11545,41,13,3.750505,3.806041,1438,10.6408
11546,13,12,1.576517,1.432074,1467,10.7600
11547,12,13,1.413007,1.250197,1465,10.6747
11548,13,12,1.602015,1.370214,1460,10.9538
11549,12,13,1.415480,1.186657,1452,10.6636
11550,13,12,1.466286,1.298599,1457,10.9269
11551,12,13,1.199124,1.129603,1430,10.5562
11552,13,12,1.192557,1.242873,1458,10.6365
11553,12,13,1.143939,1.100165,1464,10.5735
11554,13,12,1.223388,1.198957,1483,10.5980
11555,12,13,1.104503,1.069871,1446,10.5278
11556,13,23,3.848212,3.960581,1473,10.5655
11557,23,40,2.010822,2.400020,1460,10.6780
11558,40,62,3.422543,3.491815,1465,10.6733
11559,62,58,1.896172,1.754422,1428,10.7001
11560,58,54,4.475984,3.908838,1461,10.6107
11561,54,63,1.483096,1.836322,1476,10.7236
11562,63,47,4.788235,4.745647,1118,9.0814
11563,47,24,3.646687,3.693474,1449,10.7568
11564,24,48,2.800532,2.811017,1460,10.6313
11565,48,55,3.251059,3.660746,1433,10.6575
11566,55,20,2.723539,2.694513,1429,10.8217
11567,20,24,4.332946,4.287691,1475,10.6515
11568,24,0,3.757310,3.568052,1439,10.6030
11569,0,44,4.247684,3.857439,1450,10.5894
11570,44,62,3.535004,3.893461,1444,10.6674
11571,62,58,1.778425,1.696856,1460,10.5990
11572,58,54,3.698284,3.809558,1439,10.5372
11573,54,35,2.383294,2.817950,947,8.1695
11574,35,10,2.315403,2.361294,1445,10.7397
11575,10,12,5.914959,5.726963,1471,10.8056
11576,12,25,4.946129,4.278870,1440,11.0338
11577,25,8,2.559887,2.872517,1445,10.7591
11578,8,46,2.339280,2.369628,1449,10.6218
11579,46,52,5.058751,4.557108,1476,10.7118
11580,52,54,3.005913,4.319152,1432,10.6660
11581,54,35,2.395271,2.655906,1068,8.4662
11582,35,10,2.090765,2.311411,1453,10.5533
11583,10,25,2.461470,2.456403,1450,10.5376
11584,25,60,3.429354,3.809117,1477,10.6385
11585,60,21,3.600408,3.515898,1456,10.7730
11586,21,59,4.295841,4.229146,1443,10.7919
11587,59,8,2.016166,2.574891,1453,10.6094
11588,8,46,2.130461,2.312937,1449,10.5872
11589,46,52,4.916418,4.487279,1448,10.5507
11590,52,21,3.658129,3.024541,1489,10.9317
11591,21,59,3.818314,4.191380,1435,10.5647
11592,59,8,2.124213,2.461345,1458,10.5515
11593,8,59,2.675573,2.538240,1459,10.5834
11594,59,54,4.035333,3.920069,1456,10.5529
11595,54,35,1.972037,2.526418,1464,10.8090
11596,35,10,2.006539,2.280246,1448,10.6823
11597,10,12,5.572207,5.850178,1458,10.5655
11598,12,13,1.206003,1.083966,1461,10.7435
11599,13,23,3.316213,3.590822,1442,10.7516
11600,23,40,1.877004,2.336921,1458,10.5639
11601,40,47,3.774834,3.674324,1378,10.3684
11602,47,24,3.498423,3.572927,1445,10.6514
11603,24,0,3.512374,3.424730,1477,10.6037
11604,0,44,3.886956,3.854564,1469,10.6138
11605,44,62,3.662458,3.760292,1121,8.8640
11606,62,58,1.796229,1.659573,1469,10.6311
11607,58,56,4.704380,4.019883,1462,10.5705
11608,56,17,3.953541,3.986783,1442,10.6086
11609,17,1,2.115702,2.774542,1274,9.8887
11610,1,53,2.491823,3.319486,1463,10.6367
11611,53,62,5.278099,5.179159,1458,10.8387
11612,62,58,1.612140,1.608652,1474,10.6028
11613,58,56,4.291175,3.849977,1478,10.6545
11614,56,42,5.134063,5.639827,1384,10.3593
11615,42,48,3.002542,3.422309,1448,10.7022
11616,48,24,3.001535,2.563084,1473,10.6798
11617,24,23,2.918047,3.350602,1452,10.7502
11618,23,41,3.514893,3.680835,1458,10.6527
11619,41,50,3.173612,2.895040,1472,10.6161
11620,50,23,3.655819,3.338905,1453,10.7279
11621,23,4,2.706117,3.125144,1452,10.5918
11622,4,49,2.899298,2.591932,1427,10.5993
11623,49,40,2.101229,2.730313,1440,10.5672
11624,40,62,3.735238,3.666411,1484,10.6139
11625,62,58,1.659991,1.592439,1449,10.5748
11626,58,4,3.104008,3.801824,1473,10.5948
11627,4,49,2.723892,2.491734,1456,10.5452
11628,49,22,3.046993,3.296615,1454,10.5996
11629,22,1,3.073910,3.762329,1452,10.5804
11630,1,14,2.286436,2.183097,1441,10.6334
11631,14,45,2.684808,2.621412,1481,10.6386
11632,45,0,5.653134,5.502003,1399,10.6161
11633,0,26,3.486329,3.337737,1445,10.6164
11634,26,50,2.627717,2.652290,1464,10.5890
11635,50,23,2.703405,3.264421,1456,10.7517
11636,23,40,1.794002,2.398236,1455,10.6408
11637,40,62,3.746882,3.607448,1490,10.5941
11638,62,30,3.393206,3.081042,1453,10.6632
11639,30,62,2.365319,2.466123,1443,10.5807
11640,62,58,1.646941,1.604606,1427,10.5287
11641,58,4,3.226833,3.661383,1467,10.5755
11642,4,49,2.547525,2.415080,1462,10.5466
11643,49,40,1.996277,2.638799,1482,10.5955
11644,40,62,3.393351,3.430515,1459,10.6071
11645,62,58,1.535487,1.591553,1447,10.5116
11646,58,4,2.774546,3.515040,1448,10.6765
11647,4,49,2.429573,2.333388,1457,10.7604
11648,49,40,1.935776,2.557983,1454,10.6295
11649,40,62,3.124022,3.342254,1461,10.5830
11650,62,58,1.573632,1.589442,1444,10.5461
11651,58,4,2.884434,3.386270,1462,10.6160
11652,4,36,3.259226,2.746138,1461,10.5716
11653,36,4,2.002670,2.052690,1460,10.5798
11654,4,49,2.459628,2.302097,1497,10.5579
11655,49,22,3.296174,3.441353,1478,10.5232
11656,22,26,4.335241,4.759051,1452,10.5864
11657,26,51,2.754128,2.469739,1448,10.5852
11658,51,1,2.045037,1.992527,1476,10.6434
11659,1,53,2.893705,3.261468,1456,10.6717
11660,53,63,2.018223,2.225261,1436,10.7018
11661,63,47,4.502714,4.447917,1198,9.6691
11662,47,23,3.443255,3.411941,1486,10.9576
11663,23,41,3.491821,3.504867,1458,10.6375
11664,41,5,3.363809,3.131988,1454,10.6064
11665,5,6,3.788242,3.379791,1466,10.7466
11666,6,26,5.566119,4.608732,1305,10.4106
11667,26,51,2.869052,2.438715,1486,10.5840
11668,51,1,1.914171,1.934663,1461,10.6698
11669,1,53,2.407314,3.088692,1474,10.6501
11670,53,62,5.513736,5.488778,1457,10.6541
11671,62,58,1.802092,1.618520,1478,10.7153
11672,58,56,4.293932,3.803126,1474,10.6147
11673,56,24,4.363824,4.609163,1107,8.9814
11674,24,0,3.386229,3.299757,1467,10.7254
11675,0,44,4.260564,3.905203,1466,10.7172
11676,44,62,3.445089,3.705082,1440,10.5929
11677,62,58,1.755921,1.581684,1450,10.6057
11678,58,54,4.110100,4.041746,1442,10.5134
11679,54,63,1.624470,2.043342,1435,10.7569
11680,63,54,2.051895,2.092070,1453,10.7182
11681,54,63,1.658706,1.957554,1452,10.5631
11682,63,32,3.541763,3.632302,1465,10.6547
11683,32,54,3.442402,2.913825,1390,10.3626
11684,54,35,2.283601,2.579631,1484,10.5658
11685,35,10,2.020254,2.233641,1458,10.7445
11686,10,25,2.549745,2.474624,1453,10.6187
11687,25,8,2.386834,2.834273,1472,10.7418
11688,8,59,2.395956,2.469514,1477,10.6428
11689,59,54,3.689901,3.884627,1450,10.5920
11690,54,35,1.938503,2.414525,1455,10.6106
11691,35,46,3.000471,3.547465,1447,10.6086
11692,46,26,5.597434,5.367280,1440,10.4928
11693,26,51,2.518892,2.382478,1416,10.4862
11694,51,1,2.042910,1.894681,1457,10.8220
11695,1,14,2.076639,2.283632,1452,10.6818
11696,14,45,2.291265,2.518685,1477,10.5938
11697,45,26,6.507601,5.502681,1456,10.6634
11698,26,50,2.724389,2.801762,1475,10.8157
11699,50,23,3.095943,3.235258,1441,10.6635
11700,23,40,1.837074,2.400032,938,7.8942
11701,40,47,3.902414,3.907124,1363,10.3382
11702,47,33,2.950428,2.717645,1472,10.6850
11703,33,17,3.129100,3.460840,1474,10.6976
11704,17,37,5.689858,4.599290,1425,10.5203
11705,37,10,3.081540,3.252948,994,7.9611
11706,10,1,7.359304,7.166683,1488,10.5784
11707,1,14,1.966464,2.035546,1447,10.6621
11708,14,45,2.161415,2.473203,1456,10.5949
11709,45,26,5.900185,5.414162,1451,10.7576
11710,26,51,2.520203,2.455698,1472,10.6403
11711,51,1,1.866681,1.951723,1455,10.6122
11712,1,14,1.787849,1.952917,1463,10.6322
11713,14,57,3.555360,4.088258,1438,10.5642
11714,57,34,2.194367,2.427406,1473,10.6153
11715,34,16,1.763418,2.059297,1465,10.6204
11716,16,13,4.113650,5.247429,1469,10.5920
11717,13,23,2.375007,3.672882,1225,10.0034
11718,23,40,1.936562,2.302182,1311,10.2101
11719,40,47,3.539377,3.789142,1384,10.4658
11720,47,24,3.507581,3.477728,1473,10.7110
11721,24,0,3.313561,3.181667,1447,10.6449
11722,0,26,3.409337,3.545907,1452,10.7114
11723,26,51,2.616063,2.395396,1417,10.5449
11724,51,55,4.376013,4.545762,1459,10.5939
11725,55,41,5.221908,4.822737,1452,10.6764
11726,41,5,3.372984,3.064973,1457,10.7017
11727,5,6,3.771132,3.298981,1479,10.6250
11728,6,26,5.201583,4.552229,1440,10.7837
11729,26,51,2.462089,2.383566,1451,10.6293
11730,51,1,1.835632,1.952130,1343,10.2141
11731,1,14,1.632434,1.914860,1438,10.5809
11732,14,1,2.302838,1.893409,1463,10.6402
11733,1,53,2.833579,3.072463,1452,10.5702
11734,53,63,2.382926,2.363791,1459,10.6817
11735,63,47,4.600449,4.597259,1477,10.6843
11736,47,23,3.110617,3.374341,1390,10.4249
11737,23,40,1.817902,2.208199,1461,10.6534
11738,40,48,3.970394,4.284314,1473,10.7439
11739,48,55,3.215280,3.645731,1444,10.6811
11740,55,20,2.958693,2.662905,1460,10.6432
11741,20,31,7.141636,6.984613,1480,10.6562
11742,31,41,3.966228,4.274275,1306,10.2675
11743,41,5,3.270735,2.997791,1460,10.5980
11744,5,6,3.831658,3.227883,1441,10.5902
11745,6,51,5.047421,4.773709,1427,10.8057
11746,51,1,1.641875,1.861959,1460,10.6675
11747,1,53,2.613020,2.910895,1459,10.5803
11748,53,62,5.438922,5.243877,1456,10.6447
11749,62,58,2.048639,1.636217,1442,10.6551
11750,58,4,2.632754,3.289205,1407,10.5447
11751,4,49,2.619623,2.296877,1465,10.5412
11752,49,40,1.835593,2.563811,1464,10.6289
11753,40,62,3.739515,3.818279,1479,10.6358
11754,62,30,3.395857,3.091134,1457,10.7060
11755,30,0,3.879442,4.096212,1464,10.6783
11756,0,26,3.599444,3.532291,1467,10.6312
11757,26,51,2.484972,2.420943,1455,10.7256
11758,51,1,1.789777,1.811429,1459,10.6135
11759,1,14,1.739236,2.029465,1434,10.5770
11760,14,57,3.355251,3.977665,1455,10.5875
11761,57,9,3.070074,3.702743,1410,10.6096
11762,9,52,4.286898,4.090098,1330,10.2041
11763,52,21,3.236818,2.860980,1442,10.5950
11764,21,35,3.102085,3.215918,1440,10.5913
11765,35,10,1.890931,2.157869,1361,10.3120
11766,10,25,2.357871,2.456182,1411,10.7686
11767,25,41,4.081155,4.837363,1424,10.6718
11768,41,5,3.355497,2.913920,1475,10.6676
11769,5,59,4.013484,2.710381,1476,10.6826
11770,59,54,4.044301,3.696181,1474,10.7002
11771,54,35,1.775187,2.347603,1458,10.5977
11772,35,53,5.407285,5.079185,1390,10.6859
11773,53,63,2.489634,2.251865,1215,9.5293
11774,63,47,4.251224,4.386975,1476,10.6703
11775,47,23,2.990766,3.429259,1442,10.6146
11776,23,40,1.700025,2.132673,1453,10.5523
11777,40,47,4.043204,4.106237,1361,10.5250
11778,47,24,3.396080,3.506474,1460,10.7272
11779,24,48,2.912063,2.770636,1447,10.6433
11780,48,24,3.275282,2.420284,1462,10.6647
11781,24,23,2.989982,3.326546,1426,10.4641
11782,23,41,3.275087,3.576888,1416,10.6219
11783,41,5,2.992726,2.823134,1462,10.6558
11784,5,59,3.123332,2.643031,1456,10.6194
11785,59,8,2.006135,2.413291,1405,10.6034
11786,8,59,2.260030,2.401775,1443,10.6598
11787,59,8,1.883020,2.274155,1450,10.6571
11788,8,59,2.111342,2.264071,1480,10.6980
11789,59,54,3.661843,3.763557,1460,10.5530
11790,54,37,3.794193,4.216053,1453,10.6164
11791,37,31,2.580616,2.294117,1453,10.6112
11792,31,62,2.902447,3.458981,1453,10.6516
11793,62,58,2.061843,1.669081,1452,10.6325
11794,58,4,2.300736,3.196052,1445,10.7059
11795,4,36,3.226402,2.656543,1467,10.7823
11796,36,29,4.340798,3.527458,1449,10.5845
11797,29,38,3.119485,3.213351,1376,10.4707
11798,38,42,3.480026,3.512171,1458,10.6241
11799,42,48,2.884924,3.372702,775,6.1862
11800,48,22,2.712577,3.055839,1433,10.5219
11801,22,33,4.280236,4.720254,1451,10.5819
11802,33,13,5.086091,4.387805,1442,10.6678
11803,13,23,2.905745,3.469407,1479,10.6921
11804,23,40,1.729802,2.154521,1429,10.5625
11805,40,47,3.827192,3.909324,1455,10.5549
11806,47,33,2.718508,2.743820,1478,10.6262
11807,33,13,4.813463,4.350545,1442,10.6119
11808,13,12,1.401649,1.548230,1489,10.7235
11809,12,13,1.483866,1.293930,1462,10.6234
11810,13,12,1.644036,1.466668,1472,10.7648
11811,12,13,1.501252,1.222635,1449,10.6064
11812,13,12,1.360654,1.377128,1451,10.5985
11813,12,13,1.229313,1.170248,1470,10.6082
11814,13,23,3.326031,3.487217,1475,10.6628
11815,23,4,2.712001,3.522517,1479,10.7291
11816,4,49,2.533887,2.351390,1467,10.6979
11817,49,40,1.736451,2.601123,1466,10.6799
11818,40,47,3.764540,3.774362,1469,10.6056
11819,47,24,3.419966,3.357464,1459,10.7330
11820,24,48,2.751832,2.678543,1444,10.5889
11821,48,22,2.628703,2.971874,1462,10.6386
11822,22,26,4.658630,4.715968,1451,10.6262
11823,26,51,2.500739,2.424797,1238,9.4619
11824,51,1,1.917930,1.770655,1450,10.6453
11825,1,14,1.750027,1.981279,1442,10.6202
11826,14,57,3.121794,3.845109,1467,10.7201
11827,57,34,2.132012,2.448757,1502,10.7619
11828,34,16,1.808258,2.037367,1463,10.5510
11829,16,13,4.093586,5.156808,1450,10.6684
11830,13,12,1.253558,1.353830,1384,10.4337
11831,12,13,1.264120,1.162735,1451,10.6214
11832,13,23,3.446811,3.477440,1469,10.6500
11833,23,40,1.652902,2.184321,1458,10.6200
11834,40,62,4.299088,3.819032,1452,10.5988
11835,62,58,1.929587,1.673948,1445,10.7161
11836,58,54,4.597213,4.267581,1460,10.6954
11837,54,37,3.511283,4.012247,1432,10.6465
11838,37,10,3.148377,3.052708,1452,10.6638
11839,10,12,5.504185,5.895408,1471,10.6662
11840,12,13,1.206752,1.128227,1454,10.6803
11841,13,23,3.118604,3.304705,1355,10.5927
11842,23,40,1.498481,2.128951,1449,10.6860
11843,40,47,3.662589,3.698467,1442,10.5985
11844,47,33,2.687707,2.674473,1476,10.6594
11845,33,17,3.539234,3.511847,1457,10.5708
11846,17,37,5.630534,4.552283,1442,10.6571
11847,37,31,2.479698,2.244939,1199,9.9006
11848,31,62,2.734020,3.472718,1450,10.6286
11849,62,58,2.150798,1.611183,1442,10.6336
11850,58,54,4.410680,4.151972,1428,10.5772
11851,54,63,1.904740,2.213150,1433,10.7619
11852,63,54,2.236050,2.160875,1475,10.6537
11853,54,35,2.135143,2.535922,1432,10.5898
11854,35,53,4.833111,4.829661,1465,10.7654
11855,53,63,1.987970,2.075274,1459,10.5949
11856,63,54,2.077831,2.122682,1459,10.7223
11857,54,63,1.714695,2.085987,1422,10.4856
11858,63,54,2.017580,1.991462,1458,10.5960
11859,54,63,1.582951,1.971802,1449,10.5969
11860,63,32,3.710795,3.784041,1436,10.5798
11861,32,44,5.528875,4.856207,1470,10.6690
11862,44,28,3.045147,2.583151,1475,10.6781
11863,28,54,2.781828,3.231465,1436,10.5796
11864,54,37,3.927349,4.203117,1472,10.5918
11865,37,31,2.656257,2.215773,1456,10.8097
11866,31,62,2.719560,3.372282,1460,10.6215
11867,62,30,3.446866,3.102444,1420,10.5787
11868,30,62,2.403613,2.429755,1466,10.6313
11869,62,30,3.131390,2.951096,1445,10.5496
11870,30,62,2.231310,2.274728,1453,10.5631
11871,62,30,2.848939,2.779632,1453,10.6035
11872,30,0,4.128812,4.161227,1465,10.5528
11873,0,26,3.664630,3.397971,1450,10.6512
11874,26,50,3.049039,3.045714,1457,10.5888
11875,50,23,3.478693,3.552599,1455,10.6229
11876,23,4,2.894977,3.673271,1475,10.6163
11877,4,49,2.737764,2.356261,1447,10.6165
11878,49,40,1.697343,2.558704,1465,10.5655
11879,40,62,3.754037,3.701877,1425,10.5330
11880,62,26,3.797389,4.173093,1472,11.1342
11881,26,51,2.543507,2.424298,1458,10.5871
11882,51,8,4.011527,4.230221,1484,10.7334
11883,8,33,7.354717,7.107705,1251,9.7881
11884,33,42,4.484059,3.802637,1451,10.6481
11885,42,43,2.783208,2.783076,1121,9.6313
11886,43,20,2.179683,2.272359,654,5.8600
11887,20,31,7.089469,6.819530,1282,9.8677
11888,31,41,4.279624,4.235464,1136,8.8559
11889,41,5,3.028750,2.833877,1443,10.6154
11890,5,59,3.302799,2.565147,1468,10.6051
11891,59,8,1.707099,2.267628,1181,9.5589
11892,8,33,7.269942,7.007819,1401,10.6198
11893,33,42,3.704377,3.585955,1458,10.7158
11894,42,43,2.560034,2.766128,1411,10.6324
11895,43,20,2.041337,2.180003,485,4.8853
11896,20,32,4.578165,4.929385,1455,10.7590
11897,32,44,5.225614,4.767500,1425,10.7628
11898,44,47,4.753781,4.119492,1453,10.6849
11899,47,33,2.766496,2.795825,1452,10.7676
11900,33,13,4.818237,4.241955,1449,10.6462
11901,13,23,2.773419,3.005049,1447,10.7138
11902,23,41,3.521185,3.793745,1463,10.6495
11903,41,5,2.721986,2.734304,1437,10.7047
11904,5,6,3.584432,3.301051,1455,10.6304
11905,6,26,4.893102,4.520733,1478,10.7161
11906,26,51,2.498240,2.382972,1445,10.6787
11907,51,1,1.945850,1.789509,1476,10.6318
11908,1,14,1.814314,1.930630,1453,10.6492
11909,14,1,2.207587,1.815171,1464,10.6016
11910,1,52,5.935937,5.629287,1453,10.6949
11911,52,21,2.856421,2.883229,594,5.6608
11912,21,4,6.198944,5.784881,931,7.9440
11913,4,49,2.730827,2.251803,1466,10.7011
11914,49,40,1.718591,2.527764,1458,10.6552
11915,40,47,3.746424,3.610634,1415,10.4116
11916,47,24,3.166626,3.242274,1467,10.7299
11917,24,0,3.445555,3.183158,1460,10.6884
11918,0,44,4.426883,4.119389,1460,10.6283
11919,44,28,2.853485,2.572390,1456,10.6602
11920,28,54,2.559638,3.150582,1457,10.6156
11921,54,35,2.169741,2.691000,1479,10.6355
11922,35,10,2.091222,2.282841,1466,10.6710
11923,10,25,2.810321,2.359257,1360,10.2901
11924,25,8,2.423966,2.829247,1454,10.6617
11925,8,46,2.564570,2.603827,1464,10.5881
11926,46,52,4.407701,4.236099,1459,10.6248
11927,52,54,3.602392,4.481733,1458,10.6239
11928,54,35,2.234524,2.511382,1465,10.6612
11929,35,53,4.550484,4.666551,1442,10.6054
11930,53,62,5.244069,5.149609,1482,10.6670
11931,62,30,3.005826,2.621441,1432,10.5976
11932,30,0,3.764531,4.044426,1403,10.4910
11933,0,44,4.444681,4.036208,1443,10.6730
11934,44,62,3.424804,3.683088,1462,10.6358
11935,62,26,3.756166,3.980232,1473,10.6378
11936,26,50,3.044799,2.992240,1459,10.6480
11937,50,3,4.589209,4.232532,1436,10.5595
11938,3,52,4.047122,4.101840,1456,10.6247
11939,52,21,3.222460,2.779390,1155,9.0911
11940,21,35,2.571479,3.187120,1393,10.4840
11941,35,53,4.370844,4.563524,1455,10.6894
11942,53,5,5.238552,5.063794,1455,10.5872
11943,5,6,3.655854,3.152934,1460,10.6542
11944,6,51,5.034490,4.714853,1423,10.7625
11945,51,1,1.940719,1.774631,1482,10.6560
11946,1,14,1.682488,1.864770,1451,10.5897
11947,14,1,1.867244,1.703744,1407,10.5295
11948,1,53,3.159948,3.427842,1481,10.6356
11949,53,63,2.021198,2.018058,1473,10.5837
11950,63,47,4.683626,4.906260,1474,10.6680
11951,47,33,3.173669,2.695098,1335,10.1554
11952,33,13,4.925518,4.162354,1459,10.8154
11953,13,12,1.480549,1.583759,1425,10.5836
11954,12,13,1.502241,1.297187,869,7.4017
11955,13,23,2.386203,2.816425,1258,9.5415
11956,23,40,1.735237,2.338634,1466,10.6677
11957,40,47,3.604162,3.625483,1452,10.6062
11958,47,24,3.085442,3.135436,1452,10.6343
11959,24,23,3.243789,3.363773,1434,10.6956
11960,23,4,3.259837,3.914350,1459,10.7316
11961,4,49,2.554628,2.235257,1447,10.5998
11962,49,22,3.514238,3.484717,1462,10.6059
11963,22,1,3.912095,4.259970,1516,10.6440
11964,1,14,1.647987,1.739372,1476,10.7085
11965,14,1,1.648686,1.619819,1450,10.5818
11966,1,14,1.534623,1.652666,1457,10.6296
11967,14,1,1.499974,1.542796,1453,10.6180
11968,1,53,3.215415,3.439504,1455,10.5649
11969,53,63,2.205990,2.008228,1457,10.5809
11970,63,32,3.477941,3.588421,1448,10.7734
11971,32,54,3.140727,2.909442,1460,10.6016
11972,54,37,3.514596,3.940532,1100,8.8198
11973,37,31,2.743731,2.270052,1462,10.6871
11974,31,62,2.758942,3.261116,1451,10.6793
11975,62,58,2.080305,1.894804,1444,10.6683
11976,58,56,3.879069,3.393720,1465,10.6211
11977,56,17,4.398906,4.146711,1449,10.7582
11978,17,61,3.655642,3.260512,1065,8.9475
11979,61,59,5.197774,4.923504,1458,10.6845
11980,59,8,1.709156,2.168494,1377,10.6446
11981,8,33,7.104947,6.995538,1496,10.7583
11982,33,13,5.483746,3.940161,1460,10.7720
11983,13,12,1.576022,1.578591,1461,10.6727
11984,12,13,1.492044,1.355768,1466,10.7410
11985,13,23,2.169604,2.631027,1445,10.6408
11986,23,40,1.613748,2.364538,1454,10.5509
11987,40,48,3.911960,4.131050,1451,10.6693
11988,48,24,2.963201,2.438146,1462,10.6160
11989,24,23,3.048567,3.239118,1443,10.6220
11990,23,4,3.276040,3.861746,1452,10.5739
11991,4,49,2.334361,2.208354,1437,10.5663
11992,49,40,1.784836,2.584735,1456,10.5718
11993,40,62,3.996499,3.962847,1474,10.5731
11994,62,26,3.557822,3.911768,1454,10.6729
11995,26,51,2.614149,2.483396,1456,10.5805
11996,51,1,1.764730,1.775963,1462,10.6228
11997,1,14,1.407236,1.686798,1433,10.5826
11998,14,1,1.711573,1.492914,1451,10.6568
11999,1,53,3.097431,3.296591,1434,10.5992
12000,53,63,2.179049,2.048771,1482,10.6562
12001,63,54,1.929280,2.065765,1448,10.6485
12002,54,35,1.897469,2.425998,1424,10.5803
12003,35,46,3.283853,3.578755,1470,10.6754
12004,46,0,6.746102,6.018802,1469,10.6606
12005,0,44,4.226441,3.840884,1477,10.7193
12006,44,62,3.229356,3.592927,1473,10.6378
12007,62,30,2.863969,2.620259,1469,10.6511
12008,30,37,4.787344,4.385465,1458,10.5922
12009,37,40,6.781459,6.445971,1472,10.7238
12010,40,62,3.236134,3.629591,1479,10.6398
12011,62,58,2.016652,1.935205,1460,10.5923
12012,58,54,4.471794,4.003262,1458,10.6118
12013,54,37,3.303602,3.779859,1465,10.6625
12014,37,40,6.894554,6.519440,1457,10.5837
12015,40,62,3.604091,3.328552,1089,9.4726
12016,62,58,1.792006,1.852884,1482,10.5518
12017,58,4,3.239339,3.540781,1450,10.5881
12018,4,36,3.338089,2.767102,1446,10.5572
12019,36,29,3.782168,3.389880,1463,10.5836
12020,29,2,3.975192,4.158898,1331,10.3400
12021,2,33,4.905315,4.731879,1389,10.4618
12022,33,13,4.747543,3.770248,1447,10.6454
12023,13,12,1.597414,1.564757,1457,10.8098
12024,12,13,1.588623,1.389141,1432,10.5332
12025,13,12,1.532735,1.479858,1429,10.6176
12026,12,13,1.529878,1.312543,1417,10.5835
12027,13,23,2.290692,2.666870,1459,10.6844
12028,23,41,3.239382,3.944141,1429,10.6296
12029,41,13,4.123277,3.968762,1470,10.6721
12030,13,23,2.701118,2.392024,1468,10.7134
12031,23,40,2.138354,2.770555,1449,10.5859
12032,40,47,3.340243,3.411994,1476,10.6313
12033,47,24,2.975794,2.994116,1472,10.6868
12034,24,0,3.203908,3.252338,1463,10.5896
12035,0,48,3.874961,3.110081,1476,10.6313
12036,48,24,2.932911,2.376334,1457,10.6362
12037,24,23,2.773252,3.202973,1476,10.6153
12038,23,41,3.596120,3.983677,1453,10.5728
12039,41,50,3.309328,3.052470,1452,10.6692
12040,50,23,4.499508,3.844685,1437,10.6028
12041,23,41,3.243273,3.651449,1476,10.5998
12042,41,50,3.178755,3.000050,1459,10.5714
12043,50,23,4.407792,3.674296,1453,10.6521
12044,23,41,3.223722,3.336629,1466,10.6562
12045,41,50,3.131749,2.943096,1461,10.5988
12046,50,57,4.916030,4.420993,1456,10.5987
12047,57,9,3.426913,3.720518,305,5.1231
12048,9,9,1.106524,0.701319,280,3.8336
12049,9,7,3.163602,3.327488,542,5.5073
12050,7,62,6.584518,5.877864,628,6.8940
12051,62,58,1.980766,1.801331,1452,10.5820
12052,58,54,4.676957,3.930680,1445,10.5435
12053,54,63,1.676583,2.147806,1466,10.6654
12054,63,47,5.134970,5.038190,671,5.5492
12055,47,24,2.648328,2.920611,1468,10.6029
12056,24,48,2.615232,2.723558,1460,10.5650
12057,48,24,2.734731,2.213005,1452,10.7568
12058,24,0,3.275962,3.194357,1484,10.6076
12059,0,44,4.062216,3.900829,1448,10.6009
12060,44,28,2.773965,2.672878,1473,10.8242
12061,28,55,3.818723,3.415291,1457,10.6535
12062,55,13,5.770888,5.290195,1467,10.9303
12063,13,12,1.744732,1.486192,1463,10.7204
12064,12,13,1.453218,1.386893,1438,10.6768
12065,13,23,2.133748,2.542986,1446,10.5883
12066,23,4,3.242540,3.970892,1470,10.5865
12067,4,49,2.663580,2.323383,1476,10.6699
12068,49,22,2.978891,3.399658,1453,10.6537
12069,22,33,4.641988,5.148869,1462,10.8152
12070,33,13,4.824962,3.727003,1462,10.6665
12071,13,12,1.416127,1.496621,1466,10.7046
12072,12,13,1.506223,1.415816,1454,10.6352
12073,13,23,1.918416,2.406284,1361,10.2594
12074,23,40,2.152503,2.856246,1467,10.6097
12075,40,48,3.193994,3.782894,1434,10.6265
12076,48,24,2.601167,2.150844,1471,10.5787
12077,24,0,3.145008,3.048579,1458,10.5478
12078,0,26,3.350049,3.499577,1466,10.5748
12079,26,50,2.868183,2.908464,1468,10.7751
12080,50,3,4.438389,4.230687,1458,10.6166
12081,3,10,4.691117,4.385968,1489,10.6658
12082,10,12,5.840287,5.457740,1257,10.1770
12083,12,13,1.325796,1.355267,1462,10.6189
12084,13,23,1.992772,2.327007,1420,10.5114
12085,23,4,3.051098,3.996577,1438,10.5825
12086,4,49,2.368175,2.276003,1476,10.5636
12087,49,22,2.845222,3.348042,1437,10.5517
12088,22,33,4.518594,5.076798,1477,10.7290
12089,33,42,4.060742,3.428358,1473,10.5899
12090,42,43,2.577820,2.768910,1480,10.6944
12091,43,20,2.231172,2.121158,1431,10.5819
12092,20,24,4.532287,4.732847,1448,10.7641
12093,24,0,2.881696,2.905219,1451,10.6189
12094,0,44,4.110174,3.988029,1439,10.5393
12095,44,62,3.329848,3.594011,1322,10.1700
12096,62,58,1.983167,1.782040,1451,10.5683
12097,58,54,4.548572,3.743526,1397,10.4084
12098,54,63,1.842064,2.094946,1422,10.4992
12099,63,47,5.205797,4.825268,1461,10.7293
12100,47,33,3.235930,2.928548,1459,10.6594
12101,33,13,4.116624,3.742963,1470,10.6478
12102,13,56,5.114863,5.404547,1329,10.3943
12103,56,17,4.098489,3.947654,1463,10.6942
12104,17,37,5.735772,4.556500,1458,10.6789
12105,37,40,6.200704,6.165644,1468,10.6214
12106,40,47,3.743574,3.611880,1432,10.5834
12107,47,33,2.889162,2.799119,1465,10.6357
12108,33,42,3.404172,3.491109,1442,10.6058
12109,42,48,3.131945,3.234180,1447,10.6581
12110,48,22,2.816939,2.989891,1462,10.6098
12111,22,33,4.162890,4.942725,1456,10.5615
12112,33,42,3.271025,3.329755,1449,10.5742
12113,42,43,2.785535,2.807371,1439,10.5812
12114,43,20,2.198736,2.054226,1452,10.5945
12115,20,24,4.842224,4.701319,1475,10.5944
12116,24,23,2.875794,3.515209,1452,10.6431
12117,23,4,3.357727,3.804710,1464,10.5497
12118,4,49,2.366946,2.264997,1343,10.5767
12119,49,40,2.383984,2.971238,1434,10.5519
12120,40,47,3.850808,3.530325,1476,10.6839
12121,47,33,2.452210,2.685809,1442,10.6406
12122,33,17,3.244366,3.707652,1425,10.5791
12123,17,1,3.171772,3.128470,1452,10.7107
12124,1,53,2.338648,3.046143,1469,10.7186
12125,53,5,5.272348,5.068119,1452,10.6303
12126,5,59,3.576456,2.507848,1463,10.7581
12127,59,8,1.749245,2.171511,1466,10.6613
12128,8,33,7.466417,7.109088,1455,10.7305
12129,33,13,4.202741,3.752243,1461,10.6066
12130,13,23,1.879127,2.099056,1454,10.6915
12131,23,40,2.190761,3.030590,1450,10.5849
12132,40,62,3.584196,3.445553,1445,10.5672
12133,62,26,3.475375,3.763462,1455,10.6839
12134,26,50,2.777572,2.850779,1437,10.6920
12135,50,57,4.796872,4.261771,1483,10.5959
12136,57,34,2.721333,2.549049,1407,10.4103
12137,34,16,1.723496,1.991515,1392,10.4820
12138,16,13,4.567139,5.079153,1350,10.2469
12139,13,12,2.192525,1.798305,1462,10.9137
12140,12,13,1.661383,1.494712,1469,10.7959
12141,13,12,1.882343,1.669869,1452,10.5763
12142,12,13,1.585513,1.403740,1478,10.6545
12143,13,12,1.730370,1.567941,1472,10.7115
12144,12,13,1.437177,1.318164,1477,10.6416
12145,13,12,1.581533,1.477946,1456,10.6381
12146,12,25,4.039013,4.164534,1480,10.5683
12147,25,8,2.499433,2.711023,1463,10.7284
12148,8,33,7.207252,6.912862,1479,10.7424
12149,33,42,3.496942,3.270448,1469,10.8562
12150,42,48,2.822471,3.138628,1436,10.6397
12151,48,55,3.941261,3.899629,1470,10.7929
12152,55,20,3.006816,2.573880,1467,10.6839
12153,20,32,4.393988,4.863365,1464,10.7175
12154,32,32,2.469953,1.489181,1430,10.6176
12155,32,54,3.158109,3.095834,1467,10.7172
12156,54,35,2.647435,2.533990,1456,10.6123
12157,35,53,4.555258,4.599390,1443,10.5899
12158,53,63,2.172556,1.954068,1469,10.6377
12159,63,47,4.765622,4.862559,1457,10.6004
12160,47,23,3.579542,3.862721,1478,10.8324
12161,23,4,2.959383,3.554889,1440,10.9038
12162,4,36,3.373843,2.858828,1474,10.6322
12163,36,29,3.584625,3.286864,1428,10.6747
12164,29,38,2.987490,3.198419,1450,10.6501
12165,38,19,3.465600,3.660415,1174,9.2067
12166,19,46,3.268180,3.601627,1467,10.8158
12167,46,0,6.683109,6.012970,1449,10.6002
12168,0,48,3.279977,2.992735,1451,10.6476
12169,48,24,3.033708,2.247615,1459,10.6204
12170,24,23,2.915791,3.403716,1473,10.6257
12171,23,41,3.144053,3.433480,1431,10.6041
12172,41,5,3.292832,2.880846,1476,10.6140
12173,5,6,3.527209,3.064264,1458,10.6962
12174,6,5,2.824966,2.660640,1448,10.8125
12175,5,6,3.235329,2.906657,1469,10.5460
12176,6,5,2.385887,2.503612,1441,10.5659
12177,5,28,3.461463,3.599926,1460,10.6580
12178,28,53,2.346225,3.411355,1443,10.5694
12179,53,63,1.791951,1.871063,1436,10.6209
12180,63,54,2.210226,2.244944,1212,9.4813
12181,54,63,1.563158,1.992941,1462,10.7048
12182,63,54,2.141933,2.111875,1465,10.6113
12183,54,35,2.273433,2.567632,1458,10.6289
12184,35,53,4.576622,4.469012,1462,10.5940
12185,53,62,5.030927,5.384036,1439,10.6468
12186,62,58,1.980392,1.795606,1135,9.5034
12187,58,54,4.697878,3.653436,1463,10.8175
12188,54,63,1.492814,2.021994,1436,10.6684
12189,63,54,1.788680,2.055307,1479,10.6135
12190,54,35,2.342578,2.539165,1457,10.6524
12191,35,46,3.322642,3.578865,1470,10.5812
12192,46,26,5.548986,5.618121,1467,10.7824
12193,26,51,2.741004,2.574491,1457,10.6599
12194,51,8,4.553628,4.103860,1470,10.6296
12195,8,59,2.477880,2.465925,1470,10.6629
12196,59,54,3.815845,3.957103,1463,10.6484
12197,54,37,3.562774,3.916723,1447,10.6462
12198,37,31,2.730380,2.311871,1474,10.5933
12199,31,41,4.505389,4.445299,1447,10.5902
12200,41,13,3.549447,3.789624,1443,10.6888
12201,13,23,2.411379,2.453941,1201,9.5470
12202,23,41,3.052226,3.466395,1458,10.6271
12203,41,5,2.922694,2.738578,1454,10.6027
12204,5,59,2.913258,2.445128,1470,10.7003
12205,59,54,3.673139,3.769738,1456,10.6909
12206,54,35,2.055258,2.392610,1474,10.7264
12207,35,10,2.413665,2.728483,1461,10.5620
12208,10,12,5.325323,5.317976,1459,10.5876
12209,12,13,1.417791,1.341574,1437,10.8544
12210,13,23,2.167002,2.350497,1415,10.7182
12211,23,4,3.246602,3.654148,1481,10.6271
12212,4,49,2.453277,2.353313,1472,10.7057
12213,49,40,2.357323,2.893498,1463,10.8653
12214,40,47,3.789555,3.617320,1412,10.5652
12215,47,33,2.841997,2.796399,1465,10.6287
12216,33,17,3.386290,3.643810,1440,10.6205
12217,17,61,3.662338,3.216915,1473,10.6805
12218,61,30,5.127304,4.435128,1203,9.5543
12219,30,0,4.062767,4.069469,1454,10.7199
12220,0,26,3.461985,3.432576,1459,10.5811
12221,26,51,2.639083,2.512382,1463,10.7093
12222,51,8,4.240784,4.027982,1479,10.7009
12223,8,46,2.320695,2.496872,1459,10.6240
12224,46,0,6.721888,6.089755,1448,10.6177
12225,0,26,3.289809,3.316776,1468,10.6846
12226,26,51,2.461798,2.445421,1455,10.6368
12227,51,1,2.023052,1.947029,1461,10.6338
12228,1,14,1.621932,1.782856,1470,10.5831
12229,14,57,3.300453,3.832287,1451,10.6251
12230,57,34,2.174107,2.504858,1443,10.6774
12231,34,16,1.565305,1.976288,1451,10.6523
12232,16,41,7.454249,7.343286,1484,10.8571
12233,41,5,2.956847,2.662260,1233,10.1623
12234,5,59,3.054498,2.375879,1448,10.6221
12235,59,8,1.828680,2.325231,1462,10.6528
12236,8,33,6.830380,6.519267,1454,10.6274
12237,33,17,3.066907,3.529050,1450,10.7667
12238,17,37,5.855141,4.532398,1444,10.6458
12239,37,31,2.624954,2.268650,1439,10.5813
12240,31,41,4.189619,4.485422,1466,10.8367
12241,41,50,3.169987,2.984207,1468,10.9556
12242,50,23,4.597969,3.941502,1463,10.6689
12243,23,4,2.984111,3.425567,1470,10.7153
12244,4,36,3.423868,2.819215,1453,10.5782
12245,36,4,2.225819,2.371105,1451,10.6112
12246,4,49,2.535366,2.337391,1452,10.5604
12247,49,40,2.301088,2.831443,1476,10.7740
12248,40,62,3.910199,3.490565,1464,10.6029
12249,62,58,1.977573,1.842614,1446,10.6003
12250,58,54,4.389024,3.653313,1468,10.6543
12251,54,35,1.887386,2.300296,1483,10.7283
12252,35,46,3.077726,3.546696,1457,10.6166
12253,46,52,4.458647,4.157812,1383,10.5819
12254,52,21,3.427388,2.658623,1259,9.6451
12255,21,59,4.788628,4.730841,1253,9.9424
12256,59,58,5.822447,6.220134,1461,10.7104
12257,58,4,3.409493,3.693971,1449,10.6997
12258,4,36,3.070292,2.714859,1480,10.6031
12259,36,29,3.804024,3.277867,1466,10.6648
12260,29,2,3.949745,4.179205,1432,10.5744
12261,2,15,3.760159,3.988020,1417,10.6211
12262,15,27,3.745155,3.925701,1353,10.3122
12263,27,30,5.379554,4.969005,1112,9.5848
12264,30,0,3.857889,4.000361,1457,10.7509
12265,0,44,3.903927,3.655050,826,6.5449
12266,44,62,3.396496,3.605308,1373,10.5487
12267,62,58,1.906927,1.865302,1470,10.6670
12268,58,56,3.798863,3.502570,1120,9.0058
12269,56,42,5.409498,5.730030,1453,10.6580
12270,42,43,3.118016,2.841185,1474,10.8552
12271,43,20,1.855474,2.041501,1424,10.5812
12272,20,24,4.149169,4.473729,1443,10.6155
12273,24,0,3.202345,3.227398,1473,10.6604
12274,0,26,3.141132,3.276679,1447,10.5617
12275,26,50,2.925978,2.886221,1387,10.6298
12276,50,23,4.031963,3.879822,1470,10.9775
12277,23,4,2.704285,3.263341,1457,10.6238
12278,4,36,3.018732,2.621019,1112,8.9926
12279,36,4,2.118008,2.165069,1399,10.4252
12280,4,49,2.450034,2.382146,1430,10.6205
12281,49,22,3.259909,3.445252,1420,10.5625
12282,22,33,4.816165,5.259350,1458,10.7105
12283,33,17,3.192908,3.342245,1450,10.6829
12284,17,61,3.708074,3.172226,1468,10.7353
12285,61,43,2.619040,2.826540,1462,10.7165
12286,43,37,5.441301,4.963530,1450,10.6819
12287,37,31,2.531231,2.240086,1277,10.0036
12288,31,41,4.502869,4.402916,1090,9.1643
12289,41,5,2.746251,2.622916,1459,10.6118
12290,5,59,2.870329,2.389798,1468,10.6749
12291,59,54,4.188715,3.776009,1443,10.6258
12292,54,35,1.878934,2.168187,1472,10.7193
12293,35,53,4.789719,4.356307,1447,10.6265
12294,53,63,1.793375,1.847857,1469,10.6616
12295,63,54,2.348805,2.219725,1470,10.6296
12296,54,35,1.818297,2.098425,1434,10.6839
12297,35,10,2.566968,2.864931,1444,10.6377
12298,10,25,2.592513,2.422658,1370,10.3138
12299,25,8,2.614197,2.899793,1438,10.4748
12300,8,46,2.248896,2.402320,1460,10.6997
12301,46,26,6.195605,5.792465,1484,10.6346
12302,26,50,2.732829,2.815072,1374,10.4365
12303,50,23,3.633032,3.811015,1439,10.7280
12304,23,4,2.622580,3.062263,1470,10.6432
12305,4,49,2.326840,2.305334,1388,10.3433
12306,49,40,2.444931,2.884174,1411,10.5123
12307,40,48,3.697959,4.014778,1418,10.5416
12308,48,22,2.625329,3.000926,1167,9.1388
12309,22,26,4.462969,4.618684,1414,10.4547
12310,26,50,2.627826,2.774198,1458,10.8959
12311,50,57,5.007545,4.167913,1366,10.5432
12312,57,34,2.042748,2.515685,897,7.9281
12313,34,16,1.711844,1.965458,1470,10.8104
12314,16,16,0.951137,0.530406,1468,10.7013
12315,16,41,7.679980,7.410554,1408,10.6644
12316,41,50,3.094419,2.937835,932,7.3788
12317,50,57,4.487776,4.074657,1188,9.5144
12318,57,9,3.434689,4.029104,1465,10.9241
12319,9,9,1.648680,0.707141,1455,10.7207
12320,9,9,1.262810,0.591665,1475,10.6591
12321,9,7,3.230382,3.359251,1462,10.6577
12322,7,43,3.561948,4.279068,1454,10.6206
12323,43,20,1.736402,1.999190,1424,10.6389
12324,20,32,4.204031,4.767667,1371,10.3651
12325,32,54,2.744289,3.169068,1470,10.7777
12326,54,35,1.709662,2.002585,1460,10.7614
12327,35,46,3.233099,3.642812,1449,10.6117
12328,46,0,6.893276,6.262733,1478,11.1049
12329,0,44,3.832465,3.577205,333,5.2789
12330,44,28,2.943148,2.834430,1466,10.6446
12331,28,55,3.945281,3.263385,1457,10.7639
12332,55,20,2.894748,2.463892,1460,10.6313
12333,20,24,4.231935,4.347702,1480,10.8560
12334,24,48,2.280095,2.365255,1434,10.6600
12335,48,22,2.610747,2.924818,1459,10.6031
12336,22,33,4.713801,5.137231,1462,10.6130
12337,33,17,3.080282,3.168503,1478,10.7263
12338,17,61,3.597444,3.100239,1478,10.8043
12339,61,30,5.043632,4.350294,1450,10.6755
12340,30,62,2.462141,2.655473,1471,10.6734
12341,62,58,2.040839,1.862633,1454,10.5957
12342,58,54,3.519956,3.545142,1462,10.8466
12343,54,35,1.477303,1.933306,1453,10.6349
12344,35,46,3.133972,3.541329,1454,10.6818
12345,46,52,4.178498,4.132318,1091,9.4263
12346,52,21,3.080156,2.602009,1441,10.6752
12347,21,59,4.637436,4.703321,1460,10.7637
12348,59,8,1.999271,2.351684,1488,10.6672
12349,8,59,2.448597,2.441782,1479,10.7927
12350,59,54,3.802292,3.777663,1475,10.6757
12351,54,35,1.410797,1.869720,1430,10.6239
12352,35,10,2.720966,2.989427,1435,10.5512
12353,10,25,2.672496,2.430830,1462,10.6150
12354,25,60,3.636210,3.845039,1454,10.5792
12355,60,45,5.051722,5.150265,1463,10.7560
12356,45,49,5.986410,5.913828,1430,10.5762
12357,49,40,2.170545,2.739771,1390,10.6466
12358,40,62,3.821607,3.477630,1137,9.2466
12359,62,30,3.307093,3.010636,1443,10.8078
12360,30,0,3.884991,4.005421,1411,10.5810
12361,0,44,3.858294,3.468796,1455,10.8436
12362,44,62,3.118209,3.507438,1462,10.7673
12363,62,58,1.902360,1.852207,1472,10.7295
12364,58,4,3.260922,3.727370,1473,10.6777
12365,4,49,2.435586,2.354725,1452,10.7661
12366,49,22,3.255850,3.312956,1450,10.6632
12367,22,1,3.855318,4.390282,1478,10.6389
12368,1,14,1.913217,1.676175,1468,10.6780
12369,14,45,3.217746,3.180842,1428,10.4821
12370,45,26,6.350801,4.895200,1457,10.7157
12371,26,51,2.817974,2.641170,1480,10.8098
12372,51,1,2.376051,2.010899,1474,10.7355
12373,1,14,1.571687,1.619718,1306,10.1535
12374,14,45,3.162876,3.095790,1457,10.5598
12375,45,26,5.483073,4.816939,1473,10.7041
12376,26,50,2.768933,2.954784,1452,10.6787
12377,50,57,4.486743,3.855672,1457,10.7157
12378,57,34,2.265143,2.712930,1466,10.6793
12379,34,16,1.629102,2.005540,1457,10.6153
12380,16,13,4.659937,5.103987,1490,10.6739
12381,13,23,2.078956,2.590687,1470,10.7242
12382,23,4,2.482352,3.106309,1465,10.6342
12383,4,49,2.292258,2.287781,1463,10.5832
12384,49,40,2.233317,2.694728,1404,10.5278
12385,40,48,3.313438,3.929702,1456,10.5764
12386,48,24,2.503385,2.174719,1453,10.5851
12387,24,23,3.229339,3.696045,1435,10.6060
12388,23,40,2.574583,3.115761,1456,10.7575
12389,40,62,3.471650,3.486950,1465,10.6383
12390,62,58,1.887015,1.834263,1465,10.5703
12391,58,54,4.162264,3.530185,1455,10.6190
12392,54,35,1.365509,1.853032,1099,9.0946
12393,35,46,2.910222,3.496323,1361,10.6695
12394,46,52,4.392455,3.944422,1217,9.9574
12395,52,54,3.715094,4.622407,1468,10.6562
12396,54,37,3.814584,4.021694,1173,9.1035
12397,37,10,3.567690,3.428609,1443,10.5924
12398,10,12,5.722943,5.341645,1447,10.8215
12399,12,13,1.685983,1.445050,1457,10.6467
12400,13,23,1.838232,2.493260,1406,10.4595
12401,23,41,3.442331,3.760322,1439,10.5670
12402,41,50,2.888746,2.904634,1487,10.6546
12403,50,3,4.491127,4.314963,1396,10.4195
12404,3,52,4.118237,4.147444,1451,10.5826
12405,52,54,3.550184,4.516456,1265,10.0723
12406,54,37,3.435327,3.785514,1450,10.5845
12407,37,31,2.583428,2.238847,1475,10.7143
12408,31,62,2.934500,3.649651,1441,10.5778
12409,62,30,3.323510,2.986544,1478,10.8453
12410,30,0,3.823178,3.940775,1453,10.6783
12411,0,44,3.796496,3.389520,1451,10.5947
12412,44,28,3.145180,2.904707,1457,10.6047
12413,28,53,2.705802,3.491037,1433,10.5280
12414,53,63,1.909729,1.984483,1477,10.7203
12415,63,54,2.100085,2.247702,1448,10.8913
12416,54,63,2.128404,2.499930,1451,10.5971
12417,63,47,4.703966,4.742949,1438,10.5630
12418,47,23,3.834744,3.876321,1479,10.7350
12419,23,40,2.450464,3.000984,1413,10.5113
12420,40,62,3.648585,3.477644,1455,10.6489
12421,62,58,1.945939,1.821054,1473,10.7360
12422,58,4,3.292527,3.725729,1462,10.6748
12423,4,49,2.411390,2.254980,1445,10.6677
12424,49,40,1.936045,2.519562,1428,10.5971
12425,40,62,3.629783,3.393552,1354,10.1689
12426,62,58,1.836366,1.781402,1432,10.5484
12427,58,54,4.180565,3.595434,1465,10.6842
12428,54,35,1.662139,1.983763,1459,10.6250
12429,35,46,2.975379,3.273953,1464,10.8351
12430,46,26,6.261000,5.975717,1432,10.6021
12431,26,51,3.014683,2.680175,1453,10.6341
12432,51,1,2.475537,1.988840,1474,10.8625
12433,1,53,2.756895,3.331335,1474,10.8235
12434,53,62,5.095219,5.438090,1464,10.6842
12435,62,58,1.728569,1.700535,1437,10.5710
12436,58,54,3.705013,3.498038,1463,10.6265
12437,54,63,2.090466,2.544135,1461,10.6589
12438,63,54,2.264482,2.213358,1439,10.5648
12439,54,35,1.821005,2.017607,1474,10.5560
12440,35,10,2.305501,2.884268,1467,10.5882
12441,10,25,2.495330,2.395166,1470,10.5978
12442,25,60,3.284253,3.743474,1470,10.7439
12443,60,21,3.528436,3.622522,1402,10.4662
12444,21,35,3.509797,3.583452,1380,10.4248
12445,35,53,4.461445,4.281678,1471,10.5910
12446,53,63,1.927854,1.826228,1439,10.5946
12447,63,54,1.966696,2.199197,1424,10.5347
12448,54,35,1.727350,2.005226,1443,10.5217
12449,35,46,2.590450,3.302955,1461,10.5742
12450,46,52,3.958735,3.791836,1452,10.5372
12451,52,54,3.548501,4.497033,1465,10.5895
12452,54,63,2.082118,2.367609,1449,10.5769
12453,63,54,1.934311,2.065950,1449,10.5613
12454,54,63,2.022148,2.204959,1460,10.6134
12455,63,47,4.799326,4.821777,1473,10.5720
12456,47,33,3.135747,2.867273,1463,10.6207
12457,33,13,3.945107,3.778152,1459,10.6391
12458,13,56,4.673540,5.284447,1086,9.4439
12459,56,17,4.604237,4.158836,1166,9.9131
12460,17,1,3.041459,3.265307,1190,9.7700
12461,1,53,2.786391,3.361740,1467,10.6970
12462,53,62,5.289812,5.314755,1463,10.6042
12463,62,30,3.255326,2.962859,1465,10.6704
12464,30,62,2.300915,2.464263,1475,10.6111
12465,62,30,2.990966,2.809788,1447,10.6587
12466,30,37,4.455989,4.139522,1453,10.5901
12467,37,10,3.427005,3.409488,1466,10.5705
12468,10,12,5.220911,5.213369,1458,10.7583
12469,12,13,1.637852,1.496014,918,9.4838
12470,13,12,1.973004,1.858644,1202,10.1619
12471,12,25,3.165570,3.303882,1406,10.5962
12472,25,41,3.909892,4.292252,1437,10.6426
12473,41,50,3.109726,2.899421,1458,10.5731
12474,50,23,4.396052,3.735481,1461,10.5900
12475,23,4,2.884555,3.146210,1455,10.5958
12476,4,49,2.354183,2.261799,1447,10.5628
12477,49,40,1.878172,2.449250,1452,10.7324
12478,40,62,3.584941,3.536887,1448,10.6471
12479,62,30,2.803666,2.689084,1448,10.6181
12480,30,0,3.824371,3.953926,1467,10.5457
12481,0,44,3.628397,3.317113,1452,10.7189
12482,44,28,2.971238,2.905068,1461,10.5498
12483,28,55,3.660654,3.142293,1441,10.6186
12484,55,13,5.077669,5.317745,1450,10.6282
12485,13,23,2.133929,2.543242,1451,10.7804
12486,23,40,2.080164,2.854100,1447,10.5889
12487,40,62,3.380794,3.465399,1450,10.5605
12488,62,58,1.872103,1.845024,1440,10.5696
12489,58,54,3.913212,3.374891,1466,10.6565
12490,54,37,3.404959,3.761399,1457,10.7051
12491,37,10,3.551433,3.286817,1447,10.5820
12492,10,25,2.789094,2.412422,1458,10.7374
12493,25,41,4.044625,4.212337,1467,10.6804
12494,41,13,4.088468,3.629063,1466,10.6271
12495,13,12,1.995262,1.786042,1458,10.6362
12496,12,13,1.943704,1.492631,1460,10.6606
12497,13,12,1.855238,1.655075,1467,10.5923
12498,12,13,1.526141,1.389516,1105,9.1678
12499,13,12,1.701905,1.552707,1456,10.5736
12500,12,13,1.433680,1.308805,1426,10.4673
12501,13,56,4.907620,5.251331,1487,10.6844
12502,56,42,5.323499,5.325072,1465,10.6849
12503,42,43,2.987817,2.788294,1442,10.6766
12504,43,20,1.864998,1.996585,584,5.0723
12505,20,24,3.616653,4.130869,1445,10.5993
12506,24,23,3.653166,3.693868,1438,10.6658
12507,23,4,2.484042,3.111665,1449,10.5722
12508,4,31,5.242385,5.944917,1441,10.6954
12509,31,62,4.177309,3.503843,1321,10.2175
12510,62,58,1.685938,1.755380,1436,10.6670
12511,58,54,3.181611,3.242302,1485,10.6538
12512,54,35,1.761254,2.181507,1451,10.6376
12513,35,46,2.924781,3.173714,1461,10.5700
12514,46,26,5.815113,5.714769,1449,10.6765
12515,26,50,3.009716,3.010469,1485,10.7083
12516,50,3,4.365870,4.144848,1442,10.6766
12517,3,10,4.471831,4.464502,1397,10.5654
12518,10,25,2.600220,2.321015,1446,10.6690
12519,25,8,2.829505,3.150965,1204,9.4366
12520,8,46,2.021530,2.490487,1465,10.6936
12521,46,0,6.673141,6.365865,1440,10.5508
12522,0,44,3.540735,3.199294,1457,10.7142
12523,44,62,2.641339,3.347381,1464,10.6646
12524,62,58,1.785072,1.718095,1463,10.6744
12525,58,4,3.753389,3.881611,1446,10.6227
12526,4,49,2.542363,2.291536,1455,10.5792
12527,49,22,3.405111,3.364563,1448,10.6061
12528,22,33,4.518904,4.985505,1427,10.6111
12529,33,17,3.023785,3.158416,1453,10.6871
12530,17,1,2.742060,3.203335,1391,10.4797
12531,1,52,5.313454,5.362412,1469,10.6755
12532,52,21,2.657875,2.603213,1453,10.6338
12533,21,35,3.237271,3.584280,1443,10.6204
12534,35,10,2.360425,2.721443,1453,10.6403
12535,10,12,5.275838,5.529870,1437,10.7004
12536,12,13,1.400401,1.285572,1455,10.6814
12537,13,23,2.328514,2.759759,1442,10.5998
12538,23,41,3.351328,3.631116,1453,10.6553
12539,41,13,4.606002,3.431776,1449,10.6512
12540,13,12,1.652674,1.581740,1463,10.6497
12541,12,25,3.386611,3.489239,1440,10.6680
12542,25,8,2.469008,3.000715,1436,10.5802
12543,8,33,6.618506,6.383579,1440,10.6257
12544,33,42,3.319021,3.280580,1444,10.6891
12545,42,49,5.082893,4.915358,1219,9.6924
12546,49,40,1.807802,2.388290,1420,10.6081
12547,40,47,4.225319,4.167625,1377,10.7320
12548,47,24,4.251821,3.684778,1478,10.7236
12549,24,0,3.801560,3.614932,1474,10.6611
12550,0,48,3.706928,3.239430,787,6.3427
12551,48,24,2.733035,2.172364,1436,10.7058
12552,24,0,3.591624,3.497675,1462,10.6575
12553,0,44,3.362390,3.235613,1454,10.6805
12554,44,47,4.498827,3.725262,1464,10.6687
12555,47,24,3.962639,3.676511,1460,10.6417
12556,24,0,3.665642,3.267660,1438,10.6452
12557,0,44,3.413752,3.217125,1449,10.6868
12558,44,47,4.104992,3.614396,1485,10.6651
12559,47,24,3.512230,3.607497,1444,10.6312
12560,24,0,3.148173,3.079717,1464,10.7655
12561,0,44,3.216006,3.184755,1457,10.6351
12562,44,62,2.796917,3.238466,1448,10.6574
12563,62,30,2.943098,2.723457,1471,10.5717
12564,30,0,3.941150,4.060852,1449,10.6010
12565,0,26,3.919587,3.745397,1430,10.5819
12566,26,51,3.060777,2.756040,1451,10.8187
12567,51,8,4.527047,4.027543,1440,10.5697
12568,8,59,2.600105,2.444036,1428,10.6728
12569,59,54,3.978654,4.112029,1453,10.5942
12570,54,37,3.310393,3.546551,1449,10.6251
12571,37,31,2.682221,2.337776,1440,10.6745
12572,31,41,4.091215,4.223716,1443,10.6386
12573,41,13,3.411031,3.470803,724,6.1762
12574,13,12,1.511202,1.476552,1164,9.9255
12575,12,13,1.432742,1.305152,1243,9.9845
12576,13,23,2.088094,2.619461,1463,10.8835
12577,23,4,2.589059,3.264938,1447,10.5721
12578,4,49,2.458763,2.332019,1457,10.7293
12579,49,40,1.848847,2.355162,1483,10.6527
12580,40,47,3.789703,4.038621,1466,10.5769
12581,47,24,3.479065,3.468936,1450,10.6082
12582,24,0,2.958009,2.934013,1457,10.5917
12583,0,26,3.569255,3.704641,1463,10.5712
12584,26,51,2.790693,2.694933,1473,10.5539
12585,51,8,3.567872,3.946738,1384,10.5450
12586,8,46,2.135870,2.521969,1415,10.6188
12587,46,0,7.337759,6.693795,1333,10.3524
12588,0,26,3.831758,3.549420,1447,10.5845
12589,26,50,3.006354,3.070447,1396,10.4640
12590,50,23,3.272197,3.821914,1454,10.6378
12591,23,4,2.933988,3.106055,1450,10.7050
12592,4,49,2.508303,2.305863,1460,10.5581
12593,49,22,2.990577,3.303752,1443,10.5572
12594,22,1,3.777995,4.210016,1415,10.4832
12595,1,53,2.720052,3.336222,1432,10.8006
12596,53,63,1.750258,1.919498,1459,10.6553
12597,63,47,4.585293,4.629152,832,6.8152
12598,47,33,3.186894,2.982917,1468,10.6554
12599,33,42,3.251018,3.255801,1485,10.5994
12600,42,43,2.625557,2.813013,1456,10.6050
12601,43,37,5.051379,5.097223,639,6.3584
12602,37,31,2.654796,2.281300,1443,10.5999
12603,31,62,2.667633,3.516599,1451,10.6598
12604,62,58,2.318780,1.841944,1439,10.6005
12605,58,54,3.638274,3.238063,1440,10.6504
12606,54,37,3.067036,3.468711,1450,10.6591
12607,37,10,3.173607,3.206816,1454,10.6044
12608,10,25,2.501834,2.440399,1452,10.7134
12609,25,8,2.725423,3.081796,1455,10.7325
12610,8,33,6.612037,6.249434,1446,10.6297
12611,33,13,3.934296,3.806731,1431,10.5236
12612,13,23,1.949302,2.456018,1433,10.5944
12613,23,40,2.220466,3.034759,1471,10.6296
12614,40,47,3.873121,4.075236,1454,10.6291
12615,47,24,3.533033,3.379986,1444,10.6331
12616,24,23,3.400895,3.662466,1470,10.6088
12617,23,40,2.163329,2.875127,1457,10.5884
12618,40,48,3.792171,4.081295,1464,10.6176
12619,48,55,3.756948,4.097495,932,7.3534
12620,55,20,2.784963,2.379962,1224,9.7616
12621,20,24,4.104618,4.462600,1455,10.6993
12622,24,48,2.397418,2.562529,818,6.7968
12623,48,22,2.757913,2.985471,1465,10.6378
12624,22,1,4.044721,4.073117,1475,10.5903
12625,1,53,2.599181,3.249054,1464,10.6432
12626,53,63,1.739988,1.943117,1464,10.6716
12627,63,47,4.319787,4.602072,1434,10.5814
12628,47,33,3.148746,2.942977,1472,10.6332
12629,33,17,3.104377,3.296189,1456,10.7050
12630,17,1,2.474784,2.990360,1458,10.6193
12631,1,52,5.429629,5.243666,1461,10.5583
12632,52,54,3.882455,4.663758,1460,10.7487
12633,54,63,1.976612,2.316455,1415,10.6102
12634,63,32,3.881126,3.929636,1469,10.6564
12635,32,44,6.013410,5.079524,1473,10.5975
12636,44,28,3.524282,3.069915,1456,10.6576
12637,28,55,3.548436,3.009948,1464,10.6338
12638,55,20,2.164672,2.328505,1447,10.6303
12639,20,32,3.992039,4.730683,1445,10.6571
12640,32,54,3.153149,3.510112,1472,10.6425
12641,54,35,1.844218,2.268425,1464,10.5669
12642,35,46,2.562353,3.068380,1416,10.5048
12643,46,0,7.097443,6.370683,1446,10.6510
12644,0,44,3.404875,3.168104,1260,10.2811
12645,44,28,3.234309,3.053358,1465,10.7712
12646,28,54,2.825976,3.557743,1412,10.5613
12647,54,63,2.191139,2.233375,1452,10.6576
12648,63,47,4.589288,4.431456,1437,10.6197
12649,47,23,3.618339,4.210374,1471,10.7113
12650,23,40,2.051829,2.709362,1410,10.6542
12651,40,47,4.795162,4.365348,1002,8.4525
12652,47,23,3.644152,3.944924,1460,10.7114
12653,23,40,1.884839,2.544051,1302,10.2825
12654,40,62,3.858502,3.968009,1116,9.0809
12655,62,30,2.839801,2.656578,1458,10.6416
12656,30,62,2.143621,2.269090,1461,10.6475
12657,62,58,1.972229,1.833749,1463,10.7406
12658,58,54,2.973991,3.315408,1466,10.5826
12659,54,35,2.086198,2.299343,1448,10.5972
12660,35,53,4.672662,4.384176,1477,10.6660
12661,53,62,4.787001,5.138928,1478,10.6787
12662,62,30,2.704879,2.550877,1482,10.7222
12663,30,0,4.175279,4.189964,1441,10.5685
12664,0,26,3.511140,3.392564,1473,10.7830
12665,26,51,2.978351,2.744230,1454,10.6210
12666,51,8,3.683502,3.828947,1459,10.5613
12667,8,33,6.272240,6.071463,1377,10.5158
12668,33,42,3.348608,3.300696,1473,10.6942
12669,42,48,2.721169,3.183691,1408,10.5281
12670,48,22,2.633435,2.930439,1452,10.7118
12671,22,1,3.316292,3.857204,1447,10.5699
12672,1,53,2.975670,3.405115,1455,10.6912
12673,53,63,1.644334,1.878279,1446,10.6902
12674,63,54,1.972362,2.258385,1445,10.7648
12675,54,35,1.938968,2.204328,1460,10.7058
12676,35,10,2.399261,2.804900,1456,10.6441
12677,10,1,6.882925,6.825308,1482,10.5469
12678,1,14,1.968093,1.932566,1479,10.6882
12679,14,45,2.765240,2.738675,1469,10.6523
12680,45,26,5.461180,4.732202,1488,10.6384
12681,26,51,2.901119,2.748245,1445,10.6731
12682,51,8,3.895493,3.745696,1462,10.5864
12683,8,46,2.009364,2.579343,1463,10.8101
12684,46,26,6.234763,5.794090,1376,10.3774
12685,26,50,3.175523,3.195057,1448,10.6371
12686,50,23,3.672577,3.773813,1460,10.6522
12687,23,4,2.673522,3.079017,1451,10.6522
12688,4,49,2.509729,2.393052,1446,10.6717
12689,49,22,3.073568,3.097729,1444,10.7470
12690,22,1,2.967354,3.958174,1453,10.6736
12691,1,53,2.787487,3.216316,1453,10.6403
12692,53,5,5.271939,5.094052,1462,10.6144
12693,5,59,3.041649,2.329826,1477,10.8290
12694,59,54,4.190282,3.922204,1043,8.4894
12695,54,37,3.234049,3.500139,1472,10.7182
12696,37,31,2.535648,2.298287,1462,10.6163
12697,31,62,2.584252,3.410844,1444,10.6530
12698,62,58,1.971531,1.839901,1461,10.6227
12699,58,4,3.652322,3.955087,1444,10.5913
12700,4,31,6.473151,5.869828,1447,10.6202
12701,31,62,3.237040,3.164304,1457,10.6884
12702,62,30,2.610449,2.506884,1454,10.6630
12703,30,62,2.088666,2.146954,1466,10.6002
12704,62,30,2.499401,2.352443,1469,10.6506
12705,30,0,3.987162,4.190196,1496,10.5707
12706,0,48,3.342059,3.144890,1465,10.5888
12707,48,22,2.505184,2.814912,1442,10.6528
12708,22,26,4.826844,4.920127,1451,10.7356
12709,26,50,3.180896,3.199893,1465,10.6263
12710,50,3,4.224603,3.964849,1472,10.5473
12711,3,10,4.174452,4.466921,1467,10.5923
12712,10,25,2.673816,2.399679,1430,10.7501
12713,25,41,3.683397,4.031795,1407,10.6894
12714,41,5,3.371587,2.966413,1467,10.6231
12715,5,6,3.178536,2.900097,1460,10.5956
12716,6,26,5.367667,4.826083,1467,10.7288
12717,26,51,2.853781,2.796004,1448,10.6668
12718,51,1,2.644241,2.270105,1462,10.7195
12719,1,52,4.911516,4.942764,1442,10.6829
12720,52,54,4.094248,4.705939,1063,8.4071
12721,54,63,1.992326,2.273646,1475,10.6486
12722,63,54,2.231045,2.169595,1457,10.6560
12723,54,63,1.909248,2.127931,1435,10.5836
12724,63,54,2.181510,2.025295,1444,10.5964
12725,54,35,2.162422,2.260449,1475,10.5997
12726,35,53,4.500483,4.451275,1451,10.6674
12727,53,63,1.913587,1.844979,1486,10.6227
12728,63,47,4.341209,4.540981,1476,10.5906
12729,47,24,3.268993,3.512475,1469,10.7384
12730,24,23,3.338378,3.615472,1463,10.6654
12731,23,4,2.482213,3.030226,1444,10.7065
12732,4,49,2.535162,2.325408,1240,9.5777
12733,49,40,2.058330,2.386710,1454,10.6432
12734,40,62,3.678685,4.005057,1440,10.5397
12735,62,26,3.677435,4.167436,1479,10.6878
12736,26,50,3.070861,3.108004,1446,10.5442
12737,50,57,4.721543,3.724006,1455,10.6323
12738,57,9,3.975169,3.964355,1457,10.6115
12739,9,52,4.391624,4.465363,1027,8.7852
12740,52,54,3.338517,4.588253,1450,10.6125
12741,54,63,1.632374,1.994534,1472,10.6340
12742,63,54,2.080816,1.985647,1476,10.6002
12743,54,63,1.566329,1.868714,1490,10.5791
12744,63,47,4.141631,4.436928,1469,10.6387
12745,47,23,3.614808,4.125494,1448,10.5628
12746,23,40,1.917864,2.584280,1473,10.7911
12747,40,62,3.736861,3.953727,1415,10.5986
12748,62,58,2.098740,1.937522,1466,10.7072
12749,58,4,3.328517,3.854526,1460,10.6035
12750,4,49,2.468976,2.254226,1468,10.6881
12751,49,40,1.672244,2.257689,1443,10.5549
12752,40,47,4.763238,4.673165,1456,10.6209
12753,47,24,3.511404,3.456281,1467,10.6058
12754,24,23,3.014536,3.438595,1435,10.6771
12755,23,4,2.229629,2.994262,1451,10.5837
12756,4,49,2.273596,2.204077,1448,10.6311
12757,49,22,2.984888,3.156589,1426,10.6249
12758,22,1,3.280851,3.935329,1454,10.5577
12759,1,14,1.986327,1.956672,1468,10.7817
12760,14,57,3.363365,3.624696,1459,10.6605
12761,57,34,2.948490,2.750712,1431,10.5884
12762,34,16,1.750797,1.984147,767,6.1582
12763,16,13,3.971614,5.122345,468,5.0544
12764,13,23,2.837232,2.769481,1291,10.1468
12765,23,4,2.152776,2.918690,1450,10.5767
12766,4,49,2.065221,2.119585,1432,10.5521
12767,49,55,6.180955,6.194213,1461,10.6308
12768,55,41,6.045888,5.453305,1480,10.6775
12769,41,5,3.072835,2.846364,1328,10.2034
12770,5,6,3.136436,2.810495,1471,10.6841
12771,6,26,5.325497,4.762567,1459,10.6314
12772,26,50,2.929569,3.077099,1447,10.6646
12773,50,23,4.104067,3.982764,1461,10.7546
12774,23,4,2.062221,2.756594,1481,10.6562
12775,4,36,3.794909,3.436635,1473,10.6391
12776,36,29,3.478226,3.163340,1451,10.5543
12777,29,38,2.932794,3.138562,1452,10.7032
12778,38,42,4.020586,3.845644,1407,10.5430
12779,42,48,2.480347,3.173682,1451,10.6583
12780,48,22,2.307179,2.812011,1436,10.5976
12781,22,1,3.390570,3.801518,1448,10.6155
12782,1,53,3.018621,3.462681,1468,10.6686
12783,53,63,1.404750,1.787568,1316,10.0774
12784,63,54,1.832386,1.956517,1415,10.6200
12785,54,63,1.492038,1.749933,831,8.3054
12786,63,54,1.832084,1.843314,1387,10.4658
12787,54,63,1.476384,1.658717,1382,10.3388
12788,63,47,4.656982,4.573123,1350,10.3793
12789,47,24,3.170665,3.399547,1452,10.6563
12790,24,48,2.347425,2.514510,1444,10.6122
12791,48,22,2.302911,2.738988,1456,10.5904
12792,22,26,4.588014,4.871131,1471,10.7152
12793,26,51,2.970551,2.814370,1444,10.6707
12794,51,1,2.726070,2.279641,1415,10.5209
12795,1,14,2.083695,1.936450,1446,10.5969
12796,14,57,3.116347,3.518252,1458,10.6935
12797,57,34,3.125573,2.707375,1456,10.6264
12798,34,16,1.562855,1.974504,1457,10.6713
12799,16,13,4.379370,5.058738,1394,10.5133
12800,13,12,1.662767,1.530596,1439,10.6696
12801,12,25,2.931457,3.399607,1378,10.7132
12802,25,41,3.690374,3.996959,1218,9.8824
12803,41,5,3.018130,2.773955,1467,10.6786
12804,5,6,3.031937,2.729892,1478,10.6650
12805,6,26,5.125783,4.708890,1450,10.7784
12806,26,50,2.832107,3.067880,1450,10.6156
12807,50,23,4.322399,3.867689,1430,10.5558
12808,23,4,2.008826,2.614247,1467,10.6543
12809,4,49,2.186076,2.158247,1458,10.6096
12810,49,40,1.956722,2.480608,1445,10.5422
12811,40,47,4.464319,4.575993,1434,10.6397
12812,47,23,4.355229,3.988918,1450,10.6356
12813,23,40,2.051214,2.719435,1472,10.6508
12814,40,48,3.576931,3.900291,1430,10.5075
12815,48,24,2.898259,2.248740,1461,10.5997
12816,24,0,3.374500,3.271023,1447,10.6576
12817,0,44,3.363592,3.196030,1442,10.6229
12818,44,28,3.143396,3.051493,1454,10.5841
12819,28,55,3.315128,2.973431,1465,10.7233
12820,55,13,6.040675,5.429129,1457,10.6754
12821,13,12,1.445637,1.456692,1419,10.5333
12822,12,13,1.635165,1.515521,741,7.1882
12823,13,23,2.653587,3.075786,1389,10.3598
12824,23,41,3.835137,3.812748,1482,10.6234
12825,41,50,3.157578,3.120036,1462,10.6391
12826,50,23,3.886886,3.732523,1458,10.7715
12827,23,40,2.225649,2.680585,1448,10.6112
12828,40,62,3.987828,4.007736,1453,10.5836
12829,62,58,2.176979,1.922963,1449,10.5707
12830,58,56,3.996597,3.717401,1451,10.6460
12831,56,24,5.330242,5.183100,1466,10.6496
12832,24,23,3.385948,3.538222,1451,10.5736
12833,23,4,1.975047,2.699970,1464,10.6330
12834,4,36,3.762727,3.331813,1460,10.5759
12835,36,4,2.219306,2.440300,1452,10.5657
12836,4,49,2.251323,2.214194,1445,10.5381
12837,49,40,1.993842,2.366380,1455,10.5136
12838,40,62,4.096034,3.878974,1473,10.5508
12839,62,58,2.096468,1.863294,1450,10.6415
12840,58,54,4.032181,3.560630,1458,10.6278
12841,54,63,1.208383,1.627482,1346,10.5014
12842,63,54,2.036854,1.803317,1384,10.5795
12843,54,37,3.462122,3.654092,1466,10.7435
12844,37,31,2.953064,2.426645,1447,10.6537
12845,31,62,3.367915,3.395202,1451,10.7171
12846,62,30,2.729185,2.449283,1458,10.5462
12847,30,0,3.958918,4.113539,1434,10.5954
12848,0,44,3.436835,3.098694,1419,10.5008
12849,44,28,3.017598,3.045649,1441,10.5742
12850,28,54,2.504423,3.578080,1455,10.7106
12851,54,37,2.998978,3.434671,1446,10.6107
12852,37,31,2.819855,2.362945,1472,10.6421
12853,31,41,4.427659,4.157426,1456,10.6668
12854,41,13,4.323025,3.669045,1444,10.6252
12855,13,12,1.631065,1.413749,1004,8.9489
12856,12,13,1.614242,1.427121,1406,10.5170
12857,13,56,4.707417,4.997091,1375,10.3035
12858,56,17,4.463887,4.118253,1344,10.3102
12859,17,37,5.797673,4.502490,1466,10.6634
12860,37,10,3.255805,3.349110,1427,10.5565
12861,10,12,5.574961,5.331372,1407,10.5387
12862,12,13,1.402362,1.360381,1449,10.6693
12863,13,56,4.070397,4.833968,1457,10.6561
12864,56,17,3.868625,3.983539,1432,10.6058
12865,17,61,3.208845,3.113160,1402,10.4407
12866,61,30,5.485255,4.460807,1426,10.5865
12867,30,0,3.801059,3.918627,1468,10.6920
12868,0,26,3.659012,3.441564,1460,10.6620
12869,26,51,2.892939,2.869574,1442,10.6328
12870,51,1,2.799781,2.255943,1472,10.6342
12871,1,53,3.749185,3.248806,1452,10.6286
12872,53,63,1.916232,2.037798,1454,10.6042
12873,63,54,1.623042,1.695090,1430,10.5475
12874,54,63,1.526153,1.736023,748,5.9890
12875,63,47,4.290333,4.365177,1447,10.5522
12876,47,23,3.376171,3.979321,1464,10.8113
12877,23,41,3.679167,3.793903,1458,10.7043
12878,41,50,3.119883,3.052270,1442,10.6843
12879,50,23,4.394643,3.611823,1467,10.6317
12880,23,40,1.893159,2.668958,1449,10.6048
12881,40,62,3.758820,3.857957,1458,10.8233
12882,62,58,1.964043,1.886996,1490,10.5906
12883,58,54,3.648646,3.485258,1448,10.5810
12884,54,63,1.269314,1.680235,1442,10.6025
12885,63,54,1.661278,1.694735,1456,10.7717
12886,54,35,2.661761,2.785761,1473,10.6152
12887,35,53,4.793410,4.632690,1474,10.6328
12888,53,62,4.498762,5.225249,1460,10.7822
12889,62,58,1.975673,1.802159,1464,10.6746
12890,58,4,4.054159,3.971352,1469,10.6036
12891,4,49,2.443045,2.190937,1457,10.6730
12892,49,40,1.894623,2.264741,1439,10.5937
12893,40,47,4.901176,4.702267,1428,10.5274
12894,47,33,3.395834,3.080977,1476,10.5889
12895,33,13,4.334874,3.944650,1484,10.6285
12896,13,23,2.879229,3.241488,1460,10.7489
12897,23,4,2.115268,2.806320,1459,10.6116
12898,4,31,5.988286,6.138981,1459,10.5924
12899,31,62,3.343207,3.222117,1453,10.6615
12900,62,58,1.807824,1.725867,1438,10.6448
12901,58,54,3.550300,3.551884,1444,10.7562
12902,54,63,1.310744,1.761038,1465,10.6411
12903,63,54,1.538298,1.659587,1486,10.8126
12904,54,37,3.209015,3.540619,1465,10.6055
12905,37,31,2.797014,2.431037,1450,10.5574
12906,31,41,4.261662,3.981478,1455,10.6512
12907,41,13,3.983379,3.612197,1462,10.6342
12908,13,12,1.549055,1.531440,544,4.9294
12909,12,13,1.466468,1.350173,1484,10.6270
12910,13,12,1.612307,1.443731,827,7.0024
12911,12,13,1.453235,1.278979,1472,10.7015
12912,13,23,2.714739,3.261443,1334,10.0729
12913,23,40,2.005362,2.661460,1459,10.5996
12914,40,62,3.798771,3.983459,1447,10.5693
12915,62,58,1.736600,1.674501,1462,10.6010
12916,58,54,3.429615,3.495950,1469,10.5711
12917,54,35,2.630316,2.718914,1442,10.5479
12918,35,53,4.396642,4.489512,1439,10.5568
12919,53,63,1.728978,1.860059,1437,10.6801
12920,63,47,4.257358,4.296536,1416,10.5115
12921,47,23,4.196786,3.992058,1446,10.7065
12922,23,40,1.963546,2.523306,1426,10.5146
12923,40,62,3.828763,3.897125,1473,10.6545
12924,62,58,1.591508,1.634947,1468,10.6880
12925,58,56,4.448918,4.044036,1474,10.7003
12926,56,42,5.300907,5.409354,1460,10.8251
12927,42,48,2.519557,3.118902,931,8.1254
12928,48,22,2.550543,2.791163,1448,10.6752
12929,22,33,5.276613,5.450584,1468,10.6132
12930,33,17,3.348735,3.432601,1465,10.7435
12931,17,37,5.840348,4.466687,1321,10.1437
12932,37,31,2.721709,2.328966,1441,10.7079
12933,31,62,3.227780,3.387259,1448,10.6334
12934,62,26,4.020947,4.246865,1455,10.6852
12935,26,17,4.128990,4.344271,1453,10.5797
12936,17,37,5.421000,4.310232,1460,10.6714
12937,37,31,2.568973,2.251667,1469,10.6440
12938,31,41,3.909968,4.000006,1440,10.5885
12939,41,13,3.611748,3.624091,1446,10.6372
12940,13,12,1.530368,1.402906,1383,10.6644
12941,12,13,1.258071,1.217866,308,5.4213
12942,13,12,1.398086,1.342377,1443,10.5641
12943,12,13,1.270199,1.165029,1432,10.5076
12944,13,23,2.914816,3.382756,1460,10.6766
12945,23,40,1.787200,2.472214,1444,10.5874
12946,40,47,4.664720,4.751489,1476,10.6421
12947,47,23,4.419549,3.764631,1457,10.6003
12948,23,41,3.717497,3.849785,1455,10.7031
12949,41,50,2.989753,2.995978,1465,10.6369
12950,50,57,4.237474,3.701390,1440,10.5982
12951,57,9,4.136064,4.091312,1430,10.5325
12952,9,9,1.499438,0.638616,1437,10.7079
12953,9,9,1.054114,0.529179,1481,10.7388
12954,9,7,3.152180,3.331277,1454,10.7033
12955,7,62,6.632449,5.874761,1472,10.9547
12956,62,30,2.938564,2.641062,1481,10.6731
12957,30,0,3.753184,3.824039,1457,10.6415
12958,0,44,3.389964,3.019923,1471,10.6355
12959,44,62,2.735099,3.549158,1453,10.5929
12960,62,58,1.724779,1.725150,1421,10.4635
12961,58,54,3.455718,3.412679,1344,10.2556
12962,54,37,3.082974,3.458623,1445,10.6453
12963,37,31,2.367230,2.178960,1472,10.6262
12964,31,62,3.305106,3.490234,909,7.3453
12965,62,58,1.705903,1.648997,1461,10.6464
12966,58,54,3.245707,3.346660,1437,10.5646
12967,54,63,1.714014,2.076765,1438,10.5701
12968,63,54,2.217936,1.853726,1441,10.5990
12969,54,35,2.528157,2.666459,1473,10.6171
12970,35,53,4.253695,4.357434,1479,10.5984
12971,53,62,4.764223,5.185610,1441,10.5660
12972,62,58,1.476510,1.596457,1463,10.6423
12973,58,4,3.967303,4.037399,1455,10.7501
12974,4,49,2.648852,2.279895,1434,10.6574
12975,49,40,1.801306,2.170205,1465,10.8063
12976,40,47,4.701673,4.553377,1458,10.6748
12977,47,33,3.386573,2.977196,1468,10.6947
12978,33,17,3.151119,3.369029,1454,10.7070
12979,17,37,5.580568,4.217600,1443,10.7143
12980,37,31,2.300770,2.155125,1449,10.6891
12981,31,62,2.341264,3.297468,1469,10.6417
12982,62,26,3.857972,4.143357,1497,10.5945
12983,26,51,3.001509,2.867949,1437,10.6310
12984,51,8,3.604159,3.686084,1446,10.5553
12985,8,59,2.351804,2.611751,1429,10.4359
12986,59,54,3.837691,4.120472,1473,10.8254
12987,54,35,2.357210,2.402869,1455,10.5813
12988,35,53,3.989667,4.213950,1486,10.6840
12989,53,62,4.658748,5.014392,1453,10.5916
12990,62,58,1.576482,1.622901,1449,10.6417
12991,58,54,3.595349,3.447759,1468,10.6712
12992,54,35,2.263103,2.296547,1467,10.5960
12993,35,10,2.665479,3.079881,1489,10.5714
12994,10,25,2.501467,2.292692,1458,10.5474
12995,25,8,2.788169,3.308729,1470,10.6762
12996,8,46,2.481894,2.556771,1446,10.5868
12997,46,0,6.755917,6.166667,1450,10.5964
12998,0,26,3.182788,3.242055,1460,10.5772
12999,26,51,2.973929,2.809352,1431,10.6736
13000,51,8,3.447084,3.685222,1465,10.5998
13001,8,46,2.281567,2.473139,1411,10.6094
13002,46,52,4.183945,3.926986,1455,10.5737
13003,52,21,2.792934,2.585182,1460,10.7037
13004,21,4,6.348437,5.922801,1465,10.6178
13005,4,49,2.371347,2.195858,1213,9.8030
13006,49,40,1.689341,2.082255,1285,9.9843
13007,40,62,4.166253,4.395641,1441,10.7943
13008,62,58,1.581338,1.579681,1365,10.4128
13009,58,4,3.382131,4.033914,1460,10.6418
13010,4,36,3.623803,3.126174,1476,10.6871
13011,36,4,2.431561,2.519900,1441,10.6005
13012,4,36,3.290896,2.961657,1447,10.6133
13013,36,4,2.236059,2.359658,1498,10.7185
13014,4,49,2.118552,2.107824,1417,10.5405
13015,49,40,1.801626,2.132479,1486,10.7419
13016,40,48,3.817158,4.050790,1460,10.5502
13017,48,55,3.790326,4.301045,1422,10.6817
13018,55,13,6.003500,5.440250,1315,10.3885
13019,13,12,1.354981,1.312096,1483,10.7793
13020,12,13,1.356500,1.231937,1472,10.7253
13021,13,23,2.782670,3.341147,1472,10.6521
13022,23,40,1.789919,2.531887,1462,10.6499
13023,40,47,4.326603,4.445226,1471,10.6581
13024,47,24,4.064522,3.308325,1462,10.7462
13025,24,0,3.453899,3.264816,1480,10.7713
13026,0,26,3.242297,3.177324,1445,10.5324
13027,26,51,2.750566,2.741531,1485,10.5739
13028,51,1,2.405711,2.242664,1478,10.6362
13029,1,52,4.841210,4.887902,1448,10.5911
13030,52,54,3.416053,4.780410,1353,10.3845
13031,54,35,1.846429,2.126487,1462,10.9383
13032,35,46,3.102420,3.644057,1286,10.0810
13033,46,26,6.723857,6.101488,1451,10.6262
13034,26,50,3.053814,3.169941,1462,10.6990
13035,50,57,4.387233,3.530005,1449,10.6808
13036,57,34,3.135292,2.766088,1343,10.1433
13037,34,27,4.286424,4.554066,1463,10.6679
13038,27,30,5.584357,5.032851,1455,10.6144
13039,30,0,3.739886,3.768640,1479,10.6338
13040,0,26,3.208263,3.150547,1478,10.7293
13041,26,51,2.743973,2.692681,1453,10.7255
13042,51,1,2.353181,2.180748,1439,10.5743
13043,1,53,3.233706,3.534281,1339,10.1472
13044,53,63,1.770417,1.967737,1480,10.6779
13045,63,47,4.336515,4.360024,1474,10.6644
13046,47,33,3.212810,2.870707,1439,10.5935
13047,33,13,4.853948,4.154333,1450,10.8049
13048,13,23,2.382451,3.001275,1423,10.6141
13049,23,4,2.392252,3.267450,1464,10.8538
13050,4,49,2.184443,2.118198,1463,10.6249
13051,49,40,1.582530,2.068971,1450,10.5780
13052,40,62,4.266613,4.349670,1464,10.5951
13053,62,58,1.674454,1.651047,1449,10.7594
13054,58,56,3.931292,3.871100,1466,10.6317
13055,56,24,5.073698,5.150955,1454,10.6900
13056,24,23,3.001287,3.460687,1483,10.6869
13057,23,40,1.974196,2.524602,1455,10.5546
13058,40,47,4.650518,4.456541,1453,10.6346
13059,47,24,3.997138,3.285022,1460,10.7272
13060,24,23,2.808649,3.355718,1463,10.5971
13061,23,41,3.647381,3.935462,1457,10.5960
13062,41,50,3.197310,2.976745,1466,10.6921
13063,50,57,3.642040,3.465132,1461,10.6535
13064,57,34,3.403078,2.768483,1302,9.9266
13065,34,16,1.687693,2.122447,1225,9.7196
13066,16,13,3.683870,5.105433,1321,10.2142
13067,13,23,2.764503,3.011529,1453,10.6637
13068,23,40,1.907517,2.480158,1463,10.6162
13069,40,47,3.971954,4.264437,1446,10.6394
13070,47,24,3.404964,3.119875,1463,10.6126
13071,24,0,3.319344,3.125460,1463,10.6547
13072,0,44,3.111123,3.050510,1474,10.6333
13073,44,47,4.170265,3.371071,1475,10.6036
13074,47,23,3.353268,3.400796,1453,10.6024
13075,23,40,1.646023,2.352517,1454,10.5979
13076,40,62,4.004770,4.403673,1442,10.6049
13077,62,30,3.174944,2.909589,1452,10.6267
13078,30,37,4.508937,4.022610,1435,10.5875
13079,37,40,7.112286,6.826354,1381,10.4693
13080,40,48,3.851200,4.004144,1458,10.5898
13081,48,24,2.560491,2.373191,1431,10.6067
13082,24,0,2.857385,3.027361,1482,10.7052
13083,0,44,3.100689,2.980598,1438,10.5645
13084,44,28,3.305254,3.193217,1490,10.7906
13085,28,53,2.982281,3.724030,681,5.7861
13086,53,5,4.980544,4.857618,776,6.1636
13087,5,28,3.665378,3.542158,1474,10.6270
13088,28,53,2.816019,3.641924,1456,10.6648
13089,53,63,1.908026,1.942283,1478,10.6982
13090,63,54,1.915690,2.053017,1490,10.6257
13091,54,35,1.781825,2.057737,1478,10.6347
13092,35,10,2.691985,3.071698,1459,10.5921
13093,10,25,2.468109,2.281654,1462,10.6291
13094,25,41,3.599174,3.836018,1454,10.6069
13095,41,5,3.314733,3.005819,1454,10.6669
13096,5,59,2.867664,2.388812,1451,10.6592
13097,59,8,2.152619,2.543380,1456,10.5838
13098,8,46,2.383713,2.407043,1464,10.6585
13099,46,26,6.537532,5.945073,1456,10.7092
13100,26,50,3.098177,3.171471,1465,10.6399
13101,50,57,3.912708,3.299460,1444,10.5823
13102,57,34,2.920631,2.758505,1475,10.9609
13103,34,16,1.662927,2.110960,1258,10.1516
13104,16,13,3.753584,5.099702,1264,9.9692
13105,13,12,1.650655,1.418246,1236,9.7496
13106,12,13,1.491806,1.256437,1441,10.5753
13107,13,23,2.745742,3.173027,1122,8.8941
13108,23,40,1.767798,2.480440,1428,10.5398
13109,40,62,4.001075,4.025182,1454,10.6417
13110,62,58,1.841386,1.733271,1440,10.6911
13111,58,56,4.215035,3.634336,1483,10.5849
13112,56,24,5.333888,5.102610,1454,10.6079
13113,24,0,2.733481,2.839500,1438,10.5937
13114,0,26,3.183535,3.321354,1458,10.6277
13115,26,51,2.785514,2.717070,1440,10.5579
13116,51,1,2.149848,2.145517,1442,10.7115
13117,1,53,3.508504,3.311533,1457,10.6702
13118,53,63,1.836236,1.975407,1455,10.6242
13119,63,32,3.930106,4.052688,1365,10.5485
13120,32,54,4.012892,3.591800,1447,10.6519
13121,54,35,1.845725,1.924989,1396,10.4351
13122,35,53,4.363333,4.335104,1490,10.6666
13123,53,5,4.926005,4.810486,1439,10.6262
13124,5,59,3.187625,2.304296,1433,10.7332
13125,59,54,4.409220,4.054425,1465,10.6568
13126,54,35,1.654103,1.810062,1477,10.7922
13127,35,10,2.601358,3.067118,1476,10.6768
13128,10,1,6.897208,6.673397,1466,10.6192
13129,1,14,2.172585,2.052968,1332,10.5092
13130,14,45,2.463402,2.722090,1472,10.6114
13131,45,0,4.762115,5.017202,1457,10.6647
13132,0,48,3.465318,3.057068,1453,10.7319
13133,48,22,2.411907,2.835530,1441,10.6458
13134,22,1,3.463423,3.906146,1453,10.7517
13135,1,14,1.853986,1.923086,1456,10.7391
13136,14,45,2.670510,2.660676,1467,10.5949
13137,45,49,6.890245,6.618914,1451,10.6787
13138,49,22,3.527832,3.296744,1299,10.2219
13139,22,26,4.167718,4.588235,1453,10.7351
13140,26,50,3.097941,3.160244,1458,10.6142
13141,50,23,4.520362,3.945654,1435,10.6302
13142,23,4,2.664834,3.450155,1465,10.7723
13143,4,31,5.594557,5.741708,1452,10.6512
13144,31,62,3.047002,3.337355,1487,10.8197
13145,62,26,3.340440,3.778476,1417,10.5412
13146,26,51,2.877830,2.684243,1445,10.6203
13147,51,8,3.715976,3.772526,1458,10.6130
13148,8,59,2.444055,2.627504,1468,10.6959
13149,59,58,6.058626,5.768916,1475,10.7706
13150,58,56,3.803737,3.293002,1454,10.5693
13151,56,17,4.033159,4.198174,1182,9.3135
13152,17,37,5.229956,3.990278,1466,10.6559
13153,37,31,2.519937,2.256633,1456,10.6752
13154,31,62,2.775736,3.270087,1485,10.6492
13155,62,58,2.048854,1.782299,1456,10.7837
13156,58,4,3.483735,3.819547,1469,10.6552
13157,4,49,2.570951,2.399756,1459,10.6730
13158,49,40,1.897957,2.249854,1464,10.6368
13159,40,62,4.054227,3.993498,1444,10.5724
13160,62,26,3.509476,3.691507,1452,10.6518
13161,26,50,3.062443,3.058138,1476,10.6531
13162,50,3,4.330951,4.083126,1462,10.7053
13163,3,10,4.516936,4.447757,1489,10.7506
13164,10,25,2.578531,2.275473,1421,10.5904
13165,25,8,2.916365,3.412913,1016,8.0738
13166,8,33,6.189671,6.073667,1445,10.6159
13167,33,17,3.345615,3.464876,1480,10.6990
13168,17,37,4.735811,3.869483,1458,10.6331
13169,37,31,2.374840,2.218474,1476,10.6942
13170,31,41,3.954718,4.087239,1464,10.6407
13171,41,13,4.015599,3.649650,1465,10.6394
13172,13,23,3.338084,3.039863,1065,8.8486
13173,23,4,2.713119,3.438440,1472,10.6991
13174,4,49,2.508267,2.347042,1462,10.6578
13175,49,22,3.179283,3.275478,1465,10.6718
13176,22,1,3.620697,3.971142,1425,10.5886
13177,1,53,3.080131,3.366337,1475,10.7521
13178,53,63,1.799783,1.972613,1389,10.4503
13179,63,47,4.703798,4.554723,1472,10.5796
13180,47,24,3.317823,3.177059,1467,10.6306
13181,24,23,3.175628,3.382799,1450,10.7276
13182,23,4,2.768856,3.289677,1469,10.7829
13183,4,31,5.927675,5.891335,1127,8.9726
13184,31,41,3.846593,3.747684,1346,10.4003
13185,41,50,3.138951,2.992107,1454,10.5968
13186,50,57,3.705248,3.270201,1480,10.6909
13187,57,34,2.789526,2.740253,1467,10.6276
13188,34,16,1.844627,2.121051,1503,10.7647
13189,16,13,3.704570,5.119825,1415,10.7175
13190,13,23,2.820733,2.999134,1474,10.5961
13191,23,40,1.907935,2.712866,1487,10.6302
13192,40,47,3.998450,4.095788,1470,10.6467
13193,47,33,3.067271,2.929534,1435,10.7446
13194,33,17,3.108470,3.429445,1472,10.6103
13195,17,61,3.564736,3.124894,1452,10.5784
13196,61,30,5.304504,4.343754,1444,10.6449
13197,30,37,4.057286,3.770174,1454,10.8069
13198,37,40,6.977366,6.247842,1380,10.3731
13199,40,48,3.298041,3.684442,1453,10.6758
13200,48,24,2.628921,2.339807,1433,10.5536
13201,24,0,2.564458,2.723678,1445,10.6111
13202,0,44,3.193208,3.079214,1441,10.6113
13203,44,28,2.642587,3.147451,1442,10.6171
13204,28,55,3.252012,2.946162,1473,10.6648
13205,55,41,6.164311,5.790032,1466,10.6614
13206,41,50,2.924680,2.806811,1454,10.6137
13207,50,23,4.148282,4.032905,1452,10.5918
13208,23,4,2.557906,3.190434,1454,10.6083
13209,4,49,2.613931,2.364589,1435,10.6573
13210,49,55,5.773267,5.712928,1482,10.5889
13211,55,13,5.818435,5.341067,1466,10.7829
13212,13,12,1.584150,1.470128,1253,10.1027
13213,12,13,1.553036,1.307820,1447,10.6266
13214,13,23,2.519410,2.913651,1462,10.7348
13215,23,40,2.120764,2.826170,1469,10.6801
13216,40,62,3.843667,3.833294,1465,10.6160
13217,62,58,2.253372,1.908488,1454,10.6692
13218,58,4,3.786844,3.754571,1482,10.7142
13219,4,36,3.586176,3.130646,1448,10.5631
13220,36,4,2.424125,2.426161,1445,10.7022
13221,4,49,2.350701,2.260740,1447,10.5504
13222,49,55,5.814895,5.617115,1451,10.5187
13223,55,20,2.322595,2.535106,1307,10.3330
13224,20,24,4.090951,4.764561,1442,10.6284
13225,24,23,3.298495,3.444395,1476,10.6545
13226,23,40,2.019977,2.711827,1429,10.5803
13227,40,48,3.498376,3.574555,1446,10.5570
13228,48,24,2.463876,2.253162,1465,10.5669
13229,24,0,2.588202,2.701546,1464,10.5476
13230,0,44,2.950574,3.023230,1449,10.5458
13231,44,47,4.140727,3.387306,1443,10.6247
13232,47,24,3.107683,3.215325,1446,10.6519
13233,24,0,2.653528,2.544141,1459,10.6220
13234,0,44,2.855114,2.977784,1479,10.6331
13235,44,28,3.317105,3.251507,1432,10.5350
13236,28,54,3.490791,3.696108,1473,10.7607
13237,54,37,3.424301,3.629964,1400,10.6013
13238,37,31,2.496794,2.183134,1471,10.8015
13239,31,41,3.372962,3.702655,1476,10.6152
13240,41,13,4.286541,3.940981,1454,10.6705
13241,13,23,2.389289,2.787698,1473,10.7162
13242,23,4,2.683068,3.402869,1454,10.6155
13243,4,49,2.283141,2.219307,1453,10.6056
13244,49,22,3.343493,3.346127,1478,10.5446
13245,22,33,5.074090,5.453681,1455,10.6462
13246,33,13,5.049209,4.149762,1474,10.7042
13247,13,12,1.679698,1.490734,1430,10.6238
13248,12,13,1.487524,1.337779,995,8.8570
13249,13,23,2.516476,2.647513,1461,10.6418
13250,23,40,1.977317,2.779316,1458,10.6368
13251,40,62,3.979530,3.861761,1455,10.5416
13252,62,58,2.074266,1.920554,1485,10.5787
13253,58,54,3.490353,3.512470,1464,10.5422
13254,54,35,1.787293,1.915883,1264,10.0321
13255,35,46,3.388794,3.681150,1456,10.7322
13256,46,0,7.545113,6.709508,1436,10.6759
13257,0,26,3.280783,3.315393,1462,10.6221
13258,26,51,2.805594,2.749956,1435,10.6754
13259,51,1,2.565268,2.295845,1468,10.7552
13260,1,14,1.986116,1.909818,1465,10.7181
13261,14,45,2.542715,2.548631,1447,10.6246
13262,45,26,5.404134,4.945064,901,7.1430
13263,26,50,2.915329,3.176291,1381,10.4144
13264,50,23,3.960047,4.153944,1474,10.7130
13265,23,40,2.005206,2.616110,878,7.1715
13266,40,62,3.851881,3.794025,1442,10.6413
13267,62,58,1.955368,1.891743,1448,10.5527
13268,58,4,3.760530,3.667926,1438,10.6050
13269,4,36,3.576636,3.030015,1447,10.6592
13270,36,29,3.677026,3.216689,1466,10.7588
13271,29,60,3.911713,3.889109,1444,10.7052
13272,60,45,5.438931,4.984443,1264,10.1939
13273,45,49,6.992158,6.679536,1056,8.7624
13274,49,40,2.210932,2.412542,1478,10.6951
13275,40,62,3.692798,3.621863,1448,10.6331
13276,62,30,3.415743,3.193237,1457,10.6564
13277,30,0,3.925118,3.933257,1458,10.5642
13278,0,44,2.974294,2.842144,1450,10.5801
13279,44,28,3.121976,3.207095,1489,10.6292
13280,28,55,2.987558,2.961258,1474,10.6418
13281,55,41,5.990885,5.545063,1453,10.6268
13282,41,50,2.917756,2.703992,1455,10.6837
13283,50,23,4.163013,3.993942,1467,10.6276
13284,23,4,2.550546,3.393844,1446,10.6414
13285,4,49,2.515666,2.428196,1463,10.5956
13286,49,40,1.964432,2.333048,1442,10.5970
13287,40,47,4.145247,4.063712,1442,10.6511
13288,47,23,4.051141,3.558831,1451,10.5877
13289,23,4,2.312419,3.190209,1468,10.6527
13290,4,49,2.181914,2.371992,1441,10.5120
13291,49,22,3.203662,3.240772,1470,10.5850
13292,22,1,3.520373,4.013387,1456,10.6777
13293,1,53,2.621450,3.323861,1453,10.6669
13294,53,62,5.838316,5.760542,1380,10.4369
13295,62,58,2.072985,1.935939,1451,10.6263
13296,58,4,3.417271,3.614528,1461,10.6700
13297,4,36,3.400144,3.058222,1461,10.6880
13298,36,23,4.495967,4.763202,1455,10.7249
13299,23,40,1.731410,2.465731,1492,10.6222
13300,40,47,3.888756,3.902591,1437,10.5454
13301,47,33,3.257078,2.907592,1474,10.6540
13302,33,13,4.585467,4.171162,1458,10.6572
13303,13,56,4.752771,5.141688,1437,10.5853
13304,56,17,4.410689,4.145581,1465,10.6289
13305,17,61,3.433601,2.982720,1452,10.6433
13306,61,43,2.626312,2.840130,1426,10.5756
13307,43,20,1.911006,2.070116,1397,10.4619
13308,20,31,7.255800,6.799482,1395,10.5306
13309,31,41,3.683239,3.581930,1467,10.7038
13310,41,50,2.792677,2.620698,1473,10.6325
13311,50,23,3.847307,3.816511,1465,10.6765
13312,23,40,1.706256,2.342372,1487,10.6392
13313,40,47,3.608769,3.783779,1347,10.1546
13314,47,33,2.890636,2.797712,1446,10.5806
13315,33,13,4.719472,4.147362,1477,10.5932
13316,13,12,1.515879,1.545623,1173,9.6598
13317,12,13,1.616266,1.430112,1435,10.6817
13318,13,12,1.492562,1.463562,1443,10.6263
13319,12,25,3.453031,3.602941,1440,10.6696
13320,25,8,3.001725,3.267307,1461,10.8429
13321,8,33,6.226683,6.050584,1439,10.6464
13322,33,17,3.181544,3.517120,1456,10.6291
13323,17,1,2.555986,3.243389,1440,10.6241
13324,1,14,1.880271,1.886026,1474,10.8591
13325,14,57,3.262309,3.474616,1455,10.6199
13326,57,34,3.216441,2.641391,1469,10.6133
13327,34,27,4.163515,4.671426,1230,9.7171
13328,27,47,5.153513,4.591498,1415,10.5317
13329,47,24,3.023412,3.065905,1446,10.7257
13330,24,23,3.139746,3.637105,1473,10.6996
13331,23,41,3.997925,4.261377,1475,10.6604
13332,41,50,2.647862,2.530367,1440,10.5669
13333,50,23,3.649220,3.725899,1426,10.6099
13334,23,40,1.813864,2.270906,1446,10.6027
13335,40,62,3.911492,3.927954,1445,10.5915
13336,62,26,3.425508,3.696131,1474,10.6866
13337,26,51,3.007431,2.788436,1445,10.7475
13338,51,1,2.264022,2.269689,1476,10.6396
13339,1,52,4.836073,4.819507,627,5.7291
13340,52,54,3.578484,4.863839,1424,10.6686
13341,54,63,2.057746,2.307868,1407,10.5976
13342,63,47,4.395859,4.738765,1453,10.6059
13343,47,33,2.774294,2.741351,1462,10.6157
13344,33,13,3.925184,4.087941,1464,10.5805
13345,13,12,1.487017,1.432967,1466,10.6495
13346,12,13,1.620140,1.445935,1338,10.1261
13347,13,23,2.485313,2.911093,1450,10.5971
13348,23,41,3.879268,4.067066,1472,10.6348
13349,41,13,4.618889,3.779748,1464,10.6298
13350,13,12,1.323445,1.402017,1422,10.5259
13351,12,13,1.593635,1.398537,1306,10.3016
13352,13,12,1.575473,1.330426,1443,10.7932
13353,12,13,1.391361,1.312071,1309,10.2786
13354,13,23,2.664652,2.931951,1474,10.5641
13355,23,4,2.627862,3.281761,1443,10.5571
13356,4,49,2.535115,2.432712,1476,10.9218
13357,49,22,2.933884,3.121711,1450,10.6892
13358,22,33,5.170827,5.402406,1484,10.7613
13359,33,13,4.897599,4.052322,1445,10.7594
13360,13,12,1.239603,1.349858,1461,10.7944
13361,12,25,3.485915,3.692749,1461,10.6573
13362,25,60,4.018371,3.882236,1474,10.7937
13363,60,37,5.192150,5.129772,1460,10.6338
13364,37,31,2.617048,2.202678,932,7.7746
13365,31,62,3.174672,3.706711,1446,10.6998
13366,62,58,2.258286,1.959601,1475,10.6429
13367,58,56,3.708186,3.297426,1448,10.5927
13368,56,24,4.884743,5.160779,1466,10.6349
13369,24,0,2.643683,2.611376,1452,10.6656
13370,0,26,2.940589,3.198113,1447,10.6936
13371,26,51,2.794336,2.730248,1475,10.5891
13372,51,8,4.090550,3.862791,1397,10.4289
13373,8,33,6.303007,5.961812,1303,10.3155
13374,33,17,3.458508,3.425460,1178,9.1725
13375,17,1,2.461137,3.205415,1472,10.7383
13376,1,53,2.790694,3.387343,1465,10.7707
13377,53,63,1.957734,2.084897,1457,10.5783
13378,63,47,4.852397,4.625348,1467,10.7113
13379,47,24,2.931653,3.117682,879,7.9947
13380,24,23,3.060698,3.562608,1427,10.6498
13381,23,4,2.701137,3.145205,1445,10.6428
13382,4,36,3.306593,3.000182,1457,10.8488
13383,36,29,3.775314,3.191811,1474,10.7298
13384,29,38,2.964467,3.084072,1427,10.6480
13385,38,42,3.859813,3.772658,1223,9.8834
13386,42,49,4.705481,4.944197,1468,10.8687
13387,49,40,2.106875,2.436732,1447,10.6117
13388,40,47,4.219925,4.009548,1443,10.7557
13389,47,33,2.704982,2.750290,1444,10.6438
13390,33,17,3.128152,3.367992,1478,10.6813
13391,17,1,2.436999,3.142282,1443,10.5970
13392,1,14,1.807279,1.969874,1459,10.6833
13393,14,45,2.641516,2.638622,1452,10.5872
13394,45,26,5.477370,4.771252,1466,10.6968
13395,26,51,2.689968,2.685885,1474,10.6985
13396,51,1,2.377142,2.193977,1461,10.6889
13397,1,53,3.300957,3.388100,1466,10.5904
13398,53,63,1.906225,2.097462,1457,10.5923
13399,63,47,4.814045,4.648517,1465,10.6749
13400,47,24,2.820489,3.060081,1471,10.6132
13401,24,48,2.459685,2.791472,1480,10.7676
13402,48,24,2.402999,2.241406,1439,10.5272
13403,24,0,2.532041,2.584536,1473,10.7277
13404,0,26,2.831352,3.158242,1453,10.6698
13405,26,51,2.522215,2.618574,1442,10.5832
13406,51,8,4.074933,3.906323,1476,10.5994
13407,8,33,6.110420,5.778067,1446,10.6798
13408,33,17,3.227034,3.311120,1453,10.6943
13409,17,37,4.625018,3.836180,1460,10.6112
13410,37,31,2.461241,2.184789,1459,10.6172
13411,31,62,3.381012,3.586002,1452,10.7654
13412,62,30,3.306207,3.070014,1454,10.6055
13413,30,0,3.893563,3.894985,1453,10.6928
13414,0,26,2.997251,3.012108,1461,10.6543
13415,26,51,2.591874,2.574720,1459,10.5801
13416,51,1,2.164296,2.182502,1468,10.5998
13417,1,53,3.391292,3.208546,1454,10.6202
13418,53,62,5.308445,5.639521,1465,10.6299
13419,62,30,3.159711,2.927109,1479,10.6290
13420,30,62,2.540426,2.568112,1448,10.6198
13421,62,58,2.131395,1.922274,1475,10.5959
13422,58,56,3.469408,3.127393,1456,10.6479
13423,56,17,4.815462,4.367125,1406,10.5550
13424,17,37,4.724937,3.736133,1470,10.6951
13425,37,40,6.065298,6.146769,1458,10.6833
13426,40,62,4.067836,3.866258,1436,10.6081
13427,62,30,2.892954,2.824133,1465,10.6207
13428,30,37,3.875089,3.811081,1450,10.5850
13429,37,31,2.330759,2.146766,1471,10.6549
13430,31,62,3.138167,3.457696,1439,10.5443
13431,62,58,1.909315,1.889343,1460,10.5789
13432,58,54,4.208300,3.666441,1467,10.5713
13433,54,37,3.464488,3.637379,1450,10.6729
13434,37,31,2.374561,2.067744,1458,10.6223
13435,31,41,3.924693,3.902357,1453,10.5527
13436,41,5,3.379907,3.136059,1470,10.6759
13437,5,6,3.166777,2.789885,1461,10.6587
13438,6,26,5.804778,5.024500,1422,10.8052
13439,26,51,2.590172,2.585926,1443,10.5688
13440,51,1,2.203635,2.110318,1432,10.5454
13441,1,14,2.178817,2.083645,1461,10.6568
13442,14,1,2.301318,1.699385,1449,10.6048
13443,1,53,3.091721,3.084115,1432,10.5600
13444,53,63,2.250843,2.295853,1471,10.6313
13445,63,54,2.518038,2.393409,1450,10.6636
13446,54,37,3.541238,3.516534,1452,10.5976
13447,37,31,2.316849,2.010912,1443,10.5591
13448,31,62,3.297516,3.393650,1438,10.5721
13449,62,26,3.480346,3.780159,1467,10.6768
13450,26,51,2.543645,2.526940,1487,10.6279
13451,51,8,4.149278,4.009811,1467,10.6431
13452,8,59,2.564026,2.757337,1454,10.7716
13453,59,54,4.022277,3.860515,1447,10.7397
13454,54,35,2.001690,2.009086,1466,10.6279
13455,35,10,2.454045,2.969789,1461,10.7020
13456,10,25,2.499029,2.276334,1457,10.6105
13457,25,8,3.137201,3.498087,1446,10.5793
13458,8,46,2.598243,2.544127,1434,10.5324
13459,46,0,7.198852,6.555548,1451,10.6576
13460,0,44,3.048846,2.940867,1373,10.3978
13461,44,62,2.940168,3.868176,1489,10.6406
13462,62,30,2.809247,2.773753,1441,10.5823
13463,30,0,4.030698,3.955422,1455,10.6395
13464,0,44,2.746211,2.799668,1204,9.4064
13465,44,47,3.790976,3.439085,1442,10.5801
13466,47,24,2.919188,2.994070,1101,9.2374
13467,24,48,2.511837,2.717765,1424,10.6524
13468,48,22,2.744676,2.934477,1440,10.5598
13469,22,26,4.479911,4.156700,1116,9.2207
13470,26,51,2.633589,2.543972,1314,10.2035
13471,51,1,2.315575,2.098291,1457,10.6303
13472,1,52,5.037879,4.944002,1340,10.3417
13473,52,21,3.174138,2.734307,1467,10.6500
13474,21,4,5.606254,5.806783,1433,10.7123
13475,4,36,3.171401,2.822440,1416,10.6418
13476,36,29,3.555803,3.080953,1456,10.7114
13477,29,2,3.729735,4.054686,1460,10.6631
13478,2,44,5.408534,4.939754,1469,10.5821
13479,44,62,3.042503,3.850195,1390,10.5211
13480,62,58,2.043927,1.950665,1470,10.6017
13481,58,54,4.059492,3.600719,1481,10.7170
13482,54,37,3.283027,3.392711,1463,10.6936
13483,37,31,2.268963,1.983022,1452,10.6033
13484,31,41,3.867414,3.859495,1459,10.5977
13485,41,50,2.760459,2.632649,1485,10.7155
13486,50,23,4.105158,3.586586,1453,10.6927
13487,23,40,1.923806,2.568048,1465,10.6950
13488,40,48,3.255346,3.557753,1436,10.6003
13489,48,22,2.507612,2.853508,1472,10.6405
13490,22,1,3.752045,3.925061,1491,10.6214
13491,1,14,2.119405,2.027839,1464,10.7077
13492,14,45,3.044684,2.630971,1148,9.2516
13493,45,49,6.778529,6.575934,1198,9.3750
13494,49,22,2.980805,2.895922,1457,10.6824
13495,22,33,5.331667,5.511933,1314,10.1494
13496,33,17,3.033066,3.236686,1444,10.6168
13497,17,37,4.899712,3.751500,1449,10.5937
13498,37,31,1.933101,1.947403,1461,10.6632
13499,31,62,3.136682,3.314039,1406,10.4795
13500,62,26,3.366071,3.745713,1467,10.6022
13501,26,50,3.441784,3.496295,1443,10.6174
13502,50,57,4.271862,3.558030,1456,10.6094
13503,57,34,3.103614,2.624768,1459,10.6466
13504,34,27,4.190443,4.476814,1452,10.6388
13505,27,47,5.233985,4.496517,950,8.9013
13506,47,24,2.829386,2.868480,1462,10.7068
13507,24,0,2.759402,2.710173,1447,10.6260
13508,0,44,2.857994,2.821285,1451,10.6173
13509,44,28,3.483372,3.359750,1463,10.6441
13510,28,54,2.825153,3.532421,1438,10.6506
13511,54,35,1.981687,2.028989,1437,10.5686
13512,35,53,4.909782,4.730147,1468,10.6127
13513,53,63,1.946614,2.176747,1474,10.6604
13514,63,54,2.182067,2.389160,1444,10.5516
13515,54,35,2.042549,1.955148,1459,10.5814
13516,35,46,3.246910,3.626911,1424,10.5524
13517,46,0,7.247233,6.501472,1437,10.6285
13518,0,26,2.802654,2.942918,1482,10.6272
13519,26,50,3.500247,3.479876,1460,10.5707
13520,50,23,3.352428,3.502512,1457,10.6393
13521,23,40,1.906387,2.490833,1503,10.7233
13522,40,62,4.205892,4.167198,1458,10.6372
13523,62,58,1.954743,1.950425,1447,10.6096
13524,58,54,3.928891,3.524879,1445,10.5324
13525,54,35,1.776206,1.887610,1478,10.5856
13526,35,46,2.896999,3.537585,1469,10.6459
13527,46,26,7.221681,6.400841,1460,10.6188
13528,26,51,2.657778,2.584543,1458,10.6480
13529,51,1,2.219505,2.115761,1460,10.5804
13530,1,14,1.856053,1.933356,1315,10.0459
13531,14,57,3.367480,3.646642,1455,10.9026
13532,57,12,8.184922,7.301870,1473,10.6599
13533,12,13,1.627475,1.380746,1278,10.2783
13534,13,23,2.356240,2.815066,1042,8.6947
13535,23,40,1.861573,2.400764,1468,10.6882
13536,40,48,3.062918,3.522482,1455,10.5507
13537,48,24,2.658822,2.215707,1475,10.6561
13538,24,0,2.675179,2.730089,1449,10.6253
13539,0,26,2.580272,2.976785,1436,10.5736
13540,26,51,2.453738,2.505413,1449,10.5604
13541,51,55,4.393761,4.508990,1482,10.6097
13542,55,13,5.211707,5.376066,1460,10.7814
13543,13,12,1.595108,1.505103,1381,10.5911
13544,12,13,1.551241,1.360037,1388,10.4406
13545,13,23,2.402080,2.751617,1348,10.1659
13546,23,40,1.723424,2.343802,1460,10.6387
13547,40,48,3.047437,3.411804,1473,10.6517
13548,48,24,2.181332,2.150702,1486,10.5736
13549,24,23,3.482168,3.757826,1466,10.7079
13550,23,4,2.810441,3.287830,1450,10.6220
13551,4,36,3.103705,2.786172,1446,10.6023
13552,36,23,3.945849,4.510386,1457,10.7701
13553,23,40,1.802929,2.218411,1460,10.6337
13554,40,47,4.117070,4.135365,1434,10.5961
13555,47,24,2.744478,2.780418,1473,10.6251
13556,24,0,2.760078,2.650198,1462,10.6267
13557,0,26,2.576662,2.939219,1444,10.6056
13558,26,51,2.514821,2.429822,1452,10.5808
13559,51,1,2.064010,2.115039,1431,10.5381
13560,1,53,2.724071,3.233347,1458,10.5545
13561,53,5,4.791528,4.800060,1442,10.5742
13562,5,6,2.897921,2.712063,1459,10.7385
13563,6,51,5.719399,5.021576,1465,10.7173
13564,51,1,2.014998,2.040820,1466,10.5904
13565,1,52,4.920104,4.883381,1443,10.6395
13566,52,54,4.277838,5.121577,1079,9.3457
13567,54,63,2.086420,2.491498,1442,10.6126
13568,63,32,3.704815,3.860682,1453,10.5906
13569,32,32,2.425385,1.586625,1478,10.7864
13570,32,44,5.666438,4.974109,1253,9.7362
13571,44,47,3.753543,3.369779,1453,10.7100
13572,47,23,3.249547,3.384647,1459,10.6150
13573,23,40,1.571049,2.094378,1460,10.6253
13574,40,62,4.266614,4.328203,1425,10.5387
13575,62,30,2.845348,2.793421,1454,10.6204
13576,30,62,2.234052,2.384214,1452,10.6429
13577,62,30,2.668887,2.634367,1450,10.6096
13578,30,0,4.027822,4.090205,1452,10.5725
13579,0,48,3.202831,3.095262,1449,10.5570
13580,48,22,2.733622,2.868231,1463,10.7709
13581,22,33,5.127443,5.325863,1468,10.6308
13582,33,13,4.576882,3.913724,1280,9.8420
13583,13,56,4.951271,5.227457,545,5.6196
13584,56,17,4.533240,4.218335,1456,10.6312
13585,17,61,3.695242,3.144019,1441,10.6430
13586,61,30,5.116573,4.383053,1496,10.6170
13587,30,37,3.965003,3.728969,1466,10.7119
13588,37,31,2.396125,1.954754,1443,10.6568
13589,31,62,3.006425,3.386635,1479,10.6523
13590,62,30,2.553112,2.587690,1444,10.7237
13591,30,0,4.038911,3.990243,1469,10.6226
13592,0,44,2.891134,2.881831,1468,10.6039
13593,44,28,3.426256,3.325178,1438,10.5441
13594,28,53,2.842283,3.730131,1420,10.5661
13595,53,63,2.121560,2.176831,1450,10.6334
13596,63,54,2.156001,2.400539,1465,10.5956
13597,54,37,3.454992,3.461473,1457,10.6747
13598,37,31,2.398147,1.920243,1453,10.5711
13599,31,62,2.960143,3.241026,1464,10.5610
13600,62,58,2.097795,2.060327,1467,10.6022
13601,58,54,3.876877,3.495834,1459,10.5673
13602,54,37,3.204139,3.260820,1474,10.7013
13603,37,31,1.963701,1.869396,1459,10.5652
13604,31,62,2.778972,3.152508,1437,10.6079
13605,62,58,1.930797,1.970485,1430,10.5881
13606,58,54,3.696435,3.439890,1471,10.5559
13607,54,35,1.839728,1.973555,1436,10.6284
13608,35,10,2.661175,3.123164,1460,10.6009
13609,10,12,4.928973,5.160355,1466,10.6522
13610,12,13,1.651418,1.409250,1057,9.4369
13611,13,12,1.850275,1.572424,603,6.9988
13612,12,13,1.484700,1.320616,1121,9.1449
13613,13,12,1.548778,1.479213,1277,9.7406
13614,12,13,1.406436,1.253895,1351,10.3887
13615,13,23,2.295827,2.926955,1327,10.1038
13616,23,40,1.646550,2.086818,1423,10.6134
13617,40,62,4.580315,4.502740,1470,10.5776
13618,62,58,1.734165,1.874263,1470,10.5485
13619,58,54,3.932095,3.336953,1461,10.5703
13620,54,63,2.023575,2.713599,1416,10.5820
13621,63,54,2.369988,2.510553,1448,10.5942
13622,54,37,2.850001,3.136585,1466,10.6298
13623,37,31,1.894205,1.851728,1447,10.5538
13624,31,41,4.066670,4.008418,1452,10.5646
13625,41,50,2.734535,2.697150,1473,10.6386
13626,50,3,4.428696,4.146222,1434,10.6322
13627,3,10,4.410907,4.423609,1396,10.5051
13628,10,25,2.568444,2.252881,1494,10.6963
13629,25,60,3.691564,3.746721,1455,10.7410
13630,60,45,5.220000,5.054864,1102,9.1630
13631,45,26,5.151890,4.737050,1424,10.4819
13632,26,51,2.746973,2.593368,1464,10.6985
13633,51,8,4.191890,4.114019,1446,10.6717
13634,8,33,6.058316,5.641238,1462,10.6998
13635,33,13,4.690842,3.823405,1456,10.6866
13636,13,23,2.254579,2.655946,487,5.0159
13637,23,40,1.584590,2.043776,1473,10.6981
13638,40,47,4.247594,4.025256,1451,10.6689
13639,47,24,2.931024,2.734334,1475,10.6889
13640,24,0,2.596313,2.579901,1442,10.6166
13641,0,44,2.730495,2.817576,1456,10.6454
13642,44,47,3.660197,3.286300,1457,10.5802
13643,47,23,3.448945,3.278781,1450,10.6645
13644,23,40,1.426192,1.947700,1446,10.5972
13645,40,47,3.598245,3.856945,1450,10.5872
13646,47,33,3.023775,3.053328,1453,10.6280
13647,33,42,4.018083,3.920198,1442,10.5417
13648,42,43,2.634082,2.699078,1442,10.6114
13649,43,37,5.767046,5.003519,1293,10.4116
13650,37,31,1.915077,1.808933,1376,10.4233
13651,31,62,2.789649,3.246030,1445,10.6096
13652,62,30,2.855441,2.694584,1454,10.5883
13653,30,62,2.098911,2.225350,1452,10.7661
13654,62,58,1.799314,1.884219,1459,10.6540
13655,58,56,3.355693,3.297426,1460,10.5985
13656,56,17,4.170101,4.131413,1461,10.6787
13657,17,37,4.651668,3.807741,1447,10.5800
13658,37,10,4.076130,4.228329,1410,10.4954
13659,10,12,5.106034,5.172333,1402,10.5225
13660,12,13,1.479445,1.318580,1449,10.6814
13661,13,23,2.197433,2.633844,1471,10.8430
13662,23,41,4.432445,4.408419,1452,10.6909
13663,41,5,3.356515,3.178970,1460,10.6435
13664,5,28,3.377903,3.701493,1488,10.6275
13665,28,53,2.455851,3.655498,1473,10.6620
13666,53,63,2.064279,2.165856,1323,10.0295
13667,63,47,4.901981,5.061736,1471,10.6329
13668,47,23,3.242397,3.236604,1456,10.5596
13669,23,41,4.387130,4.229131,1462,10.7358
13670,41,50,2.605171,2.611441,1467,10.6844
13671,50,23,3.885628,3.485611,1479,10.6072
13672,23,40,1.825999,2.002291,1457,10.6967
13673,40,62,4.264868,4.678901,1450,10.5838
13674,62,58,1.648663,1.818078,1449,10.6540
13675,58,56,3.669187,3.155684,1451,10.5943
13676,56,17,4.155661,4.053123,1438,10.5982
13677,17,61,3.352595,3.043306,1484,10.7476
13678,61,30,5.336595,4.299569,1450,10.5691
13679,30,62,2.107193,2.298229,1485,10.7452
13680,62,58,1.625895,1.731755,1463,10.5664
13681,58,4,3.963478,4.243265,1467,10.6847
13682,4,49,3.284077,2.989561,1447,10.6707
13683,49,40,2.172778,2.573952,1491,10.6031
13684,40,47,3.733288,3.838112,1455,10.5246
13685,47,23,3.027384,3.040159,1443,10.5913
13686,23,4,2.971388,3.377861,1452,10.5903
13687,4,31,5.740565,5.825325,1460,10.6977
13688,31,62,2.830904,2.937490,1202,9.9001
13689,62,30,2.708225,2.781349,1456,10.6568
13690,30,0,3.921575,3.940458,1475,10.6975
13691,0,44,2.736235,2.703965,1453,10.6555
13692,44,28,3.460508,3.430812,1447,10.5671
13693,28,54,2.686146,3.504282,1453,10.6523
13694,54,63,2.175509,2.519874,1448,10.5584
13695,63,47,5.733736,5.005786,1335,10.0821
13696,47,23,2.866292,3.016979,1470,10.6480
13697,23,41,3.813348,3.928551,1446,10.5761
13698,41,5,3.376152,3.083202,1456,10.6121
13699,5,28,3.153857,3.648408,1459,10.6478
13700,28,54,2.727843,3.383973,1455,10.6006
13701,54,37,3.158668,3.285747,1435,10.5545
13702,37,40,6.120245,6.734031,1451,10.5886
13703,40,62,3.902572,4.378122,1470,10.7485
13704,62,30,2.681736,2.632228,1453,10.6063
13705,30,0,3.842425,3.840197,1435,10.5666
13706,0,26,2.812007,2.931485,1458,10.5695
13707,26,51,2.825361,2.638933,1466,10.6894
13708,51,1,2.404093,2.092100,1510,10.5957
13709,1,14,1.875826,2.038532,1449,10.5693
13710,14,1,2.067548,1.693756,1452,10.5295
13711,1,14,2.017259,1.895289,1438,10.6456
13712,14,57,3.419864,3.620847,1522,10.5882
13713,57,9,4.851588,4.411352,1438,10.5752
13714,9,52,4.267259,4.320641,1225,10.2798
13715,52,21,2.898137,2.639472,1432,10.5862
13716,21,35,3.608082,3.919677,254,4.9500
13717,35,46,2.929455,3.212098,1481,10.7458
13718,46,0,7.204919,6.620187,1442,10.5967
13719,0,44,2.685939,2.567172,1472,10.6174
13720,44,62,2.683701,4.041141,1429,10.6181
13721,62,30,2.453839,2.508908,1431,10.5672
13722,30,0,3.706845,3.802433,1441,10.6953
13723,0,44,2.417045,2.441087,1457,10.6080
13724,44,47,3.391236,3.268397,1462,10.5848
13725,47,23,2.792280,2.958475,1473,10.6731
13726,23,40,1.751704,2.125791,1446,10.7494
13727,40,62,3.844708,4.326182,1460,10.6959
13728,62,58,1.857677,1.943940,1455,10.6415
13729,58,56,3.363076,3.041734,1436,10.5888
13730,56,17,3.891739,3.966378,1429,10.6201
13731,17,61,3.122854,2.914769,1462,10.6698
13732,61,30,5.109162,4.279385,1467,10.7045
13733,30,37,4.042375,3.748610,1499,10.6431
13734,37,31,2.164383,1.925692,1478,10.6267
13735,31,41,4.145616,4.035427,1445,10.5651
13736,41,13,4.134474,3.783666,1453,10.6418
13737,13,23,2.644207,2.796144,1436,10.6536
13738,23,40,1.614653,2.039169,1456,10.7925
13739,40,47,3.929160,3.776579,1467,10.6406
13740,47,33,3.194538,2.992065,1460,10.6419
13741,33,13,4.228507,3.914163,1462,10.6793
13742,13,12,1.796285,1.654243,1324,10.2809
13743,12,13,1.587533,1.356069,1448,10.6675
13744,13,12,1.700859,1.552299,1442,10.6752
13745,12,13,1.511052,1.275995,1424,10.7823
13746,13,23,2.235260,2.829368,1480,10.6653
13747,23,41,3.773678,3.946193,1447,10.6466
13748,41,13,3.990251,3.549921,1450,10.6129
13749,13,23,2.592109,2.643114,1455,10.6219
13750,23,40,1.779642,2.084335,1417,10.7857
13751,40,47,3.337840,3.604693,1452,10.5602
13752,47,23,3.194498,2.891482,1463,10.7170
13753,23,40,1.740788,1.949622,1437,10.5426
13754,40,47,3.219026,3.495301,1474,10.7140
13755,47,23,2.759221,2.729326,1454,10.5489
13756,23,40,1.543160,1.834789,1455,10.5668
13757,40,62,4.285074,4.597758,1463,10.5514
13758,62,58,1.806398,1.906644,1453,10.5735
13759,58,4,3.965012,4.110876,1455,10.6382
13760,4,36,3.345350,2.832271,1440,10.5281
13761,36,29,3.651624,2.971481,1453,10.5372
13762,29,60,3.938088,3.904400,1203,9.6287
13763,60,37,5.655505,5.410246,1354,10.2545
13764,37,40,7.094990,6.644079,1330,10.2642
13765,40,48,3.597088,3.734905,1440,10.6295
13766,48,22,2.837256,2.849593,737,6.6467
13767,22,33,5.240202,5.239033,1453,10.5743
13768,33,17,3.739405,3.558965,1458,10.6967
13769,17,61,3.021260,2.820893,1456,10.6336
13770,61,43,2.384867,2.873216,1462,10.6480
13771,43,20,2.025731,2.126034,1062,8.9347
13772,20,24,4.772393,4.911386,1464,10.7179
13773,24,23,2.890144,3.477527,1453,10.6753
13774,23,41,3.772157,3.854755,1445,10.6766
13775,41,13,3.950865,3.386530,1478,10.6771
13776,13,23,2.692031,2.689953,1377,10.5526
13777,23,40,1.633321,1.985527,1457,10.6210
13778,40,47,3.200584,3.285401,1462,10.5791
13779,47,23,2.361698,2.615172,1455,10.6156
13780,23,40,1.557165,1.902239,1442,10.6037
13781,40,47,3.044298,3.166804,1448,10.5956
13782,47,23,2.406375,2.483006,1449,10.5511
13783,23,41,3.753717,3.776247,1459,10.5490
13784,41,13,3.550235,3.225263,1426,10.5413
13785,13,23,2.594808,2.621474,1470,10.6526
13786,23,4,3.232407,3.735509,1453,10.5342
13787,4,49,3.312587,3.077274,1448,10.6399
13788,49,55,5.147776,4.940221,1448,10.5902
13789,55,20,2.995921,2.632419,924,8.0610
13790,20,24,4.339113,4.755919,1131,9.1549
13791,24,48,2.539315,2.613306,1458,10.6216
13792,48,22,2.695946,2.787917,1456,10.6367
13793,22,26,3.705459,4.039363,1449,10.6065
13794,26,51,2.856593,2.680982,1444,10.5684
13795,51,8,4.142147,3.978641,1298,9.9321
13796,8,59,2.666443,2.802458,376,5.2021
13797,59,8,2.653869,2.639841,1470,10.7869
13798,8,59,2.621069,2.609511,1013,8.0949
13799,59,58,5.705686,5.553157,1363,10.3879
13800,58,4,3.538556,3.836022,1466,10.7366
13801,4,36,3.368280,2.777221,1465,10.7360
13802,36,4,2.395222,2.479061,1458,10.6221
13803,4,49,3.096553,2.941281,1466,10.6338
13804,49,22,2.970566,3.020379,1448,10.5584
13805,22,33,5.157784,5.122446,1454,10.6031
13806,33,13,4.412886,3.922191,1462,10.6307
13807,13,23,2.238595,2.410579,1466,10.8350
13808,23,4,2.940632,3.498456,1452,10.6036
13809,4,31,5.474794,5.803386,1445,10.6016
13810,31,62,2.970880,3.063806,1356,10.3419
13811,62,30,2.562650,2.584318,1457,10.5962
13812,30,37,3.694674,3.663754,1434,10.6207
13813,37,31,2.044751,1.920359,1170,9.3608
13814,31,36,6.012905,5.850326,1433,10.5403
13815,36,4,2.202572,2.404544,1461,10.7003
13816,4,49,2.834392,2.847064,1473,10.6027
13817,49,40,2.537869,2.825234,1437,10.6069
13818,40,47,2.995988,3.065802,1461,10.5986
13819,47,33,2.945896,3.076714,1465,10.5428
13820,33,13,4.117113,3.883645,1462,10.7129
13821,13,23,2.027703,2.228743,1366,10.3045
13822,23,40,1.726214,2.178725,1471,10.6201
13823,40,47,2.818449,2.967726,1448,10.5409
13824,47,33,2.879307,2.965700,1482,10.6272
13825,33,42,3.727423,3.926429,1437,10.5581
13826,42,48,3.102134,3.493744,1405,10.5718
13827,48,22,2.759381,2.689503,1432,10.5015
13828,22,33,4.774142,4.892406,1492,10.6185
13829,33,13,4.037499,3.882598,1465,10.6241
13830,13,23,1.571759,2.080835,1457,10.6519
13831,23,4,2.801604,3.438170,1508,10.6635
13832,4,36,3.193650,2.849465,1462,10.5847
13833,36,29,3.796074,3.003933,1454,10.7350
13834,29,38,3.456224,3.112278,1469,10.6059
13835,38,42,3.666100,3.812151,1446,10.8398
13836,42,49,5.003385,4.926337,1435,10.6280
13837,49,55,5.256944,4.920658,1469,10.6143
13838,55,41,5.548818,5.432576,1104,8.7100
13839,41,50,2.856225,2.701428,1447,10.5847
13840,50,23,4.728066,3.639099,1429,10.5765
13841,23,40,1.685499,2.178817,1470,10.7249
13842,40,47,2.675886,2.896964,1448,10.5963
13843,47,23,2.433605,2.609733,1449,10.5413
13844,23,4,2.869949,3.268300,1446,10.5641
13845,4,49,2.977064,2.910753,1467,10.6543
13846,49,40,2.394741,2.709725,1471,10.5759
13847,40,48,3.418425,3.681756,1476,10.5701
13848,48,55,4.166763,4.408008,1441,10.5606
13849,55,20,2.741596,2.636548,1457,10.7117
13850,20,24,4.491464,4.556632,1421,10.4633
13851,24,48,2.308096,2.481472,1450,10.7321
13852,48,22,2.475592,2.671719,1443,10.6188
13853,22,26,3.808910,3.940714,1459,10.6346
13854,26,17,4.065795,4.438193,1472,10.6137
13855,17,37,5.007844,3.694325,1479,10.6146
13856,37,31,1.774130,1.868007,490,4.9073
13857,31,62,2.625273,3.059213,1409,10.5724
13858,62,30,2.615302,2.478882,1437,10.5946
13859,30,0,3.727089,3.748707,1446,10.6355
13860,0,44,2.606546,2.467759,1455,10.5455
13861,44,47,3.143874,3.040186,1490,10.6143
13862,47,23,2.302757,2.597859,1487,10.6288
13863,23,40,1.715550,2.146557,1263,9.7933
13864,40,62,4.418069,4.692595,1467,10.5925
13865,62,58,2.014015,2.106833,1489,10.5936
13866,58,54,3.575363,3.314706,1449,10.6146
13867,54,63,1.965990,2.523657,1421,10.5688
13868,63,54,2.494776,2.466221,1458,10.5695
13869,54,37,3.114708,3.241604,1474,10.6446
13870,37,31,2.042496,1.833184,1472,10.6600
13871,31,62,2.732724,3.084193,1455,10.6593
13872,62,58,2.081657,2.011677,1459,10.5859
13873,58,54,3.341173,3.319359,1456,10.5899
13874,54,63,1.774622,2.486792,1446,10.5881
13875,63,54,2.379076,2.379197,1448,10.7038
13876,54,37,2.875914,3.127894,1439,10.5752
13877,37,31,1.866699,1.805964,1450,10.5895
13878,31,62,3.128038,2.980627,1451,10.7506
13879,62,58,1.733680,1.934222,1456,10.7085
13880,58,54,3.318495,3.311180,1447,10.5614
13881,54,37,2.726213,2.956011,1453,10.5658
13882,37,31,1.810950,1.768637,1465,10.6135
13883,31,62,2.703265,2.890328,1447,10.6477
13884,62,26,3.986699,4.342632,1460,10.5850
13885,26,51,2.955119,2.681683,1456,10.5332
13886,51,1,2.512086,2.119185,1478,10.6001
13887,1,14,1.661088,1.838636,1460,10.6193
13888,14,45,2.635279,2.821682,1466,10.7309
13889,45,26,5.244800,4.486338,1448,10.7263
13890,26,51,2.800483,2.625638,1464,10.6349
13891,51,1,2.034846,2.058760,1401,10.6017
13892,1,53,3.059769,3.142434,1483,10.6004
13893,53,63,2.081241,2.259766,1463,10.6200
13894,63,47,5.646985,5.607441,1441,10.5804
13895,47,33,2.933170,2.847521,1465,10.6845
13896,33,17,3.430140,3.507730,1458,10.6149
13897,17,1,3.060233,3.565739,1439,10.5577
13898,1,53,2.936318,3.015356,1465,10.6181
13899,53,62,4.996139,5.230398,1456,10.5748
13900,62,58,1.781207,1.938846,1489,10.6986
13901,58,4,3.519252,3.843559,1468,10.6671
13902,4,49,2.735838,2.805100,883,8.4489
13903,49,40,2.271626,2.622807,1301,10.1392
13904,40,47,2.842502,3.068938,1363,10.3822
13905,47,24,3.551848,3.515370,1450,10.6830
13906,24,23,3.170306,3.681563,1455,10.5740
13907,23,40,1.666643,2.042628,1460,10.6415
13908,40,62,4.920787,5.141021,1491,10.5699
13909,62,58,1.627074,1.828815,1457,10.6877
13910,58,54,3.936224,3.265228,1460,10.6076
13911,54,35,2.518189,2.605942,1478,10.5772
13912,35,10,2.546918,2.855197,1384,10.4035
13913,10,25,2.516005,2.257483,1442,10.6725
13914,25,60,3.116525,3.597432,1489,10.7079
13915,60,37,5.788730,5.495090,930,7.7333
13916,37,31,1.818882,1.786548,1399,10.6305
13917,31,62,2.620853,2.823194,1475,10.5648
13918,62,58,1.567338,1.773919,1461,10.5840
13919,58,54,3.354336,3.201949,1472,10.6018
13920,54,63,2.405914,2.789946,1448,10.5962
13921,63,54,2.463401,2.574606,1501,10.5801
13922,54,37,2.719746,2.984223,1459,10.6700
13923,37,31,1.780983,1.769135,1457,10.6797
13924,31,62,2.455673,2.737990,1445,10.4760
13925,62,58,1.574752,1.750341,1438,10.5457
13926,58,4,3.532148,3.863776,1467,10.6582
13927,4,49,2.760708,2.712800,1450,10.6880
13928,49,22,2.879967,3.056654,1462,10.6351
13929,22,26,3.526604,3.831914,1440,10.6756
13930,26,51,2.822170,2.602832,1471,10.5777
13931,51,1,2.209258,2.013998,1460,10.6963
13932,1,53,2.828014,2.862373,1461,10.6205
13933,53,63,1.907107,2.397466,1456,10.6469
13934,63,47,5.316640,5.532419,1470,10.6976
13935,47,33,2.787534,2.721346,1392,10.5210
13936,33,17,3.330578,3.453174,1462,10.8696
13937,17,61,3.145826,2.796040,1451,10.6817
13938,61,30,4.800961,4.163555,1442,10.6102
13939,30,62,2.072301,2.392458,1454,10.8090
13940,62,58,1.640398,1.701142,1457,10.6162
13941,58,54,3.232713,3.234836,1465,10.6107
13942,54,63,1.983245,2.715711,1468,10.7029
13943,63,54,2.501367,2.581800,1440,10.6325
13944,54,63,2.054386,2.534462,1457,10.6022
13945,63,54,1.972615,2.401598,1485,10.5706
13946,54,37,2.735361,2.979291,1468,10.6844
13947,37,31,1.908594,1.820645,1443,10.6112
13948,31,62,2.075518,2.582021,1477,10.7179
13949,62,58,1.482677,1.694613,1456,10.5744
13950,58,56,3.556332,3.444858,1460,10.6763
13951,56,17,3.763442,4.033103,1432,10.7455
13952,17,1,2.948160,3.575516,1448,10.6039
13953,1,52,4.865733,4.805467,1450,10.7355
13954,52,54,4.963299,5.384317,1144,9.7028
13955,54,35,2.664394,2.643477,1448,10.6155
13956,35,53,5.118569,4.951840,1374,10.4193
13957,53,63,2.219462,2.166515,1472,10.7270
13958,63,32,4.098500,4.136867,1457,10.6135
13959,32,54,4.539021,4.047724,785,6.8181
13960,54,63,2.027771,2.286260,1463,10.6476
13961,63,47,5.486867,5.495560,1476,10.6112
13962,47,24,3.682893,3.338080,1463,10.6432
13963,24,48,2.294693,2.462216,1437,10.6717
13964,48,55,4.038766,4.369038,1472,10.6766
13965,55,13,5.707854,5.210289,1452,10.6457
13966,13,23,2.015874,2.234354,1426,10.5932
13967,23,40,1.599215,2.028029,1448,10.6198
13968,40,47,2.999461,3.330850,1467,10.5583
13969,47,23,2.949690,2.742955,1461,10.6324
13970,23,4,3.050765,3.375103,1466,10.5820
13971,4,49,2.662060,2.661380,1449,10.5706
13972,49,55,5.015911,4.936395,1514,10.6110
13973,55,41,5.498409,5.319482,1461,10.6679
13974,41,50,2.916242,2.616522,1459,10.6042
13975,50,3,4.373289,4.003023,1456,10.6475
13976,3,52,4.056266,4.035984,1425,10.6536
13977,52,54,4.824195,5.222220,641,7.0377
13978,54,37,2.707266,2.738507,1439,10.6224
13979,37,31,1.903467,1.798113,1469,10.6793
13980,31,62,1.750759,2.499452,1464,10.5766
13981,62,58,1.529741,1.716499,1441,10.6194
13982,58,56,3.321011,3.236904,1457,10.6071
13983,56,24,5.815505,5.726631,1454,10.6752
13984,24,0,3.285845,3.016478,1433,10.6198
13985,0,44,2.751497,2.463436,1445,10.6144
13986,44,28,3.581200,3.685496,1454,10.7844
13987,28,53,2.969005,3.659061,1437,10.5943
13988,53,63,1.835714,2.088388,1472,10.6662
13989,63,32,3.841486,4.038441,1443,10.6869
13990,32,44,5.442523,4.850545,1375,10.7114
13991,44,28,3.421114,3.571982,1453,10.5559
13992,28,53,2.516483,3.520507,1449,10.5892
13993,53,63,1.703943,2.008907,1450,10.6106
13994,63,47,5.431138,5.480292,1442,10.5511
13995,47,33,2.975181,2.620438,1462,10.6285
13996,33,17,3.248955,3.427026,1458,10.6872
13997,17,61,2.933709,2.754970,1448,10.6230
13998,61,30,4.968594,4.050265,1456,10.6967
13999,30,0,3.720818,3.609366,1499,10.6408
14000,0,26,2.702605,2.755942,1439,10.6125
14001,26,50,4.575209,4.323735,1453,10.6001
14002,50,23,3.783898,3.540801,1463,10.6705
14003,23,40,1.642697,2.022416,1087,8.6259
14004,40,47,3.417371,3.408390,1464,10.6740
14005,47,33,2.428258,2.514828,1441,10.5849
14006,33,42,3.891849,4.124473,1442,10.5957
14007,42,48,3.208021,3.365444,1480,10.6946
14008,48,22,2.457587,2.705251,1448,10.6033
14009,22,1,3.423646,4.170163,1499,10.6595
14010,1,53,2.298612,2.874286,1459,10.6840
14011,53,63,1.483332,1.994558,1462,10.6609
14012,63,54,2.152642,2.625656,1271,10.1887
14013,54,63,1.970360,2.112583,1471,10.6721
14014,63,54,2.490253,2.450503,1456,10.5315
14015,54,63,1.851282,1.965800,1467,10.6052
14016,63,32,4.189231,4.148486,1458,10.5952
14017,32,54,3.735740,3.535542,1474,10.7318
14018,54,63,1.631048,1.840957,1468,10.5165
14019,63,54,2.057080,2.210336,1459,10.6655
14020,54,35,2.487807,2.520230,1473,10.6576
14021,35,10,2.475853,2.894304,1439,10.5524
14022,10,25,2.386178,2.143531,1452,10.6370
14023,25,60,2.913155,3.506573,1401,10.5609
14024,60,45,5.023892,5.088014,1045,8.4834
14025,45,26,4.562517,4.272008,1483,10.6488
14026,26,50,4.049898,4.300904,1465,10.6448
14027,50,23,3.518923,3.439895,1376,10.4131
14028,23,40,1.479793,1.930015,1415,10.6801
14029,40,47,3.425921,3.290719,1463,10.6375
14030,47,24,3.261113,3.428971,1498,10.6874
14031,24,23,3.292776,3.715401,1447,10.5723
14032,23,41,3.479696,3.573881,1446,10.7268
14033,41,13,3.451400,3.158078,1438,10.6291
14034,13,12,1.999105,1.966529,1451,10.7859
14035,12,25,2.871638,3.195043,1434,10.6084
14036,25,60,3.117045,3.345458,1460,10.6170
14037,60,45,4.824660,5.097617,1451,10.6140
14038,45,0,4.978442,5.052301,1300,10.2397
14039,0,26,2.601703,2.634566,1367,10.5188
14040,26,51,2.741053,2.674813,1129,9.3105
14041,51,1,2.323619,2.044607,1401,10.6133
14042,1,14,2.243482,2.168987,1470,10.9649
14043,14,1,1.988355,1.699835,1370,10.6365
14044,1,14,2.025561,2.012910,1178,9.3801
14045,14,1,1.646556,1.596107,1474,10.8034
14046,1,14,1.863388,1.867474,1467,10.6732
14047,14,1,1.523169,1.507444,1373,10.4306
14048,1,14,1.820403,1.738963,1474,10.6514
14049,14,1,1.428373,1.427044,1476,10.5489
14050,1,53,2.831176,3.020944,1447,10.7062
14051,53,63,1.684073,2.105124,1462,10.6259
14052,63,32,4.010500,3.998133,1429,10.7889
14053,32,54,3.683342,3.269549,1423,10.5418
14054,54,35,2.158252,2.287799,1464,10.7844
14055,35,46,3.268296,3.326506,1436,10.7022
14056,46,26,7.344013,6.377439,1460,10.6222
14057,26,51,2.672564,2.638467,1401,10.5501
14058,51,1,1.901336,1.996732,1476,10.7444
14059,1,14,1.590051,1.714449,1479,10.6798
14060,14,45,3.275254,3.306345,1467,10.6019
14061,45,49,6.821270,6.511292,1431,10.6384
14062,49,55,4.773846,4.636153,586,5.4190
14063,55,20,2.827307,2.775248,1473,10.7756
14064,20,24,4.582429,4.531961,1463,10.7910
14065,24,23,3.021512,3.612723,1464,10.8077
14066,23,40,1.689305,1.917088,802,7.4711
14067,40,62,5.373464,5.547797,1456,10.6062
14068,62,58,1.569318,1.701552,1451,10.7144
14069,58,4,3.429674,3.859843,1404,10.5550
14070,4,49,2.748678,2.745474,1435,10.9120
14071,49,22,2.559526,2.979312,1426,10.5406
14072,22,1,3.189603,4.126526,1447,10.7018
14073,1,14,1.719624,1.581865,1401,10.5810
14074,14,1,1.395479,1.408278,1453,10.5706
14075,1,53,2.955978,3.037438,1448,10.6344
14076,53,63,1.809028,2.156746,1447,10.5883
14077,63,54,1.678654,2.185499,1487,10.7334
14078,54,37,3.033689,2.939093,1405,10.3480
14079,37,31,2.136043,1.905378,1454,10.6697
14080,31,62,1.958144,2.554310,1476,10.7669
14081,62,26,4.003029,4.509761,1457,10.6407
14082,26,51,2.637323,2.560941,1466,10.6366
14083,51,1,2.160513,1.992471,1451,10.5642
14084,1,14,1.510654,1.602343,1460,10.6353
14085,14,57,3.718512,4.068167,1464,10.5805
14086,57,12,7.751099,6.811423,1479,10.6497
14087,12,13,2.025880,1.751898,514,6.9010
14088,13,23,1.995374,2.442734,1258,10.4083
14089,23,40,1.629404,1.871902,1438,10.6555
14090,40,62,5.410778,5.480522,1270,9.8802
14091,62,26,3.712974,4.285663,1469,10.7342
14092,26,51,2.453963,2.449409,1461,10.5948
14093,51,1,2.045480,1.975622,1434,10.5320
14094,1,53,2.734722,2.874337,1481,10.5515
14095,53,63,1.687233,2.209344,1441,10.5434
14096,63,47,5.408062,5.756418,1435,10.5722
14097,47,23,2.094590,2.551253,1467,10.6542
14098,23,40,1.544272,1.795608,1299,10.1711
14099,40,47,3.237860,3.427942,1459,10.6146
14100,47,24,3.583397,3.456451,1456,10.6190
14101,24,48,2.291129,2.473054,1457,10.5797
14102,48,22,2.461169,2.660130,1434,10.6593
14103,22,1,2.938810,4.061368,1448,10.6745
14104,1,14,1.582278,1.611267,1419,10.6564
14105,14,45,3.238815,3.340549,1431,10.5264
14106,45,0,4.741383,5.036775,1464,10.6421
14107,0,26,2.317336,2.591584,1448,10.5863
14108,26,50,4.109176,4.196766,1450,10.5658
14109,50,23,3.220654,3.457126,1453,10.6542
14110,23,4,3.024839,3.413173,1421,10.4905
14111,4,49,2.672600,2.682383,1409,10.3832
14112,49,40,2.293387,2.627464,1351,10.2091
14113,40,47,3.143863,3.251727,1439,10.5563
14114,47,24,3.089951,3.335367,1460,10.5860
14115,24,23,2.993259,3.516090,1464,10.6192
14116,23,4,2.678673,3.268034,1476,10.6188
14117,4,49,2.598388,2.613919,1428,10.5374
14118,49,40,2.078467,2.561453,1446,10.5518
14119,40,47,3.181361,3.100033,1440,10.5060
14120,47,33,2.646503,2.644416,1451,10.5794
14121,33,13,4.250671,4.105827,1473,10.6282
14122,13,12,1.924554,2.045196,1450,10.7552
14123,12,13,1.967174,1.705650,1417,10.6333
14124,13,12,2.326026,1.921977,1470,10.6010
14125,12,13,1.844799,1.576501,1482,10.6454
14126,13,12,2.024126,1.784676,1450,10.6248
14127,12,13,1.773157,1.465460,1445,10.6307
14128,13,12,1.872050,1.653663,1465,10.7307
14129,12,13,1.687731,1.365893,1470,10.7105
14130,13,12,1.647276,1.538420,1478,10.7364
14131,12,13,1.456957,1.284405,1467,10.5703
14132,13,23,2.603101,2.947533,1459,10.5929
14133,23,4,2.534856,3.154527,1452,10.6263
14134,4,49,2.554736,2.527040,1469,10.6859
14135,49,40,2.021678,2.552236,1440,10.6104
14136,40,47,2.875188,2.923656,1462,10.6369
14137,47,33,2.413808,2.531102,1451,10.6397
14138,33,13,4.198039,4.257589,1441,10.9844
14139,13,56,5.237212,5.546976,1471,10.6147
14140,56,17,4.118426,3.959415,1437,10.7143
14141,17,37,5.140937,4.071171,1445,10.6499
14142,37,10,4.168160,4.292611,826,8.0430
14143,10,12,4.588283,5.113023,1401,10.5925
14144,12,13,1.466994,1.304881,1470,10.6928
14145,13,12,1.649417,1.600681,1455,10.6165
14146,12,13,1.429331,1.231574,1462,10.7535
14147,13,12,1.576799,1.501842,1472,10.7737
14148,12,30,6.308162,6.317355,1444,10.6536
14149,30,0,3.508710,3.649565,1481,10.7554
14150,0,26,2.362517,2.487348,1401,10.4916
14151,26,51,2.372136,2.421599,1441,10.5366
14152,51,1,2.168791,1.983584,1474,10.6027
14153,1,53,2.672263,2.793793,1417,10.5075
14154,53,63,1.746256,2.225509,1297,10.3051
14155,63,54,1.935820,2.253308,1462,10.7373
14156,54,37,2.943508,2.899317,1418,10.5054
14157,37,31,2.204902,1.899905,1428,10.5078
14158,31,36,5.727428,6.039544,1478,10.7438
14159,36,4,2.203446,2.593151,1469,10.7177
14160,4,36,3.694073,3.195500,1442,10.8984
14161,36,4,2.423008,2.423802,1449,10.6384
14162,4,49,2.499543,2.416999,1461,10.6309
14163,49,22,2.887887,3.190290,1437,10.6210
14164,22,1,2.742235,4.006010,1441,10.6545
14165,1,14,1.665457,1.627045,1462,10.6015
14166,14,45,3.194443,3.169795,1480,10.7550
14167,45,0,4.610877,4.985883,1321,10.0823
14168,0,44,2.888199,2.678709,1459,10.6584
14169,44,28,3.225351,3.466320,1444,10.6114
14170,28,55,3.183680,2.995967,1449,10.6835
14171,55,41,5.622049,5.123611,1455,10.7286
14172,41,13,3.180283,3.065023,1476,10.7319
14173,13,23,2.863281,2.848139,1302,10.0290
14174,23,4,2.626745,3.093062,1443,10.6786
14175,4,36,3.260895,3.095519,1432,10.5856
14176,36,4,2.419696,2.271652,1426,10.6948
14177,4,49,2.266997,2.339871,1461,10.6397
14178,49,22,2.693650,3.130669,1455,10.6160
14179,22,33,4.704841,4.724018,1456,10.6954
14180,33,13,4.932501,4.159728,1451,10.6521
14181,13,23,2.264740,2.560129,1462,10.6100
14182,23,40,2.014600,2.233569,1486,10.7651
14183,40,62,4.784712,5.159334,1437,10.5494
14184,62,26,3.157709,3.971388,1447,10.6690
14185,26,17,4.222200,4.501317,1451,10.5682
14186,17,37,5.162343,3.969676,1460,10.5742
14187,37,10,4.155052,4.246361,1444,10.6797
14188,10,25,2.122247,2.236883,1327,10.3389
14189,25,41,3.702936,4.369628,1437,10.6760
14190,41,5,3.444429,3.047230,1459,10.6850
14191,5,59,2.955394,2.412319,1462,10.7009
14192,59,58,5.639520,5.388512,1451,10.6661
14193,58,56,3.542944,2.826819,1457,10.7511
14194,56,17,3.629180,3.847654,1450,10.6110
14195,17,37,4.547278,3.904620,1448,10.5935
14196,37,31,1.821366,1.828066,1180,9.2793
14197,31,41,4.807333,4.642653,1467,10.6385
14198,41,50,2.980723,2.671918,1480,10.6321
14199,50,23,4.274174,3.521055,1461,10.6190
14200,23,4,2.244987,3.032409,1438,10.6513
14201,4,49,2.376421,2.264247,1459,10.5858
14202,49,22,2.730121,3.076568,1452,10.5787
14203,22,1,3.105281,4.112803,1438,10.6687
14204,1,53,2.307115,2.765868,1440,10.7016
14205,53,63,2.023957,2.274989,1447,10.6095
14206,63,47,5.896725,5.940117,1465,10.6532
14207,47,24,3.529343,3.223107,1477,10.7494
14208,24,48,2.356198,2.522497,1435,10.5805
14209,48,24,2.693175,2.221254,1447,10.5805
14210,24,0,3.346319,3.160401,1463,10.6977
14211,0,26,2.189485,2.443717,1468,10.6907
14212,26,51,2.454120,2.436240,1458,10.6097
14213,51,55,4.376757,4.470401,1450,10.6108
14214,55,13,5.339959,5.214852,1448,10.6159
14215,13,56,5.130701,5.292527,1435,10.6616
14216,56,17,3.810785,3.668881,1465,10.7398
14217,17,61,3.022685,2.829429,1450,10.5840
14218,61,30,4.646173,3.975322,1456,10.6336
14219,30,0,3.608317,3.652077,1452,10.6130
14220,0,26,2.009625,2.320385,1439,10.5769
14221,26,51,2.366089,2.358670,1458,10.5565
14222,51,1,2.071584,2.100132,1443,10.5427
14223,1,14,1.654003,1.662243,1473,10.6533
14224,14,57,3.790208,3.903937,1439,10.5907
14225,57,9,4.331041,4.193951,1460,10.5822
14226,9,9,1.610298,0.668093,1433,10.7611
14227,9,7,3.012412,3.054818,1429,10.5631
14228,7,57,5.343402,4.832910,1450,10.7911
14229,57,34,3.267016,2.676398,1099,9.8884
14230,34,16,2.183147,2.154129,1444,10.5807
14231,16,13,4.797673,5.608095,1275,9.9422
14232,13,23,2.033984,2.504992,1252,9.9816
14233,23,41,3.729257,3.635097,1061,9.1137
14234,41,50,2.718687,2.571395,1086,9.2378
14235,50,23,3.490192,3.358281,1467,10.6513
14236,23,40,1.903031,2.270884,1404,10.5273
14237,40,62,4.690048,4.976745,1438,10.5485
14238,62,58,2.009004,2.006406,1453,10.7478
14239,58,4,2.988280,3.535867,1485,10.6839
14240,4,49,2.354189,2.165924,1448,10.6638
14241,49,40,2.404360,2.687405,1454,10.6243
14242,40,62,4.808707,4.821073,1460,10.6409
14243,62,58,1.813941,1.931898,1462,10.6222
14244,58,56,2.830669,2.839919,1426,10.5776
14245,56,24,5.801186,5.761823,1450,10.6472
14246,24,23,3.212873,3.652634,1430,10.7404
14247,23,40,1.844503,2.105221,1478,10.7771
14248,40,47,3.165643,3.194275,1458,10.6008
14249,47,23,2.655707,2.465038,1484,10.5753
14250,23,40,1.738540,2.012265,1450,10.6029
14251,40,47,2.921302,3.076424,1418,10.5141
14252,47,23,2.405813,2.334161,1444,10.5886
14253,23,4,2.743517,3.210152,1478,10.5641
14254,4,31,6.046187,6.175680,1454,10.5993
14255,31,62,2.601784,2.858271,1358,10.3422
14256,62,58,1.914038,1.876979,1454,10.6766
14257,58,54,4.206706,3.849515,1442,10.5890
14258,54,35,2.244614,2.248297,1297,10.0928
14259,35,10,2.377446,2.735508,1320,10.0913
14260,10,1,7.285724,7.087432,1450,10.5923
14261,1,53,2.238930,2.561444,1501,10.5986
14262,53,63,1.662056,2.256106,1118,9.5568
14263,63,32,3.570289,3.837450,1454,10.6156
14264,32,54,3.867212,3.175014,1460,10.5792
14265,54,35,2.050085,2.095704,1464,10.6817
14266,35,53,5.591578,5.401081,1467,10.6320
14267,53,63,1.936027,2.049207,1451,10.7726
14268,63,54,2.453435,2.486115,1449,10.6001
14269,54,63,1.700590,2.076707,1451,10.7327
14270,63,47,6.107269,6.040447,1469,10.6559
14271,47,24,3.139770,3.191292,1388,10.4411
14272,24,48,2.344987,2.438409,1365,10.4018
14273,48,24,2.590280,2.114053,1481,10.6337
14274,24,0,3.224283,3.133576,1454,10.5869
14275,0,26,2.019155,2.289774,1464,10.7116
14276,26,51,2.330077,2.328861,1452,10.6026
14277,51,1,2.343586,2.183046,1445,10.6014
14278,1,52,4.832216,4.683055,1450,10.6590
14279,52,21,2.833670,2.758725,1380,10.4267
14280,21,4,5.720715,5.947320,1422,10.7248
14281,4,49,2.246792,2.171239,1481,10.8069
14282,49,22,3.030158,3.093510,1377,10.3321
14283,22,1,3.511762,4.167612,1455,10.6677
14284,1,14,1.472516,1.703245,1448,10.6362
14285,14,45,3.575664,2.874447,1443,10.5854
14286,45,0,4.213930,4.871970,1469,10.6959
14287,0,26,1.870950,2.235061,1457,10.6194
14288,26,50,4.241763,4.625201,1419,10.5178
14289,50,57,4.950678,3.743022,1218,9.7751
14290,57,34,2.631359,2.627919,1461,10.6166
14291,34,16,2.218644,2.131249,1455,10.6463
14292,16,13,4.709829,5.551171,1473,10.6769
14293,13,12,1.864661,1.552649,1502,10.7071
14294,12,13,1.848242,1.437672,1464,10.7733
14295,13,23,2.657433,2.785737,1459,10.7171
14296,23,41,3.836869,3.572253,1401,10.4913
14297,41,5,3.175255,3.026646,1461,10.5961
14298,5,59,2.620612,2.356279,1467,10.8226
14299,59,54,3.248943,3.841808,1455,10.6832
14300,54,35,2.265527,2.052331,1451,10.6003
14301,35,53,5.374243,5.234700,1435,10.7280
14302,53,62,5.014041,5.416374,1455,10.7076
14303,62,58,1.934496,1.854186,1460,10.6150
14304,58,54,4.241108,3.934629,1446,10.5478
14305,54,63,1.516332,2.119096,1459,10.6498
14306,63,54,2.457572,2.307731,1463,10.6306
14307,54,63,1.756405,1.988157,1451,10.5928
14308,63,47,5.894981,5.768315,1459,10.6022
14309,47,23,2.372951,2.435517,1482,10.7776
14310,23,40,1.751561,2.135631,1419,10.5994
14311,40,62,4.833369,5.005786,1267,9.9006
14312,62,58,1.634287,1.790693,1440,10.5395
14313,58,56,2.790779,2.878227,1477,10.5982
14314,56,17,3.465214,3.667701,1435,10.5254
14315,17,61,3.102998,2.723640,1433,10.6067
14316,61,30,4.587190,3.856891,1406,10.3998
14317,30,0,3.722021,3.663592,1454,10.6113
14318,0,44,2.941677,2.808222,1463,10.7526
14319,44,62,3.331435,4.519158,1454,10.6468
14320,62,26,3.328547,3.637305,1448,10.5771
14321,26,50,4.409185,4.433071,1467,10.5998
14322,50,57,4.167714,3.550446,1472,10.8650
14323,57,34,2.504117,2.613904,1459,10.6244
14324,34,16,1.685876,2.106512,1424,10.6815
14325,16,13,4.441331,5.499907,887,8.2888
14326,13,23,2.251607,2.729045,1055,8.8496
14327,23,4,2.425173,3.231421,1475,10.6934
14328,4,49,2.126561,2.130811,1450,10.6726
14329,49,40,2.295336,2.645731,1442,10.6447
14330,40,48,3.518393,3.883384,1461,10.5920
14331,48,55,4.187185,4.337339,1442,10.5702
14332,55,20,3.229672,2.734904,1449,10.6170
14333,20,32,3.555309,4.260366,1469,10.7102
14334,32,54,2.742271,3.184493,1372,10.8619
14335,54,63,1.734196,1.896465,1313,10.1129
14336,63,47,5.240757,5.499757,1454,10.6730
14337,47,24,2.827099,3.105792,1453,10.6313
14338,24,0,3.200127,3.059305,1457,10.5938
14339,0,48,3.811954,3.371996,1436,10.6145
14340,48,24,2.227390,2.044812,1440,10.6366
14341,24,48,2.215757,2.261542,1448,10.5773
14342,48,22,2.539381,2.764984,1461,10.6111
14343,22,1,3.754792,4.080323,1461,10.5632
14344,1,53,2.828451,2.907746,1480,10.6158
14345,53,63,1.615201,1.945837,1445,10.7383
14346,63,47,5.141790,5.309621,1452,10.6214
14347,47,24,2.788927,3.032169,1463,10.6418
14348,24,0,2.972223,3.021503,1471,10.5700
14349,0,44,2.755035,2.753871,1447,10.5667
14350,44,62,3.457387,4.446895,1445,10.6045
14351,62,30,3.742779,3.531803,1465,10.5993
14352,30,0,3.583462,3.655490,1457,10.5784
14353,0,48,3.062392,3.193599,1444,10.6804
14354,48,22,2.319921,2.666190,1454,10.5948
14355,22,33,4.515392,4.723565,1433,10.5863
14356,33,17,3.745103,3.659205,1456,10.6611
14357,17,61,2.951296,2.640096,1462,10.6149
14358,61,30,4.262498,3.744921,1459,10.6357
14359,30,62,2.464317,2.843438,1457,10.7172
14360,62,30,3.495952,3.388247,1457,10.5794
14361,30,0,3.805364,3.578313,1433,10.5600
14362,0,26,2.059785,2.293593,1442,10.6160
14363,26,51,2.458784,2.507512,1447,10.5849
14364,51,8,4.639490,4.528121,1462,10.6565
14365,8,46,2.366156,2.703596,872,8.4403
14366,46,52,4.302055,4.131946,196,3.4511
14367,52,54,4.091153,4.902314,648,6.2130
14368,54,35,2.098851,2.084733,1456,10.6651
14369,35,10,2.562051,2.823382,1437,10.5558
14370,10,25,2.474891,2.229107,1302,10.2699
14371,25,60,2.783645,3.290138,1028,9.0373
14372,60,21,3.312021,3.428022,975,8.9160
14373,21,4,6.199001,5.753591,939,9.1747
14374,4,36,3.556029,2.998852,1424,10.4479
14375,36,4,2.350299,2.450479,1471,10.5826
14376,4,36,3.110562,2.827857,1451,10.5784
14377,36,29,3.703573,3.129607,1445,10.6576
14378,29,2,3.542831,3.967215,1440,10.5944
14379,2,15,3.662453,3.889946,1294,10.1630
14380,15,2,3.509254,3.790011,1430,10.6558
14381,2,15,3.569522,3.812309,1462,10.6243
14382,15,2,3.414563,3.699532,1375,10.4416
14383,2,15,3.454509,3.719757,1455,10.6264
14384,15,27,3.641353,3.760229,1483,10.6254
14385,27,47,5.120396,4.805093,1465,10.6517
14386,47,24,2.808644,2.891240,1479,10.6485
14387,24,0,2.790491,3.038941,1472,10.8631
14388,0,44,2.692408,2.727309,1456,10.5985
14389,44,47,3.765534,3.677346,1366,10.3422
14390,47,24,2.498192,2.799014,1437,10.5815
14391,24,23,3.331773,3.436350,1461,10.6411
14392,23,40,1.697864,2.136965,1437,10.7373
14393,40,62,4.627970,4.805930,1471,10.6163
14394,62,58,2.052844,1.921952,1462,10.6246
14395,58,56,3.174712,2.730602,1415,10.5875
14396,56,17,3.499534,3.596969,1452,10.6546
14397,17,61,3.063785,2.560937,1445,10.6328
14398,61,30,4.169988,3.637120,1459,10.6914
14399,30,0,3.580426,3.524625,1467,10.6494
14400,0,26,2.098262,2.250583,1483,10.7875
14401,26,51,2.558338,2.476333,1471,10.6307
14402,51,8,4.601823,4.423233,1457,10.6433
14403,8,46,2.432991,2.677523,1397,10.5927
14404,46,26,7.141570,6.402649,1451,10.8035
14405,26,50,4.381042,4.350236,1466,10.5991
14406,50,23,3.745074,3.462723,1462,10.8636
14407,23,4,2.672597,3.165803,1214,9.7279
14408,4,49,2.198595,2.191548,1465,10.7167
14409,49,40,2.326931,2.624169,1460,10.6324
14410,40,62,4.703758,4.637232,1443,10.7426
14411,62,58,1.844057,1.900271,1473,10.5946
14412,58,56,2.698023,2.627957,1478,10.6802
14413,56,24,6.151319,5.925584,1459,10.7253
14414,24,0,2.517715,2.934095,1451,10.6903
14415,0,48,3.249725,3.189760,1377,10.4953
14416,48,22,2.491233,2.625004,1452,10.6305
14417,22,33,4.519514,4.548667,1453,10.6099
14418,33,13,4.917148,4.162478,1467,10.6807
14419,13,12,1.902203,1.573041,1462,10.7937
14420,12,25,3.025560,3.514627,1424,10.5571
14421,25,41,3.988004,4.293181,1406,10.5348
14422,41,50,2.704557,2.712162,1470,10.6965
14423,50,23,3.775604,3.353525,1485,10.6890
14424,23,4,2.389974,2.990042,1476,10.6989
14425,4,49,2.144439,2.143280,1447,10.6017
14426,49,40,2.188605,2.598024,1467,10.6307
14427,40,47,3.923341,3.901241,1455,10.5717
14428,47,23,2.380315,2.573965,1457,10.6782
14429,23,4,2.238663,2.891414,1419,10.6470
14430,4,36,3.311578,2.982573,1469,10.5632
14431,36,4,2.192412,2.284125,1464,10.5655
14432,4,31,6.207080,6.310118,1454,10.5258
14433,31,62,2.736573,2.785502,881,8.0728
14434,62,26,3.228545,3.629830,1439,10.5873
14435,26,51,2.466648,2.370046,1462,10.6107
14436,51,1,2.461471,2.353827,1439,10.5371
14437,1,14,1.777999,1.777553,1456,10.6971
14438,14,45,2.827058,2.648404,1447,10.5902
14439,45,49,7.582294,7.382429,1291,10.3960
14440,49,40,2.222641,2.542259,1419,10.5601
14441,40,47,3.711010,3.749131,1468,10.5963
14442,47,23,2.715931,2.419365,1452,10.6071
14443,23,41,3.371915,3.463381,1454,10.7808
14444,41,13,4.005334,3.398539,1475,10.6034
14445,13,12,1.434324,1.500613,1362,10.4252
14446,12,13,1.743610,1.487829,1473,10.6701
14447,13,56,5.173721,5.382854,1341,10.1458
14448,56,24,5.333534,5.571179,1450,10.6471
14449,24,48,2.409148,2.295601,1478,10.6634
14450,48,22,2.425902,2.557185,1454,10.6010
14451,22,1,3.673658,4.053883,1467,10.6017
14452,1,52,4.485586,4.536036,1450,10.6223
14453,52,54,3.919317,4.820384,590,6.5678
14454,54,35,1.933286,1.963554,862,8.4095
14455,35,10,2.325856,2.746492,937,8.7121
14456,10,12,5.641564,5.379171,1431,10.7442
14457,12,13,1.560106,1.400747,1444,10.6467
14458,13,23,2.495576,2.987194,1476,10.8308
14459,23,4,2.049790,2.863275,1467,10.6910
14460,4,31,5.466019,6.055257,1449,10.7289
14461,31,62,2.162997,2.523304,1443,10.6974
14462,62,58,2.076330,1.942191,1435,10.5867
14463,58,56,2.714476,2.600920,1473,10.5670
14464,56,17,3.320047,3.535405,1453,10.6044
14465,17,61,2.592687,2.520258,1447,10.6008
14466,61,30,4.076012,3.524503,1419,10.5799
14467,30,62,2.800848,2.888007,1445,10.5478
14468,62,30,3.502697,3.417868,1463,10.6110
14469,30,0,3.532415,3.529108,1450,10.5661
14470,0,44,2.869795,2.719095,1451,10.5862
14471,44,47,3.896676,3.616169,1469,10.6698
14472,47,23,2.231344,2.396176,1466,10.7045
14473,23,40,1.924849,2.391471,1463,10.6043
14474,40,47,3.498104,3.597268,1442,10.5603
14475,47,33,2.843197,2.818419,1459,10.5743
14476,33,13,4.532462,4.182167,1456,10.5496
14477,13,56,4.707698,5.313391,1485,10.7514
14478,56,17,3.098201,3.321213,1448,10.7350
14479,17,1,2.680061,3.724322,1448,10.5683
14480,1,52,4.414197,4.386616,1443,10.6380
14481,52,21,2.614451,2.843640,958,9.3658
14482,21,59,4.700904,4.783872,596,6.6041
14483,59,8,2.561203,2.764307,966,8.0288
14484,8,46,2.364450,2.593474,1435,10.8148
14485,46,52,4.524459,4.226109,1419,10.6446
14486,52,21,2.917307,2.713608,1319,10.2763
14487,21,59,4.481899,4.734492,1395,10.4164
14488,59,54,3.508828,3.778655,1455,10.6718
14489,54,63,1.665193,1.904064,1464,10.6695
14490,63,47,5.373924,5.231695,1440,10.5436
14491,47,24,2.711816,2.952437,1160,9.1485
14492,24,48,2.083187,2.257828,1427,10.6232
14493,48,22,2.385969,2.515352,1435,10.5398
14494,22,26,3.599261,4.136489,1432,10.5601
14495,26,50,4.037812,4.257878,1241,9.6743
14496,50,57,4.663766,3.395828,1457,10.6269
14497,57,9,4.522707,4.220636,1452,10.7027
14498,9,9,1.682093,0.695069,1444,10.6222
14499,9,52,4.199512,4.427734,1457,10.6164
14500,52,54,3.404083,4.755561,1460,10.6529
14501,54,63,1.528099,1.804144,1475,10.7088
14502,63,47,4.955813,5.021547,1449,10.6581
14503,47,33,2.647522,2.729732,1469,10.6353
14504,33,13,4.369058,4.118127,1458,10.6702
14505,13,23,2.837431,2.674116,1453,10.6188
14506,23,40,1.901115,2.304838,1457,10.7161
14507,40,62,4.623791,4.760454,1487,10.5962
14508,62,30,3.378187,3.267414,1462,10.7095
14509,30,0,3.514801,3.442406,1292,9.9433
14510,0,26,2.119364,2.301552,1466,10.7443
14511,26,17,4.317163,4.562998,1461,10.7232
14512,17,37,4.849641,3.905786,1445,10.7142
14513,37,10,4.281875,4.123826,1442,10.5882
14514,10,12,4.667895,5.217003,1483,10.7502
14515,12,30,5.564138,5.614299,515,5.0027
14516,30,37,3.888217,3.560207,1468,10.6245
14517,37,31,2.291609,2.102828,1459,10.6639
14518,31,41,4.011343,3.976452,1460,10.7006
14519,41,50,2.841919,2.693750,1487,10.6017
14520,50,57,3.838389,3.354049,1424,10.5455
14521,57,9,3.918691,4.212102,1455,10.6759
14522,9,9,1.273998,0.587774,1283,10.1775
14523,9,52,4.004649,4.348613,1489,10.8189
14524,52,21,2.942111,2.536948,1458,10.6283
14525,21,35,3.712373,4.055265,1357,10.2807
14526,35,10,2.179341,2.550252,1458,10.6908
14527,10,12,4.592099,5.169754,1465,10.8635
14528,12,13,1.750250,1.547619,1467,10.6449
14529,13,23,2.462055,2.572117,1460,10.6368
14530,23,4,2.251474,2.951646,1459,10.7799
14531,4,49,2.480611,2.501201,1435,10.6127
14532,49,55,5.084373,5.046215,1445,10.5975
14533,55,41,5.532097,5.195041,694,7.0697
14534,41,13,3.435456,3.394263,1479,10.7124
14535,13,12,1.925136,1.805860,1390,10.6106
14536,12,13,1.702921,1.452718,1449,10.5842
14537,13,12,1.858581,1.688847,1406,10.5181
14538,12,13,1.569787,1.359701,1442,10.5478
14539,13,23,2.194909,2.614111,1458,10.5555
14540,23,40,1.789432,2.360139,1451,10.7214
14541,40,62,4.050803,4.590873,1442,10.5899
14542,62,30,3.094049,3.186469,1464,10.6738
14543,30,0,3.434192,3.431113,1451,10.7322
14544,0,26,1.907892,2.202052,1438,10.5792
14545,26,51,2.505212,2.525399,1453,10.5944
14546,51,8,4.719392,4.295324,1429,10.5608
14547,8,59,2.491147,2.802971,1461,10.7763
14548,59,8,2.626418,2.713359,1450,10.6056
14549,8,59,2.442182,2.631668,1466,10.6342
14550,59,54,3.760387,3.728443,1447,10.6643
14551,54,37,3.447951,3.386896,1479,10.6204
14552,37,10,4.820641,3.997357,1457,10.6523
14553,10,25,2.666704,2.505156,1453,10.7602
14554,25,41,3.733197,4.248513,1479,10.8040
14555,41,13,3.371441,3.208893,1452,10.6965
14556,13,23,1.927464,2.431446,1422,10.5175
14557,23,41,3.434658,3.545421,1491,10.5793
14558,41,13,2.993985,3.071090,1467,10.6200
14559,13,12,1.728048,1.721348,1446,10.5871
14560,12,13,1.526244,1.296928,1469,10.5789
14561,13,12,1.933821,1.609917,1436,10.5447
14562,12,25,3.326306,3.416792,1437,10.5445
14563,25,41,3.824581,4.101982,1458,10.6619
14564,41,5,3.241198,3.098533,1456,10.6092
14565,5,6,3.062713,2.948992,1468,10.6380
14566,6,26,6.026793,5.679191,1453,10.6739
14567,26,51,2.354004,2.393200,1112,8.6267
14568,51,1,2.516698,2.384242,1452,10.6843
14569,1,53,3.096700,2.950451,1344,10.5351
14570,53,62,5.136623,5.281973,1444,10.6157
14571,62,58,2.096865,2.142070,1442,10.6323
14572,58,56,2.713750,2.521086,1483,10.5844
14573,56,17,2.972078,3.264422,1460,10.6649
14574,17,1,2.751459,3.652391,1458,10.6538
14575,1,53,2.699105,2.858900,1430,10.6217
14576,53,62,5.008265,5.127006,1463,10.8029
14577,62,30,3.093022,3.033187,1464,10.6477
14578,30,62,2.694192,2.660604,1446,10.6262
14579,62,58,2.064918,2.106248,1465,10.6148
14580,58,4,3.663917,3.964726,1459,10.6975
14581,4,36,3.426203,2.835767,1457,10.6082
14582,36,29,4.006278,3.055486,1472,10.5905
14583,29,2,3.452992,3.877714,1428,10.6037
14584,2,15,3.416486,3.661061,1217,9.7432
14585,15,27,3.554713,3.691364,1444,10.6385
14586,27,47,5.303974,4.892690,1346,10.6259
14587,47,24,2.797021,2.874264,1474,10.7590
14588,24,23,3.517404,3.394068,1482,10.6301
14589,23,4,2.439152,3.073428,1463,10.9987
14590,4,49,2.562071,2.449309,1443,10.6709
14591,49,22,3.017956,3.173202,1454,10.5381
14592,22,1,3.404249,3.893028,1449,10.6199
14593,1,53,2.633505,2.796699,1406,10.5493
14594,53,63,1.658556,2.288286,1445,10.8984
14595,63,47,4.401309,4.681875,1455,10.6141
14596,47,33,2.586602,2.682141,1477,10.8329
14597,33,13,4.313260,4.112920,1456,10.5886
14598,13,12,1.500715,1.529320,1452,10.7433
14599,12,13,1.621194,1.347512,1403,10.6456
14600,13,12,1.652060,1.441665,1476,10.5885
14601,12,13,1.685656,1.268147,1233,9.3534
14602,13,12,1.353827,1.341890,1467,10.6187
14603,12,13,1.349846,1.208351,1464,10.5615
14604,13,23,2.409625,2.819690,1449,10.5740
14605,23,40,2.076444,2.451023,1458,10.5976
14606,40,62,4.387551,4.651955,1478,10.6194
14607,62,58,1.970613,2.036777,1447,10.7492
14608,58,4,3.563588,3.914367,1434,10.6088
14609,4,49,2.410501,2.329598,1459,10.5637
14610,49,22,3.107104,3.111173,1457,10.5987
14611,22,33,4.288403,4.356855,1462,10.6416
14612,33,13,4.511196,4.173297,1448,10.7595
14613,13,56,5.348902,5.556170,1453,10.6376
14614,56,24,5.879806,5.522455,1441,10.6541
14615,24,48,2.190618,2.299326,1478,10.5915
14616,48,22,2.163609,2.458346,1442,10.6023
14617,22,33,3.971959,4.205010,1481,10.5948
14618,33,42,4.363260,4.061138,1461,10.6664
14619,42,48,3.151648,3.337764,1458,10.8041
14620,48,55,4.244499,4.455009,1459,10.6902
14621,55,41,5.444956,5.290727,1443,10.6196
14622,41,5,3.181585,2.906404,1448,10.6594
14623,5,6,3.175510,2.885294,1468,10.6351
14624,6,26,6.141314,5.611450,1442,10.6092
14625,26,51,2.320879,2.365548,1464,10.6894
14626,51,1,2.606671,2.315598,1448,10.6354
14627,1,14,2.341372,2.101247,1439,10.5931
14628,14,1,2.416776,1.888068,1450,10.5880
14629,1,14,2.016435,1.926356,1450,10.7476
14630,14,45,2.681161,2.607526,1452,10.5630
14631,45,0,4.255893,4.761925,1426,10.6139
14632,0,26,2.140133,2.397939,1449,10.6588
14633,26,50,4.111534,4.330338,1474,10.6558
14634,50,57,3.726784,3.124347,1480,10.6565
14635,57,34,2.963323,2.788871,1440,10.6277
14636,34,16,2.457011,2.144279,1451,10.6210
14637,16,41,6.837581,7.008386,1428,10.7722
14638,41,50,3.292474,2.819175,1338,10.4811
14639,50,23,3.439296,3.502313,1445,10.6093
14640,23,4,2.468622,3.073939,1441,10.8425
14641,4,49,2.276388,2.249624,1467,10.7472
14642,49,55,5.020997,5.045509,1454,10.6429
14643,55,13,5.985430,5.139518,1481,10.6998
14644,13,12,1.472950,1.402317,1444,10.6383
14645,12,13,1.598379,1.343956,1435,10.6162
14646,13,23,2.160331,2.619584,1445,10.6815
14647,23,40,2.078085,2.456800,1461,10.6451
14648,40,47,4.045465,3.978474,1463,10.6233
14649,47,33,2.410331,2.583913,1451,10.5884
14650,33,42,4.031559,3.984156,1463,10.6512
14651,42,43,2.716179,2.835831,1449,10.7953
14652,43,20,2.247883,2.311202,1447,10.6177
14653,20,32,3.727178,4.078945,1472,10.7013
14654,32,54,2.875288,3.121707,1153,9.3070
14655,54,35,2.142232,2.030694,1448,10.6806
14656,35,53,5.440053,5.353350,1310,10.1284
14657,53,63,2.200123,2.105028,1484,10.8041
14658,63,47,4.403397,4.594624,1479,10.6298
14659,47,23,2.751241,2.879603,1455,10.6317
14660,23,40,2.027127,2.339709,1489,10.6116
14661,40,48,3.141557,3.872295,1445,10.6262
14662,48,24,2.684298,2.302570,1473,10.6167
14663,24,48,2.145633,2.131322,1459,10.7267
14664,48,24,2.540587,2.151855,1450,10.5584
14665,24,23,3.501899,3.408049,1449,10.5918
14666,23,40,1.883731,2.194726,1472,10.6680
14667,40,47,4.020686,4.104899,1461,10.5262
14668,47,33,2.569091,2.532014,1461,10.7020
14669,33,42,3.977327,3.927565,1432,10.6307
14670,42,43,2.703334,2.821340,1450,10.6816
14671,43,20,2.190138,2.257416,1412,10.5100
14672,20,31,6.699496,6.501812,1447,10.6720
14673,31,41,4.371094,3.922244,1428,10.6985
14674,41,5,2.776410,2.817431,1464,10.7527
14675,5,28,3.810587,4.086304,1475,10.7689
14676,28,53,2.244244,3.429126,1461,10.6657
14677,53,5,5.113940,4.938041,1460,10.7569
14678,5,59,2.709762,2.462474,1434,10.6488
14679,59,8,2.982645,2.572502,1468,10.6496
14680,8,33,6.659448,6.243758,1338,10.1273
14681,33,42,4.002725,3.791838,1449,10.6815
14682,42,43,2.628967,2.818234,1005,9.0447
14683,43,20,1.822650,2.210459,1433,10.5848
14684,20,32,3.706754,4.030591,1435,10.6989
14685,32,44,5.362169,4.664707,1431,10.6113
14686,44,28,3.837173,3.629541,1344,10.3823
14687,28,53,2.342145,3.309506,1471,10.6801
14688,53,62,4.744743,5.043303,1474,10.6888
14689,62,58,1.999709,2.041732,1046,8.3774
14690,58,54,5.084274,4.312831,1464,10.5680
14691,54,63,1.696086,1.990383,1439,10.5830
14692,63,54,2.122846,2.256917,1449,10.5670
14693,54,37,3.446309,3.224898,1465,10.5635
14694,37,10,3.971881,3.832128,1466,10.5993
14695,10,1,7.660850,6.967740,1443,10.7266
14696,1,53,2.748864,2.723875,1463,10.7533
14697,53,5,4.627658,4.843566,1486,10.5852
14698,5,59,2.716094,2.388793,1463,10.5949
14699,59,58,5.206936,5.452130,1463,10.6634
14700,58,4,2.946241,3.751919,1459,10.7454
14701,4,49,2.122189,2.183159,1413,10.5504
14702,49,55,4.881939,4.896262,1484,10.6434
14703,55,41,5.343772,5.187334,1449,10.5990
14704,41,5,2.836668,2.756251,1453,10.6117
14705,5,28,3.479570,3.949290,1455,10.6070
14706,28,54,3.570999,3.840222,1475,10.6412
14707,54,35,1.890594,2.093250,1462,10.7128
14708,35,53,5.124559,5.235554,1453,10.6944
14709,53,63,2.007214,2.111753,1462,10.5994
14710,63,47,4.713262,4.533058,1443,10.6245
14711,47,24,3.013713,3.070699,1458,10.5969
14712,24,23,3.203735,3.277227,1487,10.6036
14713,23,41,3.681648,3.779200,1463,10.5881
14714,41,50,2.779261,2.724389,1451,10.6483
14715,50,57,3.781449,3.110477,1465,10.6290
14716,57,9,4.389705,4.278962,1466,10.6465
14717,9,52,3.624855,4.021967,783,7.6535
14718,52,54,3.810638,4.906278,1447,10.6233
14719,54,35,2.242246,1.989909,1453,10.6053
14720,35,10,2.086140,2.573946,1463,10.6603
14721,10,25,2.965022,2.520219,1492,10.6552
14722,25,60,2.956015,3.248712,1457,10.6090
14723,60,45,5.524765,5.166651,1443,10.6792
14724,45,0,3.858215,4.518567,1084,9.0476
14725,0,26,2.064362,2.356183,1477,10.6346
14726,26,50,4.408498,4.337625,1470,10.7388
14727,50,23,3.353347,3.553580,1458,10.8740
14728,23,41,3.413385,3.554980,748,5.8099
14729,41,5,2.846025,2.703975,1440,10.6288
14730,5,28,3.298069,3.893388,1444,10.5552
14731,28,53,2.037027,3.303442,1432,10.4808
14732,53,63,1.851962,2.065616,1445,10.5782
14733,63,54,1.902543,2.230475,1451,10.5657
14734,54,37,3.323411,3.139775,1480,10.5776
14735,37,31,2.562604,2.223332,1453,10.6163
14736,31,62,2.753865,2.762500,1441,10.5728
14737,62,30,3.050182,2.916590,1467,10.6560
14738,30,0,3.452523,3.524755,1437,10.5218
14739,0,44,3.083318,2.929600,1399,10.5186
14740,44,62,3.104427,4.556203,1454,10.6201
14741,62,58,2.039647,2.108533,1450,10.5845
14742,58,56,2.846546,2.664137,1434,10.5840
14743,56,17,3.217471,3.149940,1460,10.7540
14744,17,61,2.691077,2.715222,1464,10.6537
14745,61,43,3.145528,3.099550,1448,10.6591
14746,43,44,5.529305,5.132717,1174,9.7455
14747,44,62,3.273875,4.536138,1472,10.5866
14748,62,58,1.886555,2.043648,1434,10.5603
14749,58,54,4.662183,4.233113,1442,10.5834
14750,54,63,1.678605,2.030794,1438,10.6152
14751,63,54,2.513658,2.165781,1451,10.7431
14752,54,37,3.060159,2.975827,1445,10.6589
14753,37,10,3.816416,3.684440,1448,10.5420
14754,10,25,2.240295,2.456007,1472,10.6549
14755,25,41,3.857735,4.278348,1453,10.6899
14756,41,13,3.083147,3.011506,1482,10.7286
14757,13,12,1.696854,1.411675,1459,10.6676
14758,12,13,1.537123,1.303422,1433,10.6904
14759,13,12,1.482237,1.335007,1420,10.6195
14760,12,13,1.428791,1.242359,1466,10.6104
14761,13,56,5.147008,5.374111,1461,10.6704
14762,56,17,2.971480,2.924345,1455,10.6682
14763,17,1,3.031917,3.826531,1454,10.6462
14764,1,53,2.300850,2.769537,1460,10.5848
14765,53,62,4.470247,4.705941,1486,10.6147
14766,62,58,1.819239,2.016730,1449,10.5870
14767,58,4,3.495770,3.822394,1470,10.6185
14768,4,36,3.312309,2.813538,1452,10.5950
14769,36,23,4.312074,4.774944,1459,10.5902
14770,23,40,1.978089,2.167871,1464,10.6341
14771,40,62,4.809193,5.075219,1452,10.5434
14772,62,30,2.988909,2.934540,1449,10.7525
14773,30,62,2.561228,2.567364,1465,10.6081
14774,62,58,1.860088,1.988818,1448,10.6225
14775,58,4,3.329902,3.703440,1466,10.6366
14776,4,36,3.221534,2.683404,1454,10.5913
14777,36,29,3.616497,3.037311,1443,10.5555
14778,29,60,3.757638,3.718755,1439,10.7353
14779,60,37,5.442954,5.592108,1463,10.6575
14780,37,31,2.244596,2.226388,1450,10.7484
14781,31,62,2.602105,2.703530,1457,10.6357
14782,62,58,1.776865,1.927281,1454,10.5597
14783,58,54,4.685607,4.294427,1474,10.6472
14784,54,37,2.979835,2.770465,1489,10.6703
14785,37,31,2.259640,2.174831,1482,10.6470
14786,31,62,2.457313,2.624428,1450,10.6249
14787,62,58,1.657652,1.874725,1445,10.5488
14788,58,54,4.334356,4.202403,1447,10.6548
14789,54,35,2.234396,2.174000,1466,10.6611
14790,35,10,2.176544,2.468625,1445,10.6431
14791,10,12,5.208956,5.572509,1471,10.6227
14792,12,13,1.365946,1.183434,1479,10.6281
14793,13,23,2.442153,3.052186,1025,8.8684
14794,23,40,2.212157,2.079112,1440,10.8050
14795,40,62,5.205497,5.121442,1466,10.6819
14796,62,30,2.957299,2.904712,1461,10.6417
14797,30,0,3.406991,3.514871,1456,10.6118
14798,0,26,2.095643,2.326911,1469,10.7414
14799,26,50,4.353311,4.341419,1452,10.5444
14800,50,23,3.688129,3.467247,1461,10.8227
14801,23,41,3.269971,3.380317,1463,10.6793
14802,41,13,2.587775,2.817245,1464,10.6218
14803,13,12,1.441891,1.438886,1417,10.6614
14804,12,13,1.302470,1.126198,1449,10.5926
14805,13,12,1.581492,1.375007,1465,10.5649
14806,12,13,1.240682,1.082803,1462,10.6281
14807,13,56,4.847049,5.311330,1467,10.5805
14808,56,24,5.323034,5.310297,1459,10.6815
14809,24,0,3.239162,3.236240,1433,10.6447
14810,0,44,2.992606,2.905019,1429,10.5719
14811,44,62,2.858386,4.482485,1372,10.2368
14812,62,58,1.814315,1.920341,1424,10.5954
14813,58,56,3.023434,3.056682,1437,10.6564
14814,56,24,5.275761,5.241491,1460,10.6800
14815,24,0,3.106506,3.080357,1446,10.7154
14816,0,44,2.712198,2.774566,1476,10.6045
14817,44,28,3.590121,3.993566,1460,10.6096
14818,28,53,2.296549,3.221276,1416,10.5836
14819,53,62,4.017679,4.560555,1463,10.6506
14820,62,58,1.731869,1.890998,1457,10.6655
14821,58,54,4.265359,4.055263,1448,10.5817
14822,54,35,1.876996,2.091281,1477,10.7185
14823,35,46,3.455161,3.742631,1444,10.5911
14824,46,0,7.461450,6.721188,1464,10.6660
14825,0,48,3.388128,3.101757,1455,10.6169
14826,48,22,2.425827,2.608955,1419,10.5570
14827,22,33,4.264409,4.182212,1345,10.3946
14828,33,13,4.624362,4.350705,1454,10.6431
14829,13,23,2.750750,3.033625,1445,10.6652
14830,23,4,2.551753,3.309754,1447,10.5867
14831,4,49,2.450292,2.337606,1429,10.6319
14832,49,40,2.358535,2.738195,1428,10.6215
14833,40,62,5.019926,5.033304,1445,10.5725
14834,62,58,1.808780,1.832416,1458,10.6905
14835,58,56,3.274790,3.058688,1454,10.6452
14836,56,24,5.132132,5.119599,1439,10.5368
14837,24,0,3.103355,3.056306,1478,10.6036
14838,0,26,2.226346,2.351951,1463,10.7102
14839,26,51,2.885516,2.676687,1458,10.6866
14840,51,8,4.076360,4.250563,1475,10.7974
14841,8,59,2.174628,2.569418,1404,10.5828
14842,59,54,3.579916,3.685822,1425,10.8688
14843,54,37,2.780235,2.622036,1460,10.6572
14844,37,31,2.274444,2.165210,1471,10.6536
14845,31,41,4.333937,4.301314,1449,10.6467
14846,41,50,3.074585,2.927545,1436,10.6448
14847,50,23,3.442272,3.345982,1443,10.6275
14848,23,40,1.812995,2.091651,1459,10.8023
14849,40,47,4.005871,4.061151,1485,10.5959
14850,47,33,2.676281,2.593005,1456,10.6706
14851,33,13,4.929849,4.322596,1462,10.5787
14852,13,12,1.396691,1.408165,1422,10.5580
14853,12,13,1.534421,1.197564,1473,10.5858
14854,13,12,1.519215,1.336260,1455,10.6367
14855,12,13,1.366368,1.137003,1476,10.6424
14856,13,23,2.954862,3.062423,1438,10.5765
14857,23,40,1.757158,2.040743,1457,10.6145
14858,40,48,3.465486,4.019603,1454,10.5809
14859,48,55,3.932344,4.230885,1469,10.5670
14860,55,20,2.824577,2.958419,1462,10.7330
14861,20,24,6.348603,5.327752,1441,10.6126
14862,24,0,2.908419,2.913870,1470,10.6181
14863,0,26,2.007800,2.249123,1444,10.6068
14864,26,51,2.571087,2.580520,1465,10.5695
14865,51,55,4.680646,4.452226,1449,10.5585
14866,55,20,2.997819,2.916990,1445,10.6487
14867,20,24,5.703723,5.129903,1448,10.6469
14868,24,23,3.559920,3.414357,1463,10.6682
14869,23,41,3.121776,3.343014,1446,10.6603
14870,41,13,2.902362,2.792357,1469,10.6465
14871,13,12,1.321949,1.344134,1381,10.4445
14872,12,13,1.275854,1.105388,1454,10.6229
14873,13,56,4.741470,5.217534,1459,10.7207
14874,56,17,3.151805,2.914217,1457,10.7406
14875,17,61,2.795202,2.772594,1488,10.6400
14876,61,30,3.494137,3.340732,1451,10.6598
14877,30,0,3.493483,3.552281,1445,10.5950
14878,0,26,1.828025,2.148423,1477,10.6744
14879,26,51,2.485740,2.492857,1484,10.6255
14880,51,1,2.626931,2.604217,1459,10.5748
14881,1,53,2.562510,2.670767,1476,10.5556
14882,53,5,4.307393,4.725262,1463,10.6769
14883,5,59,2.565147,2.364774,1451,10.6514
14884,59,8,2.805981,2.624356,1462,10.6541
14885,8,59,2.104699,2.389787,1422,10.7102
14886,59,54,3.482816,3.598816,1476,10.6525
14887,54,63,2.246095,2.377656,1480,10.7276
14888,63,32,3.469106,3.682714,1436,10.5788
14889,32,44,5.129216,4.447496,1433,10.5562
14890,44,62,3.909394,4.571484,1045,8.9520
14891,62,26,3.070212,3.424099,1442,10.5584
14892,26,51,2.220623,2.385278,1450,10.6570
14893,51,1,2.774867,2.523908,1446,10.5862
14894,1,52,4.555932,4.356551,1476,10.7884
14895,52,54,4.350581,5.119157,1457,10.7056
14896,54,37,2.620863,2.533432,885,7.0026
14897,37,31,2.312556,2.120844,1468,10.8024
14898,31,62,2.417964,2.856670,1455,10.6916
14899,62,58,2.091773,1.970629,1450,10.6149
14900,58,4,3.499540,3.736353,1462,10.6203
14901,4,36,3.151697,2.648266,1486,10.5879
14902,36,4,2.320527,2.289668,1472,10.6408
14903,4,49,2.389658,2.317823,1450,10.7259
14904,49,22,3.106013,3.249024,1459,10.6633
14905,22,33,4.148981,4.080387,1470,10.7382
14906,33,13,4.881014,4.349269,1464,10.6823
14907,13,12,1.319522,1.334465,1288,9.7534
14908,12,13,1.339999,1.142609,1448,10.9577
14909,13,12,1.388003,1.271421,1451,10.7918
14910,12,13,1.365462,1.103368,1405,10.5544
14911,13,12,1.270927,1.203372,1457,10.7171
14912,12,13,1.174644,1.066514,1480,10.5890
14913,13,23,2.796959,3.268157,1460,10.5648
14914,23,41,3.220724,3.213491,1465,10.5916
14915,41,50,3.190245,2.887169,1465,10.6139
14916,50,57,3.541097,3.044143,1475,10.7069
14917,57,34,2.653932,2.844738,1323,10.3141
14918,34,16,1.621179,2.073394,1336,10.3556
14919,16,13,4.200593,5.671786,1341,10.4949
14920,13,23,2.969708,3.081439,1467,10.6344
14921,23,40,1.928963,2.144119,1482,10.6598
14922,40,47,4.022882,3.879434,1486,10.8053
14923,47,24,3.280383,3.255752,1457,10.6007
14924,24,48,2.121984,2.229074,1452,10.6198
14925,48,22,2.418024,2.578259,1449,10.6080
14926,22,33,4.275184,3.953270,1423,10.6121
14927,33,42,3.847810,3.592141,1473,10.6217
14928,42,43,2.553192,2.733307,1440,10.6300
14929,43,20,1.942384,2.261451,1428,10.6054
14930,20,24,5.037268,5.061279,1460,10.8132
14931,24,0,3.063400,2.945947,1475,10.6015
14932,0,48,3.371201,2.923182,1434,10.6388
14933,48,24,2.517770,2.334353,1481,10.5884
14934,24,48,1.922680,2.061392,1439,10.6838
14935,48,22,2.333479,2.550061,1428,10.5559
14936,22,33,3.942801,3.817530,1462,10.5825
14937,33,17,4.121114,4.142944,1453,10.5769
14938,17,37,5.386517,4.392405,1452,10.6147
14939,37,31,2.071630,1.989985,301,3.5903
14940,31,62,2.271714,2.800803,1450,10.6861
14941,62,58,2.019946,1.935223,1456,10.6895
14942,58,54,4.622394,4.096308,1405,10.4867
14943,54,37,2.898016,2.473095,1160,9.7182
14944,37,31,2.017006,1.925957,1435,10.5997
14945,31,62,2.238873,2.757298,1484,10.6550
14946,62,58,1.873538,1.871275,1473,10.6221
14947,58,56,3.029259,3.035819,1483,10.6053
14948,56,24,5.147560,5.384190,1451,10.6663
14949,24,48,1.802556,2.033849,1466,10.6533
14950,48,55,3.875328,4.289526,1452,10.5913
14951,55,20,3.292701,2.847939,1447,10.6462
14952,20,24,4.964983,4.870512,1282,10.1064
14953,24,48,1.805177,1.927529,1395,10.4960
14954,48,24,2.323752,2.252211,1446,10.5764
14955,24,23,3.390745,3.511016,1479,10.6354
14956,23,40,1.832943,2.046581,1467,10.5947
14957,40,62,4.960069,5.281164,1446,10.5756
14958,62,58,1.526811,1.787577,1450,10.7350
14959,58,54,4.393495,4.065369,1466,10.6473
14960,54,63,2.016673,2.445309,1271,10.1442
14961,63,47,4.781384,4.443570,1443,10.7673
14962,47,33,2.782175,2.666288,1461,10.6529
14963,33,17,3.723733,4.094045,1430,10.6053
14964,17,37,5.204384,4.353963,1458,10.5465
14965,37,40,6.441246,6.997214,1459,10.7034
14966,40,62,4.973731,4.868300,1452,10.6428
14967,62,58,1.483751,1.753225,1451,10.6427
14968,58,54,3.890622,3.911891,1458,10.5819
14969,54,63,2.185899,2.410258,1470,10.5811
14970,63,54,2.562508,2.353925,1458,10.6729
14971,54,37,2.537834,2.475133,1454,10.6215
14972,37,10,3.498221,3.736567,1463,10.6398
14973,10,12,4.570244,5.407614,1461,10.5900
14974,12,13,1.290272,1.049248,1022,9.1259
14975,13,12,1.376437,1.281293,579,5.4879
14976,12,13,1.143946,1.024020,1335,10.1633
14977,13,12,1.241771,1.217424,1469,10.6241
14978,12,13,1.101164,1.000975,1439,10.6227
14979,13,23,2.688541,3.246724,1477,10.6815
14980,23,41,3.194362,3.124327,1444,10.6591
14981,41,13,3.170424,2.783698,1464,10.6181
14982,13,12,1.207833,1.241590,1459,10.7283
14983,12,13,1.036705,0.978199,1470,10.6331
14984,13,12,1.197382,1.207855,1462,10.5700
14985,12,13,1.012685,0.967904,1461,10.5709
14986,13,23,2.709776,3.192306,1478,10.5801
14987,23,4,3.155926,3.665524,1461,10.5941
14988,4,49,2.440977,2.310293,1483,10.5635
14989,49,40,2.405710,2.797559,1458,10.5547
14990,40,47,3.980898,3.809394,1455,10.5684
14991,47,33,2.584600,2.524666,1487,10.7361
14992,33,17,3.864100,4.080176,1452,10.5983
14993,17,1,3.242125,3.803064,1444,10.5946
14994,1,53,2.110213,2.648236,1458,10.6658
14995,53,62,4.322542,4.522430,1457,10.7326
14996,62,58,1.520607,1.756900,1450,10.6454
14997,58,56,3.095978,3.065114,1404,10.5537
14998,56,24,5.024080,5.434304,1476,10.6151
14999,24,23,3.464627,3.435771,1429,10.5861
15000,23,4,2.858985,3.493322,1453,10.6377
15001,4,36,3.021927,2.653658,1456,10.5666
15002,36,29,3.234479,2.970369,1448,10.5497
15003,29,38,2.685708,3.132637,1249,10.0050
15004,38,30,5.254758,4.375944,1394,10.6561
15005,30,0,3.412790,3.436210,1477,10.6151
15006,0,44,2.925159,2.926589,1445,10.6143
15007,44,28,3.718145,3.848472,1445,10.6502
15008,28,53,2.299348,3.159217,1457,10.7902
15009,53,5,4.851094,4.551365,1475,10.6137
15010,5,59,2.625525,2.301646,1372,10.2863
15011,59,8,2.847015,2.524175,1480,10.7065
15012,8,59,1.910761,2.240355,1461,10.6390
15013,59,8,2.729022,2.386559,1445,10.6090
15014,8,33,6.900051,6.509660,1454,10.6215
15015,33,42,3.695903,3.598493,1444,10.5717
15016,42,48,2.563330,3.087580,1414,10.5418
15017,48,22,2.442877,2.621037,1464,10.6257
15018,22,1,3.427422,4.089846,1459,10.7657
15019,1,53,2.447050,2.641347,1457,10.6252
15020,53,63,2.350961,2.581620,1475,10.7664
15021,63,54,2.036594,2.314726,1450,10.6787
15022,54,35,2.433372,2.396455,1457,10.6206
15023,35,53,5.803540,5.206454,1449,10.5916
15024,53,63,1.814382,2.285354,1402,10.5630
15025,63,54,2.048546,2.276405,1428,10.5859
15026,54,35,2.184802,2.296609,1473,10.6689
15027,35,46,3.422223,3.601256,1416,10.5178
15028,46,0,7.347977,6.585888,1449,10.7404
15029,0,26,2.013202,2.237894,1473,10.6327
15030,26,51,2.482634,2.433903,1457,10.6687
15031,51,55,4.428324,4.409929,1460,10.6868
15032,55,13,5.629050,5.602768,1306,10.2566
15033,13,56,5.045029,5.242413,988,9.0734
15034,56,17,3.358531,3.071566,1070,8.5229
15035,17,1,2.734379,3.694875,1454,10.6709
15036,1,14,2.527986,2.261941,1459,10.6761
15037,14,57,3.698804,3.610127,1464,10.6131
15038,57,9,4.679169,4.165562,1433,10.6056
15039,9,7,2.816229,3.141907,1398,10.5529
15040,7,57,5.388176,4.999048,1187,9.3822
15041,57,34,3.077371,2.685627,1448,10.6091
15042,34,16,2.059934,2.078690,1475,10.6058
15043,16,13,5.400159,5.746039,1446,10.6167
15044,13,12,1.263457,1.192987,1141,9.3357
15045,12,13,1.191343,1.094704,1278,10.0243
15046,13,23,2.669266,2.965780,1378,10.2389
15047,23,4,2.634541,3.349617,1469,10.6836
15048,4,49,2.416603,2.344429,1452,10.6062
15049,49,40,2.342709,2.785916,1477,10.6329
15050,40,47,3.728024,3.675941,1271,10.1097
15051,47,33,2.522903,2.473698,1449,10.6333
15052,33,13,5.144874,4.683579,1461,10.6758
15053,13,23,2.502339,2.630879,1450,10.6812
15054,23,40,1.931109,2.307708,1471,10.7159
15055,40,47,3.680059,3.559749,1439,10.6469
15056,47,33,2.325879,2.351343,1454,10.6213
15057,33,17,4.089843,4.219279,1468,10.6139
15058,17,61,3.054170,2.804770,1456,10.6121
15059,61,43,2.793058,2.997867,1459,10.6259
15060,43,20,1.955791,2.291765,1445,10.7335
15061,20,24,4.809960,4.730256,1454,10.5761
15062,24,23,3.109105,3.476170,1457,10.5935
15063,23,40,1.918362,2.166761,1459,10.6279
15064,40,62,4.842375,4.992543,1469,10.7689
15065,62,30,3.487837,3.314181,1312,10.3955
15066,30,62,2.688120,2.780311,1469,10.9254
15067,62,58,1.813624,1.804263,1455,10.6503
15068,58,56,3.019793,2.983979,1455,10.6024
15069,56,17,2.909781,3.013044,1443,10.7627
15070,17,37,5.348707,4.327796,1451,10.5585
15071,37,10,3.371433,3.681600,831,6.5781
15072,10,25,2.201481,2.520457,1382,10.5282
15073,25,8,3.508838,3.991953,1462,10.7369
15074,8,46,2.826664,2.794645,1459,10.7095
15075,46,52,4.091852,3.977140,1469,10.5760
15076,52,54,4.071213,4.981711,1403,10.5302
15077,54,63,1.953747,2.204855,1450,10.6872
15078,63,47,4.983362,4.798075,1462,10.7421
15079,47,33,2.258000,2.274621,1468,10.8201
15080,33,17,3.714462,4.176434,1500,10.5892
15081,17,37,4.955788,4.178134,1462,10.7187
15082,37,31,2.063128,1.997455,1461,10.6514
15083,31,41,4.674007,4.440896,1487,10.6447
15084,41,50,3.264738,2.814091,1473,10.6146
15085,50,23,4.245461,3.555900,1459,10.5904
15086,23,4,2.853517,3.313619,1392,10.4133
15087,4,49,2.518955,2.328100,1452,10.6074
15088,49,40,2.260544,2.636205,1433,10.5853
15089,40,62,4.885513,4.859604,1484,10.5482
15090,62,58,1.698841,1.830761,1457,10.6101
15091,58,4,3.699320,3.950712,1481,10.5898
15092,4,36,3.060508,2.712501,1440,10.5490
15093,36,4,2.114950,2.253249,1472,10.5377
15094,4,36,2.782012,2.537453,1470,10.6762
15095,36,4,1.891941,2.097543,1467,10.5398
15096,4,31,6.003248,5.916856,1449,10.5477
15097,31,62,2.378500,2.914318,1478,10.7752
15098,62,30,3.284705,3.240147,1469,10.6196
15099,30,0,3.664655,3.468937,1445,10.6523
15100,0,44,2.944815,2.803456,1455,10.6652
15101,44,28,3.617898,3.781948,1453,10.6905
15102,28,55,3.682417,2.972648,1472,10.7619
15103,55,41,5.797906,5.302353,1463,10.6849
15104,41,50,2.919163,2.689522,1453,10.6213
15105,50,57,4.233095,3.154555,1454,10.6456
15106,57,34,2.704951,2.659116,1475,10.6514
15107,34,16,1.776001,2.055218,1496,10.6807
15108,16,41,7.190268,7.135088,1024,8.1974
15109,41,5,3.105832,2.972476,1464,10.5447
15110,5,59,2.484499,2.230118,1473,10.5840
15111,59,54,3.702507,3.663319,1440,10.6195
15112,54,35,2.087319,2.167819,1448,10.6065
15113,35,46,3.086610,3.428939,1473,10.7068
15114,46,52,3.953125,3.872568,1482,10.7043
15115,52,54,4.247734,4.843060,1454,10.6602
15116,54,63,1.919855,2.119118,1462,10.5233
15117,63,47,4.793033,4.574890,1454,10.5911
15118,47,33,2.140823,2.235916,1454,10.7231
15119,33,17,3.732603,4.124885,1431,10.6367
15120,17,37,4.692878,3.987170,1409,10.5143
15121,37,31,2.088559,1.971512,1453,10.5709
15122,31,62,2.661855,2.811232,1464,10.6448
15123,62,58,1.751500,1.867118,1477,10.5854
15124,58,4,3.434783,3.684549,1460,10.6066
15125,4,49,2.338914,2.332166,1429,10.5513
15126,49,40,2.429639,2.659103,1466,10.5780
15127,40,47,3.680965,3.815254,1456,10.8740
15128,47,24,3.610616,3.562127,1448,10.5897
15129,24,48,1.874722,2.051989,1439,10.5875
15130,48,55,3.831964,4.214546,1307,10.3436
15131,55,13,6.325858,5.553943,1492,10.7985
15132,13,23,2.518317,2.533383,1411,10.6218
15133,23,4,2.572244,3.307096,1468,10.6179
15134,4,36,2.716091,2.486473,1461,10.6425
15135,36,4,1.912291,1.984311,1471,10.6400
15136,4,49,2.212757,2.302061,1478,10.5797
15137,49,40,2.338155,2.623123,1430,10.5427
15138,40,62,4.878692,4.879374,1469,10.6009
15139,62,58,1.631797,1.812979,1444,10.6457
15140,58,56,3.075999,3.005848,1448,10.6241
15141,56,17,3.310926,3.010341,1450,10.5646
15142,17,61,2.955195,2.907726,1449,10.6554
15143,61,59,5.881647,6.051466,1474,10.7766
15144,59,54,3.123927,3.626001,1459,10.8023
15145,54,63,1.724768,2.027924,1467,10.6787
15146,63,47,4.464450,4.526552,1446,10.5867
15147,47,33,2.086352,2.185482,1474,10.6582
15148,33,13,4.946529,4.779176,1471,10.6015
15149,13,12,1.424853,1.371617,1468,10.7021
15150,12,13,1.527797,1.341643,1476,10.6597
15151,13,23,2.019885,2.399168,1448,10.6177
15152,23,41,3.289951,3.334551,1482,10.6223
15153,41,13,3.314502,3.055721,1465,10.5556
15154,13,12,1.307380,1.371122,1402,10.4161
15155,12,13,1.398795,1.268358,1450,10.4838
15156,13,12,1.443399,1.309733,1485,10.7239
15157,12,13,1.302017,1.205604,1469,10.5817
15158,13,12,1.326579,1.248527,1465,10.5892
15159,12,13,1.281445,1.154549,1465,10.6717
15160,13,12,1.348373,1.194370,1436,10.6041
15161,12,30,6.766211,6.667962,1451,10.5922
15162,30,37,3.698215,3.510031,569,5.8487
15163,37,31,2.052017,1.917406,1144,9.3204
15164,31,62,2.313340,2.830260,1453,10.6735
15165,62,26,3.880409,3.859933,1487,10.7705
15166,26,51,2.490447,2.415138,620,5.0270
15167,51,8,4.672594,4.713979,875,7.6057
15168,8,59,2.183308,2.286628,1460,10.6948
15169,59,8,2.583215,2.328690,1460,10.6819
15170,8,46,2.659283,2.751922,1480,10.6264
15171,46,0,6.633723,6.726099,1459,10.8512
15172,0,48,2.909126,2.991106,731,6.5876
15173,48,24,2.533144,2.272441,1426,10.6629
15174,24,0,3.470093,3.423642,1460,10.5862
15175,0,26,2.051922,2.262037,1239,10.0577
15176,26,51,2.471393,2.315945,1433,10.5674
15177,51,1,2.723750,2.583117,1466,10.6344
15178,1,52,4.939471,4.401315,1449,10.7986
15179,52,21,2.728392,2.481207,1440,10.7704
15180,21,59,4.954201,4.927620,1441,10.6397
15181,59,54,3.087388,3.454247,1477,10.7201
15182,54,63,1.724596,1.981427,1458,10.7249
15183,63,54,2.081617,2.114762,1468,10.6461
15184,54,37,3.475873,3.101040,1467,10.6433
15185,37,31,2.062021,1.855025,1476,10.6198
15186,31,41,4.629635,4.501741,1473,10.6658
15187,41,50,2.936886,2.711741,1469,10.6626
15188,50,23,3.850999,3.506507,1479,10.6549
15189,23,4,2.870354,3.224767,914,8.5100
15190,4,36,2.849216,2.396465,1480,10.8526
15191,36,29,3.863553,3.144205,1449,10.7782
15192,29,38,2.955874,3.115848,1459,10.6100
15193,38,30,4.978011,4.349777,903,8.4845
15194,30,0,3.758067,3.463243,1470,10.6951
15195,0,44,2.770684,2.746460,1468,10.6346
15196,44,62,3.818429,4.711146,1444,10.6057
15197,62,58,1.785602,1.912186,1451,10.7619
15198,58,54,4.647192,4.209518,1447,10.6775
15199,54,35,2.365197,2.280844,1373,10.3024
15200,35,10,2.478910,2.647028,1480,10.6466
15201,10,25,2.614889,2.475108,1465,10.6720
15202,25,60,2.763698,3.314501,1427,10.8320
15203,60,21,3.381880,3.317945,1428,10.5743
15204,21,59,4.826485,4.757246,1464,10.6610
15205,59,8,2.305767,2.240965,1466,10.7794
15206,8,46,2.487220,2.652078,1468,10.5764
15207,46,26,7.127271,6.332484,1451,10.5910
15208,26,50,4.868745,4.585368,1452,10.7103
15209,50,23,3.297297,3.403808,1481,10.8084
15210,23,41,3.155905,3.131415,1461,10.7208
15211,41,50,3.020941,2.721113,1441,10.6869
15212,50,3,4.645116,4.347076,1450,10.6167
15213,3,10,4.159378,4.420517,1352,10.4457
15214,10,12,5.771081,5.436243,1471,10.8050
15215,12,13,1.318393,1.161075,1402,10.5433
15216,13,23,2.209572,2.725352,1458,10.6765
15217,23,40,2.092886,2.428343,1480,10.7156
15218,40,47,3.624426,3.794195,1440,10.5822
15219,47,23,3.562291,3.013794,1473,10.7014
15220,23,4,2.724072,3.172403,1446,10.6116
15221,4,49,2.465159,2.336214,1425,10.6329
15222,49,40,2.338913,2.610635,1478,10.5848
15223,40,62,4.960819,4.865819,1453,10.5227
15224,62,26,3.260482,3.662559,1459,10.6429
15225,26,50,4.789244,4.441178,1426,10.6684
15226,50,23,3.344124,3.301325,1449,10.7540
15227,23,40,1.993365,2.293262,1457,10.6582
15228,40,62,4.361660,4.771555,1454,10.5455
15229,62,30,3.599435,3.490733,1451,10.6527
15230,30,0,3.462123,3.375452,1460,10.7653
15231,0,44,2.763371,2.674895,1460,10.6646
15232,44,62,3.890924,4.613311,1464,10.5753
15233,62,58,1.881229,1.967207,1450,10.6265
15234,58,54,4.078054,4.024086,1474,10.5731
15235,54,63,1.940271,2.059172,1444,10.5953
15236,63,32,3.654045,3.840658,1143,9.4641
15237,32,54,4.344756,3.674374,1409,10.5775
15238,54,37,2.993288,2.843512,1466,10.6447
15239,37,31,1.947521,1.852488,1464,10.6240
15240,31,62,2.941858,2.977303,1443,10.5571
15241,62,30,3.442610,3.400057,1454,10.5826
15242,30,62,2.885722,2.767438,1449,10.6619
15243,62,30,3.190777,3.181873,1484,10.5641
15244,30,0,3.484731,3.322223,1443,10.6423
15245,0,26,2.154229,2.329569,1458,10.6583
15246,26,51,2.509178,2.337414,1450,10.6964
15247,51,1,2.762525,2.550500,1451,10.6567
15248,1,52,4.456517,4.176157,1465,10.5405
15249,52,54,3.959807,4.949989,1275,10.2009
15250,54,63,1.717725,1.939391,1458,10.7356
15251,63,47,4.312907,4.445294,1446,10.6984
15252,47,33,2.147154,2.185293,1463,10.6319
15253,33,13,5.204806,4.774274,1461,10.5743
15254,13,12,1.440600,1.297994,1325,10.4672
15255,12,13,1.389414,1.203712,1328,10.3446
15256,13,12,1.637930,1.243335,1398,10.5435
15257,12,13,1.262245,1.136063,1279,10.1171
15258,13,56,5.050979,5.342844,1453,10.5393
15259,56,24,5.776016,5.293098,1482,10.9092
15260,24,23,3.537387,3.638052,1450,10.6802
15261,23,4,2.419101,3.055023,1455,10.6012
15262,4,31,5.682542,5.805889,1454,10.6255
15263,31,62,2.097219,2.678419,1461,10.6961
15264,62,30,3.008896,3.061275,1455,10.5980
15265,30,37,3.826703,3.587091,1442,10.5388
15266,37,31,1.896937,1.853839,1451,10.6165
15267,31,41,4.217501,4.303667,1451,10.6043
15268,41,13,3.108397,3.054473,1473,10.7113
15269,13,23,2.857919,2.843967,1432,10.6079
15270,23,4,2.516860,2.977951,1454,10.5913
15271,4,49,2.446756,2.348777,1460,10.6401
15272,49,55,4.832997,4.965433,1470,10.6469
15273,55,41,5.253857,5.342107,1480,10.7448
15274,41,50,2.927628,2.724371,1452,10.6557
15275,50,23,4.134241,3.244845,1460,10.6539
15276,23,4,2.352516,2.797636,1439,10.6037
15277,4,49,2.240049,2.261350,1448,10.5642
15278,49,40,2.241696,2.604816,1469,10.5217
15279,40,62,4.576791,4.816200,1456,10.5191
15280,62,30,2.831588,2.921952,1485,10.5730
15281,30,62,2.304944,2.491737,1468,10.5809
15282,62,30,2.710470,2.726380,1450,10.5552
15283,30,37,3.753748,3.510752,1429,10.5387
15284,37,31,1.745004,1.791617,1450,10.5497
15285,31,62,2.350772,2.767134,1191,9.1881
15286,62,58,2.131401,2.214710,1461,10.5585
15287,58,54,4.190337,4.061582,1446,10.5191
15288,54,35,2.352930,2.261086,1462,10.6895
15289,35,46,3.106580,3.333536,1469,10.8568
15290,46,26,6.974965,6.227339,1476,10.7560
15291,26,51,2.264810,2.260564,1480,10.6036
15292,51,8,5.227254,4.903819,1430,10.5534
15293,8,46,2.567748,2.525639,1407,10.6695
15294,46,52,4.333614,4.123403,1454,10.6094
15295,52,54,4.069715,4.805047,1446,10.6856
15296,54,63,1.877070,1.945452,1443,10.5961
15297,63,54,2.106322,2.123661,1446,10.6158
15298,54,37,3.184278,2.909971,1446,10.6276
15299,37,31,1.655473,1.770361,1457,10.6266
15300,31,36,5.809413,6.028864,1462,10.6019
15301,36,4,1.814782,2.128585,1366,10.4343
15302,4,31,5.501642,5.992667,1113,8.5874
15303,31,41,4.039775,4.139549,1476,10.6147
15304,41,50,2.680300,2.647802,1444,10.6801
15305,50,23,3.833029,3.121578,1455,10.5967
15306,23,40,1.996306,2.324446,1247,9.8042
15307,40,62,4.487462,4.802094,1436,10.5717
15308,62,58,2.146468,2.156170,1456,10.5832
15309,58,56,3.112448,3.066706,1444,10.5121
15310,56,17,3.297840,2.911549,1453,10.5926
15311,17,61,2.688636,2.816255,1453,10.5829
15312,61,43,2.498311,2.955023,1444,10.7006
15313,43,20,1.925693,2.271973,1477,10.6432
15314,20,24,4.183189,4.620226,1400,10.5784
15315,24,0,3.437646,3.328621,1445,10.5997
15316,0,48,3.663237,2.926043,1423,10.5824
15317,48,22,2.472805,2.720517,1467,10.7284
15318,22,33,4.266193,3.975257,1459,10.5725
15319,33,13,4.859667,4.691784,1453,10.7348
15320,13,23,2.526420,2.730371,1396,10.5471
15321,23,41,3.216750,3.154739,1427,10.6255
15322,41,50,2.661904,2.568041,1456,10.6000
15323,50,23,3.615181,3.004265,1440,10.6134
15324,23,4,2.144446,2.777540,1457,10.6580
15325,4,49,2.218229,2.266641,1442,10.5502
15326,49,40,2.163317,2.524989,1454,10.5943
15327,40,47,3.950005,4.004763,1439,10.5725
15328,47,23,3.163282,2.924659,1453,10.6451
15329,23,40,2.173031,2.327025,1444,10.5295
15330,40,47,3.928844,3.871050,1459,10.5999
15331,47,24,3.522721,3.594723,1470,10.5664
15332,24,23,3.441045,3.717788,1447,10.6005
15333,23,40,1.917316,2.173350,1455,10.5461
15334,40,47,3.749225,3.739682,1439,10.5827
15335,47,24,3.439236,3.443526,1439,10.6396
15336,24,0,3.506816,3.351272,1452,10.6150
15337,0,44,2.858846,2.674112,1470,10.6420
15338,44,28,3.798849,3.843839,1443,10.6084
15339,28,54,2.567942,3.881796,1474,10.6955
15340,54,63,1.801634,1.849019,1442,10.6904
15341,63,54,1.734347,1.909158,1426,10.6451
15342,54,35,2.289101,2.361391,1468,10.6582
15343,35,46,2.799952,3.222452,1415,10.5669
15344,46,26,6.871032,6.152047,1370,10.3777
15345,26,51,2.316380,2.234963,1448,10.6615
15346,51,1,2.514198,2.544701,1222,9.6303
15347,1,53,2.993041,2.826115,1464,10.6880
15348,53,62,4.712603,4.549231,1471,10.6262
15349,62,30,2.912826,2.716982,1433,10.5963
15350,30,62,2.175186,2.440535,1473,10.9127
15351,62,58,2.071057,2.127317,1440,10.6616
15352,58,54,4.466489,4.052438,1479,10.6210
15353,54,63,1.629655,1.858241,1481,10.7095
15354,63,54,1.764093,1.869238,1479,10.6347
15355,54,37,2.959717,2.895143,1459,10.6240
15356,37,10,3.845910,4.065284,1484,10.5983
15357,10,12,4.908990,5.142090,1453,10.5871
15358,12,13,1.423787,1.200137,1425,10.6849
15359,13,12,1.616777,1.423537,19,2.7441
15360,12,13,1.294165,1.147250,1404,10.6010
15361,13,56,4.923460,5.020944,1360,10.4010
15362,56,17,2.810492,2.757001,1456,10.6267
15363,17,37,4.471619,3.882701,1467,10.5812
15364,37,31,1.754848,1.859923,1438,10.6378
15365,31,62,2.133295,2.730286,1433,10.6468
15366,62,58,1.969767,2.055938,1458,10.6965
15367,58,56,2.930514,3.125625,1464,10.5666
15368,56,17,2.676296,2.638866,1448,10.5843
15369,17,1,3.329080,4.319895,1457,10.6304
15370,1,53,2.508268,2.747024,1437,10.5662
15371,53,62,3.702584,4.341437,1462,10.5654
15372,62,58,1.727257,1.982966,1456,10.5329
15373,58,4,3.908878,3.966545,1484,10.5617
15374,4,49,2.299032,2.212660,1462,10.6849
15375,49,40,2.172581,2.348825,1457,10.5845
15376,40,47,3.841552,3.552478,1457,10.5851
15377,47,24,3.482161,3.281295,1441,10.6074
15378,24,23,3.799443,3.559347,1461,10.5850
15379,23,4,2.254369,2.917433,1462,10.6608
15380,4,36,3.095626,2.777810,1458,10.6052
15381,36,4,1.918948,2.152993,1460,10.6353
15382,4,36,3.029475,2.601402,1452,10.6692
15383,36,4,1.745536,1.998031,1487,10.5732
15384,4,49,2.250634,2.240864,1445,10.5538
15385,49,40,2.112192,2.409336,1478,10.5373
15386,40,48,4.002802,4.551591,1457,10.6480
15387,48,55,3.596808,4.028621,1449,10.6911
15388,55,41,5.516106,5.331154,1459,10.7004
15389,41,13,3.691431,3.183423,1454,10.6900
15390,13,12,1.487530,1.381583,1463,10.6396
15391,12,13,1.298865,1.122897,1453,10.7218
15392,13,12,1.411938,1.318302,1462,10.5971
15393,12,13,1.300727,1.087576,1455,10.6430
15394,13,23,2.961701,3.189302,1453,10.5849
15395,23,4,2.217717,2.856113,1458,10.6271
15396,4,36,2.809289,2.527718,1474,10.6002
15397,36,4,1.790764,1.912449,1454,10.6481
15398,4,36,2.579205,2.346576,1465,10.6351
15399,36,4,1.558759,1.774735,1465,10.6353
15400,4,49,2.226765,2.294300,1453,10.6626
15401,49,22,3.926119,4.026937,1469,10.5643
15402,22,1,3.302792,3.858465,1450,10.7345
15403,1,14,2.626283,2.358645,1147,9.7867
15404,14,57,3.470824,3.514723,1443,10.5406
15405,57,34,2.784358,2.565614,1437,10.6187
15406,34,27,3.764478,4.479209,1176,9.5206
15407,27,19,3.461117,3.510145,1238,9.8126
15408,19,46,3.670692,3.745680,1384,10.4892
15409,46,0,7.495114,7.143358,1458,10.7106
15410,0,26,2.424490,2.612519,1472,10.7590
15411,26,51,2.164601,2.198332,1438,10.6027
15412,51,1,2.485823,2.486381,1438,10.5450
15413,1,53,2.555786,2.774569,1471,10.7146
15414,53,63,2.030245,2.660104,1476,10.6339
15415,63,54,1.781060,1.847988,1280,10.0059
15416,54,35,2.532914,2.372573,1399,10.3843
15417,35,53,5.352146,5.354194,1474,10.6116
15418,53,63,2.140293,2.410717,1371,10.3529
15419,63,54,1.723615,1.813725,1451,10.6440
15420,54,37,3.156011,2.983999,1453,10.5446
15421,37,10,4.198133,4.003968,1453,10.6441
15422,10,1,6.985897,6.678931,1441,10.5754
15423,1,53,2.229035,2.689313,1466,10.6724
15424,53,62,4.003784,4.271982,1476,10.6109
15425,62,58,1.886139,1.979220,1459,10.6779
15426,58,56,3.055816,3.100732,1469,10.5717
15427,56,24,5.554388,5.451026,1449,10.6912
15428,24,23,3.159540,3.391814,1045,8.3888
15429,23,40,1.872514,2.299364,1369,10.4762
15430,40,47,3.778797,3.390575,1436,10.5647
15431,47,33,2.414078,2.299911,1446,10.6397
15432,33,13,5.082302,4.686919,1458,10.6009
15433,13,56,4.614922,4.959682,1460,10.7870
15434,56,42,6.333529,6.506519,1439,10.6848
15435,42,43,2.779642,2.629374,1450,10.6088
15436,43,37,6.137906,5.082150,1466,10.7253
15437,37,31,1.866274,1.893287,1448,10.6384
15438,31,62,2.336191,2.599281,1428,10.5506
15439,62,30,2.832674,2.818036,1458,10.6297
15440,30,37,3.802953,3.504157,1460,10.5746
15441,37,31,1.836156,1.826182,1437,10.6111
15442,31,62,2.005468,2.503854,1445,10.6151
15443,62,58,1.878294,2.020318,1436,10.5694
15444,58,4,3.533178,3.741344,1463,10.6093
15445,4,49,2.068047,2.166728,1444,10.6237
15446,49,22,3.697991,3.870667,1460,10.6226
15447,22,33,4.242223,3.872538,1414,10.6151
15448,33,17,4.258457,4.537610,1467,10.6543
15449,17,37,4.496069,3.772875,1468,10.5951
15450,37,31,1.701520,1.763583,1442,10.6065
15451,31,62,1.705338,2.453357,1448,10.5538
15452,62,58,1.901349,1.970062,1467,10.6692
15453,58,56,3.085464,3.180921,1446,10.6304
15454,56,17,2.899401,2.688244,1432,10.5896
15455,17,61,2.713847,2.980900,1449,10.5932
15456,61,59,6.020262,5.964314,1449,10.6639
15457,59,54,3.222912,3.375007,1222,9.9909
15458,54,35,2.283459,2.282378,1376,10.4949
15459,35,10,2.492368,2.711439,1460,10.5937
15460,10,12,4.703292,5.132773,1464,10.6452
15461,12,13,1.320435,1.141580,1448,10.6523
15462,13,56,4.490510,4.869765,1454,10.6553
15463,56,24,5.575784,5.326130,1429,10.5805
15464,24,23,3.007789,3.269078,1458,10.7028
15465,23,40,1.938468,2.246274,1481,10.5979
15466,40,48,3.667337,4.391827,1488,10.6220
15467,48,24,2.836539,2.387128,1444,10.6340
15468,24,23,3.155906,3.212719,1462,10.5938
15469,23,4,2.428824,3.042390,1469,10.6656
15470,4,49,2.106233,2.116144,1440,10.5592
15471,49,40,1.980834,2.467717,1462,10.6752
15472,40,47,3.247898,3.333556,1458,10.5957
15473,47,33,2.331237,2.269844,1459,10.6798
15474,33,42,3.733887,3.902593,1470,10.5508
15475,42,43,2.679493,2.609683,1473,10.6007
15476,43,20,1.864086,2.303682,1183,9.8205
15477,20,24,4.739674,4.741962,1453,10.8096
15478,24,23,2.940978,3.173736,1458,10.6599
15479,23,4,2.246727,2.966499,1463,10.5849
15480,4,49,2.050623,2.059641,1481,10.6776
15481,49,40,2.016112,2.418894,1466,10.6128
15482,40,62,5.567166,5.521037,1467,10.5918
15483,62,26,3.983305,4.153446,1458,10.6920
15484,26,51,2.214672,2.150640,725,5.7213
15485,51,1,2.598706,2.485519,1136,9.0019
15486,1,53,2.335212,2.568665,1464,10.6851
15487,53,63,2.253485,2.555149,1444,10.6331
15488,63,54,1.702849,1.831576,1337,10.3651
15489,54,37,3.389310,3.183935,1462,10.7137
15490,37,40,6.549190,6.962054,1438,10.6611
15491,40,48,4.174346,4.375338,1360,10.3611
15492,48,55,3.373792,3.913293,1462,10.7046
15493,55,41,5.112760,5.248171,1458,10.6122
15494,41,13,3.282568,3.193762,1437,10.5755
15495,13,23,2.313759,2.976327,1424,10.5695
15496,23,40,1.847120,2.262086,1469,10.6752
15497,40,62,4.898448,5.125528,1467,10.5824
15498,62,30,2.820893,2.863884,1450,10.6052
15499,30,0,3.744751,3.573514,1428,10.5907
15500,0,26,2.363045,2.506621,1433,10.6900
15501,26,51,2.137697,2.075816,1456,10.6092
15502,51,1,2.500600,2.416409,1467,10.6143
15503,1,53,2.534919,2.481534,1455,10.5417
15504,53,63,2.147036,2.545070,1454,10.5740
15505,63,32,3.548771,3.924767,1464,10.6416
15506,32,54,4.015118,3.319301,1362,10.3651
15507,54,35,2.249161,2.185008,1464,10.6848
15508,35,10,2.407205,2.617455,1436,10.7015
15509,10,25,2.317739,2.613516,1476,10.6915
15510,25,41,4.485193,4.772601,1353,10.4072
15511,41,5,3.199977,3.034757,1426,10.6282
15512,5,59,2.731030,2.528255,1455,10.6778
15513,59,54,3.512410,3.280503,1467,10.6628
15514,54,63,1.861817,1.891069,1463,10.6892
15515,63,54,1.730037,1.868467,1458,10.5767
15516,54,35,2.028398,2.176597,1469,10.6064
15517,35,46,3.273781,3.401582,1451,10.5754
15518,46,26,6.771763,5.953386,1449,10.6952
15519,26,50,4.347662,4.456529,1478,10.7108
15520,50,57,4.211124,3.157783,1478,10.7336
15521,57,34,2.666456,2.546200,1455,10.6209
15522,34,27,3.679486,4.366323,1439,10.7620
15523,27,19,3.388452,3.467697,1420,10.5487
15524,19,46,3.585505,3.705937,1063,8.9418
15525,46,52,4.133431,3.815734,1480,10.6488
15526,52,21,2.750704,2.410559,1459,10.6392
15527,21,35,4.097978,4.305700,1096,8.5908
15528,35,46,2.984427,3.196863,1456,10.6406
15529,46,52,3.937768,3.717372,1456,10.6397
15530,52,54,3.386027,4.475939,1464,10.6747
15531,54,37,3.568434,3.110407,1458,10.5892
15532,37,31,1.933024,1.796593,1380,10.4151
15533,31,41,4.173278,4.302451,1456,10.6055
15534,41,5,3.320365,2.936944,1393,10.4247
15535,5,28,3.838013,4.268241,1446,10.5965
15536,28,53,2.358513,3.242212,1478,10.6189
15537,53,62,4.055044,4.468592,1456,10.6090
15538,62,58,1.948352,2.058941,1432,10.5601
15539,58,56,2.919143,3.057201,1477,10.5826
15540,56,17,2.629350,2.569521,1447,10.5816
15541,17,61,2.396341,2.921052,1444,10.6050
15542,61,43,2.397526,2.799710,1461,10.8154
15543,43,37,5.582772,5.045925,1465,10.6804
15544,37,10,3.967082,3.919889,1454,10.7069
15545,10,25,2.824491,2.606178,1486,10.7618
15546,25,41,4.580443,4.577374,1448,10.6383
15547,41,13,3.012293,3.073613,1457,10.6818
15548,13,12,1.579704,1.527544,1461,10.6527
15549,12,30,6.292037,5.976535,1456,10.6724
15550,30,62,2.376822,2.466973,1388,10.4291
15551,62,58,1.927240,1.967095,1473,10.9027
15552,58,56,2.749069,2.966664,1455,10.6105
15553,56,24,5.532701,5.452452,1450,10.5625
15554,24,23,2.765437,3.053046,1466,10.8214
15555,23,4,2.499489,3.072976,1467,10.5785
15556,4,36,2.895004,2.501512,1439,10.5853
15557,36,4,1.926614,2.017856,1457,10.6747
15558,4,36,2.600697,2.326691,1484,10.6240
15559,36,23,4.246385,4.792854,1466,10.5799
15560,23,41,3.877983,3.733490,1465,10.5680
15561,41,13,3.061243,2.953680,1472,10.6432
15562,13,12,1.586856,1.445209,1460,10.5933
15563,12,13,1.359317,1.187617,1459,10.6330
15564,13,12,1.594639,1.361587,1436,10.6482
15565,12,13,1.289058,1.130473,1462,10.6286
15566,13,12,1.383456,1.286373,1445,10.5759
15567,12,30,6.301589,6.112960,1429,10.5279
15568,30,37,3.884243,3.483642,1096,8.4488
15569,37,31,1.696689,1.799529,1413,10.6243
15570,31,62,2.240365,2.638542,1473,10.8112
15571,62,58,1.787980,1.927442,1463,10.6188
15572,58,4,3.025893,3.865511,1455,10.6097
15573,4,49,2.169289,2.188941,1452,10.5548
15574,49,22,3.855869,3.810028,1464,10.5575
15575,22,33,4.062050,3.808191,1291,10.2915
15576,33,17,4.419434,4.578732,1435,10.5964
15577,17,1,3.475100,4.382546,1467,10.7178
15578,1,52,4.352239,4.440354,1400,10.5156
15579,52,54,3.466327,4.353012,1404,10.5327
15580,54,35,2.098991,2.154379,1179,9.6361
15581,35,10,2.363048,2.549791,1356,10.1939
15582,10,12,4.927970,5.317485,1449,10.8019
15583,12,30,5.971122,5.752809,1428,10.4842
15584,30,62,2.195856,2.476665,1447,10.6283
15585,62,58,1.668542,1.839122,1468,10.6987
15586,58,56,2.773659,3.030155,1459,10.5666
15587,56,17,2.510655,2.624700,1458,10.6256
15588,17,61,2.448132,2.885204,1467,10.6192
15589,61,30,3.258921,3.218796,1445,10.5644
15590,30,37,3.566240,3.439107,1444,10.5645
15591,37,10,3.525401,3.887379,1447,10.5897
15592,10,12,5.309786,5.253667,1350,10.3577
15593,12,13,1.231518,1.188874,1398,10.4282
15594,13,12,1.426234,1.328871,1471,10.6548
15595,12,13,1.287571,1.143420,1448,10.6818
15596,13,12,1.433326,1.262283,1456,10.5888
15597,12,13,1.189008,1.095062,1461,10.5743
15598,13,12,1.262018,1.203484,1441,10.5588
15599,12,13,1.100925,1.063381,1435,10.7052
15600,13,23,3.113876,3.426287,1458,10.5683
15601,23,4,2.175225,2.933269,1454,10.6177
15602,4,36,2.643707,2.276895,1486,10.6659
15603,36,4,1.619328,1.892954,1443,10.6171
15604,4,36,2.412653,2.129061,1452,10.5996
15605,36,4,1.644096,1.782361,1452,10.6612
15606,4,49,2.175549,2.261427,1449,10.6388
15607,49,22,3.671154,3.689064,1484,10.5645
15608,22,33,3.890029,3.684460,1413,10.7511
15609,33,42,3.659998,3.667104,1442,10.6480
15610,42,48,2.860855,3.233348,1452,10.6737
15611,48,24,2.610036,2.391044,1450,10.6328
15612,24,48,2.109061,2.279586,1470,10.6628
15613,48,22,2.634712,2.745287,1442,10.5956
15614,22,1,3.625832,4.077786,1476,10.6140
15615,1,14,2.817282,2.600292,1461,10.8126
15616,14,57,3.500175,3.402835,1454,10.7309
15617,57,34,2.330418,2.458464,1471,10.6645
15618,34,16,2.306356,2.271381,1335,10.4159
15619,16,13,5.814439,5.870717,1441,10.6297
15620,13,12,1.153792,1.157016,1439,10.6463
15621,12,13,1.180138,1.106741,1055,8.6004
15622,13,12,1.169745,1.118500,1476,10.7029
15623,12,13,1.128844,1.070914,1475,10.6471
15624,13,12,1.115856,1.085945,1468,10.6056
15625,12,13,1.090451,1.039590,1467,10.5750
15626,13,12,1.074190,1.061911,1466,10.8567
15627,12,13,1.076062,1.015367,1475,10.6005
15628,13,12,1.038401,1.036862,1477,10.5855
15629,12,13,1.020025,0.998298,1443,10.5589
15630,13,12,1.012253,1.017684,1437,10.6290
15631,12,13,1.010594,0.981291,1476,11.0751
15632,13,12,1.005288,1.000319,1472,10.6693
15633,12,13,0.988965,0.965227,1454,10.9122
15634,13,12,1.018036,0.985088,1496,10.8877
15635,12,25,4.526564,4.737863,1495,10.8176
15636,25,8,3.853368,4.211084,1481,10.7924
15637,8,59,2.456367,2.456086,1470,10.7261
15638,59,58,5.777492,5.669070,1461,10.6480
15639,58,54,5.239352,4.668453,1319,10.3500
15640,54,63,1.891079,1.962458,1481,10.7073
15641,63,54,1.898830,1.910370,1460,10.5586
15642,54,35,2.133691,2.177450,1454,10.6166
15643,35,46,3.099426,3.183015,1468,10.6544
15644,46,26,6.360515,5.662590,1480,10.6160
15645,26,50,4.281363,4.259020,1471,10.7506
15646,50,3,4.907598,4.120940,1460,10.6316
15647,3,10,4.396545,4.452229,1462,10.6600
15648,10,12,5.590230,5.311704,1463,10.6915
15649,12,13,0.980777,0.972798,1255,10.1705
15650,13,12,1.024873,1.026728,1269,10.0247
15651,12,13,1.000370,0.962357,1449,10.8621
15652,13,12,0.992667,1.004875,1475,10.7073
15653,12,13,0.991057,0.951350,1433,10.6194
15654,13,12,0.968212,0.987661,1462,10.6152
15655,12,30,6.308250,6.487589,1410,10.5258
15656,30,0,3.828253,3.649876,1324,10.2753
15657,0,44,2.570109,2.698419,621,6.8708
15658,44,28,3.713074,3.768138,1223,9.8515
15659,28,54,2.436309,3.834401,1413,10.5837
15660,54,63,1.964207,1.886118,1453,10.6134
15661,63,47,4.921791,5.071837,1427,10.6081
15662,47,23,2.194617,2.536813,1465,10.6795
15663,23,4,2.361981,2.826774,1473,10.6732
15664,4,31,5.737992,6.065383,1457,10.6007
15665,31,62,2.099453,2.449011,939,7.4592
15666,62,58,1.797833,1.926039,1463,10.6344
15667,58,4,3.754312,3.688469,1460,10.5668
15668,4,49,2.139887,2.166292,1441,10.6127
15669,49,40,2.643511,2.762609,1475,10.6689
15670,40,47,3.427078,3.333120,1464,10.5880
15671,47,23,2.505238,2.403107,1458,10.6086
15672,23,4,2.260750,2.838211,1454,10.5753
15673,4,49,2.002167,2.076794,1455,10.6107
15674,49,40,2.333862,2.653540,1466,10.6065
15675,40,62,5.144356,5.107274,1470,10.6218
15676,62,26,4.052521,4.110173,1458,10.6459
15677,26,51,2.158133,2.148176,1483,10.6961
15678,51,8,5.228634,4.883982,1451,10.5151
15679,8,59,2.160359,2.417486,1231,9.8107
15680,59,8,2.789093,2.401794,1435,10.6908
15681,8,59,2.044402,2.258366,1476,10.5850
15682,59,54,3.263042,3.276486,1459,10.6865
15683,54,35,2.020382,2.190991,1324,10.0796
15684,35,46,2.687174,3.078373,1466,10.6381
15685,46,52,3.964402,3.683967,1479,10.6696
15686,52,54,3.416413,4.287884,1445,10.6778
15687,54,35,1.967776,2.094763,1472,10.6803
15688,35,46,2.640136,2.985588,1448,10.6968
15689,46,26,6.166621,5.642742,1459,10.6040
15690,26,51,2.098527,2.097837,1431,10.6583
15691,51,8,4.906759,4.881401,1445,10.6729
15692,8,33,6.576210,6.055964,1447,10.7188
15693,33,42,3.443716,3.504875,1465,10.6065
15694,42,48,2.898001,3.066569,803,7.7626
15695,48,22,2.234109,2.674754,1375,10.5416
15696,22,26,4.624916,4.858084,1437,10.5166
15697,26,51,1.936483,2.027783,1469,10.6830
15698,51,8,5.051003,4.780361,1453,10.6214
15699,8,59,2.182703,2.359506,1463,10.6039
15700,59,8,2.619588,2.441631,1447,10.6092
15701,8,59,2.085117,2.191878,1463,10.6313
15702,59,8,2.599333,2.292329,1480,10.5934
15703,8,33,6.474338,6.005250,1473,10.7270
15704,33,42,3.102451,3.394545,1482,10.7859
15705,42,49,5.403683,4.888869,1455,10.6309
15706,49,40,2.138893,2.423874,1153,8.8160
15707,40,62,4.818702,4.999161,1460,10.7021
15708,62,26,3.861824,4.053370,1457,10.7055
15709,26,50,3.997013,4.072795,1458,10.6330
15710,50,23,3.472755,3.497040,1489,10.6490
15711,23,4,2.133005,2.756499,1455,10.6799
15712,4,36,2.579138,2.326335,1469,10.6128
15713,36,4,1.567661,1.858301,1461,10.6616
15714,4,49,2.099166,2.168589,1447,10.5297
15715,49,40,2.107990,2.392037,1467,10.5619
15716,40,62,4.828013,4.914540,1460,10.6855
15717,62,58,1.893848,1.929359,1463,10.5698
15718,58,54,4.881751,4.622807,1446,10.6342
15719,54,35,1.866842,2.006833,1461,10.6369
15720,35,46,2.521715,2.901867,1370,10.3167
15721,46,52,3.768492,3.691342,1446,10.6291
15722,52,54,3.207012,4.197119,1347,10.1483
15723,54,35,1.807169,1.938202,1268,9.9448
15724,35,10,2.418787,2.744653,1455,10.6328
15725,10,25,3.004255,2.750820,1452,10.6343
15726,25,8,3.959006,4.284880,1454,10.6040
15727,8,33,6.298685,5.834192,1476,10.7513
15728,33,13,4.956268,4.698099,1454,10.7133
15729,13,23,3.480424,3.715351,1458,10.6212
15730,23,4,1.842630,2.668228,1457,10.6129
15731,4,36,2.470584,2.280893,1455,10.5865
15732,36,29,4.284743,3.640954,1482,10.6480
15733,29,38,2.732941,2.999600,1168,9.6914
15734,38,42,4.369642,4.392318,1328,10.3589
15735,42,48,2.248069,2.929883,1429,10.5773
15736,48,24,2.590646,2.374396,1318,10.1258
15737,24,0,3.775321,3.472343,1474,10.6613
15738,0,26,2.553740,2.707363,1464,10.7263
15739,26,51,2.067395,1.962500,1461,10.8322
15740,51,8,5.157018,4.848225,1457,10.6239
15741,8,59,1.827036,2.162248,1403,10.5254
15742,59,54,3.190340,3.373813,1463,10.6938
15743,54,63,1.938274,2.025967,1398,10.4123
15744,63,47,4.750070,4.847697,1464,10.6289
15745,47,24,3.353066,3.385765,1456,10.6990
15746,24,0,3.126096,3.395555,1438,10.7939
15747,0,26,2.203938,2.644147,1457,10.5743
15748,26,51,1.929631,1.891796,1455,10.6275
15749,51,1,2.790701,2.637109,1466,10.5759
15750,1,53,2.886926,2.593634,1454,10.6943
15751,53,63,2.221415,2.646269,1450,10.6051
15752,63,54,1.716816,1.918212,1468,10.5873
15753,54,63,1.906673,1.852115,1451,10.6158
15754,63,47,4.805660,4.835997,1463,10.6253
15755,47,24,3.147185,3.305462,1464,10.6632
15756,24,23,3.258062,3.046283,1437,10.6425
15757,23,40,2.153646,2.497841,1410,10.5332
15758,40,62,4.520353,4.759045,1377,10.4151
15759,62,58,1.959707,1.868240,1452,10.6305
15760,58,56,2.895698,2.966540,1450,10.5892
15761,56,24,5.823083,5.340193,1382,10.3774
15762,24,23,2.603486,2.894235,931,7.4969
15763,23,41,3.778430,3.716671,1424,10.7037
15764,41,13,3.166420,2.992272,1461,10.6090
15765,13,12,1.012958,1.002006,1454,10.6300
15766,12,13,1.137653,1.080599,1424,10.5862
15767,13,23,3.284041,3.600748,1335,10.1939
15768,23,40,2.019511,2.467141,1477,10.5971
15769,40,47,4.090004,3.813993,1468,10.6026
15770,47,33,2.601797,2.517259,1460,10.5985
15771,33,17,4.288660,4.597016,1466,10.6305
15772,17,1,3.581800,4.238351,1452,10.6345
15773,1,53,2.230282,2.533019,1427,10.6102
15774,53,63,2.367438,2.591403,1425,10.5597
15775,63,47,4.681624,4.810179,1417,10.6378
15776,47,33,2.431034,2.396408,1461,10.6322
15777,33,42,3.381693,3.514660,1436,10.6012
15778,42,43,2.512713,2.638386,1456,10.6322
15779,43,20,1.796425,2.383565,1289,9.9962
15780,20,32,3.727595,3.976338,1446,10.6639
15781,32,44,4.847394,4.293571,1387,10.4284
15782,44,28,3.931421,3.556444,1466,10.6253
15783,28,53,2.264032,3.193186,1453,10.6191
15784,53,62,4.502897,4.665830,1454,10.6315
15785,62,58,1.894726,1.811203,1474,10.7775
15786,58,4,3.804967,3.737714,1446,10.5748
15787,4,36,2.453270,2.087405,803,6.5639
15788,36,23,3.578230,4.737679,1273,9.9526
15789,23,40,2.034410,2.319208,1430,10.7649
15790,40,48,3.378199,4.371305,1486,10.6936
15791,48,22,2.786446,2.709108,1456,10.6703
15792,22,1,3.048892,3.808143,1480,10.6674
15793,1,53,1.946991,2.518922,1448,10.7051
15794,53,63,2.410287,2.577240,1451,10.6904
15795,63,54,1.758700,1.977120,1427,10.5632
15796,54,35,2.029858,2.081648,1428,10.6723
15797,35,53,5.660585,5.616278,1457,10.8521
15798,53,63,1.758995,2.278071,1454,10.6662
15799,63,47,4.015966,4.696000,1446,10.6739
15800,47,23,2.284648,2.708485,1467,10.7013
15801,23,40,1.789318,2.205266,1423,10.6114
15802,40,48,3.583869,4.273552,1477,10.6449
15803,48,24,2.483635,2.373041,1455,10.6970
15804,24,23,2.380068,2.828961,1477,10.6075
15805,23,40,1.722960,2.118286,1493,10.7859
15806,40,47,4.111810,4.080540,1458,10.7055
15807,47,23,2.494393,2.474297,1465,10.6299
15808,23,41,3.840974,3.721583,1467,10.5967
15809,41,50,3.160815,2.962459,1479,10.6030
15810,50,3,4.196893,4.024109,1457,10.5743
15811,3,52,3.853998,3.821637,1440,10.6487
15812,52,25,3.556452,4.105854,663,5.7269
15813,25,60,3.239349,3.374725,1462,10.6720
15814,60,37,5.356956,5.394915,944,7.8419
15815,37,10,3.757412,3.786538,1477,10.6502
15816,10,1,7.300369,6.801153,1425,10.5938
15817,1,14,2.647922,2.590439,1454,10.8059
15818,14,45,2.864491,2.646456,1464,10.6448
15819,45,0,4.151223,4.762490,1471,10.6554
15820,0,26,2.327764,2.604449,1432,10.7115
15821,26,50,3.760268,4.207950,1480,10.5926
15822,50,57,3.400119,3.029620,1444,10.5795
15823,57,34,2.483552,2.465868,1457,10.6697
15824,34,27,3.626563,4.346801,1460,10.6191
15825,27,19,3.321300,3.434605,1474,10.6933
15826,19,62,6.409584,5.902988,1458,10.5746
15827,62,30,3.189360,3.041485,1495,10.7837
15828,30,62,2.817223,2.650008,1448,10.6698
15829,62,58,1.869706,1.829039,1454,10.7282
15830,58,54,4.772501,4.750714,1456,10.6335
15831,54,37,3.596691,3.227089,1460,10.6870
15832,37,40,6.945053,6.872996,1468,10.6023
15833,40,47,3.499105,3.711286,1117,9.1419
15834,47,23,2.019020,2.295558,1426,10.5643
15835,23,41,3.334428,3.519428,932,7.7720
15836,41,13,2.231392,2.839676,1250,9.5521
15837,13,12,1.110743,1.094602,1456,10.6474
15838,12,13,1.089495,1.031229,1441,10.5790
15839,13,12,1.125213,1.074129,1466,10.5511
15840,12,13,1.081867,1.010310,1459,10.5817
15841,13,23,3.045685,3.734275,1445,10.5865
15842,23,40,1.928593,2.316113,1468,10.6047
15843,40,47,3.695040,3.556356,1464,10.6973
15844,47,23,2.033772,2.177377,1497,10.7983
15845,23,40,1.790853,2.229101,1464,10.6101
15846,40,47,3.279123,3.425459,1484,10.6846
15847,47,24,3.378898,3.473390,1443,10.6402
15848,24,0,3.803066,3.402237,1458,10.9079
15849,0,44,2.897748,2.799760,1464,10.6812
15850,44,28,3.392220,3.498849,1432,10.5958
15851,28,53,2.294608,3.116260,1381,10.4193
15852,53,62,4.206272,4.575549,1432,10.8166
15853,62,30,3.026698,2.881596,1455,10.7925
15854,30,37,3.643657,3.416199,1468,10.6036
15855,37,40,6.892254,6.745172,1458,10.6077
15856,40,47,3.135901,3.134103,1469,10.7739
15857,47,23,2.016606,2.039019,1456,10.6936
15858,23,4,2.866412,3.384282,1456,10.5819
15859,4,31,5.234461,5.376722,1469,10.5880
15860,31,41,3.945782,3.869173,1455,10.6415
15861,41,50,3.371024,2.942709,1450,10.5724
15862,50,23,3.607571,3.429767,1434,10.5683
15863,23,4,2.712088,3.153303,1463,10.6040
15864,4,49,2.512491,2.467256,1458,10.5848
15865,49,22,3.511982,3.548725,1437,10.5419
15866,22,33,4.374772,4.114826,1398,10.4410
15867,33,42,3.603325,3.371559,1452,10.6534
15868,42,43,2.615628,2.597532,1466,10.6111
15869,43,20,1.866346,2.391055,1401,10.4952
15870,20,31,6.701711,6.576408,1432,10.5837
15871,31,62,2.445218,2.708245,1445,10.7084
15872,62,58,1.947476,1.871076,1437,10.5959
15873,58,54,4.583238,4.589449,1452,10.7331
15874,54,63,1.806459,1.911452,1421,10.5833
15875,63,47,5.147135,5.060128,1454,10.7435
15876,47,23,1.818801,2.030387,1462,10.7120
15877,23,40,1.904475,2.418871,1488,10.7050
15878,40,48,3.915658,4.195571,1426,10.5628
15879,48,22,2.498334,2.626744,1436,10.6802
15880,22,33,4.272845,3.977984,1452,10.6300
15881,33,13,5.289948,4.884570,1449,10.6501
15882,13,23,3.297020,3.548937,1405,10.5454
15883,23,4,2.566018,3.050761,1453,10.5923
15884,4,49,2.378975,2.392020,1435,10.6444
15885,49,22,3.384618,3.442426,1452,10.6354
15886,22,33,4.040256,3.822210,1452,10.6121
15887,33,13,4.886594,4.813570,1461,10.7336
15888,13,12,1.245898,1.138268,1474,10.7400
15889,12,13,1.192921,1.107343,1470,10.6632
15890,13,23,2.737960,3.312795,1455,10.6608
15891,23,40,1.986978,2.394923,1430,10.5359
15892,40,62,4.733062,4.962593,1450,10.5634
15893,62,58,1.611526,1.795850,1478,10.7620
15894,58,54,4.297244,4.452573,1456,10.6771
15895,54,35,2.060444,2.129253,1120,9.2791
15896,35,53,5.088982,5.292097,1217,9.6103
15897,53,63,1.895536,2.116048,1446,10.6286
15898,63,47,4.600162,4.885470,1368,10.4232
15899,47,33,2.632651,2.611572,1450,10.5905
15900,33,13,4.655913,4.762728,1442,10.5503
15901,13,23,2.527950,2.997088,1454,10.7013
15902,23,4,2.429831,2.986896,1457,10.6302
15903,4,49,2.319712,2.322515,1450,10.5036
15904,49,40,2.022897,2.388268,1452,10.5630
15905,40,62,4.732130,4.818564,1480,10.5365
15906,62,26,3.607239,3.899886,1473,10.6882
15907,26,50,4.309650,4.099054,1470,10.7126
15908,50,23,3.202905,3.522016,1465,10.5729
15909,23,40,1.734299,2.266428,1454,10.6129
15910,40,47,3.723609,3.557520,1443,10.6537
15911,47,23,2.043440,2.184507,1461,10.6423
15912,23,40,1.706690,2.192128,1470,10.6392
15913,40,47,3.377311,3.422918,1437,10.5615
15914,47,23,2.011497,2.046560,1417,10.5153
15915,23,41,3.488338,3.487323,1454,10.5458
15916,41,13,3.008309,2.931310,1491,10.6064
15917,13,12,1.132393,1.241614,1466,10.5971
15918,12,13,1.178390,1.126275,1429,10.5942
15919,13,23,2.346973,3.035717,1442,10.6012
15920,23,41,3.355980,3.292351,1442,10.5449
15921,41,5,3.430810,3.257237,1461,10.5948
15922,5,28,4.003517,4.547867,1462,10.5951
15923,28,53,2.086345,3.034331,1422,10.6178
15924,53,62,4.251895,4.622597,1383,10.4353
15925,62,58,1.828142,1.810732,1447,10.6078
15926,58,54,3.871736,4.301571,1455,10.7890
15927,54,37,3.287624,2.913007,1437,10.6186
15928,37,31,2.246517,2.202468,1451,10.6712
15929,31,41,3.653976,3.879230,1448,10.5657
15930,41,50,3.293888,3.054309,1460,10.6097
15931,50,23,3.654061,3.359911,1443,10.5975
15932,23,4,2.733215,3.076965,1405,10.5095
15933,4,49,2.348709,2.298538,1472,10.6414
15934,49,55,5.426949,5.240965,1457,10.6612
15935,55,13,6.029647,5.605179,1453,10.7529
15936,13,12,1.382922,1.232418,1466,10.6107
15937,12,13,1.429605,1.200485,1427,10.6521
15938,13,12,1.187933,1.164986,1475,10.6381
15939,12,13,1.227374,1.147347,1450,10.5996
15940,13,23,2.610174,3.110453,1448,10.6645
15941,23,4,2.396761,2.920962,1439,10.5631
15942,4,36,2.942090,2.514615,1493,10.6393
15943,36,29,4.162404,3.273528,1467,10.8119
15944,29,60,3.158969,3.528043,1350,10.3634
15945,60,21,3.129946,3.239271,1304,10.2149
15946,21,35,3.588668,4.276942,1205,9.9250
15947,35,10,2.502793,2.582305,1462,10.6914
15948,10,25,2.992010,2.592854,1449,10.6496
15949,25,60,3.011012,3.301629,1412,10.6115
15950,60,45,4.575185,4.831577,1458,10.7223
15951,45,26,4.671187,4.562241,1336,10.2918
15952,26,50,4.058847,4.087662,1307,10.0076
15953,50,23,3.083610,3.372505,1451,10.6308
15954,23,4,2.049416,2.729101,1392,10.4255
15955,4,31,5.755604,5.820847,1482,10.5906
15956,31,62,2.463268,2.714994,1471,10.7192
15957,62,58,1.881431,1.805591,1448,10.5982
15958,58,54,3.952727,4.192802,1438,10.5988
15959,54,35,2.349200,2.245532,1447,10.5842
15960,35,53,5.283628,5.049471,1446,10.6609
15961,53,63,1.935429,1.966262,1473,10.7779
15962,63,32,3.893466,4.047182,1464,10.6520
15963,32,54,4.473440,3.915765,1474,10.6658
15964,54,35,2.099086,2.099724,1449,10.6129
15965,35,46,2.796168,2.971264,1454,10.5971
15966,46,0,7.228002,6.876709,1462,10.7194
15967,0,48,2.782179,3.004776,254,4.0756
15968,48,24,2.520660,2.364486,1390,10.6256
15969,24,0,3.564713,3.348926,1220,9.9323
15970,0,44,2.679969,2.698609,1324,10.3718
15971,44,47,4.639907,4.598636,1461,10.7227
15972,47,24,3.359205,3.390149,1465,10.6411
15973,24,48,2.012667,2.356985,1459,10.8057
15974,48,24,2.339423,2.212249,1461,10.8673
15975,24,0,3.522360,3.345061,1480,10.5669
15976,0,26,2.577499,2.669680,1465,10.6198
15977,26,51,2.269862,2.100553,1460,10.6404
15978,51,8,4.950777,4.488399,1480,10.5728
15979,8,59,2.013135,2.221460,1457,10.6994
15980,59,8,2.707802,2.361728,1471,10.6126
15981,8,46,2.876770,2.869179,1466,10.6451
15982,46,26,6.183368,5.709762,1462,10.6239
15983,26,50,3.974257,3.982114,1469,10.5760
15984,50,57,4.233666,2.985371,1465,10.6312
15985,57,9,4.312861,4.178402,1468,10.7380
15986,9,9,2.082002,0.797695,1456,10.7448
15987,9,52,3.967120,4.131505,1470,10.6329
15988,52,54,3.600340,4.379127,1464,10.6169
15989,54,35,1.904622,2.036870,1466,10.6990
15990,35,10,2.372967,2.600564,1461,10.5816
15991,10,12,5.318706,5.218665,1466,10.6152
15992,12,13,1.168729,1.073582,1293,10.1976
15993,13,23,2.503967,3.034263,1270,10.1651
15994,23,40,2.008428,2.581822,1307,10.4241
15995,40,47,3.486540,3.330804,1455,10.6664
15996,47,33,2.698398,2.573760,1474,10.6338
15997,33,42,3.268442,3.367153,1434,10.6589
15998,42,48,2.426055,2.917214,1455,10.6044
15999,48,55,3.773089,4.141457,1480,10.9883
16000,55,41,5.478720,5.191204,1450,10.7070
16001,41,5,3.569010,3.100845,1472,10.6841
16002,5,59,2.886577,2.470846,1466,10.9176
16003,59,54,3.078693,3.521896,1456,10.6714
16004,54,63,1.929143,2.140962,1438,10.5788
16005,63,32,3.810049,3.848822,1444,10.5628
16006,32,44,4.687654,4.254666,1460,10.7783
16007,44,28,3.839362,3.493943,1459,10.6121
16008,28,53,2.148670,3.011999,1469,10.6353
16009,53,63,1.615526,1.921415,1461,10.6080
16010,63,47,4.779255,5.042411,1450,10.6453
16011,47,23,1.907488,2.261983,1447,10.6756
16012,23,4,2.295240,2.732086,1422,10.6605
16013,4,49,2.389448,2.405285,1334,10.2320
16014,49,22,3.603541,3.490122,1460,10.5920
16015,22,33,4.213608,3.678368,1468,10.6633
16016,33,17,4.539012,4.614789,1457,10.6600
16017,17,1,3.326374,4.018548,1418,10.5903
16018,1,53,2.638674,2.934754,1447,10.6491
16019,53,63,1.671342,1.890343,1458,10.5758
16020,63,54,2.356075,2.459420,1467,10.5784
16021,54,35,1.963241,2.088135,1457,10.5633
16022,35,53,4.778027,4.958931,1435,10.5495
16023,53,63,1.664526,1.724786,1465,10.6378
16024,63,47,4.868186,4.971829,1444,10.5973
16025,47,33,2.653906,2.511164,1488,10.6417
16026,33,42,3.230187,3.308810,1463,10.6808
16027,42,48,2.326169,2.795854,1465,10.6907
16028,48,24,2.367268,2.231017,1457,10.7663
16029,24,0,3.328928,3.195467,1460,10.5976
16030,0,26,2.377060,2.745892,1464,10.6274
16031,26,51,2.100673,2.080567,1471,10.5946
16032,51,8,4.826755,4.396534,1453,10.6389
16033,8,46,2.550479,2.778048,1413,10.5903
16034,46,52,3.683644,3.523301,1441,10.6344
16035,52,54,3.384295,4.162535,1436,10.6419
16036,54,35,1.967166,2.026635,1454,10.6758
16037,35,10,2.326371,2.538100,1456,10.6353
16038,10,12,4.983893,5.064727,1424,10.5826
16039,12,13,1.149416,1.057140,949,8.2196
16040,13,12,1.518117,1.364726,1481,10.6801
16041,12,13,1.175903,1.028243,1420,10.5472
16042,13,12,1.418780,1.282796,1465,10.6704
16043,12,13,1.094270,1.000575,1440,10.6547
16044,13,12,1.296028,1.214915,1470,10.6091
16045,12,13,1.044409,0.983723,1469,10.6379
16046,13,12,1.220761,1.159759,1442,10.5927
16047,12,13,1.014832,0.970514,1467,10.5985
16048,13,12,1.216924,1.113184,1463,10.5818
16049,12,13,0.998974,0.957710,1446,10.6272
16050,13,12,1.076868,1.070942,1496,10.6597
16051,12,13,0.993931,0.952550,1477,10.6975
16052,13,12,1.080061,1.040077,1476,10.7200
16053,12,13,0.974037,0.942875,1461,10.7416
16054,13,23,3.280432,3.729869,1507,10.7081
16055,23,4,2.092791,2.636438,1470,11.0469
16056,4,31,5.237801,5.605057,1473,10.6790
16057,31,41,3.618508,3.565239,1413,10.7018
16058,41,13,2.866769,3.105384,1465,10.5761
16059,13,12,1.060902,1.089891,1471,10.7285
16060,12,25,4.432245,4.551809,1490,10.6849
16061,25,8,3.995456,4.308504,1477,10.7901
16062,8,46,2.157168,2.598376,1468,10.7475
16063,46,0,7.553141,7.248243,1395,10.3053
16064,0,26,2.394769,2.603117,562,7.2149
16065,26,51,1.981040,2.009578,1215,9.9204
16066,51,1,2.920521,2.817658,1402,10.6407
16067,1,14,2.606417,2.518178,918,8.7596
16068,14,1,2.447822,2.289674,1436,10.7838
16069,1,53,2.921602,2.962180,1077,9.4314
16070,53,5,4.844954,4.841471,1322,9.8307
16071,5,6,3.690472,3.280136,1468,10.7713
16072,6,26,6.234791,5.634425,1463,10.7446
16073,26,51,1.724312,1.975690,1488,10.7603
16074,51,1,2.727477,2.675808,1421,10.6888
16075,1,52,5.243703,4.567646,1448,10.5999
16076,52,54,3.325905,4.053289,922,7.9336
16077,54,63,2.101052,2.050158,1443,10.5902
16078,63,32,3.866249,3.909076,1449,10.5925
16079,32,54,3.403677,3.506192,1448,10.6280
16080,54,37,3.265378,3.037199,1437,10.5879
16081,37,31,2.237181,2.236507,1484,10.7472
16082,31,62,2.267015,2.597164,1440,10.6190
16083,62,58,1.949570,1.866549,1465,10.6641
16084,58,54,4.634292,4.555488,1459,10.7145
16085,54,63,1.729822,2.011955,1443,10.6648
16086,63,54,2.022273,2.315171,1453,10.6592
16087,54,35,2.050194,2.154362,1472,10.6648
16088,35,10,2.339032,2.450608,1443,10.6531
16089,10,25,2.833387,2.714075,1464,10.7860
16090,25,41,4.736552,4.762930,1461,10.7745
16091,41,13,2.705253,2.936021,1458,10.6481
16092,13,23,2.999989,3.275267,1468,10.6523
16093,23,40,2.226473,2.698836,1453,10.6459
16094,40,62,4.345024,4.740847,1460,10.5701
16095,62,58,1.722739,1.788761,1486,10.7118
16096,58,56,3.023032,3.193264,1458,10.6279
16097,56,17,2.840364,2.746249,1467,10.6228
16098,17,1,3.113393,4.054232,1443,10.6281
16099,1,53,2.482523,2.946725,1379,10.3984
16100,53,63,1.425332,1.853078,1478,10.6550
16101,63,54,2.063226,2.256008,1461,10.6310
16102,54,35,2.002745,2.113608,1483,10.6795
16103,35,53,4.961941,4.939888,1456,10.5554
16104,53,62,4.081839,4.513328,1450,10.6157
16105,62,58,1.667107,1.727656,1460,10.5894
16106,58,54,5.137552,4.490511,1453,10.7533
16107,54,35,1.863502,2.040970,1443,10.5721
16108,35,10,2.214699,2.425025,1459,10.6698
16109,10,12,5.046960,5.213669,1461,10.6556
16110,12,13,0.996530,0.960390,1414,10.7603
16111,13,12,1.250362,1.173042,1485,10.6412
16112,12,13,1.014219,0.951904,1481,10.7052
16113,13,23,2.689347,3.211239,1463,10.5921
16114,23,40,2.188666,2.595056,1460,10.6583
16115,40,62,4.114102,4.750610,1450,10.6500
16116,62,30,3.376485,3.107255,1455,10.7368
16117,30,0,4.258886,3.916451,1453,10.5940
16118,0,44,2.678139,2.807340,1458,10.7346
16119,44,28,3.582340,3.396393,1401,10.5026
16120,28,53,1.965572,2.956141,1467,10.6506
16121,53,63,1.640601,1.804671,1469,10.6632
16122,63,47,4.367223,4.752451,1458,10.7148
16123,47,24,2.996989,3.419593,1465,10.7628
16124,24,23,3.728935,3.234871,1461,10.6378
16125,23,4,2.485186,2.746899,1475,10.6839
16126,4,49,2.374448,2.420608,1472,10.6972
16127,49,40,2.159731,2.455991,1457,10.6740
16128,40,62,4.476932,4.636419,1453,10.5762
16129,62,30,3.156806,2.970182,1441,10.5929
16130,30,0,4.269103,3.821830,1425,10.5323
16131,0,44,2.685985,2.761868,1460,10.6105
16132,44,62,4.714705,5.225165,1464,10.6585
16133,62,58,1.659810,1.777403,1464,10.6073
16134,58,54,4.013678,4.278724,1438,10.6291
16135,54,37,3.179450,2.818272,1439,10.5875
16136,37,10,3.168623,3.562693,1461,10.7524
16137,10,12,4.580741,5.109209,1428,10.5390
16138,12,13,0.981241,0.932637,1353,10.4561
16139,13,12,1.291461,1.229240,1444,10.7576
16140,12,13,0.971691,0.931149,1445,10.6421
16141,13,12,1.189554,1.166181,1405,10.5005
16142,12,13,0.980286,0.934064,1473,10.6809
16143,13,12,1.199672,1.113908,1468,10.6208
16144,12,13,0.940249,0.928568,1464,10.5921
16145,13,23,3.052882,3.424771,1479,10.6596
16146,23,4,2.197822,2.656769,1472,10.6962
16147,4,49,2.294997,2.367891,1460,10.7259
16148,49,55,4.949584,5.091091,1429,10.5444
16149,55,13,7.134031,5.767211,1300,10.0519
16150,13,12,1.009930,1.062098,1466,10.6302
16151,12,25,3.916217,4.107102,1455,10.6015
16152,25,8,4.000586,4.275636,1479,10.6896
16153,8,59,2.163559,2.308114,1477,10.6285
16154,59,54,3.669679,3.539299,1458,10.7008
16155,54,35,1.947250,2.108082,1469,10.9237
16156,35,46,2.892759,3.133419,1444,10.6973
16157,46,52,3.644790,3.544011,1448,10.5465
16158,52,54,3.028069,4.008777,1456,10.6258
16159,54,63,2.036201,2.127723,1450,10.6316
16160,63,47,4.442985,4.531790,1479,10.8305
16161,47,23,2.443288,2.726665,1480,10.7255
16162,23,4,2.197179,2.511614,1464,10.6249
16163,4,49,2.159033,2.304081,1409,10.6142
16164,49,22,3.560389,3.553668,1486,10.5633
16165,22,33,3.834729,3.557448,1006,8.3496
16166,33,17,4.343047,4.611598,1445,10.7428
16167,17,1,2.968295,3.892326,1466,10.7929
16168,1,14,2.632844,2.526321,1472,10.6257
16169,14,45,3.130029,2.632502,1429,10.5066
16170,45,26,4.875050,4.473863,1459,10.6110
16171,26,51,2.009200,2.062802,1441,10.6292
16172,51,1,2.742249,2.621450,1446,10.5519
16173,1,14,2.495578,2.462192,1458,10.5813
16174,14,45,2.684599,2.543220,1440,10.5451
16175,45,49,8.032555,7.301291,1467,10.6491
16176,49,40,2.066545,2.407480,1441,10.6778
16177,40,47,4.119721,3.889259,1436,10.7075
16178,47,23,2.439538,2.539752,1236,9.6910
16179,23,40,2.389038,2.589929,1161,9.0092
16180,40,62,4.450630,4.626665,1435,10.5399
16181,62,58,1.736167,1.755881,1454,10.6472
16182,58,56,3.092583,3.229151,1428,10.5254
16183,56,24,5.475384,5.218554,1470,10.6426
16184,24,0,3.233325,3.227893,1370,10.4148
16185,0,26,2.442580,2.724814,1482,10.6443
16186,26,51,1.905939,2.004418,1453,10.5697
16187,51,8,4.749627,4.540380,1469,10.6367
16188,8,46,2.118741,2.517511,1303,10.1901
16189,46,52,3.391530,3.420879,1357,10.4222
16190,52,54,3.156648,3.864798,1459,10.6151
16191,54,37,3.133219,2.789544,1472,10.7258
16192,37,40,6.824548,6.931363,1459,10.6206
16193,40,48,4.232307,4.347202,1449,10.7175
16194,48,22,2.436427,2.838029,1431,10.6375
16195,22,33,3.729286,3.428220,1448,10.7942
16196,33,17,4.330939,4.443799,1436,10.5397
16197,17,37,5.125781,3.900174,1472,10.7050
16198,37,31,2.268074,2.286359,1461,10.7530
16199,31,62,2.382627,2.820794,1457,10.7898
16200,62,58,1.759455,1.726966,1471,10.6740
16201,58,54,4.082023,4.411813,1451,10.6145
16202,54,63,1.873260,2.122756,1461,10.6427
16203,63,47,4.298157,4.452909,1471,10.7435
16204,47,23,2.036814,2.551827,1432,10.6256
16205,23,40,2.046357,2.547348,1448,10.7574
16206,40,62,4.437012,4.335536,1372,10.4794
16207,62,58,1.549973,1.676015,1446,10.5569
16208,58,56,2.878843,3.206843,1459,10.6109
16209,56,17,3.019597,2.812885,1453,10.6470
16210,17,37,4.811515,3.805570,1432,10.5985
16211,37,31,2.270221,2.166723,1471,10.7667
16212,31,62,2.310289,2.863656,1455,10.7572
16213,62,30,3.050231,3.062785,1462,10.6480
16214,30,0,4.210833,3.736477,1479,10.5606
16215,0,26,2.433807,2.641381,1440,10.5816
16216,26,51,1.999883,1.935292,1459,10.6293
16217,51,1,2.788438,2.638623,1471,10.5824
16218,1,53,3.105937,3.079557,1442,10.5586
16219,53,63,1.618786,1.831743,1452,10.6842
16220,63,54,1.945274,2.384473,1469,10.5567
16221,54,37,2.673320,2.899499,1456,10.6173
16222,37,10,3.668224,3.666723,1454,10.5890
16223,10,25,3.023487,2.770363,1462,10.6492
16224,25,8,4.010166,4.217822,1423,10.5728
16225,8,59,1.960545,2.348616,1436,10.7190
16226,59,58,6.147522,5.770735,1467,10.6393
16227,58,56,2.830043,2.949984,1466,10.5775
16228,56,17,2.794803,2.687972,1464,10.6387
16229,17,1,3.268806,4.078268,1432,10.5578
16230,1,53,3.001288,3.024217,1423,10.4658
16231,53,62,4.344071,4.587377,1465,10.6132
16232,62,58,1.777400,1.802628,1434,10.6106
16233,58,54,3.957303,4.184178,1456,10.5920
16234,54,35,2.208686,2.311518,1469,10.6280
16235,35,53,4.797265,4.779757,1488,10.5654
16236,53,63,1.592290,1.822654,1482,10.7136
16237,63,54,2.156602,2.375460,1455,10.5962
16238,54,63,2.031352,2.054618,1438,10.5575
16239,63,54,1.997906,2.201760,1484,10.5581
16240,54,37,2.954560,2.856817,1453,10.5621
16241,37,10,3.485857,3.552342,1477,10.5784
16242,10,25,2.848973,2.684308,1452,10.5956
16243,25,8,3.711406,4.093175,1455,10.6276
16244,8,46,2.263899,2.365390,1487,10.6131
16245,46,0,7.552056,7.326061,1455,10.5934
16246,0,26,2.223692,2.536915,1349,10.5465
16247,26,50,4.275187,4.334389,1472,10.6622
16248,50,23,3.297990,3.657433,1453,10.6277
16249,23,41,3.599145,3.385755,1392,10.5227
16250,41,5,3.360579,3.137166,1471,10.5556
16251,5,28,4.132669,4.724808,1455,10.6970
16252,28,55,4.384870,3.050381,1465,10.6570
16253,55,41,5.373313,5.097154,1444,10.6690
16254,41,5,3.128116,2.993558,1446,10.6256
16255,5,59,2.597049,2.478956,1450,10.5692
16256,59,58,5.919534,5.561531,1453,10.5687
16257,58,4,4.078917,3.977974,1447,10.5926
16258,4,31,5.454696,5.311122,1463,10.6031
16259,31,62,2.743888,2.711790,1463,10.5875
16260,62,58,1.735096,1.840583,1471,10.6370
16261,58,54,3.821898,3.978725,1490,10.5648
16262,54,35,2.211422,2.409829,1445,10.5983
16263,35,10,2.217518,2.316224,1473,10.5767
16264,10,25,2.634841,2.625382,1489,10.6107
16265,25,8,3.655052,4.002184,1476,10.5868
16266,8,33,6.689405,6.161229,1454,10.6375
16267,33,17,4.275414,4.430454,1451,10.6169
16268,17,37,4.498284,3.827468,1436,10.6174
16269,37,10,2.968650,3.448809,1468,10.5778
16270,10,1,7.118354,7.086248,1466,10.5749
16271,1,53,2.684823,2.866917,1451,10.6422
16272,53,63,1.437876,1.901691,1466,10.6862
16273,63,47,4.147324,4.289669,1445,10.5862
16274,47,24,3.424031,3.575022,1464,10.6493
16275,24,23,3.636203,2.974321,1453,10.6247
16276,23,41,3.048212,3.205934,1439,10.6673
16277,41,5,3.195331,2.901182,1467,10.7298
16278,5,59,2.709581,2.444705,1454,10.6243
16279,59,8,2.598306,2.484869,1430,10.6695
16280,8,59,2.161489,2.311682,1439,10.5775
16281,59,54,3.743140,3.662275,1473,10.6193
16282,54,37,2.993815,2.744826,1453,10.5806
16283,37,40,6.728410,6.757045,1462,10.5778
16284,40,62,4.217162,4.114534,1341,10.2635
16285,62,30,3.143150,3.040788,1439,10.5564
16286,30,62,2.547550,2.571378,1452,10.6005
16287,62,58,1.737537,1.825490,1445,10.5463
16288,58,54,3.847884,3.936813,1444,10.5585
16289,54,37,2.862887,2.551277,1456,10.6108
16290,37,31,2.367773,2.373913,1457,10.5622
16291,31,62,2.414639,2.697434,1438,10.5458
16292,62,58,1.701950,1.746482,1459,10.5400
16293,58,56,2.927214,3.093771,1468,10.6493
16294,56,42,6.606630,6.713738,1446,10.6046
16295,42,43,2.854482,2.613261,912,8.0068
16296,43,20,1.919364,2.372643,714,7.8253
16297,20,32,3.471654,3.710309,1037,9.4699
16298,32,54,4.089144,4.049753,1360,10.3522
16299,54,63,2.094198,2.139752,1491,10.6752
16300,63,47,4.067346,4.076449,1468,10.7136
16301,47,23,2.202359,2.692478,1450,10.6966
16302,23,41,2.857152,3.037366,1472,10.7016
16303,41,5,2.868714,2.849465,1444,10.5589
16304,5,59,2.471641,2.379058,1481,10.5536
16305,59,54,3.189622,3.568840,1439,10.6502
16306,54,63,1.928985,2.049809,1454,10.5909
16307,63,47,3.798066,3.944152,1444,10.6326
16308,47,23,2.234761,2.715555,1464,10.6359
16309,23,41,2.690609,2.888917,1471,10.7013
16310,41,5,2.860045,2.785533,1451,10.5806
16311,5,59,2.265198,2.325350,1474,10.6538
16312,59,54,3.125886,3.461433,1446,10.5295
16313,54,63,1.711708,1.983775,1482,10.5876
16314,63,54,1.994668,2.218523,1460,10.6295
16315,54,63,1.833589,1.864051,1453,10.5717
16316,63,47,3.801365,3.891899,1433,10.6609
16317,47,23,2.167273,2.739346,1437,10.5916
16318,23,40,2.232928,2.761021,1466,10.6431
16319,40,62,3.722921,4.036102,1370,10.3839
16320,62,58,1.528041,1.698239,1442,10.6346
16321,58,56,2.686922,2.986227,1453,10.5302
16322,56,42,6.377139,6.596404,1465,10.6992
16323,42,43,2.446334,2.556927,1410,10.6178
16324,43,20,1.793095,2.344996,1390,10.4701
16325,20,24,4.664198,4.983871,1446,10.5879
16326,24,0,3.866806,3.311749,1454,10.6774
16327,0,26,2.133874,2.479405,1349,10.2823
16328,26,51,1.872999,1.934060,1409,10.3908
16329,51,1,2.617151,2.628542,1445,10.5675
16330,1,14,2.624028,2.506379,1431,10.5784
16331,14,57,3.646611,3.523616,1441,10.5851
16332,57,9,4.822948,3.990021,1440,10.5713
16333,9,52,3.869947,4.025182,1078,8.6202
16334,52,54,3.401285,4.042905,1458,10.6433
16335,54,35,2.663419,2.568836,1455,10.6516
16336,35,46,2.998350,3.017124,1448,10.5443
16337,46,0,7.382884,7.031634,1454,10.5794
16338,0,44,2.794556,2.804880,1476,10.7419
16339,44,62,5.611806,5.270283,1460,10.6127
16340,62,58,1.581951,1.656425,1435,10.6024
16341,58,56,2.616162,2.875960,1447,10.7392
16342,56,24,5.486056,5.398337,1169,8.9971
16343,24,48,2.205833,2.509579,1433,10.5984
16344,48,22,2.456719,2.793858,1358,10.5317
16345,22,1,3.589369,4.055752,1512,10.5885
16346,1,53,2.690888,2.848625,1448,10.6025
16347,53,5,4.837978,4.962884,1458,10.7291
16348,5,6,3.562137,3.469661,1443,10.6209
16349,6,5,3.272181,2.880192,1268,9.8036
16350,5,28,4.515367,4.910783,1456,10.6208
16351,28,54,2.277754,4.303839,1465,10.5451
16352,54,63,1.796822,1.906628,1452,10.6020
16353,63,47,3.400881,3.662713,1468,10.5635
16354,47,23,2.488034,2.764463,1463,10.6882
16355,23,4,2.455674,3.004738,1459,10.5968
16356,4,36,3.131251,2.808313,1348,10.2042
16357,36,4,2.496060,2.455250,1377,10.4063
16358,4,36,2.914834,2.622558,1466,10.5639
16359,36,29,3.275660,2.976865,1445,10.5427
16360,29,38,2.589358,3.046611,1485,10.6882
16361,38,42,4.567133,4.494040,1205,9.6200
16362,42,43,2.826264,2.406423,1409,10.5159
16363,43,20,1.893140,2.362881,1471,10.6890
16364,20,32,3.325517,3.638488,1468,10.6861
16365,32,54,3.712691,3.955629,1294,10.1644
16366,54,35,2.411594,2.445848,1075,8.4343
16367,35,53,4.461691,4.846804,1465,10.6171
16368,53,63,1.753668,1.963068,1460,10.6808
16369,63,47,3.118314,3.509254,1444,10.5463
16370,47,23,2.196084,2.752797,1462,10.7081
16371,23,4,2.146174,2.882519,1459,10.6750
16372,4,49,2.565655,2.652927,1363,10.3164
16373,49,55,4.586199,4.671334,1297,10.2460
16374,55,20,3.341101,3.323044,1480,10.6734
16375,20,24,5.248410,4.799110,1463,10.8953
16376,24,23,2.938184,2.907385,1468,10.6558
16377,23,40,2.451552,2.845483,1447,10.6558
16378,40,62,3.904535,4.046260,1479,10.6532
16379,62,30,3.000297,3.022491,1478,10.8087
16380,30,0,4.180098,3.768364,1438,10.5488
16381,0,26,2.268746,2.463867,1450,10.6753
16382,26,51,1.881045,1.925357,1421,10.5355
16383,51,1,2.517396,2.574191,1029,7.9917
16384,1,14,2.641067,2.484157,1465,10.7009
16385,14,45,2.968385,2.543623,1462,10.6674
16386,45,26,4.183660,4.379812,1472,10.6258
16387,26,51,1.793996,1.869657,1452,10.6421
16388,51,1,2.554927,2.485915,1457,10.6036
16389,1,14,2.644933,2.412972,1450,10.6570
16390,14,45,2.435288,2.479346,1440,10.6020
16391,45,0,5.094338,5.290217,1457,10.5603
16392,0,26,2.046028,2.393638,1467,10.7309
16393,26,50,4.475544,4.496950,1441,10.5740
16394,50,23,3.314431,3.685265,1420,10.5069
16395,23,4,2.221718,2.751793,1430,10.6653
16396,4,36,2.794599,2.682385,1441,10.5888
16397,36,4,2.214806,2.252692,1448,10.7188
16398,4,49,2.620339,2.613789,1259,10.0145
16399,49,22,3.281262,3.284969,1455,10.6366
16400,22,33,3.725807,3.461083,1458,10.7118
16401,33,13,5.696546,4.892957,1457,10.7641
16402,13,12,1.252122,1.082883,1083,9.0239
16403,12,13,1.404947,1.296806,1442,10.5673
16404,13,23,3.147576,3.573103,1189,9.4109
16405,23,40,2.058040,2.726758,1469,10.6620
16406,40,62,3.843730,3.950886,1446,10.6432
16407,62,58,1.663386,1.752239,1445,10.6742
16408,58,54,4.566240,4.438611,1458,10.6349
16409,54,37,3.048037,2.785255,1319,10.1046
16410,37,40,7.200659,6.685377,1453,10.6174
16411,40,47,4.308844,4.227812,1451,10.6114
16412,47,33,3.413690,3.227669,1461,10.7480
16413,33,42,3.393959,3.435774,1496,10.6397
16414,42,43,2.317654,2.374063,1443,10.6338
16415,43,20,1.686822,2.397633,1421,10.5714
16416,20,24,4.712229,4.612894,1390,10.3879
16417,24,23,2.853016,3.016638,1462,10.6326
16418,23,40,2.257772,2.641162,1480,10.6363
16419,40,62,3.454298,3.723537,1450,10.6500
16420,62,26,4.211848,4.465700,1443,10.5674
16421,26,51,1.834655,1.846157,1464,10.7742
16422,51,1,2.535624,2.433013,1367,10.3303
16423,1,14,2.704762,2.331078,1449,10.6143
16424,14,1,2.498559,2.059323,1472,10.5793
16425,1,52,5.039039,4.842610,1472,10.6252
16426,52,21,2.941945,2.471201,1378,10.5199
16427,21,59,5.343595,4.925331,1240,10.0044
16428,59,8,2.844519,2.421584,1315,10.2944
16429,8,46,2.366672,2.360380,1452,10.6119
16430,46,0,7.017557,6.967124,1434,10.6296
16431,0,44,2.826490,2.821478,1489,10.6956
16432,44,28,3.737800,3.557334,1483,10.8055
16433,28,55,3.918352,2.967606,1463,10.6708
16434,55,20,3.067644,3.221843,1469,10.6651
16435,20,32,3.358594,3.610825,1470,10.5890
16436,32,44,4.506210,4.245829,1448,10.6832
16437,44,28,3.607106,3.407651,1476,10.6719
16438,28,53,2.349276,3.087110,1481,10.7039
16439,53,62,4.338042,4.712109,1460,10.6350
16440,62,58,1.747107,1.739076,1464,10.6860
16441,58,4,3.495093,4.016788,1433,10.6293
16442,4,49,2.762076,2.475563,1479,10.7661
16443,49,22,3.470836,3.191930,1467,10.6206
16444,22,33,3.407656,3.381808,1446,10.6451
16445,33,17,4.424493,4.379918,1446,10.6076
16446,17,61,2.892692,3.033443,1454,10.6336
16447,61,30,3.238170,3.023352,1439,10.6299
16448,30,0,4.194387,3.747846,1462,10.6374
16449,0,44,2.849900,2.833959,1469,10.6211
16450,44,28,3.209167,3.312022,1455,10.6549
16451,28,53,2.050345,2.977665,1470,10.6160
16452,53,63,2.006872,1.970736,1457,10.5927
16453,63,54,1.944547,2.209844,1395,10.4716
16454,54,37,2.802174,2.640809,1487,10.5709
16455,37,10,3.266314,3.386693,1459,10.6303
16456,10,25,2.483520,2.538861,1455,10.6127
16457,25,41,4.263918,4.933826,1463,10.6338
16458,41,50,4.060953,3.499237,1473,10.6817
16459,50,23,3.824643,3.640532,1445,10.7083
16460,23,4,1.973986,2.741455,1462,10.7174
16461,4,49,2.300844,2.393167,1484,10.6227
16462,49,22,2.739735,3.101949,1410,10.4159
16463,22,1,3.391922,4.272697,1472,10.7148
16464,1,14,2.172759,2.179541,1445,10.6027
16465,14,57,3.767540,3.593860,1471,10.6372
16466,57,12,8.047133,6.750628,1461,10.5891
16467,12,13,1.249141,1.184001,1304,9.9757
16468,13,56,5.038609,5.304862,841,7.5183
16469,56,24,5.848306,5.243582,1451,10.7049
16470,24,48,2.386093,2.548036,1454,10.6949
16471,48,22,2.606119,2.776066,1469,10.6491
16472,22,26,4.030478,4.381332,1461,10.5954
16473,26,51,1.923838,1.938002,1459,10.6095
16474,51,1,2.178075,2.372846,1471,10.6292
16475,1,52,5.012710,4.667772,1449,10.5626
16476,52,54,2.807382,4.013422,1249,10.0267
16477,54,37,2.594532,2.539417,1445,10.6516
16478,37,31,2.565539,2.458029,1443,10.7503
16479,31,62,2.445944,3.023743,1465,10.7353
16480,62,26,4.344092,4.313370,1448,10.5859
16481,26,51,1.767860,1.872804,1482,10.6001
16482,51,1,2.314653,2.289668,1452,10.6061
16483,1,53,3.120641,3.114465,1458,10.5532
16484,53,62,4.344011,4.598958,1248,9.9145
16485,62,58,1.689237,1.770678,1465,10.6506
16486,58,4,3.790803,3.798081,1451,10.5331
16487,4,49,2.132213,2.283495,1438,10.5765
16488,49,40,2.393995,2.650249,1483,10.6144
16489,40,62,3.683380,3.842552,1438,10.6070
16490,62,58,1.669531,1.713933,1467,10.6436
16491,58,54,4.253653,4.522483,1469,10.5674
16492,54,63,2.156097,2.068844,1436,10.6417
16493,63,47,3.285194,3.462598,1469,10.7039
16494,47,24,3.922534,4.224990,1464,10.6046
16495,24,23,3.474154,2.912077,1420,10.6105
16496,23,4,2.008517,2.680217,1456,10.6821
16497,4,31,5.458915,5.407901,1463,10.5705
16498,31,62,2.425825,2.881465,1467,10.6369
16499,62,58,1.648984,1.641012,1450,10.6095
16500,58,54,4.145377,4.420610,1437,10.5275
16501,54,35,2.548940,2.609988,1459,10.6160
16502,35,53,4.488501,4.568515,1467,10.6487
16503,53,63,1.870530,1.948250,1489,10.6090
16504,63,54,2.047076,2.197266,1451,10.5785
16505,54,35,2.244479,2.500973,1483,10.8174
16506,35,10,2.303497,2.387077,1453,10.5685
16507,10,25,2.632175,2.456683,1464,10.7033
16508,25,41,4.426440,4.810216,1343,10.2713
16509,41,5,3.054977,2.795980,1460,10.6887
16510,5,59,2.831359,2.410164,1465,10.6869
16511,59,8,2.632442,2.358681,1464,10.6538
16512,8,46,2.406610,2.319761,1447,10.5786
16513,46,0,6.985288,6.771295,1451,10.5663
16514,0,26,2.055242,2.398838,1054,9.1994
16515,26,51,1.694355,1.822343,1466,10.5609
16516,51,1,2.264401,2.246381,1363,10.4768
16517,1,14,2.202465,2.324612,1460,10.6337
16518,14,57,3.505031,3.459131,1395,10.5530
16519,57,34,3.021103,2.580846,1442,10.6288
16520,34,27,3.527776,4.055030,1460,10.6451
16521,27,30,5.805217,5.631119,1468,10.6393
16522,30,62,2.190278,2.720853,1140,9.5217
16523,62,58,1.602050,1.586113,1465,10.5742
16524,58,4,3.132201,3.718738,1467,10.5520
16525,4,31,5.253576,5.171596,1008,8.1488
16526,31,62,2.805594,2.687190,1453,10.6813
16527,62,30,3.309008,3.292392,1454,10.6813
16528,30,0,3.961268,3.660467,1446,10.6488
16529,0,26,2.041677,2.353686,1478,10.6299
16530,26,50,4.282361,4.444038,1467,10.8187
16531,50,23,3.239034,3.661570,1458,10.7266
16532,23,40,2.115338,2.600863,1398,10.6202
16533,40,47,4.604406,4.209697,1461,10.5665
16534,47,23,2.712026,2.509645,1488,10.6912
16535,23,4,2.024707,2.660108,1433,10.6359
16536,4,36,3.303388,2.871750,1458,10.6238
16537,36,23,4.383364,4.878536,1443,10.6643
16538,23,4,1.781137,2.426875,1453,10.5722
16539,4,36,2.872921,2.779876,1456,10.6694
16540,36,23,4.139883,4.723927,1442,10.5518
16541,23,4,1.634397,2.219203,1469,10.6700
16542,4,49,2.347719,2.619206,1466,10.5804
16543,49,40,2.391245,2.657005,1447,10.5468
16544,40,47,4.356738,4.138861,1444,10.5769
16545,47,33,3.407137,3.056319,1453,10.7289
16546,33,17,4.407326,4.378768,1436,10.5927
16547,17,1,3.299426,4.060784,1469,10.6591
16548,1,52,4.502247,4.527939,1441,10.5851
16549,52,54,3.505468,4.014154,650,8.1214
16550,54,35,2.184122,2.395994,988,8.5984
16551,35,10,2.220156,2.289758,1108,8.8168
16552,10,25,2.214864,2.403218,1465,10.7069
16553,25,41,4.196666,4.666675,1463,10.6119
16554,41,5,2.899063,2.761627,1475,10.6652
16555,5,6,3.402863,3.337605,1450,10.7149
16556,6,51,6.413758,5.918580,1416,10.5541
16557,51,1,2.074214,2.179743,1461,10.6510
16558,1,53,2.538423,3.242444,1455,10.8909
16559,53,5,4.467879,4.901453,1206,10.3198
16560,5,28,4.910052,5.192594,1467,10.8484
16561,28,55,3.168215,2.911609,1466,10.8884
16562,55,13,5.650058,5.674265,1451,10.6076
16563,13,12,1.521618,1.336891,1437,10.6475
16564,12,13,1.446053,1.259226,1141,9.3051
16565,13,12,1.494469,1.263393,1438,10.5759
16566,12,13,1.336620,1.195232,1013,9.1733
16567,13,12,1.295952,1.201540,1478,10.6313
16568,12,13,1.283249,1.143303,1468,10.6677
16569,13,12,1.239512,1.150746,1442,10.6099
16570,12,13,1.210022,1.100321,1482,10.8241
16571,13,12,1.278877,1.108884,1476,10.5946
16572,12,13,1.117282,1.059105,1477,10.5693
16573,13,12,1.107875,1.074593,1489,10.5530
16574,12,25,3.820940,4.124730,1426,10.4824
16575,25,41,3.901483,4.449426,1440,10.6834
16576,41,50,3.941619,3.513906,1465,10.6820
16577,50,57,4.120699,2.920973,1476,10.6809
16578,57,9,4.045358,4.007919,1401,10.4137
16579,9,52,3.673348,3.872072,1404,10.7274
16580,52,54,2.822178,3.990077,1437,10.5829
16581,54,35,2.093369,2.303703,1331,10.1510
16582,35,10,2.243617,2.205988,1480,10.8058
16583,10,25,2.482399,2.433367,1460,10.5540
16584,25,8,3.570765,4.169250,1451,10.7543
16585,8,46,2.154048,2.203684,1462,10.6737
16586,46,0,6.827178,6.690184,1473,10.5805
16587,0,44,2.935425,2.903182,1434,10.6950
16588,44,28,3.542530,3.289423,1456,10.7187
16589,28,53,1.835186,2.970411,1459,10.6323
16590,53,63,2.108826,2.057196,1412,10.5286
16591,63,54,1.871802,2.167608,1441,10.6221
16592,54,37,2.859688,2.632584,1482,10.6545
16593,37,31,2.446862,2.504358,1469,10.6502
16594,31,41,3.188566,3.723008,1467,10.6920
16595,41,5,2.961527,2.772369,1464,10.5986
16596,5,6,3.481343,3.279656,1461,10.6306
16597,6,51,6.328290,5.872075,1468,10.6303
16598,51,1,2.193796,2.127264,1458,10.6760
16599,1,14,2.123042,2.412334,1467,10.7324
16600,14,57,3.278194,3.310992,1248,9.7571
16601,57,34,2.619885,2.588500,1460,10.6606
16602,34,27,3.254304,4.001686,1462,10.7041
16603,27,30,5.838687,5.699630,1445,10.6553
16604,30,0,3.984134,3.500075,1406,10.5080
16605,0,44,2.852569,2.895286,1464,10.6588
16606,44,62,5.540094,5.274018,1468,10.6247
16607,62,58,1.732289,1.701803,1458,10.8587
16608,58,4,2.967752,3.571511,1466,10.6506
16609,4,49,2.465309,2.455177,1480,10.6831
16610,49,22,2.899153,3.141516,1457,10.5911
16611,22,1,3.481236,4.126421,1489,10.6226
16612,1,53,2.714050,3.240132,1260,9.6081
16613,53,63,1.499609,2.028827,1453,10.6723
16614,63,54,1.798560,2.115728,1470,10.6856
16615,54,37,2.627458,2.531202,1438,10.5840
16616,37,10,3.233567,3.166532,1443,10.6902
16617,10,25,2.030901,2.379915,1445,10.6555
16618,25,8,3.320905,4.072556,1457,10.5965
16619,8,59,2.049357,2.434047,1480,10.6955
16620,59,54,3.688229,3.481568,1433,10.6090
16621,54,35,2.211176,2.386948,1467,10.7255
16622,35,53,4.536570,4.549236,1463,10.6251
16623,53,5,4.669929,4.845672,1434,10.5932
16624,5,28,4.891057,5.150710,1469,10.6831
16625,28,53,1.764672,2.860885,1448,10.6807
16626,53,62,4.364031,4.654061,1463,10.5942
16627,62,30,3.497417,3.225633,1467,10.7106
16628,30,0,3.792620,3.405432,1471,10.6409
16629,0,48,3.589986,3.528136,1445,10.6526
16630,48,24,2.770939,2.478689,1331,10.3538
16631,24,0,4.127704,3.760964,1475,10.8108
16632,0,26,2.229664,2.425580,1446,10.6270
16633,26,51,2.198327,2.224138,1445,10.5633
16634,51,1,2.146687,2.120154,1467,10.6535
16635,1,14,2.235547,2.408003,1466,10.6018
16636,14,1,2.300867,2.034536,1466,10.6146
16637,1,52,4.808884,4.464784,1442,10.5764
16638,52,54,2.834115,3.920194,1452,10.6493
16639,54,35,2.108177,2.261393,1445,10.6896
16640,35,53,4.300137,4.325203,1371,10.2724
16641,53,62,4.220035,4.498826,1451,10.5837
16642,62,58,1.672983,1.707360,1460,10.6049
16643,58,56,3.109038,3.303732,1453,10.6212
16644,56,42,6.109359,6.163721,1471,10.7158
16645,42,43,2.702951,2.375901,1418,10.5088
16646,43,20,1.737865,2.420083,1461,10.7773
16647,20,31,6.969080,6.503326,1450,10.6432
16648,31,41,3.649144,3.605881,1459,10.6685
16649,41,50,4.283186,3.443869,1450,10.6228
16650,50,23,3.620202,3.402781,1476,10.6140
16651,23,40,2.075698,2.572103,1443,10.6083
16652,40,47,4.543875,3.903597,1457,10.6315
16653,47,33,2.850858,2.804964,1475,10.6936
16654,33,42,3.292731,3.540248,1430,10.5597
16655,42,48,2.623672,2.989072,1425,10.5214
16656,48,22,2.396813,2.819620,1412,10.4851
16657,22,26,3.722930,4.127285,1427,10.5335
16658,26,51,2.014369,2.183719,1462,10.6935
16659,51,1,2.200239,2.054587,1451,10.5987
16660,1,14,2.409698,2.300159,1469,10.5945
16661,14,45,2.886975,2.847968,1463,10.7091
16662,45,0,5.292754,5.295213,1465,10.6891
16663,0,26,2.043096,2.348253,1458,10.5996
16664,26,51,2.013283,2.125188,1451,10.6342
16665,51,1,2.045984,2.010663,1475,10.6049
16666,1,53,3.302221,3.402817,1451,10.6765
16667,53,63,1.813356,2.061103,1450,10.6583
16668,63,54,1.690578,2.125029,1469,10.6533
16669,54,35,2.070571,2.182829,1440,10.7100
16670,35,46,3.115769,3.244929,1448,10.6305
16671,46,52,4.480263,3.923779,1191,9.5585
16672,52,21,3.214946,2.564699,1465,10.6136
16673,21,35,4.645770,4.431003,1061,8.3726
16674,35,53,3.985441,4.300403,1435,10.6952
16675,53,63,1.655984,1.909245,1450,10.6161
16676,63,47,3.991485,3.906277,1458,10.6040
16677,47,23,2.003660,2.422525,1467,10.6535
16678,23,40,2.025660,2.487768,1140,9.3995
16679,40,62,4.066937,4.272983,1453,10.6952
16680,62,58,1.651268,1.686737,1449,10.6210
16681,58,56,2.969641,3.173253,1435,10.7084
16682,56,24,5.457136,5.045323,1474,10.6370
16683,24,23,3.128896,3.024877,1446,10.7190
16684,23,40,2.031838,2.360237,1461,10.6267
16685,40,62,4.137981,4.177016,1464,10.6053
16686,62,30,3.359930,3.212700,1452,10.6864
16687,30,37,3.722418,3.507849,1458,10.7395
16688,37,31,2.767704,2.474861,1415,10.5510
16689,31,41,3.107431,3.545759,1447,10.5673
16690,41,50,3.768357,3.378474,1454,10.6026
16691,50,23,3.362945,3.267594,1458,10.6026
16692,23,40,1.674343,2.234600,1463,10.6382
16693,40,62,4.078795,4.075421,1444,10.6251
16694,62,58,1.712925,1.738259,1453,10.5743
16695,58,4,3.344855,3.614834,1467,10.5957
16696,4,49,2.504050,2.445184,1466,10.5679
16697,49,40,2.240140,2.336379,1458,10.7157
16698,40,47,4.133110,4.053047,1489,10.5962
16699,47,24,4.189111,3.988305,1450,10.7585
16700,24,48,2.230482,2.615037,1448,10.6493
16701,48,22,2.576828,2.759865,1459,10.6188
16702,22,1,3.396667,4.064524,1461,10.5996
16703,1,52,4.642697,4.387814,1474,10.6093
16704,52,21,3.089204,2.530310,1367,10.5902
16705,21,4,6.466664,6.572502,894,8.6662
16706,4,49,2.269558,2.316489,1465,10.5915
16707,49,40,1.931046,2.228575,1451,10.5879
16708,40,62,3.978223,4.003206,1470,10.6054
16709,62,30,3.450077,3.182553,1452,10.6263
16710,30,0,3.520508,3.431631,1453,10.5625
16711,0,48,3.302168,3.380290,1471,10.6651
16712,48,22,2.436942,2.651819,1422,10.5464
16713,22,1,3.554082,3.904922,1478,10.6742
16714,1,14,2.065461,2.344035,1456,10.7371
16715,14,45,2.700334,2.710118,1480,10.8326
16716,45,26,4.504176,4.642284,1460,10.5863
16717,26,51,1.857159,2.073565,1454,10.5980
16718,51,8,5.379979,5.406586,1461,10.6671
16719,8,46,2.141820,2.106745,423,5.3628
16720,46,0,6.946126,6.916375,895,8.0770
16721,0,26,2.125230,2.412310,1450,10.5794
16722,26,51,1.798342,1.995367,1490,10.5853
16723,51,1,2.042530,2.056169,1434,10.5290
16724,1,14,2.017079,2.282067,1435,10.6683
16725,14,1,2.565631,2.021036,1453,10.6040
16726,1,53,3.507481,3.569357,1462,10.5957
16727,53,63,1.672508,1.884994,1479,10.6769
16728,63,47,3.727414,3.826795,1485,10.7081
16729,47,24,3.338269,3.893721,1443,10.6557
16730,24,23,2.960395,2.859085,1472,10.6194
16731,23,41,3.266476,3.542295,1370,10.3792
16732,41,13,3.174639,2.965034,1443,10.5813
16733,13,23,4.140465,4.418326,1457,10.6297
16734,23,40,1.784212,2.168251,1452,10.6474
16735,40,48,3.878870,4.561318,1437,10.5739
16736,48,22,2.363164,2.542139,1500,10.6236
16737,22,33,3.725761,3.559176,1426,10.6020
16738,33,17,4.446129,4.359184,1444,10.6423
16739,17,61,2.946270,2.947871,1462,10.6857
16740,61,59,4.785039,5.419776,1461,10.6461
16741,59,54,3.905692,3.396053,1204,9.5967
16742,54,63,2.151480,2.154561,1021,9.3941
16743,63,54,2.394435,2.270339,1469,10.6585
16744,54,37,2.792476,2.658217,1456,10.6612
16745,37,10,3.127445,3.193463,1380,10.4304
16746,10,25,2.489016,2.305767,1458,10.6221
16747,25,41,3.611552,4.189716,1345,10.1369
16748,41,50,3.605974,3.344039,1461,10.7279
16749,50,23,3.301631,3.269824,1458,10.6022
16750,23,41,3.436387,3.341217,1458,10.6079
16751,41,5,3.038867,2.924072,1461,10.6404
16752,5,59,2.653275,2.480064,1446,10.6147
16753,59,8,2.632031,2.467531,1458,10.5747
16754,8,33,6.875844,6.360048,1459,10.6054
16755,33,42,3.306818,3.469029,1472,10.6832
16756,42,43,2.614154,2.378284,1370,10.4816
16757,43,20,1.682109,2.404215,1431,10.7013
16758,20,24,5.283175,4.666625,1474,10.7517
16759,24,23,2.677884,2.920217,1411,10.6148
16760,23,4,2.562157,2.862617,1458,10.6704
16761,4,36,3.091644,2.803821,1454,10.5486
16762,36,4,2.356879,2.553201,1488,10.6178
16763,4,36,2.849418,2.621865,1450,10.6087
16764,36,4,2.305908,2.380829,1454,10.6559
16765,4,36,2.598523,2.431778,1464,10.6930
16766,36,4,2.058876,2.211919,1444,10.5921
16767,4,49,2.273730,2.370228,1487,10.5632
16768,49,40,2.227725,2.357766,1412,10.4887
16769,40,47,4.073355,4.073528,1472,10.6031
16770,47,24,3.941950,3.786997,1473,10.6570
16771,24,0,4.228631,3.937813,1467,10.6102
16772,0,44,2.902395,3.022797,1465,10.8433
16773,44,47,4.905963,4.952349,1451,10.6586
16774,47,23,2.246866,2.381699,1453,10.6523
16775,23,4,2.162447,2.724356,1449,10.6078
16776,4,49,2.118000,2.297957,1473,10.6736
16777,49,22,3.220749,3.329127,1460,10.6980
16778,22,33,3.635506,3.566069,1473,10.6366
16779,33,13,5.749114,5.061242,1439,10.6981
16780,13,56,4.828185,5.254924,1456,10.6856
16781,56,24,5.144968,4.911191,1453,10.7016
16782,24,48,2.525015,2.713562,1471,10.6388
16783,48,55,4.081574,4.431231,1448,10.7953
16784,55,41,5.962801,5.573815,1461,10.7446
16785,41,13,3.344997,2.957227,1485,10.6840
16786,13,56,4.727924,5.031754,1460,10.6843
16787,56,17,3.360494,2.967783,1429,10.7314
16788,17,1,3.149332,4.011220,1450,10.6681
16789,1,53,2.796451,3.370717,1465,10.6897
16790,53,63,1.457398,1.849785,1337,10.3395
16791,63,47,3.648717,3.838098,1427,10.5830
16792,47,24,3.451072,3.747094,1447,10.6433
16793,24,23,2.902050,2.700925,1457,10.6683
16794,23,4,2.077542,2.652810,1443,10.6230
16795,4,31,5.173094,5.329751,1452,10.5789
16796,31,62,2.825306,3.048620,1445,10.6141
16797,62,58,1.916190,1.860961,1457,10.5691
16798,58,4,3.250148,3.513307,1454,10.5910
16799,4,49,2.242766,2.269208,1466,10.6495
16800,49,40,2.205906,2.385883,1455,10.5856
16801,40,47,4.330940,4.181243,1450,10.6449
16802,47,33,3.021836,2.986084,1457,10.6015
16803,33,13,5.407629,4.970291,1452,10.6100
16804,13,23,3.636752,3.974654,1424,10.5831
16805,23,40,1.998647,2.392218,1454,10.5597
16806,40,62,3.944874,3.992444,1453,10.6206
16807,62,58,1.817482,1.809150,1466,10.6402
16808,58,54,4.420249,4.656553,1474,10.5686
16809,54,63,2.155758,1.977701,1283,10.1877
16810,63,47,2.977718,3.830652,1274,9.8982
16811,47,24,3.375394,3.666059,1431,10.5859
16812,24,48,2.690902,2.751116,1461,10.5570
16813,48,24,2.763889,2.595265,1430,10.6277
16814,24,48,2.551046,2.576349,1457,10.5599
16815,48,22,2.326075,2.623294,1448,10.5281
16816,22,1,3.543503,3.816691,1468,10.5681
16817,1,14,2.031388,2.161146,1453,10.6421
16818,14,45,2.406656,2.725449,1465,10.6483
16819,45,26,4.640932,4.549113,1457,10.6112
16820,26,51,1.947123,2.011150,1450,10.6009
16821,51,1,2.388608,2.094652,1471,10.6211
16822,1,53,2.761491,3.343813,1460,10.6688
16823,53,62,4.561500,4.701908,1449,10.5726
16824,62,58,1.888098,1.735399,1449,10.5963
16825,58,4,3.059348,3.455894,1445,10.5947
16826,4,49,2.214588,2.220752,1466,10.5705
16827,49,22,2.948448,3.314777,1460,10.5545
16828,22,33,3.546424,3.525989,1482,10.7416
16829,33,42,3.560391,3.418923,1440,10.6456
16830,42,43,2.266938,2.334961,1466,10.7816
16831,43,37,4.919874,5.234980,1460,10.6773
16832,37,10,2.584570,3.097107,1132,8.8249
16833,10,25,2.131926,2.213802,1421,10.6135
16834,25,60,3.637225,4.306590,1181,9.4247
16835,60,45,4.827624,4.789861,1402,10.4585
16836,45,26,4.179724,4.383808,1391,10.5457
16837,26,51,1.868808,1.937467,1439,10.6977
16838,51,1,2.102477,2.026927,1485,10.6642
16839,1,14,1.923979,2.221805,1446,10.5931
16840,14,45,2.671541,2.745935,1462,10.5640
16841,45,26,4.289637,4.304140,1393,10.4167
16842,26,51,1.769545,1.901053,1469,10.6243
16843,51,1,2.020746,1.964124,1475,10.7290
16844,1,52,5.155590,4.460601,1448,10.6266
16845,52,54,2.707226,3.948516,1472,10.6534
16846,54,63,2.098160,1.928585,1469,10.6581
16847,63,32,4.069877,4.369430,1442,10.6412
16848,32,44,4.336588,4.192860,1465,10.6839
16849,44,28,3.926149,3.301495,1441,10.6957
16850,28,54,3.663324,4.776933,1472,10.6410
16851,54,35,2.351200,2.501904,1459,10.6478
16852,35,10,2.227327,2.183688,1474,10.6147
16853,10,12,5.529635,5.475403,1472,10.6271
16854,12,13,1.325318,1.245939,1439,10.7008
16855,13,12,1.387302,1.343961,1199,10.0100
16856,12,13,1.328919,1.190346,1444,10.6411
16857,13,12,1.407016,1.278283,1431,10.5616
16858,12,13,1.268813,1.137438,1313,10.0757
16859,13,12,1.302153,1.214959,1464,10.6425
16860,12,13,1.169537,1.096007,1073,8.6913
16861,13,12,1.222750,1.163248,1430,10.6282
16862,12,13,1.138439,1.063603,1392,10.5655
16863,13,12,1.215059,1.119924,1451,10.6243
16864,12,13,1.089469,1.032569,1460,10.5942
16865,13,12,1.177668,1.082447,1454,10.6998
16866,12,30,5.701558,5.648876,1395,10.7346
16867,30,62,2.443057,2.805697,1479,10.7931
16868,62,58,1.873216,1.661617,1469,10.5977
16869,58,54,4.221211,4.654078,1451,10.7099
16870,54,35,2.273522,2.438041,1454,10.5673
16871,35,10,2.002747,2.098004,1449,10.7124
16872,10,25,2.166478,2.266634,1449,10.6187
16873,25,60,3.205674,4.185601,1436,10.7062
16874,60,21,3.041218,3.159265,1464,10.6537
16875,21,35,4.020753,4.253036,1475,10.7168
16876,35,10,2.046855,1.974246,1472,10.6212
16877,10,25,2.180265,2.232521,1446,10.6086
16878,25,60,3.421170,4.151926,1479,10.7550
16879,60,21,2.928277,3.056614,1478,10.6476
16880,21,59,5.170229,4.856431,1446,10.5682
16881,59,8,2.771192,2.303106,1492,10.6997
16882,8,46,2.069858,2.154170,1437,10.6483
16883,46,0,6.701819,6.646559,1447,10.5855
16884,0,26,2.334536,2.546282,795,7.7659
16885,26,50,5.080211,4.990227,1439,11.0494
16886,50,23,3.050903,3.422714,1483,10.6968
16887,23,41,3.451600,3.330397,947,8.0627
16888,41,13,2.173345,2.817175,1461,10.7629
16889,13,12,1.065776,1.052347,1446,10.6636
16890,12,30,5.163240,5.379821,1450,10.6397
16891,30,62,2.423233,2.745168,1464,10.7317
16892,62,58,1.610269,1.597086,1354,10.3329
16893,58,4,3.011591,3.362569,1462,10.6625
16894,4,31,5.139093,4.893750,1472,10.6613
16895,31,62,2.642008,2.854220,1443,10.6340
16896,62,26,4.552166,4.855225,1486,10.6924
16897,26,50,4.739770,4.757916,1468,10.7822
16898,50,57,4.070279,2.944520,1457,10.6178
16899,57,34,2.623625,2.543181,1429,10.6764
16900,34,27,3.495808,3.863619,1009,8.0693
16901,27,19,3.256485,3.475208,1375,10.3575
16902,19,46,3.906989,3.917208,1450,10.6521
16903,46,0,6.536418,6.420887,1453,10.6875
16904,0,48,3.386969,3.538720,1400,10.4051
16905,48,24,2.722056,2.456179,1466,10.6557
16906,24,0,4.489327,4.208984,1461,10.6278
16907,0,44,3.086156,3.058264,1405,10.5715
16908,44,28,3.444547,3.192931,1380,10.3458
16909,28,53,2.052221,2.839883,1461,10.6019
16910,53,63,2.163083,1.987192,1468,10.7410
16911,63,47,3.435128,3.647918,1455,10.6963
16912,47,23,2.241833,2.609812,1457,10.5974
16913,23,40,2.069531,2.484076,1464,10.6546
16914,40,47,4.585951,4.171235,1451,10.6390
16915,47,33,3.057324,3.026577,1486,10.7174
16916,33,13,4.920098,5.042046,1445,10.6441
16917,13,12,1.017774,1.006848,881,8.2131
16918,12,13,1.264128,1.186766,1172,9.8847
16919,13,23,3.991853,4.265011,1450,10.7505
16920,23,40,1.873991,2.364813,1433,10.5495
16921,40,62,3.992345,3.975361,1460,10.5777
16922,62,30,3.532353,3.181613,1453,10.6150
16923,30,0,3.729507,3.612604,1472,10.6610
16924,0,26,2.127287,2.550638,1484,10.6689
16925,26,50,4.837782,4.616332,1469,10.6576
16926,50,23,3.559590,3.472790,1457,10.6815
16927,23,4,2.395523,2.734997,1460,10.6486
16928,4,49,2.277493,2.276072,1452,10.6768
16929,49,22,2.817791,3.161689,1492,10.5835
16930,22,1,2.960074,3.947168,1466,10.6219
16931,1,53,2.776008,3.284983,1443,10.5686
16932,53,63,1.382535,1.958765,1481,10.7030
16933,63,54,2.116590,2.304731,1159,9.8412
16934,54,63,1.919484,1.824909,1450,10.5748
16935,63,47,3.451818,3.759053,1458,10.8411
16936,47,23,2.022097,2.550889,1481,10.6824
16937,23,40,1.838958,2.364398,1464,10.6352
16938,40,47,4.393433,4.180568,1467,10.5948
16939,47,23,2.457852,2.337203,1458,10.6319
16940,23,40,1.752643,2.318813,1474,10.5947
16941,40,47,4.289052,4.033572,1471,10.5775
16942,47,33,2.912618,2.907573,1465,10.6167
16943,33,13,4.599576,5.034763,1443,10.6343
16944,13,56,4.775402,5.238138,1458,10.7101
16945,56,17,3.246523,2.812854,1473,10.7167
16946,17,1,2.902220,3.989858,1475,10.5948
16947,1,53,2.471673,3.180876,1445,10.6495
16948,53,63,1.479838,1.985333,1454,10.6742
16949,63,47,3.596776,3.895355,1468,10.6385
16950,47,24,3.626100,3.702226,1473,10.6990
16951,24,48,2.363225,2.572737,1443,10.6014
16952,48,24,2.834832,2.369118,1459,10.6299
16953,24,48,2.277470,2.396853,1433,10.5916
16954,48,22,2.398327,2.671086,1488,10.5778
16955,22,1,3.062967,3.730710,1434,10.5938
16956,1,14,2.255701,2.340965,1459,10.6760
16957,14,57,3.545953,3.532576,1465,10.5857
16958,57,34,2.942086,2.525230,1486,10.6169
16959,34,53,4.604499,4.772878,1440,10.6107
16960,53,63,1.492348,1.900377,1435,10.5877
16961,63,54,1.816791,2.291394,1475,10.6522
16962,54,37,2.842818,2.745356,1455,10.5812
16963,37,31,2.385624,2.628306,1464,10.6326
16964,31,41,3.165445,3.514513,1460,10.7089
16965,41,13,2.494568,2.873219,1329,10.3208
16966,13,12,1.165805,1.143333,1350,10.3718
16967,12,13,1.185886,1.113980,1457,10.6192
16968,13,23,3.711208,4.119624,1492,10.6229
16969,23,41,3.527237,3.239436,1455,10.6829
16970,41,5,3.191080,2.908180,1452,10.5315
16971,5,59,3.053088,2.551632,1462,10.6937
16972,59,54,3.071451,3.315081,1447,10.5712
16973,54,35,2.459080,2.586615,1398,10.4725
16974,35,53,4.722144,4.596248,1466,10.6410
16975,53,63,1.523962,1.763661,1463,10.6834
16976,63,47,3.504853,3.744226,1463,10.6208
16977,47,23,1.810927,2.449934,1448,10.5998
16978,23,40,1.850804,2.331086,1448,10.6323
16979,40,62,3.618106,3.963422,1448,10.6605
16980,62,30,3.227752,3.052124,1491,10.6236
16981,30,0,3.638175,3.522887,1445,10.6679
16982,0,44,3.027286,3.109662,1465,10.7457
16983,44,62,5.785513,5.349506,1281,10.1780
16984,62,58,1.872764,1.825948,1479,10.6751
16985,58,4,3.421054,3.302835,1450,10.6076
16986,4,49,2.248285,2.287079,1479,10.7459
16987,49,55,5.180832,5.038830,1459,10.6534
16988,55,20,3.575106,3.238476,1484,10.6703
16989,20,32,3.118996,3.402437,1353,10.3992
16990,32,44,4.081355,4.172487,1461,10.6326
16991,44,28,3.281286,3.144688,1455,10.7109
16992,28,54,3.158825,4.821950,1466,10.7302
16993,54,35,2.144145,2.476915,1449,10.7059
16994,35,53,4.946651,4.483104,1441,10.8714
16995,53,62,4.287787,4.696227,1441,10.5762
16996,62,30,2.933947,2.964349,1460,10.6961
16997,30,0,3.811498,3.423650,1487,10.6162
16998,0,44,2.889471,3.153016,1467,10.5978
16999,44,28,3.148087,3.047859,1467,10.6610
17000,28,53,1.909230,2.863175,1466,10.6633
17001,53,63,1.636013,1.715066,1478,10.6594
17002,63,32,4.494380,4.533769,1445,10.5788
17003,32,32,1.604545,0.995992,1408,10.5300
17004,32,44,4.227834,4.243182,1456,10.6652
17005,44,62,5.219352,5.390644,1441,10.5679
17006,62,26,4.205337,4.378989,1458,10.7072
17007,26,51,2.099639,2.122593,1450,10.6332
17008,51,1,2.217935,2.090054,1460,10.6367
17009,1,14,2.227621,2.281205,1452,10.7002
17010,14,57,3.393417,3.385504,1453,10.6218
17011,57,34,2.470570,2.477456,1450,10.6089
17012,34,16,2.371395,2.665162,1449,10.5930
17013,16,13,5.072932,5.106075,1453,10.5757
17014,13,12,1.219861,1.138841,403,6.0473
17015,12,13,1.321011,1.125324,914,8.4955
17016,13,12,1.105619,1.092679,1136,9.5438
17017,12,13,1.147712,1.095311,836,8.3334
17018,13,12,1.213191,1.066559,983,9.2267
17019,12,13,1.130034,1.057819,1397,10.6197
17020,13,12,1.107925,1.037079,1064,8.7256
17021,12,13,1.089524,1.029173,1282,10.1041
17022,13,12,1.068638,1.014942,1431,10.5723
17023,12,13,1.047275,1.002980,1240,10.1035
17024,13,12,1.023590,0.996512,1424,10.5857
17025,12,13,1.017619,0.981916,1297,10.2757
17026,13,56,5.337943,5.601673,1344,10.2665
17027,56,17,2.828945,2.700435,1381,10.4097
17028,17,37,4.791093,3.784356,1467,10.7063
17029,37,10,2.783306,2.984307,1314,10.1852
17030,10,12,4.815886,5.719562,1440,10.7065
17031,12,13,0.905066,0.900395,1443,10.5960
17032,13,12,1.121466,1.111313,1481,10.6478
17033,12,13,0.943608,0.904968,1481,10.6235
17034,13,23,4.212589,4.669618,1466,10.6622
17035,23,40,1.846810,2.262880,1475,10.7143
17036,40,62,4.017121,4.036413,1482,10.7011
17037,62,30,3.062968,2.886336,1476,10.6499
17038,30,62,2.346041,2.570344,1457,10.7684
17039,62,26,4.145188,4.360909,1441,10.5634
17040,26,50,4.525687,4.283871,1405,10.5522
17041,50,23,3.578877,3.541416,1421,10.4924
17042,23,4,2.557111,3.007402,1445,10.5869
17043,4,31,4.567818,4.640830,1455,10.6131
17044,31,62,2.480300,2.966581,1459,10.8473
17045,62,58,1.886431,1.914337,1471,10.8280
17046,58,56,3.413829,3.711487,1473,10.5926
17047,56,17,2.866397,2.584784,1451,10.6050
17048,17,1,3.024707,4.071356,1459,10.5693
17049,1,14,2.035927,2.152754,1454,10.6395
17050,14,45,2.822661,2.755082,1470,10.5909
17051,45,26,4.327759,4.333453,589,6.7086
17052,26,51,2.045642,2.113786,1452,10.6065
17053,51,1,2.238869,2.094723,1466,10.5753
17054,1,14,1.914656,2.111110,1432,10.5845
17055,14,1,2.278418,2.024425,1448,10.5860
17056,1,53,3.565816,3.690011,1459,10.5737
17057,53,63,1.409376,1.735390,1468,10.6174
17058,63,47,3.477510,3.552796,1406,10.4985
17059,47,33,3.127751,3.036139,1455,10.6788
17060,33,13,5.132147,5.072484,1453,10.6375
17061,13,12,1.071452,1.097216,940,8.3939
17062,12,13,1.076497,0.973824,1440,10.5880
17063,13,12,1.069287,1.056876,1438,10.7331
17064,12,13,1.015825,0.965783,1455,10.7727
17065,13,23,4.258883,4.372777,1386,10.4332
17066,23,40,1.860463,2.208812,1452,10.5723
17067,40,47,4.256614,4.133551,1465,10.6468
17068,47,33,3.005680,2.828201,1462,10.6045
17069,33,42,3.495761,3.583235,1454,10.6086
17070,42,43,2.270846,2.314619,1467,10.6240
17071,43,20,1.894842,2.541123,1461,10.6065
17072,20,31,6.623283,6.313853,1472,10.5941
17073,31,62,2.222457,2.932264,1472,10.6993
17074,62,58,1.844523,1.826324,1464,10.6881
17075,58,54,4.524483,4.525127,1450,10.6035
17076,54,37,2.947786,2.767541,1478,10.8454
17077,37,31,2.647974,2.569078,1453,10.6076
17078,31,62,2.615191,2.884576,1452,10.5724
17079,62,58,1.651597,1.732879,1475,10.5982
17080,58,56,3.515525,3.703322,1462,10.5469
17081,56,17,2.773256,2.455554,1427,10.5628
17082,17,61,3.014239,3.177848,1446,10.5845
17083,61,30,3.070519,2.926443,1472,10.7039
17084,30,0,3.771679,3.361456,1458,10.5927
17085,0,26,2.123792,2.624410,1466,10.6101
17086,26,51,1.988849,2.065973,1466,10.6196
17087,51,1,2.136030,2.040164,1453,10.8808
17088,1,53,2.755178,3.477744,1471,10.6632
17089,53,63,1.357898,1.776978,1469,10.6995
17090,63,47,3.082783,3.510728,1478,10.6669
17091,47,24,3.379294,3.843073,1470,10.6342
17092,24,23,3.048647,2.854683,1475,10.6328
17093,23,4,2.419255,2.955752,1456,10.6329
17094,4,36,3.300577,2.866700,1445,10.6104
17095,36,4,2.480510,2.409210,1491,10.5905
17096,4,49,2.416352,2.334609,1477,10.6018
17097,49,40,2.034738,2.299823,1459,10.6015
17098,40,62,3.609633,4.005035,1474,10.5888
17099,62,58,1.672627,1.722648,1430,10.6438
17100,58,54,4.586491,4.492636,1447,10.5977
17101,54,63,1.754043,1.905169,1454,10.6723
17102,63,54,2.549712,2.419532,1447,10.7381
17103,54,37,2.701755,2.669301,1466,10.6275
17104,37,31,2.388831,2.517516,1414,10.5506
17105,31,62,2.212877,2.915383,1455,10.6083
17106,62,58,1.569572,1.646729,1451,10.5858
17107,58,4,3.417712,3.381757,1455,10.6250
17108,4,49,2.212641,2.274228,1464,10.6217
17109,49,22,2.722757,3.157750,1481,10.6280
17110,22,33,3.458111,3.659745,1338,10.1318
17111,33,13,5.345150,5.144515,1448,10.6538
17112,13,23,3.819923,3.901114,1445,10.6304
17113,23,4,2.352091,2.850237,1461,10.5990
17114,4,36,3.033768,2.857150,1452,10.5767
17115,36,4,2.027165,2.281915,1472,10.6607
17116,4,49,2.124042,2.234486,1453,10.5490
17117,49,40,2.103022,2.334654,1452,10.5275
17118,40,47,4.259677,4.211313,1460,10.5552
17119,47,24,3.552844,3.619654,1466,10.6409
17120,24,48,2.290135,2.539609,1435,10.6058
17121,48,55,4.116512,4.332665,1447,10.6018
17122,55,20,3.119315,3.138485,1439,10.6200
17123,20,24,5.347868,4.401244,1039,8.6118
17124,24,23,2.490999,2.854872,1455,10.5957
17125,23,40,1.957949,2.269400,1438,10.5901
17126,40,62,3.916672,3.976013,1457,10.5732
17127,62,58,1.626918,1.626983,1461,10.5928
17128,58,4,2.825626,3.233173,1441,10.5840
17129,4,49,2.199226,2.201603,1449,10.6409
17130,49,22,3.047522,3.198461,1445,10.5964
17131,22,33,3.605965,3.566319,1450,10.5766
17132,33,17,5.223622,5.007735,1467,10.8191
17133,17,61,2.999982,3.032653,1498,10.6747
17134,61,43,2.418094,2.476475,1446,10.6105
17135,43,44,4.579166,4.815537,1421,10.5673
17136,44,28,3.571376,2.940713,1422,10.6051
17137,28,55,3.220267,3.104019,1454,10.6278
17138,55,20,3.141084,3.068806,1464,10.5658
17139,20,32,2.512085,3.319476,1443,10.7579
17140,32,44,4.000601,4.013458,1123,9.4206
17141,44,62,5.752126,5.565765,1455,10.6748
17142,62,26,4.471548,4.438505,1446,10.6336
17143,26,51,2.067155,2.044291,1465,10.6275
17144,51,1,2.148817,1.992071,1454,10.5759
17145,1,14,1.908397,2.160605,1487,10.6938
17146,14,57,3.128656,3.361886,1473,10.6550
17147,57,9,4.492598,4.174988,1454,10.6286
17148,9,9,2.258234,0.865066,1400,10.4549
17149,9,9,1.640840,0.750472,1467,10.6385
17150,9,9,1.227669,0.629992,1451,10.5676
17151,9,9,1.059865,0.521276,1481,10.5905
17152,9,9,0.812184,0.428133,1463,10.5660
17153,9,7,3.440669,3.617893,1464,10.6032
17154,7,57,5.342615,4.698918,1445,10.6706
17155,57,34,2.415829,2.409407,1463,10.5960
17156,34,27,3.431964,4.005942,1487,10.5985
17157,27,19,3.294826,3.449202,1469,10.5857
17158,19,40,5.810327,5.436629,1438,10.5507
17159,40,47,4.235944,3.982050,484,5.7967
17160,47,33,2.981171,2.818456,1435,10.7041
17161,33,13,5.166353,5.102927,1469,10.8576
17162,13,12,1.259318,1.129834,563,5.5321
17163,12,13,1.236720,1.089550,1461,10.7157
17164,13,56,5.060555,5.345755,1463,10.6495
17165,56,17,2.787740,2.439023,821,8.3520
17166,17,1,2.908851,4.258040,1460,10.7186
17167,1,52,4.563126,4.444121,1431,10.5660
17168,52,54,2.923400,4.057719,1460,10.6521
17169,54,35,2.418853,2.589129,1459,10.6373
17170,35,10,1.986632,2.039421,1448,10.6155
17171,10,12,5.181763,5.545163,1469,10.6117
17172,12,13,1.085712,1.014861,1376,10.4271
17173,13,23,3.448526,3.687904,1448,10.7334
17174,23,4,2.286410,2.862942,1448,10.6602
17175,4,49,2.083414,2.135304,1442,10.6749
17176,49,22,2.828289,3.078007,1445,10.6096
17177,22,26,4.059620,4.617064,1440,10.5773
17178,26,51,1.899890,2.044785,1362,10.1704
17179,51,1,2.028294,1.945068,1463,10.6074
17180,1,53,3.312600,3.470374,1454,10.6080
17181,53,62,4.782863,4.660623,1463,10.6388
17182,62,30,3.247268,3.007235,1449,10.7363
17183,30,62,2.624728,2.558189,1450,10.6132
17184,62,58,1.688182,1.652182,1459,10.5791
17185,58,56,3.435237,3.818610,1462,10.5850
17186,56,42,5.837332,5.942484,1464,10.6497
17187,42,43,2.595152,2.300710,1454,10.8628
17188,43,20,1.959173,2.630816,1391,10.5035
17189,20,24,4.126284,4.180293,1433,10.5866
17190,24,0,4.804470,4.382874,1470,10.7663
17191,0,26,2.132583,2.567309,1444,10.6528
17192,26,50,4.465995,4.303857,1466,10.5624
17193,50,23,3.988826,3.859298,1482,10.6375
17194,23,40,1.983192,2.362464,1452,10.6528
17195,40,48,3.990959,4.352090,1460,10.9768
17196,48,22,2.425185,2.698449,1433,10.5737
17197,22,1,2.966526,3.813081,1456,10.6000
17198,1,14,2.238798,2.236848,1450,10.7044
17199,14,45,2.536717,2.851645,1378,10.3181
17200,45,26,4.085542,4.244284,1004,8.3984
17201,26,51,2.005855,2.046470,1484,10.6224
17202,51,1,2.168831,1.940539,1460,10.6486
17203,1,53,3.263632,3.376389,1458,10.7095
17204,53,63,1.586440,2.019556,1443,10.5932
17205,63,47,3.176882,3.559666,1461,10.6086
17206,47,24,3.232413,3.608616,1456,10.6258
17207,24,0,4.597605,4.319202,1432,10.6173
17208,0,44,3.917670,3.318762,1452,10.6879
17209,44,62,5.827194,5.296318,1445,10.6431
17210,62,26,4.207055,4.170137,1450,10.6401
17211,26,50,4.252444,4.145338,1446,10.6009
17212,50,23,3.540639,3.827067,1464,10.6418
17213,23,40,1.816349,2.223818,1442,10.5830
17214,40,47,4.201863,3.941557,1455,10.6265
17215,47,24,3.224596,3.411421,1456,10.6593
17216,24,0,4.385012,4.257268,1466,10.5729
17217,0,44,3.700708,3.221403,1355,10.3761
17218,44,28,3.340738,2.909264,1466,10.6927
17219,28,53,1.685952,2.799613,1433,10.5771
17220,53,63,1.907907,1.976920,1474,10.6118
17221,63,54,1.943774,2.306168,1477,10.6236
17222,54,35,2.401625,2.498806,1458,10.7821
17223,35,10,1.777472,1.955057,1323,10.0312
17224,10,12,5.295908,5.437539,1470,10.5839
17225,12,13,1.028192,1.006369,1383,10.4368
17226,13,12,1.574240,1.333959,1339,10.5259
17227,12,13,1.079891,0.979889,1382,10.3909
17228,13,56,4.773511,5.192574,1453,10.7861
17229,56,17,2.538573,2.360557,1466,10.7088
17230,17,1,3.159073,4.356629,1422,10.5705
17231,1,14,2.339541,2.173902,1468,10.6361
17232,14,1,2.195180,1.942886,1434,10.6218
17233,1,52,4.662151,4.379146,1470,10.6252
17234,52,21,2.600861,2.666770,1388,10.4038
17235,21,35,4.437212,4.136376,1278,9.8949
17236,35,53,4.371119,4.828701,947,7.9391
17237,53,63,1.801620,1.804157,1477,10.5934
17238,63,47,3.320749,3.604077,1425,10.5429
17239,47,23,2.167116,2.734040,1473,10.6981
17240,23,40,1.824040,2.176354,1471,10.6529
17241,40,62,4.210095,4.316219,1444,10.5592
17242,62,30,3.109509,2.889273,1472,10.6488
17243,30,0,3.719179,3.323225,1453,10.6557
17244,0,26,2.111096,2.575425,1467,10.6197
17245,26,50,4.003719,4.018102,1463,10.6079
17246,50,23,3.629034,3.780704,1477,10.6390
17247,23,40,1.687803,2.062183,1455,10.6535
17248,40,62,4.038999,4.184129,1462,10.5867
17249,62,58,1.785751,1.803580,1443,10.5656
17250,58,56,3.364711,3.655550,1422,10.4978
17251,56,24,5.753295,5.295305,1442,10.6271
17252,24,23,2.763564,2.883293,1457,10.6506
17253,23,4,2.371004,2.914388,1465,10.6478
17254,4,49,2.306727,2.222521,1460,10.6055
17255,49,55,4.808494,4.946877,1440,10.5822
17256,55,20,2.712798,3.112521,1468,10.6444
17257,20,24,4.820818,4.036538,1340,10.4028
17258,24,23,2.351517,2.827144,1460,10.6672
17259,23,40,1.682126,2.092376,1451,10.5939
17260,40,48,3.978185,4.435475,1452,10.5740
17261,48,24,2.874692,2.530846,1454,10.6208
17262,24,23,2.317650,2.742567,1457,10.5825
17263,23,4,2.362341,2.945296,1478,10.5559
17264,4,49,2.230298,2.173078,1441,10.5397
17265,49,55,4.616191,4.818172,1447,10.5323
17266,55,41,5.439288,5.225803,1450,10.5824
17267,41,13,2.476265,2.940575,1467,10.8031
17268,13,23,3.938429,3.942929,1479,10.6616
17269,23,41,3.511892,3.554982,1458,10.5888
17270,41,5,3.149305,2.878907,1459,10.6491
17271,5,6,3.215674,3.263169,1457,10.6666
17272,6,26,6.394965,5.827719,1496,10.6221
17273,26,51,2.089956,2.156912,240,3.1537
17274,51,8,5.362031,5.644986,752,6.9637
17275,8,33,6.857081,5.990485,1422,10.6035
17276,33,42,3.744271,3.546866,1470,10.6287
17277,42,48,2.537714,2.961029,1480,10.7211
17278,48,55,3.852727,4.190464,1477,10.6326
17279,55,13,5.602350,5.335473,1469,10.6716
17280,13,23,3.302799,3.516320,1432,10.5361
17281,23,4,2.234598,2.859661,1452,10.5797
17282,4,49,2.067323,2.111558,1472,10.6065
17283,49,22,3.090094,3.133413,1475,10.7637
17284,22,1,3.145937,3.770892,1443,10.5933
17285,1,52,4.252544,4.083855,1438,10.5694
17286,52,21,2.597583,2.670749,715,5.9405
17287,21,35,3.586786,4.071289,792,7.9207
17288,35,10,1.700526,1.853230,1301,10.5381
17289,10,12,5.193738,5.315765,549,4.9590
17290,12,30,4.896585,4.802834,1460,10.6840
17291,30,0,3.416256,3.207561,1428,10.5900
17292,0,44,3.261062,3.298281,1490,10.6116
17293,44,62,5.752513,5.106179,1461,11.0981
17294,62,30,2.987797,2.832002,1444,10.6139
17295,30,0,3.239703,3.108182,1468,10.6850
17296,0,44,3.115395,3.284669,1474,10.6487
17297,44,28,3.065576,2.880616,1425,10.5956
17298,28,55,3.126879,3.156477,1448,10.7065
17299,55,20,3.608871,3.207797,1466,10.6645
17300,20,24,3.753294,3.757619,1460,10.6261
17301,24,23,2.114111,2.786939,1456,10.6783
17302,23,40,1.859481,2.308912,1457,10.6525
17303,40,62,3.938541,4.179790,1443,10.6642
17304,62,58,1.880173,1.871072,1436,10.6215
17305,58,54,4.215083,4.268684,1453,10.6220
17306,54,37,2.760691,2.596997,1474,10.7755
17307,37,31,2.497229,2.463997,1412,10.5324
17308,31,62,2.658155,3.382509,1441,10.6115
17309,62,26,3.679269,4.149889,1449,10.6045
17310,26,51,2.126598,2.131527,1445,10.6149
17311,51,8,5.383475,5.493291,1475,10.6294
17312,8,46,2.102086,2.077569,418,4.6275
17313,46,26,7.194590,6.941873,1472,10.6265
17314,26,50,3.917580,3.727131,1447,10.6803
17315,50,23,4.268832,4.047609,1460,10.6388
17316,23,40,1.697680,2.149214,1461,10.6845
17317,40,62,3.494161,4.056971,1522,10.6399
17318,62,58,1.835114,1.836393,1437,10.5540
17319,58,56,3.195242,3.612368,1433,10.6250
17320,56,24,5.920895,5.340061,1463,10.7084
17321,24,23,2.460733,2.711446,1295,10.0574
17322,23,40,1.610104,2.073810,1451,10.7063
17323,40,47,4.306351,4.011278,1470,10.5957
17324,47,24,3.686993,3.646922,1457,10.5877
17325,24,0,4.353209,4.096016,1459,10.5805
17326,0,26,2.286994,2.709475,1532,10.6937
17327,26,50,3.691873,3.630474,1448,10.6046
17328,50,57,3.867672,2.990049,1432,10.5918
17329,57,34,2.540623,2.311175,1461,10.6579
17330,34,27,2.986535,3.891266,1458,10.7495
17331,27,30,6.454363,6.160563,590,6.3015
17332,30,0,3.193089,2.961542,1457,10.7515
17333,0,44,3.277310,3.282156,1476,10.6255
17334,44,62,5.280772,4.955645,1440,10.6028
17335,62,58,1.941677,1.806433,1454,10.5950
17336,58,54,4.066998,4.209480,1428,10.5708
17337,54,35,2.171574,2.733565,1452,10.6711
17338,35,53,4.922000,4.703158,1429,10.6179
17339,53,62,4.158865,4.799599,1451,10.6694
17340,62,26,3.921570,3.943866,1385,10.4225
17341,26,50,3.530702,3.466821,1454,10.6207
17342,50,23,3.803742,4.128343,1457,10.5696
17343,23,4,2.388854,2.943213,1448,10.5995
17344,4,31,4.783694,4.993200,1488,10.6624
17345,31,41,3.709883,3.767945,1454,10.6332
17346,41,13,2.669261,3.038880,1443,10.6398
17347,13,56,4.191409,4.630848,1433,10.5765
17348,56,17,2.470589,2.351249,1458,10.7116
17349,17,1,3.045873,4.328047,1452,10.6130
17350,1,14,2.247484,2.076874,1458,10.6317
17351,14,45,2.438309,2.751182,1453,10.6317
17352,45,26,4.941885,4.344636,1432,10.5992
17353,26,51,2.224493,2.178588,1454,10.6400
17354,51,1,2.294976,2.208513,1466,10.6542
17355,1,14,2.233329,2.007680,1460,10.5869
17356,14,45,2.473415,2.723929,1447,10.6019
17357,45,26,4.326366,4.234330,1463,10.5881
17358,26,50,3.425482,3.436051,1472,10.6348
17359,50,57,4.109111,2.976528,1462,10.6431
17360,57,34,2.328988,2.254399,1466,10.6010
17361,34,16,2.630694,2.957649,1410,10.5699
17362,16,41,6.250914,5.891071,1462,10.7193
17363,41,50,4.575037,3.960660,876,7.6750
17364,50,23,4.110414,3.973002,1452,10.6678
17365,23,4,2.242006,2.752824,1431,10.5680
17366,4,49,2.047411,2.222908,1029,8.3350
17367,49,22,2.966161,2.939858,1442,10.6831
17368,22,33,3.763762,3.793740,1471,10.6523
17369,33,42,3.642475,3.409873,1469,10.6322
17370,42,43,2.361221,2.329211,1445,10.6386
17371,43,20,2.016016,2.655249,1440,10.5861
17372,20,32,2.868872,3.400614,1450,10.5867
17373,32,54,4.118180,4.526155,1440,10.6014
17374,54,63,2.145510,1.998004,1456,10.7084
17375,63,54,2.348816,2.227273,1462,10.6424
17376,54,37,2.490270,2.556812,1453,10.6903
17377,37,31,2.424650,2.416949,1464,10.6385
17378,31,36,4.865942,4.992254,1441,10.6439
17379,36,23,3.925214,4.765070,1434,10.6643
17380,23,4,2.022788,2.536079,1378,10.5883
17381,4,31,5.037752,5.042141,1437,10.6439
17382,31,62,3.428491,3.352803,1474,10.7830
17383,62,58,1.877195,1.837592,1457,10.5836
17384,58,54,4.559904,4.082031,1461,10.6357
17385,54,35,2.261953,2.739259,1454,10.7676
17386,35,10,1.752774,1.913818,1412,10.6394
17387,10,25,2.443522,2.356024,1464,10.6576
17388,25,41,3.971742,4.450773,1462,10.5378
17389,41,5,3.150916,2.878992,1462,10.6249
17390,5,59,2.741423,2.518986,1438,10.5696
17391,59,58,5.374185,5.350662,1445,10.5917
17392,58,54,3.857717,3.797722,1480,10.5916
17393,54,63,1.893207,1.951667,1464,10.6633
17394,63,54,2.362213,2.139647,1461,10.6523
17395,54,35,2.655176,2.789790,1468,10.7539
17396,35,10,1.712407,1.842845,1480,10.6253
17397,10,25,2.140681,2.310186,1439,10.6149
17398,25,8,3.742035,4.256099,1464,10.5812
17399,8,59,2.129189,2.721354,1478,10.6277
17400,59,54,3.056719,3.469624,1459,10.5594
17401,54,35,2.358027,2.671396,1442,10.7019
17402,35,53,4.698705,4.531995,1440,10.6452
17403,53,62,4.531779,4.655894,1472,10.6956
17404,62,58,1.761560,1.831899,1318,10.1299
17405,58,54,4.007158,3.719728,1449,10.8803
17406,54,37,2.657110,2.626141,1472,10.6753
17407,37,31,2.532033,2.420412,1458,10.6364
17408,31,36,4.861164,4.828915,1443,10.5975
17409,36,4,2.209902,2.498143,1430,10.7007
17410,4,49,2.143534,2.206518,1447,10.7342
17411,49,55,4.349500,4.587921,1438,10.6387
17412,55,41,5.831244,5.293349,1361,10.4880
17413,41,5,3.076067,2.781798,1447,10.6412
17414,5,6,3.328554,3.216085,1427,10.5549
17415,6,26,6.201505,5.754735,1469,10.6966
17416,26,51,1.935108,2.200431,1440,10.6424
17417,51,1,2.096617,2.163137,1484,10.5892
17418,1,53,3.771057,3.761822,1394,10.4685
17419,53,63,1.504872,1.803184,1462,10.6718
17420,63,54,1.936771,2.104354,1449,10.6080
17421,54,35,2.615205,2.693537,1463,10.5992
17422,35,46,3.062594,3.295904,1463,10.7871
17423,46,0,6.927218,6.932775,1414,10.6113
17424,0,44,3.393336,3.155137,1457,10.8303
17425,44,62,5.317444,4.706629,1452,10.7002
17426,62,30,3.245703,3.150496,1423,10.5896
17427,30,0,3.064815,2.943136,1406,10.5422
17428,0,48,3.537382,3.686575,1486,10.5827
17429,48,55,3.738620,4.085321,701,6.4404
17430,55,20,3.271052,3.299653,1456,10.6475
17431,20,31,6.453214,6.132262,950,8.3299
17432,31,41,3.924701,3.906800,1474,10.6779
17433,41,50,4.508066,3.901199,1456,10.6922
17434,50,23,3.854162,3.733036,1467,10.7418
17435,23,40,1.870672,2.224429,1460,10.6654
17436,40,47,4.141508,3.659786,1454,10.7107
17437,47,23,2.412177,2.416260,1456,10.6525
17438,23,40,1.781458,2.150720,1471,10.5763
17439,40,62,4.521214,4.473477,1475,10.5800
17440,62,30,3.119004,3.060551,1467,10.6703
17441,30,37,3.595247,3.846927,1453,10.6189
17442,37,40,7.146404,7.129007,1458,10.6613
17443,40,47,3.368020,3.389689,1453,10.5556
17444,47,24,3.397657,3.474423,1443,10.5926
17445,24,23,2.372224,2.748988,1456,10.6786
17446,23,40,1.857072,2.159997,1462,10.6487
17447,40,62,4.363612,4.181929,1463,10.6024
17448,62,58,1.875096,1.974641,1453,10.6685
17449,58,54,3.902869,3.567881,1447,10.5866
17450,54,63,1.976140,1.979335,1338,10.1282
17451,63,54,2.038701,2.018907,1476,10.7615
17452,54,63,1.821015,1.839895,1466,10.7018
17453,63,47,3.795350,3.859044,1456,10.6580
17454,47,24,3.351088,3.369955,1466,10.6320
17455,24,23,2.230086,2.578714,1457,10.6154
17456,23,40,1.731098,2.093227,1441,10.6408
17457,40,48,4.219944,4.398593,1444,10.5962
17458,48,22,2.547547,2.805220,1433,10.5766
17459,22,26,3.954970,4.678751,1422,10.6321
17460,26,50,3.530659,3.490031,1450,10.6417
17461,50,23,3.471227,3.815738,1452,10.6991
17462,23,40,1.591819,1.987131,1440,10.6317
17463,40,48,3.852111,4.259360,1465,10.5896
17464,48,22,2.494312,2.704344,1448,10.5780
17465,22,1,3.526160,3.642252,1415,10.5681
17466,1,53,3.368530,3.583722,1459,10.5662
17467,53,5,5.043581,5.608855,1469,10.7573
17468,5,28,5.633706,6.006913,1463,10.7324
17469,28,53,2.004193,2.823328,1453,10.8377
17470,53,5,4.833416,5.489161,1444,10.5976
17471,5,6,3.258122,3.154329,1481,10.6514
17472,6,5,3.222095,2.754789,1452,10.7040
17473,5,59,2.527258,2.471845,1467,10.5991
17474,59,8,2.950128,2.648100,1446,10.6148
17475,8,46,1.833976,1.988763,1454,10.6811
17476,46,52,4.064204,4.214537,1438,10.7251
17477,52,54,3.977147,4.167868,1405,10.6031
17478,54,37,2.878319,2.647221,1457,10.6148
17479,37,31,2.319609,2.349017,1441,10.5913
17480,31,62,2.595887,3.647438,1304,10.3719
17481,62,30,3.289736,2.976037,1467,10.5688
17482,30,37,3.824064,3.806960,1443,10.5636
17483,37,10,2.802471,3.151054,1460,10.7804
17484,10,12,4.641348,5.047415,1474,10.6665
17485,12,13,1.392726,1.252334,1469,10.7170
17486,13,23,3.353362,4.028240,1467,10.6133
17487,23,41,3.831736,3.718423,1442,10.5668
17488,41,13,2.982405,2.949889,1457,10.6635
17489,13,23,3.622308,3.811072,1425,10.5359
17490,23,4,2.607457,2.917148,1454,10.5867
17491,4,49,2.252539,2.266976,1457,10.5955
17492,49,22,2.556821,2.829664,1446,10.6191
17493,22,1,2.828591,3.517778,1468,10.6993
17494,1,53,3.142414,3.514965,1437,10.7336
17495,53,63,1.673682,2.000452,1042,8.4778
17496,63,54,1.766914,2.011916,1452,10.5928
17497,54,63,1.741784,1.791087,1464,10.6136
17498,63,47,3.623854,3.688753,1497,10.6655
17499,47,23,2.034388,2.546331,1474,10.8259
17500,23,4,2.251958,2.783925,1458,10.6237
17501,4,49,2.191741,2.206659,1441,10.5882
17502,49,55,4.308035,4.424223,1472,10.6304
17503,55,41,5.448469,5.160810,1456,10.7116
17504,41,5,3.135396,2.819631,1364,10.2795
17505,5,28,5.161382,5.902783,1461,10.5913
17506,28,53,1.853815,2.691153,1470,10.6452
17507,53,63,1.593198,1.936332,1451,10.5931
17508,63,47,3.794785,3.527826,1427,10.5745
17509,47,33,3.440973,3.205010,1468,10.6282
17510,33,17,4.996783,4.996509,1459,10.6293
17511,17,61,3.104437,3.097629,1378,10.5318
17512,61,43,1.965835,2.399462,1480,10.6678
17513,43,20,2.194810,2.640132,1461,10.8081
17514,20,24,4.014492,3.808655,1454,10.6095
17515,24,0,4.592061,4.238022,1457,10.6698
17516,0,26,2.819377,2.920843,1455,10.6706
17517,26,50,3.550502,3.384288,1262,9.7533
17518,50,57,3.661101,2.935153,1470,10.6882
17519,57,9,3.821435,3.941663,1462,10.6508
17520,9,9,1.367401,0.487642,1439,10.4578
17521,9,9,0.880062,0.397722,1451,10.5915
17522,9,9,0.670605,0.325442,1458,10.6174
17523,9,52,4.268930,4.698317,1482,10.6114
17524,52,54,3.192106,4.145326,1456,10.6244
17525,54,63,1.563453,1.697795,1457,10.6279
17526,63,32,4.548989,4.770975,1476,10.6191
17527,32,32,1.366610,0.846947,1460,10.6685
17528,32,54,4.204052,4.557404,1453,10.6534
17529,54,35,2.765608,2.765686,1452,10.6098
17530,35,10,1.859771,1.895573,1455,10.6061
17531,10,25,2.035206,2.278898,1471,10.5888
17532,25,41,4.113053,4.659382,1483,10.6777
17533,41,13,2.638561,2.904237,1373,10.3873
17534,13,23,3.559132,3.619403,1431,10.5329
17535,23,4,2.212177,2.650950,1459,10.6182
17536,4,36,3.597954,3.245667,1461,10.6782
17537,36,4,2.322413,2.506712,1444,10.5887
17538,4,49,2.197912,2.161498,1474,10.6909
17539,49,40,2.370089,2.684304,1467,10.6438
17540,40,62,4.156275,4.056845,1459,10.6359
17541,62,58,1.938056,2.043130,1452,10.6081
17542,58,56,3.467158,3.669952,1478,10.6837
17543,56,17,2.676413,2.333143,1440,10.6638
17544,17,1,2.643969,4.198885,1455,10.5968
17545,1,14,2.180053,2.222679,1274,9.9770
17546,14,1,2.471546,1.985521,1425,10.8149
17547,1,53,3.460889,3.450527,1479,10.6801
17548,53,63,1.438847,1.993346,1462,10.6915
17549,63,47,3.025310,3.378281,1454,10.6132
17550,47,24,3.152446,3.474934,1473,10.6826
17551,24,0,4.501032,4.158258,1462,10.6373
17552,0,44,3.379915,3.133956,1442,10.6279
17553,44,62,4.950651,4.625063,1469,10.6589
17554,62,26,4.187242,3.947545,1449,10.7308
17555,26,50,3.390883,3.242676,1462,10.8976
17556,50,23,4.143781,4.134018,1473,10.7098
17557,23,4,2.054606,2.514862,1462,10.6572
17558,4,49,2.030753,2.127345,1461,10.7781
17559,49,40,2.433243,2.584606,1455,10.5329
17560,40,47,4.218804,3.912309,1435,10.5492
17561,47,24,3.193491,3.298257,1453,10.6240
17562,24,0,4.108824,4.083513,1446,10.6282
17563,0,44,3.374686,3.020732,1452,10.5902
17564,44,62,4.603520,4.411675,1477,10.6721
17565,62,58,2.052363,2.066342,1469,10.5668
17566,58,54,3.521738,3.761234,1442,10.5822
17567,54,63,1.407998,1.657777,1459,10.6258
17568,63,54,1.963896,2.057459,1463,10.6164
17569,54,35,2.481667,2.798240,1455,10.5844
17570,35,10,1.848003,1.850880,1458,10.6391
17571,10,25,1.881820,2.213268,1465,10.7357
17572,25,41,3.816162,4.558893,1307,10.1416
17573,41,13,2.926610,2.795984,1482,10.6387
17574,13,23,3.517607,3.537944,1468,10.6868
17575,23,41,3.391167,3.403014,1468,10.6239
17576,41,13,2.494265,2.728463,1464,10.6058
17577,13,12,1.850821,1.734825,1454,10.5750
17578,12,13,1.351935,1.201691,1475,10.5850
17579,13,12,1.950137,1.615095,1433,10.5275
17580,12,13,1.187612,1.127747,1471,10.6216
17581,13,56,4.273999,4.524924,1459,10.5414
17582,56,42,5.590706,5.698496,1486,10.7881
17583,42,48,2.573729,3.027369,1438,10.6021
17584,48,22,2.302360,2.738060,1464,10.7924
17585,22,1,2.948117,3.323695,1461,10.6163
17586,1,53,2.533602,3.305977,1457,10.6377
17587,53,62,4.490583,4.608817,1450,10.6324
17588,62,58,1.988207,1.991031,1483,10.8273
17589,58,4,3.142182,3.342094,1478,10.7193
17590,4,49,2.101897,2.100223,1464,10.6256
17591,49,22,3.263661,2.958193,1456,10.6988
17592,22,26,3.915812,4.580016,1476,10.5827
17593,26,51,2.234978,2.429768,1472,10.5985
17594,51,1,2.476873,2.294849,1470,10.7511
17595,1,14,2.300142,2.224804,1467,10.6066
17596,14,57,3.269968,3.415407,1480,10.5998
17597,57,34,2.090443,2.264457,1427,10.6860
17598,34,16,2.742520,2.866642,1358,10.4553
17599,16,13,4.996794,5.149110,1457,10.7698
17600,13,12,1.630763,1.488381,1481,10.6826
17601,12,13,1.304200,1.134750,1354,10.3138
17602,13,12,1.638412,1.390630,1508,10.6720
17603,12,25,3.303494,3.695019,1426,10.6560
17604,25,8,3.859832,4.316645,1479,10.7502
17605,8,46,2.085625,1.919720,1291,10.0097
17606,46,0,7.243343,7.151834,1444,10.5563
17607,0,44,3.199911,2.938495,1438,10.7594
17608,44,28,3.684852,3.209637,1464,10.6584
17609,28,53,1.712138,2.595981,1443,10.6127
17610,53,63,1.976801,2.103247,1447,10.6425
17611,63,47,3.051441,3.374757,1456,10.7596
17612,47,23,2.091689,2.978136,1450,10.6697
17613,23,40,1.883492,2.291627,1471,10.7235
17614,40,62,4.091705,4.249157,1438,10.5836
17615,62,58,1.979874,1.948282,1500,10.7567
17616,58,4,3.108773,3.252606,1471,10.6180
17617,4,36,3.585564,3.202086,1437,10.6403
17618,36,4,2.462198,2.484434,1474,10.6741
17619,4,49,2.033323,2.067880,1469,10.7083
17620,49,40,2.463679,2.517061,1458,10.6475
17621,40,47,4.162801,3.901705,1462,10.5900
17622,47,23,2.727952,2.778524,1434,10.6149
17623,23,4,2.133412,2.631140,1465,10.6977
17624,4,31,5.143764,5.331376,1452,10.5871
17625,31,62,3.501835,3.693096,1471,10.6923
17626,62,58,1.830336,1.863927,1507,10.6100
17627,58,54,3.814564,3.769605,1431,10.5802
17628,54,35,2.237654,2.740667,1450,10.6327
17629,35,10,1.683037,1.815753,1450,10.6621
17630,10,12,4.706328,5.180821,1471,10.7640
17631,12,13,1.213366,1.165865,1447,10.6550
17632,13,23,3.603299,3.820454,1453,10.6527
17633,23,4,2.038254,2.519498,1471,10.7259
17634,4,36,3.476565,3.204780,1435,10.5693
17635,36,23,4.301825,4.752194,1455,10.6203
17636,23,40,2.009624,2.284460,1467,10.6179
17637,40,47,4.367372,3.739680,1461,10.5650
17638,47,23,2.739541,2.627892,1452,10.6092
17639,23,41,3.381951,3.430559,1454,10.6051
17640,41,5,3.102370,2.893285,1468,10.5771
17641,5,6,3.047392,3.050170,1454,10.6012
17642,6,5,2.967051,2.647150,1450,10.5924
17643,5,59,2.786355,2.459004,1457,10.5441
17644,59,54,3.778310,3.667688,1450,10.6092
17645,54,37,2.733854,2.708034,1458,10.5810
17646,37,31,2.269485,2.307241,1474,10.6780
17647,31,62,3.314232,3.635943,1465,10.6049
17648,62,58,1.846552,1.784719,1450,10.6628
17649,58,56,3.648541,3.901467,1413,10.4923
17650,56,24,5.581211,5.207999,1442,10.6304
17651,24,0,4.379711,3.847495,1443,10.6101
17652,0,26,2.299482,2.918881,1447,10.6511
17653,26,50,3.406419,3.244545,1444,10.6284
17654,50,3,4.823551,4.615211,1443,10.6230
17655,3,10,4.633794,4.569152,1239,9.8303
17656,10,25,2.174889,2.180975,1303,9.9541
17657,25,41,3.723549,4.430176,1426,10.6290
17658,41,5,3.122472,2.827293,1454,10.5580
17659,5,59,2.392799,2.392811,1439,10.6199
17660,59,8,2.835000,2.697132,1454,10.5963
17661,8,46,1.757384,1.874257,1458,10.6338
17662,46,0,7.134830,7.084946,1440,10.6376
17663,0,48,3.820579,3.507796,1475,10.8837
17664,48,24,3.191413,2.879842,856,7.4044
17665,24,48,2.804037,3.010427,792,7.4394
17666,48,24,3.032043,2.671813,1419,10.5545
17667,24,0,4.115426,3.797083,1246,9.5562
17668,0,26,2.728986,2.935385,1246,9.5700
17669,26,50,3.315777,3.129723,1459,10.6530
17670,50,23,3.712389,4.322559,1443,10.6179
17671,23,40,1.955494,2.268665,1453,10.6311
17672,40,47,3.903808,3.610707,1445,10.7031
17673,47,33,3.568224,3.104033,1460,10.6312
17674,33,13,4.943551,4.954436,1460,10.5710
17675,13,12,1.505158,1.392381,1426,10.6159
17676,12,13,1.397210,1.221630,1473,10.7626
17677,13,23,3.393120,3.765151,1461,10.5601
17678,23,41,3.139516,3.236007,1448,10.6344
17679,41,13,2.681683,2.793228,1488,10.6338
17680,13,23,3.532188,3.534480,1469,10.5990
17681,23,40,1.943397,2.192319,1453,10.6402
17682,40,48,3.579417,4.160027,1476,10.6664
17683,48,55,3.756024,4.079552,1375,10.5017
17684,55,20,3.536072,3.302869,1467,10.6334
17685,20,32,2.401208,3.262207,1397,10.4349
17686,32,44,4.728061,4.633944,1444,10.5708
17687,44,28,3.516697,2.996923,1291,10.2836
17688,28,53,1.727865,2.523115,1458,10.6581
17689,53,5,5.552479,6.051628,1472,10.6054
17690,5,59,2.423408,2.338980,1425,10.5036
17691,59,54,3.547269,3.595869,1483,10.6861
17692,54,35,2.249054,2.642701,1404,10.5178
17693,35,10,1.795482,1.833144,1453,10.5801
17694,10,25,1.863067,2.132693,1467,10.6487
17695,25,41,3.195448,4.282431,1436,10.6409
17696,41,50,4.916525,4.316650,1450,10.6042
17697,50,23,3.904340,4.216969,1456,10.6519
17698,23,40,1.816088,2.071273,1474,10.6289
17699,40,47,3.686732,3.503328,1492,10.6067
17700,47,23,2.126704,2.540631,1433,10.5452
17701,23,4,2.385312,2.723566,1452,10.5752
17702,4,49,2.320128,2.320930,1450,10.6201
17703,49,40,1.883654,2.360195,1448,10.6668
17704,40,47,3.280514,3.414217,1428,10.5544
17705,47,33,3.400203,2.952667,1476,10.6162
17706,33,42,3.617229,3.561960,1468,10.5853
17707,42,43,1.887168,2.339578,1442,10.7237
17708,43,37,4.992282,5.089572,1420,10.5284
17709,37,31,2.121399,2.163698,1452,10.7384
17710,31,62,3.035811,3.585046,1452,10.6044
17711,62,58,1.808456,1.797385,1430,10.6036
17712,58,4,2.903239,3.322785,1463,10.5597
17713,4,49,2.287470,2.246482,1476,10.6833
17714,49,40,2.249099,2.272525,1459,10.5640
17715,40,47,3.348552,3.356391,1470,10.6232
17716,47,23,2.450728,2.392317,1479,10.5591
17717,23,4,2.291697,2.638643,1431,10.6182
17718,4,49,2.183976,2.205147,1442,10.5868
17719,49,22,2.875131,3.072569,1443,10.5331
17720,22,1,2.581669,3.306914,1494,10.5923
17721,1,14,1.833756,2.126044,1405,10.5023
17722,14,1,2.137546,1.986045,1479,10.8952
17723,1,52,4.438502,4.258414,1469,10.5925
17724,52,54,3.578830,4.229424,879,7.9750
17725,54,37,2.693544,2.692418,1360,10.5266
17726,37,31,1.845601,2.075674,1447,10.5907
17727,31,62,3.030227,3.513395,1431,10.7613
17728,62,26,3.900166,3.883112,1461,10.6536
17729,26,51,2.406328,2.521642,1441,10.6712
17730,51,1,2.544940,2.314009,1456,10.6249
17731,1,14,1.806871,2.068397,1461,10.6219
17732,14,45,2.545735,2.787285,1474,10.6746
17733,45,0,5.960075,5.956974,1427,10.7132
17734,0,26,2.476977,2.776864,1440,10.6179
17735,26,51,2.300557,2.456449,1473,10.5631
17736,51,1,2.378688,2.233776,1471,10.6226
17737,1,53,3.259626,3.350904,1450,10.6201
17738,53,62,4.396708,4.779959,1450,10.6415
17739,62,58,1.817005,1.762051,1457,10.6598
17740,58,54,4.443683,3.954772,1460,10.5774
17741,54,63,2.070056,1.959045,1444,10.6291
17742,63,47,3.739966,3.811061,1451,10.6344
17743,47,24,3.428341,3.477511,1480,10.6643
17744,24,23,2.708211,2.849308,1461,10.6423
17745,23,40,1.872591,2.204298,1432,10.5659
17746,40,47,3.796153,3.330880,1483,10.5898
17747,47,24,3.047924,3.340051,1438,10.6758
17748,24,0,4.282982,3.790087,1458,10.5850
17749,0,26,2.407446,2.736491,1444,10.6039
17750,26,51,2.182078,2.389193,1456,10.5403
17751,51,1,2.220984,2.154363,1420,10.5428
17752,1,14,2.007264,2.100720,1440,10.5434
17753,14,45,2.535342,2.704788,1455,10.6572
17754,45,26,4.704973,4.445966,1406,10.4997
17755,26,51,2.142478,2.294696,1449,10.5704
17756,51,55,5.390492,5.361499,1456,10.6058
17757,55,41,5.819289,5.398001,1470,10.6978
17758,41,50,4.305221,4.071563,998,8.1567
17759,50,23,4.113639,3.980068,1455,10.6999
17760,23,4,2.285255,2.608316,1459,10.6366
17761,4,49,2.149031,2.170687,1467,10.5993
17762,49,22,2.781169,2.942651,1449,10.7375
17763,22,1,2.682703,3.380973,1440,10.6204
17764,1,14,1.887942,2.041973,1448,10.5987
17765,14,45,2.673066,2.627599,1435,10.5469
17766,45,26,4.941048,4.299451,1188,9.6660
17767,26,51,2.036432,2.233070,1462,10.6436
17768,51,1,1.945192,2.137794,1443,10.6114
17769,1,14,1.877600,1.995960,1430,10.4704
17770,14,45,2.395611,2.546494,1443,10.5942
17771,45,26,4.343695,4.159612,1461,10.5958
17772,26,51,1.946741,2.186791,1452,10.5735
17773,51,55,5.273037,5.304698,1454,10.5886
17774,55,20,3.820173,3.315279,1471,10.6766
17775,20,32,2.488737,3.180948,1454,10.6268
17776,32,54,4.499116,4.819692,1364,10.2971
17777,54,35,2.413592,2.604814,689,6.3898
17778,35,46,3.015997,3.168579,1044,8.8344
17779,46,0,6.812192,7.017037,1418,10.6198
17780,0,26,2.656040,2.942080,1432,10.6938
17781,26,51,1.898346,2.101136,1473,10.6631
17782,51,1,2.060377,2.146989,1445,10.5619
17783,1,53,3.459670,3.391716,1445,10.5568
17784,53,62,4.027571,4.594850,1455,10.6583
17785,62,58,1.898973,1.753999,1468,10.7128
17786,58,56,3.500321,3.846740,1448,10.6088
17787,56,24,5.776402,5.085083,1447,10.6640
17788,24,0,4.085940,3.548129,1457,10.6605
17789,0,44,3.260642,3.074537,1429,10.5706
17790,44,28,3.276245,2.880556,1445,10.5704
17791,28,53,1.407926,2.470819,1448,10.5979
17792,53,5,5.818113,6.024079,1447,10.6458
17793,5,6,3.341274,3.035856,1365,10.3969
17794,6,5,3.264447,2.670785,1442,10.5866
17795,5,59,2.342146,2.282948,1438,10.6138
17796,59,58,5.693959,5.417276,1444,10.5534
17797,58,4,2.691427,3.140220,1486,10.6921
17798,4,49,2.096104,2.113160,1451,10.8104
17799,49,40,2.171227,2.312080,1461,10.7859
17800,40,47,3.113240,3.273771,1455,10.5820
17801,47,23,2.207174,2.341690,1477,10.7524
17802,23,40,1.748925,2.252477,1473,10.6221
17803,40,62,4.878768,4.837630,1484,10.6385
17804,62,30,3.312084,3.285551,1435,10.6182
17805,30,37,3.566597,3.584956,1470,10.6707
17806,37,31,1.919326,1.970964,1440,10.6167
17807,31,41,3.388761,4.244201,1472,10.6740
17808,41,50,4.613308,3.971976,1438,10.5848
17809,50,57,3.954457,2.983994,1451,10.6332
17810,57,9,4.063489,3.828004,1458,10.6316
17811,9,7,3.029564,3.517664,418,4.7343
17812,7,62,6.542843,6.173901,297,4.2029
17813,62,30,3.174848,3.119381,1468,10.5841
17814,30,0,3.524394,3.356616,1462,10.5892
17815,0,26,2.591570,2.928581,1436,10.7076
17816,26,50,3.601744,3.573175,1454,10.6232
17817,50,57,4.012760,2.879905,1448,10.6291
17818,57,34,2.549205,2.230050,1457,10.6988
17819,34,16,2.678259,2.777969,1440,10.5992
17820,16,13,4.373859,5.115521,1380,10.5297
17821,13,12,1.539187,1.401305,1458,10.6211
17822,12,13,1.354653,1.224884,1456,10.7602
17823,13,23,3.685322,3.890725,1440,10.5712
17824,23,4,2.059691,2.605187,1441,10.6248
17825,4,36,3.616945,3.347038,1452,10.6141
17826,36,29,3.648907,3.166412,1462,10.6297
17827,29,38,2.471496,2.828908,1251,9.7468
17828,38,30,5.628936,5.082447,743,6.3703
17829,30,0,3.291012,3.197658,1428,10.6231
17830,0,26,2.399010,2.821200,1425,10.5819
17831,26,50,3.500909,3.468885,1462,10.6449
17832,50,57,3.254639,2.784135,1455,10.6164
17833,57,9,3.674008,3.762988,1458,10.7262
17834,9,7,2.919789,3.325861,1432,10.5743
17835,7,57,5.333499,4.720573,1444,10.8529
17836,57,9,3.870709,3.448760,1422,10.5576
17837,9,9,1.092621,0.423731,1442,10.5686
17838,9,7,2.850868,3.368195,1436,10.5734
17839,7,57,4.881493,4.634075,1463,10.5971
17840,57,9,3.285749,3.117038,1441,10.5824
17841,9,9,0.810400,0.366756,1455,10.6304
17842,9,9,0.666751,0.300449,1458,10.5943
17843,9,52,4.009369,4.576380,1462,10.6242
17844,52,54,3.901523,4.208563,1442,10.5879
17845,54,35,2.138112,2.449961,1467,10.7745
17846,35,10,1.828787,1.871706,1459,10.6953
17847,10,25,1.586128,2.073079,1452,10.6923
17848,25,41,3.775860,4.220463,1463,10.6661
17849,41,50,4.700082,3.991453,1408,10.5619
17850,50,23,4.377904,3.840744,1458,10.6188
17851,23,40,1.900563,2.220097,1460,10.6672
17852,40,62,4.727807,4.705206,1397,10.5015
17853,62,58,1.955238,1.993906,1447,10.6562
17854,58,4,2.642000,3.011774,1448,10.6484
17855,4,49,2.257028,2.242782,1456,10.6570
17856,49,22,2.654456,2.909503,1462,10.6638
17857,22,33,4.080132,4.005141,1429,10.6563
17858,33,17,5.303044,5.019291,1482,10.6453
17859,17,37,3.933895,3.629683,1450,10.7323
17860,37,31,2.048510,1.852378,1253,9.7904
17861,31,62,3.179041,3.792632,1460,10.6331
17862,62,58,1.974937,1.895749,1459,10.6311
17863,58,54,3.654719,3.864036,1456,10.6209
17864,54,63,2.044301,2.002449,1469,10.6285
17865,63,54,1.941034,2.039138,1453,10.7230
17866,54,37,2.663038,2.798900,1475,10.6751
17867,37,31,1.809808,1.796580,1466,10.6167
17868,31,41,3.846299,4.242246,1463,10.6008
17869,41,50,4.677266,3.925782,1473,10.6927
17870,50,23,3.559688,3.615707,1470,10.7367
17871,23,41,3.214511,3.280933,1472,10.6720
17872,41,5,3.345960,3.168298,1462,10.5737
17873,5,59,2.532267,2.221304,1480,10.6725
17874,59,54,4.148633,3.730205,1469,10.5949
17875,54,35,2.276163,2.516406,1465,10.6232
17876,35,53,5.211648,4.698671,1490,10.6651
17877,53,63,1.906630,2.360186,1455,10.6778
17878,63,54,1.713047,2.022518,1444,10.6041
17879,54,63,2.023174,1.890254,1457,10.6100
17880,63,47,4.001735,3.965523,1444,10.5349
17881,47,33,3.353518,2.953239,1468,10.5910
17882,33,13,5.650479,5.042213,1456,10.6563
17883,13,12,1.598379,1.393815,1397,10.6078
17884,12,13,1.342996,1.279087,1452,10.6720
17885,13,12,1.475234,1.317908,1415,10.5983
17886,12,13,1.402620,1.214995,1398,10.4877
17887,13,23,3.637974,3.952364,1455,10.8960
17888,23,40,1.821454,2.214457,1472,10.6867
17889,40,62,4.575160,4.525258,1442,10.5428
17890,62,30,3.369389,3.231258,1455,10.6605
17891,30,0,3.291457,3.108223,1476,10.6056
17892,0,44,3.152626,3.130248,1463,10.6400
17893,44,62,4.820206,4.439272,1453,10.6255
17894,62,30,3.167833,3.105122,1455,10.6446
17895,30,62,2.641110,2.875228,1447,10.6307
17896,62,30,2.847243,2.923122,1469,10.6045
17897,30,0,3.077592,3.020701,1460,10.5814
17898,0,26,2.584945,2.773472,1467,10.6073
17899,26,51,2.138922,2.312080,1445,10.5519
17900,51,1,2.206590,2.178382,1458,10.5323
17901,1,52,4.304852,3.917924,1456,10.5832
17902,52,21,2.405197,2.626295,1469,10.7051
17903,21,4,7.086243,6.740379,865,8.4097
17904,4,31,4.846174,5.059007,1436,10.7317
17905,31,41,3.729126,3.952202,1434,10.5779
17906,41,5,3.175325,3.024694,1389,10.5877
17907,5,6,3.033394,2.953975,1436,10.5591
17908,6,26,6.392742,5.877152,1137,8.8972
17909,26,51,1.751769,2.262644,1390,10.4458
17910,51,1,1.891276,2.094102,1516,10.6308
17911,1,52,3.940676,3.752126,1403,10.4968
17912,52,54,3.770072,4.306184,1417,10.5766
17913,54,37,2.938798,2.855393,1472,10.8237
17914,37,31,1.666750,1.817180,1462,10.6546
17915,31,41,3.644331,3.863839,1493,10.6724
17916,41,50,4.556773,3.903060,1472,10.6698
17917,50,57,3.828015,2.943981,1441,10.6129
17918,57,34,2.368918,2.176380,1467,10.6271
17919,34,53,3.768654,4.697066,1452,10.7611
17920,53,63,1.876897,2.270400,1404,10.4135
17921,63,47,3.811934,3.794373,1449,10.5746
17922,47,33,3.088671,2.811378,1449,10.5875
17923,33,17,5.111804,5.085556,1474,10.6384
17924,17,37,4.470492,3.660049,1362,10.2103
17925,37,31,1.563390,1.689129,1463,10.7469
17926,31,41,3.608255,3.786917,1443,10.7178
17927,41,50,4.084601,3.790345,1440,10.6691
17928,50,57,3.463833,2.888290,1462,10.6687
17929,57,34,2.283389,2.111584,1455,10.6183
17930,34,16,2.301485,2.902098,1462,10.6375
17931,16,13,4.546488,4.986079,728,6.3700
17932,13,56,4.406600,4.668822,1398,10.5569
17933,56,17,2.725286,2.504550,1450,10.6563
17934,17,37,4.096997,3.562297,1466,10.7189
17935,37,31,1.424260,1.597654,1477,10.5959
17936,31,62,3.490233,4.012984,1467,10.7666
17937,62,30,2.940585,2.831018,1471,10.6512
17938,30,62,2.433473,2.640896,1453,10.5699
17939,62,58,2.086431,2.049857,1462,10.5707
17940,58,54,3.817481,3.811160,1450,10.5920
17941,54,63,1.714928,1.832015,1452,10.7594
17942,63,47,3.550804,3.650785,1447,10.7130
17943,47,24,3.178249,3.440057,1454,10.6097
17944,24,0,3.698544,3.517460,1474,10.6612
17945,0,26,2.741812,2.766627,1472,10.5979
17946,26,50,3.506179,3.657476,1471,10.6390
17947,50,57,3.079591,2.768585,1449,10.6056
17948,57,34,2.120902,2.037698,1468,10.5727
17949,34,16,2.261094,2.892095,1451,10.6337
17950,16,13,4.309367,5.014980,1373,10.7221
17951,13,12,1.443671,1.332277,1451,10.7316
17952,12,13,1.335708,1.231358,1487,10.7190
17953,13,23,3.626015,3.956895,1435,10.8128
17954,23,4,2.304119,2.761405,1459,10.6045
17955,4,49,2.268712,2.234777,1412,10.5565
17956,49,22,2.522594,2.690402,1455,10.6106
17957,22,26,3.846355,4.571081,1444,10.5594
17958,26,51,1.838798,2.294268,1451,10.6505
17959,51,1,2.145013,2.081031,1458,10.6263
17960,1,14,2.252424,2.278155,1462,10.5731
17961,14,45,2.347884,2.401601,1427,10.5438
17962,45,26,4.801304,4.188805,1480,10.6880
17963,26,51,1.816583,2.223611,1465,10.6226
17964,51,1,1.926915,2.027226,1462,10.7419
17965,1,14,2.029983,2.200354,1459,10.6467
17966,14,57,3.312980,3.572866,1442,10.5887
17967,57,9,2.809065,3.226069,1453,10.6348
17968,9,9,1.113924,0.347554,1465,10.5955
17969,9,7,3.039270,3.519577,1434,10.5677
17970,7,57,5.085976,4.614613,1464,10.6143
17971,57,34,2.079734,2.008133,1454,10.6447
17972,34,16,2.029008,2.839079,1446,10.6181
17973,16,13,4.178659,4.991440,1457,10.5898
17974,13,12,1.406251,1.329071,1430,10.7063
17975,12,13,1.355952,1.208215,1228,10.1275
17976,13,12,1.265688,1.270001,1436,10.5257
17977,12,13,1.292915,1.158003,1434,10.5740
17978,13,23,3.963626,3.991915,1227,9.6046
17979,23,40,1.868474,2.213787,1473,10.7628
17980,40,47,3.911603,3.482237,1275,10.2790
17981,47,24,3.042192,3.268430,1473,10.6904
17982,24,23,2.786579,2.988765,1491,10.6478
17983,23,4,2.404404,2.770584,1453,10.6745
17984,4,49,2.209610,2.205772,1445,10.5256
17985,49,40,2.131061,2.300225,1452,10.5816
17986,40,62,4.403495,4.523651,1453,10.5991
17987,62,58,1.998964,2.010796,1464,10.8168
17988,58,54,3.602693,3.680488,1464,10.6182
17989,54,35,2.070800,2.677590,1289,9.8746
17990,35,53,4.508282,4.466784,1469,10.7185
17991,53,5,5.479514,5.728330,1438,10.5499
17992,5,28,5.570503,6.008938,1463,10.8608
17993,28,53,1.525411,2.485411,1451,10.7476
17994,53,62,4.561136,5.002418,1414,10.5902
17995,62,58,1.831763,1.909459,1463,10.7052
17996,58,4,3.260922,3.240095,1457,10.6617
17997,4,49,2.231139,2.164222,1456,10.6142
17998,49,22,2.494676,2.713100,1472,10.6066
17999,22,33,3.854676,4.007755,1446,10.5802
18000,33,17,5.232097,4.956004,1449,10.6473
18001,17,37,4.158456,3.440900,1276,9.9506
18002,37,40,6.918965,7.021351,1457,10.6498
18003,40,48,3.868941,4.215003,1462,10.6441
18004,48,55,3.733877,3.944804,1452,10.6675
18005,55,41,6.273950,5.719926,1442,10.5996
18006,41,50,4.095732,3.607606,1450,10.6406
18007,50,23,3.637554,3.613379,1452,10.6441
18008,23,4,2.255501,2.643262,1471,10.6282
18009,4,49,2.077238,2.131801,1467,10.5633
18010,49,40,2.127308,2.355292,1446,10.5791
18011,40,47,3.326309,3.425608,1464,10.5989
18012,47,24,2.984950,3.148542,1447,10.6404
18013,24,48,2.856686,3.235775,1450,10.7031
18014,48,55,3.134528,3.808676,1466,10.6620
18015,55,13,6.192245,5.703866,1458,10.5889
18016,13,12,1.399182,1.254731,1483,10.6358
18017,12,13,1.492800,1.220627,1452,10.6791
18018,13,23,3.554666,3.833940,1425,10.5300
18019,23,4,2.187231,2.589077,1470,10.5745
18020,4,49,1.939366,2.106355,1488,10.6088
18021,49,40,1.972190,2.280995,1432,10.5653
18022,40,62,4.164136,4.412638,1465,10.6121
18023,62,30,2.943437,2.895051,1434,10.5971
18024,30,62,2.489521,2.635048,1440,10.6005
18025,62,30,2.703137,2.720317,1439,10.5167
18026,30,62,2.281708,2.472047,1441,10.5933
18027,62,58,1.939362,1.923158,1461,10.5525
18028,58,4,3.227952,3.160910,1448,10.5957
18029,4,49,2.014810,2.082357,1458,10.5864
18030,49,40,2.052927,2.174776,1436,10.5737
18031,40,62,4.212257,4.265036,1447,10.6501
18032,62,30,2.623700,2.639528,1457,10.5560
18033,30,37,3.735470,3.617452,1469,10.5558
18034,37,31,1.741841,1.608338,1441,10.9374
18035,31,41,3.265357,3.891735,1459,10.5901
18036,41,5,3.356328,3.060142,1438,10.6236
18037,5,59,2.321379,2.218110,1495,10.5965
18038,59,54,4.042647,3.689684,1471,10.7734
18039,54,37,2.930471,3.008982,1436,10.6200
18040,37,31,1.565182,1.546483,1465,10.6202
18041,31,41,3.487016,3.809413,1455,10.6012
18042,41,5,3.180650,2.961416,1458,10.5657
18043,5,59,2.310494,2.167361,1431,10.5363
18044,59,8,3.136339,2.949006,1468,10.5526
18045,8,33,6.646085,5.883180,1457,10.6355
18046,33,17,4.890974,4.788924,1431,10.7268
18047,17,1,3.863211,4.172624,1443,10.5835
18048,1,14,2.046306,2.075055,1433,10.6656
18049,14,45,2.591090,2.432299,1461,10.6275
18050,45,26,4.377303,4.056241,1405,10.5563
18051,26,51,2.179339,2.212638,1408,10.5853
18052,51,1,2.019312,2.044835,1432,10.6164
18053,1,14,1.890193,2.027294,1240,9.6348
18054,14,45,2.430173,2.366042,1470,10.7164
18055,45,26,3.940087,3.936507,1236,9.7502
18056,26,51,1.913138,2.165850,1468,10.6375
18057,51,1,1.833197,1.997049,1305,10.1547
18058,1,53,3.758860,3.664432,1351,10.3621
18059,53,63,1.885222,2.260297,1322,10.1212
18060,63,32,4.360512,4.330380,1459,10.8328
18061,32,44,4.708781,4.430218,1436,10.5901
18062,44,47,6.095027,5.634576,1433,10.6744
18063,47,24,2.768335,2.977338,1412,10.5273
18064,24,23,2.472928,3.013700,1467,10.5729
18065,23,4,2.163313,2.606860,1435,10.6058
18066,4,36,3.912671,3.569260,1467,10.5866
18067,36,4,2.755181,2.802693,1461,10.6682
18068,4,49,1.955046,2.061977,1429,10.5211
18069,49,22,2.895507,2.900795,1466,10.7196
18070,22,1,3.213933,3.551595,1458,10.5630
18071,1,52,3.672393,3.729216,1426,10.6516
18072,52,21,2.703661,2.660382,1469,10.6527
18073,21,35,4.011175,4.156156,1454,10.6848
18074,35,10,1.946514,1.926953,1263,9.7205
18075,10,25,1.892796,2.000700,1435,10.6573
18076,25,60,3.885236,4.337673,1482,10.6794
18077,60,21,2.748224,2.982807,1475,10.7378
18078,21,4,7.596213,6.930916,1484,10.7203
18079,4,49,1.688134,1.971745,1436,10.5840
18080,49,40,2.305629,2.209991,1414,10.5615
18081,40,48,3.834579,4.209615,1462,10.7290
18082,48,22,2.649297,2.997476,1271,10.1379
18083,22,26,3.947366,4.819252,1463,10.7334
18084,26,51,1.739570,2.142472,1479,10.6707
18085,51,1,1.814339,1.976589,1466,10.6931
18086,1,14,1.938751,2.167178,1459,10.6219
18087,14,1,2.432854,1.975132,1479,10.6527
18088,1,53,3.623732,3.628611,1493,10.6245
18089,53,62,4.734402,4.974390,1505,10.6497
18090,62,58,2.029884,1.960234,1476,10.6915
18091,58,4,3.197424,3.217427,1458,10.6560
18092,4,49,1.810362,1.956316,1466,10.6190
18093,49,40,1.924082,2.100765,1443,10.6132
18094,40,47,3.944680,3.731763,1457,10.7251
18095,47,33,3.070496,2.717017,1476,10.7640
18096,33,13,5.624748,5.040670,1459,10.6652
18097,13,12,1.258426,1.268508,1454,10.6983
18098,12,13,1.415940,1.267390,1392,10.4246
18099,13,12,1.353705,1.217082,1393,10.5771
18100,12,13,1.391594,1.202449,1420,10.4377
18101,13,23,3.560127,3.694558,1414,10.5508
18102,23,4,2.160881,2.690953,1447,10.5848
18103,4,49,1.787551,1.950031,1458,10.6549
18104,49,40,1.773600,2.028049,1491,10.6341
18105,40,62,4.181668,4.366060,1459,10.5694
18106,62,30,2.739655,2.640429,1464,10.7014
18107,30,0,3.270045,3.164062,1451,10.6119
18108,0,44,3.496117,3.223472,1464,10.6449
18109,44,28,3.204046,2.886015,1322,10.3302
18110,28,55,3.422353,3.142223,1419,10.6734
18111,55,41,6.135619,5.854471,1440,10.6106
18112,41,50,4.021365,3.588470,1444,10.5983
18113,50,57,3.540149,2.837930,1442,10.6163
18114,57,9,2.682635,2.999804,1397,10.4402
18115,9,7,2.475445,3.253708,1391,10.5499
18116,7,57,5.173036,4.525100,1056,8.7042
18117,57,34,1.946592,1.944329,1375,10.3673
18118,34,16,2.486178,2.779298,1472,10.7012
18119,16,16,1.235681,0.521181,1503,10.8071
18120,16,13,5.355279,5.227312,1495,10.8774
18121,13,56,4.461348,4.889348,1286,10.0573
18122,56,24,5.466164,4.844539,1473,10.7404
18123,24,0,4.077262,3.491393,1448,10.6704
18124,0,48,3.363941,3.452006,1448,10.6301
18125,48,24,3.331081,2.830452,1461,10.6958
18126,24,48,2.997184,2.984376,1450,10.6243
18127,48,22,2.627090,3.001116,1448,10.5523
18128,22,1,3.218194,3.439090,1474,10.6174
18129,1,53,3.042252,3.460832,1444,10.6167
18130,53,5,4.935346,6.060770,1441,10.5028
18131,5,6,3.102069,2.988893,1372,10.4304
18132,6,5,2.952179,2.577399,1435,10.5925
18133,5,59,2.029676,2.083418,1466,10.6990
18134,59,8,2.864773,2.830137,1433,10.6048
18135,8,33,6.400011,5.737927,1454,10.7495
18136,33,42,3.784070,3.670739,669,5.7423
18137,42,48,2.650384,3.012512,1447,10.6586
18138,48,55,3.592497,3.921292,1436,10.6034
18139,55,13,6.538985,5.614656,1499,10.6024
18140,13,23,3.126207,3.318312,1460,10.7251
18141,23,40,1.911920,2.503954,1461,10.5843
18142,40,47,3.943005,3.675730,1467,10.5814
18143,47,24,2.870088,3.035454,1450,10.7176
18144,24,48,2.698282,2.886708,1460,10.5911
18145,48,22,2.440835,3.013682,1478,10.6677
18146,22,26,3.981339,4.605860,1452,10.7453
18147,26,50,4.064245,4.013429,1460,10.7239
18148,50,23,3.548879,3.786195,1500,10.6708
18149,23,40,1.879940,2.398161,1459,10.6265
18150,40,48,2.987768,4.064231,1471,10.6063
18151,48,22,2.478351,2.895653,1466,10.6928
18152,22,1,3.053341,3.329292,1436,10.5445
18153,1,14,2.149159,2.180498,1471,10.6339
18154,14,1,2.285629,1.942808,1463,10.6953
18155,1,53,3.360640,3.382728,1467,10.7910
18156,53,63,1.618109,2.588823,1463,10.6382
18157,63,47,3.721448,3.872366,1456,10.5943
18158,47,33,2.917310,2.671430,1456,10.6752
18159,33,42,3.724446,3.605398,1431,10.5754
18160,42,48,2.147966,2.870927,1440,10.5716
18161,48,22,2.178424,2.843770,1451,10.7376
18162,22,1,2.778957,3.270337,1446,10.5449
18163,1,14,2.121627,2.085388,1462,10.6889
18164,14,45,2.261676,2.525808,1481,10.7038
18165,45,0,6.231141,6.088368,1454,10.5643
18166,0,44,3.488944,3.134859,1445,10.7076
18167,44,62,5.161189,4.404618,1480,10.7073
18168,62,58,2.133378,2.031187,1452,10.6438
18169,58,54,4.072938,3.701458,1462,10.6406
18170,54,63,1.929998,1.986791,1426,10.5732
18171,63,32,3.893577,4.135062,1448,10.6427
18172,32,44,4.929314,4.379415,1276,9.9362
18173,44,47,5.516162,5.575892,1473,10.6164
18174,47,24,2.619996,2.922758,1424,10.5537
18175,24,23,2.728746,3.063051,1463,10.6646
18176,23,41,3.498178,3.409077,1471,10.5807
18177,41,13,3.581901,3.613983,1443,10.5366
18178,13,12,1.488309,1.325271,1480,10.8277
18179,12,13,1.605821,1.290489,1415,10.6836
18180,13,23,2.759231,3.312128,1490,10.7265
18181,23,4,2.478265,2.863532,1446,10.6164
18182,4,49,1.931824,2.142496,1475,10.5889
18183,49,40,1.773380,1.936663,1445,10.6877
18184,40,62,4.161203,4.401370,1471,10.5790
18185,62,30,2.683295,2.616626,1467,10.6721
18186,30,37,3.647303,3.500302,1457,10.5673
18187,37,31,1.478195,1.526996,1448,10.6390
18188,31,62,3.625936,4.253465,1460,10.6202
18189,62,58,2.056481,1.988463,1443,10.5888
18190,58,54,3.423022,3.608722,1439,10.5674
18191,54,35,2.546403,2.893895,1468,10.6042
18192,35,10,1.812554,1.873691,1442,10.5819
18193,10,12,4.987902,5.172597,1485,10.6551
18194,12,13,1.373288,1.234379,1465,10.9020
18195,13,12,1.478988,1.339282,1457,10.6807
18196,12,13,1.286036,1.171172,1458,10.6114
18197,13,23,2.865221,3.341906,1456,10.6079
18198,23,4,2.254294,2.805878,1455,10.7162
18199,4,49,2.072108,2.136333,1469,10.5578
18200,49,40,1.784345,1.879471,1465,10.5865
18201,40,62,4.154214,4.323728,1447,10.5691
18202,62,30,2.522597,2.567587,1455,10.8153
18203,30,0,3.279205,3.148150,1461,10.5716
18204,0,26,2.732848,2.894470,1462,10.6350
18205,26,51,1.995103,2.322530,1458,10.7029
18206,51,1,2.055137,2.040932,1434,10.5780
18207,1,53,3.357405,3.279980,1459,10.7131
18208,53,63,1.922186,2.650780,1454,10.5614
18209,63,54,1.899898,2.301289,1230,9.5655
18210,54,35,2.854105,2.794428,1443,10.7462
18211,35,10,1.657310,1.828373,1277,10.1630
18212,10,12,5.064435,5.086948,1444,10.8852
18213,12,13,1.202336,1.148125,1480,10.6993
18214,13,12,1.472868,1.384580,1482,10.6704
18215,12,13,1.263480,1.102124,1444,10.6611
18216,13,12,1.343824,1.306980,1469,10.5678
18217,12,13,1.196105,1.066483,1444,10.6117
18218,13,23,3.226314,3.390999,1456,10.5607
18219,23,4,2.200528,2.771272,1469,10.6171
18220,4,49,2.055038,2.117743,1422,10.6052
18221,49,40,1.600677,1.826386,1481,10.6514
18222,40,48,3.570961,4.211838,1468,10.6190
18223,48,22,2.575390,2.765815,1476,10.6412
18224,22,33,4.273384,4.179918,1450,10.6776
18225,33,17,5.117216,4.789068,1468,10.6817
18226,17,1,3.377553,3.883003,1474,10.6654
18227,1,14,1.920556,2.024044,1459,10.6725
18228,14,1,2.160456,1.853811,1425,10.6011
18229,1,53,3.155930,3.191337,1399,10.6349
18230,53,5,5.095341,6.277799,1460,10.7677
18231,5,6,3.113082,2.864007,1456,10.7000
18232,6,26,6.339379,5.792655,1422,10.6145
18233,26,51,2.078223,2.338484,1367,10.3090
18234,51,1,1.967458,1.996821,1463,10.6755
18235,1,53,2.973687,2.997052,1459,10.6360
18236,53,62,4.349526,5.047122,1459,10.6775
18237,62,58,2.035330,1.991697,1449,10.6629
18238,58,56,4.117816,4.312914,1463,10.6543
18239,56,24,5.192757,4.757775,1471,10.6681
18240,24,0,3.850255,3.481268,1474,10.6739
18241,0,26,2.722762,2.879706,1458,10.6741
18242,26,50,4.144765,3.962239,1455,10.6201
18243,50,23,3.516595,3.923918,1472,10.7411
18244,23,4,2.286539,2.649053,1456,10.7447
18245,4,36,3.942967,3.727372,1462,10.5551
18246,36,29,3.712419,2.993050,1479,10.6481
18247,29,38,2.496240,2.790786,1465,10.8472
18248,38,42,4.783604,4.632530,1447,10.9525
18249,42,49,4.604172,4.637027,1392,10.6477
18250,49,22,3.185533,3.005783,1455,10.5803
18251,22,1,2.323034,3.289207,1460,10.6057
18252,1,52,3.753638,4.024147,1468,10.6845
18253,52,54,3.833803,4.375711,1392,10.3868
18254,54,63,1.989242,1.977016,1404,10.5155
18255,63,54,2.039674,2.128995,1470,10.6748
18256,54,37,2.836315,3.049575,1190,9.6590
18257,37,31,1.584568,1.545908,1461,10.7239
18258,31,62,3.238107,4.183796,1458,10.6423
18259,62,58,2.001651,1.911793,1463,10.5736
18260,58,56,3.860794,4.207648,1453,10.6555
18261,56,17,3.066732,2.695626,1436,10.5925
18262,17,61,3.442347,3.252487,1480,10.6075
18263,61,59,5.253911,5.083353,1429,10.7206
18264,59,8,2.946274,2.620078,1458,10.5661
18265,8,46,1.918526,2.025003,1439,10.5694
18266,46,52,4.579638,4.412926,1393,10.5452
18267,52,21,2.688747,2.529329,1370,10.5538
18268,21,59,5.532496,5.224040,1466,10.6742
18269,59,8,2.595494,2.393697,1458,10.6911
18270,8,33,6.043645,5.701088,1484,10.7081
18271,33,13,5.748328,4.960403,681,6.3515
18272,13,12,1.443444,1.287325,1466,10.6907
18273,12,13,1.253617,1.136678,1447,10.5959
18274,13,23,2.810121,3.139038,1424,10.6047
18275,23,40,1.988542,2.701852,1451,10.6538
18276,40,62,3.924763,4.255093,1445,10.6897
18277,62,30,2.626471,2.632412,1443,10.5066
18278,30,62,2.485051,2.474645,1447,10.6233
18279,62,30,2.607073,2.447347,1457,10.6473
18280,30,62,2.155700,2.299571,1464,10.6760
18281,62,58,1.874366,1.894301,1482,10.6253
18282,58,54,3.990158,3.631174,1492,10.5462
18283,54,35,2.595299,2.843517,1447,10.6898
18284,35,10,1.828155,1.801347,1400,10.4650
18285,10,25,2.059269,2.139108,1466,10.7137
18286,25,41,3.679968,4.081498,1455,10.6118
18287,41,13,2.824651,3.266693,1448,10.6084
18288,13,23,2.463707,2.923272,1467,10.6423
18289,23,41,3.501501,3.520589,1443,10.6345
18290,41,5,3.454531,3.182267,1445,10.6386
18291,5,6,2.814322,2.775124,1461,10.6738
18292,6,51,7.297504,6.649555,1462,10.6491
18293,51,1,1.674152,1.983893,1049,9.5162
18294,1,52,4.166816,3.953285,1359,10.3913
18295,52,21,2.518874,2.509992,1423,10.5870
18296,21,59,5.670263,5.164315,1033,9.3072
18297,59,54,3.636591,3.544818,1475,10.6234
18298,54,35,2.452695,2.700629,1455,10.6920
18299,35,46,3.189843,3.279628,1449,10.6003
18300,46,52,4.907686,4.363442,1478,10.6196
18301,52,21,2.485351,2.307060,1476,10.6690
18302,21,4,7.191519,6.997443,1479,10.6482
18303,4,36,3.767307,3.444772,1441,10.6370
18304,36,29,3.765132,2.941633,1417,10.5616
18305,29,60,3.094502,3.253377,1471,10.6568
18306,60,45,5.235729,5.146391,1459,10.6283
18307,45,26,3.807338,3.900954,1454,10.7335
18308,26,51,2.287263,2.433527,1447,10.6397
18309,51,1,1.986628,1.930635,1419,10.4788
18310,1,52,4.282221,3.880292,1460,10.8056
18311,52,54,3.972026,4.346733,1447,10.6451
18312,54,37,2.966792,2.992724,1411,10.5379
18313,37,10,3.688632,3.835587,1453,10.6447
18314,10,25,2.074247,2.055137,1454,10.6372
18315,25,8,4.148869,4.559158,1478,10.6498
18316,8,46,1.885318,1.956594,1463,10.6458
18317,46,52,5.237720,4.433766,1420,10.5502
18318,52,21,2.467950,2.238123,1464,10.7166
18319,21,59,5.232890,5.227094,1474,10.6204
18320,59,8,2.641425,2.219531,1453,10.6193
18321,8,33,5.910984,5.511404,1460,10.7222
18322,33,17,4.920084,4.718119,1105,9.3713
18323,17,61,3.019981,3.185998,785,7.8827
18324,61,59,5.023488,5.106247,1464,10.7021
18325,59,58,5.417805,5.324497,1431,10.6272
18326,58,54,3.348960,3.411332,1460,10.6402
18327,54,63,1.913971,2.117426,1483,10.6366
18328,63,54,2.040647,2.057315,1450,10.5972
18329,54,37,2.699639,2.903675,1445,10.5499
18330,37,31,1.735271,1.612729,1459,10.5807
18331,31,62,3.467592,3.989589,1446,10.6352
18332,62,30,2.495489,2.342884,1470,10.6514
18333,30,0,3.270539,3.173158,1449,10.5836
18334,0,44,3.283515,3.258432,1447,10.5143
18335,44,28,3.125392,2.827333,1449,10.6175
18336,28,53,1.928148,2.526382,1452,10.6720
18337,53,63,2.770930,2.905035,1447,10.6505
18338,63,47,3.987087,3.845303,1466,10.6659
18339,47,33,2.795909,2.564467,1410,10.4835
18340,33,13,5.257626,4.841348,1464,10.6337
18341,13,12,1.399405,1.371494,1453,10.7646
18342,12,13,1.302232,1.169471,1447,10.6999
18343,13,12,1.357214,1.305674,1457,10.7492
18344,12,30,5.444808,5.625329,1452,10.7337
18345,30,0,2.975014,2.995492,1467,10.6931
18346,0,44,3.290118,3.228275,1459,10.6100
18347,44,62,4.583920,4.392003,1458,10.6016
18348,62,30,2.309875,2.257340,1482,10.7392
18349,30,0,2.775374,2.873834,1469,10.6533
18350,0,44,3.083654,3.192149,1454,10.5865
18351,44,28,2.895045,2.829742,1469,10.6223
18352,28,53,1.646824,2.494756,1424,10.5741
18353,53,63,2.302451,2.763488,1469,10.5886
18354,63,47,3.427364,3.696135,1458,10.7323
18355,47,23,2.992187,3.446662,1479,10.6720
18356,23,40,2.016352,2.722875,1479,10.7556
18357,40,62,4.102511,4.232545,1467,10.7218
18358,62,30,2.095422,2.183095,1438,10.5953
18359,30,62,2.068892,2.228342,1459,10.5934
18360,62,58,2.130825,2.103127,1427,10.5217
18361,58,56,3.893640,4.110622,1455,10.6042
18362,56,24,5.242569,4.619171,1461,10.6588
18363,24,0,3.445702,3.177178,1467,10.6269
18364,0,44,3.049091,3.084448,1455,10.5885
18365,44,62,4.339143,4.177223,1455,10.6393
18366,62,58,1.909640,2.006381,1463,10.6210
18367,58,56,3.891156,3.997576,1442,10.5733
18368,56,42,5.524174,5.614041,1444,10.8620
18369,42,43,2.330100,2.439153,1456,10.6439
18370,43,37,4.363309,4.658422,1475,10.6456
18371,37,31,1.701769,1.567149,1445,10.6820
18372,31,41,3.623708,4.120298,1446,10.8080
18373,41,50,4.092758,3.663945,1434,10.6232
18374,50,57,3.288355,2.783718,1487,10.6437
18375,57,34,1.946737,1.917671,632,6.4751
18376,34,16,2.272543,2.569637,1473,10.6322
18377,16,13,4.492948,5.313811,1435,10.5538
18378,13,23,2.584011,2.751761,1466,10.6619
18379,23,4,2.431121,2.958610,1465,10.7486
18380,4,36,3.560071,3.333887,1467,10.5630
18381,36,4,3.222735,2.896696,1469,10.7334
18382,4,49,2.275634,2.386781,1461,10.6135
18383,49,40,1.919874,1.889500,1474,10.5812
18384,40,62,4.492095,4.173163,1454,10.5692
18385,62,58,2.001011,1.948109,1473,10.6786
18386,58,4,3.495702,3.489762,1453,10.6416
18387,4,36,3.409206,3.201454,1458,10.8751
18388,36,29,3.381353,3.002169,1405,10.5426
18389,29,2,3.275941,4.004301,1452,10.6254
18390,2,15,3.429227,3.657452,1451,10.6793
18391,15,27,3.518479,3.676317,1419,10.6250
18392,27,19,3.360042,3.404344,1405,10.5544
18393,19,40,5.640279,5.366481,951,7.6932
18394,40,62,4.076997,3.987871,1461,10.5788
18395,62,58,1.828709,1.874196,1341,10.1204
18396,58,56,3.772764,3.968601,1466,10.6296
18397,56,24,4.818093,4.511690,1451,10.6316
18398,24,23,2.601873,3.014282,1448,10.5908
18399,23,40,2.179766,2.835166,1439,10.6974
18400,40,62,3.347048,3.849833,1451,10.5850
18401,62,58,1.733584,1.809810,1470,10.7026
18402,58,56,3.395251,3.839681,1449,10.5644
18403,56,17,3.063346,2.815968,1435,10.5625
18404,17,1,3.124688,4.030914,1454,10.7083
18405,1,14,2.222461,2.226259,1356,10.3434
18406,14,57,3.526583,3.643457,1461,10.6021
18407,57,9,2.729010,2.904191,1449,10.6465
18408,9,7,2.298744,3.114514,1460,10.6341
18409,7,62,7.370674,6.786877,1136,9.2903
18410,62,26,4.695905,4.483601,1472,10.5643
18411,26,50,3.887019,3.884499,1471,10.6406
18412,50,23,3.934431,3.955755,1443,10.5911
18413,23,4,2.357928,2.856076,1488,10.7651
18414,4,49,2.319875,2.468756,1460,10.6686
18415,49,55,4.379826,4.604632,1500,10.6915
18416,55,20,3.127027,3.225390,1455,10.6676
18417,20,31,5.251918,5.458807,1314,10.2680
18418,31,62,3.817988,4.485756,765,6.3581
18419,62,26,4.267943,4.338663,1463,10.6837
18420,26,50,3.740944,3.711744,1467,10.6600
18421,50,23,3.928135,3.895509,1459,10.6522
18422,23,40,1.989464,2.691049,1459,10.7198
18423,40,47,4.327465,4.097782,1454,10.6721
18424,47,24,3.019972,3.230510,1479,10.6537
18425,24,0,3.215529,3.064230,1457,10.6758
18426,0,44,3.443393,2.963391,1457,10.6544
18427,44,28,2.994624,2.805950,1465,10.6485
18428,28,54,3.597350,5.437297,1433,10.6138
18429,54,37,2.752512,2.921384,1457,10.7232
18430,37,40,7.548661,7.231411,1440,10.7519
18431,40,47,4.096354,3.777168,1459,10.7894
18432,47,23,3.045862,3.201886,1482,10.6124
18433,23,40,1.969837,2.679370,1466,10.6984
18434,40,62,3.736037,3.848144,1478,10.6026
18435,62,26,4.021729,4.247210,1455,10.6868
18436,26,50,3.563307,3.527300,1433,10.6211
18437,50,23,3.950933,3.816910,1439,10.5760
18438,23,40,1.759740,2.523591,1422,10.5531
18439,40,47,3.732697,3.693324,1443,10.6433
18440,47,23,2.865192,3.020791,1467,10.7268
18441,23,40,1.820116,2.423322,1442,10.5612
18442,40,47,3.718741,3.555351,1455,10.5616
18443,47,23,2.904478,2.842589,1467,10.6413
18444,23,4,2.459299,2.853389,1476,10.6630
18445,4,49,2.494306,2.568603,1436,10.5277
18446,49,40,1.792789,1.909371,1468,10.5762
18447,40,62,3.987541,3.837815,1447,10.5296
18448,62,58,1.884926,1.976246,1430,10.6465
18449,58,4,3.602798,3.471444,1441,10.6369
18450,4,36,3.498541,3.288671,1490,10.5972
18451,36,29,3.238013,2.875242,1489,10.5746
18452,29,2,3.049618,3.986883,1126,9.5308
18453,2,33,4.895897,4.727882,584,7.5310
18454,33,13,5.017634,4.662199,1458,10.6442
18455,13,23,2.810024,2.922578,1491,10.6820
18456,23,4,2.287726,2.719517,1469,10.6457
18457,4,49,2.404934,2.571733,1471,10.5739
18458,49,55,4.511591,4.489883,1446,10.6194
18459,55,20,3.270677,3.224211,1451,10.6473
18460,20,32,2.474114,3.103955,1335,10.4082
18461,32,44,4.759568,4.419490,1255,9.9696
18462,44,62,3.212164,4.253207,1471,10.6648
18463,62,58,1.850666,1.910161,1477,10.6156
18464,58,4,3.285948,3.285827,1440,10.6037
18465,4,49,2.391814,2.466583,1470,10.5603
18466,49,22,3.297859,3.159504,1459,10.6056
18467,22,1,2.631614,3.052193,1439,10.6041
18468,1,14,2.141355,2.127470,1477,10.6563
18469,14,45,2.244528,2.599264,821,6.4436
18470,45,0,5.664521,5.788341,1368,10.4610
18471,0,26,2.686981,2.784355,1456,10.6604
18472,26,51,2.243608,2.633994,1446,10.5658
18473,51,1,2.042857,2.120284,1452,10.5913
18474,1,14,1.879814,2.040881,1472,10.7148
18475,14,1,2.317414,1.806819,1455,10.6223
18476,1,14,1.898398,1.866666,1456,10.6504
18477,14,45,2.806433,2.737958,1461,10.6086
18478,45,0,5.629623,5.668381,1449,10.7888
18479,0,26,2.277370,2.614260,1438,10.5937
18480,26,51,2.279971,2.601292,1448,10.5878
18481,51,1,1.962203,2.071011,1458,10.5700
18482,1,52,4.005899,3.886753,1463,10.5934
18483,52,54,3.422495,4.126364,1448,10.6721
18484,54,35,2.569608,2.762810,1453,10.6735
18485,35,53,5.190305,4.810807,1375,10.5796
18486,53,63,1.663051,2.399582,1473,10.7660
18487,63,32,4.108075,4.102239,1450,10.6806
18488,32,54,4.683891,4.595719,1323,10.0971
18489,54,63,2.036058,1.916309,1360,10.3785
18490,63,47,4.185443,4.016038,1457,10.6746
18491,47,24,3.120952,3.197512,1313,10.0093
18492,24,0,3.487611,3.139227,1465,10.6249
18493,0,26,2.206749,2.552230,1464,10.7630
18494,26,51,2.204964,2.554260,1464,10.6837
18495,51,1,1.870125,2.009015,1456,10.8094
18496,1,14,1.881154,1.908908,1453,10.5968
18497,14,45,2.283525,2.616758,1458,10.5954
18498,45,26,4.178535,4.016089,1467,10.6384
18499,26,51,2.190000,2.451210,1469,10.5874
18500,51,1,1.843166,1.974735,1453,10.7502
18501,1,53,3.623119,3.490263,1454,10.6056
18502,53,63,1.567596,2.444146,1472,10.6951
18503,63,54,1.868147,2.175955,1457,10.6351
18504,54,63,1.591068,1.772125,1460,10.5419
18505,63,47,3.765865,3.943953,1419,10.5453
18506,47,33,3.035441,2.717292,1448,10.6951
18507,33,13,4.519224,4.594079,1461,10.6543
18508,13,56,4.365274,5.132851,1267,10.3562
18509,56,24,4.411890,4.392920,1175,9.5134
18510,24,48,3.092894,3.087218,1463,10.6734
18511,48,22,2.834139,2.856237,1462,10.6061
18512,22,1,2.710746,3.054001,1491,10.5360
18513,1,14,1.775902,1.938697,1457,10.7171
18514,14,45,2.382695,2.545505,1459,10.5887
18515,45,0,5.662513,5.701984,1451,10.6352
18516,0,44,2.898589,2.940461,1458,10.6212
18517,44,47,5.839754,5.676082,1469,10.5884
18518,47,23,2.935074,3.111582,1412,10.6097
18519,23,40,1.992754,2.612187,1414,10.4903
18520,40,47,4.165557,3.818886,1432,10.6288
18521,47,33,2.950421,2.552272,1484,10.7354
18522,33,13,4.668882,4.537208,1464,10.5686
18523,13,23,2.307575,2.635210,1476,10.6869
18524,23,4,2.251560,2.695613,1453,10.6651
18525,4,31,5.583719,5.705176,1463,10.6020
18526,31,62,4.164647,4.220438,1460,10.7593
18527,62,30,2.744768,2.670257,1480,10.6660
18528,30,37,3.484976,3.570374,1448,10.6235
18529,37,31,1.904834,1.675933,1470,10.7374
18530,31,41,3.324745,3.843837,1447,10.6813
18531,41,13,3.228771,3.464386,1461,10.5758
18532,13,23,2.546649,2.481585,1455,10.6501
18533,23,40,1.966007,2.633888,1451,10.6229
18534,40,62,3.775689,3.904488,1191,9.1878
18535,62,30,2.466774,2.595284,1484,10.6297
18536,30,37,3.358547,3.496073,1465,10.5979
18537,37,10,3.436358,3.966755,1464,10.6501
18538,10,12,4.596953,4.877085,1472,10.7127
18539,12,30,5.229243,5.044349,1472,10.6213
18540,30,62,2.224895,2.426364,1473,10.6338
18541,62,26,3.813027,3.991482,1460,10.6273
18542,26,51,2.117071,2.411151,1487,10.6241
18543,51,55,5.245978,5.191003,1440,10.6936
18544,55,13,5.700507,5.276821,1475,10.6680
18545,13,23,1.842029,2.290910,1466,10.6202
18546,23,40,1.979663,2.548533,1461,10.5995
18547,40,62,3.704386,3.737397,1481,10.6103
18548,62,58,1.924947,2.070502,1467,10.6999
18549,58,4,3.097973,3.189097,1463,10.6290
18550,4,31,5.401859,5.487276,1463,10.5948
18551,31,62,4.354627,4.024833,1380,10.5942
18552,62,26,3.613244,3.940987,1462,10.6125
18553,26,50,3.657672,3.666238,1466,10.6214
18554,50,57,3.368661,2.762788,1448,10.5926
18555,57,34,2.096965,1.960985,1440,10.5690
18556,34,16,2.057814,2.479300,1453,10.6206
18557,16,13,4.306327,5.179541,1467,10.6356
18558,13,56,4.404163,4.966155,1440,10.6263
18559,56,24,4.768129,4.225364,1451,10.7039
18560,24,23,2.324050,3.000040,1471,10.6757
18561,23,40,1.758180,2.453645,1464,10.6637
18562,40,62,3.557206,3.715165,1450,10.5843
18563,62,30,2.595993,2.607046,1435,10.6127
18564,30,62,2.162215,2.260834,1447,10.5405
18565,62,30,2.359473,2.438998,1487,10.5473
18566,30,37,3.272941,3.545637,1424,10.6286
18567,37,40,6.997745,6.939147,1483,10.7989
18568,40,47,3.740180,3.613677,1342,10.2292
18569,47,24,2.925669,3.248829,1453,10.6285
18570,24,48,2.845918,3.086633,1446,10.6354
18571,48,24,3.730014,2.847573,1353,10.3897
18572,24,0,3.427683,3.039710,1440,10.5926
18573,0,44,3.103591,2.883710,1461,10.5906
18574,44,62,4.553014,4.199713,1453,10.6483
18575,62,58,2.133654,2.153228,1461,10.6022
18576,58,4,3.431947,3.142895,1444,10.5650
18577,4,31,5.131440,5.181711,1441,10.6690
18578,31,41,3.180473,3.414423,1452,10.6958
18579,41,50,4.346857,3.903172,1445,10.5683
18580,50,23,4.419876,3.939932,1497,10.6595
18581,23,40,1.936770,2.448534,1451,10.6217
18582,40,47,3.764029,3.454431,1449,10.5763
18583,47,33,2.793909,2.453537,1462,10.5698
18584,33,17,5.275121,4.923064,1461,10.6492
18585,17,1,3.503368,3.891996,1433,10.5611
18586,1,14,1.821355,1.825155,1442,10.6063
18587,14,45,2.120114,2.457437,1471,10.7453
18588,45,26,4.011246,3.999538,1418,10.6172
18589,26,51,2.264648,2.416665,1457,10.5922
18590,51,1,2.012781,2.100263,1466,10.5954
18591,1,14,1.646503,1.779403,1463,10.6103
18592,14,57,3.642596,3.914882,1481,10.6917
18593,57,34,1.763770,1.927262,1443,10.6403
18594,34,27,3.710267,4.730315,1447,10.6093
18595,27,19,3.052734,3.360823,1314,10.2302
18596,19,40,5.836156,5.430012,1403,10.2473
18597,40,48,3.589119,3.986632,1472,10.6984
18598,48,22,2.523524,2.856418,1460,10.6618
18599,22,26,3.830501,4.330221,1445,10.6100
18600,26,50,3.315025,3.632155,1427,10.5455
18601,50,23,3.319241,3.889133,1469,10.6164
18602,23,40,1.888575,2.431960,1297,10.2694
18603,40,47,3.407200,3.285618,1425,10.5629
18604,47,23,2.821144,2.953287,1413,10.5568
18605,23,41,3.694705,3.647663,1462,10.5733
18606,41,5,3.502077,3.274023,1451,10.6823
18607,5,6,2.802643,2.712150,1469,10.6394
18608,6,51,7.064880,6.503321,1479,10.6159
18609,51,1,1.907713,2.084957,1453,10.6655
18610,1,14,1.662763,1.719534,1467,10.6993
18611,14,1,2.134755,1.773505,1458,10.7765
18612,1,14,1.582588,1.595016,1409,10.5545
18613,14,45,2.452259,2.729465,1175,9.5319
18614,45,49,8.216285,7.693935,1406,10.6888
18615,49,22,2.758071,2.893296,1437,10.6214
18616,22,1,1.937418,2.981099,1460,10.7020
18617,1,14,1.391532,1.558630,1459,10.6279
18618,14,57,3.548925,3.959293,1453,10.6174
18619,57,9,2.909201,3.008899,1453,10.6289
18620,9,7,2.511931,3.021712,1437,10.6708
18621,7,43,4.796596,5.022063,1437,10.6848
18622,43,37,4.301420,4.371558,1460,10.6927
18623,37,31,1.896124,1.820259,1373,10.5590
18624,31,41,3.214782,3.345224,1457,11.0062
18625,41,13,3.643940,3.670548,1412,10.5647
18626,13,12,1.871222,1.654777,1427,10.7417
18627,12,13,1.724297,1.528056,1469,10.5713
18628,13,12,1.729411,1.548699,1435,10.5499
18629,12,30,4.908412,5.002016,1444,10.6131
18630,30,37,3.583578,3.328751,1443,10.6534
18631,37,40,6.917839,6.734072,1464,10.7650
18632,40,47,3.316406,3.008500,1478,10.6792
18633,47,33,2.840177,2.358300,1454,10.8007
18634,33,42,4.110562,3.989461,1455,10.8718
18635,42,48,2.692415,3.067150,1450,10.6460
18636,48,24,3.315404,2.795608,1461,10.6385
18637,24,0,3.331587,2.888343,1445,10.6246
18638,0,26,2.160670,2.608175,1467,10.6188
18639,26,51,2.289370,2.561628,1464,10.7007
18640,51,1,1.800261,2.032386,1455,10.6447
18641,1,53,3.574929,3.635234,1453,10.6041
18642,53,62,5.772308,5.457034,1451,10.7298
18643,62,58,2.143825,2.105061,1455,10.5725
18644,58,54,3.455903,3.882931,1467,10.5938
18645,54,35,2.309679,2.740002,1473,10.7059
18646,35,53,4.841916,4.797690,1432,10.6974
18647,53,63,1.907672,2.366429,1452,10.6175
18648,63,47,4.168280,4.218922,1447,10.5934
18649,47,33,2.627965,2.241448,1442,10.6823
18650,33,13,4.674031,4.604139,1465,10.6566
18651,13,56,4.188341,4.818695,1411,10.6957
18652,56,42,5.276932,5.423955,1450,10.6948
18653,42,48,2.476884,3.007714,1474,10.6381
18654,48,22,2.488386,2.849471,1468,10.6093
18655,22,1,2.048808,2.910985,1439,10.6458
18656,1,52,3.573877,4.091542,1459,10.6422
18657,52,54,3.793432,4.040594,1466,10.7337
18658,54,35,2.280587,2.638548,1426,10.6179
18659,35,53,4.914424,4.679041,1444,10.8210
18660,53,62,5.085505,5.265393,1454,10.6429
18661,62,26,3.459225,3.669288,1444,10.6695
18662,26,50,3.483164,3.553952,1472,10.6597
18663,50,23,3.588594,3.819090,1447,10.6918
18664,23,41,3.329859,3.379502,1454,10.6593
18665,41,50,4.804145,3.944492,1469,10.6521
18666,50,57,3.497094,2.750780,1449,10.6956
18667,57,9,2.813295,2.886281,1435,10.6196
18668,9,9,1.329843,0.438748,1472,10.6667
18669,9,7,2.449669,3.102155,1470,10.5862
18670,7,57,4.577884,4.407218,1478,10.6318
18671,57,34,1.876235,2.028487,1467,10.6371
18672,34,16,2.365990,2.574053,1458,10.6637
18673,16,13,4.272958,5.076278,1469,10.7494
18674,13,12,1.668606,1.565340,1454,10.7366
18675,12,13,1.810231,1.530499,1420,10.5752
18676,13,23,2.344273,2.736321,1440,10.6081
18677,23,40,2.112015,2.595238,1468,10.5683
18678,40,47,3.277790,3.022951,1446,10.6838
18679,47,24,3.005177,3.315766,1475,10.6247
18680,24,48,2.590717,2.788873,1426,10.8272
18681,48,55,3.740762,4.006036,1469,10.6758
18682,55,41,6.216322,5.820213,1467,10.6438
18683,41,13,3.222430,3.527878,1453,10.6102
18684,13,12,1.528399,1.512436,1450,10.6227
18685,12,13,1.520656,1.402181,1449,10.6815
18686,13,12,1.528748,1.431206,1470,10.6564
18687,12,25,3.495990,3.707459,1453,10.5901
18688,25,41,3.588912,3.813276,1457,10.6259
18689,41,5,3.604824,3.231338,1476,10.6891
18690,5,59,2.940764,2.669894,1474,10.7933
18691,59,54,3.568276,3.581629,1449,10.6294
18692,54,35,2.182334,2.503126,1481,10.6689
18693,35,10,1.936775,2.037427,1467,10.7236
18694,10,25,1.814306,2.044968,1453,10.7080
18695,25,60,3.910024,4.188378,1459,10.6381
18696,60,37,5.457858,5.333799,1459,10.6617
18697,37,40,6.447951,6.448294,1467,10.7128
18698,40,62,3.310575,3.641166,1471,10.7641
18699,62,58,1.977373,2.057689,1500,10.6489
18700,58,56,3.247417,3.925163,1471,10.7595
18701,56,42,5.186450,5.309414,1459,10.6973
18702,42,49,4.860243,4.361895,1451,10.6785
18703,49,22,2.897254,2.705707,1469,10.7476
18704,22,1,1.822577,2.834543,1458,10.6444
18705,1,14,1.526746,1.798602,1430,10.7053
18706,14,45,2.363925,2.636439,1439,10.5841
18707,45,49,7.845394,7.247482,1180,9.5227
18708,49,40,2.311421,2.490705,1458,10.6989
18709,40,62,3.496987,3.500982,1466,10.8378
18710,62,58,1.965777,1.993254,1460,10.7134
18711,58,4,3.337854,3.238717,1459,10.6216
18712,4,49,3.025428,3.098887,1441,10.6398
18713,49,40,2.422882,2.362355,1453,10.6603
18714,40,47,3.124732,2.922531,1474,10.6314
18715,47,23,2.917900,2.984300,1443,10.6539
18716,23,4,2.680145,3.064426,1456,10.7016
18717,4,49,2.892449,3.035691,1473,10.6168
18718,49,40,2.137881,2.256928,1480,10.5610
18719,40,62,3.287655,3.443208,1454,10.5520
18720,62,58,1.875962,1.970211,1471,10.7657
18721,58,4,3.083169,3.053083,1489,10.7658
18722,4,49,2.789065,2.963390,1478,10.7117
18723,49,55,3.895188,4.185366,1458,10.6479
18724,55,20,3.135849,3.229437,1466,10.7873
18725,20,31,4.667309,5.413169,1303,10.3066
18726,31,41,3.178797,3.300759,1459,10.6261
18727,41,5,3.434870,3.135592,1451,10.6714
18728,5,6,2.941476,2.702194,1480,10.7055
18729,6,26,6.148084,5.592909,1473,10.6315
18730,26,51,2.327360,2.578037,1328,10.3333
18731,51,1,1.902567,2.013633,1366,10.6639
18732,1,53,3.965230,3.900795,1279,10.3911
18733,53,62,5.197110,5.199143,1493,10.7201
18734,62,58,1.882148,1.883189,1475,10.7396
18735,58,54,3.956439,4.156908,1463,10.5926
18736,54,37,2.967934,3.154420,1468,10.7401
18737,37,40,6.230362,6.408876,1466,10.6122
18738,40,47,3.047738,2.858750,1464,10.8034
18739,47,24,3.020119,3.267733,1477,10.6421
18740,24,48,2.840768,2.742544,1449,10.5924
18741,48,55,3.614833,3.820632,1464,10.6657
18742,55,20,3.422611,3.124626,1455,10.7078
18743,20,24,4.504819,3.901443,1460,10.6578
18744,24,23,2.899902,3.258275,1450,10.6412
18745,23,40,2.134506,2.750210,1456,10.6597
18746,40,62,3.252594,3.374850,1452,10.6829
18747,62,30,2.957831,2.853135,1459,10.6175
18748,30,0,3.439123,3.210699,1435,10.6389
18749,0,26,2.246582,2.494532,1465,10.6366
18750,26,51,2.085186,2.516872,1439,10.6242
18751,51,1,1.869936,1.972402,1446,10.5742
18752,1,52,3.880702,3.905565,1447,10.5930
18753,52,21,2.069882,2.415595,1402,10.4988
18754,21,35,4.243326,4.325237,1359,10.4232
18755,35,10,1.931463,1.912809,1209,9.9525
18756,10,12,4.153828,4.872658,1409,10.4245
18757,12,13,1.537686,1.403134,1375,10.5141
18758,13,23,2.610863,2.868300,1445,10.6046
18759,23,4,2.606636,3.065354,1482,10.6187
18760,4,49,2.887529,2.922375,1459,10.5904
18761,49,22,2.709938,2.844237,1452,10.7204
18762,22,26,3.780222,4.306476,1468,10.6218
18763,26,17,4.600707,4.549909,1469,10.6147
18764,17,61,3.120738,3.133435,1481,10.6116
18765,61,59,4.532604,4.856294,1468,10.6782
18766,59,54,3.462941,3.468316,1296,10.2130
18767,54,35,2.491625,2.529488,1345,10.2565
18768,35,53,4.328806,4.628752,1439,10.5324
18769,53,63,1.740142,2.263791,1452,10.6385
18770,63,47,4.036853,4.164040,1452,10.6560
18771,47,33,2.763066,2.269315,1463,10.6274
18772,33,13,4.778466,4.591322,1472,10.7166
18773,13,12,1.413433,1.464381,1433,10.6461
18774,12,13,1.571434,1.414620,1419,10.5229
18775,13,56,4.661967,5.020712,1459,10.7263
18776,56,42,5.088222,5.074952,1472,10.6697
18777,42,49,4.587583,4.155229,1433,10.6316
18778,49,22,2.415941,2.714061,1459,10.6140
18779,22,1,2.289958,2.899069,1493,10.5963
18780,1,14,1.741007,1.952085,1464,10.6674
18781,14,45,1.726369,2.475218,1479,10.7194
18782,45,26,4.400608,4.021021,1472,10.6401
18783,26,50,3.396744,3.645835,1472,10.6392
18784,50,23,3.894711,3.858041,1454,10.6206
18785,23,40,2.250398,2.730148,1440,10.6198
18786,40,48,3.417050,3.951554,1458,10.5325
18787,48,24,3.198346,2.635500,1457,10.7510
18788,24,23,2.811069,3.216203,1449,10.6110
18789,23,40,1.992614,2.611282,1459,10.6081
18790,40,62,3.190439,3.361851,1443,10.5648
18791,62,26,3.613721,3.984675,1460,10.6014
18792,26,51,2.164554,2.516889,1446,10.6998
18793,51,1,1.775969,2.010728,1446,10.5778
18794,1,53,4.158665,3.892454,1465,10.6086
18795,53,63,1.704508,2.297085,1474,10.7071
18796,63,54,2.070133,2.328653,1407,10.5597
18797,54,63,2.045848,2.021086,1438,10.6389
18798,63,47,3.988500,4.078920,1472,10.6576
18799,47,23,2.584116,3.019492,1465,10.8044
18800,23,4,2.713215,2.994071,1460,10.7713
18801,4,36,3.877912,3.690107,1455,10.5951
18802,36,4,3.104581,3.114245,1477,10.6955
18803,4,31,5.121370,5.146715,1460,10.6652
18804,31,62,3.717059,3.940474,1451,10.6470
18805,62,26,3.245652,3.822523,1449,10.6123
18806,26,51,2.041588,2.443539,1445,10.6068
18807,51,1,1.813078,1.965718,1448,10.5740
18808,1,53,3.680063,3.669077,1461,10.6251
18809,53,62,5.453617,5.228027,1446,10.6526
18810,62,58,2.012571,2.004614,1448,10.6060
18811,58,4,2.858860,2.937129,1461,10.6718
18812,4,36,3.684875,3.523665,1437,10.5622
18813,36,4,2.675535,2.893953,1429,10.5930
18814,4,36,3.586077,3.318908,1461,10.5786
18815,36,29,3.208656,2.795930,1456,10.6544
18816,29,38,2.380522,3.019579,1431,10.6978
18817,38,42,4.625381,4.606481,910,8.8435
18818,42,48,2.605746,3.053215,1446,10.6669
18819,48,24,2.968166,2.551157,1459,10.5778
18820,24,23,2.807856,3.026764,1461,10.7075
18821,23,4,2.362355,2.807267,1480,10.6194
18822,4,31,4.878261,5.158386,1459,10.6031
18823,31,62,3.966602,3.707604,1479,10.9183
18824,62,26,3.364988,3.674213,1469,10.5858
18825,26,50,3.245026,3.513941,1453,10.5841
18826,50,23,4.609611,3.874589,1468,10.6105
18827,23,40,2.062379,2.653473,1456,10.6243
18828,40,48,3.607505,3.858219,1455,10.7117
18829,48,24,2.754037,2.433897,1496,10.6382
18830,24,23,2.718121,2.997723,1454,10.5867
18831,23,41,3.490973,3.697237,1448,10.6445
18832,41,13,3.337203,3.444317,1476,10.8355
18833,13,56,4.328109,4.729863,1450,10.6552
18834,56,24,4.259946,4.293671,1460,10.6227
18835,24,0,3.337559,2.917432,1449,10.7136
18836,0,26,1.873732,2.347426,1467,10.5928
18837,26,50,3.070445,3.417897,1461,10.6670
18838,50,23,3.507746,3.841792,1474,10.7117
18839,23,4,2.320859,2.680601,1440,10.5894
18840,4,49,2.932083,2.997930,1451,10.5704
18841,49,40,2.412897,2.354312,1425,10.6050
18842,40,62,3.734000,3.606628,1451,10.6211
18843,62,58,2.098701,2.061212,1462,10.6526
18844,58,54,4.117448,3.868876,1455,10.6143
18845,54,63,1.869265,1.978941,1457,10.7490
18846,63,47,3.717836,3.854632,1467,10.7422
18847,47,24,2.982245,3.430736,1444,10.5956
18848,24,23,2.466008,2.946465,1469,10.7606
18849,23,41,3.538569,3.570646,1439,10.5743
18850,41,50,4.628558,3.949930,1463,10.6188
18851,50,57,3.495737,2.846309,1457,10.7252
18852,57,9,2.489037,2.684615,1159,9.7110
18853,9,9,1.299026,0.411751,1139,9.6805
18854,9,9,0.926896,0.332931,1455,10.7499
18855,9,7,2.720344,3.216968,1497,10.7321
18856,7,57,4.531151,4.285009,1272,10.2499
18857,57,34,2.173216,2.025976,1486,11.1838
18858,34,16,2.174357,2.469755,1458,10.5706
18859,16,13,4.562564,5.096724,1363,10.4455
18860,13,56,4.029543,4.600481,1459,10.6798
18861,56,17,3.116190,2.985307,1474,10.8982
18862,17,61,3.022805,3.043628,1458,10.6722
18863,61,43,2.183715,2.687996,1312,10.3262
18864,43,44,4.043107,4.053915,1472,10.6246
18865,44,62,4.304298,4.349687,1456,10.6742
18866,62,58,2.078903,1.990536,1457,10.7195
18867,58,54,3.841391,3.752462,1476,10.6825
18868,54,37,3.277567,3.094166,1307,9.9192
18869,37,10,3.517928,3.785509,1461,10.6523
18870,10,25,1.976945,2.045882,1471,10.6279
18871,25,8,3.936889,4.435002,1466,10.7072
18872,8,46,1.894971,1.975161,1489,10.6839
18873,46,52,4.358461,4.305603,1454,10.8172
18874,52,21,2.449566,2.219535,1469,10.6911
18875,21,35,4.021292,4.257428,1432,10.5794
18876,35,53,4.714891,4.739699,1446,10.5748
18877,53,63,1.862665,2.306615,1449,10.6567
18878,63,47,3.710903,3.643065,1447,10.5748
18879,47,33,2.429310,2.271335,1480,10.7320
18880,33,42,4.115672,4.219315,1435,10.6032
18881,42,48,2.652215,2.969518,1436,10.7463
18882,48,24,2.960067,2.387044,1395,10.4821
18883,24,48,2.571385,2.452226,1136,9.3857
18884,48,24,2.630977,2.207096,1080,9.0539
18885,24,48,2.180803,2.255116,1466,10.6145
18886,48,22,3.007110,3.246960,1401,10.4354
18887,22,33,4.454168,4.164486,1466,10.6589
18888,33,13,4.580745,4.604847,1473,10.7549
18889,13,23,2.652495,2.950287,1445,10.6382
18890,23,41,3.252693,3.345144,1457,10.7214
18891,41,13,3.510660,3.408717,1449,10.6701
18892,13,23,2.535035,2.777177,1442,10.6609
18893,23,40,2.307639,2.775116,1469,10.5961
18894,40,47,3.819757,3.520487,1451,10.5918
18895,47,24,2.926827,3.444487,1458,10.6718
18896,24,23,2.581487,2.918416,1454,10.5972
18897,23,4,2.500420,2.905255,1470,10.5464
18898,4,36,3.585414,3.327682,1476,10.6499
18899,36,4,2.743317,2.723478,1472,10.6202
18900,4,49,2.817773,2.904443,1445,10.5381
18901,49,22,2.661384,2.858803,1509,10.5992
18902,22,33,4.198131,4.005645,1458,10.6064
18903,33,17,5.300279,5.009211,1443,10.6434
18904,17,37,3.741513,3.530137,1498,10.6349
18905,37,40,6.912857,6.279334,1289,10.0910
18906,40,48,3.473576,3.744098,1468,10.5812
18907,48,22,2.554032,3.049874,1419,10.4987
18908,22,1,2.874273,2.976032,1451,10.6674
18909,1,53,3.050698,3.521497,1479,10.6902
18910,53,5,5.376459,6.323394,1454,10.6024
18911,5,6,2.906721,2.661124,1464,10.7196
18912,6,26,5.540943,5.444737,742,5.9910
18913,26,50,2.936221,3.283005,1493,10.7099
18914,50,23,3.294614,3.807122,1475,10.7317
18915,23,40,2.237015,2.839983,1463,10.6033
18916,40,47,3.601261,3.356393,1451,10.5907
18917,47,23,2.514663,3.092105,1451,10.6115
18918,23,4,2.347375,2.790020,1467,10.5885
18919,4,49,2.638788,2.839424,1455,10.5810
18920,49,55,3.735548,4.266011,1451,10.5871
18921,55,41,6.021640,5.758536,1453,10.6603
18922,41,50,4.189647,3.780877,1456,10.6356
18923,50,23,3.505216,3.596440,1438,10.6353
18924,23,40,2.236864,2.766552,1443,10.5674
18925,40,47,3.505254,3.259641,1427,10.5393
18926,47,24,2.884134,3.349654,1453,10.6143
18927,24,23,2.337756,2.865537,1461,10.5654
18928,23,4,2.255646,2.712049,1441,10.6198
18929,4,49,2.656311,2.778594,1451,10.5280
18930,49,40,2.485047,2.358867,1453,10.5540
18931,40,48,3.362715,3.749750,1466,10.5674
18932,48,22,2.682683,2.968052,1445,10.5736
18933,22,26,3.993535,4.293039,1445,10.6523
18934,26,51,2.434760,2.605873,1463,10.5848
18935,51,1,1.836705,2.054755,1439,10.7619
18936,1,14,2.046858,2.116514,1467,10.6181
18937,14,45,1.905439,2.360484,1456,10.6220
18938,45,26,4.619337,4.003047,1356,10.3348
18939,26,50,2.947410,3.229936,1466,10.5479
18940,50,57,3.460334,2.949996,1453,10.5784
18941,57,9,2.247377,2.506874,1474,10.7556
18942,9,7,2.098296,2.951319,1445,10.6372
18943,7,62,7.397128,7.066489,1417,10.4907
18944,62,30,3.103721,2.925493,1469,10.5865
18945,30,0,3.290753,3.174042,1448,10.6136
18946,0,26,2.237094,2.385008,1452,10.6364
18947,26,51,2.077696,2.575169,1428,10.5917
18948,51,1,1.887178,2.060576,1480,10.6008
18949,1,53,3.262951,3.352014,1465,10.5701
18950,53,63,1.495699,2.503802,1428,10.5905
18951,63,47,3.310919,3.691707,1449,10.6951
18952,47,23,2.441204,3.060927,1476,10.5890
18953,23,4,2.164462,2.599001,1430,10.6095
18954,4,49,2.393591,2.705509,1462,10.6782
18955,49,22,3.036064,2.877609,1486,10.5698
18956,22,1,2.572889,2.984180,1464,10.5982
18957,1,14,1.804043,2.129378,1433,10.5748
18958,14,1,2.730816,1.761228,1458,10.7062
18959,1,14,1.972469,1.945450,1462,10.6042
18960,14,45,2.237004,2.521741,1454,10.6346
18961,45,26,4.144605,3.813655,1439,10.6274
18962,26,50,2.704015,3.209814,1447,10.5796
18963,50,57,3.271329,2.877413,1462,10.5510
18964,57,34,2.160629,2.052220,1478,10.5735
18965,34,16,2.300364,2.392188,1453,10.5859
18966,16,41,6.822766,6.481788,1439,10.6277
18967,41,50,4.150301,3.611743,1319,10.2908
18968,50,3,5.557773,5.618637,1431,10.5582
18969,3,52,3.774099,3.574711,785,7.1313
18970,52,21,2.094289,2.092924,1461,10.5549
18971,21,4,7.101299,6.895710,1450,10.8503
18972,4,49,2.366871,2.571883,1003,8.9759
18973,49,40,2.394388,2.283110,1451,10.5627
18974,40,62,3.738434,3.897628,1465,10.7880
18975,62,58,2.176979,2.214266,1012,7.9847
18976,58,54,3.715379,3.415394,1404,10.5334
18977,54,35,2.446448,2.889350,1485,10.6390
18978,35,10,1.894067,1.929493,1452,10.6687
18979,10,12,4.612613,4.650975,1466,10.6205
18980,12,13,1.698473,1.479308,831,7.6395
18981,13,12,1.620653,1.626995,1449,10.6627
18982,12,13,1.667860,1.397401,1431,10.5517
18983,13,23,2.615529,3.083042,1459,10.5819
18984,23,4,2.222125,2.648103,1441,10.5862
18985,4,49,2.278624,2.515368,1458,10.6387
18986,49,55,4.095978,4.433550,1454,10.5598
18987,55,13,5.837044,5.341844,686,5.4786
18988,13,12,1.529549,1.588859,1471,10.7224
18989,12,13,1.736008,1.437434,1411,10.5405
18990,13,23,2.314147,2.943989,1459,10.5810
18991,23,40,2.258347,2.850184,1452,10.6053
18992,40,62,3.768341,3.786746,1458,10.6409
18993,62,26,3.488220,3.750464,1463,10.5929
18994,26,50,2.938715,3.091690,1448,10.7842
18995,50,57,3.039279,2.831610,1419,10.6561
18996,57,34,1.958853,2.011123,1458,10.6293
18997,34,27,4.052545,4.736552,1446,10.6054
18998,27,47,6.030073,5.397453,1444,10.6992
18999,47,24,2.690104,3.298363,1458,10.6467
19000,24,23,2.349333,2.759499,1473,10.6148
19001,23,40,2.054217,2.739376,1447,10.7194
19002,40,47,3.667929,3.494873,1442,10.6170
19003,47,33,2.698892,2.398504,1416,10.5760
19004,33,17,5.156968,4.905757,1451,10.5978
19005,17,61,2.981064,3.077486,787,6.2168
19006,61,30,4.031248,3.353950,1285,10.0752
19007,30,62,2.477898,2.920818,1478,10.6393
19008,62,58,2.316293,2.159304,1459,10.6806
19009,58,4,3.433742,3.135983,1465,10.6800
19010,4,31,5.137538,5.161873,1464,10.6245
19011,31,41,3.104378,3.209329,1461,10.6398
19012,41,50,4.271267,3.615743,1452,10.6027
19013,50,23,3.663107,3.664402,1445,10.5848
19014,23,41,3.508768,3.599807,1453,10.5755
19015,41,13,3.010251,3.290251,1442,10.5551
19016,13,12,1.513706,1.531288,1461,10.6683
19017,12,13,1.476760,1.331296,1486,10.7234
19018,13,12,1.554078,1.452954,1449,10.5840
19019,12,13,1.463444,1.262311,1477,10.5843
19020,13,12,1.400343,1.369037,1463,10.6005
19021,12,13,1.278232,1.203807,1464,10.6422
19022,13,23,2.874215,3.245367,1479,10.5770
19023,23,40,2.110602,2.699276,1466,10.6523
19024,40,62,3.557641,3.639642,1457,10.6077
19025,62,58,2.026234,2.130000,1462,10.6618
19026,58,4,2.810540,3.051300,1483,10.6331
19027,4,49,2.645381,2.559010,1453,10.5661
19028,49,40,2.365136,2.087079,1461,10.5795
19029,40,48,3.444013,3.884562,1444,10.5704
19030,48,24,2.840892,2.264456,1464,10.6174
19031,24,0,3.617082,3.088667,1462,10.6403
19032,0,26,1.892052,2.346244,1465,10.6378
19033,26,51,2.168304,2.668770,1474,10.7302
19034,51,1,2.001669,2.104926,1483,10.7261
19035,1,52,4.000217,3.938991,1457,10.6376
19036,52,54,3.711674,4.212634,1408,10.5331
19037,54,63,1.828694,2.056172,512,4.9768
19038,63,32,4.102271,4.274701,1148,9.5134
19039,32,54,4.668892,4.620661,1339,10.3049
19040,54,37,2.877068,3.077201,1396,10.7207
19041,37,40,6.280154,6.333662,1456,10.6589
19042,40,62,3.301676,3.388513,1481,10.7486
19043,62,26,3.513903,3.770535,1485,10.6620
19044,26,51,1.979853,2.582295,1454,10.6553
19045,51,1,1.951701,2.065465,1463,10.7078
19046,1,14,1.705204,1.958658,1398,10.5264
19047,14,45,1.829060,2.468553,1446,10.6180
19048,45,26,4.089823,3.708036,1450,10.6527
19049,26,51,2.154068,2.476205,1462,10.5968
19050,51,1,1.751393,2.033717,1463,10.7683
19051,1,14,1.771767,1.894806,1436,10.6616
19052,14,45,1.855049,2.478370,1476,10.5905
19053,45,0,5.581404,5.826417,1480,10.5887
19054,0,48,3.297890,3.470218,1458,10.6047
19055,48,55,3.678779,3.924106,1464,10.5888
19056,55,20,3.263986,3.120016,1455,10.6569
19057,20,24,3.709388,3.525089,1452,10.6118
19058,24,23,2.365034,2.963537,1455,10.5686
19059,23,40,2.183669,2.679543,1466,10.6238
19060,40,62,3.088563,3.250739,1411,10.6131
19061,62,26,3.234668,3.872067,1452,10.6950
19062,26,50,2.885681,3.194704,1461,10.6010
19063,50,23,3.628034,3.678638,1428,10.5763
19064,23,4,2.515807,2.866354,1468,10.6330
19065,4,31,4.784324,5.023600,1459,10.5973
19066,31,62,3.622761,3.510344,1450,10.7078
19067,62,58,2.136028,2.204529,1462,10.5493
19068,58,4,3.023244,2.934825,1437,10.5211
19069,4,31,4.712731,4.867711,1501,10.6178
19070,31,62,2.871444,3.271190,1469,10.6583
19071,62,58,2.121790,2.105536,1464,10.6375
19072,58,54,3.600399,3.659954,1461,10.6854
19073,54,35,2.046423,2.806570,1445,10.6703
19074,35,46,2.878962,3.063732,1460,10.6115
19075,46,0,7.230910,7.360524,1432,10.6967
19076,0,44,3.477043,3.080341,1456,10.5995
19077,44,47,6.455728,5.893278,1457,10.7606
19078,47,24,2.727325,3.247764,1467,10.7650
19079,24,23,2.486044,2.934277,1477,10.6397
19080,23,4,2.161531,2.714841,1444,10.5798
19081,4,49,2.710334,2.669507,1462,10.5536
19082,49,40,2.135498,2.110911,1443,10.5701
19083,40,47,3.688498,3.572214,1468,10.5677
19084,47,23,2.773314,3.046707,1449,10.6550
19085,23,4,2.150264,2.596385,1465,10.5622
19086,4,49,2.473757,2.609544,1478,10.6078
19087,49,40,2.046299,2.024646,1470,10.5996
19088,40,47,3.495185,3.484535,1468,10.6167
19089,47,23,2.903503,2.890690,1482,10.5973
19090,23,4,2.117610,2.475631,1449,10.7862
19091,4,49,2.343154,2.556381,1454,10.5158
19092,49,22,3.339635,3.237787,1473,10.5694
19093,22,33,4.328462,3.941450,1484,10.8417
19094,33,17,5.300513,4.652296,1445,10.5834
19095,17,1,3.585519,3.849117,1470,10.6510
19096,1,14,1.549766,1.759885,1413,10.7422
19097,14,45,1.667598,2.435028,1441,10.6509
19098,45,49,8.174434,7.463745,1384,10.3175
19099,49,40,1.972944,2.000885,1499,10.6468
19100,40,62,3.254941,3.297711,1456,10.5877
19101,62,30,3.392654,3.259518,1473,10.5912
19102,30,0,3.341670,3.201016,1464,10.6324
19103,0,26,2.173854,2.313266,1454,10.6073
19104,26,51,1.946036,2.509970,1445,10.6449
19105,51,55,4.973321,5.103392,1457,10.5763
19106,55,13,6.081180,5.450865,1454,10.6989
19107,13,12,1.267004,1.337429,641,6.0422
19108,12,25,3.122998,3.537906,1176,9.5196
19109,25,8,3.489282,4.223239,1388,10.5620
19110,8,46,1.822006,1.863459,1445,10.6744
19111,46,0,7.452258,7.309109,1301,10.1078
19112,0,48,3.097190,3.549051,1430,10.6317
19113,48,22,2.598729,2.980709,1491,10.7408
19114,22,33,4.292454,3.789817,1445,10.5975
19115,33,17,4.783081,4.443799,1451,10.6304
19116,17,37,3.704126,3.600395,1475,10.5807
19117,37,31,2.452844,2.249770,1417,10.6200
19118,31,62,2.878576,3.283537,1467,10.5938
19119,62,58,2.228566,2.195646,1442,10.6164
19120,58,56,4.302988,4.413651,1444,10.5487
19121,56,17,3.371204,3.104689,1458,10.6147
19122,17,61,3.179965,3.134999,1456,10.5993
19123,61,30,3.403879,3.286265,1478,10.7110
19124,30,0,3.308778,3.171594,1423,10.5285
19125,0,26,2.100421,2.368476,1464,10.5930
19126,26,17,4.727719,4.793566,1444,10.5466
19127,17,1,3.639136,3.779757,1468,10.5459
19128,1,14,1.456688,1.689433,1334,10.2156
19129,14,57,3.548216,3.817700,1459,10.6142
19130,57,34,1.884930,1.964881,1492,10.6749
19131,34,16,1.915807,2.389073,1462,10.7019
19132,16,13,4.883111,5.351723,1348,10.4153
19133,13,12,1.393156,1.281535,1436,10.6403
19134,12,30,5.446865,5.450484,1476,10.7367
19135,30,62,2.491649,2.812891,1443,10.7908
19136,62,30,3.243504,3.163437,1476,10.6261
19137,30,37,2.878065,3.197083,1461,10.6698
19138,37,31,2.328380,2.159367,1465,10.7474
19139,31,41,2.812035,3.203418,1487,10.6015
19140,41,50,3.955788,3.607285,1473,10.6780
19141,50,23,3.941349,3.580957,1456,10.6790
19142,23,40,2.061742,2.739681,1475,10.6733
19143,40,47,3.660489,3.382767,1462,10.6137
19144,47,24,2.918846,3.221623,1458,10.6695
19145,24,0,3.617459,3.278061,1466,10.6697
19146,0,44,3.504065,3.106407,1452,10.6123
19147,44,28,3.306704,2.809979,1431,10.6156
19148,28,55,3.266633,3.416628,967,8.4003
19149,55,13,5.725215,5.347107,1479,10.6376
19150,13,56,4.343831,4.593369,1404,10.5920
19151,56,17,3.160081,3.033453,1437,10.6147
19152,17,37,3.505055,3.436447,1437,10.5825
19153,37,31,1.982754,2.056640,1452,10.6533
19154,31,62,3.057226,3.316538,1461,10.5956
19155,62,58,2.234541,2.173017,1442,10.5767
19156,58,56,4.361454,4.344958,1442,10.6383
19157,56,17,3.071282,2.918820,1454,10.6616
19158,17,1,3.476970,3.878190,1475,10.5716
19159,1,53,3.677142,3.420834,1437,10.5932
19160,53,63,2.115079,2.527498,1198,9.5520
19161,63,32,3.582589,4.042101,1443,10.6318
19162,32,44,4.419348,4.039219,1294,10.1475
19163,44,47,6.211905,5.875559,1446,10.6072
19164,47,24,2.652487,3.021144,1469,10.6469
19165,24,23,2.582884,2.824647,1440,10.6029
19166,23,4,2.115644,2.532493,1455,10.6102
19167,4,49,2.570084,2.735804,1440,10.6053
19168,49,40,1.989594,1.949404,1447,10.6488
19169,40,62,3.040676,3.236794,1445,10.5194
19170,62,58,2.082328,2.138314,1464,10.6453
19171,58,54,3.977646,3.567100,1451,10.6969
19172,54,63,2.087164,2.085628,1442,10.7640
19173,63,47,3.804785,3.980547,1435,10.5080
19174,47,33,2.847288,2.480342,1465,10.5979
19175,33,13,4.786175,4.625868,1454,10.6004
19176,13,12,1.279649,1.358935,1441,10.5846
19177,12,13,1.863354,1.574304,1443,10.6415
19178,13,23,2.790024,3.191523,1317,10.2643
19179,23,4,2.039083,2.476332,1459,10.6541
19180,4,36,4.161927,4.064048,1451,10.5578
19181,36,4,3.111063,3.071167,1450,10.6359
19182,4,49,2.600934,2.649551,1478,10.5862
19183,49,22,3.337595,3.136444,1475,10.5747
19184,22,26,3.680047,4.524111,1427,10.6771
19185,26,17,4.361457,4.502894,1466,10.7283
19186,17,61,3.049251,3.058136,1488,10.7160
19187,61,43,2.208082,2.798411,1461,10.7099
19188,43,20,2.802770,2.912854,1522,10.7174
19189,20,31,5.388617,5.482711,1369,10.2051
19190,31,62,2.675888,3.243430,1465,10.7536
19191,62,30,3.425006,3.129936,1463,10.6058
19192,30,37,3.193204,3.138150,1449,10.6059
19193,37,10,3.755172,4.161959,1464,10.7222
19194,10,1,7.595205,7.279839,1437,10.7681
19195,1,14,1.613003,1.667825,1447,10.6583
19196,14,45,1.920818,2.441709,1403,10.6145
19197,45,26,3.456597,3.757910,1468,10.6151
19198,26,51,2.261735,2.535035,1459,10.5898
19199,51,1,2.081671,2.272367,1456,10.5680
19200,1,53,3.244282,3.119424,1450,10.5327
19201,53,63,1.838849,2.568792,1462,10.7713
19202,63,54,2.210710,2.464282,1465,10.6447
19203,54,35,2.732327,2.877493,1453,10.6466
19204,35,46,2.468732,2.887380,1442,10.5939
19205,46,0,7.150991,7.188902,1463,10.6579
19206,0,44,3.275560,3.030759,1041,8.5871
19207,44,47,5.950389,5.715963,1448,10.8231
19208,47,23,2.475803,2.935736,1468,10.6520
19209,23,4,2.004896,2.399264,1463,10.7207
19210,4,36,3.852142,3.900997,1476,10.7586
19211,36,29,3.481497,2.771415,1451,10.5715
19212,29,38,2.271775,2.950743,1452,10.6506
19213,38,19,2.880531,3.357411,1364,10.1513
19214,19,40,5.839645,5.654031,1431,11.0418
19215,40,47,3.719273,3.541599,1408,10.5035
19216,47,23,2.436395,2.775191,1415,10.5580
19217,23,41,3.740093,3.750229,1473,10.5917
19218,41,13,3.203401,3.419934,1414,10.5090
19219,13,12,1.210651,1.340886,1471,10.6068
19220,12,13,1.616072,1.439373,1431,10.6105
19221,13,12,1.401420,1.286818,1465,10.8393
19222,12,13,1.471716,1.352279,1445,10.5635
19223,13,12,1.212556,1.230537,1479,10.7370
19224,12,13,1.336182,1.281545,1467,10.7358
19225,13,23,2.816951,3.440637,1470,10.6385
19226,23,4,1.857700,2.377061,1471,10.7074
19227,4,36,3.770625,3.766677,1469,10.5886
19228,36,29,3.398087,2.740590,1444,10.8750
19229,29,38,2.526751,2.952530,1442,10.7381
19230,38,42,4.700582,4.608093,1223,9.8916
19231,42,43,2.657612,2.529024,1456,10.6543
19232,43,20,2.609172,2.819302,1447,10.5851
19233,20,24,3.480360,3.564977,1453,10.6837
19234,24,0,3.496325,3.264888,1457,10.7126
19235,0,44,3.299620,2.950038,1466,10.8857
19236,44,28,3.141021,2.800094,1368,10.2745
19237,28,53,1.856193,2.753782,1436,10.6785
19238,53,63,2.269273,2.475890,1456,10.6138
19239,63,54,2.066810,2.378366,1459,10.7066
19240,54,35,2.837526,2.746614,1456,10.6937
19241,35,53,5.081797,4.877788,1449,10.6786
19242,53,63,2.081083,2.229677,1466,10.7201
19243,63,47,3.729700,3.980587,1448,10.6043
19244,47,23,2.232954,2.826595,1471,10.6867
19245,23,4,1.861605,2.261937,1410,10.5905
19246,4,31,5.380389,5.629158,1428,10.5965
19247,31,62,2.747557,3.018156,1456,10.6483
19248,62,58,2.128419,2.163321,1435,10.5849
19249,58,4,2.790782,2.828081,1470,10.5992
19250,4,49,2.638515,2.808453,1435,10.6008
19251,49,55,4.225664,4.542896,1470,10.6142
19252,55,41,6.182904,5.684664,1465,10.6300
19253,41,5,3.831104,3.448150,1478,10.6498
19254,5,59,3.185246,2.702267,1453,10.5981
19255,59,54,3.776568,3.544556,1462,10.6506
19256,54,63,1.952499,2.036792,1484,10.6599
19257,63,47,3.777237,3.796273,1438,10.6139
19258,47,33,2.924812,2.454153,1458,10.6730
19259,33,17,4.712435,4.644417,1447,10.7649
19260,17,37,3.272207,3.349721,926,7.6055
19261,37,10,3.822800,4.117101,1468,10.6433
19262,10,12,4.721049,4.462520,1465,10.6373
19263,12,13,1.234723,1.207582,1145,9.2415
19264,13,12,1.321624,1.298752,1410,10.6475
19265,12,13,1.350488,1.163718,1452,10.7302
19266,13,56,4.512225,4.918843,1473,10.6248
19267,56,17,3.030569,2.934067,1429,10.5821
19268,17,1,3.580327,3.860136,1420,10.6251
19269,1,53,2.901471,3.151766,1468,10.5933
19270,53,62,5.668869,6.086139,1328,10.4488
19271,62,58,2.192747,2.051715,1444,10.6200
19272,58,54,3.344488,3.527927,1455,10.5914
19273,54,35,2.408805,2.715689,1471,10.6490
19274,35,10,1.977020,2.090903,1423,10.5682
19275,10,12,4.361942,4.390653,1461,10.7412
19276,12,13,1.122238,1.115724,1308,10.3724
19277,13,23,3.233030,3.556158,1479,10.6648
19278,23,40,2.663046,3.259919,1475,10.6472
19279,40,48,3.866831,4.003836,1430,10.5327
19280,48,55,3.287185,3.763518,1384,10.4182
19281,55,13,6.333279,5.417180,1397,10.4784
19282,13,23,2.963931,3.162760,1457,10.7078
19283,23,40,2.434010,3.122343,1446,10.5887
19284,40,48,3.596284,3.878232,1462,10.5968
19285,48,55,3.206618,3.665926,1468,10.6520
19286,55,41,6.220123,5.595125,1447,10.6869
19287,41,5,3.661062,3.310606,1459,10.6132
19288,5,59,2.876391,2.651176,1457,10.6098
19289,59,54,4.357136,3.465494,1214,9.3971
19290,54,37,3.039263,3.280762,1401,10.5232
19291,37,31,2.112380,2.161585,1450,10.6828
19292,31,62,2.515573,3.037901,1454,10.6127
19293,62,30,3.142314,3.024552,1415,10.4879
19294,30,0,3.346868,3.304722,1452,10.6236
19295,0,26,2.420511,2.643653,1454,10.6207
19296,26,50,3.534931,3.302761,1445,10.6147
19297,50,23,3.662462,3.812146,1469,10.5376
19298,23,40,2.257106,2.931796,1461,10.6494
19299,40,62,3.374483,3.492282,1446,10.5451
19300,62,26,3.918851,4.118281,1443,10.6015
19301,26,50,3.165424,3.145205,1469,10.6254
19302,50,23,3.403413,3.731790,1467,10.5952
19303,23,4,1.984507,2.409981,1455,10.6056
19304,4,31,4.952027,5.400680,1484,10.5799
19305,31,41,3.460236,3.400713,1468,10.6992
19306,41,5,3.570572,3.210747,1464,10.7035
19307,5,59,2.496318,2.596913,1463,10.7211
19308,59,54,4.081358,3.343148,1303,10.1751
19309,54,63,1.794269,2.143450,1432,10.6544
19310,63,47,3.408657,3.527691,1415,10.6067
19311,47,33,2.764179,2.375805,1450,10.5866
19312,33,13,4.692516,4.751823,1464,10.6375
19313,13,12,1.333171,1.458019,1466,10.7137
19314,12,13,1.567498,1.310420,1326,10.5103
19315,13,56,4.352932,4.631816,1459,10.8561
19316,56,24,4.754371,4.594546,1451,10.5840
19317,24,23,2.572486,2.962755,1459,10.6523
19318,23,4,1.819648,2.304546,1451,10.5791
19319,4,49,2.552126,2.832891,1449,10.5873
19320,49,40,2.286462,2.131880,1436,10.5889
19321,40,62,3.247484,3.410074,1460,10.5589
19322,62,58,1.997858,2.167403,1466,10.6361
19323,58,4,2.823545,2.855623,1439,10.6039
19324,4,49,2.526217,2.714924,1482,10.5689
19325,49,22,3.198829,3.172628,1479,10.5526
19326,22,1,2.568226,3.120260,1461,10.6375
19327,1,14,1.741636,1.809551,1456,10.6471
19328,14,45,2.110243,2.341080,1423,10.5795
19329,45,49,7.938793,7.140239,1449,10.6541
19330,49,22,3.206359,2.975701,1472,10.6254
19331,22,1,2.655533,3.060071,1440,10.6326
19332,1,14,1.672683,1.775432,1453,10.6295
19333,14,57,3.269072,3.606435,1486,10.6590
19334,57,34,1.727607,1.912615,1434,10.6961
19335,34,16,2.223390,2.317060,1483,10.8021
19336,16,13,4.494075,5.460446,1466,10.6748
19337,13,23,2.744511,3.163839,1446,10.7665
19338,23,4,1.723107,2.259482,1420,10.6090
19339,4,49,2.460512,2.772057,983,8.7243
19340,49,22,2.747766,2.893844,1441,10.5915
19341,22,1,3.017879,2.970903,1391,10.4594
19342,1,14,1.571511,1.732976,1451,10.7475
19343,14,45,2.042749,2.459325,1463,10.5780
19344,45,0,5.652634,6.052032,1464,10.5644
19345,0,26,2.247522,2.411711,1494,10.6837
19346,26,51,2.166461,2.709963,1431,10.5838
19347,51,1,2.063835,2.293684,1449,10.6763
19348,1,14,1.490246,1.699404,1467,10.6426
19349,14,45,1.893410,2.417254,1427,10.5549
19350,45,26,3.675139,3.818231,1466,10.5847
19351,26,50,2.735984,3.146792,1496,10.5837
19352,50,23,3.419537,3.780613,1462,10.6102
19353,23,4,1.721240,2.119028,1491,10.7112
19354,4,36,3.957514,4.057001,1415,10.5972
19355,36,29,3.295923,2.682033,1471,10.6870
19356,29,60,2.554290,3.403804,1302,9.8256
19357,60,21,3.031997,3.128722,1236,9.9483
19358,21,4,7.336986,6.813032,1463,10.5904
19359,4,49,2.429419,2.693845,1445,10.6862
19360,49,22,2.927160,2.826328,1454,10.7138
19361,22,33,4.033527,3.797703,1457,10.7201
19362,33,42,4.587108,4.268073,1453,10.6523
19363,42,43,2.273786,2.545204,1455,10.6763
19364,43,20,2.496419,2.715157,1432,10.6539
19365,20,24,3.603593,3.556642,1481,10.7099
19366,24,48,2.689156,2.693571,1457,10.5954
19367,48,24,2.917070,2.424524,1457,10.6058
19368,24,0,3.477308,3.108095,1467,10.5717
19369,0,26,2.293931,2.383254,1452,10.5868
19370,26,51,2.349054,2.714451,1452,10.6735
19371,51,8,6.799810,6.997346,1469,10.6780
19372,8,33,5.148368,5.099628,737,7.5156
19373,33,17,4.774665,4.586895,1460,10.6413
19374,17,37,3.670080,3.349315,1453,10.7126
19375,37,31,2.163656,2.115899,1429,10.6417
19376,31,62,2.671221,2.971388,1465,10.6043
19377,62,58,2.140944,2.148912,1490,10.6196
19378,58,56,4.289506,4.361829,1452,10.6997
19379,56,17,3.121901,2.932857,1450,10.6737
19380,17,1,3.335160,3.612959,1454,10.6345
19381,1,14,1.512132,1.659203,1474,10.6121
19382,14,1,2.222694,1.945396,1454,10.7988
19383,1,53,3.642531,3.486399,1458,10.6351
19384,53,62,5.621680,5.997234,1446,10.6577
19385,62,58,2.048584,2.011692,1430,10.5300
19386,58,4,3.124001,2.951816,1433,10.6730
19387,4,36,3.729268,3.762719,1449,10.7357
19388,36,4,2.725603,2.912460,1474,10.6138
19389,4,49,2.327224,2.553341,1453,10.5449
19390,49,22,2.860934,2.778203,1444,10.5608
19391,22,33,4.041285,3.713569,1469,10.6537
19392,33,17,4.705900,4.442239,1448,10.6040
19393,17,37,3.340198,3.317403,1475,10.6953
19394,37,31,2.073781,2.052621,1451,10.6617
19395,31,41,3.162826,3.427939,1447,10.7109
19396,41,5,3.487175,3.124069,1444,10.5671
19397,5,6,2.767480,2.749524,1431,10.6781
19398,6,5,3.033282,2.605632,1395,10.3949
19399,5,28,6.247197,6.533439,1472,10.6621
19400,28,55,3.930394,3.337372,1323,10.1229
19401,55,41,6.010317,5.575324,1444,10.5673
19402,41,50,4.050231,3.631974,1441,10.5735
19403,50,23,3.649475,3.593126,1473,10.6302
19404,23,40,2.454835,3.154601,1473,10.6621
19405,40,62,3.465583,3.563121,1461,10.6002
19406,62,58,1.947519,2.018101,1454,10.6585
19407,58,4,2.985759,2.873488,1481,10.6181
19408,4,49,2.205740,2.469631,1455,10.5802
19409,49,40,2.351696,2.293193,1458,10.5879
19410,40,62,3.450293,3.458131,1454,10.5596
19411,62,30,3.352010,3.229159,1459,10.5808
19412,30,62,2.613675,2.719392,1444,10.6460
19413,62,58,1.993554,1.990555,1472,10.5956
19414,58,54,3.774477,3.718898,1474,10.6091
19415,54,35,2.297826,2.655786,1461,10.5994
19416,35,46,2.913327,2.947308,1451,10.6227
19417,46,26,8.604912,8.550915,1468,10.5974
19418,26,50,2.952573,2.999066,1457,10.6332
19419,50,23,3.355319,3.527407,1436,10.6262
19420,23,40,2.283873,2.971709,1454,10.6663
19421,40,62,2.987182,3.317921,1469,10.5986
19422,62,58,1.829902,1.935396,1445,10.5957
19423,58,54,3.715341,3.596167,1460,10.5348
19424,54,63,2.015605,2.208571,1469,10.7014
19425,63,54,2.385213,2.400253,1474,10.6244
19426,54,63,2.157298,2.050437,1447,10.5879
19427,63,47,3.449440,3.370747,1461,10.5883
19428,47,33,2.652913,2.462384,1467,10.6645
19429,33,42,4.345830,4.202490,1438,10.8143
19430,42,43,2.246862,2.555410,1392,10.3827
19431,43,37,4.046379,4.161614,1468,10.6948
19432,37,10,4.208277,4.213548,1448,10.6469
19433,10,25,2.381216,2.220203,1469,10.6767
19434,25,8,3.559117,4.038246,830,6.6187
19435,8,46,1.635743,1.820058,1436,10.5435
19436,46,0,7.059529,7.056031,1453,10.7185
19437,0,44,3.331211,2.939821,1428,10.5802
19438,44,62,5.126350,4.503879,1459,10.6793
19439,62,58,1.784301,1.867365,1426,10.6339
19440,58,4,2.835223,2.903342,1462,10.7346
19441,4,36,3.513497,3.627696,1412,10.6113
19442,36,4,2.814477,2.888010,725,5.8239
19443,4,49,2.269215,2.463269,1457,10.5836
19444,49,40,2.199241,2.162982,1466,10.5978
19445,40,62,3.351775,3.351236,1460,10.5878
19446,62,58,1.759173,1.864580,1470,10.6112
19447,58,56,4.344266,4.479649,1458,10.6363
19448,56,17,3.139561,2.886783,1457,10.6728
19449,17,37,3.347408,3.224052,1432,10.5748
19450,37,10,4.051800,4.157800,1466,10.6011
19451,10,25,2.169705,2.163395,1450,10.6724
19452,25,8,3.398214,3.927084,1471,10.6821
19453,8,46,1.505499,1.749594,1470,10.6481
19454,46,26,8.604992,8.532107,1460,10.6120
19455,26,51,2.275921,2.530545,1442,10.5000
19456,51,55,4.472073,4.835919,1474,10.6800
19457,55,20,3.679471,3.313624,1488,10.6953
19458,20,32,2.740792,3.253639,941,8.4932
19459,32,54,4.307039,4.609212,1434,10.8268
19460,54,63,1.760301,1.938884,1466,10.8743
19461,63,54,2.151644,2.218504,1451,10.8325
19462,54,35,2.454455,2.747125,1437,10.5908
19463,35,46,2.479847,2.822423,1366,10.3995
19464,46,52,4.374516,4.303359,1470,10.6258
19465,52,54,4.283694,4.041066,1367,10.5216
19466,54,37,3.699544,3.684889,1466,10.6319
19467,37,10,4.163054,3.950020,1449,10.6772
19468,10,1,7.321478,7.079516,1453,10.5875
19469,1,53,3.191103,3.029135,1202,9.6261
19470,53,63,2.245348,2.747630,1459,10.6570
19471,63,54,1.789138,2.125421,1469,10.7179
19472,54,35,2.367450,2.684873,1450,10.5540
19473,35,10,2.195964,2.239702,1444,10.6102
19474,10,12,4.473190,4.404505,1444,10.6087
19475,12,13,1.305814,1.318888,1211,9.6642
19476,13,12,1.718095,1.508860,1226,9.9873
19477,12,13,1.454333,1.250161,1461,10.7431
19478,13,23,2.832449,3.438229,1117,9.4903
19479,23,4,1.841665,2.378275,1351,10.3556
19480,4,31,5.308269,5.436346,1466,10.6027
19481,31,62,2.796049,2.983999,1462,10.5900
19482,62,30,3.270890,3.226241,1453,10.5735
19483,30,62,2.614801,2.589047,1438,10.6023
19484,62,30,3.153110,3.031499,1462,10.7324
19485,30,62,2.356436,2.422292,1460,10.5509
19486,62,30,2.768033,2.837696,1475,10.5661
19487,30,62,2.081372,2.258967,1446,10.6174
19488,62,58,1.836562,1.914724,1467,10.5581
19489,58,4,3.126006,2.807686,1461,10.5700
19490,4,49,2.279184,2.489437,1457,10.6210
19491,49,40,2.188788,2.123488,1450,10.6521
19492,40,47,4.101435,4.168799,1484,10.5685
19493,47,33,2.765764,2.302595,1458,10.6137
19494,33,42,3.836850,4.107366,1462,10.7091
19495,42,43,2.065871,2.569420,1461,10.6771
19496,43,20,2.609899,2.739186,1483,10.6265
19497,20,24,3.695063,3.340196,1453,10.6089
19498,24,0,3.339148,3.035807,1464,10.6688
19499,0,26,2.812889,2.732863,1454,10.5958
19500,26,51,2.156138,2.464920,1460,10.6060
19501,51,1,2.018556,2.394019,1471,10.7159
19502,1,14,1.612968,1.696633,1467,10.6447
19503,14,45,2.048841,2.419527,1464,10.8142
19504,45,49,7.516484,6.957552,1467,10.6201
19505,49,40,2.031145,2.048271,1456,10.7369
19506,40,62,2.918881,3.217456,1461,10.5728
19507,62,58,1.681883,1.887021,1436,10.5869
19508,58,54,3.707044,3.758229,1463,10.7037
19509,54,35,2.097638,2.610550,1440,10.6618
19510,35,53,5.329298,5.040849,1459,10.6076
19511,53,63,2.165188,2.477872,1479,10.6727
19512,63,47,3.214030,3.345938,1459,10.6027
19513,47,33,2.387153,2.254855,1430,10.5767
19514,33,17,4.745988,4.598891,1444,10.6094
19515,17,61,3.104206,3.313449,1457,10.6100
19516,61,30,3.282840,3.366423,1466,10.6362
19517,30,62,1.859320,2.292531,1474,10.6904
19518,62,26,4.198929,4.445815,1456,10.6033
19519,26,51,2.126121,2.434210,1447,10.6093
19520,51,1,2.029592,2.340509,1466,10.6617
19521,1,14,1.529311,1.669254,1477,10.6240
19522,14,45,1.833666,2.383143,1461,10.5888
19523,45,0,5.587375,6.191121,1489,10.6531
19524,0,26,2.446880,2.522094,1456,10.6583
19525,26,51,2.015148,2.403891,1447,10.5558
19526,51,8,6.808764,7.081160,1441,10.5987
19527,8,33,5.231775,4.968719,844,8.6335
19528,33,17,4.601389,4.434879,1200,9.4720
19529,17,61,3.009673,3.293829,1478,10.7325
19530,61,43,2.378474,2.746830,1458,10.5845
19531,43,37,3.641944,4.058389,1479,10.7181
19532,37,31,2.207581,2.237755,1455,10.8138
19533,31,36,4.758268,4.671143,1460,10.6599
19534,36,23,3.903202,4.804722,1420,10.5750
19535,23,40,1.995034,2.768060,1463,10.6380
19536,40,62,2.655105,3.059570,1449,10.5916
19537,62,26,3.563493,4.247287,1454,10.5283
19538,26,50,2.953880,3.051628,1443,10.5553
19539,50,57,3.352611,2.943818,1451,10.5826
19540,57,34,2.014889,1.855305,1452,10.5867
19541,34,16,1.804132,2.195269,1438,10.6694
19542,16,13,3.859238,5.408746,1289,10.1191
19543,13,12,1.509085,1.479387,1456,10.7102
19544,12,13,1.431793,1.207793,1468,10.6093
19545,13,12,1.416730,1.419961,1453,10.5023
19546,12,13,1.455183,1.157142,1453,10.6363
19547,13,12,1.307485,1.338646,1427,10.5532
19548,12,13,1.311415,1.113460,1461,10.6338
19549,13,23,3.415907,3.609734,1437,10.5400
19550,23,4,2.040782,2.500687,1428,10.5823
19551,4,49,2.455719,2.646464,1447,10.6661
19552,49,40,1.907053,1.964528,1471,10.6475
19553,40,47,4.362897,4.271128,1447,10.6125
19554,47,23,3.922148,3.853356,1485,10.7264
19555,23,4,2.016015,2.365527,1449,10.5724
19556,4,49,2.287980,2.577777,1447,10.5773
19557,49,40,1.915725,1.893625,1425,10.5168
19558,40,47,4.249671,4.146813,1477,10.5405
19559,47,23,3.464260,3.630975,1452,10.6275
19560,23,40,2.024668,2.707665,1415,10.5387
19561,40,47,4.023174,4.000889,1482,10.5512
19562,47,23,3.196947,3.418126,1473,10.6165
19563,23,4,1.915789,2.293613,1466,10.6827
19564,4,49,2.248612,2.558244,1459,10.5590
19565,49,40,1.790875,1.791176,1420,10.4984
19566,40,47,3.870699,3.858036,1460,10.5784
19567,47,33,2.330219,2.156119,1450,10.5565
19568,33,42,4.113507,4.132188,1455,10.6041
19569,42,48,2.777599,3.175311,1445,10.6466
19570,48,22,2.868793,3.141139,1486,10.6203
19571,22,1,2.817840,3.065719,1437,10.6089
19572,1,53,2.964379,3.217459,1467,10.6666
19573,53,63,1.515541,2.457712,1477,10.6985
19574,63,47,3.380701,3.658138,1432,10.8399
19575,47,33,2.176438,2.080155,1468,10.6406
19576,33,13,5.391056,5.219469,1478,10.5644
19577,13,12,1.206759,1.316838,1397,10.5576
19578,12,13,1.279256,1.163717,1435,10.7974
19579,13,23,3.141640,3.510541,1506,10.7716
19580,23,40,1.840353,2.699739,1470,10.6356
19581,40,47,3.612375,3.833043,1482,10.6695
19582,47,33,2.079001,1.983185,1477,10.5849
19583,33,13,4.891960,5.171088,1476,10.5775
19584,13,23,3.177659,3.134355,1452,10.5420
19585,23,41,3.874569,3.876786,1461,10.6775
19586,41,50,4.081115,3.628067,1472,10.6129
19587,50,23,3.621102,3.770637,1450,10.6059
19588,23,4,2.102605,2.416925,1468,10.6050
19589,4,49,2.253176,2.553106,1431,10.5363
19590,49,40,1.811283,1.758993,1469,10.6153
19591,40,62,3.176466,3.294543,1430,10.5379
19592,62,58,2.113664,2.124359,1425,10.5944
19593,58,4,2.904544,2.879049,1451,10.5876
19594,4,36,3.881144,3.867433,1481,10.6179
19595,36,29,3.334709,2.813998,1480,10.5795
19596,29,2,3.010495,4.200192,762,7.9102
19597,2,33,5.445363,4.947940,501,5.8001
19598,33,42,4.472876,4.034514,1465,10.6146
19599,42,43,2.534242,2.703374,1444,10.7774
19600,43,20,2.696736,2.660022,1448,10.7037
19601,20,32,2.838368,3.138011,1472,10.7163
19602,32,44,4.099808,3.869980,1461,10.7320
19603,44,47,5.862788,5.756970,1468,10.6854
19604,47,24,3.788229,3.711304,1386,10.3841
19605,24,0,3.314539,2.965716,1457,10.6581
19606,0,48,3.368933,3.547904,1449,10.6116
19607,48,24,2.997970,2.453493,1420,10.5606
19608,24,23,2.867284,3.436130,1462,10.6411
19609,23,4,1.944187,2.335649,1440,10.5010
19610,4,49,2.326247,2.556894,1443,10.5426
19611,49,55,4.819832,5.088043,1447,10.5951
19612,55,41,5.926529,5.333095,1452,10.6451
19613,41,13,3.227117,3.557799,1451,10.5909
19614,13,12,1.287782,1.402026,1320,10.1860
19615,12,13,1.361006,1.200692,1430,10.5523
19616,13,23,2.277774,3.097717,1456,10.6585
19617,23,4,1.748219,2.283315,1455,10.5885
19618,4,31,5.367431,5.585307,1471,10.5923
19619,31,36,4.910685,4.394059,1449,10.6345
19620,36,29,3.373049,2.730087,1458,10.6610
19621,29,38,2.280556,3.114828,1287,10.0835
19622,38,42,5.056891,4.703989,1283,10.2369
19623,42,43,2.333088,2.604169,1451,10.6640
19624,43,20,2.194713,2.583247,1452,10.8653
19625,20,24,3.097554,3.368359,1463,10.5803
19626,24,0,3.466215,2.872752,1456,10.6532
19627,0,44,3.128464,2.976049,1452,10.6013
19628,44,62,4.786597,4.530236,1465,10.6466
19629,62,58,2.054148,2.053634,1084,8.4918
19630,58,54,3.289203,3.506920,1467,10.5773
19631,54,35,1.955680,2.549005,1455,10.7243
19632,35,10,2.114537,2.239860,1486,10.6829
19633,10,12,4.519789,4.371943,1443,10.6829
19634,12,13,1.203032,1.160330,1298,10.0970
19635,13,12,1.546997,1.436194,1250,9.8738
19636,12,13,1.317999,1.116304,1473,10.6350
19637,13,23,2.483562,3.125111,1468,10.7244
19638,23,4,1.616893,2.261691,1456,10.5893
19639,4,36,3.776601,3.853366,1445,10.6424
19640,36,4,2.464724,2.797226,1468,10.7515
19641,4,36,3.463185,3.607916,1476,10.6828
19642,36,23,4.155007,4.651371,1465,10.7218
19643,23,40,2.373367,3.095371,1451,10.6050
19644,40,47,4.096614,3.750456,1472,10.6224
19645,47,24,3.624612,3.651682,1451,10.6378
19646,24,48,2.599425,2.745931,1463,10.6279
19647,48,24,2.702161,2.299749,1472,10.6265
19648,24,0,3.022974,2.830655,1465,10.5847
19649,0,48,3.233530,3.296887,1463,10.6808
19650,48,24,2.473255,2.182763,1441,10.5638
19651,24,23,3.158352,3.493402,1488,10.6809
19652,23,4,1.688544,2.216919,1454,10.7181
19653,4,49,2.355096,2.702382,1461,10.5656
19654,49,40,2.074091,1.971920,1465,10.6892
19655,40,62,3.357889,3.419543,1439,10.5311
19656,62,58,2.093566,2.042749,1445,10.6187
19657,58,54,3.137416,3.362970,1465,10.6706
19658,54,37,3.688428,3.554322,1455,10.6742
19659,37,31,2.453647,2.196770,1473,10.6674
19660,31,41,3.282521,3.549504,1420,10.5608
19661,41,50,4.128586,3.595459,1456,10.5735
19662,50,57,3.038065,2.858430,1465,10.6876
19663,57,9,2.567390,2.830477,1440,10.7326
19664,9,52,3.601188,4.359033,1175,9.5750
19665,52,21,2.218700,2.006132,277,4.1863
19666,21,4,7.294831,6.633625,1287,9.8217
19667,4,31,5.394171,5.460027,1486,10.7077
19668,31,62,3.057758,2.879923,1414,10.6037
19669,62,58,1.971073,1.944437,1459,10.7386
19670,58,54,2.904828,3.264024,1460,10.6511
19671,54,35,2.105752,2.688175,1470,10.6269
19672,35,46,2.455245,2.928460,1465,10.6496
19673,46,0,6.874841,7.039893,1456,10.6532
19674,0,44,3.133404,2.943157,1448,10.6255
19675,44,62,4.856896,4.354298,1295,10.0151
19676,62,30,3.171641,2.935123,1442,10.6282
19677,30,37,3.044769,3.143255,1461,10.5949
19678,37,10,3.372068,3.820810,1456,10.6409
19679,10,25,2.394874,2.321198,1456,10.6335
19680,25,8,3.209593,3.793555,1460,10.7023
19681,8,46,1.468186,1.777986,1405,10.5413
19682,46,52,4.077511,4.065250,1446,10.6880
19683,52,54,4.454573,4.149698,1436,10.5588
19684,54,35,2.153204,2.542398,1447,10.6800
19685,35,10,2.009807,2.248449,1434,10.5439
19686,10,25,2.139976,2.246285,1426,10.5973
19687,25,8,2.871768,3.736313,1488,10.5780
19688,8,46,1.487836,1.746028,1469,10.6316
19689,46,26,8.427532,8.346597,1451,10.5935
19690,26,51,2.019340,2.453731,1053,9.2101
19691,51,1,2.140147,2.369371,1348,10.2075
19692,1,53,2.973385,3.060564,1447,10.6958
19693,53,63,1.981761,2.541748,1493,10.7891
19694,63,54,1.883449,2.306954,1455,10.6516
19695,54,37,3.180214,3.519808,1448,10.6297
19696,37,31,2.109940,2.189302,1478,10.6636
19697,31,41,3.135618,3.418567,1460,10.6213
19698,41,5,3.648839,3.206633,1445,10.7001
19699,5,28,5.928275,6.284541,1457,10.6378
19700,28,55,3.651313,3.211672,1467,10.7441
19701,55,20,3.553160,3.409229,1299,10.1099
19702,20,24,2.899534,3.154335,1182,9.6067
19703,24,23,3.392478,3.437736,1452,10.6916
19704,23,4,1.939147,2.348016,1430,10.6221
19705,4,49,2.346526,2.612248,1472,10.7048
19706,49,40,1.877363,1.918425,1460,10.6293
19707,40,47,3.932612,3.652432,1463,10.6363
19708,47,24,3.439693,3.615273,1455,10.6442
19709,24,23,2.726424,3.241980,1449,10.6300
19710,23,40,2.321256,3.105591,1481,10.6157
19711,40,47,3.442865,3.515986,1471,10.6140
19712,47,24,3.253951,3.520106,1472,10.6207
19713,24,23,2.845934,3.062445,1481,10.5673
19714,23,41,3.854335,3.929287,1460,10.5692
19715,41,5,3.502486,3.147339,1467,10.6984
19716,5,6,2.850695,2.634705,1458,10.6195
19717,6,5,3.072204,2.513100,1463,10.6966
19718,5,28,6.140460,6.291390,1452,10.6042
19719,28,53,2.231769,2.893313,1394,10.4991
19720,53,62,6.040587,6.142507,201,4.2664
19721,62,58,1.896801,1.960997,1457,10.6472
19722,58,54,3.260065,3.221816,1458,10.6942
19723,54,35,2.073544,2.582008,1476,10.5982
19724,35,53,5.347152,5.038946,1465,10.7934
19725,53,63,1.861930,2.325356,1286,10.0544
19726,63,47,3.998135,3.938948,1454,10.8242
19727,47,24,3.329821,3.425246,1460,10.6380
19728,24,23,2.600806,2.860823,1449,10.6119
19729,23,40,2.246321,3.112152,1456,10.5631
19730,40,62,3.472286,3.663454,1447,10.5720
19731,62,30,2.906733,2.872435,1460,10.6510
19732,30,0,3.728923,3.719014,1446,10.6233
19733,0,26,2.921494,2.769748,1466,10.6612
19734,26,51,1.990275,2.406913,1446,10.5963
19735,51,1,1.846158,2.297482,1466,10.6755
19736,1,14,1.769269,1.844461,1456,10.7512
19737,14,45,2.077435,2.340285,1389,10.6749
19738,45,0,5.745269,6.098595,1466,10.8637
19739,0,44,3.152003,2.843195,1448,10.5897
19740,44,47,6.076902,5.721031,1422,10.5321
19741,47,23,2.745576,3.185816,1459,10.8337
19742,23,4,2.239652,2.630948,1350,10.2700
19743,4,36,3.567917,3.494841,1441,10.6796
19744,36,23,4.541306,4.647743,1426,10.5521
19745,23,4,2.051512,2.374594,1449,10.6369
19746,4,49,2.378995,2.741201,1471,10.6562
19747,49,22,3.620536,3.405879,1452,10.5713
19748,22,1,2.761528,2.899099,1458,10.6277
19749,1,14,1.665584,1.775739,1455,10.6871
19750,14,45,1.967454,2.304787,1457,10.6996
19751,45,26,4.254953,4.242018,1435,10.5262
19752,26,51,2.059742,2.330730,1444,10.5915
19753,51,1,1.810959,2.329839,1450,10.6072
19754,1,53,3.307214,3.311688,1455,10.6354
19755,53,5,6.480781,7.030500,1448,10.5992
19756,5,59,2.833618,2.629588,1470,10.7048
19757,59,54,3.972751,3.612181,1152,9.7854
19758,54,35,2.086327,2.404575,1452,10.6961
19759,35,10,2.154626,2.283885,1413,10.5298
19760,10,12,4.594970,4.421303,1323,10.4683
19761,12,13,1.225537,1.130506,1250,10.1086
19762,13,12,1.652262,1.450369,1479,10.6036
19763,12,13,1.251082,1.086272,1448,10.6654
19764,13,12,1.376015,1.369435,1218,9.8511
19765,12,13,1.138343,1.054928,1459,10.5923
19766,13,12,1.280008,1.302237,1418,10.5377
19767,12,13,1.130287,1.032655,1358,10.4833
19768,13,12,1.224717,1.241203,1459,10.6277
19769,12,13,1.106848,1.011640,1442,10.6023
19770,13,12,1.156024,1.190248,1477,10.7060
19771,12,30,5.649852,5.982243,1427,10.6418
19772,30,0,3.772425,3.612979,1414,10.6483
19773,0,44,2.985963,2.762441,1455,10.8934
19774,44,28,3.606960,3.126807,1453,10.6406
19775,28,55,3.491395,3.077187,1328,10.3974
19776,55,13,6.021413,5.739563,1453,10.6783
19777,13,23,3.138158,3.469248,1430,10.6215
19778,23,40,2.285580,3.001388,1455,10.6638
19779,40,62,3.326480,3.532041,1458,10.6880
19780,62,26,3.711051,4.072674,1471,10.7449
19781,26,51,1.989738,2.299363,1466,10.5863
19782,51,1,1.789748,2.298971,1419,10.5102
19783,1,14,1.727467,1.831435,1464,10.5941
19784,14,1,1.896930,1.719640,1334,10.3996
19785,1,52,4.788559,4.621004,1452,10.6007
19786,52,21,1.867643,1.947870,877,7.8205
19787,21,59,4.706768,5.136615,1372,10.3564
19788,59,54,3.901224,3.507690,837,7.5398
19789,54,37,3.105557,3.336150,1339,10.3113
19790,37,31,2.314762,2.138365,1490,10.6587
19791,31,62,2.819763,3.110201,1461,10.7157
19792,62,30,2.936945,2.793183,1460,10.7213
19793,30,0,3.491513,3.546274,1452,10.5710
19794,0,44,2.547152,2.699076,1441,10.6759
19795,44,62,4.543584,4.261004,1454,10.6133
19796,62,30,2.642881,2.644469,1472,10.6781
19797,30,0,3.300251,3.445573,1473,10.6191
19798,0,26,2.615013,2.546509,1462,10.6276
19799,26,50,2.918086,3.141958,1442,10.6063
19800,50,23,4.448425,4.156449,1427,10.5814
19801,23,4,1.949343,2.279141,1462,10.6914
19802,4,36,3.396264,3.495891,1450,10.7931
19803,36,29,3.352124,2.921418,1473,10.7335
19804,29,38,2.482341,3.075843,1390,10.5078
19805,38,42,4.619801,4.600505,1279,10.1275
19806,42,43,2.420754,2.542199,1462,10.6314
19807,43,20,2.181024,2.558855,1369,10.3117
19808,20,32,2.638093,3.103387,1452,10.6188
19809,32,54,4.680516,4.876394,1468,10.9264
19810,54,37,2.805451,3.181572,1469,10.6799
19811,37,10,3.782781,3.622663,1475,10.7056
19812,10,12,4.537859,4.371950,1423,10.5748
19813,12,13,1.115278,1.162956,1473,10.6244
19814,13,12,1.228306,1.211801,1351,10.3946
19815,12,13,1.234533,1.125241,1466,10.6064
19816,13,23,2.925973,3.507095,1460,10.6907
19817,23,40,2.115520,2.916349,1455,10.6430
19818,40,47,3.829394,3.629295,1447,10.5585
19819,47,23,3.023476,3.164343,1445,10.5699
19820,23,4,1.946640,2.258321,1456,10.6529
19821,4,36,3.342667,3.398207,1468,10.6168
19822,36,4,2.654557,2.701123,1423,10.5490
19823,4,36,3.186625,3.165277,1440,10.5935
19824,36,4,2.291152,2.493439,1480,10.5689
19825,4,49,2.645725,2.848372,1478,10.5675
19826,49,22,3.634806,3.330276,1446,10.5863
19827,22,33,4.087862,3.808005,1463,10.7584
19828,33,42,4.171689,3.792138,1472,10.6912
19829,42,48,2.696904,3.298765,1457,10.6793
19830,48,24,2.711335,2.312233,1453,10.6053
19831,24,0,3.000130,3.096649,1452,10.6046
19832,0,26,2.262635,2.476417,1449,10.6787
19833,26,51,1.865225,2.366058,1448,10.5254
19834,51,1,1.703507,2.243299,1424,10.7259
19835,1,53,3.165857,3.229654,1454,10.5994
19836,53,62,6.090083,5.930849,1464,10.6186
19837,62,30,2.570558,2.573502,1434,10.7466
19838,30,37,3.173426,3.180536,1452,10.6684
19839,37,10,3.028120,3.571843,1449,10.6380
19840,10,1,7.385618,7.364518,1462,10.6306
19841,1,52,4.232137,4.159365,1466,10.6611
19842,52,54,4.218253,4.366030,1456,10.6267
19843,54,35,2.040698,2.263071,1445,10.5866
19844,35,53,5.389935,5.090402,1471,10.6052
19845,53,5,6.519693,6.708780,1463,10.5534
19846,5,59,2.978982,2.628855,1436,10.6970
19847,59,8,3.321569,3.005438,1473,10.7202
19848,8,59,2.962093,3.046800,1476,10.7522
19849,59,54,3.585982,3.473398,1447,10.7551
19850,54,63,2.471516,2.503314,1453,10.6365
19851,63,54,2.261072,2.343901,1491,10.6573
19852,54,37,2.887450,3.177253,1457,10.6376
19853,37,31,2.190967,2.149812,1466,10.6309
19854,31,62,2.560935,3.171652,1454,10.6705
19855,62,26,3.466331,3.697186,1443,10.5603
19856,26,51,1.887589,2.317068,1464,10.6248
19857,51,8,6.696522,7.189439,1440,10.6429
19858,8,33,4.813625,4.892143,1087,8.5842
19859,33,13,5.090444,4.866779,1459,10.8648
19860,13,12,1.298996,1.229014,1462,10.6842
19861,12,25,3.484783,3.689457,1429,10.4524
19862,25,8,2.944366,3.606980,1455,10.6235
19863,8,46,1.650501,1.847164,1459,10.6755
19864,46,0,6.996351,7.004743,1424,10.5518
19865,0,44,3.076705,2.762403,1434,10.5272
19866,44,28,3.389789,3.075638,1435,10.5664
19867,28,54,3.791089,5.212179,1471,10.7015
19868,54,63,2.353455,2.255171,1447,10.6297
19869,63,47,3.846889,3.782603,1452,10.6696
19870,47,23,2.766755,3.235014,1466,10.6947
19871,23,4,1.829054,2.120374,1490,10.6356
19872,4,49,2.306930,2.733416,1482,10.6344
19873,49,40,2.167168,2.075872,1464,10.6064
19874,40,62,3.642808,3.651698,1387,10.4998
19875,62,58,2.341452,2.328216,1472,10.5860
19876,58,54,3.240580,3.458081,1436,10.5968
19877,54,35,2.049059,2.334663,1447,10.5766
19878,35,46,2.522499,3.188097,1450,10.7212
19879,46,52,4.154985,4.088504,1437,10.6245
19880,52,21,2.153533,1.913048,1438,10.6483
19881,21,4,7.349327,6.656398,1429,10.4943
19882,4,49,2.277234,2.560661,1331,10.2211
19883,49,40,1.978981,1.955079,1208,9.4920
19884,40,62,3.490260,3.500615,1437,10.5523
19885,62,58,2.200184,2.240263,1457,10.6697
19886,58,54,3.102099,3.394491,1452,10.6463
19887,54,63,2.165959,2.272726,1466,10.7117
19888,63,54,1.871899,2.110912,1479,10.6715
19889,54,63,2.120467,2.129225,1452,10.5940
19890,63,54,1.993922,1.974656,1470,10.6237
19891,54,37,3.129478,3.211935,1465,10.6202
19892,37,40,7.077521,6.681197,1461,10.5672
19893,40,48,4.296936,4.379718,1454,10.5986
19894,48,22,3.280671,3.284164,1410,10.7639
19895,22,1,3.043034,3.064876,767,8.7485
19896,1,14,1.827398,1.879442,1420,10.6580
19897,14,57,3.473275,3.560453,1465,10.7538
19898,57,9,2.601826,2.710842,1446,10.5662
19899,9,52,3.290622,4.235469,1451,10.7241
19900,52,21,1.914580,1.820113,1447,10.6395
19901,21,4,6.805112,6.513571,1443,10.6610
19902,4,49,2.189084,2.473416,1390,10.3574
19903,49,40,2.059525,1.931543,1445,10.6663
19904,40,62,3.472214,3.205723,1460,10.7067
19905,62,58,1.972171,2.179659,1463,10.6606
19906,58,56,4.340441,4.317182,1447,10.6100
19907,56,24,5.147317,4.788501,1426,10.6249
19908,24,23,2.428926,2.806722,1309,10.4166
19909,23,4,1.963970,2.426118,1481,10.7109
19910,4,49,2.067468,2.428906,1471,10.6946
19911,49,22,3.418820,3.367547,1467,10.6458
19912,22,33,4.250191,3.761337,1437,10.5434
19913,33,13,4.706699,4.710949,1386,10.5710
19914,13,12,1.256424,1.183399,1454,10.6516
19915,12,13,1.421283,1.286541,1395,10.3946
19916,13,23,2.868245,3.309933,1465,10.6237
19917,23,41,3.805007,3.901490,1457,10.6026
19918,41,50,3.950117,3.597467,1463,10.6723
19919,50,3,5.402935,5.342273,1468,10.7394
19920,3,52,3.318801,3.464465,944,8.3670
19921,52,21,1.720859,1.732222,757,7.6218
19922,21,4,6.675460,6.441749,843,8.2382
19923,4,49,2.033455,2.328459,1454,10.6014
19924,49,40,1.996408,1.930919,1446,10.5915
19925,40,62,3.098414,3.142197,1467,10.5984
19926,62,58,1.976402,2.150040,1445,10.5525
19927,58,56,4.176650,4.173046,1466,10.6486
19928,56,24,4.991481,4.683144,1451,10.5588
19929,24,0,2.992986,2.901822,1467,10.6167
19930,0,44,2.805327,2.662159,1468,10.7152
19931,44,28,3.439695,2.959937,1479,10.8025
19932,28,53,2.301862,3.030187,1460,10.6948
19933,53,62,6.147364,5.823117,1468,10.7958
19934,62,58,2.041640,2.030686,1462,10.5874
19935,58,56,3.804838,4.035956,1467,10.7197
19936,56,24,4.504301,4.590034,1430,10.6231
19937,24,23,2.418807,2.711842,1447,10.6424
19938,23,4,2.041576,2.627596,1476,10.6239
19939,4,36,3.190516,3.244144,1456,10.5678
19940,36,4,3.062295,2.861121,1467,10.5971
19941,4,36,2.982207,3.030523,1482,10.6029
19942,36,23,3.935574,4.464212,1480,10.7934
19943,23,40,2.731509,3.253020,1458,10.6606
19944,40,62,2.987984,3.163235,1439,10.6039
19945,62,58,1.857629,1.983824,1448,10.5531
19946,58,4,3.649353,3.647686,1465,10.5927
19947,4,31,5.704895,5.827079,1440,10.5373
19948,31,62,3.611767,3.252566,1466,10.7071
19949,62,30,2.918739,2.905653,1453,10.5864
19950,30,0,3.365916,3.478503,1445,10.6577
19951,0,44,2.567015,2.583112,1465,10.6050
19952,44,47,5.373950,5.715379,1467,10.6501
19953,47,24,3.387859,3.531648,1460,10.7002
19954,24,0,2.858392,2.757290,1429,10.6387
19955,0,26,2.497297,2.595028,1479,10.5883
19956,26,51,1.995638,2.306251,1472,10.6512
19957,51,1,2.004988,2.427808,1465,10.6467
19958,1,53,3.076551,3.169613,1455,10.7658
19959,53,63,1.995208,2.636465,1459,10.6608
19960,63,54,1.580726,1.929547,1443,10.6783
19961,54,35,2.510254,2.488464,1450,10.7069
19962,35,46,2.631916,3.118635,1453,10.6064
19963,46,26,8.165361,8.105954,1463,10.7482
19964,26,50,2.953552,3.163004,1466,10.6772
19965,50,57,3.139150,2.826201,1395,10.5075
19966,57,12,7.809549,7.701910,1476,10.6743
19967,12,13,1.219978,1.166802,1409,10.5696
19968,13,12,1.385718,1.365232,1367,10.3865
19969,12,13,1.203209,1.123866,1078,8.7290
19970,13,12,1.246760,1.301340,1471,10.7352
19971,12,13,1.214594,1.095158,1422,10.5162
19972,13,23,3.012237,3.419875,1396,10.5443
19973,23,40,2.386140,3.148064,1478,10.7831
19974,40,48,4.167674,4.314943,1469,10.6432
19975,48,22,3.027790,3.127476,1458,10.6333
19976,22,26,4.588347,4.892285,1453,10.5733
19977,26,50,2.812628,3.012301,1458,10.7364
19978,50,57,3.202696,2.751975,1462,10.5901
19979,57,34,2.266497,2.047769,1461,10.6565
19980,34,16,1.828637,2.063986,1447,10.6824
19981,16,16,0.990769,0.323375,1473,10.6909
19982,16,41,6.605737,6.687844,1479,10.6433
19983,41,50,3.833109,3.409388,1095,8.7554
19984,50,23,4.887743,4.331499,1460,10.6857
19985,23,40,2.125600,2.954692,1468,10.8103
19986,40,62,3.034319,3.149948,1461,10.7245
19987,62,58,1.949523,2.010943,1449,10.6260
19988,58,54,3.111738,3.563377,1449,10.6321
19989,54,37,3.051973,3.117042,1387,10.6035
19990,37,31,2.325311,2.279304,1469,10.5784
19991,31,41,3.355022,3.676033,1464,10.7098
19992,41,13,3.117168,3.431529,1460,10.8982
19993,13,12,1.233795,1.296819,1475,10.6724
19994,12,13,1.161922,1.067622,1469,10.6287
19995,13,23,2.581229,3.366612,1464,10.7116
19996,23,41,3.628580,3.747499,1464,10.6035
19997,41,50,3.986464,3.353397,1460,10.8338
19998,50,3,5.448103,5.438117,1446,10.6771
