position,token,target,loss_nats,passthrough_nats,visits,mean_hops
0,43,23,4.215422,4.192529,1477,7.6216
1,23,37,4.249689,4.231799,1441,7.5910
2,37,28,4.274413,4.283826,1403,7.5912
3,28,53,4.201154,4.222736,1440,7.5866
4,53,21,4.281008,4.270722,1371,7.3307
5,21,53,4.270956,4.213927,1426,7.5643
6,53,21,4.239186,4.189911,1453,7.5714
7,21,53,4.192032,4.137223,1424,7.4755
8,53,21,4.182585,4.114541,1392,7.4927
9,21,54,4.129101,4.060852,1447,7.6021
10,54,43,4.210581,4.174332,1268,6.9529
11,43,23,4.170783,4.161896,1396,7.4240
12,23,0,4.086394,4.159396,1399,7.4401
13,0,62,4.256444,4.238037,1348,7.1843
14,62,46,4.107968,4.175296,1385,7.4298
15,46,63,4.300147,4.335778,1337,7.1462
16,63,8,4.229000,4.239938,1253,6.6776
17,8,4,4.170100,4.155069,1426,7.5178
18,4,23,4.243810,4.272335,1363,7.3249
19,23,37,4.232232,4.185689,1278,6.8958
20,37,47,4.043459,4.047249,1386,7.4579
21,47,35,4.036586,4.037156,1374,7.2689
22,35,43,4.101063,4.099665,1322,6.9778
23,43,23,4.116878,4.116348,1254,6.8318
24,23,0,4.015700,4.116152,1461,7.6043
25,0,43,4.187592,4.232387,1381,7.2499
26,43,23,4.095102,4.075052,1443,7.5552
27,23,0,3.951791,4.072747,1453,7.5885
28,0,57,4.138350,4.101455,1448,7.5475
29,57,2,4.172574,4.158995,1397,7.4673
30,2,9,4.208272,4.179183,1437,7.5592
31,9,13,4.246924,4.204748,1240,6.7870
32,13,31,4.182321,4.279388,1384,7.3439
33,31,30,4.295079,4.276933,1350,7.2420
34,30,31,4.267137,4.251860,1431,7.5564
35,31,30,4.270778,4.190882,1443,7.6010
36,30,31,4.187494,4.164899,1394,7.4821
37,31,30,4.192885,4.105823,1454,7.6156
38,30,31,4.119006,4.079871,1410,7.5163
39,31,42,4.128334,4.165159,1449,7.6216
40,42,40,4.238007,4.338957,1326,7.1264
41,40,23,4.292388,4.258486,1397,7.4324
42,23,62,4.239663,4.163503,1392,7.3705
43,62,46,4.073041,4.133641,1401,7.4503
44,46,62,4.185727,4.117283,1252,6.8593
45,62,46,4.055160,4.053234,1465,7.6204
46,46,63,4.331903,4.284085,1401,7.4210
47,63,63,3.212503,3.028844,1389,7.3576
48,63,8,4.214219,4.190860,1463,7.6182
49,8,27,4.197839,4.208078,1433,7.5139
50,27,16,4.276429,4.274629,1374,7.3672
51,16,40,4.212307,4.220533,1352,7.2989
52,40,24,4.292564,4.297776,1381,7.3330
53,24,62,4.260664,4.271359,1430,7.5090
54,62,46,3.984122,4.011637,1438,7.5652
55,46,63,4.241678,4.244298,1443,7.5588
56,63,63,3.173871,2.945670,1435,7.5819
57,63,8,4.103535,4.142953,1363,7.2312
58,8,27,4.138416,4.167769,1441,7.5500
59,27,16,4.263143,4.242419,1343,7.1617
60,16,4,4.311407,4.336754,1230,6.6999
61,4,40,4.329999,4.254562,1343,7.1873
62,40,23,4.233224,4.210347,1333,7.0751
63,23,37,4.148876,4.151412,1435,7.5510
64,37,62,4.195007,4.133987,1432,7.4935
65,62,21,4.287785,4.197509,1448,7.5778
66,21,53,4.022918,4.067400,1402,7.4300
67,53,21,4.084549,4.051347,1437,7.5167
68,21,55,4.085619,4.078250,1444,7.5576
69,55,30,3.919879,3.949541,1371,7.3635
70,30,10,4.102379,4.111406,1409,7.4889
71,10,37,4.178365,4.247929,1473,7.5982
72,37,28,4.215859,4.244830,1458,7.5881
73,28,10,4.180483,4.220829,1339,7.1467
74,10,37,4.117759,4.215657,1364,7.1884
75,37,47,4.077951,4.007371,1459,7.5859
76,47,63,4.147301,4.156974,1398,7.4551
77,63,8,4.071462,4.077648,1434,7.5818
78,8,4,4.175735,4.137678,1427,7.4962
79,4,23,4.186204,4.232874,1456,7.5897
80,23,62,4.219348,4.121197,1409,7.5382
81,62,21,4.290448,4.158715,1377,7.3142
82,21,53,3.963763,4.007312,1434,7.5217
83,53,45,4.219850,4.071533,1451,7.5773
84,45,54,4.163740,4.172530,1421,7.5320
85,54,30,4.081306,3.995249,1440,7.5972
86,30,10,4.066059,4.083625,1421,7.4876
87,10,61,4.122137,4.092690,1349,7.0526
88,61,33,4.165885,4.126590,1428,7.5432
89,33,47,4.175085,4.157810,1382,7.3892
90,47,35,3.970421,4.003258,1436,7.5350
91,35,43,4.011212,4.061597,1355,7.3106
92,43,57,4.242484,4.195998,1397,7.3723
93,57,22,4.353423,4.370246,1378,7.3475
94,22,38,4.235312,4.174537,1367,7.3365
95,38,0,4.287781,4.213184,1277,7.0768
96,0,57,4.138997,4.060560,1101,6.1898
97,57,22,4.320072,4.327653,1443,7.5728
98,22,60,4.230240,4.188244,1401,7.4948
99,60,22,4.207397,4.128040,1402,7.4141
100,22,38,4.167827,4.146137,1434,7.5912
101,38,49,4.133294,4.193997,1424,7.4770
102,49,24,4.237972,4.305911,1409,7.4479
103,24,36,4.108425,4.108535,1389,7.4581
104,36,44,4.122809,4.080592,1438,7.5467
105,44,1,4.242932,4.219828,1269,6.9597
106,1,59,4.083554,4.162453,1396,7.3963
107,59,43,4.274514,4.309045,1400,7.5102
108,43,3,4.136463,4.127416,1368,7.3037
109,3,25,4.251913,4.221286,1360,7.2335
110,25,44,4.229233,4.167684,1445,7.5767
111,44,1,4.222407,4.184229,1394,7.2646
112,1,46,4.283530,4.071897,1433,7.5317
113,46,63,4.169603,4.230390,1408,7.4748
114,63,63,3.119597,2.847521,1473,7.6093
115,63,63,3.004664,2.748519,1463,7.5666
116,63,63,2.893039,2.639817,1448,7.5660
117,63,8,4.040904,4.030548,1426,7.5668
118,8,4,4.166219,4.113409,1349,7.2257
119,4,40,4.269324,4.204263,1403,7.3281
120,40,23,4.117932,4.169386,1372,7.3278
121,23,62,4.206878,4.082120,1350,7.2486
122,62,48,4.351785,4.302889,1449,7.5755
123,48,13,4.198862,4.030878,1399,7.4713
124,13,32,4.096229,4.094312,1415,7.5222
125,32,29,4.219291,4.184988,1388,7.3710
126,29,4,4.134352,4.089949,1410,7.4611
127,4,40,4.148692,4.165514,1447,7.5685
128,40,33,4.060053,4.088053,1458,7.6030
129,33,62,4.196528,4.229407,1419,7.5361
130,62,48,4.299132,4.273904,1432,7.5600
131,48,41,4.075930,4.060137,1431,7.5338
132,41,24,4.106127,4.131290,1438,7.5083
133,24,62,4.183306,4.239491,1448,7.5779
134,62,46,3.914613,3.982015,1457,7.5895
135,46,63,4.116273,4.184832,1415,7.4937
136,63,8,4.003564,3.965610,1467,7.6067
137,8,2,4.226306,4.238549,1413,7.4746
138,2,52,4.121814,4.132698,1321,7.0592
139,52,8,4.150579,4.178896,1401,7.4863
140,8,27,4.053610,4.126178,1436,7.5295
141,27,16,4.172369,4.209302,1329,7.1465
142,16,40,4.217970,4.200777,1390,7.4008
143,40,33,4.072915,4.046336,1374,7.3770
144,33,62,4.160491,4.196107,1424,7.5611
145,62,48,4.270641,4.244965,1405,7.4161
146,48,20,4.063447,4.083883,1423,7.5081
147,20,19,4.274609,4.245058,1392,7.4509
148,19,51,4.217612,4.138054,1359,7.1682
149,51,4,4.306270,4.298043,1405,7.4918
150,4,40,4.123121,4.132413,1331,7.0230
151,40,23,4.045966,4.133500,1448,7.6027
152,23,0,3.894169,4.057933,1434,7.5478
153,0,57,4.136968,4.031088,1433,7.5282
154,57,2,4.132575,4.106305,1392,7.4410
155,2,7,4.167424,4.153905,1417,7.5838
156,7,45,4.069308,4.009184,1405,7.5068
157,45,25,4.140672,4.158501,1459,7.5855
158,25,54,4.002155,3.963213,1459,7.5898
159,54,43,4.161924,4.141592,1454,7.5727
160,43,57,4.150817,4.158510,1418,7.5227
161,57,2,4.047530,4.072739,1376,7.3421
162,2,9,4.234331,4.145480,1412,7.4921
163,9,13,4.183160,4.147458,1442,7.6014
164,13,24,4.110459,4.136035,1409,7.5264
165,24,62,4.156053,4.199123,1354,7.2936
166,62,48,4.198988,4.208372,1396,7.4277
167,48,41,4.050879,4.053924,1465,7.5868
168,41,22,4.155797,4.213060,1374,7.1972
169,22,38,4.109029,4.104637,1425,7.5300
170,38,26,4.145457,4.186878,1431,7.5215
171,26,17,4.194248,4.230778,1369,7.2280
172,17,23,4.127369,4.067621,1317,7.1322
173,23,62,4.222761,4.047404,1469,7.5948
174,62,46,3.889623,3.942228,1390,7.4001
175,46,5,4.247796,4.274412,1317,7.1381
176,5,13,4.252284,4.286467,1414,7.4859
177,13,31,4.062256,4.249910,1444,7.6006
178,31,30,4.075480,4.016129,1346,7.2757
179,30,31,4.038974,3.997288,1345,7.2685
180,31,19,4.141528,4.157367,1436,7.5525
181,19,51,4.203602,4.097456,1435,7.5507
182,51,54,4.278607,4.219962,1424,7.4900
183,54,43,4.136300,4.103487,1445,7.5509
184,43,23,3.958813,4.055173,1365,7.1840
185,23,0,3.807804,4.014719,1421,7.5325
186,0,57,4.094020,3.995045,1446,7.5328
187,57,2,4.042454,4.029232,1323,7.0378
188,2,9,4.180307,4.113736,1390,7.4138
189,9,13,4.200837,4.115725,1254,6.6935
190,13,24,4.058686,4.107209,1328,7.2479
191,24,62,4.091901,4.163912,1400,7.5123
192,62,48,4.197888,4.172197,1303,6.9608
193,48,41,4.019246,4.039620,1383,7.3762
194,41,55,4.292984,4.280778,1367,7.2085
195,55,26,4.230435,4.228400,1436,7.5495
196,26,42,4.129094,4.167501,1453,7.5864
197,42,22,4.071976,4.031337,1432,7.5194
198,22,38,4.026000,4.064666,1378,7.3860
199,38,26,4.084015,4.152834,1373,7.3245
200,26,42,4.089543,4.127958,1408,7.3568
201,42,55,4.204877,4.203118,1330,7.0696
202,55,26,4.219764,4.197972,1204,6.6381
203,26,13,4.215109,4.260499,1461,7.5919
204,13,24,4.035649,4.072044,1402,7.4840
205,24,62,3.985045,4.123648,1431,7.5442
206,62,46,3.825160,3.895955,1442,7.5328
207,46,62,3.918426,3.873958,1267,6.7770
208,62,21,4.065152,4.092814,1469,7.5970
209,21,54,4.122788,4.025571,1454,7.5869
210,54,43,4.083606,4.071655,1330,7.1593
211,43,57,4.093095,4.126518,1443,7.5274
212,57,22,4.196287,4.302944,1424,7.5417
213,22,2,4.189324,4.143502,1365,7.2263
214,2,9,4.131534,4.088540,1359,7.2853
215,9,13,4.061810,4.062489,1410,7.4673
216,13,24,4.033703,4.044359,1434,7.5611
217,24,62,3.980451,4.079662,1328,7.0653
218,62,48,4.196310,4.139739,1410,7.5005
219,48,20,3.975028,4.067055,1452,7.5899
220,20,19,4.268616,4.214714,1435,7.5790
221,19,50,4.084953,4.175734,1403,7.3673
222,50,34,4.204218,4.191732,1481,7.6185
223,34,13,4.234903,4.207525,1440,7.5876
224,13,32,4.013495,4.068389,1467,7.6196
225,32,5,4.138961,4.137141,1311,7.1185
226,5,13,4.230275,4.262178,1448,7.5672
227,13,32,3.980709,4.030105,1467,7.6019
228,32,10,4.204780,4.259864,1434,7.5826
229,10,61,4.015348,4.056932,1384,7.3256
230,61,53,4.193252,4.089596,1413,7.4806
231,53,21,4.026200,4.006165,1211,6.5892
232,21,53,3.954590,3.962982,1466,7.5778
233,53,21,3.991566,3.945929,1448,7.5712
234,21,53,3.899210,3.901921,1460,7.5921
235,53,37,4.187724,4.139042,1452,7.5690
236,37,62,4.150552,4.100247,1388,7.3970
237,62,21,4.027716,4.045266,1452,7.5912
238,21,53,3.842152,3.871392,1460,7.5601
239,53,21,3.881092,3.853575,1456,7.5834
240,21,54,4.141576,4.019000,1443,7.5621
241,54,30,4.017419,3.970195,1303,7.0937
242,30,40,4.179144,4.194368,1329,7.2564
243,40,24,4.331919,4.246687,1392,7.4843
244,24,62,3.968949,4.040240,1464,7.6167
245,62,46,3.755804,3.825142,1438,7.4941
246,46,62,3.833675,3.794750,1441,7.5660
247,62,21,3.957597,3.996896,1420,7.5673
248,21,53,3.813355,3.802373,1407,7.4210
249,53,21,3.817689,3.778922,1365,7.1746
250,21,55,4.089572,4.030689,1273,6.8974
251,55,26,4.169332,4.161600,1388,7.4519
252,26,42,4.045739,4.085519,1407,7.5263
253,42,22,4.061792,4.012942,1349,7.2940
254,22,60,4.115287,4.123006,1447,7.6010
255,60,7,4.141885,4.148808,1325,7.0449
256,7,1,4.247165,4.154954,1439,7.5608
257,1,46,4.300828,4.050389,1439,7.5166
258,46,5,4.225859,4.246133,1447,7.5675
259,5,13,4.176174,4.222603,1445,7.5664
260,13,31,4.095622,4.228473,1422,7.5293
261,31,42,4.128328,4.127255,1230,6.7635
262,42,40,4.221684,4.270905,1201,6.4892
263,40,23,4.021398,4.090905,1459,7.6344
264,23,0,3.773734,3.991839,1469,7.6038
265,0,57,4.041526,3.960078,1479,7.5688
266,57,22,4.171537,4.258889,1421,7.5413
267,22,38,4.055084,4.034129,1451,7.5832
268,38,0,4.009054,4.168407,1399,7.4557
269,0,62,4.241098,4.210761,1450,7.5365
270,62,46,3.666912,3.757702,1296,7.1195
271,46,62,3.705165,3.727629,1434,7.5346
272,62,21,3.953119,3.938848,1434,7.5588
273,21,55,4.037386,3.992054,1453,7.5686
274,55,58,4.053506,4.110458,1368,7.3848
275,58,15,4.226904,4.249093,1366,7.2773
276,15,33,4.109629,4.127579,1435,7.5711
277,33,62,4.082986,4.153402,1431,7.5616
278,62,46,3.617564,3.672570,1424,7.4928
279,46,63,4.091190,4.165679,1414,7.5315
280,63,8,3.970535,3.900547,1255,6.6823
281,8,27,4.060461,4.086622,1450,7.5611
282,27,27,3.545057,3.353054,1393,7.3703
283,27,16,4.096752,4.171779,1472,7.6140
284,16,41,4.181500,4.146538,1391,7.3551
285,41,22,4.145427,4.197332,1303,7.1630
286,22,60,4.123266,4.086350,1428,7.5539
287,60,7,4.157847,4.113744,1459,7.5945
288,7,57,4.144422,4.156856,1404,7.4940
289,57,22,4.055950,4.222202,1443,7.5872
290,22,38,4.005254,3.997226,1439,7.5537
291,38,0,3.962794,4.115281,1450,7.6084
292,0,57,3.969846,3.941022,1430,7.5416
293,57,2,4.026069,3.996161,1419,7.5033
294,2,52,4.051554,4.106530,1405,7.4826
295,52,8,4.143483,4.156773,1234,6.6340
296,8,4,4.187167,4.115937,1445,7.5830
297,4,40,4.073497,4.086453,1443,7.5338
298,40,24,4.241063,4.215077,1431,7.5427
299,24,62,3.851385,4.002614,1441,7.5608
300,62,46,3.499960,3.625827,1353,7.2839
301,46,63,4.055977,4.116526,1406,7.4741
302,63,8,3.886866,3.844214,1414,7.5130
303,8,2,4.249207,4.209852,1445,7.5555
304,2,7,4.161889,4.127890,1368,7.3673
305,7,45,3.940146,3.979620,1460,7.5920
306,45,54,4.215575,4.148221,1374,7.3790
307,54,43,4.133175,4.036816,1378,7.2993
308,43,23,4.029421,4.043033,1298,7.0566
309,23,0,3.747649,3.952091,1409,7.4873
310,0,43,4.272480,4.207258,1423,7.5049
311,43,57,4.024891,4.094439,1371,7.3377
312,57,22,3.988587,4.187395,1442,7.5774
313,22,38,3.973977,3.956807,1443,7.5570
314,38,26,4.144553,4.137744,1437,7.5525
315,26,42,3.961205,4.046900,1323,7.1325
316,42,55,3.983274,4.148060,1409,7.5074
317,55,58,3.979018,4.071906,1374,7.2877
318,58,15,4.234768,4.214763,1392,7.4645
319,15,1,4.171711,4.196651,1294,7.0529
320,1,33,4.120893,4.187734,1321,7.1472
321,33,48,4.244638,4.228532,1368,7.3642
322,48,13,4.017553,3.979798,1451,7.5905
323,13,24,3.984249,3.998216,1409,7.4359
324,24,62,3.798858,3.968182,1403,7.4952
325,62,46,3.495410,3.576517,1379,7.3964
326,46,63,3.950909,4.058968,1420,7.4691
327,63,8,3.780516,3.778807,1416,7.5316
328,8,2,4.229265,4.180137,1452,7.5652
329,2,9,4.098608,4.048080,1375,7.3351
330,9,13,4.014817,4.043004,1321,7.1696
331,13,32,3.927169,3.996466,1432,7.5993
332,32,10,4.127058,4.224018,1415,7.5109
333,10,37,4.115998,4.173906,1387,7.3982
334,37,28,4.187219,4.210092,1297,7.0211
335,28,46,4.169300,4.261196,1454,7.5945
336,46,62,3.493667,3.544214,1423,7.5715
337,62,21,3.918940,3.884862,1377,7.2812
338,21,53,3.728921,3.743997,1431,7.5472
339,53,21,3.737982,3.716322,1424,7.4546
340,21,53,3.663902,3.677053,1426,7.5496
341,53,21,3.638460,3.647358,1454,7.5536
342,21,55,3.976893,3.951366,1444,7.5440
343,55,30,3.941332,3.919286,1364,7.1994
344,30,10,4.034758,4.055027,1396,7.4962
345,10,1,4.068383,4.026107,1373,7.3409
346,1,46,4.302369,4.030384,1335,7.1494
347,46,5,4.192707,4.217219,1428,7.5167
348,5,13,4.141005,4.195935,1340,7.1841
349,13,31,4.004873,4.197003,1432,7.5986
350,31,42,4.050297,4.090225,1324,7.1050
351,42,40,4.142787,4.225195,1347,7.1832
352,40,23,3.992848,4.055019,1348,7.2692
353,23,0,3.689026,3.918566,1447,7.6214
354,0,57,3.962849,3.903581,1428,7.5329
355,57,22,3.993083,4.145307,1271,6.8083
356,22,60,4.000548,4.057250,1406,7.4805
357,60,7,4.100807,4.085725,1381,7.2733
358,7,1,4.103340,4.105801,1449,7.6253
359,1,59,4.045467,4.120395,1345,7.3440
360,59,20,4.238061,4.247635,1431,7.5664
361,20,47,4.340996,4.320524,1393,7.3747
362,47,35,3.929559,3.965539,1400,7.4287
363,35,48,4.188182,4.216607,1369,7.3656
364,48,41,4.000202,4.022502,1428,7.5412
365,41,24,4.152629,4.105923,1325,7.1269
366,24,62,3.727909,3.933058,1407,7.5462
367,62,21,3.868842,3.828965,1313,6.9648
368,21,55,3.906090,3.910472,1428,7.5341
369,55,58,3.916735,4.046530,1453,7.5537
370,58,4,4.182636,4.245144,1348,7.2714
371,4,15,4.179258,4.320760,1470,7.6018
372,15,26,4.346400,4.230767,1423,7.5657
373,26,13,4.258923,4.220526,1423,7.5401
374,13,32,3.888153,3.961548,1444,7.6126
375,32,10,4.142412,4.200128,1370,7.2628
376,10,37,4.145169,4.142058,1439,7.5679
377,37,62,4.213957,4.126082,1388,7.4071
378,62,48,4.186271,4.134604,1444,7.5631
379,48,20,3.996378,4.053109,1433,7.5395
380,20,47,4.282859,4.282261,1417,7.4665
381,47,37,4.007464,3.977943,1427,7.5352
382,37,62,4.205444,4.111442,1392,7.5015
383,62,46,3.426391,3.510414,1400,7.4701
384,46,63,3.840341,4.027730,1435,7.4999
385,63,63,2.901892,2.463631,1465,7.6108
386,63,8,3.692665,3.698880,1454,7.5680
387,8,4,4.161204,4.115509,1438,7.5821
388,4,40,4.068202,4.049415,1349,7.1290
389,40,24,4.244617,4.182243,1437,7.5159
390,24,36,4.054170,4.091623,1393,7.4371
391,36,20,4.155864,4.104296,1330,7.1028
392,20,19,4.269846,4.194310,1451,7.5934
393,19,51,4.155328,4.048969,1371,7.2961
394,51,56,4.242514,4.259066,1373,7.3243
395,56,32,4.302325,4.166040,1408,7.4917
396,32,29,4.171847,4.144166,1438,7.5834
397,29,4,4.106910,4.060525,1437,7.5984
398,4,40,3.958030,4.010406,1431,7.5108
399,40,24,4.175285,4.147476,1344,7.2636
400,24,62,3.766196,3.918525,1431,7.5745
401,62,21,3.768357,3.788012,1447,7.5709
402,21,53,3.629805,3.614065,1424,7.4942
403,53,21,3.604516,3.573285,1456,7.5720
404,21,53,3.534735,3.535747,1468,7.5600
405,53,45,4.300744,4.142630,1471,7.5762
406,45,54,4.184183,4.115006,1375,7.3840
407,54,43,4.067340,4.004798,1420,7.4845
408,43,23,3.975465,4.009494,1405,7.4463
409,23,37,4.156660,4.140786,1468,7.6249
410,37,28,4.150098,4.183871,1420,7.5450
411,28,10,4.168558,4.161933,1423,7.5608
412,10,37,4.042336,4.092891,1456,7.6273
413,37,62,4.212660,4.103491,1425,7.5628
414,62,21,3.717193,3.742919,1366,7.2251
415,21,53,3.491367,3.491498,1433,7.5593
416,53,21,3.506518,3.449102,1469,7.6046
417,21,53,3.384189,3.406571,1454,7.5654
418,53,21,3.395547,3.358517,1444,7.5264
419,21,53,3.283138,3.311783,1400,7.5287
420,53,21,3.294993,3.261448,1485,7.5999
421,21,53,3.165441,3.211623,1452,7.5601
422,53,21,3.198116,3.160692,1456,7.5842
423,21,53,3.080159,3.106753,1437,7.5472
424,53,21,3.191791,3.056298,1440,7.5932
425,21,54,4.265748,4.109448,1436,7.5727
426,54,43,4.011341,3.972971,1337,7.2221
427,43,23,3.964943,3.987992,1407,7.4317
428,23,0,3.646043,3.875081,1431,7.5982
429,0,57,3.906344,3.866590,1404,7.4306
430,57,22,3.987452,4.097723,1424,7.5464
431,22,38,4.018894,3.921979,1393,7.3808
432,38,26,4.115734,4.095391,1424,7.5290
433,26,17,4.172963,4.211940,1251,6.9566
434,17,23,4.082547,4.033559,1393,7.4439
435,23,0,3.608098,3.839829,1399,7.4676
436,0,62,4.306175,4.247926,1377,7.2384
437,62,21,3.598456,3.667906,1298,6.9513
438,21,53,2.986763,3.006093,1382,7.4366
439,53,45,4.324686,4.195986,1439,7.5491
440,45,54,4.145378,4.094704,1208,6.6431
441,54,30,3.963618,3.948133,1458,7.5689
442,30,31,3.909983,3.968921,1436,7.5839
443,31,30,4.004172,3.912493,1349,7.2737
444,30,40,4.190790,4.139982,1462,7.6077
445,40,24,4.118722,4.114293,1331,7.0038
446,24,62,3.765073,3.897160,1401,7.5283
447,62,21,3.513097,3.613519,1362,7.1683
448,21,55,3.875067,3.868019,1458,7.5756
449,55,30,3.906135,3.900465,1291,6.9598
450,30,40,4.098414,4.095809,1478,7.6160
451,40,24,4.056919,4.076244,1398,7.4362
452,24,62,3.755361,3.864363,1396,7.4765
453,62,46,3.481565,3.492898,1366,7.3267
454,46,63,3.772347,3.962853,1426,7.5580
455,63,63,2.762004,2.315182,1451,7.6089
456,63,8,3.597712,3.605344,1452,7.5892
457,8,4,4.123175,4.086800,1444,7.5529
458,4,23,4.180771,4.234504,1384,7.4104
459,23,62,4.148781,3.995187,1389,7.4427
460,62,21,3.435633,3.559127,1393,7.3993
461,21,55,3.802822,3.806042,1457,7.5362
462,55,58,3.952720,4.035789,1440,7.5495
463,58,4,4.193390,4.207051,1450,7.5934
464,4,15,4.150308,4.286556,1460,7.6369
465,15,26,4.308735,4.202450,1445,7.5960
466,26,42,3.967517,4.032703,1420,7.5483
467,42,40,4.075646,4.181172,1381,7.3800
468,40,23,3.896053,4.023661,1429,7.5668
469,23,37,4.142200,4.112885,1381,7.4697
470,37,62,4.234884,4.070918,1344,7.3125
471,62,46,3.393122,3.478075,1393,7.3916
472,46,62,3.432601,3.435964,1315,7.2207
473,62,21,3.483313,3.503497,1471,7.6085
474,21,55,3.678718,3.743335,1441,7.5329
475,55,26,4.126231,4.128793,1448,7.5378
476,26,17,4.175525,4.183918,1461,7.5915
477,17,23,4.047065,3.995698,1284,6.9804
478,23,0,3.550534,3.811896,1456,7.6328
479,0,62,4.207931,4.179306,1419,7.4145
480,62,46,3.306771,3.399505,1372,7.2639
481,46,5,4.165045,4.197304,1383,7.2377
482,5,13,4.129516,4.179491,1417,7.4510
483,13,24,3.925909,3.973636,1443,7.5728
484,24,62,3.677297,3.825963,1424,7.5554
485,62,21,3.400675,3.446677,1458,7.6084
486,21,53,2.946458,2.963463,1238,6.7533
487,53,21,3.090967,2.874204,1346,7.0964
488,21,55,3.609065,3.681771,1389,7.1760
489,55,26,4.052559,4.087538,1415,7.4440
490,26,17,4.096101,4.156023,1383,7.3695
491,17,23,4.037734,3.957645,1288,7.0890
492,23,62,4.092272,3.925292,1441,7.5947
493,62,48,4.157090,4.128317,1398,7.4986
494,48,41,4.022659,4.014752,1353,7.1805
495,41,22,4.085327,4.169249,1416,7.4505
496,22,60,3.989774,4.014951,1416,7.5523
497,60,22,3.980647,3.942106,1401,7.4783
498,22,2,4.180596,4.088580,1360,7.3737
499,2,52,3.999737,4.072042,1370,7.2803
500,52,8,4.179783,4.123191,1442,7.6073
501,8,2,4.147263,4.138950,1447,7.5594
502,2,52,3.949375,4.037637,1407,7.4145
503,52,54,4.027437,4.028419,1438,7.6163
504,54,59,4.312041,4.402298,1277,6.9605
505,59,43,4.302330,4.285983,1330,7.1090
506,43,23,3.925135,3.976238,1409,7.4181
507,23,62,3.951354,3.887218,1261,6.7440
508,62,46,3.221861,3.372320,1467,7.5717
509,46,63,3.632196,3.873688,1436,7.5872
510,63,63,2.578582,2.154814,1473,7.6178
511,63,8,3.535188,3.521702,1439,7.5730
512,8,2,4.084531,4.100114,1448,7.5525
513,2,9,4.027385,4.001768,1432,7.5248
514,9,13,3.992742,4.011779,1447,7.6014
515,13,32,3.884288,3.934171,1389,7.3997
516,32,10,4.141212,4.166266,1314,7.1888
517,10,1,3.983262,3.974261,1457,7.5940
518,1,46,4.342787,4.060830,1410,7.5318
519,46,5,4.095997,4.139462,1402,7.4759
520,5,13,4.176649,4.167408,1438,7.5763
521,13,32,3.837707,3.892898,1439,7.6218
522,32,29,4.109007,4.105473,1420,7.5697
523,29,4,4.059452,4.022385,1406,7.4784
524,4,23,4.176405,4.219975,1448,7.5960
525,23,37,4.095977,4.071271,1449,7.6000
526,37,47,3.975763,3.904302,1309,7.0229
527,47,37,3.923492,3.884069,1433,7.5390
528,37,28,4.139359,4.153460,1426,7.5998
529,28,53,4.074081,4.199099,1418,7.5183
530,53,45,4.345834,4.161339,1387,7.4033
531,45,54,4.048081,4.066648,1453,7.6039
532,54,43,3.987447,3.941664,1405,7.3523
533,43,23,3.934190,3.960162,1376,7.4126
534,23,0,3.500023,3.778235,1449,7.5946
535,0,57,3.925039,3.830792,1424,7.5497
536,57,22,3.920947,4.054999,1453,7.5744
537,22,38,3.944058,3.880210,1448,7.5616
538,38,49,4.109824,4.185062,1403,7.4725
539,49,17,4.118193,4.084770,1452,7.5924
540,17,23,3.981517,3.929335,1418,7.5264
541,23,0,3.430123,3.739332,1420,7.5623
542,0,57,3.846803,3.781715,1470,7.5491
543,57,22,3.848436,4.005963,1472,7.5850
544,22,2,4.074192,4.034245,1392,7.3115
545,2,7,4.100600,4.069904,1436,7.5661
546,7,45,3.991232,3.988391,1447,7.5711
547,45,54,4.005844,4.035209,1453,7.5660
548,54,43,3.944769,3.899606,1410,7.4865
549,43,23,3.951431,3.931523,1436,7.5757
550,23,0,3.434344,3.693283,1414,7.5049
551,0,43,4.254284,4.178346,1455,7.5549
552,43,23,3.876171,3.877807,1375,7.4303
553,23,62,3.927897,3.858656,1448,7.6165
554,62,21,3.328388,3.397626,1355,7.1285
555,21,54,4.397341,4.137648,1447,7.5527
556,54,30,4.065556,3.930167,1461,7.5889
557,30,31,3.846324,3.885857,1394,7.4458
558,31,42,4.031331,4.051521,1320,7.1269
559,42,55,3.884419,4.084275,1377,7.3410
560,55,26,4.090383,4.035136,1449,7.5921
561,26,17,4.035993,4.125440,1434,7.5628
562,17,0,4.089928,4.139246,1337,7.2380
563,0,57,3.716034,3.731915,1449,7.5627
564,57,22,3.905227,3.959033,1453,7.5709
565,22,38,3.862334,3.839430,1385,7.3343
566,38,26,4.061950,4.076716,1307,7.0935
567,26,13,4.116027,4.184670,1313,6.8984
568,13,32,3.796027,3.859675,1436,7.6035
569,32,10,4.100678,4.135376,1403,7.4196
570,10,1,3.953571,3.943652,1451,7.5794
571,1,46,4.320764,4.036831,1275,6.8829
572,46,62,3.431620,3.373815,1285,6.9076
573,62,21,3.318599,3.318224,1460,7.5738
574,21,53,2.885602,2.884550,1343,7.1378
575,53,21,3.049553,2.769952,1449,7.5509
576,21,53,2.705175,2.764269,1350,7.1727
577,53,21,2.870560,2.643672,1455,7.5372
578,21,55,3.556123,3.620991,1458,7.5408
579,55,58,4.067481,4.029473,1410,7.4558
580,58,51,4.194869,4.258331,1453,7.5858
581,51,54,4.041910,4.162600,1327,7.2833
582,54,59,4.201694,4.354780,1403,7.4461
583,59,43,4.244274,4.248134,1385,7.3804
584,43,23,3.759010,3.854309,1400,7.4237
585,23,62,3.967494,3.826918,1430,7.5487
586,62,46,3.228796,3.347514,1389,7.4859
587,46,63,3.530956,3.824432,1357,7.3542
588,63,37,4.594762,4.571536,1460,7.6005
589,37,62,4.236579,4.036870,1421,7.5140
590,62,21,3.303902,3.280552,1426,7.5279
591,21,54,4.347843,4.137025,1438,7.5242
592,54,59,4.151014,4.322773,1387,7.3770
593,59,43,4.160177,4.205638,1460,7.5631
594,43,57,3.952793,4.057082,1458,7.6270
595,57,22,3.788964,3.920052,1427,7.5210
596,22,2,4.121762,3.979219,1433,7.5750
597,2,52,3.932209,4.017251,1382,7.2714
598,52,8,4.119208,4.082337,1453,7.6104
599,8,4,4.133862,4.079151,1351,7.1224
600,4,40,4.002929,3.972957,1399,7.4282
601,40,33,4.001511,4.032083,1328,7.1627
602,33,62,4.093838,4.161389,1424,7.5543
603,62,21,3.255847,3.220609,1426,7.5447
604,21,55,3.431704,3.550379,1435,7.5214
605,55,26,3.961333,3.991342,1452,7.5763
606,26,13,4.068316,4.149782,1449,7.5939
607,13,31,3.982221,4.183307,1440,7.5931
608,31,42,3.980663,4.006672,1446,7.5889
609,42,22,4.027027,4.007196,1401,7.4920
610,22,38,3.895631,3.797135,1442,7.5683
611,38,0,3.851695,4.048141,1436,7.5562
612,0,62,4.068831,4.026254,1457,7.4913
613,62,21,3.081163,3.166943,1430,7.5021
614,21,53,2.619109,2.701562,1444,7.5136
615,53,21,2.816462,2.526545,1477,7.5590
616,21,53,2.589291,2.570046,1456,7.5930
617,53,45,4.308568,4.248391,1458,7.5539
618,45,54,4.030636,4.015136,1295,7.0578
619,54,30,4.010178,3.916899,1378,7.4198
620,30,31,3.775157,3.858779,1365,7.2636
621,31,42,3.930749,3.959811,1394,7.4513
622,42,40,4.033801,4.135293,1440,7.5537
623,40,23,4.008472,3.999037,1372,7.4002
624,23,62,3.822504,3.770099,1409,7.5288
625,62,46,3.256342,3.361881,1386,7.3801
626,46,62,3.404515,3.300267,1257,6.8502
627,62,46,3.166957,3.243532,1439,7.5783
628,46,5,4.060875,4.101229,1351,7.2352
629,5,13,4.196749,4.156523,1441,7.5614
630,13,31,3.945213,4.144156,1366,7.3803
631,31,42,3.919141,3.908948,1431,7.6074
632,42,40,4.046831,4.094206,1326,7.0495
633,40,24,4.143137,4.057474,1335,7.1000
634,24,41,4.164087,4.105919,1401,7.5040
635,41,24,4.090824,4.041772,1442,7.5470
636,24,62,3.546770,3.791872,1453,7.6098
637,62,48,4.107377,4.140410,1302,7.0256
638,48,41,4.022111,3.989420,1437,7.5846
639,41,22,4.090744,4.146903,1454,7.5935
640,22,2,3.999409,3.941226,1368,7.2207
641,2,9,3.967156,3.985586,1420,7.4834
642,9,13,3.998229,3.994023,1431,7.4891
643,13,31,3.939740,4.102530,1465,7.6410
644,31,30,3.879280,3.814885,1333,7.0652
645,30,31,3.809469,3.782106,1324,6.9752
646,31,30,3.785696,3.726590,1296,7.0867
647,30,31,3.681321,3.688232,1404,7.4901
648,31,42,3.817158,3.853225,1350,7.3307
649,42,40,3.958453,4.048760,1421,7.5642
650,40,24,4.061142,4.015245,1353,7.1662
651,24,62,3.497125,3.761302,1430,7.6166
652,62,46,3.040080,3.165028,1453,7.5702
653,46,63,3.507702,3.774790,1449,7.5856
654,63,8,3.450468,3.432583,1465,7.6429
655,8,4,4.019198,4.039984,1442,7.5624
656,4,40,3.895635,3.946799,1435,7.5805
657,40,24,4.046467,3.966060,1396,7.5129
658,24,62,3.495097,3.735278,1431,7.5778
659,62,46,2.970397,3.097321,1472,7.6102
660,46,63,3.378225,3.703351,1370,7.3555
661,63,8,3.354510,3.341784,1499,7.6299
662,8,4,3.977103,3.999950,1451,7.5752
663,4,40,3.940132,3.918716,1476,7.6236
664,40,23,3.946717,3.958237,1437,7.5781
665,23,0,3.357838,3.660120,1445,7.5801
666,0,57,3.755056,3.672421,1443,7.5474
667,57,35,4.147221,4.138652,1465,7.5694
668,35,48,4.172802,4.192991,1398,7.4276
669,48,20,4.048761,4.041353,1362,7.2558
670,20,30,4.141587,4.281240,1473,7.6444
671,30,31,3.622889,3.642221,1381,7.3625
672,31,42,3.762309,3.792502,1299,6.9215
673,42,22,4.059926,4.002373,1418,7.4758
674,22,38,3.799471,3.755321,1412,7.5089
675,38,26,4.047323,4.040319,1427,7.5159
676,26,17,4.016243,4.098857,1418,7.5279
677,17,23,3.892318,3.877562,1360,7.2000
678,23,0,3.374852,3.608077,1377,7.3009
679,0,57,3.652459,3.612301,1318,7.0415
680,57,22,3.806379,3.867014,1453,7.5947
681,22,38,3.771464,3.707281,1441,7.5577
682,38,0,3.718228,3.967075,1436,7.5332
683,0,57,3.570924,3.549902,1388,7.2863
684,57,22,3.744669,3.806495,1474,7.5663
685,22,38,3.701239,3.655941,1416,7.4301
686,38,26,3.979091,3.993498,1398,7.3671
687,26,42,3.950669,4.008013,1332,7.1285
688,42,40,3.938910,3.994340,1346,7.3223
689,40,33,4.007614,4.015592,1420,7.5305
690,33,47,4.144675,4.106092,1393,7.4561
691,47,35,3.986986,3.931085,1272,6.9445
692,35,43,3.984548,4.020630,1423,7.5478
693,43,57,3.984009,4.015408,1176,6.5649
694,57,2,4.069010,3.974215,1439,7.5612
695,2,9,4.033502,3.954968,1406,7.4433
696,9,41,4.140313,4.212190,1445,7.6057
697,41,22,4.108673,4.129602,1321,7.0433
698,22,2,3.873556,3.865114,1419,7.5733
699,2,7,4.040628,4.046269,1434,7.4568
700,7,45,3.936884,3.968457,1437,7.5985
701,45,54,3.978043,3.980672,1315,7.1512
702,54,43,3.942246,3.880977,1386,7.4199
703,43,23,3.839039,3.848176,1440,7.5780
704,23,0,3.316367,3.563339,1289,7.0997
705,0,57,3.485298,3.483076,1417,7.4671
706,57,22,3.739730,3.755057,1399,7.4733
707,22,38,3.672746,3.603789,1447,7.6293
708,38,26,3.878815,3.937272,1328,7.0872
709,26,17,3.960146,4.065354,1392,7.2883
710,17,0,3.949694,4.059334,1463,7.5474
711,0,62,3.986457,3.915351,1439,7.5435
712,62,48,4.112091,4.094710,1282,6.8889
713,48,13,4.020310,3.980824,1404,7.4381
714,13,24,4.040175,3.960076,1413,7.5422
715,24,62,3.451543,3.705515,1429,7.5811
716,62,46,2.960160,3.055740,1356,7.3328
717,46,63,3.314369,3.627729,1446,7.5851
718,63,8,3.284668,3.243220,1444,7.5874
719,8,4,3.904603,3.950274,1239,6.6286
720,4,40,3.934018,3.886612,1444,7.5649
721,40,24,3.956597,3.910668,1397,7.4684
722,24,62,3.417821,3.676829,1443,7.6021
723,62,48,4.005434,4.028994,1394,7.3161
724,48,20,4.095296,4.025767,1402,7.4309
725,20,47,4.219327,4.237975,1406,7.4628
726,47,63,4.452596,4.323832,1326,7.0131
727,63,8,3.168463,3.147586,1424,7.5087
728,8,2,4.120128,4.101382,1431,7.5657
729,2,7,4.003474,4.000227,1441,7.5732
730,7,1,3.917105,4.032333,1438,7.5519
731,1,33,4.101442,4.151067,1449,7.5597
732,33,62,4.143101,4.182840,1409,7.5169
733,62,46,2.917538,2.988016,1426,7.5116
734,46,63,3.267139,3.587814,1390,7.4228
735,63,63,2.217046,1.807808,1446,7.5730
736,63,37,4.521729,4.596268,1462,7.5825
737,37,28,4.116408,4.126978,1363,7.2274
738,28,10,4.092782,4.092216,1403,7.4477
739,10,1,3.876469,3.884773,1349,7.1139
740,1,46,4.523930,4.131862,1422,7.5391
741,46,63,3.016363,3.490184,1372,7.2848
742,63,63,1.953787,1.575060,1459,7.5976
743,63,8,2.962882,3.040872,1437,7.5669
744,8,27,4.084288,4.050303,1252,6.9403
745,27,16,4.050584,4.107732,1446,7.5806
746,16,4,4.141277,4.293101,1449,7.5722
747,4,40,3.850553,3.850677,1385,7.4813
748,40,33,3.960903,3.979746,1431,7.5549
749,33,47,4.093173,4.064565,1443,7.5644
750,47,63,4.494393,4.355849,1478,7.6344
751,63,37,4.424438,4.538301,1414,7.4916
752,37,28,4.102225,4.109187,1387,7.3703
753,28,10,4.003716,4.038033,1397,7.5113
754,10,37,4.056179,4.065527,1454,7.5695
755,37,28,4.040653,4.067572,1458,7.5940
756,28,53,4.073773,4.231670,1445,7.5914
757,53,21,2.693099,2.444400,1268,7.0455
758,21,53,2.558304,2.476467,1354,7.3438
759,53,45,4.338357,4.234258,1412,7.4413
760,45,54,3.948054,3.946517,1446,7.5370
761,54,30,3.932388,3.896428,1339,7.1198
762,30,31,3.553204,3.604805,1413,7.4851
763,31,19,4.079867,4.075576,1446,7.5606
764,19,50,4.068653,4.142967,1465,7.6295
765,50,9,4.347039,4.360456,1434,7.5470
766,9,41,4.091389,4.169946,1356,7.2416
767,41,22,4.068134,4.102634,1379,7.3035
768,22,38,3.598213,3.548053,1422,7.5725
769,38,26,3.830594,3.873892,1181,6.6912
770,26,13,4.071633,4.108036,1380,7.3924
771,13,24,3.891893,3.919142,1422,7.5954
772,24,41,4.111375,4.058851,1410,7.5264
773,41,22,4.031994,4.076280,1411,7.4210
774,22,2,3.902574,3.828647,1404,7.4350
775,2,7,3.977709,3.969623,1441,7.5565
776,7,57,4.020610,4.080927,1441,7.5694
777,57,22,3.603135,3.704451,1456,7.5777
778,22,38,3.543855,3.490968,1455,7.5956
779,38,26,3.763489,3.811776,1416,7.4526
780,26,13,4.045458,4.061712,1406,7.3426
781,13,31,3.884918,4.101687,1418,7.5506
782,31,30,3.675549,3.563522,1339,7.1469
783,30,31,3.491553,3.514199,1438,7.5464
784,31,42,3.670297,3.727122,1413,7.4919
785,42,22,4.006351,3.990352,1387,7.3001
786,22,38,3.465519,3.447790,1439,7.5379
787,38,0,3.586459,3.828999,1471,7.5908
788,0,62,3.849157,3.853059,1419,7.4357
789,62,21,3.007548,3.097164,1363,7.2736
790,21,55,3.365643,3.538010,1447,7.5150
791,55,58,4.049753,4.027331,1256,6.9183
792,58,4,4.200809,4.185735,1365,7.2328
793,4,40,3.759609,3.801669,1391,7.4814
794,40,24,3.861987,3.849238,1363,7.3905
795,24,41,4.084724,4.013755,1367,7.2862
796,41,22,4.057692,4.052980,1396,7.4069
797,22,38,3.417149,3.393794,1418,7.5600
798,38,0,3.481156,3.741750,1461,7.6087
799,0,62,3.754234,3.793112,1431,7.5503
800,62,21,2.970906,3.030154,1450,7.5925
801,21,54,4.359496,4.210222,1467,7.5944
802,54,43,3.863890,3.850077,1435,7.5516
803,43,23,3.829749,3.818226,1419,7.5509
804,23,62,3.662534,3.647567,1457,7.5985
805,62,46,2.882707,3.067383,1409,7.4533
806,46,63,3.145535,3.418552,1342,7.3505
807,63,37,4.349740,4.467379,1474,7.6223
808,37,62,4.251119,3.984358,1257,6.9274
809,62,48,4.030964,3.991970,1380,7.4400
810,48,41,4.014339,3.985199,1326,7.0740
811,41,22,3.951623,4.028195,1440,7.5680
812,22,38,3.324921,3.338251,1445,7.5773
813,38,49,4.129922,4.242706,1347,7.2086
814,49,24,4.283294,4.304407,1435,7.5752
815,24,62,3.336942,3.649721,1437,7.6395
816,62,48,3.942688,3.908119,1435,7.5766
817,48,20,4.089003,4.013126,1395,7.3245
818,20,19,4.220322,4.164669,1409,7.5290
819,19,50,4.028175,4.106435,1170,6.4949
820,50,34,4.211133,4.146751,1365,7.4139
821,34,13,4.317035,4.247156,1446,7.5820
822,13,24,3.910498,3.898342,1414,7.5676
823,24,41,4.012547,3.959802,1447,7.5875
824,41,24,3.882731,3.878770,1455,7.5682
825,24,36,4.171310,4.071926,1440,7.5782
826,36,37,4.260794,4.268225,1337,7.1433
827,37,62,4.133443,3.951712,1448,7.5856
828,62,48,3.802190,3.827331,1390,7.4204
829,48,20,4.088651,3.987830,1402,7.4438
830,20,19,4.188434,4.131313,1402,7.4930
831,19,51,4.030628,3.992456,1409,7.5101
832,51,54,3.995953,4.124968,1459,7.6098
833,54,30,3.995624,3.872619,1308,6.9474
834,30,31,3.440840,3.482644,1424,7.5340
835,31,30,3.524908,3.444244,1365,7.3001
836,30,10,3.985834,4.048596,1400,7.4070
837,10,1,3.758528,3.837993,1445,7.5524
838,1,59,3.910567,4.040359,1452,7.5669
839,59,43,4.083423,4.148441,1440,7.5712
840,43,23,3.810285,3.798090,1418,7.5289
841,23,37,4.069253,4.044144,1347,7.1888
842,37,28,3.979510,4.042023,1412,7.4690
843,28,10,3.850123,3.969518,1432,7.5751
844,10,37,4.068633,4.045260,1382,7.2832
845,37,28,3.987530,3.999020,1448,7.6049
846,28,46,4.248928,4.388261,1444,7.6119
847,46,63,2.925102,3.347405,1408,7.4212
848,63,63,1.714715,1.347683,1433,7.5903
849,63,8,2.908191,2.964121,1441,7.5725
850,8,4,3.929932,3.960046,1412,7.4506
851,4,40,3.698271,3.767274,1353,7.2153
852,40,33,3.899566,3.933426,1432,7.5647
853,33,62,4.174892,4.157948,1448,7.5842
854,62,21,3.207156,3.060525,1361,7.2658
855,21,55,3.311327,3.467961,1413,7.4693
856,55,58,4.006592,3.990654,1307,7.0993
857,58,4,4.134783,4.159844,1441,7.5894
858,4,15,4.196838,4.240659,1439,7.5837
859,15,33,4.083553,4.105477,1456,7.5906
860,33,62,4.060696,4.125564,1430,7.5564
861,62,46,2.942514,3.085041,1425,7.5124
862,46,62,3.244376,3.038337,1444,7.5767
863,62,21,2.975975,2.957113,1456,7.5904
864,21,55,3.180729,3.377698,1406,7.2459
865,55,58,3.956626,3.948658,1398,7.5180
866,58,4,4.083772,4.123534,1419,7.4960
867,4,40,3.656746,3.713109,1457,7.5946
868,40,23,3.957820,3.977856,1427,7.5403
869,23,62,3.547970,3.610851,1398,7.5043
870,62,46,2.796062,2.968628,1455,7.5925
871,46,63,2.796811,3.265678,1445,7.6073
872,63,8,2.778696,2.863926,1397,7.3944
873,8,27,3.976782,4.007938,1427,7.5878
874,27,16,3.936005,4.066339,1438,7.5937
875,16,40,4.318674,4.266459,1429,7.5149
876,40,33,3.853796,3.891025,1411,7.5154
877,33,62,4.062178,4.097139,1376,7.3166
878,62,48,3.835932,3.771629,1455,7.5897
879,48,20,4.054833,3.963401,1275,6.8523
880,20,19,4.183710,4.096283,1427,7.5894
881,19,50,3.982132,4.078061,1452,7.5844
882,50,9,4.308110,4.307530,1423,7.5392
883,9,41,4.075564,4.180213,1426,7.5506
884,41,24,3.849539,3.852749,1426,7.5609
885,24,41,3.922554,3.857167,1427,7.5436
886,41,24,3.807694,3.776522,1436,7.5763
887,24,36,4.080201,4.018127,1453,7.6076
888,36,37,4.204002,4.245009,1452,7.5803
889,37,28,3.906071,3.956799,1436,7.5948
890,28,10,3.786192,3.902411,1455,7.6203
891,10,37,3.950230,4.003853,1423,7.4754
892,37,62,4.285367,3.952194,1448,7.5491
893,62,21,2.997715,2.950639,1444,7.6591
894,21,54,4.268257,4.163810,1402,7.4640
895,54,30,3.885151,3.844086,1295,7.1006
896,30,10,3.976252,3.992345,1414,7.5216
897,10,37,3.878953,3.966935,1414,7.4645
898,37,28,3.853491,3.890241,1446,7.5816
899,28,53,4.123732,4.283379,1383,7.3991
900,53,45,4.257137,4.129749,1422,7.4911
901,45,54,3.929180,3.910608,1430,7.5164
902,54,30,3.897935,3.814271,1456,7.6291
903,30,10,3.882877,3.948505,1425,7.5382
904,10,1,3.730797,3.780644,1404,7.4360
905,1,46,4.574632,4.171984,1458,7.5823
906,46,62,3.251642,2.974515,1432,7.5718
907,62,21,2.927930,2.841557,1425,7.5053
908,21,54,4.204942,4.069729,1413,7.3062
909,54,43,3.834525,3.842542,1351,7.2488
910,43,23,3.842938,3.776235,1418,7.5592
911,23,37,4.031131,3.999625,1407,7.4688
912,37,62,4.137071,3.924664,1425,7.5739
913,62,48,3.743762,3.703462,1466,7.6182
914,48,41,4.078417,3.976974,1423,7.4368
915,41,55,4.406647,4.355204,1394,7.4334
916,55,30,4.055820,3.939884,1441,7.5666
917,30,31,3.394899,3.397818,1375,7.3996
918,31,30,3.406321,3.348660,1433,7.5669
919,30,31,3.303137,3.286546,1415,7.4507
920,31,42,3.670770,3.661245,1420,7.5416
921,42,40,3.961797,3.947976,1274,6.8721
922,40,23,3.933417,3.947495,1424,7.5663
923,23,62,3.519130,3.585631,1459,7.6305
924,62,21,2.754935,2.819935,1375,7.2730
925,21,55,3.103993,3.350106,1434,7.5295
926,55,58,3.889984,3.912257,1366,7.3030
927,58,4,4.105503,4.092083,1423,7.5079
928,4,40,3.561561,3.671541,1459,7.6250
929,40,23,3.853344,3.906889,1433,7.5722
930,23,37,3.962610,3.953057,1385,7.2992
931,37,28,3.832400,3.866827,1415,7.5063
932,28,10,3.765661,3.833433,1384,7.3475
933,10,61,4.041697,4.005309,1456,7.5933
934,61,33,4.086973,4.077622,1451,7.6175
935,33,62,4.049489,4.080100,1344,7.2699
936,62,46,3.089821,2.945195,1406,7.4545
937,46,63,2.867438,3.253384,1344,7.2697
938,63,63,1.450921,1.120050,1415,7.5563
939,63,37,4.664079,4.783673,1433,7.5741
940,37,62,4.123829,3.812752,1429,7.5659
941,62,46,2.892984,2.893738,1361,7.3840
942,46,63,2.567483,3.145277,1462,7.6245
943,63,8,2.721455,2.825006,1445,7.5582
944,8,2,4.181624,4.137974,1439,7.5748
945,2,52,4.034033,3.999712,1458,7.6204
946,52,58,4.117758,4.232060,1390,7.3705
947,58,4,4.113740,4.053114,1289,6.9789
948,4,15,4.135864,4.208686,1403,7.4747
949,15,33,4.033028,4.063466,1400,7.4667
950,33,47,4.023800,4.028955,1458,7.6103
951,47,35,3.894729,3.908483,1396,7.4803
952,35,43,3.913715,3.981492,1420,7.5404
953,43,23,3.960765,3.759851,1418,7.5484
954,23,0,3.252460,3.592591,1385,7.4586
955,0,43,4.277294,4.218183,1396,7.4995
956,43,57,3.931597,3.974899,1410,7.5167
957,57,2,3.962356,3.895985,1419,7.5190
958,2,52,4.023384,3.963300,1438,7.5561
959,52,54,4.095868,4.042755,1448,7.6019
960,54,43,3.829628,3.805421,1441,7.5913
961,43,23,3.746700,3.704128,1439,7.6130
962,23,37,3.948218,3.910804,1333,7.2213
963,37,28,3.802566,3.855482,1328,7.0936
964,28,10,3.668382,3.775044,1370,7.1775
965,10,37,3.886668,3.948433,1444,7.5904
966,37,28,3.778098,3.797426,1461,7.5918
967,28,10,3.549698,3.718863,1456,7.5845
968,10,37,3.822118,3.890628,1363,7.1247
969,37,47,3.877047,3.844042,1428,7.5884
970,47,63,4.594698,4.397020,1415,7.4576
971,63,37,4.528485,4.683938,1421,7.5555
972,37,62,3.982260,3.777351,1446,7.5750
973,62,21,2.790728,2.855956,1355,7.2033
974,21,54,4.031558,4.003951,1352,7.3101
975,54,30,3.964533,3.787254,1427,7.5557
976,30,10,3.789209,3.921474,1428,7.6122
977,10,37,3.768799,3.862383,1341,7.1708
978,37,62,3.955190,3.754518,1438,7.5829
979,62,21,2.776079,2.820787,1382,7.3637
980,21,53,2.644270,2.709659,1424,7.5204
981,53,21,2.808778,2.303117,1328,7.2073
982,21,53,2.526794,2.549432,1390,7.4561
983,53,37,4.668894,4.631330,1244,6.8198
984,37,28,3.652596,3.745186,1300,7.1365
985,28,10,3.483164,3.653279,1427,7.5625
986,10,61,4.009364,3.967462,1451,7.5764
987,61,33,4.021259,4.035495,1437,7.5453
988,33,62,4.136010,4.056918,1393,7.4816
989,62,21,2.752117,2.781824,1447,7.5981
990,21,53,2.349223,2.460221,1347,7.3669
991,53,21,2.503545,2.081230,1269,7.0257
992,21,53,2.207646,2.311746,1448,7.5637
993,53,21,2.245489,1.944127,1440,7.5469
994,21,53,2.059297,2.169345,1442,7.5223
995,53,21,2.127243,1.815020,1432,7.5220
996,21,53,1.900666,2.033698,1451,7.5659
997,53,21,1.938495,1.697734,1392,7.3603
998,21,53,1.764163,1.909794,1418,7.4893
999,53,37,4.827394,4.953882,1441,7.5579
1000,37,62,3.962247,3.678785,1460,7.6282
1001,62,21,2.768413,2.795427,1306,6.9741
1002,21,54,4.187610,4.255735,1457,7.6030
1003,54,30,3.965842,3.762629,1364,7.3677
1004,30,10,3.735775,3.875013,1279,7.0419
1005,10,37,3.751914,3.824380,1446,7.5724
1006,37,28,3.595370,3.697026,1390,7.4169
1007,28,53,4.338208,4.521585,1372,7.2705
1008,53,37,4.661272,4.718833,1429,7.5907
1009,37,28,3.593222,3.673880,1388,7.3762
1010,28,10,3.436840,3.565761,1272,6.7808
1011,10,1,3.648649,3.709595,1429,7.4892
1012,1,59,3.899825,3.990776,1392,7.3844
1013,59,43,4.036335,4.111352,1328,7.0575
1014,43,57,3.892751,3.944441,1435,7.6081
1015,57,22,3.587472,3.701338,1450,7.5846
1016,22,38,3.309746,3.263031,1438,7.5747
1017,38,26,3.755335,3.748160,1416,7.4839
1018,26,13,3.978007,4.018138,1404,7.3725
1019,13,24,3.820507,3.843155,1441,7.6466
1020,24,36,3.993494,3.963379,1380,7.3285
1021,36,44,4.005563,3.996661,1407,7.4412
1022,44,1,4.091571,4.118060,1439,7.5758
1023,1,33,4.051966,4.108718,1406,7.5201
1024,33,47,3.984256,3.974832,1454,7.5908
1025,47,37,3.868355,3.829032,1427,7.5607
1026,37,62,3.834183,3.656417,1372,7.3765
1027,62,46,3.174531,2.936723,1422,7.5397
1028,46,62,3.346835,2.913791,1400,7.3366
1029,62,21,2.716292,2.729787,1425,7.4953
1030,21,54,4.049634,4.091451,1432,7.5776
1031,54,43,3.918923,3.836710,1333,7.2991
1032,43,23,3.736463,3.691404,1380,7.4483
1033,23,62,3.500206,3.551153,1440,7.5992
1034,62,21,2.693129,2.664647,1378,7.3032
1035,21,55,3.287136,3.600728,1465,7.5857
1036,55,58,3.882634,3.898784,1441,7.5355
1037,58,15,4.271139,4.215262,1387,7.3319
1038,15,26,4.309570,4.198778,1383,7.4182
1039,26,17,4.043791,4.045673,1445,7.5805
1040,17,0,3.866697,4.001478,1406,7.4013
1041,0,57,3.514779,3.442249,1355,7.2422
1042,57,22,3.540537,3.626203,1260,6.8550
1043,22,60,4.082054,4.035163,1473,7.6144
1044,60,7,4.068298,4.011541,1420,7.5636
1045,7,57,3.930484,4.035615,1445,7.5810
1046,57,22,3.400110,3.558835,1437,7.5431
1047,22,60,4.003676,3.978127,1434,7.5840
1048,60,7,3.970850,3.984742,1453,7.5908
1049,7,1,3.834924,3.930240,1423,7.5252
1050,1,59,3.774491,3.937478,1428,7.5580
1051,59,43,4.018047,4.067073,1470,7.5795
1052,43,23,3.769736,3.666290,1425,7.5705
1053,23,0,3.351087,3.545746,1282,6.9532
1054,0,62,3.781177,3.771109,1415,7.4562
1055,62,46,2.860283,2.857703,1311,7.0540
1056,46,62,3.246597,2.816953,1353,7.2215
1057,62,21,2.612618,2.550317,1367,7.3294
1058,21,53,1.900973,2.126822,1315,7.2277
1059,53,21,1.986167,1.711113,1390,7.3044
1060,21,53,1.787434,1.999625,1459,7.5992
1061,53,21,1.848756,1.607084,1437,7.5425
1062,21,54,3.977868,4.137871,1434,7.5876
1063,54,59,4.276455,4.402366,1331,7.1943
1064,59,43,3.985367,4.017918,1400,7.4813
1065,43,57,3.919426,3.923279,1377,7.3822
1066,57,2,3.912026,3.868156,1446,7.6109
1067,2,7,3.887196,3.903168,1407,7.4711
1068,7,57,3.816443,3.976765,1428,7.5973
1069,57,22,3.347552,3.510933,1447,7.6034
1070,22,38,3.255254,3.199066,1433,7.5969
1071,38,0,3.424143,3.660398,1433,7.5257
1072,0,57,3.373672,3.372336,1434,7.5242
1073,57,22,3.324773,3.423543,1465,7.6132
1074,22,60,3.937634,3.933347,1451,7.5822
1075,60,61,4.242729,4.229944,1328,7.1404
1076,61,53,4.637062,4.295020,1247,6.9024
1077,53,21,1.721824,1.576732,1412,7.5067
1078,21,53,1.832950,1.970439,1401,7.4620
1079,53,37,4.644328,4.770370,1450,7.6052
1080,37,28,3.550183,3.645011,1385,7.4157
1081,28,53,4.415428,4.544444,1325,7.1050
1082,53,21,1.666425,1.523339,1447,7.5879
1083,21,53,1.765141,1.902738,1443,7.5903
1084,53,37,4.534700,4.654087,1431,7.5407
1085,37,28,3.429640,3.629791,1435,7.5562
1086,28,46,4.557395,4.529308,1450,7.6344
1087,46,63,2.577903,3.205403,1432,7.5826
1088,63,63,1.317624,0.973083,1389,7.5066
1089,63,63,1.150748,0.834268,1399,7.4875
1090,63,8,2.807708,2.802487,1424,7.5753
1091,8,27,3.919397,3.965345,1449,7.5525
1092,27,27,3.420137,3.178818,1446,7.5911
1093,27,27,3.322427,3.106652,1444,7.5887
1094,27,16,3.892724,4.006885,1448,7.5761
1095,16,40,4.222792,4.230863,1419,7.5001
1096,40,24,3.780999,3.777166,1297,7.0089
1097,24,41,3.770571,3.755927,1438,7.6148
1098,41,55,4.308690,4.337158,1431,7.5691
1099,55,58,3.873091,3.848635,1454,7.5781
1100,58,51,4.175201,4.259584,1423,7.5344
1101,51,54,3.951005,4.131039,1383,7.4728
1102,54,43,4.033082,3.815733,1447,7.6083
1103,43,23,3.788878,3.649727,1428,7.5458
1104,23,0,3.110254,3.507385,1413,7.5331
1105,0,62,3.729079,3.750865,1434,7.5350
1106,62,46,2.771841,2.788952,1466,7.6232
1107,46,63,2.464945,3.075533,1454,7.6214
1108,63,8,2.648723,2.672237,1416,7.5090
1109,8,2,4.113235,4.118766,1392,7.4947
1110,2,52,3.976516,3.923487,1292,6.9366
1111,52,58,4.163451,4.221189,1421,7.5818
1112,58,4,4.045037,4.020814,1271,6.8841
1113,4,40,3.515000,3.605289,1374,7.4065
1114,40,24,3.723303,3.714816,1375,7.2774
1115,24,41,3.723830,3.705210,1411,7.5266
1116,41,55,4.438296,4.304422,1407,7.3752
1117,55,30,4.086456,3.931327,1430,7.5396
1118,30,31,3.256248,3.267468,1400,7.3919
1119,31,30,3.373255,3.222624,1365,7.2546
1120,30,31,3.203337,3.152092,1407,7.4300
1121,31,30,3.218962,3.105985,1434,7.5859
1122,30,31,3.042986,3.028107,1381,7.2723
1123,31,42,3.601130,3.588971,1453,7.5783
1124,42,40,3.895185,3.876937,1456,7.6157
1125,40,23,4.046900,3.962394,1427,7.6015
1126,23,62,3.451249,3.510976,1437,7.5861
1127,62,21,2.659463,2.554703,1285,6.9600
1128,21,55,3.269868,3.717413,1403,7.4922
1129,55,58,3.803383,3.826772,1456,7.5565
1130,58,4,4.020150,3.981504,1422,7.5248
1131,4,15,4.071019,4.156455,1445,7.5890
1132,15,26,4.204584,4.173362,1438,7.4990
1133,26,13,3.910558,3.989743,1451,7.6138
1134,13,31,3.811749,4.132604,1307,7.1329
1135,31,30,3.066594,2.996795,1404,7.4500
1136,30,31,2.917738,2.908260,1445,7.6139
1137,31,42,3.465354,3.504438,1406,7.5102
1138,42,22,3.975003,4.012724,1400,7.4869
1139,22,60,3.886956,3.861539,1456,7.6307
1140,60,7,3.991114,3.942309,1413,7.4940
1141,7,45,4.069086,3.989076,1293,6.9277
1142,45,54,3.905566,3.880545,1443,7.5973
1143,54,43,3.896137,3.753558,1463,7.6694
1144,43,57,3.822878,3.909129,1401,7.5269
1145,57,22,3.231156,3.381562,1447,7.6263
1146,22,38,3.191014,3.149830,1443,7.6061
1147,38,0,3.354908,3.569044,1422,7.5408
1148,0,62,3.585791,3.650214,1415,7.5151
1149,62,46,2.765889,2.777838,1300,6.9992
1150,46,5,4.077271,4.303573,1430,7.5494
1151,5,13,4.244708,4.158839,1403,7.4039
1152,13,31,3.939801,4.097760,1294,7.0936
1153,31,42,3.428046,3.413201,1456,7.6246
1154,42,55,3.853713,4.100256,1425,7.5700
1155,55,58,3.741929,3.750990,1309,7.0496
1156,58,4,3.956991,3.939158,1455,7.5548
1157,4,15,4.025941,4.111834,1372,7.2985
1158,15,1,3.981532,4.168222,1445,7.5569
1159,1,33,3.978333,4.053618,1054,5.8477
1160,33,48,4.207403,4.256705,1394,7.4890
1161,48,20,4.086314,3.940841,1428,7.4978
1162,20,19,4.101131,4.050883,1461,7.6373
1163,19,50,3.960303,4.038971,1431,7.5812
1164,50,34,4.070804,4.087721,1452,7.6000
1165,34,50,4.121664,4.048595,1436,7.5675
1166,50,34,4.036604,4.010849,1435,7.6125
1167,34,13,4.296440,4.217958,1439,7.5643
1168,13,32,3.917201,3.870175,1329,7.3174
1169,32,10,4.136144,4.158231,1330,7.2325
1170,10,37,3.795197,3.789824,1458,7.5922
1171,37,28,3.703025,3.548768,1434,7.5698
1172,28,10,3.308510,3.457911,1443,7.5625
1173,10,61,3.979507,3.921669,1443,7.5857
1174,61,33,3.937236,3.976327,1436,7.5756
1175,33,47,3.826405,3.912909,1404,7.4117
1176,47,63,4.670668,4.395183,1431,7.5270
1177,63,37,4.891645,4.897543,1419,7.5207
1178,37,28,3.639410,3.532949,1345,7.1832
1179,28,46,4.456539,4.506805,1448,7.5675
1180,46,63,2.405215,3.124531,1461,7.6159
1181,63,8,2.506452,2.525339,1435,7.5828
1182,8,27,3.774423,3.866682,1435,7.5313
1183,27,27,3.241336,2.976040,1440,7.5857
1184,27,27,3.138724,2.887775,1457,7.5971
1185,27,16,3.814237,3.937860,1444,7.5835
1186,16,40,4.217803,4.212253,1442,7.5621
1187,40,33,3.819845,3.872122,1401,7.5516
1188,33,47,3.799928,3.865968,1431,7.5429
1189,47,63,4.568584,4.360843,1427,7.4861
1190,63,8,2.255156,2.371175,1349,7.2472
1191,8,4,4.306984,4.274768,1453,7.5892
1192,4,15,3.958706,4.063883,1292,7.1477
1193,15,1,4.037998,4.147037,1442,7.5197
1194,1,46,4.609615,4.211142,1452,7.5634
1195,46,5,4.002196,4.166082,1335,7.1568
1196,5,13,4.243704,4.136230,1230,6.8134
1197,13,24,3.759404,3.805942,1178,6.5873
1198,24,62,3.516165,3.734657,1400,7.4883
1199,62,21,2.535605,2.500072,1428,7.5800
1200,21,53,1.808761,1.918537,1463,7.6061
1201,53,21,1.814141,1.524415,1455,7.5598
1202,21,53,1.705324,1.800089,1437,7.5779
1203,53,45,4.705001,4.839827,1447,7.5489
1204,45,21,4.264822,3.896270,1277,6.9346
1205,21,54,3.894409,4.061596,1361,7.2143
1206,54,30,3.880559,3.805452,1277,6.8157
1207,30,10,3.817495,3.879184,1416,7.5408
1208,10,1,3.541845,3.658151,1355,7.2079
1209,1,46,4.535538,4.181227,1461,7.6016
1210,46,62,2.866780,2.789236,1223,6.6248
1211,62,21,2.468181,2.451670,1299,7.1316
1212,21,54,3.714970,3.908874,1291,7.0382
1213,54,30,3.904083,3.772838,1386,7.4694
1214,30,31,2.842810,2.904148,1448,7.5524
1215,31,42,3.325347,3.326280,1410,7.5763
1216,42,40,3.857854,3.817644,1369,7.3753
1217,40,33,3.775838,3.830025,1432,7.5617
1218,33,62,4.225864,4.144557,1443,7.5712
1219,62,46,2.731198,2.752520,1421,7.5422
1220,46,63,2.941397,3.193199,1428,7.5526
1221,63,8,2.221355,2.268790,1436,7.5850
1222,8,27,3.601055,3.742464,1419,7.5290
1223,27,27,3.023285,2.725325,1465,7.6694
1224,27,16,3.773568,3.880866,1441,7.5534
1225,16,40,4.211527,4.190923,1371,7.2535
1226,40,33,3.681954,3.767475,1394,7.4722
1227,33,48,4.331302,4.229171,1437,7.5043
1228,48,20,4.065630,3.902093,1327,7.1814
1229,20,47,4.235052,4.249989,1363,7.3160
1230,47,63,4.406161,4.345113,1372,7.2141
1231,63,8,2.151893,2.155811,1452,7.5719
1232,8,2,4.112882,4.184067,1380,7.3327
1233,2,9,4.035053,3.931469,1455,7.5797
1234,9,16,4.093345,4.035310,1411,7.5693
1235,16,40,4.159495,4.144215,1462,7.6059
1236,40,33,3.574607,3.705078,1417,7.5121
1237,33,62,4.321639,4.112270,1471,7.5951
1238,62,46,2.635187,2.665445,1297,7.1285
1239,46,63,2.913673,3.189822,1436,7.5390
1240,63,37,4.600516,4.659152,1435,7.4916
1241,37,62,3.805796,3.596476,1422,7.5802
1242,62,46,2.666688,2.594959,1378,7.3840
1243,46,63,2.791671,3.120322,1391,7.3944
1244,63,8,2.041874,2.117335,1430,7.5815
1245,8,2,4.054220,4.101419,1359,7.3268
1246,2,9,3.975050,3.896477,1411,7.5328
1247,9,16,3.991743,3.987093,1433,7.5585
1248,16,4,4.029360,4.251513,1474,7.5869
1249,4,40,3.466548,3.561682,1442,7.5604
1250,40,23,3.978945,3.964253,1415,7.5526
1251,23,37,4.004991,3.966624,1398,7.4535
1252,37,47,4.043349,3.888123,1372,7.3840
1253,47,63,4.400573,4.307423,1432,7.5582
1254,63,8,1.909641,2.015737,1437,7.5596
1255,8,27,3.522735,3.690191,1423,7.4672
1256,27,27,2.856467,2.553469,1441,7.6068
1257,27,16,3.711748,3.813498,1430,7.5823
1258,16,4,3.993130,4.206967,1438,7.5596
1259,4,23,4.330265,4.284475,1354,7.1585
1260,23,0,3.117281,3.561036,1423,7.5762
1261,0,62,3.519544,3.656538,1380,7.4164
1262,62,46,2.561888,2.545855,1203,6.5626
1263,46,5,3.921700,4.199865,1432,7.5805
1264,5,13,4.239525,4.111243,1358,7.1575
1265,13,24,3.654494,3.762371,1324,7.3074
1266,24,62,3.456819,3.705885,1407,7.4701
1267,62,46,2.470164,2.467920,1422,7.5426
1268,46,63,2.773983,3.172607,1442,7.5969
1269,63,63,1.464130,1.088129,1431,7.5710
1270,63,8,1.917181,1.987411,1369,7.2881
1271,8,2,3.958162,4.084894,1447,7.6334
1272,2,7,3.836653,3.864005,1428,7.5600
1273,7,1,3.665877,3.875788,1413,7.4775
1274,1,59,3.721956,3.891612,1447,7.5948
1275,59,20,4.143826,4.199866,1422,7.5091
1276,20,19,4.060045,4.020916,1416,7.5330
1277,19,17,4.280449,4.272180,1421,7.5473
1278,17,23,4.083287,3.845037,1266,6.9258
1279,23,62,3.366570,3.440427,1415,7.5263
1280,62,46,2.447494,2.415588,1410,7.4522
1281,46,62,2.537111,2.482275,1429,7.5776
1282,62,48,3.979396,3.950686,1379,7.2906
1283,48,13,4.158614,3.992665,1349,7.2663
1284,13,32,3.850618,3.841966,1450,7.6718
1285,32,10,4.068859,4.145496,1418,7.5277
1286,10,61,3.892288,3.874199,1316,7.0459
1287,61,33,3.893589,3.916493,1396,7.3884
1288,33,47,3.770747,3.809994,1459,7.6212
1289,47,35,3.907846,3.891985,1360,7.2853
1290,35,43,3.922866,3.953598,1361,7.2206
1291,43,23,3.769657,3.666547,1428,7.5485
1292,23,37,3.922931,3.920149,1416,7.4536
1293,37,47,3.862596,3.839314,1363,7.2959
1294,47,37,3.926745,3.760507,1417,7.4928
1295,37,28,3.532681,3.502606,1442,7.5771
1296,28,10,3.284810,3.398821,1405,7.4399
1297,10,1,3.600161,3.582225,1459,7.5969
1298,1,46,4.594397,4.296173,1453,7.5797
1299,46,62,2.365304,2.390112,1451,7.6199
1300,62,48,3.831302,3.849956,1441,7.5859
1301,48,41,4.006759,3.925286,1440,7.5572
1302,41,24,3.600395,3.591419,1311,7.0746
1303,24,62,3.396194,3.646556,1432,7.5721
1304,62,21,2.665941,2.565491,1457,7.5618
1305,21,54,3.533247,3.713428,1459,7.5853
1306,54,30,3.911349,3.730241,1409,7.5516
1307,30,31,2.831043,2.875927,1376,7.3327
1308,31,42,3.285447,3.230249,1451,7.5980
1309,42,22,4.127942,4.014956,1367,7.3318
1310,22,38,3.119852,3.085162,1420,7.6010
1311,38,26,3.658178,3.685669,1265,6.7873
1312,26,17,4.007369,4.018491,1401,7.4340
1313,17,23,4.024726,3.814969,1382,7.3363
1314,23,0,3.404470,3.504342,1323,7.2217
1315,0,62,3.479481,3.528438,1420,7.4985
1316,62,21,2.531359,2.459134,1220,6.5184
1317,21,53,1.785241,1.932912,1444,7.5503
1318,53,37,4.477057,4.634629,1314,6.9176
1319,37,62,3.536610,3.504513,1302,7.0904
1320,62,21,2.337170,2.373448,1311,7.2206
1321,21,54,3.245337,3.666212,1437,7.5397
1322,54,59,4.344774,4.489902,1374,7.3571
1323,59,21,4.895331,4.494020,1307,7.1374
1324,21,53,1.720866,1.902938,1458,7.5723
1325,53,45,4.485938,4.649355,1443,7.5214
1326,45,21,3.946452,3.768439,1443,7.5749
1327,21,55,3.391726,3.704168,1460,7.5871
1328,55,26,3.969121,4.000396,1349,7.1476
1329,26,17,4.032131,3.978459,1435,7.5633
1330,17,23,3.855361,3.788351,1358,7.1809
1331,23,37,3.894776,3.878562,1447,7.5975
1332,37,62,3.526635,3.433930,1355,7.2403
1333,62,21,2.395749,2.378274,1275,6.9651
1334,21,53,1.731460,1.902840,1465,7.5821
1335,53,21,2.075636,1.707567,1431,7.5439
1336,21,53,1.602161,1.783380,1478,7.5804
1337,53,45,4.424118,4.619982,1443,7.5574
1338,45,21,3.896106,3.605121,1410,7.4246
1339,21,53,1.491788,1.694247,1449,7.5882
1340,53,45,4.266940,4.495451,1449,7.5595
1341,45,54,3.576417,3.567167,1447,7.5680
1342,54,43,4.014029,3.849933,1447,7.6295
1343,43,57,3.801948,3.861011,1366,7.3219
1344,57,35,4.136830,4.053471,1443,7.4830
1345,35,48,4.273980,4.282660,1347,7.2750
1346,48,20,4.032540,3.901371,1247,6.7271
1347,20,47,4.169751,4.221111,1359,7.2263
1348,47,63,4.232880,4.268549,1420,7.5064
1349,63,8,1.868484,1.890521,1425,7.5966
1350,8,2,3.862811,3.975885,1444,7.6103
1351,2,52,3.967709,3.881026,1442,7.5439
1352,52,54,4.173140,4.086205,1432,7.5947
1353,54,59,4.404714,4.405639,1346,7.2505
1354,59,20,4.113659,4.168786,1277,6.8744
1355,20,19,4.060012,3.981013,1428,7.5860
1356,19,51,3.938468,3.901568,1298,7.0625
1357,51,54,3.991526,4.143910,1352,7.2341
1358,54,43,3.959942,3.764428,1361,7.4380
1359,43,57,3.764860,3.827626,1453,7.6259
1360,57,2,4.251479,3.953078,1470,7.5986
1361,2,9,3.951242,3.871020,1442,7.5399
1362,9,13,4.036331,3.987284,1347,7.2871
1363,13,32,3.796361,3.790264,1424,7.5952
1364,32,10,4.039313,4.133108,1423,7.5712
1365,10,1,3.398166,3.518386,1381,7.3640
1366,1,46,4.525623,4.230195,1469,7.5708
1367,46,63,2.953480,3.144608,1385,7.3318
1368,63,37,4.645230,4.655226,1281,6.9924
1369,37,62,3.419273,3.370145,1444,7.5877
1370,62,21,2.278976,2.353502,1442,7.5628
1371,21,54,3.305731,3.601186,1445,7.6235
1372,54,59,4.189341,4.367490,1348,7.1746
1373,59,21,4.636045,4.298257,1438,7.5757
1374,21,53,1.542169,1.732464,1448,7.5727
1375,53,21,1.996918,1.725509,1458,7.5695
1376,21,54,3.096234,3.456310,1483,7.6112
1377,54,30,4.007485,3.779534,1434,7.6043
1378,30,31,2.736836,2.844357,1343,7.1852
1379,31,19,3.955220,4.063466,1265,6.8431
1380,19,50,3.962930,3.998405,1406,7.4361
1381,50,9,4.181765,4.219743,1403,7.3952
1382,9,13,3.966927,3.938610,1422,7.5286
1383,13,24,3.591124,3.701969,1414,7.5693
1384,24,62,3.497835,3.649346,1448,7.5929
1385,62,46,2.710798,2.561352,1253,6.7970
1386,46,63,2.819474,3.073109,1414,7.5073
1387,63,8,1.850330,1.894810,1401,7.3795
1388,8,2,3.753773,3.904728,1444,7.5896
1389,2,7,3.902867,3.830446,1448,7.5674
1390,7,57,3.790091,3.915628,1451,7.6176
1391,57,22,3.231098,3.378936,1384,7.3505
1392,22,38,3.038753,3.021869,1455,7.6253
1393,38,0,3.346081,3.475079,1347,7.2679
1394,0,62,3.367428,3.501530,1392,7.4204
1395,62,21,2.473329,2.342021,1392,7.3788
1396,21,54,2.935679,3.342534,1402,7.5152
1397,54,59,4.254332,4.383805,1422,7.5327
1398,59,43,3.886510,3.887383,1417,7.5311
1399,43,57,3.691410,3.788399,1375,7.2697
1400,57,22,3.211697,3.338485,1462,7.6406
1401,22,2,3.903359,3.855807,1422,7.5995
1402,2,52,3.875901,3.839387,1436,7.5562
1403,52,54,4.258567,4.095241,1356,7.2330
1404,54,30,3.925731,3.723931,1411,7.6134
1405,30,10,3.803009,3.942621,1439,7.5408
1406,10,1,3.344455,3.462173,1411,7.5195
1407,1,46,4.434391,4.195378,1351,7.2356
1408,46,63,2.559681,3.003023,1429,7.6169
1409,63,8,1.764317,1.843827,1401,7.4001
1410,8,2,3.759860,3.836385,1462,7.6015
1411,2,9,3.949930,3.862925,1448,7.5496
1412,9,13,3.957103,3.898019,1387,7.4316
1413,13,24,3.503752,3.653252,1332,7.2833
1414,24,62,3.421221,3.590621,1446,7.5584
1415,62,46,2.865867,2.585792,1426,7.5578
1416,46,63,2.534537,2.963515,1346,7.2156
1417,63,37,4.538526,4.569284,1398,7.3927
1418,37,28,3.643272,3.533430,1450,7.6017
1419,28,46,4.318846,4.276831,1332,7.0611
1420,46,63,2.371468,2.891670,1411,7.5790
1421,63,63,1.228592,0.913187,1408,7.5190
1422,63,8,1.731343,1.914282,1426,7.5700
1423,8,4,4.730056,4.711687,1440,7.6023
1424,4,40,3.433862,3.521337,1370,7.3844
1425,40,23,3.896271,3.886409,1353,7.2561
1426,23,0,3.312367,3.510703,1467,7.6293
1427,0,57,3.377842,3.297483,1386,7.4002
1428,57,22,3.144497,3.242832,1441,7.6135
1429,22,38,3.112435,2.950806,1432,7.5682
1430,38,49,4.227924,4.256171,1445,7.5577
1431,49,17,4.025463,4.021057,1357,7.2507
1432,17,23,3.823652,3.758294,1444,7.5244
1433,23,0,3.210583,3.444393,1433,7.5984
1434,0,57,3.221352,3.211543,1374,7.3916
1435,57,22,2.964736,3.142027,1442,7.5876
1436,22,2,3.793471,3.845107,1436,7.6142
1437,2,7,3.824812,3.788616,1454,7.6083
1438,7,45,4.306527,4.089091,1423,7.5311
1439,45,54,3.386075,3.507095,1265,6.8548
1440,54,59,4.102735,4.273087,1260,7.0503
1441,59,20,4.093465,4.139718,1437,7.6258
1442,20,19,3.987762,3.942953,1383,7.4137
1443,19,50,3.895549,3.961024,1440,7.5452
1444,50,34,3.980174,3.948005,1421,7.4972
1445,34,50,3.965531,3.908303,1293,7.0167
1446,50,34,3.931415,3.871618,1455,7.6081
1447,34,13,4.270026,4.165809,1426,7.5679
1448,13,24,3.453619,3.614638,1365,7.3508
1449,24,41,3.581290,3.581308,1460,7.6243
1450,41,55,4.428969,4.282642,1421,7.3988
1451,55,30,3.846735,3.748042,1414,7.3908
1452,30,31,2.797168,2.826142,1442,7.5629
1453,31,42,3.174702,3.146212,1450,7.6001
1454,42,55,3.993295,4.092599,1410,7.4533
1455,55,30,3.779829,3.650426,1326,7.0184
1456,30,10,3.800476,3.911139,1458,7.5642
1457,10,1,3.267384,3.405910,1394,7.4220
1458,1,33,3.822154,3.927713,1456,7.6002
1459,33,62,4.356382,4.179898,1447,7.6570
1460,62,21,2.461080,2.343424,1318,7.2085
1461,21,54,2.832359,3.213082,1446,7.5504
1462,54,43,4.141788,3.879024,1392,7.4774
1463,43,57,3.621630,3.757489,1289,7.0572
1464,57,2,4.090977,3.910964,1398,7.4879
1465,2,9,3.956114,3.813078,1453,7.5962
1466,9,13,3.849376,3.862778,1343,7.3351
1467,13,24,3.471465,3.571008,1422,7.5825
1468,24,62,3.354660,3.548288,1455,7.6166
1469,62,21,2.554947,2.263030,1397,7.4824
1470,21,54,2.714738,3.118921,1388,7.3315
1471,54,59,4.037147,4.273676,1456,7.6191
1472,59,43,3.778641,3.794819,1412,7.5187
1473,43,57,3.633825,3.719159,1365,7.2767
1474,57,2,3.970555,3.852924,1459,7.6085
1475,2,7,3.731187,3.713619,1419,7.5589
1476,7,45,4.219727,4.048084,1379,7.3845
1477,45,54,3.433994,3.463931,1348,7.3166
1478,54,30,3.754083,3.642634,1434,7.5856
1479,30,40,3.992724,4.096227,1299,6.9248
1480,40,23,3.927227,3.825820,1439,7.5479
1481,23,62,3.426705,3.380213,1421,7.5107
1482,62,21,2.260989,2.206322,1286,7.1812
1483,21,53,1.821968,2.106385,1477,7.5915
1484,53,21,2.100625,1.756188,1471,7.5718
1485,21,53,1.868857,1.976740,1393,7.3483
1486,53,45,4.221109,4.424662,1429,7.5166
1487,45,54,3.381658,3.345830,1442,7.5716
1488,54,43,3.957798,3.838171,1473,7.6369
1489,43,23,3.858583,3.764172,1408,7.5713
1490,23,0,3.499550,3.439626,1465,7.6213
1491,0,57,3.190367,3.154522,1403,7.5385
1492,57,22,2.996619,3.092935,1311,7.0280
1493,22,60,3.864624,3.881144,1448,7.6403
1494,60,22,3.504083,3.557436,1401,7.5128
1495,22,38,3.082640,2.888129,1442,7.6203
1496,38,0,3.316455,3.445065,1408,7.4797
1497,0,57,3.028021,3.076659,1381,7.3935
1498,57,35,4.096819,4.042658,1387,7.4485
1499,35,48,4.321731,4.246892,1252,6.9180
1500,48,41,3.955541,3.856080,1418,7.5044
1501,41,55,4.335945,4.255909,1465,7.5961
1502,55,58,3.741269,3.730392,1468,7.5821
1503,58,4,3.977774,3.929237,1426,7.5492
1504,4,40,3.402571,3.457526,1423,7.4753
1505,40,33,3.522770,3.636917,1438,7.5455
1506,33,47,3.690482,3.734915,1443,7.5685
1507,47,63,4.222651,4.203158,1401,7.3393
1508,63,63,1.198554,0.892763,1386,7.3520
1509,63,37,4.531888,4.556789,1443,7.5928
1510,37,28,3.767426,3.509911,1399,7.4247
1511,28,46,4.329247,4.167493,1376,7.2955
1512,46,63,2.309004,2.791136,1419,7.5717
1513,63,37,4.327152,4.390321,1470,7.6382
1514,37,47,3.950079,3.851169,1447,7.6192
1515,47,35,3.907608,3.846322,1359,7.2280
1516,35,43,3.996600,3.937720,1435,7.6166
1517,43,23,3.791860,3.707652,1432,7.5964
1518,23,62,3.401802,3.365939,1431,7.5520
1519,62,21,2.209114,2.196388,1423,7.5212
1520,21,53,1.834505,1.946701,1466,7.6060
1521,53,21,2.028571,1.677831,1456,7.5585
1522,21,53,1.839046,1.823056,1388,7.4409
1523,53,37,4.684880,4.844058,1440,7.5311
1524,37,62,3.317212,3.333655,1247,6.9431
1525,62,21,2.128287,2.145732,1414,7.4793
1526,21,53,1.679028,1.785441,1444,7.5789
1527,53,45,4.248620,4.475968,1457,7.5907
1528,45,54,3.209396,3.240427,1454,7.5602
1529,54,59,3.912874,4.178591,1413,7.5437
1530,59,43,3.695523,3.705927,1412,7.5655
1531,43,23,3.661321,3.671678,1309,7.0769
1532,23,0,3.001652,3.404140,1453,7.6056
1533,0,57,3.041816,2.990782,1437,7.5566
1534,57,22,2.887649,2.966395,1437,7.5912
1535,22,38,2.929750,2.815675,1396,7.5840
1536,38,0,3.199860,3.353280,1453,7.5774
1537,0,57,2.873810,2.907323,1395,7.4223
1538,57,2,4.031956,3.876383,1438,7.6065
1539,2,7,3.696142,3.646368,1441,7.5709
1540,7,57,3.811134,3.887555,1389,7.4412
1541,57,22,2.673056,2.858619,1411,7.5239
1542,22,60,3.810691,3.825890,1447,7.6258
1543,60,7,3.934633,3.838579,1367,7.3180
1544,7,1,3.907426,3.865207,1440,7.5695
1545,1,46,4.136160,4.093565,1293,7.1092
1546,46,62,2.693838,2.642310,1361,7.3332
1547,62,46,2.810549,2.698463,1452,7.6082
1548,46,63,2.600390,2.778370,1455,7.6399
1549,63,63,1.047822,0.711258,1442,7.6174
1550,63,63,0.823330,0.599710,1451,7.6038
1551,63,8,1.971093,2.184874,1456,7.5843
1552,8,4,4.554437,4.530733,1448,7.6127
1553,4,40,3.297980,3.425984,1442,7.6020
1554,40,23,3.933214,3.867468,1448,7.5786
1555,23,37,4.052149,3.969505,1344,7.1097
1556,37,62,3.424966,3.236658,1315,7.1671
1557,62,21,2.164992,2.100658,1416,7.5520
1558,21,55,3.877955,4.206486,1460,7.6175
1559,55,30,3.653315,3.583275,1457,7.5711
1560,30,31,2.780607,2.811202,1295,6.9682
1561,31,42,3.085477,3.052663,1421,7.5157
1562,42,22,4.293211,4.077440,1401,7.4958
1563,22,38,2.942188,2.764813,1452,7.6250
1564,38,49,4.186472,4.263441,1416,7.5578
1565,49,24,4.141518,4.267122,1422,7.5210
1566,24,62,3.372286,3.593231,1451,7.6321
1567,62,21,1.986208,2.029513,1367,7.3117
1568,21,53,1.783553,1.888270,1449,7.5750
1569,53,21,2.015776,1.654714,1462,7.5732
1570,21,53,1.839413,1.762794,1466,7.6106
1571,53,37,4.541355,4.794220,1484,7.5674
1572,37,62,3.311787,3.203543,1408,7.5365
1573,62,21,1.892630,1.986547,1429,7.5770
1574,21,54,3.010145,3.559124,1450,7.6153
1575,54,43,3.818375,3.778105,1476,7.6441
1576,43,23,3.806612,3.666927,1317,7.1663
1577,23,62,3.303490,3.376625,1400,7.3474
1578,62,21,1.752932,1.937933,1270,6.9277
1579,21,54,2.808234,3.444058,1438,7.5396
1580,54,43,3.967138,3.728144,1452,7.6253
1581,43,23,3.648145,3.629327,1360,7.2761
1582,23,0,3.355264,3.432907,1446,7.5694
1583,0,57,2.918552,2.867849,1459,7.5993
1584,57,2,4.014811,3.781004,1337,7.1677
1585,2,9,3.867849,3.769039,1305,7.1469
1586,9,13,3.784898,3.808034,1430,7.6072
1587,13,24,3.437705,3.533880,1428,7.6138
1588,24,41,3.514419,3.500412,1459,7.6425
1589,41,24,3.400474,3.371141,1438,7.5683
1590,24,41,3.395671,3.397633,1466,7.6075
1591,41,22,4.050063,4.081668,1400,7.3484
1592,22,38,2.751090,2.686840,1401,7.5914
1593,38,26,3.752350,3.743254,1398,7.4130
1594,26,17,3.948431,3.945361,1450,7.5961
1595,17,23,3.806054,3.726097,1411,7.5059
1596,23,0,3.217659,3.362678,1443,7.6254
1597,0,57,2.761592,2.790797,1437,7.5770
1598,57,2,3.889650,3.711759,1340,7.1490
1599,2,7,3.599752,3.574056,1446,7.5526
1600,7,1,3.779502,3.829974,1298,6.9323
1601,1,46,4.351415,4.056755,1321,7.0845
1602,46,63,2.443554,2.673604,1175,6.4769
1603,63,37,4.360972,4.494376,1455,7.6157
1604,37,62,3.288232,3.144085,1422,7.5250
1605,62,48,4.046101,4.099977,1431,7.5719
1606,48,20,4.018805,3.902902,1383,7.2858
1607,20,19,3.921080,3.895171,1437,7.6047
1608,19,50,3.840164,3.907003,1439,7.5783
1609,50,34,3.833949,3.808649,1456,7.6002
1610,34,50,3.838707,3.761838,1453,7.6122
1611,50,34,3.750342,3.726143,1444,7.5781
1612,34,50,3.752808,3.676024,1428,7.5874
1613,50,34,3.691288,3.637853,1466,7.5851
1614,34,50,3.643661,3.584776,1435,7.5440
1615,50,9,4.079762,4.190586,1478,7.6027
1616,9,16,3.947246,3.901083,1447,7.5965
1617,16,4,3.895675,4.125328,1456,7.5761
1618,4,40,3.245800,3.373646,1369,7.4194
1619,40,23,3.946142,3.868523,1334,7.1026
1620,23,37,4.079218,3.956535,1414,7.5700
1621,37,28,3.912891,3.585866,1383,7.4443
1622,28,53,4.622451,4.451049,1449,7.5602
1623,53,45,4.055259,4.203635,1302,7.0945
1624,45,21,3.349253,3.373345,1449,7.5352
1625,21,55,3.674055,4.165307,1366,7.1463
1626,55,58,3.674730,3.718047,1455,7.5949
1627,58,51,4.137270,4.244895,1249,6.7507
1628,51,4,4.172448,4.163266,1377,7.3744
1629,4,40,3.225753,3.329107,1421,7.5627
1630,40,24,3.815260,3.707344,1456,7.6007
1631,24,36,3.957102,3.924662,1450,7.6218
1632,36,20,3.935677,3.984605,1423,7.5417
1633,20,19,3.945141,3.856831,1419,7.5799
1634,19,51,3.870329,3.829067,1443,7.6006
1635,51,54,4.116965,4.226906,1434,7.6060
1636,54,30,3.654555,3.594240,1447,7.5900
1637,30,31,2.675016,2.781562,1412,7.4716
1638,31,42,2.908259,2.958416,1428,7.5447
1639,42,22,4.361751,4.037126,1409,7.4665
1640,22,38,2.702944,2.632622,1462,7.6255
1641,38,26,3.640766,3.660468,1329,7.1637
1642,26,17,3.934658,3.902883,1415,7.5308
1643,17,48,4.268819,4.268076,1438,7.5770
1644,48,20,3.982390,3.857944,1439,7.5968
1645,20,19,3.818866,3.816673,1403,7.4966
1646,19,51,3.800017,3.780981,1360,7.2261
1647,51,54,4.090726,4.201168,1417,7.5277
1648,54,30,3.476199,3.443832,1469,7.6171
1649,30,31,2.606291,2.761849,1412,7.5030
1650,31,19,3.941042,4.088209,1407,7.5068
1651,19,50,3.819016,3.841803,1428,7.5681
1652,50,34,3.594944,3.541649,1409,7.4716
1653,34,50,3.540076,3.488439,1444,7.5717
1654,50,34,3.470647,3.456762,1432,7.5772
1655,34,50,3.428284,3.398788,1414,7.5140
1656,50,9,4.025820,4.151994,1430,7.5785
1657,9,13,3.766884,3.754246,1472,7.6450
1658,13,31,3.595729,4.022775,1414,7.6709
1659,31,42,2.790860,2.862409,1358,7.3683
1660,42,40,3.520627,3.618635,1436,7.5175
1661,40,24,3.764088,3.642223,1338,7.2738
1662,24,41,3.348191,3.336398,1437,7.6442
1663,41,55,4.272640,4.197799,1456,7.5634
1664,55,58,3.605677,3.672293,1336,7.2448
1665,58,15,4.220624,4.164805,1392,7.3902
1666,15,33,3.766340,3.894167,1431,7.5539
1667,33,47,3.641449,3.675558,1438,7.5501
1668,47,37,3.994107,3.801538,1340,7.1205
1669,37,28,3.741486,3.489965,1437,7.5981
1670,28,10,3.201567,3.361008,1366,7.3613
1671,10,61,3.807423,3.827330,1416,7.5402
1672,61,6,4.170528,4.210798,1432,7.4564
1673,6,12,4.102772,4.185657,1318,7.1158
1674,12,40,4.462582,4.343212,1365,7.3665
1675,40,33,3.579453,3.561325,1360,7.2506
1676,33,47,3.558742,3.625375,1463,7.5903
1677,47,35,3.922208,3.810956,1423,7.5430
1678,35,43,4.014553,3.938051,1421,7.5685
1679,43,23,3.612829,3.590298,1240,6.6392
1680,23,0,3.177101,3.328486,1315,7.1486
1681,0,62,3.343009,3.438737,1429,7.5969
1682,62,21,1.961406,1.941283,1418,7.5610
1683,21,55,3.536281,4.016501,1417,7.5781
1684,55,58,3.560059,3.621919,1452,7.5498
1685,58,4,4.058697,3.929642,1449,7.5632
1686,4,15,3.919250,3.996453,1401,7.5076
1687,15,1,4.045156,4.078733,1303,7.0245
1688,1,46,4.261153,3.990866,1404,7.3604
1689,46,63,2.229003,2.649858,1456,7.6310
1690,63,37,4.190994,4.299991,1420,7.5742
1691,37,62,3.055332,3.058941,1439,7.5764
1692,62,21,1.963284,1.877682,1378,7.3362
1693,21,54,3.095528,3.423704,1469,7.5926
1694,54,43,3.823402,3.629102,1450,7.5970
1695,43,3,4.338549,4.374393,1407,7.5437
1696,3,25,4.168580,4.112099,1395,7.5027
1697,25,44,4.141510,4.045558,1348,7.0806
1698,44,1,3.896162,4.060391,1457,7.5949
1699,1,46,4.181049,3.938238,1372,7.2775
1700,46,63,2.186177,2.622631,1410,7.5116
1701,63,8,1.916955,2.220486,1442,7.5908
1702,8,27,3.637783,3.744386,1442,7.5868
1703,27,27,2.721591,2.411124,1442,7.5940
1704,27,27,2.572469,2.281712,1447,7.5894
1705,27,53,5.324393,5.158387,1472,7.6117
1706,53,45,3.700133,3.858522,1383,7.4100
1707,45,54,3.009737,2.996037,1314,7.1878
1708,54,59,3.995075,4.201665,1425,7.5338
1709,59,21,4.251950,4.079488,1350,7.4242
1710,21,53,2.292570,2.218477,1388,7.4817
1711,53,45,3.501544,3.764503,1444,7.5298
1712,45,54,2.844702,2.883753,1443,7.5882
1713,54,30,3.510580,3.426143,1463,7.6291
1714,30,31,2.622693,2.760328,1392,7.3775
1715,31,42,2.681479,2.764247,1401,7.4544
1716,42,22,4.287236,4.010530,1433,7.5851
1717,22,38,2.607789,2.580349,1414,7.5335
1718,38,26,3.502073,3.568619,1415,7.4692
1719,26,17,3.903627,3.858102,1399,7.5003
1720,17,0,3.614436,3.791893,1442,7.5870
1721,0,57,2.786566,2.746444,1437,7.5853
1722,57,2,3.733343,3.618827,1382,7.4917
1723,2,9,3.797381,3.727844,1384,7.4232
1724,9,13,3.704329,3.699040,1436,7.6118
1725,13,32,3.707015,3.717665,1383,7.3531
1726,32,29,4.053014,4.027246,1383,7.3988
1727,29,23,4.226014,4.294484,1320,7.1184
1728,23,62,3.260941,3.409690,1348,7.1445
1729,62,21,1.962631,1.938325,1266,6.7748
1730,21,53,2.063207,2.159486,1385,7.3840
1731,53,21,2.108240,1.705529,1447,7.5564
1732,21,53,2.139900,2.008818,1445,7.5621
1733,53,21,1.972735,1.587618,1463,7.5461
1734,21,53,1.966683,1.857613,1443,7.5883
1735,53,45,3.597436,3.900039,1446,7.4549
1736,45,54,2.824673,2.808563,1457,7.5883
1737,54,30,3.392054,3.339475,1414,7.4317
1738,30,31,2.574847,2.741592,1437,7.5263
1739,31,19,3.958522,4.040941,1250,7.0004
1740,19,51,3.793600,3.729558,1388,7.4465
1741,51,56,4.232034,4.165829,1351,7.2581
1742,56,54,4.697408,4.404984,1225,6.6700
1743,54,30,3.197994,3.201480,1406,7.5171
1744,30,10,4.022067,4.197424,1433,7.5673
1745,10,61,3.734303,3.769651,1414,7.5398
1746,61,6,4.138153,4.167504,1430,7.6078
1747,6,23,4.357443,4.384148,1456,7.5927
1748,23,37,3.983764,3.919750,1401,7.4650
1749,37,62,3.099089,3.006568,1445,7.6011
1750,62,46,3.244799,2.995432,1420,7.5324
1751,46,63,2.149816,2.577777,1413,7.5448
1752,63,8,1.902249,2.147166,1461,7.6175
1753,8,4,4.456310,4.490470,1392,7.3496
1754,4,15,3.836683,3.949426,1379,7.1470
1755,15,1,3.928998,4.041405,1449,7.5645
1756,1,59,4.058238,4.121680,1430,7.5763
1757,59,21,4.210924,4.104874,1457,7.6821
1758,21,53,1.616624,1.713199,1429,7.6445
1759,53,21,1.874294,1.547317,1453,7.5424
1760,21,54,2.877284,3.293181,1464,7.6115
1761,54,30,3.116318,3.135023,1402,7.4681
1762,30,10,4.018992,4.152648,1430,7.5761
1763,10,1,3.247923,3.392983,1456,7.6147
1764,1,46,4.129114,3.897088,1432,7.5616
1765,46,62,2.766220,2.678462,1411,7.5297
1766,62,21,2.030207,2.013766,1405,7.4801
1767,21,54,2.607906,3.179943,1427,7.5608
1768,54,43,3.736704,3.698126,1452,7.6046
1769,43,23,3.680673,3.598351,1436,7.6011
1770,23,0,3.241244,3.304562,1435,7.6019
1771,0,62,3.301341,3.395948,1425,7.5625
1772,62,46,2.983251,2.924834,1452,7.6323
1773,46,63,2.344171,2.566428,1419,7.6000
1774,63,8,1.925953,2.075375,1370,7.4763
1775,8,2,4.179406,4.215055,1427,7.5478
1776,2,9,3.752894,3.653180,1468,7.6044
1777,9,13,3.660278,3.643184,1439,7.6141
1778,13,32,3.640273,3.658240,1432,7.6475
1779,32,29,3.984931,3.975553,1415,7.5172
1780,29,23,4.227784,4.265118,1437,7.5512
1781,23,0,3.449287,3.256979,1447,7.6009
1782,0,43,4.233223,4.189774,1460,7.6344
1783,43,57,3.651917,3.661881,1440,7.6166
1784,57,2,3.693576,3.562479,1378,7.3843
1785,2,52,4.014728,3.861164,1455,7.5351
1786,52,54,4.608623,4.157799,1387,7.4151
1787,54,30,3.046410,3.043049,1357,7.3087
1788,30,31,2.510760,2.829642,1336,7.1948
1789,31,42,2.625479,2.686552,1419,7.5419
1790,42,55,4.023655,4.184732,1446,7.5902
1791,55,58,3.510765,3.556947,1444,7.5577
1792,58,4,3.988222,3.903672,1432,7.5503
1793,4,40,3.165824,3.283108,1426,7.5168
1794,40,24,3.660461,3.570201,1391,7.4632
1795,24,41,3.308827,3.272203,1429,7.5847
1796,41,22,4.025853,4.068938,1367,7.2214
1797,22,38,2.586998,2.537973,1438,7.5879
1798,38,26,3.394276,3.486004,1379,7.4502
1799,26,17,3.915100,3.815247,1412,7.5218
1800,17,23,3.834645,3.724264,1402,7.4041
1801,23,37,3.974339,3.872814,1190,6.7100
1802,37,62,2.954301,2.945289,1460,7.5993
1803,62,48,4.012518,4.096270,1396,7.4419
1804,48,41,3.844497,3.756220,1270,6.9601
1805,41,55,4.218278,4.156777,1437,7.5406
1806,55,30,3.177324,3.254076,1375,7.3127
1807,30,31,2.525763,2.774520,1460,7.6220
1808,31,42,2.565456,2.593344,1349,7.2266
1809,42,40,3.488005,3.568034,1381,7.4544
1810,40,33,3.469424,3.507920,1413,7.5626
1811,33,47,3.542135,3.570064,1362,7.3845
1812,47,35,3.900243,3.762588,1428,7.5335
1813,35,43,4.045006,3.940510,1272,6.8864
1814,43,57,3.449037,3.578289,1429,7.5929
1815,57,22,2.912244,3.016556,1399,7.5620
1816,22,38,2.552029,2.438859,1451,7.6705
1817,38,26,3.278411,3.403019,1417,7.5006
1818,26,42,4.394739,4.325203,1406,7.4955
1819,42,40,3.320491,3.480521,1422,7.5002
1820,40,23,4.084431,3.913505,1450,7.5856
1821,23,62,3.412128,3.445209,1404,7.5026
1822,62,46,2.888744,2.815614,1440,7.6312
1823,46,62,2.708937,2.470038,1430,7.6516
1824,62,21,2.082466,2.054640,1417,7.5137
1825,21,55,3.559601,4.056542,1479,7.6354
1826,55,26,3.908945,3.988241,1359,7.2881
1827,26,17,3.863883,3.770630,1355,7.2269
1828,17,48,4.276902,4.272356,1408,7.3910
1829,48,13,4.407124,4.124342,1416,7.5353
1830,13,31,3.909273,4.047178,1390,7.5727
1831,31,30,3.037508,2.803167,1338,7.2844
1832,30,10,4.101161,4.157005,1457,7.6152
1833,10,61,3.661689,3.734000,1369,7.2810
1834,61,33,3.606337,3.770572,1414,7.5436
1835,33,47,3.531296,3.496275,1436,7.5794
1836,47,63,3.617210,4.047853,1384,7.3897
1837,63,8,1.821007,1.961515,1413,7.5645
1838,8,4,4.363669,4.490825,1442,7.6416
1839,4,15,3.808390,3.908413,1472,7.6053
1840,15,1,3.909750,3.998344,1456,7.6037
1841,1,46,4.029443,3.883127,1408,7.4723
1842,46,63,2.191737,2.591366,1456,7.6556
1843,63,63,1.047880,0.738813,1454,7.6550
1844,63,37,4.148802,4.208269,1459,7.6467
1845,37,62,2.871948,2.860190,1424,7.5542
1846,62,21,1.939158,1.978103,1339,7.3050
1847,21,53,1.978909,1.948773,1300,6.8752
1848,53,21,1.891396,1.526305,1453,7.5346
1849,21,55,3.639315,3.974034,1406,7.5430
1850,55,58,3.506196,3.580581,1460,7.5644
1851,58,15,4.136706,4.094060,1433,7.5963
1852,15,33,3.711214,3.752683,1431,7.5735
1853,33,47,3.408575,3.439118,1366,7.4118
1854,47,63,3.585689,3.983008,1418,7.4926
1855,63,37,3.864138,3.945001,1448,7.6767
1856,37,28,3.655109,3.526257,1446,7.5882
1857,28,46,3.626364,3.834883,1446,7.5809
1858,46,62,2.536172,2.459425,1440,7.6286
1859,62,46,2.684463,2.712512,1465,7.5989
1860,46,62,2.516908,2.301760,1460,7.6443
1861,62,21,1.859341,1.986258,1443,7.6059
1862,21,53,1.901197,1.890794,1449,7.5874
1863,53,37,4.389695,4.541756,1457,7.5554
1864,37,62,2.657722,2.727056,1430,7.5461
1865,62,21,1.862935,1.928399,1407,7.4886
1866,21,53,1.914570,1.840741,1464,7.6202
1867,53,21,1.831411,1.467347,1452,7.5477
1868,21,55,3.539616,3.955095,1442,7.6186
1869,55,58,3.469097,3.547083,1438,7.4733
1870,58,4,4.078337,3.913766,1453,7.5942
1871,4,40,3.224004,3.218810,1435,7.5866
1872,40,24,3.645932,3.530478,1327,7.0980
1873,24,36,3.871152,3.881693,1447,7.6641
1874,36,44,3.947714,3.903707,1387,7.2683
1875,44,1,3.862490,4.019515,1444,7.6231
1876,1,46,3.922403,3.806762,1403,7.4789
1877,46,5,4.374639,4.432950,1243,7.0133
1878,5,13,4.394468,4.162475,1458,7.6210
1879,13,24,3.429273,3.475471,1341,7.2728
1880,24,62,3.791575,4.022160,1436,7.6766
1881,62,46,2.709806,2.659036,1421,7.4917
1882,46,63,2.318576,2.642575,1412,7.5786
1883,63,37,3.637514,3.762408,1448,7.6212
1884,37,47,4.200259,4.014093,1323,7.1065
1885,47,35,3.941802,3.727911,1394,7.4637
1886,35,49,4.219577,4.327058,1462,7.6110
1887,49,24,4.363328,4.270434,1412,7.5036
1888,24,62,3.879458,3.985046,1402,7.5077
1889,62,48,4.030689,4.080086,1453,7.5697
1890,48,20,4.015795,3.859839,1408,7.4568
1891,20,19,3.780623,3.792227,1387,7.2911
1892,19,50,3.842722,3.770520,1450,7.6300
1893,50,9,4.044582,4.081012,1370,7.3340
1894,9,13,3.597148,3.617588,1413,7.5248
1895,13,24,3.301869,3.423467,1437,7.6522
1896,24,41,3.141478,3.219729,1451,7.6145
1897,41,24,3.149376,3.066690,1430,7.5316
1898,24,62,3.871768,3.932144,1474,7.6528
1899,62,21,1.912083,1.960680,1393,7.3431
1900,21,53,1.696833,1.769370,1438,7.5311
1901,53,21,1.719044,1.433211,1461,7.5841
1902,21,54,3.072845,3.530555,1446,7.5460
1903,54,30,2.987420,2.958716,1452,7.5686
1904,30,31,2.514287,2.702325,1457,7.6136
1905,31,42,2.458695,2.554486,1416,7.5628
1906,42,22,4.333387,4.033919,1422,7.5950
1907,22,38,2.431742,2.395114,1418,7.5141
1908,38,26,3.146988,3.304221,1387,7.5043
1909,26,17,3.753436,3.709175,1323,7.1860
1910,17,0,3.407905,3.671736,1389,7.4180
1911,0,62,3.334195,3.473335,1462,7.5903
1912,62,48,3.818389,3.915850,1365,7.3056
1913,48,41,3.842697,3.718555,1328,7.0398
1914,41,22,4.048250,4.065076,1420,7.5617
1915,22,38,2.489415,2.339112,1406,7.5214
1916,38,26,2.995471,3.217780,1365,7.4026
1917,26,42,4.425143,4.336973,1396,7.4102
1918,42,40,3.256906,3.405744,1326,7.1153
1919,40,23,4.126003,3.875227,1314,7.2364
1920,23,0,3.166091,3.270223,1374,7.3206
1921,0,57,2.752635,2.775573,1396,7.3240
1922,57,2,3.654615,3.510041,1318,7.1779
1923,2,9,3.736304,3.608362,1429,7.5330
1924,9,13,3.525402,3.566046,1402,7.5516
1925,13,32,3.596807,3.622581,1315,7.3463
1926,32,10,4.125246,4.158904,1409,7.5209
1927,10,1,3.222410,3.381907,1387,7.4389
1928,1,33,3.658481,3.767560,1335,7.2603
1929,33,62,4.439704,4.278486,1128,6.2647
1930,62,46,2.587339,2.648012,1444,7.5798
1931,46,63,2.517410,2.587004,1351,7.3575
1932,63,8,2.035690,2.174172,1339,7.2617
1933,8,2,4.011667,4.160491,1446,7.6171
1934,2,7,3.647189,3.522312,1448,7.5537
1935,7,45,4.399181,4.194862,1445,7.5820
1936,45,54,2.817142,2.865524,1437,7.6046
1937,54,30,2.783164,2.850156,1455,7.6001
1938,30,31,2.626795,2.682404,1326,7.0581
1939,31,42,2.379699,2.497974,1437,7.5887
1940,42,40,3.168098,3.310217,1394,7.3866
1941,40,33,3.372989,3.491191,1407,7.5515
1942,33,62,4.338743,4.239699,1367,7.3735
1943,62,21,1.899496,2.017673,1417,7.5507
1944,21,53,1.747784,1.774502,1428,7.5701
1945,53,21,1.794955,1.406455,1469,7.5604
1946,21,53,1.651890,1.673496,1457,7.6188
1947,53,37,4.405442,4.631880,1450,7.6002
1948,37,28,3.770502,3.561841,1341,7.1659
1949,28,53,4.544828,4.270336,1438,7.5936
1950,53,37,4.141617,4.306045,1452,7.5821
1951,37,62,2.902337,2.868793,1431,7.5530
1952,62,21,1.911760,1.972314,1457,7.6278
1953,21,53,1.566028,1.699739,1458,7.5964
1954,53,37,3.933819,4.160087,1443,7.5412
1955,37,28,3.765774,3.576727,1427,7.5127
1956,28,53,4.318722,4.132668,1382,7.4464
1957,53,37,3.686180,3.867686,1459,7.5675
1958,37,28,3.652523,3.538088,1425,7.5499
1959,28,10,3.342925,3.446913,1415,7.5584
1960,10,37,4.098299,4.117307,1439,7.5734
1961,37,28,3.610597,3.397408,1423,7.5515
1962,28,10,3.291823,3.397690,1466,7.6499
1963,10,61,3.588300,3.664485,1426,7.5576
1964,61,6,4.033911,4.125173,1451,7.6129
1965,6,12,4.094354,4.135731,1428,7.4870
1966,12,62,4.286829,4.292562,1439,7.5808
1967,62,21,1.853561,1.959505,1370,7.3333
1968,21,55,3.485489,3.946219,1459,7.6203
1969,55,26,3.817837,3.969754,1469,7.5890
1970,26,42,4.380741,4.251433,1267,7.0080
1971,42,55,4.033063,4.171670,1389,7.3621
1972,55,26,3.672766,3.899396,1461,7.5892
1973,26,17,3.738641,3.657742,1376,7.3353
1974,17,23,4.011494,3.755704,1450,7.5742
1975,23,62,3.600083,3.443197,1443,7.5891
1976,62,46,2.596230,2.605272,1463,7.5982
1977,46,63,2.372195,2.579848,1435,7.6764
1978,63,8,1.997207,2.127026,1416,7.5834
1979,8,27,3.429439,3.595172,1437,7.6006
1980,27,27,2.473195,2.078951,1449,7.6277
1981,27,27,2.259626,1.936261,1423,7.5848
1982,27,16,3.659223,3.768449,1437,7.5846
1983,16,40,3.873941,4.068850,1404,7.4112
1984,40,33,3.300500,3.382342,1344,7.1203
1985,33,62,4.227865,4.174313,1424,7.5613
1986,62,21,1.960868,2.023557,1384,7.4135
1987,21,53,1.873890,1.807902,1418,7.5126
1988,53,37,3.415323,3.714289,1460,7.5930
1989,37,62,3.172213,2.982163,1421,7.5759
1990,62,48,3.787450,3.810383,1453,7.5954
1991,48,13,4.476692,4.208887,1432,7.5692
1992,13,24,3.222825,3.360674,1233,6.6768
1993,24,41,3.036447,3.097889,1444,7.6214
1994,41,55,4.127683,4.107995,1451,7.5462
1995,55,58,3.389645,3.508488,1436,7.5950
1996,58,4,4.005052,3.864237,1396,7.5173
1997,4,40,3.001557,3.134985,1416,7.4215
1998,40,23,4.036844,3.860738,1378,7.3390
1999,23,62,3.293781,3.391163,1439,7.5723
2000,62,48,3.563621,3.665013,1392,7.4398
2001,48,13,4.403840,4.205549,1424,7.5413
2002,13,24,3.090410,3.309178,1419,7.5650
2003,24,41,2.932791,3.015304,1424,7.5819
2004,41,22,3.988695,4.032119,1418,7.5213
2005,22,38,2.387025,2.306147,1403,7.5348
2006,38,26,2.750999,3.108604,1388,7.3971
2007,26,13,4.314505,4.247987,1376,7.2797
2008,13,32,3.595507,3.592126,1374,7.5055
2009,32,10,4.142174,4.154757,1413,7.5419
2010,10,37,4.035324,4.043043,1317,7.1652
2011,37,62,2.978166,2.932390,1404,7.5193
2012,62,46,2.635497,2.562516,1437,7.5502
2013,46,62,2.455984,2.323958,1463,7.6676
2014,62,48,3.459402,3.602747,1482,7.6264
2015,48,13,4.404504,4.202741,1457,7.6064
2016,13,24,2.983855,3.268920,1398,7.5137
2017,24,41,2.852835,2.922621,1435,7.5985
2018,41,22,3.936244,3.980776,1456,7.5808
2019,22,2,3.357714,3.430737,1385,7.3904
2020,2,7,3.609737,3.440921,1436,7.5189
2021,7,45,4.241700,4.133198,1449,7.5884
2022,45,21,3.288762,3.419180,1355,7.2300
2023,21,55,3.320548,3.697131,1458,7.5987
2024,55,58,3.344848,3.455715,1336,7.1998
2025,58,15,4.166729,4.091481,1438,7.5742
2026,15,1,3.953222,3.980043,1413,7.5472
2027,1,59,3.982515,4.033572,1440,7.5990
2028,59,20,4.156211,4.097156,1408,7.3861
2029,20,30,4.442451,4.370749,1459,7.6570
2030,30,31,2.502493,2.574543,1435,7.6271
2031,31,30,2.797595,2.594314,1427,7.5613
2032,30,31,2.482385,2.394043,1443,7.6126
2033,31,30,2.491253,2.427392,1388,7.3584
2034,30,10,4.271845,4.259799,1459,7.6079
2035,10,1,3.132266,3.320099,1338,7.2792
2036,1,46,4.039555,3.837573,1415,7.5561
2037,46,63,2.327701,2.574662,1435,7.6517
2038,63,8,1.960191,2.101922,1371,7.3667
2039,8,4,4.203307,4.429874,1475,7.6249
2040,4,40,2.950990,3.100423,1464,7.6147
2041,40,33,3.222849,3.291166,1317,7.1624
2042,33,62,4.070776,4.127878,1380,7.4605
2043,62,46,2.394180,2.447378,1377,7.3789
2044,46,62,2.423802,2.244855,1402,7.5754
2045,62,21,2.081167,2.214924,1445,7.5824
2046,21,53,1.823574,1.741889,1407,7.5302
2047,53,37,3.376481,3.579008,1449,7.5561
2048,37,47,4.383662,4.298309,1396,7.5020
2049,47,63,3.486909,3.801327,1293,6.9464
2050,63,37,3.681651,3.706422,1442,7.6316
2051,37,47,4.364518,4.198910,1439,7.5962
2052,47,37,3.970951,3.675822,1461,7.5874
2053,37,62,3.149708,2.821651,1397,7.5443
2054,62,21,1.973663,2.119539,1442,7.5180
2055,21,53,1.837127,1.723495,1466,7.6329
2056,53,45,3.791588,4.291947,1449,7.5950
2057,45,21,3.333977,3.330356,1449,7.5778
2058,21,54,3.252859,3.628133,1420,7.5050
2059,54,30,2.746475,2.844866,1451,7.6145
2060,30,40,3.908880,4.448036,1430,7.5652
2061,40,24,3.547170,3.509467,1437,7.5847
2062,24,36,3.844982,3.881977,1441,7.6761
2063,36,20,3.913178,3.944903,1414,7.4802
2064,20,47,4.100514,4.200433,1460,7.6481
2065,47,37,3.833348,3.630702,1429,7.5601
2066,37,28,3.608192,3.316097,1473,7.6146
2067,28,46,3.295295,3.530204,1366,7.3117
2068,46,62,2.208208,2.178992,1420,7.6425
2069,62,46,2.317922,2.330520,1460,7.6227
2070,46,62,2.042481,2.038521,1440,7.6614
2071,62,48,3.507490,3.643450,1446,7.6311
2072,48,41,3.943166,3.676777,1461,7.5664
2073,41,24,2.859543,2.774598,1432,7.5787
2074,24,62,4.293638,4.177353,1434,7.6083
2075,62,21,2.197030,2.215679,1417,7.5665
2076,21,55,3.310882,3.654147,1399,7.4979
2077,55,26,3.646512,3.860956,1470,7.6185
2078,26,42,4.324447,4.195662,1423,7.5564
2079,42,22,4.317945,3.876630,1430,7.6112
2080,22,60,3.857724,3.854925,1470,7.6567
2081,60,61,4.245311,4.267117,1380,7.3452
2082,61,33,3.576614,3.687139,1404,7.4870
2083,33,48,4.474930,4.471887,1387,7.5188
2084,48,41,3.888640,3.619989,1450,7.5966
2085,41,24,2.768318,2.723864,1404,7.4919
2086,24,62,4.138794,4.086882,1433,7.5873
2087,62,48,3.215976,3.383526,1439,7.6306
2088,48,41,3.810416,3.572174,1356,7.3151
2089,41,24,2.745829,2.681836,1428,7.5660
2090,24,41,2.734053,2.757333,1432,7.5228
2091,41,24,2.608851,2.535537,1439,7.5874
2092,24,41,2.568786,2.616191,1372,7.3067
2093,41,22,3.925590,4.011207,1436,7.5997
2094,22,38,2.412852,2.313096,1415,7.4341
2095,38,0,3.420305,3.593300,1363,7.4412
2096,0,57,2.677102,2.707035,1429,7.6339
2097,57,35,4.231680,4.218032,1343,7.1623
2098,35,43,4.008031,3.859355,1199,6.6687
2099,43,3,4.275981,4.274214,1411,7.5919
2100,3,25,4.109924,4.063946,1256,6.9479
2101,25,44,4.055298,3.974924,1334,7.1538
2102,44,1,3.758522,3.967234,1451,7.6026
2103,1,33,3.512134,3.619273,1317,7.1450
2104,33,62,3.924871,4.064420,1280,6.9617
2105,62,46,2.266532,2.315442,1442,7.6365
2106,46,62,2.099743,2.093906,1428,7.6615
2107,62,46,2.074972,2.173153,1439,7.6095
2108,46,63,2.598255,2.741985,1438,7.6196
2109,63,37,3.512455,3.513962,1463,7.6456
2110,37,47,4.051478,3.970006,1391,7.4322
2111,47,35,3.887547,3.726522,1437,7.5722
2112,35,43,3.942555,3.825864,1405,7.5615
2113,43,23,3.946448,3.621386,1334,7.1142
2114,23,62,3.469736,3.384924,1452,7.6400
2115,62,46,1.988222,2.096859,1447,7.6232
2116,46,63,2.529444,2.665877,1449,7.6368
2117,63,8,2.064921,2.198939,1479,7.6484
2118,8,2,3.998733,4.143494,1428,7.5789
2119,2,9,3.742010,3.532531,1458,7.6363
2120,9,13,3.585944,3.583495,1438,7.6084
2121,13,32,3.611418,3.556018,1387,7.4609
2122,32,29,3.928634,3.920822,1322,7.2452
2123,29,29,3.428520,3.113959,1391,7.3984
2124,29,23,4.151442,4.205561,1416,7.5466
2125,23,0,3.105251,3.283849,1448,7.6156
2126,0,57,2.553920,2.631331,1429,7.5911
2127,57,22,2.981096,3.113630,1426,7.5911
2128,22,60,3.789994,3.790196,1436,7.5914
2129,60,7,3.785316,3.693089,1391,7.4261
2130,7,57,3.691257,3.746599,1445,7.6176
2131,57,22,2.778847,2.985123,1459,7.6409
2132,22,38,2.321696,2.228159,1458,7.6481
2133,38,0,3.407809,3.550080,1436,7.5868
2134,0,62,3.953710,3.899508,1415,7.5816
2135,62,48,3.128013,3.306408,1437,7.5927
2136,48,41,3.706147,3.493754,1375,7.4060
2137,41,22,3.745516,3.937394,1434,7.5592
2138,22,2,3.491249,3.448880,1279,6.9754
2139,2,9,3.571805,3.475641,1390,7.4199
2140,9,13,3.532633,3.527882,1440,7.5474
2141,13,24,2.755003,3.140931,1391,7.5185
2142,24,41,2.450662,2.529697,1426,7.5794
2143,41,24,2.454785,2.327559,1415,7.3612
2144,24,41,2.308213,2.387165,1459,7.6041
2145,41,55,4.163659,4.118605,1447,7.5676
2146,55,58,3.315972,3.437637,1445,7.5984
2147,58,51,4.322639,4.387301,1385,7.4123
2148,51,56,4.113296,4.102173,1456,7.6239
2149,56,47,4.026230,4.271662,1411,7.4328
2150,47,35,3.828762,3.662315,1363,7.2147
2151,35,49,4.228148,4.281017,1422,7.5765
2152,49,24,4.545948,4.307827,1423,7.5560
2153,24,62,4.118076,4.061587,1396,7.5880
2154,62,48,2.998636,3.131068,1230,6.7573
2155,48,20,4.202705,4.105361,1412,7.3950
2156,20,30,4.297147,4.351537,1443,7.5960
2157,30,31,2.143654,2.310735,1413,7.5090
2158,31,42,2.515328,2.588898,1348,7.2299
2159,42,55,4.014182,4.148221,1451,7.6398
2160,55,26,3.684945,3.787001,1431,7.5715
2161,26,13,4.312249,4.253337,1431,7.5525
2162,13,24,2.887386,3.111214,1411,7.5785
2163,24,62,3.874425,3.968794,1457,7.6291
2164,62,46,2.079289,2.171477,1436,7.5528
2165,46,63,2.345354,2.577435,1402,7.5583
2166,63,8,2.034084,2.174739,1417,7.6163
2167,8,27,3.141730,3.336775,1415,7.5583
2168,27,27,2.092063,1.702678,1426,7.6025
2169,27,27,1.896898,1.545768,1458,7.6295
2170,27,16,3.594631,3.737651,1449,7.5835
2171,16,40,3.893997,4.044316,1428,7.5430
2172,40,23,4.033594,3.817423,1431,7.6184
2173,23,62,3.366865,3.363675,1238,6.7657
2174,62,46,1.963662,2.118169,1415,7.4795
2175,46,63,2.095162,2.508666,1440,7.6373
2176,63,63,1.200070,0.824195,1456,7.6422
2177,63,37,3.569164,3.557306,1425,7.6027
2178,37,28,3.370526,3.250952,1460,7.6167
2179,28,10,3.287125,3.403538,1242,6.9014
2180,10,37,3.846621,3.895639,1426,7.5994
2181,37,28,3.203517,3.101570,1425,7.5693
2182,28,46,3.101935,3.333843,1432,7.5627
2183,46,63,1.961644,2.347253,1438,7.6597
2184,63,63,1.016415,0.673919,1460,7.6363
2185,63,8,2.096126,2.447589,1407,7.5502
2186,8,27,2.801057,3.041075,1360,7.3739
2187,27,53,5.763527,5.775550,1440,7.6073
2188,53,21,2.007559,1.662513,1365,7.3299
2189,21,54,3.208965,3.300103,1422,7.5676
2190,54,30,2.714873,2.772981,1352,7.4085
2191,30,31,2.118561,2.284577,1310,7.1792
2192,31,42,2.396710,2.502959,1376,7.3305
2193,42,55,3.921382,4.066633,1449,7.6231
2194,55,58,3.192332,3.294202,1452,7.6144
2195,58,4,3.966423,3.890266,1337,7.2595
2196,4,40,2.873905,3.051720,1406,7.4057
2197,40,23,3.948477,3.738531,1350,7.4159
2198,23,62,3.306043,3.312091,1417,7.5806
2199,62,48,2.831057,3.043947,1454,7.6103
2200,48,41,3.735061,3.422332,1423,7.4616
2201,41,22,3.675422,3.911530,1322,7.0665
2202,22,38,2.339254,2.219641,1349,7.2927
2203,38,0,3.176862,3.420437,1445,7.6214
2204,0,62,3.815841,3.817400,1441,7.6058
2205,62,21,2.753842,2.573312,1444,7.6083
2206,21,53,1.979065,1.837312,1428,7.5287
2207,53,21,1.937381,1.573947,1447,7.5653
2208,21,55,3.379869,3.564458,1456,7.5926
2209,55,58,3.090900,3.248506,1432,7.5454
2210,58,4,3.972525,3.832834,1423,7.5816
2211,4,15,3.729704,3.838510,1428,7.5393
2212,15,26,4.154988,4.220482,1202,6.5500
2213,26,42,4.214639,4.086025,1382,7.3444
2214,42,22,4.382326,3.955278,1393,7.4169
2215,22,38,2.248013,2.180702,1430,7.5725
2216,38,0,2.942889,3.298079,1448,7.6406
2217,0,57,2.478009,2.569936,1427,7.5802
2218,57,2,3.630502,3.438385,1436,7.6009
2219,2,52,3.997041,3.869961,1432,7.5708
2220,52,54,4.467967,4.122024,1438,7.5790
2221,54,30,2.595339,2.685981,1259,6.7875
2222,30,40,4.075418,4.546222,1337,7.2973
2223,40,23,3.772807,3.633958,1384,7.3308
2224,23,0,3.572480,3.548321,1353,7.2073
2225,0,62,3.861625,3.755561,1374,7.3490
2226,62,21,2.669350,2.452929,1298,7.0793
2227,21,53,1.842456,1.814235,1455,7.5978
2228,53,21,1.838437,1.497097,1435,7.5613
2229,21,53,1.867342,1.700132,1451,7.5793
2230,53,37,3.346143,3.668252,1438,7.5699
2231,37,62,3.538106,3.310062,1379,7.4589
2232,62,21,2.451823,2.328963,1447,7.6243
2233,21,55,3.264372,3.556148,1447,7.5871
2234,55,58,3.155104,3.217787,1402,7.4878
2235,58,4,3.894027,3.775159,1406,7.4369
2236,4,40,2.865037,2.970529,1415,7.5048
2237,40,24,3.499671,3.564032,1425,7.6009
2238,24,41,2.353563,2.366685,1449,7.5985
2239,41,22,3.669983,3.863350,1421,7.5775
2240,22,60,3.777131,3.786418,1408,7.5461
2241,60,61,4.267461,4.261910,1400,7.4503
2242,61,6,3.956233,4.070223,1468,7.6055
2243,6,12,4.030978,4.085424,1435,7.5742
2244,12,40,4.398553,4.303288,1460,7.6350
2245,40,33,3.222762,3.319657,1337,7.2144
2246,33,48,4.392481,4.455219,1431,7.5935
2247,48,41,3.676193,3.356212,1457,7.6065
2248,41,24,2.415500,2.243470,1389,7.3928
2249,24,62,3.896124,3.932571,1416,7.5653
2250,62,21,2.276115,2.265371,1439,7.5667
2251,21,53,1.873824,1.763751,1440,7.6049
2252,53,45,3.723580,4.194551,1419,7.4923
2253,45,54,2.929586,2.849598,1434,7.5316
2254,54,59,4.013576,4.274636,1430,7.5597
2255,59,43,3.501433,3.494607,1339,7.2774
2256,43,57,3.293558,3.475027,1445,7.6417
2257,57,2,3.547448,3.323981,1435,7.5909
2258,2,7,3.487538,3.386760,1428,7.5452
2259,7,45,4.222783,4.143837,1354,7.2833
2260,45,54,2.829193,2.824210,1475,7.5990
2261,54,30,2.638831,2.637956,1436,7.5988
2262,30,31,2.103512,2.345510,1386,7.5269
2263,31,42,2.296077,2.448752,1440,7.5991
2264,42,40,2.999679,3.250552,1457,7.6071
2265,40,23,3.570365,3.581137,1354,7.3325
2266,23,62,3.229117,3.289792,1363,7.4057
2267,62,48,2.891830,3.014443,1456,7.6218
2268,48,41,3.504390,3.293385,1444,7.6179
2269,41,22,3.590755,3.819206,1430,7.5698
2270,22,60,3.671048,3.685466,1447,7.6117
2271,60,22,3.317004,3.214351,1318,7.1446
2272,22,38,2.293781,2.200616,1443,7.6043
2273,38,0,2.995355,3.272478,1450,7.6626
2274,0,57,2.460752,2.525291,1461,7.6382
2275,57,22,2.876229,3.074816,1388,7.4584
2276,22,60,3.597784,3.585233,1422,7.6862
2277,60,61,4.289052,4.288882,1408,7.5610
2278,61,53,4.986135,4.515954,1389,7.4367
2279,53,21,1.806927,1.480264,1412,7.4074
2280,21,54,3.430964,3.632400,1430,7.5693
2281,54,30,2.487277,2.582896,1424,7.4637
2282,30,31,2.031681,2.337568,1385,7.4609
2283,31,30,2.469163,2.330072,1388,7.3580
2284,30,31,2.200327,2.177230,1464,7.6560
2285,31,42,2.269310,2.456614,1453,7.5882
2286,42,40,2.905580,3.165708,1441,7.5962
2287,40,33,3.099580,3.301615,1322,7.1661
2288,33,47,3.480989,3.455996,1376,7.3632
2289,47,35,3.715829,3.602191,1416,7.5059
2290,35,48,4.395950,4.331523,1238,6.7698
2291,48,20,4.238270,4.086993,1416,7.4413
2292,20,47,4.101048,4.157306,1439,7.6503
2293,47,63,3.245338,3.613803,1381,7.3634
2294,63,37,3.484783,3.482643,1433,7.6015
2295,37,47,3.976966,3.938115,1380,7.4488
2296,47,35,3.701923,3.554376,1417,7.5297
2297,35,43,3.988590,3.774925,1378,7.4139
2298,43,23,4.159904,3.761433,1341,7.3945
2299,23,62,3.344551,3.227403,1459,7.6065
2300,62,21,2.158655,2.310487,1432,7.6156
2301,21,54,3.017761,3.515728,1462,7.6133
2302,54,30,2.334828,2.549422,1458,7.5855
2303,30,31,2.089622,2.153130,1414,7.5689
2304,31,42,2.111752,2.375940,1431,7.6074
2305,42,40,2.835040,3.079777,1306,7.2830
2306,40,24,3.527629,3.571185,1417,7.5948
2307,24,62,3.541444,3.809916,1354,7.2217
2308,62,21,2.354793,2.246717,1455,7.6127
2309,21,53,2.044718,1.918952,1417,7.5482
2310,53,21,1.807087,1.425387,1417,7.5301
2311,21,55,3.183953,3.626632,1442,7.6123
2312,55,58,3.053453,3.207051,1471,7.5971
2313,58,15,4.226313,4.150122,1393,7.4282
2314,15,33,3.440598,3.581762,1302,7.1182
2315,33,47,3.416985,3.400376,1420,7.5353
2316,47,63,3.122329,3.477478,1248,7.0316
2317,63,37,3.315121,3.279693,1315,7.1635
2318,37,62,3.552093,3.431878,1454,7.6293
2319,62,48,2.781402,2.959699,1462,7.6004
2320,48,20,4.199918,4.039523,1425,7.4950
2321,20,47,4.117599,4.123137,1451,7.6173
2322,47,63,2.998573,3.423728,1422,7.5225
2323,63,63,1.000444,0.722658,1441,7.6726
2324,63,63,0.817953,0.611076,1433,7.6412
2325,63,8,2.338124,2.518980,1466,7.6864
2326,8,4,4.296635,4.462356,1419,7.4673
2327,4,15,3.641257,3.781702,1459,7.6766
2328,15,26,4.197787,4.144429,1422,7.6221
2329,26,13,4.269736,4.130249,1309,7.0730
2330,13,31,4.562575,4.313094,1097,6.1661
2331,31,42,1.976454,2.235346,1366,7.3355
2332,42,40,2.728572,2.985672,1436,7.6005
2333,40,33,2.928163,3.280240,1403,7.5340
2334,33,48,4.361004,4.464463,1405,7.4917
2335,48,20,4.044160,3.945538,1416,7.5332
2336,20,19,3.711655,3.788818,1390,7.4441
2337,19,51,3.725748,3.645880,1364,7.4468
2338,51,54,4.226470,4.306410,1437,7.5901
2339,54,30,2.299741,2.438549,1378,7.4363
2340,30,31,2.324639,2.217609,1448,7.6650
2341,31,30,2.411779,2.166503,1419,7.5902
2342,30,31,2.433881,2.051016,1447,7.6544
2343,31,42,1.974374,2.279042,1425,7.5689
2344,42,55,4.014931,4.329699,1303,7.0721
2345,55,58,2.972429,3.083023,1473,7.6642
2346,58,4,3.926633,3.798414,1399,7.3353
2347,4,15,3.612069,3.718966,1432,7.5095
2348,15,33,3.352357,3.447491,1466,7.6089
2349,33,62,3.999712,4.102190,1331,7.2513
2350,62,48,2.582994,2.807374,1409,7.4628
2351,48,41,3.387202,3.238435,1462,7.6101
2352,41,24,2.552842,2.272434,1406,7.5107
2353,24,62,3.664016,3.744715,1347,7.4037
2354,62,46,2.549322,2.685012,1469,7.6524
2355,46,62,2.629697,2.581546,1462,7.6766
2356,62,48,2.518956,2.705831,1457,7.6234
2357,48,20,3.962426,3.952807,1435,7.5287
2358,20,47,4.248362,4.080961,1461,7.6710
2359,47,37,3.548301,3.370835,1404,7.4668
2360,37,47,3.879007,3.771308,1447,7.6229
2361,47,37,3.513170,3.195387,1403,7.4611
2362,37,62,3.624983,3.368275,1443,7.6299
2363,62,48,2.350141,2.587273,1413,7.4765
2364,48,20,3.943813,3.898200,1441,7.5907
2365,20,19,3.858243,3.787591,1452,7.6498
2366,19,51,3.610123,3.589281,1426,7.5968
2367,51,4,4.159581,4.121782,1428,7.5799
2368,4,23,4.050270,4.247639,1442,7.5981
2369,23,0,3.779638,3.606134,1375,7.3912
2370,0,62,3.986531,3.906549,1149,6.3633
2371,62,21,2.292552,2.312647,1423,7.5919
2372,21,53,1.944544,1.850356,1419,7.5455
2373,53,45,3.696457,4.064967,1443,7.5885
2374,45,54,2.774168,2.715456,1453,7.5942
2375,54,30,2.336382,2.387709,1454,7.6027
2376,30,31,2.052490,2.023639,1439,7.6114
2377,31,30,2.244207,2.008258,1381,7.4852
2378,30,31,2.033619,1.871400,1440,7.5929
2379,31,30,1.999255,1.871650,1382,7.3449
2380,30,31,1.924608,1.744104,1463,7.6673
2381,31,42,2.145674,2.457910,1393,7.4091
2382,42,40,2.667060,2.986340,1439,7.5799
2383,40,24,3.497837,3.572041,1433,7.5967
2384,24,62,3.635183,3.776367,1415,7.5609
2385,62,48,2.298899,2.484855,1339,7.1870
2386,48,13,4.796866,4.769281,1432,7.5792
2387,13,32,3.533193,3.527435,1368,7.4263
2388,32,10,4.058136,4.158733,1450,7.6058
2389,10,61,3.594846,3.651447,1354,7.3010
2390,61,53,4.895404,4.477674,1423,7.5715
2391,53,37,3.486093,3.528309,1386,7.4234
2392,37,62,3.613955,3.398594,1459,7.6491
2393,62,21,2.295040,2.253216,1441,7.6009
2394,21,53,2.103548,1.870878,1390,7.3399
2395,53,21,1.879185,1.470795,1413,7.4398
2396,21,53,1.951372,1.743589,1445,7.5433
2397,53,45,3.735015,4.039222,1471,7.5835
2398,45,54,2.685706,2.630331,1458,7.5786
2399,54,43,3.946066,3.829869,1424,7.5430
2400,43,57,3.205249,3.382065,1424,7.5560
2401,57,22,2.703209,3.004924,1427,7.5724
2402,22,60,3.488188,3.464987,1377,7.3627
2403,60,7,3.691041,3.584184,1438,7.5737
2404,7,45,4.262109,4.148962,1360,7.2685
2405,45,54,2.528118,2.602764,1444,7.5200
2406,54,43,3.893914,3.733323,1439,7.5730
2407,43,23,3.967865,3.780809,1443,7.6069
2408,23,62,3.157584,3.246557,1354,7.4576
2409,62,21,2.160307,2.220314,1345,7.1964
2410,21,54,3.173719,3.650079,1387,7.2995
2411,54,30,2.321627,2.462660,1474,7.6025
2412,30,31,1.653220,1.711677,1395,7.5023
2413,31,30,1.856131,1.790594,1386,7.3907
2414,30,31,1.970421,1.611293,1441,7.6310
2415,31,42,2.196321,2.495650,1427,7.5711
2416,42,22,4.637180,4.466180,1254,6.9501
2417,22,60,3.338693,3.349497,1433,7.6082
2418,60,7,3.609331,3.522289,1401,7.4629
2419,7,57,3.547157,3.632644,1399,7.4604
2420,57,22,2.736542,2.944059,1349,7.3048
2421,22,38,2.229268,2.166577,1438,7.6079
2422,38,26,3.142403,3.384970,1331,7.2508
2423,26,13,4.163248,4.083175,1446,7.5137
2424,13,24,2.930625,3.078268,1295,7.1362
2425,24,62,3.708018,3.764204,1368,7.3497
2426,62,46,2.691378,2.784682,1419,7.5635
2427,46,63,2.401073,2.373620,1318,7.2141
2428,63,37,3.044227,3.180557,1139,6.5790
2429,37,28,3.232776,3.154524,1367,7.3053
2430,28,53,3.899764,3.747401,1376,7.2840
2431,53,21,1.703885,1.442152,1397,7.4474
2432,21,55,3.293388,3.659337,1454,7.5860
2433,55,58,2.934886,3.077254,1443,7.6009
2434,58,4,3.828115,3.716895,1328,7.1324
2435,4,40,2.704882,2.902208,1348,7.2610
2436,40,33,2.898483,3.184800,1347,7.3255
2437,33,62,3.908038,4.024701,1295,7.1056
2438,62,46,2.651984,2.680371,1441,7.6061
2439,46,63,2.155116,2.330099,1458,7.6848
2440,63,37,2.932721,3.034832,1374,7.4908
2441,37,28,3.167227,3.071603,1441,7.5849
2442,28,10,3.415615,3.421537,1448,7.6221
2443,10,1,3.108830,3.244861,1450,7.5980
2444,1,59,3.828698,3.960579,1457,7.6005
2445,59,20,4.237813,4.154750,1312,7.3112
2446,20,19,3.841534,3.718470,1273,6.8430
2447,19,50,3.788084,3.712378,1452,7.6245
2448,50,9,3.876709,4.003477,1378,7.2981
2449,9,13,3.543030,3.519226,1436,7.5875
2450,13,32,3.545254,3.457398,1395,7.4588
2451,32,29,3.865958,3.848193,1390,7.4467
2452,29,29,3.393492,3.004393,1400,7.4746
2453,29,29,3.246022,2.929051,1379,7.3813
2454,29,29,3.253648,2.841244,1445,7.5577
2455,29,4,3.896970,3.985845,1378,7.3933
2456,4,40,2.634199,2.840576,1344,7.2724
2457,40,23,3.702682,3.750481,1422,7.5630
2458,23,62,3.151498,3.170928,1469,7.6088
2459,62,48,2.252784,2.541819,1451,7.6196
2460,48,41,3.471588,3.252774,1465,7.6370
2461,41,24,2.534249,2.275183,1431,7.5716
2462,24,62,3.608346,3.593500,1440,7.6114
2463,62,21,2.280854,2.408080,1435,7.5949
2464,21,53,1.915318,1.831493,1442,7.6367
2465,53,37,3.321477,3.497297,1444,7.6016
2466,37,28,3.028516,2.970101,1424,7.6045
2467,28,10,3.252039,3.372828,1390,7.4581
2468,10,1,3.049409,3.160461,1458,7.6083
2469,1,59,3.658952,3.875665,1439,7.6243
2470,59,20,4.159399,4.097699,1189,6.5061
2471,20,19,3.641186,3.659102,1303,7.0286
2472,19,50,3.666198,3.660664,1440,7.6021
2473,50,34,3.486609,3.339203,1383,7.2098
2474,34,5,4.111969,4.128584,1387,7.2863
2475,5,13,4.333613,4.123240,1427,7.5414
2476,13,24,2.591386,3.031719,1411,7.5931
2477,24,62,3.384172,3.494210,1349,7.2476
2478,62,21,2.323356,2.357374,1380,7.4287
2479,21,53,1.908150,1.780480,1409,7.4669
2480,53,37,3.391329,3.415634,1410,7.4815
2481,37,62,3.929328,3.718204,1431,7.5809
2482,62,48,2.258124,2.492478,1449,7.5985
2483,48,41,3.291232,3.194317,1462,7.6316
2484,41,24,2.464579,2.238794,1404,7.4934
2485,24,41,2.214280,2.380778,1438,7.5782
2486,41,24,2.257246,2.096358,1423,7.5849
2487,24,62,3.466364,3.493495,1410,7.5027
2488,62,48,2.174093,2.385636,1447,7.5949
2489,48,41,2.989423,3.080695,1482,7.6229
2490,41,22,3.604680,3.995287,1432,7.5703
2491,22,38,2.147729,2.113934,1464,7.6645
2492,38,26,2.910371,3.277761,1424,7.6120
2493,26,42,4.086905,4.050654,1474,7.6280
2494,42,22,4.717709,4.284637,1416,7.5792
2495,22,60,3.271056,3.303103,1378,7.4895
2496,60,7,3.607905,3.469690,1366,7.3942
2497,7,45,4.139430,4.093675,1436,7.5805
2498,45,21,3.400503,3.388641,1404,7.3869
2499,21,54,3.146722,3.526886,1432,7.5814
2500,54,43,3.865944,3.712725,1434,7.5217
2501,43,57,3.205550,3.332450,1390,7.4940
2502,57,22,2.681889,2.984852,1484,7.6850
2503,22,2,3.362895,3.409860,1416,7.5292
2504,2,9,3.583502,3.464500,1460,7.5657
2505,9,41,4.060913,4.476894,1396,7.3810
2506,41,22,3.547422,3.918986,1417,7.5988
2507,22,60,3.170749,3.208689,1366,7.4034
2508,60,7,3.489551,3.415126,1401,7.5615
2509,7,57,3.593931,3.553984,1438,7.5646
2510,57,35,4.305297,4.287997,1442,7.6037
2511,35,43,4.003916,3.765809,1432,7.5785
2512,43,57,2.946772,3.271439,1390,7.4888
2513,57,22,2.639728,2.942209,1466,7.6499
2514,22,38,2.215687,2.163646,1385,7.4444
2515,38,0,3.198460,3.406267,1332,7.2939
2516,0,57,2.476078,2.586347,1319,7.0711
2517,57,35,4.201194,4.219010,1410,7.5412
2518,35,43,3.866823,3.673369,1123,6.3197
2519,43,57,2.899484,3.179844,1429,7.6194
2520,57,2,3.422063,3.309996,1470,7.6695
2521,2,52,3.997288,3.852790,1458,7.5743
2522,52,58,4.497484,4.425083,1396,7.4724
2523,58,15,4.121639,4.048063,1451,7.5952
2524,15,1,3.953670,4.000866,1374,7.4033
2525,1,46,4.023623,3.885240,1197,6.6484
2526,46,63,2.248840,2.304808,1248,6.9184
2527,63,37,2.843858,2.883212,1384,7.4315
2528,37,47,3.866063,3.881106,1421,7.5815
2529,47,63,2.912142,3.202702,1445,7.5953
2530,63,8,2.364865,2.577386,1459,7.6524
2531,8,2,4.282681,4.318331,1453,7.5867
2532,2,7,3.292693,3.220038,1309,7.0927
2533,7,57,3.476948,3.480627,1433,7.5374
2534,57,22,2.625766,2.907846,1453,7.6513
2535,22,60,3.082409,3.148435,1429,7.5929
2536,60,7,3.420140,3.318104,1413,7.5731
2537,7,45,4.132559,4.086007,1416,7.5265
2538,45,54,2.618706,2.621912,1261,6.8919
2539,54,30,2.181813,2.494304,1426,7.5673
2540,30,31,1.508878,1.590828,1299,7.0752
2541,31,19,4.695823,5.240978,1403,7.5413
2542,19,50,3.678236,3.603344,1408,7.5724
2543,50,34,3.364748,3.273504,1399,7.5311
2544,34,5,4.036850,4.072463,1379,7.3923
2545,5,13,4.304833,4.080444,1437,7.6050
2546,13,32,3.496819,3.447287,1454,7.6770
2547,32,10,4.058399,4.212902,1389,7.4953
2548,10,61,3.524358,3.577268,1371,7.2954
2549,61,6,3.954522,4.025248,1436,7.5851
2550,6,12,3.971767,4.026920,1440,7.6212
2551,12,40,4.328740,4.282773,1355,7.3425
2552,40,24,3.551760,3.572402,1368,7.3129
2553,24,62,3.212483,3.347370,1396,7.5433
2554,62,21,2.540888,2.441334,1426,7.5809
2555,21,53,1.919780,1.733359,1432,7.5683
2556,53,21,1.795627,1.483456,1349,7.3044
2557,21,53,1.867881,1.628216,1386,7.4132
2558,53,37,3.298364,3.374366,1341,7.2590
2559,37,62,4.168241,3.833235,1329,7.2569
2560,62,21,2.334025,2.300136,1466,7.6090
2561,21,53,1.644879,1.600070,1450,7.5862
2562,53,45,4.044075,4.366518,1462,7.6030
2563,45,54,2.622362,2.513465,1459,7.6121
2564,54,30,2.287235,2.441125,1490,7.6100
2565,30,10,5.029201,5.208236,1453,7.6537
2566,10,37,3.549643,3.820733,1398,7.4610
2567,37,47,3.692798,3.764935,1394,7.5457
2568,47,35,3.782434,3.647225,1431,7.6509
2569,35,48,4.317475,4.315667,1377,7.2733
2570,48,41,3.069455,3.034430,1416,7.5549
2571,41,24,2.380941,2.166031,1448,7.6446
2572,24,62,3.236843,3.327584,1412,7.5468
2573,62,21,2.362559,2.271748,1416,7.5739
2574,21,55,3.283996,3.722917,1345,7.2187
2575,55,30,2.751610,2.978329,1393,7.4488
2576,30,31,1.568519,1.624842,1423,7.6311
2577,31,42,2.029794,2.497704,1454,7.6153
2578,42,22,4.570343,4.321181,1364,7.2859
2579,22,60,2.951324,3.021750,1383,7.4918
2580,60,22,2.599572,2.468642,1408,7.4843
2581,22,2,3.314485,3.390733,1415,7.4648
2582,2,7,3.186944,3.097329,1403,7.5199
2583,7,1,4.043147,4.066216,1449,7.6133
2584,1,46,4.038910,3.804084,1439,7.5641
2585,46,63,2.208936,2.295789,1413,7.6843
2586,63,37,2.792182,2.775690,1437,7.6413
2587,37,28,2.963907,2.976880,1420,7.5611
2588,28,46,2.949839,3.410159,1427,7.5940
2589,46,63,2.042172,2.216320,1464,7.6833
2590,63,37,2.687934,2.668021,1457,7.6444
2591,37,62,4.091683,3.904420,1426,7.5758
2592,62,46,3.223599,3.106394,1160,6.4648
2593,46,63,1.878951,2.168865,1449,7.6732
2594,63,8,2.421893,2.708133,1443,7.6240
2595,8,27,2.824187,2.912820,1194,6.6136
2596,27,53,5.594276,5.811127,1440,7.6415
2597,53,45,3.804158,3.976287,1400,7.5460
2598,45,21,3.483570,3.263515,1301,7.1862
2599,21,54,3.394250,3.513757,1461,7.6264
2600,54,43,3.791646,3.778916,1441,7.5950
2601,43,23,4.174133,3.802643,1315,7.0335
2602,23,0,4.107573,3.577007,1463,7.6628
2603,0,57,2.532070,2.594652,1445,7.6124
2604,57,2,3.193056,3.173528,1319,7.1604
2605,2,52,3.908483,3.823561,1433,7.5491
2606,52,8,3.889856,3.922305,1392,7.4626
2607,8,2,4.295962,4.221476,1462,7.6497
2608,2,9,3.517948,3.470352,1453,7.5950
2609,9,13,3.512768,3.502090,1385,7.4420
2610,13,24,2.697020,3.009685,1454,7.6858
2611,24,41,2.153970,2.321237,1423,7.5939
2612,41,22,3.545333,3.951818,1466,7.6157
2613,22,2,3.223879,3.245130,1400,7.5108
2614,2,7,3.084730,3.031974,1402,7.3213
2615,7,45,4.147302,4.116717,1355,7.1491
2616,45,21,3.367805,3.249012,1317,7.0916
2617,21,54,2.843633,3.263257,1434,7.6043
2618,54,59,4.455778,4.774923,1439,7.5782
2619,59,43,3.334143,3.319001,1397,7.5020
2620,43,23,4.095631,3.728469,1426,7.5905
2621,23,0,3.808645,3.463403,1344,7.3235
2622,0,57,2.446390,2.559178,1428,7.5855
2623,57,22,2.523655,2.886470,1364,7.3322
2624,22,38,2.379126,2.293589,1456,7.6384
2625,38,0,3.204945,3.491540,1319,7.1890
2626,0,57,2.384391,2.467034,1406,7.4619
2627,57,2,3.062142,3.148904,1382,7.4342
2628,2,9,3.592335,3.441340,1369,7.2742
2629,9,13,3.508847,3.441005,1405,7.5327
2630,13,24,2.532774,2.966452,1390,7.5827
2631,24,62,3.267612,3.392827,1394,7.4562
2632,62,46,2.875641,3.028211,1096,6.1247
2633,46,63,1.865069,2.108077,1404,7.5969
2634,63,37,2.448995,2.617130,1396,7.5338
2635,37,47,3.635875,3.670400,1441,7.6582
2636,47,35,3.775857,3.609624,1325,7.0646
2637,35,49,4.152716,4.247665,1475,7.6197
2638,49,24,4.543004,4.381902,1389,7.3845
2639,24,62,3.011591,3.248642,1367,7.3854
2640,62,21,2.508222,2.399908,1412,7.5174
2641,21,53,2.069840,1.749958,1436,7.5300
2642,53,21,1.871826,1.492975,1439,7.5701
2643,21,53,2.002265,1.632489,1454,7.5914
2644,53,21,1.639019,1.397357,1438,7.5441
2645,21,53,1.823573,1.538295,1447,7.5716
2646,53,21,1.511582,1.311433,1408,7.4569
2647,21,55,3.230719,3.739226,1459,7.6219
2648,55,58,2.898695,3.150764,1421,7.5188
2649,58,4,3.721881,3.607079,1421,7.5621
2650,4,40,2.658915,2.799273,1413,7.5414
2651,40,24,3.439782,3.532593,1236,6.6966
2652,24,62,2.704743,3.134725,1397,7.4105
2653,62,21,2.302188,2.360623,1424,7.5703
2654,21,55,3.014598,3.586688,1416,7.4593
2655,55,30,2.877050,3.075745,1472,7.6199
2656,30,40,4.102417,4.813138,1432,7.6365
2657,40,23,3.691005,3.769228,1363,7.2925
2658,23,62,3.316601,3.322558,1278,6.9013
2659,62,21,2.069151,2.301705,1365,7.3550
2660,21,55,2.786960,3.429028,1459,7.6177
2661,55,58,3.011330,3.181876,1450,7.5873
2662,58,4,3.702438,3.552439,1398,7.5413
2663,4,40,2.512263,2.718510,1288,6.9768
2664,40,24,3.321329,3.484950,1434,7.6099
2665,24,41,2.186354,2.429945,1436,7.5967
2666,41,24,2.409711,2.138308,1411,7.5365
2667,24,36,4.277220,4.400546,1436,7.6133
2668,36,37,4.967389,4.869807,1381,7.3490
2669,37,28,2.921885,2.901862,1400,7.5870
2670,28,10,3.561705,3.422932,1442,7.6176
2671,10,1,3.085849,3.164565,1386,7.4611
2672,1,46,3.882754,3.732639,1422,7.5646
2673,46,63,1.882501,2.090905,1422,7.6366
2674,63,63,1.025335,0.681949,1439,7.6486
2675,63,63,0.810754,0.573621,1435,7.5995
2676,63,8,2.737637,2.978970,1443,7.6053
2677,8,4,4.150593,4.453919,1418,7.5876
2678,4,15,3.453441,3.634260,1423,7.5372
2679,15,33,3.292529,3.396576,1431,7.5367
2680,33,62,3.677539,3.835330,1429,7.5920
2681,62,21,2.290623,2.283269,1367,7.2176
2682,21,54,3.320817,3.632704,1363,7.1545
2683,54,30,2.174320,2.521130,1398,7.4842
2684,30,31,1.685854,1.662970,1289,6.9813
2685,31,42,2.034012,2.418650,1203,6.5908
2686,42,40,2.564006,2.938536,1432,7.5916
2687,40,24,3.299163,3.454522,1321,7.1808
2688,24,62,2.817757,3.092848,1421,7.5800
2689,62,46,3.211567,3.291674,1333,7.1749
2690,46,63,1.561622,1.940374,1295,6.9379
2691,63,8,2.561520,2.846020,1444,7.6587
2692,8,4,4.137884,4.383875,1443,7.6384
2693,4,40,2.665043,2.697235,1454,7.5842
2694,40,23,3.814868,3.770599,1443,7.6426
2695,23,0,3.980448,3.558415,1442,7.6262
2696,0,62,4.347725,4.165164,1352,7.2452
2697,62,46,3.136843,3.141423,1418,7.5227
2698,46,5,4.841472,4.996022,1380,7.4099
2699,5,13,4.307296,4.066659,1346,7.1516
2700,13,31,4.509420,4.481948,1205,6.6708
2701,31,42,1.863684,2.244494,1438,7.6169
2702,42,22,4.636818,4.383882,1461,7.6345
2703,22,60,2.933928,2.987496,1425,7.5967
2704,60,7,3.222695,3.178520,1463,7.6907
2705,7,45,3.926152,4.029281,1444,7.5805
2706,45,54,2.484364,2.459395,1429,7.6103
2707,54,59,4.418622,4.677355,1400,7.3665
2708,59,43,3.239480,3.223402,1360,7.2657
2709,43,23,4.201381,3.760512,1358,7.2193
2710,23,0,4.006816,3.428495,1434,7.5839
2711,0,57,2.326025,2.482882,1439,7.5812
2712,57,2,2.919326,3.044639,1430,7.6607
2713,2,52,3.894995,3.829451,1361,7.4058
2714,52,8,3.879641,3.889124,1452,7.6096
2715,8,27,2.587357,2.816205,1456,7.6546
2716,27,16,3.539819,3.735000,1437,7.6721
2717,16,40,4.036987,4.137175,1450,7.6068
2718,40,33,2.931091,3.232492,1374,7.4291
2719,33,62,3.597651,3.804393,1457,7.6632
2720,62,21,2.362276,2.321063,1371,7.4149
2721,21,54,3.060142,3.425570,1407,7.5288
2722,54,30,2.104562,2.552213,1368,7.3340
2723,30,31,1.904564,1.738942,1447,7.6616
2724,31,42,1.781678,2.196464,1455,7.6350
2725,42,55,4.211451,4.637975,1410,7.5371
2726,55,58,2.928375,3.020269,1340,7.1302
2727,58,4,3.692631,3.587307,1441,7.5439
2728,4,40,2.614006,2.652774,1442,7.5881
2729,40,23,3.618071,3.721471,1435,7.5919
2730,23,0,3.891465,3.406367,1432,7.6041
2731,0,57,2.307027,2.446604,1417,7.4998
2732,57,22,2.649682,2.926468,1398,7.5599
2733,22,38,2.377951,2.293720,1431,7.6272
2734,38,0,3.435758,3.639388,1441,7.6226
2735,0,57,2.175075,2.357132,1348,7.1301
2736,57,35,4.414176,4.470271,1442,7.6671
2737,35,43,3.938230,3.622725,1403,7.4819
2738,43,57,2.799369,3.150358,1401,7.5628
2739,57,22,2.438430,2.901490,1442,7.7024
2740,22,38,2.279277,2.214610,1436,7.6303
2741,38,26,3.145425,3.363197,1440,7.5555
2742,26,13,4.159269,4.086733,1367,7.2309
2743,13,31,4.309372,4.407967,1286,7.3535
2744,31,42,1.577859,2.060607,1391,7.4765
2745,42,22,4.638139,4.412333,1264,6.9745
2746,22,38,2.136788,2.137437,1424,7.6228
2747,38,0,3.316760,3.583869,1393,7.3696
2748,0,57,2.213226,2.303374,1358,7.2914
2749,57,22,2.438152,2.885252,1414,7.6301
2750,22,38,2.057829,2.060236,1427,7.5855
2751,38,26,3.075471,3.360906,1380,7.4228
2752,26,42,4.061807,4.080585,1317,7.0495
2753,42,40,2.534331,3.055261,1392,7.5177
2754,40,33,2.783172,3.187696,1315,7.1400
2755,33,62,3.450123,3.729852,1143,6.6198
2756,62,48,2.643752,2.850141,1411,7.5150
2757,48,13,4.866617,4.744153,1385,7.5214
2758,13,24,2.817245,3.018635,1327,7.2717
2759,24,62,2.827565,2.990125,1373,7.3546
2760,62,46,3.046784,3.113493,1454,7.6137
2761,46,63,1.646384,1.988109,1435,7.6919
2762,63,37,2.753130,2.843597,1451,7.6751
2763,37,28,2.770468,2.794953,1390,7.5478
2764,28,10,3.514617,3.351326,1455,7.6456
2765,10,37,3.484320,3.605051,1439,7.5915
2766,37,28,2.645404,2.622409,1373,7.4100
2767,28,10,3.577668,3.299072,1416,7.4666
2768,10,37,3.238753,3.429899,1454,7.6157
2769,37,28,2.364380,2.455325,1421,7.5699
2770,28,10,3.477489,3.241254,1441,7.6250
2771,10,61,3.464867,3.566746,1453,7.5745
2772,61,53,4.839838,4.509288,1417,7.5477
2773,53,21,1.760280,1.415364,1356,7.3169
2774,21,53,2.234267,1.924839,1462,7.6423
2775,53,37,3.598577,3.479570,1442,7.5749
2776,37,47,3.344593,3.509431,1431,7.6791
2777,47,35,3.730197,3.599422,1355,7.2745
2778,35,48,4.220429,4.223426,1316,7.1362
2779,48,20,4.210771,3.975583,1466,7.6383
2780,20,19,3.713937,3.615767,1434,7.6041
2781,19,51,3.552392,3.504748,1451,7.6043
2782,51,54,4.635751,4.476922,1427,7.6252
2783,54,30,2.121311,2.416708,1405,7.4166
2784,30,31,1.976419,1.801252,1435,7.6253
2785,31,19,4.501967,5.001974,1446,7.5711
2786,19,51,3.452746,3.440567,1451,7.6168
2787,51,54,4.365709,4.444746,1358,7.4119
2788,54,43,4.037508,3.840631,1395,7.4527
2789,43,23,4.162288,3.756050,1410,7.5486
2790,23,62,3.403257,3.270394,1459,7.6325
2791,62,48,2.550370,2.806691,1434,7.5930
2792,48,41,3.070919,3.056334,1425,7.5777
2793,41,24,2.387422,2.201441,1449,7.6182
2794,24,62,2.883410,2.874840,1441,7.6129
2795,62,46,3.061321,3.131434,1459,7.5779
2796,46,62,2.999831,2.913050,1455,7.6758
2797,62,21,2.764283,2.596297,1440,7.5688
2798,21,53,2.098096,1.818134,1399,7.4676
2799,53,37,3.285235,3.346957,1442,7.5948
2800,37,28,2.344967,2.409350,1393,7.4883
2801,28,46,3.235228,3.547155,1410,7.5214
2802,46,63,1.863846,2.088759,1424,7.5679
2803,63,63,0.926436,0.664526,1438,7.6430
2804,63,8,2.588570,2.883892,1382,7.4263
2805,8,27,2.395894,2.703550,1481,7.6323
2806,27,16,3.480169,3.650489,1434,7.6228
2807,16,40,4.035807,4.094712,1398,7.4411
2808,40,24,3.380669,3.480958,1344,7.2228
2809,24,41,2.339007,2.511763,1386,7.3927
2810,41,22,3.751356,4.069779,1335,7.1668
2811,22,38,2.039071,1.994284,1419,7.5395
2812,38,0,3.230341,3.520898,1480,7.6705
2813,0,57,2.237808,2.246312,1452,7.6490
2814,57,35,4.389280,4.442408,1322,7.3502
2815,35,49,4.108541,4.188371,1395,7.4673
2816,49,17,3.912823,3.918739,1341,7.2117
2817,17,23,3.911931,3.700320,1386,7.2581
2818,23,0,4.048100,3.416321,1430,7.5918
2819,0,57,2.016751,2.207231,1439,7.6082
2820,57,22,2.422427,2.865079,1413,7.6318
2821,22,60,3.022498,3.146707,1364,7.3514
2822,60,22,2.523757,2.371070,1287,7.0592
2823,22,60,2.895686,2.978012,1425,7.5795
2824,60,7,3.248174,3.189273,1368,7.3360
2825,7,45,3.908904,3.957796,1358,7.2287
2826,45,21,3.634633,3.419344,1447,7.5984
2827,21,55,2.787987,3.346087,1375,7.4078
2828,55,30,2.771312,2.961690,1400,7.4772
2829,30,31,1.978858,1.714937,1437,7.6274
2830,31,42,1.726923,2.203390,1298,7.0670
2831,42,40,2.562367,3.011171,1416,7.5492
2832,40,24,3.172312,3.401176,1367,7.3842
2833,24,36,4.098286,4.315360,1428,7.5783
2834,36,20,3.863256,3.938209,1377,7.3587
2835,20,47,3.995939,3.962943,1433,7.5948
2836,47,35,3.651622,3.577129,1430,7.5446
2837,35,43,3.894697,3.600281,1444,7.6069
2838,43,23,3.992118,3.640484,1324,7.0636
2839,23,37,4.614024,4.453507,1458,7.6206
2840,37,62,4.639094,4.380606,1456,7.6693
2841,62,48,2.548924,2.719218,1382,7.3352
2842,48,13,4.624049,4.675049,1416,7.5179
2843,13,24,2.659316,2.981675,1419,7.5746
2844,24,41,2.186277,2.498282,1439,7.6272
2845,41,24,2.309663,2.121813,1398,7.4276
2846,24,62,3.008166,3.062076,1465,7.6232
2847,62,21,2.622542,2.564843,1444,7.5763
2848,21,53,1.969846,1.738598,1451,7.6286
2849,53,21,1.757179,1.427368,1453,7.5643
2850,21,53,1.807567,1.626192,1463,7.6069
2851,53,21,1.643871,1.348138,1444,7.5602
2852,21,53,1.670154,1.519928,1427,7.4795
2853,53,37,3.699701,3.538709,1454,7.6097
2854,37,62,4.485229,4.351196,1436,7.6688
2855,62,21,2.458696,2.432183,1439,7.5928
2856,21,53,1.601686,1.472390,1436,7.6109
2857,53,37,3.361415,3.428169,1372,7.2328
2858,37,62,4.319935,4.228566,1433,7.6806
2859,62,21,2.261208,2.281858,1446,7.6074
2860,21,55,2.960746,3.494803,1446,7.5998
2861,55,30,2.777962,2.964370,1442,7.5646
2862,30,40,4.560941,4.688024,1440,7.6307
2863,40,23,3.646541,3.843910,1448,7.6158
2864,23,0,3.657663,3.365073,1335,7.1957
2865,0,62,4.314928,4.356229,1465,7.6167
2866,62,46,2.913571,2.914316,1451,7.5884
2867,46,62,2.836259,2.741810,1430,7.5783
2868,62,21,2.172726,2.192043,1437,7.5704
2869,21,54,3.265103,3.837732,1449,7.6264
2870,54,59,4.363242,4.500565,1433,7.5685
2871,59,20,4.074372,4.064926,1183,6.8235
2872,20,19,3.591971,3.567230,1404,7.5941
2873,19,51,3.406736,3.368618,1453,7.6568
2874,51,4,4.134079,4.111542,1430,7.5909
2875,4,40,2.485884,2.593126,1411,7.5234
2876,40,23,3.486237,3.725394,1440,7.5361
2877,23,0,3.660840,3.335450,1408,7.5010
2878,0,57,2.089597,2.238026,1442,7.5877
2879,57,35,4.313369,4.391539,1457,7.6622
2880,35,48,4.179887,4.185150,1437,7.5604
2881,48,13,4.698052,4.528001,1367,7.3595
2882,13,31,4.293878,4.489894,1423,7.5617
2883,31,42,1.610761,2.077341,1436,7.5198
2884,42,40,2.384957,2.853410,1375,7.2435
2885,40,24,3.241497,3.474928,1442,7.6275
2886,24,62,3.102449,3.238380,1453,7.6446
2887,62,46,2.745212,2.827442,1449,7.5932
2888,46,62,2.663293,2.616600,1455,7.6782
2889,62,46,2.624400,2.640340,1455,7.6031
2890,46,63,1.763718,2.208189,1442,7.6430
2891,63,63,0.953482,0.663081,1424,7.5957
2892,63,8,2.509300,2.791293,1423,7.5962
2893,8,4,4.036840,4.323558,1423,7.6181
2894,4,40,2.476940,2.561910,1364,7.3621
2895,40,24,3.143268,3.345647,1437,7.6253
2896,24,41,2.199886,2.558695,1443,7.6385
2897,41,24,2.437998,2.134127,1395,7.4647
2898,24,62,3.140766,3.184543,1433,7.5831
2899,62,21,2.077098,2.273167,1389,7.3959
2900,21,53,1.744915,1.648296,1454,7.6324
2901,53,45,3.903938,4.515194,1464,7.6333
2902,45,21,3.696262,3.418176,1452,7.6115
2903,21,53,1.729158,1.505481,1456,7.6102
2904,53,45,3.792477,4.414394,1480,7.6200
2905,45,54,2.471299,2.436563,1427,7.5605
2906,54,43,3.861565,3.788700,1424,7.4770
2907,43,57,2.783052,3.042196,1344,7.2828
2908,57,22,2.385689,2.808913,1456,7.6280
2909,22,38,2.132973,2.044158,1407,7.5824
2910,38,0,3.436731,3.666804,1379,7.3896
2911,0,62,4.330848,4.353404,1395,7.2749
2912,62,48,2.649565,2.863231,1449,7.6070
2913,48,20,4.024613,4.049716,1416,7.5073
2914,20,30,4.420733,4.403330,1287,7.0122
2915,30,31,1.969511,1.741899,1446,7.6645
2916,31,30,2.104857,1.892179,1326,7.1802
2917,30,31,1.820630,1.610339,1448,7.6681
2918,31,30,1.861028,1.768813,1431,7.5627
2919,30,10,5.376082,5.293558,1437,7.6345
2920,10,1,2.981112,3.200974,1212,6.8154
2921,1,59,3.765472,3.974655,1312,7.1941
2922,59,43,3.085521,3.104494,1404,7.5465
2923,43,23,3.898149,3.694163,1406,7.6020
2924,23,62,3.768079,3.460934,1429,7.5130
2925,62,46,2.583682,2.678680,1401,7.5683
2926,46,62,2.874302,2.557824,1210,6.8698
2927,62,46,2.377249,2.488031,1465,7.5888
2928,46,63,1.858610,2.220213,1415,7.5882
2929,63,8,2.288294,2.668538,1396,7.5667
2930,8,2,4.345389,4.433575,1467,7.6516
2931,2,52,3.744406,3.650153,1409,7.5333
2932,52,8,3.830876,3.845350,1454,7.6561
2933,8,2,4.314407,4.141084,1458,7.6380
2934,2,52,3.524694,3.523033,1413,7.4952
2935,52,54,4.231424,4.214610,1458,7.6076
2936,54,30,2.111187,2.429114,1331,7.1322
2937,30,31,1.656928,1.585463,1203,6.7300
2938,31,30,1.674220,1.642474,1402,7.4588
2939,30,10,5.136750,5.265384,1431,7.6067
2940,10,61,3.383967,3.542429,1426,7.5408
2941,61,53,4.968879,4.637002,1273,7.0817
2942,53,21,1.836540,1.503465,1437,7.6090
2943,21,54,3.315696,3.602624,1437,7.6597
2944,54,59,4.278149,4.495462,1439,7.5507
2945,59,20,4.083220,4.047336,1283,7.1176
2946,20,19,3.793824,3.525517,1374,7.2890
2947,19,50,3.641641,3.542194,1289,7.0045
2948,50,34,3.299835,3.203184,1461,7.6389
2949,34,13,4.209105,4.182953,1402,7.5125
2950,13,31,4.251484,4.457531,1389,7.5558
2951,31,19,4.675318,5.000306,1440,7.5382
2952,19,51,3.352201,3.311108,1433,7.5645
2953,51,4,4.175795,4.072907,1410,7.5427
2954,4,40,2.636790,2.514435,1422,7.5241
2955,40,24,3.339016,3.252958,1390,7.5226
2956,24,62,2.812888,3.142612,1425,7.6211
2957,62,48,2.555388,2.832628,1464,7.6084
2958,48,41,3.141141,3.128885,1471,7.6310
2959,41,22,3.719650,4.029257,1425,7.4895
2960,22,2,3.612046,3.478989,1449,7.6357
2961,2,9,3.364857,3.357516,1454,7.5548
2962,9,16,3.825845,3.874559,1417,7.5048
2963,16,4,3.826776,4.156420,1310,7.0372
2964,4,23,3.975380,4.266671,1326,7.0178
2965,23,62,3.619191,3.380410,1305,7.1248
2966,62,46,2.345299,2.514123,1399,7.4777
2967,46,63,1.889642,2.204999,1457,7.6585
2968,63,8,2.363854,2.661377,1449,7.6427
2969,8,27,2.475926,2.757773,1443,7.6151
2970,27,16,3.321665,3.518069,1445,7.6241
2971,16,4,3.845452,4.068668,1446,7.5779
2972,4,40,2.451525,2.479005,1387,7.2942
2973,40,24,3.301952,3.135640,1394,7.4461
2974,24,62,2.723368,3.052465,1349,7.2297
2975,62,46,2.210043,2.471657,1395,7.5198
2976,46,62,2.610265,2.446641,1429,7.5949
2977,62,46,2.092153,2.301529,1437,7.5857
2978,46,5,5.275054,5.556219,1461,7.6330
2979,5,13,4.241133,4.017066,1331,7.0419
2980,13,32,3.547732,3.468683,1300,7.3035
2981,32,10,4.265438,4.282095,1389,7.4788
2982,10,37,3.125871,3.371522,1418,7.5362
2983,37,28,2.405330,2.400402,1431,7.6385
2984,28,53,3.341725,3.589162,1455,7.6659
2985,53,45,3.596238,4.034766,1409,7.4703
2986,45,21,3.403560,3.105452,1453,7.5922
2987,21,53,1.678728,1.492453,1447,7.5943
2988,53,21,1.809529,1.496766,1495,7.6055
2989,21,53,1.670832,1.403460,1462,7.6302
2990,53,21,1.704471,1.412859,1433,7.5239
2991,21,54,3.180480,3.398052,1441,7.5663
2992,54,43,3.716753,3.786265,1428,7.5099
2993,43,23,3.847527,3.658740,1354,7.3156
2994,23,0,3.878089,3.305468,1427,7.5630
2995,0,57,2.171241,2.243305,1429,7.6146
2996,57,22,2.384338,2.767247,1444,7.6419
2997,22,2,3.270499,3.357746,1394,7.5278
2998,2,9,3.195302,3.276820,1424,7.5354
2999,9,13,3.604758,3.506536,1441,7.6053
3000,13,32,3.416915,3.404807,1410,7.5683
3001,32,5,4.356778,4.241758,1427,7.5704
3002,5,13,4.206362,3.935502,1319,7.1513
3003,13,24,2.774814,3.105213,1436,7.6388
3004,24,41,2.559713,2.660427,1322,7.0863
3005,41,22,3.512064,3.962078,1398,7.4870
3006,22,38,2.053545,2.092036,1412,7.5511
3007,38,26,3.083010,3.336009,1339,7.1819
3008,26,13,4.356517,4.251845,1351,7.3205
3009,13,32,3.407329,3.355596,1439,7.6312
3010,32,5,4.252405,4.190969,1422,7.5764
3011,5,13,4.154446,3.873494,1351,7.2554
3012,13,32,3.319969,3.306256,1405,7.5523
3013,32,5,4.172391,4.132446,1373,7.4020
3014,5,13,4.043058,3.786500,1423,7.5376
3015,13,24,2.602682,3.120808,1413,7.5758
3016,24,62,2.681399,3.019856,1460,7.6661
3017,62,21,2.568053,2.767825,1431,7.5557
3018,21,53,1.576166,1.421082,1455,7.6447
3019,53,37,3.170616,3.407569,1448,7.5752
3020,37,62,4.575912,4.492691,1468,7.6680
3021,62,48,2.593590,2.889447,1390,7.5686
3022,48,13,4.590110,4.579669,1428,7.5843
3023,13,32,3.225939,3.274559,1407,7.5629
3024,32,5,4.135728,4.065086,1419,7.6116
3025,5,13,3.915790,3.703666,1416,7.5020
3026,13,24,2.789538,3.079712,1439,7.6768
3027,24,62,2.819328,3.030387,1460,7.6511
3028,62,48,2.358321,2.765330,1412,7.4596
3029,48,20,4.246102,4.166935,1443,7.5813
3030,20,19,3.471871,3.508365,1433,7.5482
3031,19,50,3.535785,3.492577,1455,7.6358
3032,50,34,3.217756,3.142255,1455,7.6248
3033,34,5,3.956565,4.001746,1426,7.5355
3034,5,30,4.864336,4.559817,1446,7.5803
3035,30,31,1.707144,1.539775,1389,7.4329
3036,31,30,1.765735,1.645387,1436,7.5588
3037,30,31,1.560928,1.444929,1457,7.6618
3038,31,42,2.268006,2.519179,1466,7.6041
3039,42,40,2.371628,2.798437,1336,7.2252
3040,40,24,3.203684,3.163401,1331,7.2923
3041,24,62,2.562330,2.931479,1459,7.6221
3042,62,48,2.327379,2.665077,1451,7.5730
3043,48,41,3.214079,3.108659,1451,7.6035
3044,41,55,4.384662,4.223630,1404,7.4842
3045,55,58,3.037740,3.124163,1450,7.5904
3046,58,15,4.048287,4.034169,1407,7.4887
3047,15,1,3.932702,3.960313,1438,7.5624
3048,1,46,4.164843,3.952007,1417,7.5899
3049,46,63,2.087909,2.283963,1443,7.6256
3050,63,37,3.134205,3.113637,1440,7.6701
3051,37,62,4.783439,4.552263,1428,7.6265
3052,62,21,2.747685,2.708083,1419,7.5621
3053,21,55,3.028515,3.509946,1443,7.6203
3054,55,30,3.094171,3.080778,1390,7.4171
3055,30,31,1.630004,1.414599,1430,7.6250
3056,31,42,1.962735,2.453215,1432,7.5613
3057,42,40,2.390236,2.750212,1242,7.0329
3058,40,24,3.197669,3.066723,1428,7.5789
3059,24,41,2.498738,2.797069,1458,7.6474
3060,41,55,4.090396,4.055880,1435,7.5649
3061,55,58,3.026505,3.146304,1452,7.5524
3062,58,4,3.726521,3.681013,1447,7.6068
3063,4,15,3.513226,3.598399,1427,7.5530
3064,15,26,4.205272,4.096927,1446,7.5865
3065,26,42,4.056279,4.005991,1431,7.5344
3066,42,55,4.428341,4.593683,1438,7.5255
3067,55,58,2.881947,2.992099,1450,7.5784
3068,58,15,3.977590,4.006809,1435,7.5800
3069,15,26,4.135139,4.000518,1310,7.0340
3070,26,17,3.818415,3.720908,1460,7.5881
3071,17,0,3.461806,3.458232,1448,7.5612
3072,0,62,4.441396,4.379480,1426,7.5663
3073,62,46,2.428240,2.515016,1334,7.2837
3074,46,5,5.007767,5.288278,1418,7.5627
3075,5,13,3.821939,3.669597,1401,7.5164
3076,13,32,3.147446,3.229969,1441,7.6637
3077,32,29,3.788108,3.754534,1441,7.6186
3078,29,29,3.176157,2.717793,1352,7.2384
3079,29,29,2.968370,2.623242,1468,7.6004
3080,29,4,3.874425,3.989241,1376,7.4303
3081,4,15,3.358572,3.474140,1329,7.2033
3082,15,33,3.202077,3.352123,1433,7.5501
3083,33,62,3.285862,3.544222,1284,7.0665
3084,62,21,2.378939,2.630802,1449,7.5852
3085,21,54,2.988137,3.421294,1409,7.5592
3086,54,59,4.082638,4.475079,1439,7.5825
3087,59,43,2.976628,2.945695,1404,7.5828
3088,43,3,4.362048,4.357636,1426,7.6477
3089,3,12,4.030234,4.148996,1415,7.5141
3090,12,62,4.578816,4.470951,1427,7.5827
3091,62,21,2.347111,2.501715,1469,7.6278
3092,21,53,1.804497,1.614882,1425,7.5530
3093,53,21,1.752868,1.433845,1459,7.6199
3094,21,53,1.840735,1.517064,1468,7.6184
3095,53,21,1.622528,1.354258,1426,7.4851
3096,21,53,1.538965,1.424293,1434,7.5912
3097,53,21,1.486338,1.289563,1444,7.5710
3098,21,53,1.473016,1.354381,1436,7.5893
3099,53,37,3.340381,3.550520,1452,7.5905
3100,37,28,2.284466,2.458377,1378,7.5171
3101,28,10,3.462520,3.299624,1409,7.5384
3102,10,37,3.129948,3.243484,1436,7.5639
3103,37,28,2.154931,2.300897,1434,7.6419
3104,28,53,3.275517,3.508795,1435,7.6077
3105,53,21,1.466121,1.295703,1472,7.6150
3106,21,55,3.258015,3.768178,1464,7.6556
3107,55,58,2.771869,2.975244,1428,7.5633
3108,58,51,4.865526,4.887124,1372,7.3085
3109,51,4,4.275546,3.951898,1417,7.5301
3110,4,23,4.084176,4.276309,1399,7.4759
3111,23,37,4.605889,4.419083,1271,6.7866
3112,37,47,3.579961,3.674390,1299,6.9546
3113,47,63,2.783000,3.066567,1440,7.6399
3114,63,8,2.164615,2.522449,1457,7.6487
3115,8,27,2.370425,2.636177,1416,7.5430
3116,27,16,3.200630,3.427315,1437,7.5981
3117,16,41,4.475008,4.358168,1419,7.5616
3118,41,22,3.376360,3.907782,1182,6.5248
3119,22,38,2.059087,2.032916,1416,7.5345
3120,38,26,3.262608,3.319118,1415,7.4564
3121,26,17,3.676869,3.653763,1432,7.5652
3122,17,0,3.270507,3.376502,1463,7.5872
3123,0,62,4.415620,4.312156,1286,7.0293
3124,62,21,2.217551,2.439364,1397,7.4978
3125,21,54,3.097579,3.695363,1422,7.5084
3126,54,59,4.099323,4.382163,1430,7.5207
3127,59,21,5.080784,4.514014,1403,7.5978
3128,21,53,1.678671,1.391061,1438,7.6060
3129,53,45,3.779783,4.465683,1433,7.5659
3130,45,21,3.215785,2.988876,1460,7.5880
3131,21,53,1.360959,1.269135,1430,7.5827
3132,53,45,3.794163,4.339449,1451,7.5654
3133,45,21,2.962265,2.821865,1448,7.5751
3134,21,55,3.008847,3.503515,1446,7.6019
3135,55,30,3.153951,3.175135,1449,7.5836
3136,30,31,1.604365,1.413790,1418,7.5691
3137,31,42,2.139937,2.392770,1444,7.5709
3138,42,55,4.420176,4.556813,1148,6.4951
3139,55,58,2.834620,2.876196,1467,7.5742
3140,58,4,3.728702,3.786714,1375,7.3862
3141,4,15,3.274433,3.384713,1302,7.1124
3142,15,33,3.147697,3.278295,1386,7.3395
3143,33,62,3.170823,3.494375,1147,6.6340
3144,62,46,2.348021,2.498116,1416,7.5326
3145,46,63,2.124597,2.334890,1383,7.4262
3146,63,8,2.106119,2.473971,1416,7.5788
3147,8,2,4.254814,4.295745,1425,7.5825
3148,2,9,3.216691,3.140211,1279,6.9423
3149,9,13,3.579994,3.525871,1439,7.5986
3150,13,32,3.101927,3.147282,1416,7.5681
3151,32,5,4.067236,4.009767,1322,7.2225
3152,5,30,5.072059,4.598883,1430,7.4669
3153,30,31,1.627258,1.377582,1278,7.0530
3154,31,42,1.886566,2.306089,1413,7.5375
3155,42,22,4.945109,4.519843,1419,7.5124
3156,22,38,1.952567,1.956967,1388,7.4788
3157,38,0,3.565349,3.652856,1409,7.4906
3158,0,57,2.192853,2.245558,1431,7.5872
3159,57,2,3.452406,3.550049,1424,7.5825
3160,2,7,3.000947,3.020498,1442,7.6081
3161,7,45,4.157806,4.030387,1401,7.4587
3162,45,54,2.399613,2.322041,1449,7.5974
3163,54,43,3.759992,3.732447,1416,7.4391
3164,43,57,2.863250,3.018641,1459,7.6499
3165,57,2,3.289571,3.422918,1449,7.6319
3166,2,9,3.086610,3.097945,1435,7.5943
3167,9,13,3.525976,3.465592,1448,7.5919
3168,13,24,2.766804,3.158461,1411,7.5281
3169,24,62,2.738951,3.072416,1388,7.5070
3170,62,21,2.689574,2.766814,1317,7.0986
3171,21,53,1.359102,1.309331,1448,7.6308
3172,53,37,3.036334,3.405320,1435,7.6150
3173,37,47,3.259530,3.560466,1420,7.6813
3174,47,37,2.992236,2.612508,1391,7.4932
3175,37,62,4.761123,4.703044,1429,7.6742
3176,62,48,2.501537,2.759419,1419,7.4825
3177,48,20,4.160983,4.051381,1449,7.6532
3178,20,19,3.551760,3.454398,1443,7.6172
3179,19,51,3.314260,3.247980,1452,7.6013
3180,51,56,3.937427,4.027531,1438,7.5691
3181,56,32,4.338844,4.070972,1306,6.9906
3182,32,29,3.591938,3.621425,1399,7.3729
3183,29,23,3.888086,4.063938,1374,7.2647
3184,23,0,3.713719,3.294712,1463,7.6274
3185,0,57,2.169290,2.215789,1442,7.5987
3186,57,35,4.076510,4.212615,1410,7.5409
3187,35,43,3.944989,3.540083,1450,7.5918
3188,43,23,4.069787,3.648391,1421,7.6046
3189,23,0,3.549179,3.169712,1419,7.5435
3190,0,43,4.134581,4.138719,1437,7.6106
3191,43,57,2.576491,2.806145,1443,7.5939
3192,57,2,3.165798,3.367688,1440,7.6138
3193,2,9,2.954980,3.007998,1402,7.3789
3194,9,41,4.013915,4.575226,1358,7.0883
3195,41,22,3.434944,3.776517,1444,7.6026
3196,22,38,1.899275,1.993484,1389,7.3978
3197,38,26,3.269001,3.252884,1405,7.3819
3198,26,17,3.620821,3.590144,1400,7.4619
3199,17,0,3.145627,3.292770,1447,7.5743
3200,0,43,3.936817,4.005152,1449,7.5815
3201,43,57,2.327079,2.643428,1441,7.6695
3202,57,22,2.753067,3.270242,1436,7.6290
3203,22,2,2.950377,3.086084,1433,7.6531
3204,2,9,2.904310,2.924289,1436,7.5764
3205,9,16,3.934047,3.979771,1330,7.1120
3206,16,40,4.077563,4.216725,1306,7.1718
3207,40,23,3.592857,3.778123,1407,7.5365
3208,23,0,3.259213,3.110521,1287,7.0945
3209,0,62,4.544483,4.254480,1280,6.9313
3210,62,48,2.352322,2.612833,1189,6.6444
3211,48,41,2.960144,3.111978,1356,7.3781
3212,41,22,3.235690,3.739882,1432,7.5955
3213,22,60,3.037753,3.142240,1440,7.6424
3214,60,61,4.633658,4.613013,1310,7.0940
3215,61,6,3.922279,3.962465,1392,7.5131
3216,6,12,3.903518,3.937159,1339,7.2855
3217,12,40,4.348670,4.290831,1428,7.5799
3218,40,23,3.201769,3.588427,1381,7.4999
3219,23,62,3.589446,3.407222,1401,7.4183
3220,62,48,2.203715,2.521804,1456,7.5899
3221,48,20,4.039245,4.061122,1437,7.6002
3222,20,19,3.452984,3.407858,1418,7.5887
3223,19,51,3.232765,3.175638,1366,7.5013
3224,51,4,4.044540,3.905801,1346,7.2494
3225,4,15,3.126369,3.311089,1453,7.6051
3226,15,1,3.989823,4.024576,1414,7.4887
3227,1,46,4.129896,3.867621,1460,7.6448
3228,46,62,2.681581,2.635470,1445,7.6208
3229,62,46,2.593874,2.577546,1363,7.2421
3230,46,5,4.793739,5.019018,1441,7.6130
3231,5,13,3.799121,3.611627,1445,7.5907
3232,13,24,3.128550,3.125650,1402,7.4300
3233,24,62,2.902065,3.123256,1413,7.5771
3234,62,46,2.339426,2.528785,1429,7.5494
3235,46,5,4.534331,4.921546,1433,7.5940
3236,5,13,3.879628,3.586642,1381,7.2012
3237,13,24,2.914185,3.072656,1424,7.5729
3238,24,62,2.853041,3.008874,1413,7.5830
3239,62,21,2.966237,2.831415,1431,7.5157
3240,21,53,1.428446,1.288108,1301,6.8670
3241,53,45,3.454680,4.142339,1441,7.6069
3242,45,21,3.228293,2.885009,1436,7.5948
3243,21,54,2.962925,3.303136,1473,7.6602
3244,54,43,3.610541,3.721426,1446,7.5487
3245,43,23,4.054382,3.664598,1434,7.6381
3246,23,0,3.366452,3.032443,1452,7.6531
3247,0,57,2.100647,2.378186,1447,7.5974
3248,57,2,2.996912,3.224367,1367,7.3170
3249,2,52,3.725267,3.727311,1394,7.3256
3250,52,54,4.429754,4.233449,1474,7.6431
3251,54,43,3.551563,3.562503,1392,7.2498
3252,43,57,2.385133,2.609047,1430,7.6064
3253,57,35,3.861947,4.098091,1453,7.6509
3254,35,43,3.978026,3.465584,1347,7.1980
3255,43,3,4.332865,4.390317,1436,7.6022
3256,3,1,3.633190,4.029694,1437,7.5471
3257,1,59,3.847136,4.043727,1397,7.4878
3258,59,43,2.778592,2.834589,1324,7.2674
3259,43,23,3.963414,3.639683,1440,7.6532
3260,23,0,3.318131,2.911267,1405,7.4303
3261,0,62,4.305383,4.083638,1433,7.6349
3262,62,48,2.217832,2.582173,1454,7.5806
3263,48,41,2.852056,3.061995,1439,7.6120
3264,41,22,3.152151,3.660197,1390,7.4396
3265,22,2,2.719833,2.931803,1449,7.7181
3266,2,7,3.176970,3.123422,1422,7.5282
3267,7,45,3.941072,3.988982,1440,7.5530
3268,45,54,2.200037,2.245928,1440,7.5881
3269,54,30,2.556911,3.007074,1437,7.5480
3270,30,31,1.555303,1.391254,1444,7.6352
3271,31,42,1.794485,2.226940,1396,7.4376
3272,42,40,2.683405,3.056196,1356,7.2639
3273,40,33,3.448415,3.412931,1246,6.6888
3274,33,48,3.856484,4.302117,1445,7.6091
3275,48,20,3.974262,3.979964,1363,7.3870
3276,20,19,3.479830,3.358267,1361,7.2553
3277,19,51,3.155761,3.109480,1406,7.5500
3278,51,54,4.683928,4.589749,1450,7.6206
3279,54,30,2.430580,2.847666,1437,7.5420
3280,30,31,1.619605,1.394568,1443,7.6443
3281,31,19,4.698048,5.147720,1412,7.5122
3282,19,17,4.682158,4.676928,1454,7.6425
3283,17,23,3.883311,3.695780,1420,7.4997
3284,23,0,3.079410,2.761225,1417,7.6147
3285,0,57,2.355637,2.446782,1478,7.6844
3286,57,22,2.841354,3.360145,1448,7.6533
3287,22,60,2.924688,3.058599,1435,7.7045
3288,60,61,4.592317,4.569939,1304,7.2009
3289,61,33,3.659297,3.696752,1425,7.5911
3290,33,48,3.721058,4.218603,1446,7.5923
3291,48,20,3.944828,3.857106,1376,7.4642
3292,20,47,3.779858,3.837246,1455,7.6522
3293,47,37,2.734995,2.540991,1427,7.5639
3294,37,62,5.043608,4.787763,1325,7.1934
3295,62,21,2.680654,2.687615,1444,7.5955
3296,21,53,1.489606,1.333046,1459,7.6685
3297,53,21,1.769288,1.497290,1439,7.5893
3298,21,53,1.423407,1.275001,1437,7.6260
3299,53,21,1.621567,1.414227,1474,7.6360
3300,21,53,1.308863,1.219444,1447,7.6160
3301,53,37,3.604012,3.488999,1438,7.5798
3302,37,47,3.265789,3.355549,1377,7.3711
3303,47,63,2.480940,2.939806,1468,7.6362
3304,63,8,2.051466,2.342766,1358,7.3900
3305,8,2,4.389606,4.616940,1414,7.5845
3306,2,7,3.133941,2.967591,1279,6.9410
3307,7,45,3.891881,3.904663,1439,7.6052
3308,45,21,3.006270,2.910051,1406,7.5834
3309,21,54,3.056443,3.381002,1430,7.6123
3310,54,30,2.466463,2.825532,1455,7.5732
3311,30,40,4.048294,4.457077,1477,7.7019
3312,40,33,3.438573,3.358141,1386,7.4578
3313,33,47,3.699215,3.800377,1376,7.4353
3314,47,63,2.394364,2.881326,1387,7.5063
3315,63,8,2.024667,2.280830,1403,7.4582
3316,8,27,2.393860,2.712997,1394,7.5434
3317,27,16,3.114475,3.301145,1296,7.1415
3318,16,40,4.188131,4.226682,1410,7.5305
3319,40,23,3.663131,3.683509,1420,7.5497
3320,23,62,3.682322,3.536728,1382,7.5067
3321,62,21,2.526780,2.654502,1392,7.4583
3322,21,54,2.676939,3.262395,1450,7.6246
3323,54,59,4.156052,4.596580,1450,7.5702
3324,59,20,4.372648,4.256932,1338,7.3166
3325,20,19,3.588131,3.342560,1289,7.0846
3326,19,51,3.143012,3.042664,1424,7.5619
3327,51,4,4.059164,3.853166,1360,7.3264
3328,4,40,2.480009,2.509981,1411,7.5068
3329,40,24,3.143761,3.178849,1401,7.5009
3330,24,62,2.829834,3.068568,1431,7.5990
3331,62,48,2.067894,2.478947,1313,6.9850
3332,48,20,3.851186,3.826349,1435,7.5961
3333,20,47,3.692144,3.756572,1450,7.6047
3334,47,35,3.937132,3.812720,1448,7.6436
3335,35,43,3.805593,3.407855,1416,7.5021
3336,43,57,2.280313,2.515073,1436,7.5846
3337,57,22,2.686848,3.291238,1446,7.6265
3338,22,38,2.123252,2.202155,1411,7.5845
3339,38,49,4.855033,5.031461,1404,7.5279
3340,49,24,4.839214,4.487559,1346,7.1770
3341,24,62,2.442029,2.944282,1421,7.5543
3342,62,48,1.982865,2.406585,1459,7.6028
3343,48,41,2.960941,3.072846,1420,7.5358
3344,41,22,3.150911,3.643107,1382,7.4774
3345,22,60,2.817088,2.982803,1441,7.6427
3346,60,61,4.434332,4.528221,1431,7.6033
3347,61,6,3.894916,3.938578,1402,7.4330
3348,6,12,3.851200,3.888026,1404,7.5355
3349,12,46,4.382601,4.479307,1441,7.6469
3350,46,5,4.360684,4.558752,1438,7.6223
3351,5,13,3.825401,3.562522,1436,7.5923
3352,13,24,2.832605,3.085868,1393,7.5269
3353,24,62,2.584145,2.860950,1376,7.4045
3354,62,46,2.706571,2.989379,1369,7.2619
3355,46,63,2.156274,2.476515,1452,7.6471
3356,63,37,2.976985,2.943889,1461,7.6845
3357,37,28,2.206044,2.402736,1366,7.3633
3358,28,53,3.408041,3.489237,1422,7.5792
3359,53,37,3.060128,3.057524,1395,7.4599
3360,37,62,5.167473,4.980754,1422,7.6526
3361,62,21,2.761990,2.734159,1450,7.6131
3362,21,55,3.118263,3.614241,1443,7.6651
3363,55,58,2.686572,2.850742,1452,7.6414
3364,58,4,3.698476,3.685612,1463,7.5951
3365,4,40,2.311985,2.428422,1391,7.4317
3366,40,33,3.268273,3.237040,1408,7.4413
3367,33,47,3.687635,3.754549,1447,7.6006
3368,47,35,3.847863,3.726780,1453,7.6241
3369,35,43,3.686682,3.352531,1336,7.1397
3370,43,57,2.193247,2.415316,1397,7.5384
3371,57,2,2.999866,3.339922,1439,7.6608
3372,2,9,2.889449,2.939392,1447,7.6130
3373,9,13,3.415845,3.515408,1417,7.4404
3374,13,32,3.059878,3.100390,1428,7.6081
3375,32,29,3.485776,3.552266,1439,7.5969
3376,29,29,2.897857,2.396397,1415,7.5460
3377,29,23,3.909767,4.042920,1407,7.4367
3378,23,0,3.125577,2.712800,1430,7.6235
3379,0,57,2.271848,2.444412,1446,7.6279
3380,57,22,2.592929,3.350132,1459,7.6479
3381,22,2,2.686774,2.911522,1434,7.6077
3382,2,9,2.789512,2.853017,1446,7.6654
3383,9,13,3.369645,3.466425,1424,7.5659
3384,13,31,4.858116,4.915458,1426,7.6203
3385,31,42,1.843243,2.185049,1455,7.6283
3386,42,40,2.340539,2.939200,1421,7.5663
3387,40,33,3.166377,3.158340,1393,7.5307
3388,33,62,3.037083,3.453391,1421,7.5339
3389,62,48,1.996151,2.434253,1413,7.5083
3390,48,20,3.736210,3.796942,1450,7.5200
3391,20,19,3.526491,3.319894,1432,7.5890
3392,19,51,3.025546,2.973773,1394,7.5060
3393,51,4,4.020389,3.796028,1449,7.6353
3394,4,40,2.171338,2.379198,1447,7.6261
3395,40,23,3.509134,3.692885,1422,7.5833
3396,23,37,4.742619,4.707989,1422,7.5864
3397,37,47,2.916694,3.260069,1440,7.6716
3398,47,37,2.833410,2.394894,1415,7.5284
3399,37,28,2.175459,2.365042,1394,7.5525
3400,28,53,3.170669,3.396406,1193,6.7384
3401,53,37,2.857860,2.874467,1453,7.6381
3402,37,28,2.089451,2.319825,1457,7.6902
3403,28,10,3.546812,3.388999,1386,7.4730
3404,10,1,3.136780,3.271542,1457,7.6040
3405,1,46,4.043439,3.779585,1337,7.2453
3406,46,63,2.316846,2.437292,1428,7.5803
3407,63,8,2.088293,2.319741,1460,7.6818
3408,8,27,2.228969,2.589012,1454,7.6779
3409,27,27,1.312675,0.986246,1389,7.4060
3410,27,16,3.060958,3.267942,1424,7.5872
3411,16,4,3.882860,4.102003,1452,7.5947
3412,4,15,3.184690,3.297195,1342,7.3462
3413,15,1,3.941368,3.992727,1363,7.3585
3414,1,59,3.739735,4.001071,1332,7.2651
3415,59,20,4.429848,4.295849,1255,6.9863
3416,20,47,3.634255,3.681343,1445,7.6284
3417,47,35,3.825395,3.716642,1452,7.6286
3418,35,43,3.755489,3.306988,1345,7.3367
3419,43,23,3.990435,3.676742,1449,7.6836
3420,23,62,3.467853,3.466988,1413,7.5168
3421,62,46,2.735014,2.939498,1435,7.5881
3422,46,63,2.295928,2.410882,1454,7.6512
3423,63,8,1.914167,2.301256,1412,7.6014
3424,8,2,4.863235,4.695785,1413,7.5814
3425,2,7,2.990050,2.926560,1238,6.7347
3426,7,1,4.755581,4.423292,1445,7.5837
3427,1,59,3.572908,3.906763,1393,7.5190
3428,59,43,2.829082,2.769196,1457,7.6780
3429,43,23,3.774934,3.570656,1373,7.4575
3430,23,62,3.295746,3.430215,1438,7.5803
3431,62,21,2.846737,2.831820,1464,7.5998
3432,21,53,1.640048,1.501744,1381,7.4054
3433,53,21,1.877132,1.539882,1320,7.0777
3434,21,53,1.630412,1.423057,1458,7.6384
3435,53,21,1.659892,1.443378,1395,7.4389
3436,21,54,3.032486,3.314767,1462,7.6467
3437,54,43,3.845864,3.916120,1443,7.5882
3438,43,57,2.210299,2.377694,1371,7.3694
3439,57,2,2.971294,3.352536,1444,7.6391
3440,2,7,2.797174,2.823292,1408,7.5353
3441,7,57,3.695511,3.732387,1433,7.6184
3442,57,22,2.618153,3.262485,1440,7.6520
3443,22,38,2.182351,2.277479,1426,7.6069
3444,38,26,3.241976,3.146591,1455,7.6262
3445,26,42,3.959852,3.985150,1430,7.5627
3446,42,40,2.318615,2.837466,1336,7.2959
3447,40,23,3.394732,3.743499,1350,7.3139
3448,23,62,3.337758,3.311804,1264,7.0464
3449,62,46,2.773520,2.924275,1466,7.5998
3450,46,63,2.063235,2.372923,1404,7.4823
3451,63,8,1.920518,2.261715,1276,7.0816
3452,8,4,4.637496,4.798397,1449,7.6250
3453,4,40,2.299504,2.400303,1388,7.4547
3454,40,23,3.355348,3.620304,1286,6.9937
3455,23,0,3.084502,2.761524,1408,7.5323
3456,0,57,2.288268,2.482201,1423,7.5391
3457,57,22,2.509928,3.169038,1444,7.6437
3458,22,60,2.834324,2.984727,1444,7.6738
3459,60,7,3.031784,2.965592,1422,7.5762
3460,7,57,3.666198,3.662529,1427,7.5469
3461,57,22,2.360889,3.004238,1415,7.6609
3462,22,38,2.142803,2.269851,1445,7.6634
3463,38,26,3.143070,3.065672,1380,7.4340
3464,26,17,3.615843,3.596692,1388,7.4255
3465,17,48,5.143340,4.870884,1430,7.5200
3466,48,13,4.526689,4.596311,1398,7.4707
3467,13,32,3.079549,3.032387,1420,7.5599
3468,32,10,4.736533,4.677525,1369,7.3806
3469,10,37,2.935379,3.228399,1284,6.9633
3470,37,47,2.885774,3.153412,1404,7.6813
3471,47,35,3.670653,3.653895,1169,6.5548
3472,35,43,3.714898,3.315711,1452,7.6245
3473,43,57,2.037250,2.363110,1417,7.5759
3474,57,2,2.990914,3.251845,1449,7.6401
3475,2,7,2.614942,2.683652,1458,7.5833
3476,7,1,4.600343,4.574088,1458,7.6012
3477,1,46,3.910610,3.808523,1387,7.4694
3478,46,63,1.955541,2.279826,1412,7.5723
3479,63,63,1.173741,0.788115,1373,7.4765
3480,63,37,3.238811,3.171602,1458,7.6803
3481,37,62,4.904669,4.828961,1406,7.5679
3482,62,21,2.931271,2.705861,1414,7.4886
3483,21,53,1.500730,1.457805,1453,7.6740
3484,53,45,3.748353,4.232480,1453,7.5814
3485,45,21,3.247182,2.931063,1415,7.5696
3486,21,55,3.004056,3.588055,1463,7.6308
3487,55,58,2.667432,2.815420,1453,7.5947
3488,58,4,3.919899,3.771863,1425,7.5676
3489,4,40,2.315146,2.317157,1261,7.0526
3490,40,33,3.231453,3.219027,1423,7.5395
3491,33,62,2.971956,3.240213,1441,7.6560
3492,62,21,2.865453,2.722220,1464,7.5931
3493,21,54,2.601312,3.189460,1457,7.6260
3494,54,43,3.850779,3.920336,1431,7.5180
3495,43,23,3.723793,3.647086,1435,7.6632
3496,23,62,3.216255,3.286504,1358,7.3609
3497,62,21,2.701418,2.650588,1504,7.6055
3498,21,53,1.649383,1.582004,1462,7.6537
3499,53,45,3.540242,4.008468,1467,7.5896
3500,45,54,2.181419,2.143395,1430,7.5919
3501,54,43,3.575849,3.789923,1461,7.6224
3502,43,57,2.105925,2.335958,1464,7.6841
3503,57,22,2.616081,3.068623,1452,7.6583
3504,22,38,2.170686,2.190852,1421,7.5930
3505,38,26,3.063836,2.985983,1443,7.6386
3506,26,13,4.598934,4.578590,1275,7.0007
3507,13,32,3.098531,2.934739,1466,7.6830
3508,32,10,4.793847,4.634483,1428,7.5775
3509,10,1,3.177786,3.221612,1278,6.9693
3510,1,46,3.835728,3.705981,1386,7.3636
3511,46,63,1.899509,2.135479,1452,7.6293
3512,63,37,3.051623,3.051538,1453,7.6837
3513,37,62,4.847714,4.693678,1444,7.6903
3514,62,21,2.667813,2.458358,1329,7.0982
3515,21,53,1.662777,1.568201,1289,7.0354
3516,53,45,3.533798,3.864390,1470,7.6433
3517,45,54,2.144876,2.034725,1464,7.6585
3518,54,59,4.324410,4.745874,1424,7.5297
3519,59,43,2.690443,2.647510,1360,7.3619
3520,43,23,3.796556,3.578850,1438,7.6314
3521,23,0,2.868737,2.632391,1463,7.6547
3522,0,62,3.855397,3.741323,1389,7.3865
3523,62,21,2.470312,2.345511,1473,7.6301
3524,21,55,3.037065,3.541287,1448,7.6673
3525,55,26,4.255533,4.539174,1430,7.5757
3526,26,17,3.531231,3.554560,1316,6.9718
3527,17,0,3.290224,3.283478,1411,7.4427
3528,0,57,2.446548,2.570743,1427,7.6105
3529,57,22,2.673781,2.960794,1446,7.5795
3530,22,38,2.034954,2.114116,1399,7.6017
3531,38,26,2.814772,2.919182,1330,7.1667
3532,26,42,3.881407,4.002236,1455,7.5441
3533,42,40,2.313548,2.776135,1430,7.5475
3534,40,24,3.475684,3.468727,1380,7.4474
3535,24,41,2.720153,2.839376,1452,7.6543
3536,41,55,3.869721,3.944916,1407,7.4710
3537,55,58,2.774671,2.842053,1439,7.5505
3538,58,15,3.831898,3.975859,1447,7.5744
3539,15,33,2.849999,3.080764,1449,7.5768
3540,33,62,2.982836,3.172396,1230,6.9974
3541,62,46,3.064790,3.013620,1376,7.3722
3542,46,62,3.036672,2.734406,1429,7.5223
3543,62,21,2.618672,2.325077,1446,7.5890
3544,21,53,1.803223,1.674044,1449,7.5968
3545,53,21,1.903999,1.630998,1457,7.6472
3546,21,53,1.821553,1.581128,1445,7.5939
3547,53,37,3.117929,3.222724,1443,7.5861
3548,37,62,4.556486,4.579669,1337,7.4129
3549,62,46,2.751502,2.780983,1304,7.0330
3550,46,63,1.823433,2.222477,1442,7.6144
3551,63,63,0.935958,0.646133,1420,7.6138
3552,63,8,2.273710,2.554361,1456,7.6823
3553,8,2,4.622772,4.684285,1456,7.6564
3554,2,52,3.676779,3.749272,1349,7.3213
3555,52,58,4.842086,4.701637,1424,7.5731
3556,58,4,3.741061,3.665863,1334,7.2086
3557,4,40,2.267837,2.277890,1445,7.6321
3558,40,33,2.994261,3.117511,1389,7.3964
3559,33,62,2.845581,3.138641,1227,6.8039
3560,62,48,2.895434,3.009177,1445,7.5903
3561,48,41,3.091506,3.011275,1434,7.5427
3562,41,24,3.035788,2.580965,1464,7.6596
3563,24,62,2.867742,3.205055,1442,7.6187
3564,62,48,2.695620,2.892274,1369,7.3027
3565,48,20,3.773446,3.787416,1426,7.5701
3566,20,30,4.798171,4.636614,1435,7.6113
3567,30,31,1.917533,1.618403,1405,7.5073
3568,31,42,1.912038,2.193388,1410,7.4861
3569,42,40,2.137554,2.754242,1413,7.5020
3570,40,24,3.423799,3.477456,1427,7.6021
3571,24,62,2.930641,3.090981,1427,7.5891
3572,62,46,2.808719,2.863972,1375,7.2115
3573,46,63,1.869290,2.168696,1438,7.5672
3574,63,8,2.040030,2.456343,1447,7.6758
3575,8,4,4.641502,4.797478,1435,7.6145
3576,4,40,2.098802,2.283131,1436,7.6300
3577,40,24,3.307296,3.354886,1372,7.4888
3578,24,62,2.819792,2.970821,1423,7.5543
3579,62,21,2.697937,2.541431,1396,7.4805
3580,21,55,2.979571,3.435315,1466,7.6795
3581,55,58,2.827307,2.851570,1430,7.5254
3582,58,4,3.703634,3.675123,1349,7.2171
3583,4,15,3.138049,3.231375,1267,6.9549
3584,15,1,4.026307,4.055491,1361,7.3052
3585,1,33,3.513822,3.452384,1414,7.4759
3586,33,62,2.777501,3.014344,1469,7.6294
3587,62,46,2.864057,2.857157,1381,7.3521
3588,46,63,1.818520,2.170159,1459,7.6204
3589,63,37,3.191559,3.090046,1399,7.5056
3590,37,28,2.266775,2.434264,1417,7.6581
3591,28,10,3.533240,3.374001,1394,7.5120
3592,10,61,3.444745,3.584619,1362,7.2419
3593,61,6,3.860968,3.887033,1328,7.1253
3594,6,23,4.276915,4.203805,1398,7.4235
3595,23,37,4.880185,4.777733,1342,7.2328
3596,37,62,4.904870,4.644175,1435,7.6612
3597,62,46,2.675141,2.632051,1446,7.4970
3598,46,63,1.742759,2.189199,1471,7.6287
3599,63,8,1.970565,2.496934,1430,7.6366
3600,8,2,4.546149,4.634074,1340,7.3664
3601,2,7,2.400139,2.572559,1391,7.4498
3602,7,45,3.835157,4.083859,1441,7.5849
3603,45,21,3.277022,3.184448,1369,7.4414
3604,21,54,3.389827,3.378666,1423,7.5733
3605,54,30,2.567697,3.103299,1391,7.4106
3606,30,10,4.718035,4.788510,1339,7.3568
3607,10,61,3.446920,3.518106,1397,7.4372
3608,61,53,4.800562,4.661835,1420,7.5578
3609,53,21,1.855938,1.567059,1461,7.6394
3610,21,53,1.830676,1.645231,1461,7.6479
3611,53,21,1.689213,1.474245,1446,7.6146
3612,21,53,1.738248,1.535622,1448,7.6225
3613,53,45,3.367139,3.855364,1459,7.5964
3614,45,54,2.120764,2.043878,1427,7.6130
3615,54,30,2.638068,2.987821,1458,7.6089
3616,30,31,1.938375,1.662011,1455,7.6295
3617,31,19,4.534855,4.717074,1445,7.5315
3618,19,51,2.954839,2.889799,1447,7.5910
3619,51,4,3.977989,3.795279,1441,7.6300
3620,4,40,2.218341,2.229118,1427,7.5974
3621,40,33,3.048791,3.158383,1412,7.5562
3622,33,62,2.743329,3.002395,1371,7.3168
3623,62,21,3.186015,2.641535,1367,7.3777
3624,21,54,2.893419,3.350108,1429,7.6373
3625,54,43,3.625282,3.833033,1464,7.6245
3626,43,3,4.302064,4.472498,1417,7.6171
3627,3,25,3.994897,3.984014,1371,7.4188
3628,25,54,4.908637,4.399006,1394,7.4337
3629,54,30,2.569695,2.945498,1445,7.5704
3630,30,10,4.662758,4.795489,1407,7.5428
3631,10,37,2.932125,3.151203,1395,7.3883
3632,37,62,4.656849,4.512213,1452,7.7209
3633,62,46,2.585606,2.507063,1423,7.5003
3634,46,63,1.990614,2.192372,1414,7.5321
3635,63,63,0.960680,0.560727,1430,7.6384
3636,63,63,0.726069,0.466572,1432,7.6390
3637,63,63,0.631750,0.390674,1403,7.5662
3638,63,63,0.538203,0.327643,1439,7.6364
3639,63,8,2.391264,2.917897,1407,7.5865
3640,8,27,2.688150,2.841269,1462,7.6469
3641,27,27,1.244804,0.915230,1320,7.1113
3642,27,16,2.943156,3.178988,1369,7.3481
3643,16,41,4.258098,4.319862,1400,7.4203
3644,41,22,3.344170,3.843966,1444,7.6394
3645,22,60,2.871724,3.028415,1417,7.6321
3646,60,22,2.375042,2.180846,1385,7.4714
3647,22,38,2.009972,2.060745,1365,7.4373
3648,38,26,2.806703,2.818351,1445,7.6048
3649,26,17,3.494150,3.547764,1364,7.3138
3650,17,0,3.185785,3.226838,1434,7.4993
3651,0,62,4.333359,3.958971,1424,7.5997
3652,62,46,2.366417,2.412083,1425,7.5893
3653,46,63,1.829129,1.976301,1442,7.5654
3654,63,63,0.556460,0.317468,1435,7.6874
3655,63,37,3.607543,3.769328,1452,7.6725
3656,37,47,2.843515,3.136319,1442,7.6843
3657,47,35,3.614961,3.544205,1452,7.6169
3658,35,48,4.311501,4.175458,1446,7.5936
3659,48,41,2.748561,3.043422,1461,7.6192
3660,41,24,3.058397,2.605958,1363,7.4278
3661,24,62,2.876177,3.111078,1419,7.5352
3662,62,48,3.027357,3.116566,1463,7.5921
3663,48,41,2.797358,2.998110,1467,7.6093
3664,41,22,3.225899,3.842043,1438,7.6514
3665,22,38,1.857214,1.986449,1399,7.5793
3666,38,0,4.261391,4.530286,1437,7.6364
3667,0,62,4.289611,3.952958,1468,7.6372
3668,62,21,2.910331,2.530685,1407,7.5556
3669,21,54,2.896317,3.245707,1478,7.6910
3670,54,30,2.306808,2.903410,1466,7.6010
3671,30,31,1.929784,1.698484,1439,7.6038
3672,31,19,4.084167,4.569908,1320,7.1401
3673,19,50,3.528570,3.538152,1468,7.6535
3674,50,34,3.191811,3.085203,1448,7.6067
3675,34,13,3.977035,4.044305,1365,7.2209
3676,13,24,2.737994,3.128143,1450,7.6427
3677,24,41,2.959327,2.687672,1396,7.4636
3678,41,55,3.735175,3.952635,1418,7.5768
3679,55,26,4.154910,4.443156,1453,7.6040
3680,26,42,4.039035,3.916175,1468,7.6083
3681,42,22,4.821418,4.274910,1444,7.6259
3682,22,38,1.725391,1.879568,1441,7.6982
3683,38,26,2.715892,2.818051,1417,7.5757
3684,26,13,4.770156,4.692236,1360,7.2531
3685,13,31,5.022543,4.827875,1439,7.6078
3686,31,42,1.994195,2.261901,1425,7.5676
3687,42,22,4.546126,4.202311,1435,7.6298
3688,22,38,1.661009,1.800925,1435,7.6531
3689,38,0,4.165756,4.466151,1443,7.6193
3690,0,43,3.682843,3.916339,1435,7.5957
3691,43,23,3.641842,3.414856,1470,7.6910
3692,23,0,3.104022,2.642658,1370,7.3533
3693,0,57,2.312492,2.479812,1427,7.5732
3694,57,2,3.277396,3.529768,1449,7.6640
3695,2,7,2.379617,2.504435,1336,7.0998
3696,7,45,3.773777,4.024335,1409,7.6051
3697,45,21,3.527949,3.175440,1432,7.6254
3698,21,53,1.811396,1.621452,1466,7.6519
3699,53,45,3.289379,3.665168,1431,7.5844
3700,45,54,2.064445,1.971935,1408,7.5860
3701,54,43,3.566013,3.785069,1445,7.5758
3702,43,23,3.425836,3.326581,1427,7.6404
3703,23,62,2.993505,3.359416,1411,7.6192
3704,62,46,2.494110,2.476594,1423,7.4731
3705,46,62,2.485306,2.426224,1432,7.5428
3706,62,46,2.359438,2.311968,1446,7.5694
3707,46,62,2.464885,2.247173,1431,7.5466
3708,62,46,2.234419,2.152760,1422,7.5579
3709,46,63,2.074113,2.222321,1294,6.9754
3710,63,8,2.384176,2.829121,1277,7.0650
3711,8,4,4.504082,4.792997,1443,7.6507
3712,4,40,2.226718,2.256227,1375,7.3814
3713,40,24,3.310656,3.377018,1403,7.5491
3714,24,41,2.312910,2.634384,1408,7.5855
3715,41,24,2.973222,2.424437,1429,7.5390
3716,24,62,3.185161,3.154419,1438,7.5724
3717,62,48,3.137448,3.141876,1407,7.5280
3718,48,41,2.862989,2.950403,1352,7.3893
3719,41,24,2.736230,2.373409,1402,7.5379
3720,24,62,2.674335,3.046656,1412,7.5798
3721,62,48,2.930389,3.016792,1359,7.1989
3722,48,20,3.799500,3.879265,1354,7.3391
3723,20,19,3.630896,3.328178,1420,7.5545
3724,19,50,3.446146,3.461479,1304,6.9782
3725,50,9,4.140589,4.160973,1420,7.6037
3726,9,16,3.835391,3.799258,1423,7.5540
3727,16,41,4.124131,4.267344,1379,7.3510
3728,41,22,3.363776,4.052007,1391,7.5052
3729,22,60,2.792297,2.985719,1251,6.7529
3730,60,61,4.573322,4.525374,1441,7.6147
3731,61,33,3.773812,3.765103,1461,7.6092
3732,33,48,4.246933,4.362809,1403,7.5156
3733,48,41,3.156337,2.993389,1428,7.5559
3734,41,24,2.565358,2.298330,1431,7.6226
3735,24,62,2.766948,2.968840,1445,7.6473
3736,62,21,3.166848,2.826757,1416,7.5706
3737,21,53,1.774284,1.566338,1440,7.6929
3738,53,21,1.811430,1.606272,1470,7.6865
3739,21,53,1.626925,1.483612,1470,7.7150
3740,53,37,3.228550,3.325634,1464,7.6560
3741,37,28,2.287453,2.424509,1336,7.3350
3742,28,46,4.472947,4.348540,1419,7.5441
3743,46,63,1.970653,2.096167,1451,7.6164
3744,63,8,2.124352,2.647630,1423,7.6367
3745,8,27,2.622271,2.773064,1436,7.6453
3746,27,16,2.724472,3.032329,1380,7.5153
3747,16,41,4.065309,4.230092,1444,7.6070
3748,41,24,2.361954,2.195730,1408,7.4987
3749,24,41,2.121107,2.310699,1449,7.6716
3750,41,55,3.879803,4.106540,1438,7.5864
3751,55,58,2.934248,2.894870,1417,7.5120
3752,58,15,3.788586,3.884264,1414,7.5008
3753,15,26,4.525906,4.191267,1370,7.2757
3754,26,17,3.404575,3.457856,1458,7.6164
3755,17,23,4.035588,3.728482,1448,7.5876
3756,23,37,4.427196,4.699740,1433,7.6369
3757,37,28,2.138743,2.281145,1442,7.7031
3758,28,53,3.327343,3.429519,1449,7.6395
3759,53,21,1.754941,1.575530,1453,7.6001
3760,21,55,2.980273,3.498800,1467,7.6718
3761,55,58,3.027735,2.841420,1466,7.6471
3762,58,15,3.662116,3.812567,1437,7.5872
3763,15,1,4.002913,4.050562,1456,7.6024
3764,1,46,3.865148,3.690613,1432,7.5776
3765,46,63,1.692067,2.032547,1455,7.5563
3766,63,8,2.063105,2.551566,1432,7.6709
3767,8,4,4.572930,4.773909,1448,7.6753
3768,4,40,2.284768,2.281109,1405,7.5639
3769,40,33,2.960285,3.116883,1412,7.5778
3770,33,62,2.975291,2.995709,1430,7.5482
3771,62,46,2.339414,2.476332,1454,7.6163
3772,46,63,1.716956,2.051307,1475,7.5821
3773,63,63,0.744941,0.429500,1458,7.6448
3774,63,8,2.030116,2.614122,1439,7.6340
3775,8,2,4.984105,4.850970,1458,7.6404
3776,2,7,2.293700,2.412550,1439,7.6426
3777,7,57,3.618842,3.778501,1456,7.5973
3778,57,2,3.173489,3.406171,1373,7.2700
3779,2,9,2.819167,2.978006,1467,7.6399
3780,9,13,3.505722,3.393252,1442,7.6332
3781,13,24,2.582049,3.055050,1398,7.5633
3782,24,62,2.916075,2.936350,1278,7.0444
3783,62,46,2.142119,2.424827,1437,7.5907
3784,46,5,4.750497,5.137626,1472,7.6359
3785,5,13,3.889329,3.612629,1472,7.5959
3786,13,31,4.904019,4.770350,1378,7.4491
3787,31,30,1.930838,1.889740,1430,7.5029
3788,30,31,2.061914,1.778532,1427,7.5839
3789,31,42,2.315410,2.232820,1427,7.5454
3790,42,40,2.347506,2.920422,1413,7.5937
3791,40,33,2.907360,3.030597,1395,7.5530
3792,33,47,4.185953,4.088216,1360,7.3686
3793,47,63,2.324333,2.847935,1374,7.3515
3794,63,37,3.418539,3.524860,1448,7.6716
3795,37,62,5.017153,4.883275,1384,7.5413
3796,62,46,2.058582,2.234281,1399,7.3945
3797,46,62,2.341047,2.188886,1436,7.5771
3798,62,46,1.844072,2.092837,1357,7.3227
3799,46,63,2.024980,2.308699,1460,7.5449
3800,63,63,0.746339,0.436932,1421,7.6267
3801,63,8,2.223342,2.627746,1420,7.6179
3802,8,2,4.789966,4.760592,1461,7.6415
3803,2,52,3.498678,3.658847,1329,7.2222
3804,52,8,4.124618,4.124465,1321,7.0817
3805,8,27,2.521121,2.800430,1422,7.6355
3806,27,53,5.372509,6.020991,1411,7.6150
3807,53,21,1.705512,1.471000,1291,7.0541
3808,21,53,1.916444,1.537410,1433,7.6181
3809,53,37,2.888663,3.114110,1444,7.6076
3810,37,28,2.123373,2.311667,1434,7.6782
3811,28,53,3.202746,3.306446,1395,7.5134
3812,53,37,2.735415,2.861587,1365,7.3635
3813,37,28,1.992790,2.277806,1444,7.7512
3814,28,53,3.287211,3.200851,1407,7.5497
3815,53,45,3.365026,3.740633,1467,7.6807
3816,45,54,2.006997,1.991339,1432,7.6257
3817,54,30,2.349068,2.827763,1453,7.5619
3818,30,10,4.618382,4.755140,1439,7.5994
3819,10,61,3.403730,3.530826,1438,7.5775
3820,61,6,3.830259,3.836874,1424,7.5056
3821,6,12,3.777767,3.822381,1451,7.5940
3822,12,46,4.368307,4.489926,1412,7.5285
3823,46,63,1.777338,2.166161,1442,7.5602
3824,63,63,0.660903,0.416722,1445,7.6848
3825,63,8,2.303942,2.749271,1429,7.6347
3826,8,2,4.444085,4.426531,1480,7.7127
3827,2,7,2.341805,2.432587,1344,7.1923
3828,7,57,3.508961,3.671808,1447,7.5742
3829,57,2,3.260880,3.427027,1444,7.6770
3830,2,52,3.363762,3.572231,1441,7.5662
3831,52,58,4.995945,4.804569,1423,7.5145
3832,58,4,3.765259,3.702965,1328,7.2740
3833,4,40,2.384465,2.220845,1419,7.4998
3834,40,24,3.690609,3.696300,1367,7.3947
3835,24,41,1.965834,2.291619,1328,7.2864
3836,41,55,3.776980,3.927053,1405,7.4980
3837,55,58,2.817810,2.820663,1464,7.6191
3838,58,4,3.694322,3.633574,1468,7.5794
3839,4,40,2.106185,2.141811,1426,7.6142
3840,40,33,2.818299,2.968030,1338,7.2058
3841,33,62,2.792306,3.033079,1471,7.6797
3842,62,46,1.848744,2.082547,1506,7.6253
3843,46,63,1.821769,2.132156,1462,7.6143
3844,63,8,2.018766,2.629809,1435,7.6584
3845,8,2,4.421069,4.444717,1458,7.6663
3846,2,7,2.266849,2.392143,1390,7.2920
3847,7,57,3.408148,3.563310,1431,7.5912
3848,57,22,2.700340,3.173630,1322,7.2899
3849,22,38,1.842177,1.891328,1364,7.4185
3850,38,26,2.828652,2.825869,1435,7.5630
3851,26,42,3.856626,3.815900,1369,7.4310
3852,42,40,2.374473,2.910455,1445,7.6047
3853,40,24,3.617335,3.621946,1334,7.2568
3854,24,36,4.389685,4.562105,1426,7.6242
3855,36,37,4.751021,5.033479,1339,7.2940
3856,37,62,4.964537,4.740522,1439,7.7213
3857,62,21,3.478842,2.869479,1392,7.5209
3858,21,54,2.839434,3.164150,1445,7.6367
3859,54,30,2.228618,2.794790,1436,7.5736
3860,30,31,2.061023,1.849092,1407,7.5148
3861,31,30,1.830255,1.738108,1439,7.6033
3862,30,31,1.919744,1.725491,1442,7.6167
3863,31,30,1.605089,1.632528,1419,7.5343
3864,30,31,1.806169,1.621552,1446,7.6427
3865,31,42,2.402596,2.429115,1454,7.5752
3866,42,40,2.287263,2.865079,1293,7.0034
3867,40,33,2.823099,2.937982,1288,7.0855
3868,33,62,2.761417,3.031317,1346,7.4587
3869,62,21,3.020476,2.793538,1381,7.4128
3870,21,53,1.892627,1.664204,1456,7.6448
3871,53,37,2.505634,2.693918,1368,7.2530
3872,37,47,3.104553,3.428819,1412,7.6310
3873,47,37,2.645450,2.377532,1232,6.7776
3874,37,28,1.937662,2.280356,1446,7.7261
3875,28,10,3.540262,3.505754,1442,7.6464
3876,10,61,3.388142,3.442928,1437,7.5762
3877,61,33,3.986520,3.746338,1438,7.5866
3878,33,62,2.543735,2.945161,1434,7.5867
3879,62,46,1.779781,2.070139,1443,7.5417
3880,46,63,1.783846,2.161683,1353,7.1962
3881,63,37,3.301009,3.486065,1432,7.5992
3882,37,62,4.992348,4.735334,1426,7.6747
3883,62,21,3.120568,2.671375,1467,7.5733
3884,21,53,1.767091,1.667390,1445,7.6023
3885,53,21,2.079768,1.702780,1463,7.6466
3886,21,55,3.175026,3.521651,1460,7.6315
3887,55,26,4.576575,4.544912,1376,7.3517
3888,26,42,3.622785,3.649056,1342,7.2996
3889,42,22,4.332845,3.996319,1413,7.5769
3890,22,38,1.704862,1.823855,1372,7.3569
3891,38,26,2.594009,2.748060,1386,7.3827
3892,26,13,4.674229,4.635866,1362,7.1914
3893,13,24,2.696764,3.100723,1385,7.5188
3894,24,41,2.073410,2.273461,1385,7.4278
3895,41,22,3.532450,4.226123,1471,7.5861
3896,22,38,1.635304,1.785916,1379,7.6092
3897,38,26,2.320079,2.652128,1310,7.2147
3898,26,42,3.731526,3.648178,1319,7.1475
3899,42,40,2.473290,2.913899,1407,7.5376
3900,40,24,3.452878,3.564049,1303,7.1339
3901,24,62,3.396320,3.195130,1325,7.2532
3902,62,46,1.825491,2.028199,1445,7.5968
3903,46,63,1.761984,2.165168,1285,6.9826
3904,63,8,2.020083,2.618072,1373,7.5106
3905,8,4,4.578635,4.880796,1434,7.6381
3906,4,40,2.060788,2.238288,1432,7.6227
3907,40,23,4.042329,4.405464,1452,7.6084
3908,23,37,4.673371,4.778692,1398,7.5034
3909,37,47,2.816785,3.222425,1440,7.7618
3910,47,63,2.297494,2.925212,1458,7.7009
3911,63,37,3.330419,3.403920,1418,7.5275
3912,37,62,4.764812,4.541965,1439,7.7859
3913,62,46,1.694393,1.911570,1428,7.5670
3914,46,5,4.811800,5.285370,1370,7.2768
3915,5,13,3.907714,3.630146,1347,7.1768
3916,13,24,3.013425,3.092089,1384,7.5350
3917,24,62,3.184520,3.239901,1461,7.6743
3918,62,21,2.867882,2.556963,1452,7.5499
3919,21,53,1.863445,1.671843,1447,7.6287
3920,53,37,2.654121,2.768906,1435,7.5995
3921,37,62,4.469624,4.551332,1448,7.7280
3922,62,21,2.500930,2.380280,1455,7.6355
3923,21,55,2.829586,3.451072,1432,7.5891
3924,55,58,2.871659,2.860835,1456,7.6037
3925,58,15,3.756265,3.823425,1410,7.4578
3926,15,1,4.002648,4.016347,1428,7.5466
3927,1,46,3.569844,3.611800,1384,7.4759
3928,46,63,1.899097,2.191864,1435,7.5647
3929,63,63,0.784212,0.485483,1429,7.6202
3930,63,8,2.152539,2.690300,1444,7.6493
3931,8,2,4.205323,4.237998,1445,7.6369
3932,2,7,2.377133,2.348878,1185,6.4970
3933,7,45,3.807280,4.139819,1371,7.3426
3934,45,21,3.635427,3.398104,1445,7.6447
3935,21,55,2.715775,3.221322,1381,7.4807
3936,55,26,4.544276,4.627398,1433,7.5559
3937,26,17,3.476922,3.570262,1441,7.5603
3938,17,0,3.304601,3.116458,1285,6.8769
3939,0,43,3.429936,3.774155,1450,7.6455
3940,43,57,2.220412,2.519334,1399,7.5404
3941,57,22,2.901307,3.279193,1328,7.2586
3942,22,38,1.673293,1.754238,1404,7.5924
3943,38,0,4.121924,4.384754,1444,7.6270
3944,0,62,4.605976,4.417728,1297,7.0920
3945,62,21,2.594848,2.335109,1442,7.5823
3946,21,53,2.004649,1.751149,1362,7.3962
3947,53,37,2.392929,2.648091,1437,7.5676
3948,37,62,4.506082,4.518167,1459,7.7415
3949,62,46,1.835139,2.038432,1328,7.2706
3950,46,62,2.141474,2.092286,1137,6.2466
3951,62,46,1.644047,1.917317,1449,7.5962
3952,46,63,1.882488,2.229978,1348,7.1991
3953,63,63,0.730172,0.452131,1451,7.6502
3954,63,37,3.187091,3.437620,1394,7.5278
3955,37,62,4.245884,4.294922,1425,7.7163
3956,62,21,2.655512,2.253663,1447,7.6551
3957,21,53,2.041684,1.729150,1465,7.6370
3958,53,45,3.371819,3.850563,1454,7.6377
3959,45,54,2.070552,1.994765,1417,7.5644
3960,54,30,2.189789,2.665271,1432,7.5628
3961,30,31,1.774004,1.628923,1440,7.5999
3962,31,30,1.572180,1.575270,1371,7.2744
3963,30,31,1.708961,1.540025,1429,7.5750
3964,31,42,2.631383,2.524397,1440,7.5870
3965,42,40,2.259111,2.874108,1370,7.3280
3966,40,33,2.782606,3.022988,1434,7.5683
3967,33,62,2.871026,3.199912,1461,7.6238
3968,62,46,1.678124,1.926984,1383,7.4040
3969,46,63,1.781360,2.159069,1376,7.3415
3970,63,8,2.221829,2.751141,1447,7.6642
3971,8,4,4.572519,4.689068,1428,7.6002
3972,4,40,2.230438,2.296654,1439,7.6292
3973,40,24,3.365118,3.603391,1449,7.5894
3974,24,62,3.513902,3.469270,1416,7.5371
3975,62,21,2.584688,2.243712,1425,7.5211
3976,21,53,1.701323,1.701883,1375,7.2248
3977,53,21,2.109402,1.737536,1442,7.5934
3978,21,53,1.737189,1.587646,1434,7.5961
3979,53,45,3.522687,3.897893,1464,7.5944
3980,45,21,3.591747,3.306449,1433,7.6428
3981,21,55,2.949898,3.364345,1453,7.6161
3982,55,26,4.346860,4.542768,1414,7.5387
3983,26,17,3.368359,3.429689,1418,7.5260
3984,17,0,3.099220,3.011265,1446,7.5894
3985,0,62,4.628233,4.440477,1489,7.6839
3986,62,21,2.323036,2.201415,1456,7.6471
3987,21,54,3.380633,3.880129,1436,7.5209
3988,54,43,3.295649,3.642207,1472,7.6012
3989,43,57,2.155667,2.488579,1407,7.4892
3990,57,2,3.618996,3.538051,1379,7.4519
3991,2,7,2.216182,2.238178,1342,7.1981
3992,7,45,3.651237,4.178630,1400,7.4533
3993,45,21,3.764926,3.352701,1449,7.6784
3994,21,53,1.492934,1.568016,1365,7.4116
3995,53,21,1.838749,1.606162,1327,7.0634
3996,21,54,3.098628,3.637404,1477,7.6495
3997,54,30,2.167755,2.788983,1428,7.5549
3998,30,31,1.700727,1.522442,1447,7.5870
3999,31,30,1.418621,1.546164,1430,7.5712
4000,30,31,1.636162,1.447313,1471,7.6071
4001,31,30,1.444166,1.469553,1440,7.5838
4002,30,40,4.327579,4.606547,1450,7.5829
4003,40,24,3.280232,3.451895,1283,7.1252
4004,24,62,3.211946,3.347094,1417,7.5880
4005,62,48,3.392518,3.484815,1411,7.5745
4006,48,41,3.170551,3.018088,1400,7.4963
4007,41,24,2.637706,2.338669,1461,7.5995
4008,24,36,4.373279,4.495502,1444,7.6058
4009,36,37,4.964167,5.096835,1447,7.5649
4010,37,28,2.172519,2.462664,1438,7.7354
4011,28,53,3.159612,3.219292,1337,7.2929
4012,53,37,2.859677,2.796299,1452,7.6033
4013,37,47,2.913701,3.308888,1395,7.5895
4014,47,63,2.402713,2.959855,1434,7.6142
4015,63,37,3.060386,3.250882,1437,7.6485
4016,37,28,2.437778,2.535784,1449,7.6970
4017,28,10,3.304751,3.353264,1348,7.3236
4018,10,61,3.236774,3.352415,1436,7.5401
4019,61,6,3.710585,3.775914,1434,7.5929
4020,6,12,3.701000,3.758045,1383,7.2674
4021,12,62,4.457253,4.475193,1433,7.5940
4022,62,46,1.666742,2.027430,1367,7.3441
4023,46,63,1.744168,2.163227,1411,7.4544
4024,63,63,0.719669,0.467140,1422,7.6002
4025,63,37,2.996632,3.255443,1427,7.5829
4026,37,62,4.461923,4.483346,1373,7.4816
4027,62,48,3.147179,3.300993,1430,7.5377
4028,48,41,3.008402,2.972005,1382,7.3766
4029,41,55,3.440469,3.646230,1307,7.0175
4030,55,58,2.899388,2.952311,1205,6.7311
4031,58,15,3.636043,3.726367,1434,7.6263
4032,15,33,2.899076,3.050877,1331,7.1809
4033,33,47,4.213665,4.205103,1330,7.2430
4034,47,37,2.143844,2.246046,1421,7.5772
4035,37,62,4.145710,4.321529,1445,7.6918
4036,62,21,2.596443,2.242582,1435,7.5826
4037,21,53,1.660063,1.646203,1411,7.5537
4038,53,45,3.104033,3.699492,1456,7.6012
4039,45,54,2.101654,1.952118,1444,7.6385
4040,54,30,2.111445,2.657760,1449,7.5551
4041,30,10,4.957883,5.246432,1467,7.5904
4042,10,37,3.216641,3.282815,1349,7.2758
4043,37,28,2.537063,2.442921,1435,7.6595
4044,28,10,3.250751,3.258402,1451,7.6151
4045,10,61,3.132554,3.332038,1419,7.4849
4046,61,53,5.007714,4.756432,1446,7.5942
4047,53,37,2.462218,2.630019,1413,7.5729
4048,37,62,3.973292,4.166166,1431,7.6984
4049,62,21,2.344127,2.138298,1440,7.5983
4050,21,53,1.716025,1.728831,1463,7.6427
4051,53,45,3.172077,3.511814,1439,7.5893
4052,45,21,3.671723,3.323760,1429,7.5887
4053,21,53,1.634033,1.573121,1451,7.6258
4054,53,45,3.093883,3.429688,1451,7.6040
4055,45,54,1.867103,1.930431,1369,7.3768
4056,54,43,3.465415,3.673898,1467,7.5789
4057,43,3,4.191995,4.439571,1432,7.6156
4058,3,25,3.966072,3.932112,1442,7.5887
4059,25,44,3.790014,3.819877,1370,7.4673
4060,44,1,3.800064,3.882925,1440,7.5869
4061,1,46,3.605019,3.566619,1310,7.1565
4062,46,63,1.700116,2.096630,1436,7.5601
4063,63,63,0.748829,0.461789,1427,7.6106
4064,63,8,2.428205,2.865107,1302,7.2460
4065,8,4,4.245607,4.372911,1390,7.5542
4066,4,15,3.288342,3.317045,1392,7.4514
4067,15,33,2.885712,2.972214,1442,7.5935
4068,33,62,3.051174,3.286346,1433,7.5531
4069,62,46,1.820352,2.144625,1403,7.4457
4070,46,5,4.617513,4.982400,1425,7.5363
4071,5,13,3.922744,3.599462,1358,7.2362
4072,13,24,3.146759,3.090362,1333,7.2658
4073,24,62,3.606032,3.648300,1395,7.5212
4074,62,21,2.481434,2.229870,1433,7.5436
4075,21,53,1.653303,1.545612,1361,7.3236
4076,53,45,2.859913,3.309008,1456,7.6275
4077,45,25,5.345692,5.735037,1439,7.6377
4078,25,32,4.376990,4.385507,1361,7.3650
4079,32,10,4.805175,4.663878,1413,7.4867
4080,10,61,3.047119,3.212904,1346,7.2454
4081,61,6,3.659592,3.722532,1409,7.5055
4082,6,23,4.279702,4.182754,1357,7.2291
4083,23,37,4.640990,4.814454,1375,7.3156
4084,37,62,3.920692,4.013063,1436,7.6856
4085,62,48,3.025705,3.332711,1450,7.6475
4086,48,13,4.665536,4.630432,1463,7.5760
4087,13,32,3.038003,2.966785,1153,6.4428
4088,32,10,4.653228,4.629924,1435,7.5987
4089,10,61,2.935819,3.102849,1391,7.3857
4090,61,33,3.675745,3.720766,1440,7.5876
4091,33,48,4.401752,4.686163,1431,7.5954
4092,48,13,4.424311,4.551395,1418,7.4657
4093,13,24,3.167695,2.981272,1406,7.5795
4094,24,62,3.679418,3.624769,1400,7.4701
4095,62,46,1.836869,2.222636,1406,7.5505
4096,46,63,1.827613,2.164784,1428,7.5435
4097,63,37,2.861854,3.247372,1419,7.5866
4098,37,28,2.167770,2.398109,1412,7.6687
4099,28,53,3.273908,3.151047,1430,7.5082
4100,53,21,1.919284,1.792699,1261,6.8552
4101,21,53,1.611620,1.494792,1424,7.5760
4102,53,21,1.764786,1.680107,1445,7.5810
4103,21,53,1.523210,1.425739,1466,7.6485
4104,53,45,2.535425,3.356873,1460,7.6833
4105,45,21,3.277662,3.003695,1418,7.5385
4106,21,55,3.225379,3.608942,1434,7.6152
4107,55,58,2.920844,2.876594,1435,7.5630
4108,58,15,3.481097,3.613292,1407,7.4452
4109,15,26,4.288839,4.047315,1397,7.3931
4110,26,17,3.280312,3.243938,1387,7.2662
4111,17,0,3.031734,2.943102,1415,7.4657
4112,0,62,5.000098,4.695857,1433,7.6041
4113,62,21,2.385357,2.197848,1400,7.4521
4114,21,54,3.324549,3.714506,1422,7.5571
4115,54,30,1.996287,2.705397,1443,7.5943
4116,30,10,4.714548,5.101842,1455,7.5772
4117,10,37,3.258992,3.312396,1412,7.4768
4118,37,47,2.943362,3.249981,1348,7.4092
4119,47,63,2.449659,3.067381,1435,7.6503
4120,63,8,2.158454,2.643657,1410,7.5750
4121,8,4,3.921786,4.175714,1434,7.6138
4122,4,40,2.419504,2.473179,1340,7.3732
4123,40,24,3.136671,3.496101,1432,7.5659
4124,24,41,2.625318,2.559953,1353,7.3262
4125,41,55,3.444546,3.550477,1412,7.4986
4126,55,30,3.499229,3.490425,1410,7.4655
4127,30,31,1.803483,1.589989,1458,7.5883
4128,31,42,2.717175,2.582578,1423,7.5464
4129,42,55,4.791190,4.841343,1460,7.6486
4130,55,58,2.872191,2.775569,1362,7.4166
4131,58,15,3.338066,3.545965,1420,7.5485
4132,15,1,4.247084,4.158861,1337,7.1842
4133,1,59,3.596260,3.859941,1416,7.5474
4134,59,43,2.792250,2.686922,1419,7.5998
4135,43,23,3.388568,3.248340,1412,7.6107
4136,23,0,2.923728,2.643489,1428,7.5913
4137,0,57,2.465142,2.524773,1421,7.5931
4138,57,2,3.315478,3.418047,1413,7.5621
4139,2,9,3.012560,3.110507,1318,7.1175
4140,9,41,4.392264,4.778493,1403,7.5241
4141,41,24,2.737753,2.240391,1356,7.2867
4142,24,41,2.480178,2.358994,1373,7.4218
4143,41,22,3.332875,4.070895,1354,7.3711
4144,22,38,1.693104,1.761139,1379,7.5166
4145,38,26,2.547099,2.790432,1374,7.4066
4146,26,17,3.049643,3.167297,1331,7.0974
4147,17,23,4.283933,3.950162,1415,7.4913
4148,23,62,3.501966,3.666748,1392,7.5039
4149,62,21,2.390664,2.122562,1306,6.9649
4150,21,53,1.603652,1.564367,1423,7.5972
4151,53,21,1.757240,1.546240,1460,7.6315
4152,21,55,3.197669,3.642233,1441,7.6151
4153,55,30,3.380046,3.368598,1467,7.6409
4154,30,31,1.663703,1.519446,1437,7.5966
4155,31,30,1.381109,1.487191,1435,7.5693
4156,30,10,4.688710,5.010614,1447,7.5893
4157,10,37,3.255478,3.226283,1361,7.2363
4158,37,62,4.101955,4.128373,1365,7.5913
4159,62,46,1.868994,2.211250,1401,7.4967
4160,46,63,1.895597,2.203388,1410,7.4806
4161,63,8,1.986468,2.567498,1435,7.5934
4162,8,2,4.263687,4.294684,1372,7.4334
4163,2,9,2.768722,2.981741,1372,7.3373
4164,9,13,3.544835,3.505685,1439,7.5695
4165,13,32,3.069981,2.905066,1460,7.6881
4166,32,10,4.792196,4.644812,1437,7.6302
4167,10,1,3.850601,3.829455,1463,7.5922
4168,1,33,3.289659,3.233710,1445,7.5960
4169,33,48,4.301014,4.566339,1441,7.5888
4170,48,20,4.075966,3.973741,1423,7.5591
4171,20,19,3.449112,3.216135,1400,7.4122
4172,19,51,2.860852,2.836829,1446,7.5932
4173,51,54,5.251476,4.905210,1406,7.4638
4174,54,59,4.582381,4.846514,1166,6.6274
4175,59,21,5.024037,4.858156,1351,7.3528
4176,21,53,1.509226,1.462631,1443,7.5935
4177,53,21,1.719646,1.546085,1431,7.5614
4178,21,54,3.576797,3.725297,1450,7.6140
4179,54,43,3.217661,3.598506,1439,7.5901
4180,43,23,3.087489,3.138574,1432,7.6458
4181,23,37,4.557174,4.738911,1451,7.5983
4182,37,47,2.702506,3.039461,1445,7.7281
4183,47,35,3.819982,3.657790,1433,7.6287
4184,35,43,4.177810,3.645981,1419,7.5047
4185,43,23,3.099719,3.009024,1438,7.6321
4186,23,0,2.700100,2.518887,1360,7.2469
4187,0,62,4.735493,4.495306,1439,7.5441
4188,62,46,1.816977,2.119116,1452,7.5909
4189,46,63,1.810474,2.198554,1486,7.5927
4190,63,8,1.921478,2.511733,1404,7.5766
4191,8,4,3.942657,4.093369,1444,7.6370
4192,4,40,2.348580,2.490812,1388,7.4547
4193,40,33,2.783650,3.000520,1398,7.5330
4194,33,62,3.073389,3.363241,1411,7.5632
4195,62,46,1.675391,2.032898,1439,7.5528
4196,46,62,2.396738,2.134932,1451,7.5178
4197,62,46,1.740427,1.916162,1376,7.3397
4198,46,63,1.856198,2.313681,1470,7.5363
4199,63,63,0.859106,0.567163,1424,7.6028
4200,63,63,0.693826,0.474223,1412,7.5868
4201,63,37,3.432857,3.683655,1394,7.5595
4202,37,62,3.792620,3.947419,1459,7.7393
4203,62,21,2.517442,2.238346,1330,7.1892
4204,21,53,1.517020,1.504407,1441,7.6108
4205,53,37,2.879513,3.197870,1471,7.6590
4206,37,62,3.608780,3.837378,1402,7.6541
4207,62,46,1.625135,1.927330,1407,7.5115
4208,46,63,1.605892,2.192625,1446,7.5840
4209,63,8,2.182226,2.768577,1447,7.6916
4210,8,4,3.724543,3.892888,1432,7.5958
4211,4,40,2.358616,2.501335,1402,7.4961
4212,40,23,4.203617,4.570989,1315,7.2158
4213,23,62,3.844416,3.682841,1250,6.9062
4214,62,46,1.549757,1.850830,1333,7.2784
4215,46,63,1.559190,2.195685,1435,7.5027
4216,63,63,0.671822,0.442362,1413,7.5676
4217,63,8,2.201366,2.814197,1407,7.5606
4218,8,4,3.621612,3.765632,1377,7.5248
4219,4,40,2.569467,2.512808,1425,7.6053
4220,40,23,4.102524,4.436563,1192,6.7015
4221,23,0,2.672835,2.503388,1398,7.5267
4222,0,57,2.441332,2.525432,1412,7.5579
4223,57,22,2.933257,3.334201,1334,7.4077
4224,22,60,2.958473,3.120810,1317,7.2558
4225,60,22,2.624832,2.380498,1339,7.3341
4226,22,38,1.658462,1.748675,1430,7.6582
4227,38,26,2.589836,2.701425,1435,7.6123
4228,26,17,2.869787,3.084897,1417,7.5419
4229,17,0,3.148128,2.929138,1464,7.5994
4230,0,57,2.314278,2.434869,1377,7.5354
4231,57,22,2.747565,3.250946,1449,7.6901
4232,22,2,3.769237,3.655826,1373,7.4530
4233,2,9,2.645531,2.848076,1432,7.6249
4234,9,13,3.301881,3.440355,1415,7.6325
4235,13,24,2.746625,2.975609,1419,7.6301
4236,24,62,4.128486,4.035820,1448,7.6981
4237,62,21,2.455929,2.200462,1386,7.3241
4238,21,55,3.084150,3.538862,1410,7.4179
4239,55,30,3.300225,3.283770,1461,7.6560
4240,30,10,4.289700,4.787368,1391,7.5158
4241,10,37,3.170365,3.230536,1414,7.4767
4242,37,28,2.222010,2.364632,1420,7.6754
4243,28,46,4.789662,4.680274,1419,7.5600
4244,46,5,4.622407,5.118746,1443,7.5793
4245,5,25,4.455517,4.468672,1415,7.5218
4246,25,54,4.353031,4.224257,1462,7.6422
4247,54,43,3.120256,3.460726,1441,7.6314
4248,43,23,3.019822,3.090959,1382,7.4551
4249,23,0,2.562311,2.421909,1441,7.6346
4250,0,43,3.429947,3.746909,1437,7.6059
4251,43,23,2.972846,2.933400,1467,7.6696
4252,23,0,2.315815,2.337458,1381,7.4081
4253,0,57,2.205493,2.457962,1451,7.6346
4254,57,2,3.445896,3.559472,1457,7.7091
4255,2,9,2.525440,2.723327,1358,7.3726
4256,9,13,3.386191,3.382842,1271,6.8588
4257,13,32,2.900384,2.827709,1449,7.6657
4258,32,10,4.707435,4.640204,1446,7.6591
4259,10,1,3.777100,3.792925,1387,7.3833
4260,1,59,3.619605,3.784295,1314,7.1614
4261,59,20,4.390388,4.264490,1400,7.5408
4262,20,47,3.558305,3.672481,1430,7.5947
4263,47,37,2.392753,2.258602,1440,7.6325
4264,37,28,2.184974,2.251071,1450,7.7500
4265,28,46,4.665470,4.541437,1383,7.4323
4266,46,63,1.474877,2.063236,1348,7.2802
4267,63,8,1.883790,2.654886,1423,7.6204
4268,8,2,4.500798,4.552354,1432,7.5897
4269,2,9,2.356219,2.613438,1372,7.3501
4270,9,13,3.228479,3.312161,1411,7.4632
4271,13,24,2.487980,2.979991,1354,7.4202
4272,24,41,2.091572,2.238574,1311,7.0452
4273,41,24,2.303662,1.981428,1445,7.5623
4274,24,62,4.371931,3.982520,1437,7.6375
4275,62,46,1.603729,1.910299,1448,7.6171
4276,46,63,1.442788,2.072393,1452,7.6000
4277,63,37,3.154102,3.633050,1404,7.5653
4278,37,28,1.947193,2.177479,1452,7.7415
4279,28,53,3.340025,3.216534,1410,7.5588
4280,53,37,2.848362,2.920657,1396,7.5433
4281,37,62,3.897187,4.080407,1424,7.6682
4282,62,46,1.590964,1.831834,1474,7.7259
4283,46,63,1.428131,2.103612,1456,7.6125
4284,63,8,2.014790,2.746224,1431,7.5941
4285,8,4,3.353144,3.634447,1414,7.6086
4286,4,15,3.681595,3.672622,1460,7.6160
4287,15,33,2.885864,3.016717,1307,7.1994
4288,33,62,3.017159,3.376219,1405,7.5390
4289,62,48,3.247096,3.495007,1396,7.5103
4290,48,13,4.582483,4.558179,1378,7.4010
4291,13,31,5.199236,5.149474,1071,6.0085
4292,31,30,1.359272,1.465264,1426,7.5501
4293,30,31,1.807161,1.626528,1421,7.5638
4294,31,42,2.565694,2.519582,1451,7.5916
4295,42,22,3.991317,3.954050,1329,7.1890
4296,22,38,1.619274,1.761708,1439,7.7004
4297,38,0,3.927953,4.444953,1381,7.4902
4298,0,57,2.003906,2.311835,1444,7.5946
4299,57,22,2.624756,3.253415,1460,7.6724
4300,22,2,3.701830,3.597293,1391,7.6018
4301,2,9,2.127505,2.499230,1341,7.3288
4302,9,13,3.228768,3.287075,1333,7.1667
4303,13,24,2.557266,2.901938,1421,7.6219
4304,24,62,3.914487,3.946808,1393,7.5181
4305,62,46,1.545951,1.836460,1432,7.6417
4306,46,5,4.461479,5.122316,1408,7.4789
4307,5,13,4.014277,3.646470,1449,7.6026
4308,13,32,2.932598,2.810186,1389,7.6065
4309,32,10,4.834615,4.583959,1346,7.2860
4310,10,37,3.227251,3.345358,1389,7.4259
4311,37,62,3.752798,4.062464,1423,7.7096
4312,62,21,2.590424,2.324207,1428,7.6842
4313,21,54,3.311899,3.616482,1394,7.3618
4314,54,30,1.958365,2.687160,1458,7.5835
4315,30,31,1.676862,1.591328,1447,7.5910
4316,31,42,2.485685,2.439405,1437,7.5661
4317,42,40,3.120653,3.123016,1362,7.3667
4318,40,33,2.697077,2.933928,1428,7.6273
4319,33,47,4.338021,4.294910,1295,7.0786
4320,47,35,3.630837,3.529412,1439,7.6346
4321,35,43,4.028239,3.633351,1418,7.4932
4322,43,57,2.078011,2.452694,1386,7.4422
4323,57,2,3.418930,3.636985,1414,7.4588
4324,2,9,2.053979,2.414007,1403,7.5178
4325,9,13,3.109172,3.249451,1443,7.5885
4326,13,32,2.961921,2.726223,1409,7.5852
4327,32,5,4.120749,4.041356,1396,7.5196
4328,5,13,4.180225,3.535776,1277,7.1297
4329,13,32,2.741313,2.634940,1444,7.6609
4330,32,10,4.986000,4.637955,1461,7.6371
4331,10,37,3.167490,3.310766,1455,7.6424
4332,37,62,3.757514,3.893624,1428,7.7030
4333,62,48,3.118652,3.407934,1384,7.4251
4334,48,20,4.159938,4.042031,1388,7.4971
4335,20,19,3.390473,3.151162,1379,7.3794
4336,19,51,2.773453,2.760253,1376,7.3553
4337,51,54,5.231603,4.915371,1436,7.5887
4338,54,30,1.861714,2.557469,1350,7.1631
4339,30,31,1.654680,1.570552,1453,7.6068
4340,31,30,1.414008,1.469650,1435,7.5890
4341,30,31,1.531973,1.495172,1388,7.4156
4342,31,42,2.569433,2.479975,1450,7.5773
4343,42,55,4.734362,4.766431,1388,7.4266
4344,55,58,2.760760,2.735117,1395,7.3927
4345,58,15,3.457002,3.464571,1470,7.5911
4346,15,33,2.882751,2.927430,1399,7.4520
4347,33,47,4.164862,4.169803,1438,7.5615
4348,47,37,2.305970,2.302895,1449,7.6436
4349,37,47,2.734304,3.219198,1452,7.7847
4350,47,35,3.656066,3.510336,1447,7.6726
4351,35,43,3.920292,3.572051,1343,7.2733
4352,43,57,2.014275,2.341443,1308,7.1005
4353,57,22,2.791729,3.295645,1423,7.5764
4354,22,38,1.753255,1.795298,1446,7.6876
4355,38,26,2.626105,2.682105,1439,7.5834
4356,26,13,4.997338,4.756871,1448,7.5918
4357,13,24,2.745621,2.953223,1345,7.2809
4358,24,41,2.029275,2.148969,1393,7.4922
4359,41,55,3.472174,3.709143,1424,7.5482
4360,55,58,2.626494,2.651095,1439,7.5961
4361,58,4,4.693780,4.241706,1410,7.5020
4362,4,15,3.606727,3.448800,1366,7.3745
4363,15,33,2.717727,2.844041,1349,7.2523
4364,33,47,4.074109,4.058331,1331,7.1914
4365,47,35,3.474851,3.420656,1432,7.5330
4366,35,48,4.123238,4.162187,1412,7.4796
4367,48,20,4.123920,3.919164,1314,7.0754
4368,20,30,4.429574,4.420518,1430,7.5854
4369,30,31,1.525306,1.419462,1430,7.4919
4370,31,42,2.421871,2.359500,1399,7.5109
4371,42,40,2.940176,3.147509,1411,7.5261
4372,40,33,2.385515,2.708393,1361,7.3850
4373,33,47,3.934024,3.981337,1438,7.6108
4374,47,63,2.732551,3.342488,1422,7.6372
4375,63,37,3.063183,3.387112,1464,7.6626
4376,37,62,3.396731,3.744305,1419,7.6843
4377,62,48,2.981509,3.284303,1433,7.6310
4378,48,41,3.345163,3.253020,1426,7.5340
4379,41,24,2.146248,1.902758,1416,7.4330
4380,24,41,1.932552,1.995100,1429,7.5628
4381,41,22,3.705622,4.405669,1401,7.5426
4382,22,38,1.638594,1.737289,1315,7.1294
4383,38,49,5.196320,5.456720,1441,7.5719
4384,49,17,3.672298,3.695403,1471,7.6784
4385,17,0,3.165281,2.907029,1449,7.5723
4386,0,57,1.957712,2.188598,1367,7.4397
4387,57,22,2.570577,3.334938,1452,7.6927
4388,22,60,3.097137,3.257731,1435,7.6723
4389,60,61,4.255354,4.424728,1422,7.5715
4390,61,6,3.666552,3.660578,1442,7.6216
4391,6,23,4.269980,4.155659,1388,7.4366
4392,23,37,4.390868,4.790052,1388,7.4941
4393,37,62,3.235480,3.495673,1406,7.6618
4394,62,21,2.383782,2.292223,1438,7.6363
4395,21,53,1.831449,1.725448,1431,7.5852
4396,53,21,1.755447,1.643402,1306,7.0841
4397,21,54,3.390483,3.642775,1442,7.5801
4398,54,30,1.900583,2.612255,1414,7.5081
4399,30,31,1.520494,1.423659,1462,7.6244
4400,31,42,2.276595,2.281384,1444,7.5922
4401,42,55,4.728473,4.746997,1452,7.6711
4402,55,58,2.540683,2.527895,1405,7.5204
4403,58,15,3.383364,3.476375,1441,7.6071
4404,15,1,4.418087,4.221055,1321,7.0884
4405,1,33,3.197840,3.182514,1293,7.1623
4406,33,62,2.995605,3.592832,1445,7.6040
4407,62,46,1.813910,2.060651,1455,7.6520
4408,46,63,1.725609,2.305775,1421,7.5177
4409,63,63,1.017285,0.602541,1417,7.5588
4410,63,37,3.111537,3.513495,1408,7.5664
4411,37,28,2.168668,2.308951,1429,7.7152
4412,28,10,3.633367,3.767153,1384,7.4070
4413,10,61,3.150435,3.289643,1440,7.5811
4414,61,53,4.725623,4.783704,1325,7.1735
4415,53,45,2.501558,3.116578,1462,7.6500
4416,45,21,3.014770,3.051404,1429,7.6357
4417,21,55,3.080843,3.529322,1428,7.5670
4418,55,26,4.354677,4.422126,1446,7.6046
4419,26,42,3.612489,3.510272,1441,7.5648
4420,42,22,3.990438,4.116399,1446,7.6502
4421,22,38,1.684449,1.760958,1340,7.4018
4422,38,26,2.545680,2.695471,1425,7.5829
4423,26,13,4.846990,4.616255,1435,7.5629
4424,13,31,5.520214,5.226372,1378,7.3380
4425,31,30,1.497202,1.603127,1450,7.6166
4426,30,40,4.063666,4.647704,1360,7.3244
4427,40,33,2.241099,2.668460,1349,7.3093
4428,33,48,4.287600,4.791392,1257,6.8373
4429,48,13,4.800425,4.766099,1404,7.3669
4430,13,24,2.732494,2.828669,1434,7.6598
4431,24,62,4.471345,4.396975,1333,7.4137
4432,62,21,2.707158,2.297159,1444,7.6650
4433,21,53,1.889996,1.820945,1425,7.5788
4434,53,37,2.516723,2.851138,1438,7.6168
4435,37,28,2.156048,2.227275,1437,7.7244
4436,28,10,3.685819,3.702464,1439,7.6266
4437,10,37,3.074400,3.100805,1438,7.5681
4438,37,62,3.425588,3.614863,1448,7.7542
4439,62,21,2.404952,2.207654,1451,7.6445
4440,21,54,3.530077,3.607377,1458,7.6435
4441,54,30,1.855087,2.602563,1459,7.6529
4442,30,10,4.526406,4.896684,1433,7.5586
4443,10,61,3.121154,3.285970,1438,7.5067
4444,61,33,3.801719,3.691653,1431,7.4923
4445,33,47,3.765320,3.833173,1341,7.3151
4446,47,37,2.308033,2.387050,1333,7.2567
4447,37,28,1.934189,2.132096,1432,7.7314
4448,28,46,4.496389,4.520498,1296,7.0354
4449,46,62,2.316695,1.925161,1462,7.5766
4450,62,21,2.289201,2.129174,1396,7.4533
4451,21,55,2.920873,3.573439,1451,7.6108
4452,55,58,2.482695,2.540710,1402,7.5425
4453,58,15,3.287853,3.405373,1440,7.5925
4454,15,33,2.816049,2.838490,1343,7.1821
4455,33,62,3.005299,3.591063,1309,7.1049
4456,62,21,2.116206,2.062492,1443,7.6860
4457,21,55,2.877356,3.461250,1341,7.2829
4458,55,26,4.273769,4.535291,1410,7.4664
4459,26,17,2.925632,3.143226,1349,7.3703
4460,17,0,3.075763,2.855756,1439,7.5776
4461,0,62,5.163710,4.954375,1404,7.4974
4462,62,46,1.997874,2.157024,1414,7.5896
4463,46,62,2.147694,1.848712,1455,7.5628
4464,62,48,3.078075,3.349417,1423,7.6001
4465,48,41,3.442873,3.250835,1432,7.5174
4466,41,22,3.561911,4.354397,1295,7.0081
4467,22,38,1.685737,1.723303,1379,7.6199
4468,38,0,3.767260,4.332250,1437,7.6134
4469,0,57,1.841790,2.127560,1436,7.5700
4470,57,22,2.543693,3.378130,1432,7.6760
4471,22,38,1.564873,1.674485,1377,7.5374
4472,38,0,3.527832,4.224768,1411,7.5928
4473,0,62,5.326667,5.072115,1314,7.0206
4474,62,48,2.745226,3.108270,1456,7.6628
4475,48,20,4.116726,4.080830,1474,7.5923
4476,20,47,3.658889,3.776992,1408,7.5184
4477,47,35,3.579008,3.391384,1401,7.5211
4478,35,48,4.138038,4.084323,1424,7.5591
4479,48,41,3.424566,3.245940,1425,7.5158
4480,41,24,2.016092,1.855435,1372,7.4078
4481,24,36,4.178029,4.405046,1337,7.1983
4482,36,20,3.991573,3.925657,1387,7.4092
4483,20,30,4.436959,4.372504,1387,7.5322
4484,30,31,1.661637,1.613886,1374,7.3583
4485,31,30,1.475720,1.570535,1437,7.6119
4486,30,31,1.589825,1.525043,1423,7.5633
4487,31,42,2.265272,2.299151,1442,7.5857
4488,42,22,3.812240,4.045099,1354,7.3267
4489,22,60,3.149088,3.241264,1436,7.6855
4490,60,7,3.072324,3.061139,1238,6.9115
4491,7,57,3.668145,3.870164,1399,7.4703
4492,57,22,2.567300,3.203490,1376,7.5045
4493,22,38,1.645474,1.695903,1415,7.6075
4494,38,26,2.602869,2.797743,1431,7.5985
4495,26,13,4.727544,4.520202,1442,7.6050
4496,13,32,2.743915,2.603391,1415,7.5739
4497,32,29,3.614185,3.637898,1315,7.2586
4498,29,4,4.147887,4.233346,1349,7.1509
4499,4,40,2.742631,2.703031,1385,7.4362
4500,40,23,3.948868,4.395033,1347,7.1905
4501,23,0,2.657768,2.500266,1359,7.4152
4502,0,62,5.147994,4.803077,1450,7.6313
4503,62,21,2.149164,2.008896,1438,7.6846
4504,21,53,2.055520,2.081922,1408,7.4578
4505,53,21,1.858848,1.630994,1436,7.6094
4506,21,54,3.601950,3.716087,1457,7.6072
4507,54,30,1.865286,2.612974,1385,7.3564
4508,30,31,1.537359,1.521311,1421,7.4949
4509,31,30,1.530996,1.541179,1459,7.5790
4510,30,10,4.381199,4.863507,1421,7.5710
4511,10,61,2.942909,3.245810,1458,7.5910
4512,61,53,4.813062,4.703332,1436,7.6390
4513,53,21,1.711961,1.556891,1361,7.2384
4514,21,55,2.770785,3.396491,1423,7.5575
4515,55,58,2.662013,2.595102,1413,7.5498
4516,58,4,4.378568,4.282628,1379,7.2922
4517,4,40,2.622391,2.577966,1461,7.7083
4518,40,24,4.096441,4.048272,1350,7.1236
4519,24,41,1.861554,1.983827,1421,7.5856
4520,41,22,4.009246,4.491242,1452,7.6029
4521,22,38,1.694479,1.636685,1346,7.3530
4522,38,26,2.423539,2.688908,1358,7.4015
4523,26,17,2.881498,3.145477,1465,7.5974
4524,17,0,2.948224,2.759791,1407,7.5084
4525,0,62,4.960512,4.665943,1448,7.6233
4526,62,48,2.566538,2.942363,1421,7.6462
4527,48,41,3.321816,3.193105,1342,7.0970
4528,41,55,3.333629,3.659353,1458,7.5893
4529,55,58,2.373479,2.493675,1444,7.5925
4530,58,15,3.136823,3.425211,1440,7.5555
4531,15,33,2.873686,2.842827,1404,7.5739
4532,33,62,2.868963,3.526604,1391,7.4964
4533,62,21,2.011694,2.012418,1450,7.6545
4534,21,54,3.239222,3.569766,1450,7.6026
4535,54,59,4.535516,5.111251,1441,7.5554
4536,59,20,4.436330,4.279425,1288,7.2403
4537,20,47,3.608605,3.712054,1460,7.6514
4538,47,37,2.435472,2.375615,1442,7.7089
4539,37,62,3.706224,3.851173,1443,7.7292
4540,62,46,2.126199,2.219932,1413,7.5176
4541,46,63,1.945706,2.482684,1473,7.5545
4542,63,37,2.826668,3.253505,1418,7.5986
4543,37,28,1.967104,2.088007,1393,7.6037
4544,28,46,4.293255,4.400040,1422,7.5759
4545,46,63,1.920812,2.386527,1455,7.5672
4546,63,8,2.222453,2.771937,1436,7.6373
4547,8,2,4.101705,4.071410,1445,7.6452
4548,2,9,2.027645,2.348956,1316,7.2055
4549,9,16,4.215960,4.059092,1336,7.0556
4550,16,40,4.041958,4.216311,1388,7.3739
4551,40,24,3.833112,3.798597,1337,7.3831
4552,24,62,4.970182,4.431437,1295,7.0787
4553,62,21,2.101036,1.959357,1391,7.4739
4554,21,53,2.408608,2.202704,1465,7.6509
4555,53,21,1.703607,1.555442,1446,7.6386
4556,21,54,3.123526,3.451187,1445,7.6043
4557,54,30,1.791642,2.732549,1402,7.4890
4558,30,10,4.138793,4.627416,1369,7.2481
4559,10,37,3.195224,3.231173,1356,7.2111
4560,37,62,3.636733,3.868143,1399,7.6093
4561,62,21,1.836507,1.869376,1401,7.5292
4562,21,54,2.879389,3.320854,1440,7.5688
4563,54,43,3.763871,4.155446,1447,7.5903
4564,43,57,2.136421,2.406303,1438,7.6487
4565,57,22,2.763148,3.276158,1452,7.6672
4566,22,60,3.040596,3.191262,1436,7.7045
4567,60,22,2.461416,2.258031,1231,6.6644
4568,22,2,3.802260,3.768646,1439,7.6913
4569,2,9,1.952102,2.266482,1290,7.1331
4570,9,41,4.980549,5.562089,1339,7.0968
4571,41,55,3.141562,3.520625,1385,7.4030
4572,55,26,4.189904,4.500356,1380,7.4175
4573,26,13,4.512571,4.379136,1433,7.5907
4574,13,31,5.325487,5.087099,1273,6.9826
4575,31,19,4.783526,4.785125,1448,7.5598
4576,19,51,2.650732,2.688458,1303,6.9793
4577,51,56,3.840200,4.001578,1404,7.4687
4578,56,47,4.170161,4.358700,1425,7.5354
4579,47,63,2.873652,3.466187,1379,7.4725
4580,63,8,2.196283,2.629007,1153,6.6958
4581,8,27,3.201946,3.322861,1353,7.3014
4582,27,27,1.319203,0.972269,1410,7.5313
4583,27,16,2.664482,2.890296,1430,7.5336
4584,16,41,3.920779,4.173388,1428,7.5310
4585,41,22,3.845833,4.339118,1448,7.6118
4586,22,60,2.871547,3.004775,1355,7.4802
4587,60,7,3.063453,3.061554,1367,7.3344
4588,7,1,5.142964,4.693096,1317,7.2013
4589,1,46,3.798098,3.802339,1297,7.0634
4590,46,63,1.806789,2.295712,1420,7.5106
4591,63,63,1.037365,0.637815,1423,7.5764
4592,63,37,3.194294,3.418014,1343,7.3044
4593,37,28,1.901164,2.044887,1446,7.7461
4594,28,46,4.249290,4.267371,1339,7.3595
4595,46,63,1.561627,2.155668,1450,7.4909
4596,63,63,0.808845,0.517987,1442,7.5795
4597,63,8,2.517952,2.904902,1432,7.5815
4598,8,27,2.961084,3.167008,1460,7.6353
4599,27,53,5.284083,5.859677,1467,7.6510
4600,53,37,2.635328,2.780853,1435,7.5546
4601,37,62,3.589589,3.759587,1449,7.7696
4602,62,48,2.669978,3.041292,1446,7.7533
4603,48,41,3.512149,3.238610,1460,7.5837
4604,41,24,2.099663,1.973241,1372,7.4368
4605,24,41,2.036761,2.018740,1395,7.5254
4606,41,22,3.602806,4.303895,1436,7.5204
4607,22,60,2.614878,2.846265,1366,7.5972
4608,60,22,2.348268,2.085507,1426,7.5991
4609,22,2,3.712666,3.671317,1381,7.5978
4610,2,52,3.540337,3.865487,1437,7.6884
4611,52,54,4.752055,4.770857,1398,7.4286
4612,54,30,2.112415,2.771432,1374,7.2635
4613,30,10,3.856479,4.360696,1457,7.5922
4614,10,37,3.246056,3.205695,1434,7.5853
4615,37,47,3.042867,3.445385,1335,7.3609
4616,47,35,3.384784,3.285512,1436,7.6725
4617,35,48,4.034213,3.989205,1446,7.6142
4618,48,13,4.899304,4.984712,1336,7.2971
4619,13,32,2.677102,2.562194,1379,7.4266
4620,32,5,4.046614,3.973870,1412,7.5452
4621,5,13,4.043084,3.507055,1448,7.5626
4622,13,31,5.047527,5.035055,1413,7.5798
4623,31,30,1.372202,1.516933,1371,7.3821
4624,30,31,1.859609,1.837972,1482,7.6202
4625,31,30,1.312556,1.449711,1435,7.5516
4626,30,31,1.714746,1.730129,1484,7.6158
4627,31,30,1.246608,1.398724,1447,7.5650
4628,30,10,3.916479,4.364121,1496,7.6044
4629,10,37,3.195911,3.145501,1330,7.1907
4630,37,62,3.481398,3.628063,1432,7.7628
4631,62,21,1.785258,1.914588,1341,7.3859
4632,21,53,2.533670,2.270190,1457,7.6096
4633,53,45,2.759095,3.210398,1409,7.4695
4634,45,21,3.264010,3.345662,1159,6.3785
4635,21,54,3.021558,3.143810,1436,7.5765
4636,54,43,3.436299,4.004768,1440,7.5959
4637,43,57,2.236653,2.372838,1434,7.6605
4638,57,22,3.312598,3.440929,1404,7.5150
4639,22,2,3.503019,3.478185,1453,7.7473
4640,2,52,3.433724,3.739378,1216,6.7314
4641,52,58,5.119061,4.993066,1364,7.3246
4642,58,4,4.339021,4.034672,1457,7.6174
4643,4,15,3.334930,3.162288,1343,7.2727
4644,15,1,4.486268,4.299430,1447,7.6410
4645,1,33,3.493666,3.132842,1431,7.6013
4646,33,62,2.991083,3.591064,1451,7.6334
4647,62,46,2.247748,2.322601,1408,7.5895
4648,46,62,2.425977,1.924263,1388,7.4092
4649,62,46,2.103884,2.172964,1427,7.6538
4650,46,63,1.791889,2.282324,1449,7.5263
4651,63,8,2.207346,2.690921,1430,7.5909
4652,8,4,3.596948,3.659994,1432,7.6255
4653,4,15,3.119398,3.139140,1451,7.6378
4654,15,1,4.345055,4.217365,1392,7.3370
4655,1,59,3.623410,3.755373,1369,7.3583
4656,59,43,2.771642,2.681500,1300,6.8756
4657,43,23,3.192566,3.107567,1436,7.6246
4658,23,0,2.602029,2.444269,1430,7.6306
4659,0,62,4.857904,4.638240,1391,7.4893
4660,62,46,1.859421,2.020899,1450,7.6556
4661,46,63,1.738711,2.248083,1453,7.5976
4662,63,37,3.264946,3.546006,1450,7.6534
4663,37,47,2.904804,3.310621,1432,7.7271
4664,47,35,3.279403,3.202575,1467,7.6705
4665,35,48,3.842142,3.878684,1329,7.2080
4666,48,41,3.444026,3.176632,1430,7.5588
4667,41,24,2.047885,1.904522,1384,7.4473
4668,24,41,1.970869,1.891346,1454,7.6900
4669,41,22,3.743042,4.374244,1469,7.6535
4670,22,38,1.866574,1.944518,1305,7.3620
4671,38,26,2.390579,2.578029,1422,7.6428
4672,26,13,4.402918,4.335037,1388,7.4980
4673,13,24,2.968031,2.944087,1196,6.7010
4674,24,62,5.054328,4.737973,1380,7.4473
4675,62,21,2.301545,2.079240,1444,7.6425
4676,21,54,2.897046,2.954250,1457,7.6393
4677,54,59,4.966137,5.451028,1457,7.5934
4678,59,20,4.383427,4.195041,1259,7.0856
4679,20,19,3.315149,3.123948,1420,7.5432
4680,19,51,2.755593,2.612219,1425,7.5486
4681,51,54,5.566263,5.281987,1436,7.6475
4682,54,59,4.665194,5.130812,1439,7.5893
4683,59,20,4.209150,4.118550,1262,6.8998
4684,20,19,3.227856,3.057303,1455,7.6362
4685,19,51,2.822049,2.538412,1433,7.5359
4686,51,56,3.774224,3.954719,1406,7.5624
4687,56,47,4.120584,4.370869,1456,7.5981
4688,47,35,3.271578,3.044992,1462,7.6636
4689,35,43,4.180968,3.781478,1351,7.2430
4690,43,57,2.305674,2.343811,1414,7.5891
4691,57,22,3.044487,3.471624,1410,7.6024
4692,22,38,1.726568,1.861252,1431,7.7405
4693,38,0,3.658226,4.179363,1400,7.5661
4694,0,62,4.594055,4.586244,1441,7.5647
4695,62,48,2.815908,3.080791,1433,7.6388
4696,48,20,4.267324,4.201859,1450,7.5835
4697,20,47,3.420447,3.569507,1340,7.1847
4698,47,63,2.907024,3.413701,1373,7.4800
4699,63,8,2.037317,2.621711,1410,7.5361
4700,8,4,3.407509,3.519981,1442,7.6912
4701,4,15,3.153280,3.111710,1408,7.5087
4702,15,26,4.271762,4.356368,1280,6.9776
4703,26,13,4.365233,4.155223,1422,7.4988
4704,13,24,2.881586,2.881347,1426,7.6482
4705,24,62,4.914221,4.640635,1426,7.5883
4706,62,21,2.240804,1.996099,1369,7.4929
4707,21,54,2.642022,2.935472,1390,7.4516
4708,54,30,2.154644,2.992263,1408,7.4154
4709,30,31,1.713660,1.684933,1437,7.5697
4710,31,42,2.426986,2.436587,1417,7.5424
4711,42,22,3.939678,4.072200,1417,7.4593
4712,22,38,1.772194,1.768307,1416,7.6765
4713,38,26,2.478853,2.677613,1433,7.5906
4714,26,13,4.100713,4.056831,1413,7.4442
4715,13,32,2.828429,2.571001,1423,7.5767
4716,32,10,4.866499,4.865202,1440,7.6080
4717,10,37,3.091434,3.147700,1420,7.6473
4718,37,62,3.667434,3.956714,1404,7.6911
4719,62,48,2.548980,2.939315,1347,7.2442
4720,48,41,3.298990,3.183336,1412,7.4981
4721,41,22,3.737925,4.356596,1380,7.3587
4722,22,2,3.368449,3.408761,1420,7.5955
4723,2,9,2.140155,2.347779,1301,7.0223
4724,9,13,3.366495,3.522116,1428,7.5727
4725,13,24,2.881538,2.909212,1446,7.6364
4726,24,41,1.799725,1.897450,1399,7.5042
4727,41,22,3.584244,4.235776,1402,7.5206
4728,22,38,1.629151,1.783572,1433,7.7385
4729,38,26,2.245278,2.568764,1377,7.4786
4730,26,42,3.698194,3.664233,1313,7.0699
4731,42,40,3.103336,3.270722,1443,7.6279
4732,40,24,3.901406,3.851133,1397,7.5760
4733,24,62,4.943633,4.516913,1440,7.6110
4734,62,21,2.034524,1.930548,1455,7.6959
4735,21,55,3.124165,3.598136,1451,7.6125
4736,55,26,4.009095,4.355457,1320,7.1104
4737,26,42,3.480873,3.473311,1455,7.6103
4738,42,40,2.725185,3.216856,1411,7.6018
4739,40,23,3.853669,4.283222,1435,7.6475
4740,23,37,4.510342,4.769018,1413,7.5835
4741,37,28,2.143988,2.130895,1395,7.6651
4742,28,53,3.144505,3.245207,1438,7.6440
4743,53,45,2.774814,3.026621,1463,7.6374
4744,45,54,2.033746,2.019584,1395,7.5212
4745,54,43,3.739247,4.068028,1477,7.5846
4746,43,57,1.878634,2.332247,1447,7.6637
4747,57,2,3.342235,3.526934,1460,7.6594
4748,2,9,2.040052,2.257279,1185,6.5469
4749,9,13,3.282743,3.427909,1356,7.1958
4750,13,24,3.097405,2.983657,1420,7.6150
4751,24,62,4.419743,4.388114,1401,7.4892
4752,62,46,2.106973,2.224320,1459,7.6653
4753,46,63,1.724200,2.277278,1441,7.5749
4754,63,8,1.924885,2.535212,1421,7.5874
4755,8,2,4.673413,4.701645,1458,7.6351
4756,2,9,1.831338,2.144442,1466,7.6802
4757,9,13,3.055258,3.335225,1455,7.5996
4758,13,24,2.906523,2.943928,1458,7.7153
4759,24,62,4.534711,4.279156,1257,6.8399
4760,62,48,2.387734,2.790789,1436,7.6293
4761,48,41,3.205299,3.117014,1427,7.5252
4762,41,24,1.858181,1.957879,1388,7.3688
4763,24,62,4.179080,4.152812,1354,7.1994
4764,62,21,2.028288,1.988416,1465,7.6421
4765,21,53,2.424975,2.337822,1433,7.6491
4766,53,45,2.760419,2.966250,1445,7.6005
4767,45,54,2.145424,1.921290,1441,7.6282
4768,54,43,3.752269,3.916821,1384,7.3336
4769,43,23,3.033978,3.212372,1357,7.2690
4770,23,0,2.573642,2.469401,1404,7.5682
4771,0,57,2.043347,2.327249,1380,7.4538
4772,57,35,4.853360,4.895976,1458,7.6742
4773,35,43,4.333997,3.654948,1396,7.5111
4774,43,23,2.759877,3.115274,1454,7.6703
4775,23,0,2.468657,2.395024,1447,7.6789
4776,0,57,1.979712,2.271737,1440,7.5871
4777,57,22,3.024308,3.768687,1454,7.6734
4778,22,38,1.619275,1.761540,1385,7.5614
4779,38,0,3.693444,4.251026,1429,7.6208
4780,0,57,1.857394,2.173815,1478,7.6153
4781,57,35,5.038251,4.862746,1450,7.6276
4782,35,43,3.890456,3.430381,1410,7.5211
4783,43,23,2.573910,3.038939,1462,7.6631
4784,23,0,2.473126,2.386737,1419,7.5534
4785,0,62,4.856417,4.728592,1422,7.5054
4786,62,21,1.927885,1.907590,1345,7.2292
4787,21,54,2.703407,2.996606,1412,7.5303
4788,54,30,2.087644,3.133385,1475,7.6015
4789,30,10,3.538769,4.109489,1452,7.5829
4790,10,61,3.208849,3.515780,1374,7.2812
4791,61,53,4.535709,4.556847,1330,7.0338
4792,53,21,1.893654,1.832655,1447,7.6093
4793,21,54,2.609754,2.854584,1445,7.5681
4794,54,30,2.362630,3.115540,1470,7.5830
4795,30,40,4.347676,4.920422,1451,7.5933
4796,40,23,3.934716,4.232939,1275,7.0795
4797,23,37,4.276490,4.706507,1373,7.5165
4798,37,62,4.264435,4.277260,1387,7.6410
4799,62,46,2.257842,2.292868,1439,7.6199
4800,46,63,1.835807,2.289814,1445,7.5985
4801,63,8,1.791992,2.476819,1443,7.5926
4802,8,4,3.298891,3.447071,1418,7.5909
4803,4,15,2.974993,3.077509,1435,7.6111
4804,15,26,4.302123,4.373288,1372,7.3881
4805,26,17,3.144210,3.202409,1427,7.5374
4806,17,48,5.401123,5.237812,1413,7.5370
4807,48,20,4.272274,4.143146,1414,7.5263
4808,20,19,3.274022,3.051311,1459,7.6283
4809,19,51,2.646853,2.463538,1429,7.5239
4810,51,56,3.631607,3.861349,1394,7.5106
4811,56,54,5.421088,5.122052,1452,7.5667
4812,54,59,4.622232,5.232819,1415,7.5669
4813,59,20,4.155921,4.110864,1397,7.5464
4814,20,19,3.190585,2.984365,1421,7.5928
4815,19,50,3.521386,3.516455,1458,7.5835
4816,50,34,3.129896,3.014426,1435,7.5694
4817,34,13,4.225007,4.250363,1376,7.3811
4818,13,32,2.778546,2.577566,1441,7.6414
4819,32,29,3.635479,3.639825,1371,7.3387
4820,29,4,4.142466,4.225171,1218,6.6831
4821,4,40,3.071654,2.954022,1455,7.6229
4822,40,23,3.616249,4.107538,1381,7.5400
4823,23,0,2.345768,2.359487,1310,7.1295
4824,0,62,4.616175,4.615734,1437,7.5794
4825,62,48,2.384837,2.827118,1426,7.5996
4826,48,20,4.145098,4.135405,1372,7.4484
4827,20,19,3.061030,2.953656,1428,7.5935
4828,19,51,2.592744,2.425652,1314,7.1165
4829,51,54,5.610549,5.352027,1385,7.4285
4830,54,43,3.451564,3.874256,1420,7.4630
4831,43,23,2.950831,3.171979,1450,7.6713
4832,23,37,4.217985,4.589881,1377,7.4319
4833,37,28,1.768789,2.076344,1436,7.7161
4834,28,10,3.713967,3.704469,1367,7.3775
4835,10,37,2.977186,2.904511,1388,7.3940
4836,37,62,4.102662,4.134640,1429,7.7369
4837,62,21,2.002389,1.900066,1359,7.3740
4838,21,55,3.144764,3.574649,1397,7.4209
4839,55,30,3.047818,3.057136,1402,7.4860
4840,30,31,1.832630,1.842722,1421,7.5595
4841,31,42,2.390918,2.357615,1424,7.5269
4842,42,55,4.697242,4.709847,1351,7.3224
4843,55,58,2.604340,2.619038,1435,7.5941
4844,58,15,3.369614,3.217011,1432,7.5688
4845,15,26,4.201124,4.194061,1448,7.5779
4846,26,13,4.046978,3.944302,1469,7.6126
4847,13,31,5.042319,5.082847,1443,7.6349
4848,31,42,2.269742,2.187677,1451,7.5750
4849,42,22,3.968046,4.040874,1384,7.5120
4850,22,2,3.307803,3.428193,1439,7.7262
4851,2,7,2.812146,2.870353,1376,7.4183
4852,7,45,4.036331,4.175467,1430,7.5175
4853,45,54,2.058261,2.056348,1387,7.4718
4854,54,43,3.702984,3.710123,1443,7.5715
4855,43,57,2.272110,2.533852,1434,7.6537
4856,57,35,4.301278,4.533683,1429,7.5891
4857,35,43,3.904811,3.319798,1319,7.2951
4858,43,3,4.517166,4.550819,1470,7.6911
4859,3,25,3.933052,3.878913,1262,6.8965
4860,25,54,4.550029,4.291592,1332,7.1956
4861,54,30,2.421693,2.850944,1472,7.6275
4862,30,10,3.531918,4.012509,1459,7.5657
4863,10,37,2.685403,2.826551,1386,7.4493
4864,37,62,3.896635,4.002521,1421,7.7076
4865,62,21,1.779920,1.836312,1420,7.6281
4866,21,53,2.671246,2.537513,1446,7.5825
4867,53,37,2.703495,2.888582,1344,7.2518
4868,37,62,3.708708,3.879899,1401,7.6550
4869,62,46,2.152652,2.273661,1434,7.6120
4870,46,63,2.006451,2.322011,1390,7.4785
4871,63,37,3.621661,3.914130,1445,7.6291
4872,37,62,3.534639,3.681093,1394,7.6419
4873,62,46,1.998234,2.166930,1411,7.5468
4874,46,63,1.691445,2.272595,1442,7.5395
4875,63,8,2.089611,2.567493,1411,7.5278
4876,8,2,4.667856,4.624418,1370,7.3876
4877,2,9,1.780547,2.133283,1252,6.8093
4878,9,13,3.116432,3.210511,1385,7.3994
4879,13,24,2.913112,2.927757,1412,7.5962
4880,24,62,5.162825,4.762115,1449,7.6288
4881,62,46,1.802386,2.061929,1354,7.3060
4882,46,63,1.621738,2.243445,1411,7.5282
4883,63,8,1.906391,2.520798,1462,7.5970
4884,8,27,3.267411,3.461064,1433,7.6280
4885,27,27,1.190112,0.852141,1442,7.5865
4886,27,16,2.673583,2.871322,1374,7.4351
4887,16,4,3.667449,3.812551,1440,7.5919
4888,4,40,2.954457,2.849860,1427,7.5769
4889,40,24,3.947497,3.978390,1424,7.6193
4890,24,62,4.915828,4.511961,1451,7.6617
4891,62,46,1.735419,1.986752,1437,7.6117
4892,46,5,4.600303,5.170172,1435,7.5608
4893,5,13,4.119740,3.728229,1451,7.5766
4894,13,24,2.833091,2.894067,1394,7.5315
4895,24,62,4.575064,4.404294,1405,7.5040
4896,62,48,2.533846,2.974537,1437,7.6529
4897,48,41,3.206916,3.088942,1342,7.2092
4898,41,24,1.855323,1.987192,1451,7.5912
4899,24,41,2.088238,2.196793,1453,7.7004
4900,41,55,3.418343,3.675770,1467,7.5843
4901,55,30,2.991348,2.877555,1420,7.5969
4902,30,31,1.959940,1.946945,1436,7.6417
4903,31,30,1.592898,1.663833,1363,7.2171
4904,30,31,1.823701,1.833665,1430,7.5813
4905,31,42,2.224874,2.232200,1409,7.3218
4906,42,40,3.340626,3.286885,1379,7.4167
4907,40,33,2.863171,2.967615,1358,7.3355
4908,33,62,3.374514,3.799051,1436,7.6111
4909,62,46,1.754429,1.965629,1424,7.6133
4910,46,63,1.692290,2.324572,1336,7.1642
4911,63,8,1.949203,2.465076,1458,7.6592
4912,8,4,3.192721,3.436765,1452,7.6616
4913,4,40,3.353743,2.925701,1430,7.5894
4914,40,23,3.747961,4.191043,1445,7.6288
4915,23,37,4.247337,4.429326,1389,7.4090
4916,37,47,2.951608,3.415714,1439,7.7534
4917,47,63,2.910802,3.405478,1458,7.6515
4918,63,8,1.684663,2.374021,1428,7.5961
4919,8,27,3.195524,3.435536,1424,7.6015
4920,27,27,1.036537,0.753205,1283,7.0781
4921,27,16,2.563522,2.827927,1436,7.6004
4922,16,40,4.442569,4.299559,1411,7.5284
4923,40,24,3.691544,3.890227,1283,7.1338
4924,24,62,4.226915,4.188912,1459,7.6413
4925,62,48,2.395630,2.889182,1422,7.6245
4926,48,20,4.129818,4.095830,1408,7.5324
4927,20,30,4.387985,4.325844,1435,7.5876
4928,30,31,1.722216,1.753577,1459,7.5847
4929,31,42,2.179757,2.162273,1407,7.3637
4930,42,40,3.613648,3.401319,1450,7.6678
4931,40,23,3.649613,3.994380,1376,7.3676
4932,23,0,2.449596,2.397364,1448,7.7173
4933,0,62,4.821307,4.687314,1468,7.6361
4934,62,21,2.236954,2.137853,1382,7.4401
4935,21,55,3.052991,3.376435,1443,7.6021
4936,55,58,2.537667,2.616281,1431,7.6008
4937,58,15,3.317726,3.159911,1451,7.6054
4938,15,26,4.105588,3.973492,1428,7.5752
4939,26,17,2.803505,2.997293,1412,7.4489
4940,17,0,3.153487,2.887279,1392,7.3787
4941,0,57,1.911000,2.273307,1420,7.5828
4942,57,22,3.131392,3.674913,1383,7.4110
4943,22,60,2.881916,3.059435,1435,7.6985
4944,60,61,4.276402,4.494321,1362,7.4845
4945,61,6,3.643924,3.659478,1467,7.6127
4946,6,12,3.617501,3.696001,1350,7.2555
4947,12,46,4.476727,4.505006,1453,7.6789
4948,46,63,1.802645,2.222167,1412,7.5212
4949,63,37,3.873801,3.944405,1435,7.5905
4950,37,28,1.928656,2.218207,1268,7.2275
4951,28,46,4.188581,4.101856,1393,7.5200
4952,46,63,1.635564,2.109699,1443,7.5461
4953,63,37,3.838810,3.851235,1425,7.5575
4954,37,47,2.820894,3.263629,1354,7.4082
4955,47,35,3.333916,3.178924,1469,7.6755
4956,35,48,3.977284,4.035130,1339,7.2761
4957,48,20,3.995043,3.896438,1420,7.4511
4958,20,19,3.159919,2.955012,1378,7.4822
4959,19,51,2.422560,2.356131,1340,7.2384
4960,51,54,5.628639,5.227165,1445,7.6352
4961,54,43,3.194952,3.378425,1322,7.2370
4962,43,23,3.000267,3.416479,1430,7.6456
4963,23,37,4.110422,4.474855,1368,7.2526
4964,37,28,1.917407,2.192046,1425,7.7094
4965,28,53,3.117807,3.174534,1398,7.5197
4966,53,45,2.633388,2.910483,1381,7.3090
4967,45,54,2.209169,2.150353,1375,7.3117
4968,54,43,3.160103,3.273868,1438,7.5593
4969,43,3,4.206985,4.501306,1466,7.6806
4970,3,25,3.845874,3.838532,1294,7.1140
4971,25,44,3.714312,3.732836,1439,7.5748
4972,44,55,4.951144,4.749144,1445,7.6029
4973,55,58,2.625462,2.488444,1415,7.5265
4974,58,51,4.886377,5.288323,1474,7.6148
4975,51,4,4.166221,4.057093,1359,7.4654
4976,4,40,2.996095,2.826890,1404,7.4736
4977,40,23,3.467986,3.976645,1401,7.5803
4978,23,37,4.090833,4.320572,1399,7.5724
4979,37,28,1.715347,2.117954,1377,7.5422
4980,28,53,2.961722,3.076953,1434,7.6221
4981,53,21,2.397482,2.119417,1454,7.6362
4982,21,55,2.833083,3.284269,1439,7.5435
4983,55,26,4.140055,4.282279,1447,7.6127
4984,26,13,3.988122,3.863477,1432,7.5525
4985,13,24,3.022935,2.878772,1420,7.6206
4986,24,62,4.235688,4.125313,1408,7.6213
4987,62,21,1.886352,2.101683,1363,7.3404
4988,21,53,2.584781,2.382887,1419,7.4985
4989,53,45,2.616623,2.939198,1441,7.5334
4990,45,25,5.067529,5.345291,1363,7.3268
4991,25,54,4.433350,4.079061,1341,7.3422
4992,54,43,2.891072,3.052132,1473,7.5908
4993,43,3,4.065400,4.417774,1453,7.6649
4994,3,25,3.817742,3.796046,1391,7.4186
4995,25,44,3.691806,3.700515,1427,7.5386
4996,44,8,3.806490,4.470216,1399,7.4519
4997,8,4,3.125989,3.225204,1238,6.7379
4998,4,40,2.775371,2.809028,1384,7.4050
4999,40,33,2.519669,2.989013,1437,7.6726
5000,33,62,3.291699,3.708666,1416,7.5276
5001,62,21,2.015654,2.048532,1325,7.2622
5002,21,53,2.359545,2.337975,1451,7.6243
5003,53,21,2.336793,1.936158,1286,6.9731
5004,21,55,2.763456,3.324284,1393,7.4824
5005,55,30,2.838031,3.072813,1479,7.6491
5006,30,10,3.558228,3.961282,1441,7.5577
5007,10,61,3.379694,3.568494,1431,7.5668
5008,61,6,3.639255,3.582940,1464,7.6225
5009,6,23,4.330010,4.198848,1455,7.6396
5010,23,37,3.763548,4.104186,1421,7.6058
5011,37,47,3.001709,3.199417,1350,7.4773
5012,47,37,2.794027,2.539683,1431,7.6404
5013,37,47,2.773186,2.971522,1399,7.6819
5014,47,35,3.238008,3.172925,1416,7.6106
5015,35,48,3.819997,3.885104,1384,7.4735
5016,48,20,3.778953,3.716654,1339,7.2052
5017,20,30,4.213212,4.371851,1406,7.4824
5018,30,31,1.687399,1.760284,1402,7.4930
5019,31,30,1.756044,1.845832,1329,7.1269
5020,30,31,1.710473,1.664687,1452,7.5762
5021,31,42,2.188445,2.200398,1425,7.5004
5022,42,40,3.467636,3.418931,1375,7.4347
5023,40,24,3.798165,3.888473,1372,7.4448
5024,24,41,2.187031,2.253516,1313,7.3815
5025,41,55,3.164224,3.453766,1337,7.2999
5026,55,58,2.505853,2.568928,1399,7.5230
5027,58,4,4.636519,4.336083,1365,7.2002
5028,4,15,3.414186,3.175162,1429,7.5586
5029,15,1,4.514346,4.252089,1447,7.6156
5030,1,59,3.759249,3.818519,1399,7.5550
5031,59,21,4.416568,4.590092,1455,7.6986
5032,21,53,2.323449,2.137199,1329,7.0167
5033,53,45,2.595368,2.992073,1407,7.4493
5034,45,21,3.498778,3.513834,1449,7.6420
5035,21,54,3.266476,3.316567,1440,7.5890
5036,54,59,4.281182,4.723043,1381,7.4143
5037,59,43,2.668153,2.552891,1441,7.6355
5038,43,57,2.557293,2.726991,1441,7.6282
5039,57,22,3.368038,3.515263,1437,7.6332
5040,22,60,2.736533,2.911969,1457,7.7457
5041,60,61,4.323749,4.463092,1362,7.2563
5042,61,6,3.496552,3.487954,1385,7.4355
5043,6,23,4.500447,4.129036,1288,6.9454
5044,23,62,4.077240,4.060971,1439,7.6811
5045,62,46,2.136539,2.312491,1419,7.5724
5046,46,63,1.764827,2.174221,1417,7.5611
5047,63,8,2.033997,2.583638,1420,7.5399
5048,8,2,4.459319,4.397765,1407,7.5766
5049,2,7,2.609853,2.786403,1334,7.1707
5050,7,45,3.789202,4.161106,1442,7.5779
5051,45,54,2.215518,2.232900,1270,7.0549
5052,54,30,2.409182,2.803802,1468,7.6143
5053,30,31,1.676914,1.657571,1428,7.5605
5054,31,19,5.014473,4.968533,1429,7.5574
5055,19,50,3.423588,3.517004,1310,7.0653
5056,50,34,3.100166,2.955017,1433,7.6490
5057,34,50,3.057872,2.839135,1418,7.5214
5058,50,34,2.952608,2.831806,1401,7.5113
5059,34,5,3.984830,4.062356,1458,7.5680
5060,5,13,4.082277,3.675065,1448,7.5882
5061,13,24,2.967121,2.836915,1447,7.6248
5062,24,41,2.050248,2.164767,1439,7.6309
5063,41,55,3.355989,3.370036,1455,7.5689
5064,55,30,3.075479,3.008020,1444,7.5907
5065,30,31,1.604051,1.630178,1434,7.5789
5066,31,42,2.210636,2.231229,1438,7.5634
5067,42,40,3.171259,3.306733,1460,7.6497
5068,40,24,3.612719,3.825147,1342,7.3402
5069,24,62,4.238319,3.970206,1453,7.7001
5070,62,21,2.175255,2.194151,1366,7.2729
5071,21,55,2.612576,3.221547,1349,7.2162
5072,55,58,2.605714,2.556199,1449,7.6074
5073,58,15,3.144323,3.238526,1489,7.6190
5074,15,1,4.244982,4.185603,1456,7.6298
5075,1,33,2.892536,2.930699,1435,7.5886
5076,33,62,3.183398,3.593636,1427,7.5165
5077,62,48,2.716610,3.104934,1427,7.5885
5078,48,41,3.362807,3.152644,1357,7.2585
5079,41,55,2.991839,3.169621,1410,7.4691
5080,55,30,2.768785,3.024680,1466,7.6209
5081,30,40,4.286581,4.876478,1452,7.5784
5082,40,33,2.530867,3.078058,1412,7.5958
5083,33,47,3.919955,4.006707,1419,7.5942
5084,47,35,3.046356,3.055596,1426,7.6111
5085,35,48,3.640650,3.777526,1246,6.7784
5086,48,41,3.248391,3.098332,1367,7.3326
5087,41,22,3.885889,4.475806,1444,7.5512
5088,22,60,2.616052,2.759123,1462,7.7361
5089,60,61,4.081974,4.416909,1428,7.5923
5090,61,6,3.361068,3.391249,1294,7.0140
5091,6,12,3.646780,3.677046,1402,7.4561
5092,12,40,4.540991,4.526828,1302,7.1767
5093,40,23,3.408184,3.955723,1396,7.5483
5094,23,0,2.372863,2.478970,1344,7.3286
5095,0,57,1.886768,2.215275,1453,7.6544
5096,57,22,3.087235,3.520293,1250,6.8077
5097,22,60,2.390095,2.630140,1371,7.5624
5098,60,61,3.897750,4.392421,1434,7.6079
5099,61,6,3.494090,3.297049,1459,7.6275
5100,6,23,4.288124,4.091571,1386,7.3723
5101,23,37,3.826464,3.923168,1405,7.6059
5102,37,47,2.504962,2.845633,1425,7.7758
5103,47,37,2.595370,2.418849,1458,7.6732
5104,37,28,2.039005,2.253898,1388,7.5854
5105,28,46,3.993666,4.098887,1365,7.3466
5106,46,63,1.655972,2.153102,1370,7.3575
5107,63,37,4.001107,3.918621,1440,7.5815
5108,37,28,1.903314,2.159805,1432,7.7441
5109,28,10,3.779498,3.627603,1445,7.6629
5110,10,1,4.362436,4.419429,1419,7.5198
5111,1,59,3.656261,3.755145,1460,7.6292
5112,59,21,4.387480,4.409365,1375,7.3672
5113,21,55,2.583944,3.056337,1423,7.5997
5114,55,30,2.865451,2.919350,1447,7.5924
5115,30,31,1.618495,1.728788,1461,7.6061
5116,31,42,2.129893,2.180962,1455,7.5768
5117,42,40,3.329111,3.177174,1376,7.4240
5118,40,24,3.507683,3.645540,1354,7.3125
5119,24,62,3.991798,3.707130,1438,7.6865
5120,62,48,2.768150,3.040936,1444,7.6212
5121,48,41,3.075744,2.992845,1432,7.6141
5122,41,22,3.822296,4.450182,1453,7.5803
5123,22,60,2.228330,2.491315,1426,7.6995
5124,60,7,3.234368,3.174223,1305,7.1589
5125,7,45,3.760453,4.051093,1407,7.4593
5126,45,21,3.600626,3.611754,1390,7.5377
5127,21,53,2.421195,2.027916,1350,7.2847
5128,53,37,2.613312,3.083906,1436,7.6583
5129,37,62,4.496207,4.414403,1385,7.5883
5130,62,48,2.707347,2.893359,1359,7.4037
5131,48,13,5.303246,5.421572,1433,7.5791
5132,13,32,2.963622,2.589830,1433,7.6165
5133,32,5,3.897719,3.904818,1378,7.4120
5134,5,13,4.101849,3.508793,1424,7.5730
5135,13,24,2.956425,2.909875,1431,7.6534
5136,24,62,3.933180,3.712877,1390,7.5067
5137,62,21,2.497557,2.418757,1444,7.6316
5138,21,53,2.057148,1.973954,1448,7.6050
5139,53,21,2.121387,1.822952,1479,7.6381
5140,21,54,3.280128,3.183026,1428,7.5572
5141,54,43,2.895151,3.148601,1454,7.5853
5142,43,23,3.083990,3.800735,1386,7.3656
5143,23,0,2.460763,2.377503,1402,7.5196
5144,0,62,4.610142,4.483483,1426,7.5473
5145,62,46,2.355885,2.582087,1289,6.9247
5146,46,63,1.889134,2.193445,1465,7.6127
5147,63,8,2.296434,2.567138,1431,7.5861
5148,8,2,4.365841,4.166763,1429,7.6230
5149,2,9,1.936191,2.181271,1439,7.6318
5150,9,16,4.091436,4.046907,1446,7.6504
5151,16,41,4.016052,4.378613,1341,7.2065
5152,41,22,4.117285,4.262578,1460,7.5926
5153,22,60,2.098319,2.387453,1438,7.7155
5154,60,22,2.348814,2.037172,1400,7.6047
5155,22,2,3.592996,3.667122,1432,7.6986
5156,2,9,1.799482,2.099594,1369,7.4302
5157,9,13,3.074921,3.364192,1438,7.5840
5158,13,32,2.887741,2.523827,1359,7.4204
5159,32,10,4.893402,4.927515,1439,7.5849
5160,10,1,4.251551,4.232525,1475,7.6461
5161,1,46,3.638862,3.779461,1359,7.2381
5162,46,5,4.305786,4.789698,1183,6.6329
5163,5,30,5.145019,4.947200,1434,7.5343
5164,30,31,1.511580,1.667153,1383,7.3783
5165,31,42,2.077326,2.118141,1400,7.3436
5166,42,40,3.182906,3.065479,1319,7.1466
5167,40,23,3.490777,3.974037,1363,7.2979
5168,23,0,2.285371,2.323589,1411,7.5803
5169,0,43,3.795985,4.260714,1233,6.8067
5170,43,23,3.180650,3.703574,1451,7.6439
5171,23,62,4.003888,4.070791,1387,7.5937
5172,62,21,2.473027,2.359152,1311,7.0817
5173,21,53,2.217672,1.950113,1461,7.6487
5174,53,37,3.061390,3.087376,1448,7.6137
5175,37,62,4.331988,4.428496,1423,7.7298
5176,62,46,2.290821,2.451097,1417,7.5739
5177,46,62,3.173373,2.421076,1439,7.5118
5178,62,21,2.327199,2.240770,1403,7.5071
5179,21,53,2.024547,1.913412,1441,7.5892
5180,53,37,2.593780,3.009194,1467,7.6039
5181,37,28,1.972276,2.221418,1428,7.7218
5182,28,53,2.923516,3.034400,1281,6.9736
5183,53,21,2.138943,1.876761,1445,7.5876
5184,21,53,1.864669,1.803522,1436,7.6001
5185,53,45,3.161309,3.562148,1406,7.5589
5186,45,54,2.448858,2.249445,1438,7.5727
5187,54,30,2.430446,2.730734,1355,7.1420
5188,30,31,1.577822,1.690979,1471,7.6118
5189,31,42,1.918497,2.058331,1457,7.5868
5190,42,40,3.208018,2.982233,1420,7.5784
5191,40,23,3.424075,3.912678,1347,7.3547
5192,23,0,2.258457,2.310825,1432,7.6415
5193,0,57,1.876995,2.335588,1451,7.5601
5194,57,22,3.174344,3.601566,1457,7.6581
5195,22,60,2.002574,2.288998,1420,7.6941
5196,60,22,2.107180,1.896448,1397,7.5337
5197,22,38,2.277191,2.307596,1452,7.7245
5198,38,26,2.775805,2.915676,1346,7.1815
5199,26,17,2.682756,2.937519,1410,7.5451
5200,17,0,3.257433,2.996656,1448,7.5615
5201,0,57,1.827437,2.226836,1467,7.6070
5202,57,22,3.081701,3.505664,1434,7.6229
5203,22,38,2.125111,2.186125,1438,7.7062
5204,38,26,2.693486,2.848400,1335,7.3461
5205,26,13,4.079994,3.919857,1380,7.3436
5206,13,24,2.996406,2.900203,1274,6.9605
5207,24,62,3.664719,3.861250,1294,7.2591
5208,62,48,2.453684,3.003531,1386,7.4922
5209,48,41,3.088936,2.988086,1394,7.4501
5210,41,24,2.241090,2.359233,1429,7.5250
5211,24,36,4.379136,4.504609,1386,7.4034
5212,36,20,3.852147,3.973701,1426,7.5685
5213,20,19,3.268542,2.929590,1222,6.7122
5214,19,51,2.300330,2.331276,1438,7.5659
5215,51,4,3.984119,3.978258,1463,7.6607
5216,4,15,3.208618,3.024189,1399,7.4117
5217,15,26,3.894596,4.012577,1392,7.3871
5218,26,17,2.586232,2.875604,1446,7.6176
5219,17,0,3.230650,2.952600,1468,7.5579
5220,0,57,1.686433,2.114816,1458,7.5987
5221,57,22,2.881339,3.429445,1452,7.6588
5222,22,2,3.698220,3.639871,1457,7.7485
5223,2,52,3.560920,3.829561,1412,7.5014
5224,52,54,4.810424,4.830973,1426,7.5599
5225,54,43,2.829990,3.056777,1418,7.4551
5226,43,23,3.236991,3.759676,1432,7.5925
5227,23,37,3.646469,4.160600,1386,7.5539
5228,37,28,1.880950,2.133250,1450,7.7649
5229,28,46,3.876364,4.113117,1371,7.4706
5230,46,63,1.985420,2.293286,1413,7.5542
5231,63,63,1.242564,0.759849,1392,7.5025
5232,63,37,3.672883,3.761485,1394,7.5327
5233,37,28,1.728520,2.068882,1422,7.6811
5234,28,46,3.783808,3.982532,1402,7.5255
5235,46,62,3.069171,2.525574,1461,7.6331
5236,62,46,2.183359,2.433674,1424,7.5850
5237,46,63,1.832000,2.225110,1462,7.6211
5238,63,8,1.800871,2.676379,1436,7.5783
5239,8,4,3.024814,3.247797,1427,7.6391
5240,4,23,5.806230,5.743183,1454,7.6207
5241,23,62,3.816794,3.906685,1384,7.4843
5242,62,46,2.111667,2.322712,1412,7.4608
5243,46,63,1.719236,2.180352,1442,7.6044
5244,63,63,0.990231,0.596608,1375,7.3271
5245,63,8,2.269818,2.772715,1422,7.5610
5246,8,2,4.127208,4.256816,1425,7.6065
5247,2,7,2.708857,2.807307,1237,6.7743
5248,7,57,4.105949,4.237245,1451,7.5768
5249,57,22,3.184758,3.155316,1381,7.4690
5250,22,60,2.162423,2.398384,1410,7.6750
5251,60,7,3.319236,3.199316,1466,7.6979
5252,7,1,4.913547,4.727140,1437,7.5357
5253,1,33,2.611546,2.972547,1456,7.5853
5254,33,47,3.852825,3.825350,1414,7.5558
5255,47,37,2.468369,2.447827,1451,7.6621
5256,37,28,1.725775,1.997588,1401,7.7226
5257,28,46,3.544036,3.871128,1347,7.2612
5258,46,63,1.612188,2.072652,1447,7.6053
5259,63,37,3.768380,3.783145,1444,7.5997
5260,37,62,4.245962,4.188276,1449,7.7877
5261,62,46,1.989681,2.186422,1380,7.4545
5262,46,62,2.953462,2.313126,1411,7.4903
5263,62,48,2.620859,3.077212,1445,7.6456
5264,48,41,3.056354,2.931577,1421,7.5575
5265,41,22,4.599379,4.569792,1328,7.1363
5266,22,38,2.113877,2.205702,1453,7.7996
5267,38,0,3.720733,4.254725,1372,7.4523
5268,0,43,3.838836,4.125779,1274,7.1078
5269,43,57,2.171676,2.723604,1420,7.5908
5270,57,35,4.517229,4.540489,1382,7.5298
5271,35,43,3.641377,3.376096,1396,7.4453
5272,43,23,3.064262,3.721847,1446,7.6513
5273,23,62,3.501738,3.809168,1384,7.5098
5274,62,46,1.890868,2.078009,1440,7.6326
5275,46,63,1.787208,2.200767,1418,7.5751
5276,63,37,3.630668,3.566413,1368,7.3743
5277,37,28,1.785206,2.050092,1409,7.7132
5278,28,46,3.492033,3.748093,1319,7.2356
5279,46,62,2.710083,2.232545,1450,7.6145
5280,62,21,2.427361,2.499197,1405,7.5845
5281,21,53,2.095782,1.838615,1401,7.4681
5282,53,37,2.721690,2.987047,1372,7.4111
5283,37,28,1.819011,2.015238,1402,7.6894
5284,28,10,4.103353,3.881843,1377,7.5153
5285,10,37,3.545248,3.194413,1375,7.3837
5286,37,62,3.877646,3.826475,1413,7.6917
5287,62,21,2.219315,2.379622,1449,7.5931
5288,21,53,1.933997,1.821028,1352,7.2351
5289,53,37,2.598571,2.915340,1437,7.5589
5290,37,28,1.794583,1.993284,1416,7.6921
5291,28,46,3.306498,3.684802,1413,7.5442
5292,46,63,1.929100,2.233234,1457,7.6246
5293,63,63,0.963432,0.566528,1445,7.5661
5294,63,37,3.294515,3.538904,1440,7.5408
5295,37,47,3.131584,3.435424,1436,7.7395
5296,47,63,2.832984,3.510450,1440,7.6396
5297,63,8,2.088984,2.952193,1480,7.5830
5298,8,27,3.172817,3.309842,1420,7.5917
5299,27,16,2.400665,2.612024,1300,7.0800
5300,16,40,4.754077,4.685135,1330,7.1410
5301,40,24,3.461980,3.671644,1049,5.9813
5302,24,41,2.503409,2.491118,1445,7.6436
5303,41,22,4.029378,4.340851,1374,7.2114
5304,22,2,3.657961,3.573445,1352,7.5030
5305,2,9,2.182503,2.183263,1214,6.8826
5306,9,16,3.930418,3.879590,1446,7.6377
5307,16,40,4.665419,4.581744,1461,7.6350
5308,40,24,3.257648,3.433292,1450,7.6620
5309,24,62,4.301297,4.112472,1453,7.6320
5310,62,46,1.947744,2.149450,1455,7.6317
5311,46,62,2.853472,2.144966,1438,7.6138
5312,62,21,2.273904,2.349883,1434,7.6156
5313,21,53,1.921278,1.826198,1368,7.3653
5314,53,37,2.711876,2.816391,1420,7.5417
5315,37,47,2.762643,3.331762,1399,7.6602
5316,47,35,3.293091,3.235750,1424,7.5995
5317,35,48,3.777355,3.854081,1368,7.3842
5318,48,20,3.908702,3.812499,1353,7.3078
5319,20,19,3.185737,2.887706,1357,7.3497
5320,19,51,2.265498,2.262668,1382,7.3748
5321,51,4,3.946472,3.901715,1390,7.5394
5322,4,40,3.250858,3.084070,1461,7.6717
5323,40,33,3.077760,3.170637,1403,7.5449
5324,33,48,4.007269,4.468543,1426,7.5372
5325,48,41,3.002726,2.939732,1469,7.6510
5326,41,55,2.801589,3.273816,1435,7.5509
5327,55,58,2.523146,2.565349,1404,7.5147
5328,58,15,3.151805,3.135563,1454,7.5803
5329,15,26,3.884524,3.787119,1420,7.5593
5330,26,42,3.243127,3.126047,1453,7.6058
5331,42,55,4.711260,4.954814,1395,7.5160
5332,55,30,2.816085,2.708888,1400,7.3765
5333,30,31,1.605883,1.738776,1460,7.5959
5334,31,19,4.648773,4.756245,1448,7.5305
5335,19,51,2.062804,2.198914,1376,7.4153
5336,51,56,3.689778,4.005838,1343,7.2799
5337,56,47,4.289019,4.390406,1329,7.2306
5338,47,63,2.811171,3.495071,1447,7.6939
5339,63,63,1.004622,0.602362,1420,7.4928
5340,63,8,2.119115,2.856948,1478,7.5795
5341,8,2,4.164586,4.176703,1411,7.5203
5342,2,52,3.504752,3.748738,1351,7.1886
5343,52,54,4.790121,4.746000,1301,6.9955
5344,54,43,2.507405,2.953854,1229,6.7041
5345,43,23,3.079813,3.655263,1438,7.6553
5346,23,62,3.582963,3.827001,1422,7.6282
5347,62,46,1.949025,2.085000,1455,7.6711
5348,46,63,1.528833,2.183462,1453,7.6476
5349,63,63,0.840897,0.502969,1443,7.5658
5350,63,8,2.106484,2.901220,1456,7.5807
5351,8,27,3.031855,3.361351,1471,7.6988
5352,27,53,4.969366,5.681754,1406,7.4540
5353,53,45,3.352061,3.406799,1462,7.6274
5354,45,21,3.735694,3.641083,1425,7.6025
5355,21,54,3.628211,3.495358,1364,7.1760
5356,54,43,2.527281,2.916207,1408,7.4668
5357,43,3,4.141150,4.501351,1431,7.6323
5358,3,25,3.757492,3.742904,1382,7.3739
5359,25,54,4.171896,4.052099,1450,7.6030
5360,54,43,2.788512,2.762050,1446,7.5599
5361,43,57,2.612059,2.941285,1457,7.6555
5362,57,35,4.086851,4.355056,1429,7.6079
5363,35,49,4.157181,4.412918,1453,7.6051
5364,49,42,4.386649,4.504925,1397,7.3952
5365,42,22,4.172968,4.209049,1365,7.4199
5366,22,38,2.011019,2.100735,1407,7.6783
5367,38,0,3.673509,4.134049,1421,7.5598
5368,0,57,1.783796,2.132400,1375,7.3578
5369,57,2,4.386876,4.366370,1453,7.6711
5370,2,52,3.384206,3.571185,1298,7.0718
5371,52,54,4.671315,4.750076,1461,7.5918
5372,54,43,2.463646,2.643533,1411,7.5080
5373,43,23,2.864013,3.828210,1412,7.5852
5374,23,0,2.553819,2.601249,1390,7.4117
5375,0,57,1.716210,2.081221,1428,7.5651
5376,57,2,4.157724,4.230451,1438,7.6067
5377,2,9,2.042806,2.171402,1366,7.4128
5378,9,13,3.023053,3.279158,1332,7.0833
5379,13,32,2.789219,2.502046,1401,7.4211
5380,32,29,3.414511,3.611010,1384,7.4133
5381,29,29,2.622651,2.107409,1205,6.7958
5382,29,4,4.014513,4.176852,1414,7.5309
5383,4,23,5.711639,5.690629,1436,7.6128
5384,23,0,2.434586,2.517198,1329,7.3170
5385,0,43,3.718395,4.233449,1427,7.5736
5386,43,23,3.204942,3.745572,1461,7.6759
5387,23,0,2.335973,2.415506,1378,7.3760
5388,0,43,3.405425,4.097608,1448,7.5877
5389,43,23,3.000633,3.550603,1462,7.6694
5390,23,0,2.263655,2.322028,1443,7.6711
5391,0,57,1.868436,2.213061,1448,7.5702
5392,57,22,3.270683,3.495992,1461,7.6591
5393,22,38,1.969506,2.028219,1439,7.7172
5394,38,26,2.844025,3.042676,1387,7.5392
5395,26,17,2.516025,2.828745,1402,7.4505
5396,17,0,3.294595,3.010722,1427,7.5027
5397,0,57,1.730745,2.097901,1371,7.4718
5398,57,2,4.016538,4.143643,1443,7.6243
5399,2,7,2.573712,2.759149,1376,7.4589
5400,7,1,4.557333,4.560610,1317,7.1624
5401,1,46,3.484995,3.913149,1140,6.2784
5402,46,63,1.400698,2.046561,1186,6.6546
5403,63,37,3.225049,3.452266,1422,7.5597
5404,37,62,3.851540,3.842149,1333,7.3149
5405,62,21,2.379708,2.380592,1414,7.5941
5406,21,54,3.572215,3.586312,1358,7.3450
5407,54,43,2.420471,2.721085,1372,7.3107
5408,43,57,2.619661,2.873684,1360,7.3014
5409,57,22,2.975477,3.482411,1415,7.5679
5410,22,38,1.916598,1.972624,1473,7.7593
5411,38,0,3.801040,4.353027,1423,7.6028
5412,0,57,1.571367,1.978032,1431,7.5414
5413,57,2,3.885173,4.147089,1460,7.6485
5414,2,7,2.491488,2.651496,1240,6.7776
5415,7,45,3.776713,4.178980,1329,7.1967
5416,45,54,2.251792,2.201547,1393,7.5245
5417,54,30,2.494702,2.837372,1390,7.3071
5418,30,10,4.003790,4.362686,1450,7.5874
5419,10,37,3.281799,3.174120,1442,7.5421
5420,37,62,3.628064,3.662013,1381,7.5937
5421,62,21,2.131098,2.266660,1335,7.2865
5422,21,55,2.944367,3.556550,1426,7.5534
5423,55,26,4.102653,4.310746,1418,7.4987
5424,26,13,3.931039,3.858114,1440,7.5912
5425,13,24,2.966443,2.973379,1419,7.5424
5426,24,62,4.172693,4.336703,1324,7.1534
5427,62,48,2.795341,3.380690,1450,7.6323
5428,48,13,5.256429,5.316251,1409,7.5549
5429,13,31,5.135051,5.338108,1409,7.5656
5430,31,42,2.103525,2.103765,1429,7.5403
5431,42,55,4.460427,4.714683,1462,7.6374
5432,55,30,2.511290,2.565332,1266,6.7920
5433,30,31,1.789169,1.913393,1465,7.6110
5434,31,42,1.951790,2.046727,1408,7.4441
5435,42,40,3.272058,3.146074,1421,7.5984
5436,40,33,2.572154,3.081000,1339,7.3518
5437,33,47,3.769872,3.825044,1146,6.4983
5438,47,37,2.474365,2.398881,1418,7.6509
5439,37,47,2.724365,3.188410,1401,7.6090
5440,47,63,2.675909,3.319303,1442,7.6101
5441,63,63,0.867936,0.478978,1457,7.5578
5442,63,8,2.015111,2.914970,1430,7.5387
5443,8,4,3.132627,3.433391,1400,7.5652
5444,4,40,3.493681,3.132124,1368,7.3476
5445,40,23,3.780339,4.186812,1373,7.1886
5446,23,62,3.738031,3.813440,1396,7.6093
5447,62,48,2.555055,3.247601,1371,7.3949
5448,48,20,3.852518,3.883535,1400,7.4699
5449,20,30,4.256599,4.079113,1415,7.5214
5450,30,10,3.955871,4.298049,1440,7.5803
5451,10,1,4.162624,4.213069,1306,7.0809
5452,1,46,3.664189,3.810369,1439,7.5690
5453,46,5,4.577311,5.092120,1476,7.6975
5454,5,13,4.156415,3.639910,1459,7.6012
5455,13,31,4.667275,5.227678,1339,7.2980
5456,31,30,2.074671,2.074888,1177,6.6864
5457,30,10,3.907019,4.149886,1405,7.4993
5458,10,37,3.542439,3.123652,1427,7.5506
5459,37,47,2.479520,3.052316,1451,7.7398
5460,47,35,3.277053,3.294481,1388,7.5752
5461,35,43,3.480880,3.437154,1446,7.5791
5462,43,23,2.928569,3.665186,1366,7.4429
5463,23,37,3.933894,4.311567,1433,7.6289
5464,37,62,3.535833,3.581551,1410,7.6820
5465,62,21,2.105443,2.240021,1437,7.6455
5466,21,53,2.351798,2.124673,1427,7.5880
5467,53,37,2.178263,2.679445,1387,7.3442
5468,37,62,3.452459,3.505382,1408,7.6768
5469,62,46,2.157650,2.250122,1473,7.6582
5470,46,5,4.373382,4.984774,1404,7.4288
5471,5,13,4.197845,3.645964,1430,7.5461
5472,13,31,4.612513,5.112235,1374,7.4880
5473,31,30,2.139272,1.962989,1430,7.5117
5474,30,10,3.697926,3.997278,1392,7.4469
5475,10,37,3.299624,2.986164,1390,7.4290
5476,37,62,3.164795,3.327993,1450,7.7992
5477,62,48,2.853424,3.329942,1425,7.6006
5478,48,41,2.932511,2.971128,1386,7.5196
5479,41,22,4.110318,4.373487,1461,7.5924
5480,22,38,1.766252,1.894781,1395,7.6457
5481,38,0,3.731320,4.184479,1431,7.6153
5482,0,43,3.552438,4.123801,1438,7.6043
5483,43,23,2.449940,3.494528,1435,7.6566
5484,23,62,3.474333,3.810268,1371,7.4556
5485,62,46,1.960027,2.189224,1385,7.4872
5486,46,62,2.352330,1.764265,1374,7.4556
5487,62,21,2.317213,2.381862,1403,7.5169
5488,21,54,3.662771,3.650487,1398,7.5215
5489,54,43,2.615689,2.827485,1351,7.2937
5490,43,57,2.047576,2.775138,1426,7.6377
5491,57,22,3.313597,3.559085,1460,7.6799
5492,22,38,1.681929,1.830629,1424,7.7031
5493,38,49,5.079063,5.381995,1351,7.3269
5494,49,17,3.676107,3.605535,1271,6.9408
5495,17,23,4.302365,4.346157,1261,6.9466
5496,23,0,2.380906,2.491150,1311,7.1870
5497,0,62,4.813795,4.444461,1447,7.6187
5498,62,21,2.055800,2.205892,1418,7.6212
5499,21,53,2.343756,2.204132,1454,7.6329
5500,53,21,1.876740,1.798812,1431,7.5913
5501,21,55,3.097486,3.741613,1456,7.6609
5502,55,58,2.556097,2.573465,1444,7.6719
5503,58,4,4.377789,4.226047,1440,7.5829
5504,4,23,5.988081,5.974488,1431,7.5856
5505,23,37,3.812394,4.071631,1401,7.5834
5506,37,28,2.068588,2.320884,1341,7.4830
5507,28,10,3.701617,3.546498,1439,7.7202
5508,10,1,4.200692,4.301730,1419,7.5975
5509,1,46,3.727225,3.745808,1424,7.6023
5510,46,63,1.853400,2.358129,1461,7.6425
5511,63,37,3.682610,3.637632,1426,7.5557
5512,37,28,2.033277,2.207193,1444,7.7742
5513,28,10,3.441589,3.434201,1439,7.6829
5514,10,37,3.069251,2.797102,1344,7.2747
5515,37,28,1.825329,2.081833,1442,7.7711
5516,28,10,3.211120,3.344091,1418,7.6121
5517,10,61,3.802628,3.936847,1462,7.5987
5518,61,33,3.682651,3.767172,1327,7.1751
5519,33,62,2.801695,3.609678,1238,6.6230
5520,62,21,1.772244,2.091421,1411,7.5856
5521,21,53,2.103583,2.186288,1415,7.5097
5522,53,37,2.623024,2.848978,1379,7.4485
5523,37,47,2.989071,3.231518,1441,7.7585
5524,47,35,3.064741,3.174561,1449,7.6820
5525,35,43,3.173029,3.400349,1457,7.6354
5526,43,23,3.181245,3.630455,1412,7.6269
5527,23,0,2.354993,2.431922,1384,7.4854
5528,0,57,1.629263,2.072952,1374,7.4504
5529,57,2,3.957724,3.910681,1457,7.6545
5530,2,9,2.100405,2.270684,1440,7.6529
5531,9,41,5.462639,6.017849,1315,7.1571
5532,41,24,2.416928,2.384087,1435,7.5758
5533,24,62,4.816341,4.657673,1397,7.5571
5534,62,46,2.023748,2.243857,1436,7.6026
5535,46,63,1.710991,2.340273,1446,7.6564
5536,63,37,3.449105,3.589256,1461,7.5931
5537,37,62,3.298656,3.467197,1447,7.7745
5538,62,21,1.897907,2.044728,1426,7.6307
5539,21,55,2.792173,3.666037,1411,7.5569
5540,55,26,4.033950,4.247068,1422,7.5819
5541,26,42,3.145192,3.112544,1444,7.5914
5542,42,55,4.248141,4.536222,1338,7.2508
5543,55,30,2.278705,2.507377,1471,7.6244
5544,30,10,3.467325,3.940032,1445,7.5837
5545,10,61,3.613646,3.870392,1426,7.5331
5546,61,33,3.792480,3.694065,1410,7.5147
5547,33,47,3.602917,3.688604,1334,7.1651
5548,47,37,2.421291,2.370088,1389,7.5394
5549,37,47,2.869451,3.013689,1419,7.7234
5550,47,35,3.010917,3.173282,1284,7.2377
5551,35,43,3.223125,3.342859,1314,7.1675
5552,43,23,3.234837,3.497135,1390,7.4502
5553,23,0,2.273648,2.367541,1469,7.7092
5554,0,62,4.528290,4.310702,1428,7.5488
5555,62,48,2.894111,3.342358,1435,7.6437
5556,48,13,4.974241,5.274637,1398,7.4875
5557,13,32,2.581625,2.432404,1375,7.4730
5558,32,5,4.010281,3.959119,1452,7.6560
5559,5,13,3.944949,3.450336,1437,7.5345
5560,13,32,2.574647,2.323742,1370,7.3986
5561,32,29,3.377864,3.523788,1362,7.3705
5562,29,23,4.734415,4.804833,1328,7.1184
5563,23,62,3.183792,3.620030,1360,7.4316
5564,62,21,1.786501,2.013270,1386,7.3935
5565,21,53,2.371606,2.237897,1407,7.5304
5566,53,37,2.690040,2.749435,1423,7.5074
5567,37,28,2.087324,2.231125,1384,7.5532
5568,28,53,3.359293,3.415340,1340,7.3340
5569,53,45,3.812179,3.606692,1451,7.6454
5570,45,21,4.092246,3.923141,1321,7.1391
5571,21,54,3.795633,3.795492,1446,7.6202
5572,54,59,4.592028,4.860715,1365,7.2312
5573,59,21,4.533779,4.312541,1450,7.6631
5574,21,53,1.986996,2.030031,1446,7.5987
5575,53,21,2.048837,1.850213,1380,7.4441
5576,21,53,1.932037,1.904641,1440,7.6042
5577,53,45,3.637443,3.694723,1466,7.5936
5578,45,54,2.232295,2.144708,1361,7.3395
5579,54,30,2.685156,2.807895,1449,7.5892
5580,30,40,4.311493,4.925647,1445,7.5729
5581,40,33,2.760877,3.074215,1303,7.1153
5582,33,62,3.089615,3.549197,1416,7.5755
5583,62,46,2.202239,2.303916,1356,7.3512
5584,46,63,2.077283,2.390362,1392,7.4628
5585,63,8,1.877811,2.786093,1448,7.6062
5586,8,2,4.633727,4.561562,1425,7.5871
5587,2,9,1.855195,2.152909,1453,7.6735
5588,9,13,3.211033,3.534468,1222,6.5839
5589,13,24,2.794298,2.895861,1441,7.6503
5590,24,62,4.647283,4.692083,1444,7.6117
5591,62,21,2.142775,2.133182,1425,7.5915
5592,21,53,1.775118,1.873527,1442,7.6069
5593,53,37,2.111497,2.817157,1445,7.6050
5594,37,28,2.060205,2.148517,1443,7.7479
5595,28,10,3.292337,3.280148,1454,7.6722
5596,10,61,3.511600,3.721311,1450,7.5845
5597,61,33,3.529426,3.614667,1342,7.2639
5598,33,47,3.583175,3.618439,1407,7.4612
5599,47,37,2.230131,2.372437,1327,7.3119
5600,37,62,3.746043,3.706038,1452,7.7708
5601,62,48,2.790881,3.338593,1397,7.4675
5602,48,20,3.697692,3.873639,1398,7.4210
5603,20,47,3.512285,3.753161,1398,7.4095
5604,47,35,3.167925,3.047898,1372,7.4306
5605,35,43,3.144714,3.277667,1459,7.6084
5606,43,23,2.866938,3.409671,1293,7.2062
5607,23,62,3.462212,3.669639,1429,7.6572
5608,62,48,2.739416,3.241258,1453,7.6408
5609,48,20,3.589829,3.838585,1458,7.6673
5610,20,19,3.389189,2.987657,1437,7.6053
5611,19,51,2.239657,2.130251,1310,7.0608
5612,51,54,5.768510,5.542753,1352,7.1078
5613,54,43,3.097045,2.952858,1398,7.4541
5614,43,23,2.646389,3.292960,1431,7.6307
5615,23,37,4.183173,4.302011,1440,7.6857
5616,37,28,1.866237,2.084583,1416,7.7037
5617,28,53,3.197710,3.299581,1398,7.5779
5618,53,45,3.775138,3.532322,1458,7.6154
5619,45,21,3.626813,3.625303,1353,7.3109
5620,21,53,1.801527,1.751385,1387,7.4982
5621,53,21,2.195467,1.851267,1446,7.5733
5622,21,53,1.636034,1.651899,1424,7.5809
5623,53,37,2.328817,2.883958,1412,7.5331
5624,37,62,3.589330,3.510580,1452,7.7759
5625,62,46,2.253937,2.374380,1415,7.5783
5626,46,63,2.105636,2.437613,1447,7.6342
5627,63,37,3.394404,3.451188,1416,7.5349
5628,37,62,3.118389,3.369500,1466,7.7809
5629,62,21,2.244669,2.259100,1405,7.5157
5630,21,55,3.194569,3.768204,1444,7.6143
5631,55,58,2.569389,2.563938,1437,7.6218
5632,58,4,4.234242,4.096647,1443,7.5596
5633,4,40,3.345824,2.948585,1422,7.5907
5634,40,24,3.600809,3.491355,1461,7.6851
5635,24,62,5.088296,4.841219,1401,7.5415
5636,62,21,2.027167,2.096332,1372,7.4465
5637,21,53,1.702971,1.776738,1436,7.6019
5638,53,21,1.916291,1.686369,1464,7.6226
5639,21,53,1.558151,1.684791,1448,7.5995
5640,53,37,2.287555,2.890909,1438,7.5849
5641,37,47,2.961678,3.209371,1409,7.6974
5642,47,63,2.771669,3.499645,1321,7.1835
5643,63,8,1.975516,2.778101,1446,7.5787
5644,8,2,4.416633,4.367863,1434,7.6102
5645,2,52,3.228952,3.595636,1312,7.1630
5646,52,8,4.728520,4.366341,1372,7.4215
5647,8,4,3.091125,3.252812,1423,7.5925
5648,4,40,3.240345,2.923964,1429,7.5890
5649,40,24,3.419248,3.356813,1431,7.6402
5650,24,62,4.784487,4.567463,1361,7.4327
5651,62,46,2.155162,2.373035,1410,7.5888
5652,46,62,2.337425,1.995325,1453,7.6030
5653,62,48,2.770054,3.268258,1393,7.4536
5654,48,41,3.035461,3.147816,1429,7.5696
5655,41,55,3.059574,3.363528,1462,7.6164
5656,55,58,2.394497,2.473383,1248,6.7932
5657,58,15,3.455209,3.195815,1450,7.5703
5658,15,1,4.202850,4.203238,1487,7.6541
5659,1,33,2.664873,2.869385,1394,7.4506
5660,33,47,3.329165,3.578073,1380,7.3713
5661,47,35,2.792010,2.980192,1433,7.6392
5662,35,48,3.908381,3.985432,1429,7.5816
5663,48,41,3.009708,3.052740,1424,7.5780
5664,41,22,3.948799,4.201701,1395,7.4223
5665,22,60,2.558494,2.761225,1350,7.4147
5666,60,7,3.252122,3.048224,1447,7.6311
5667,7,57,4.115435,4.371711,1439,7.5888
5668,57,35,4.635150,4.547242,1236,6.8827
5669,35,48,3.794717,3.852808,1444,7.5945
5670,48,20,3.484935,3.722969,1437,7.6123
5671,20,19,3.396175,2.951045,1423,7.5944
5672,19,51,2.097079,2.084230,1138,6.3885
5673,51,4,3.868098,3.924711,1458,7.6409
5674,4,23,6.290497,6.250211,1451,7.6849
5675,23,0,2.210850,2.359435,1443,7.6836
5676,0,57,1.744007,2.158124,1404,7.4256
5677,57,2,3.697760,3.808427,1462,7.6537
5678,2,9,1.949754,2.147001,1455,7.6727
5679,9,16,3.858097,3.878409,1367,7.3430
5680,16,4,3.800150,4.025756,1416,7.4582
5681,4,40,3.415709,2.806794,1466,7.6575
5682,40,33,2.721392,3.099008,1448,7.6623
5683,33,62,3.057810,3.606223,1335,7.3164
5684,62,21,2.012912,2.133260,1359,7.3801
5685,21,53,1.643747,1.651293,1440,7.6068
5686,53,21,1.744097,1.644545,1447,7.6290
5687,21,53,1.562061,1.565732,1452,7.6666
5688,53,37,2.451700,2.934258,1440,7.5679
5689,37,28,1.940852,2.303478,1273,7.1627
5690,28,10,3.053745,3.107561,1236,6.9143
5691,10,61,3.429096,3.565060,1313,7.1680
5692,61,33,3.447313,3.502249,1203,6.7347
5693,33,62,2.960141,3.489256,1376,7.4137
5694,62,21,1.855137,2.073637,1422,7.5415
5695,21,55,3.269558,3.973730,1436,7.5975
5696,55,26,4.110258,4.132384,1439,7.6166
5697,26,17,2.505899,2.916460,1441,7.6104
5698,17,23,4.321301,4.313449,1450,7.5546
5699,23,0,2.219449,2.222791,1368,7.4625
5700,0,62,4.266549,4.137229,1329,7.2322
5701,62,21,1.827200,1.990207,1445,7.6303
5702,21,53,1.562527,1.696004,1443,7.6302
5703,53,45,3.664203,3.973325,1422,7.5255
5704,45,54,2.304840,2.189113,1431,7.5980
5705,54,59,4.463742,4.628535,1389,7.3305
5706,59,43,2.906538,2.684351,1404,7.4954
5707,43,57,2.853950,2.914314,1439,7.6241
5708,57,2,3.674600,3.654880,1453,7.6644
5709,2,9,1.876462,2.091452,1247,6.9319
5710,9,13,3.151574,3.464561,1306,7.1476
5711,13,32,2.513600,2.299947,1351,7.2629
5712,32,29,3.208875,3.436987,1435,7.6436
5713,29,29,2.451947,1.780719,1407,7.4944
5714,29,4,3.946503,4.195075,1441,7.5402
5715,4,40,3.215432,2.695157,1417,7.5616
5716,40,24,3.273643,3.262896,1351,7.3372
5717,24,41,2.923480,2.806646,1456,7.6349
5718,41,24,2.814859,2.505936,1404,7.5198
5719,24,41,2.798694,2.572971,1396,7.4402
5720,41,24,2.528316,2.301181,1448,7.5592
5721,24,62,4.118498,4.341609,1417,7.5221
5722,62,46,2.355404,2.481291,1458,7.6211
5723,46,62,2.373546,1.977476,1433,7.5519
5724,62,21,1.948700,1.984128,1446,7.6101
5725,21,54,4.146407,4.407781,1360,7.2131
5726,54,30,2.709367,2.788112,1302,6.9791
5727,30,31,2.091381,2.236251,1337,7.0979
5728,31,30,1.984748,1.915261,1453,7.6195
5729,30,10,3.392462,3.912891,1427,7.5456
5730,10,1,4.300824,4.514499,1429,7.6266
5731,1,46,3.513595,3.655840,1300,7.2136
5732,46,63,2.334174,2.570117,1451,7.6326
5733,63,8,1.878439,2.787040,1439,7.6132
5734,8,2,4.301145,4.305764,1408,7.5687
5735,2,7,2.664669,2.732020,1435,7.6792
5736,7,45,4.032761,4.331341,1453,7.5933
5737,45,25,4.946202,5.223947,1417,7.5682
5738,25,44,3.744999,3.639485,1447,7.6127
5739,44,1,4.082424,4.079830,1424,7.5473
5740,1,59,3.765784,3.742556,1362,7.2658
5741,59,20,4.216699,4.247060,1365,7.2214
5742,20,47,3.423670,3.682291,1419,7.6022
5743,47,63,2.714483,3.405342,1433,7.6729
5744,63,8,1.915834,2.731368,1458,7.5841
5745,8,27,2.980423,3.314408,1464,7.6653
5746,27,16,2.263669,2.489679,1448,7.6383
5747,16,41,4.422949,4.488370,1380,7.4080
5748,41,55,2.831341,3.389807,1379,7.3973
5749,55,26,3.767434,3.971520,1314,7.3027
5750,26,17,2.430664,2.858956,1461,7.6832
5751,17,0,3.343327,3.118368,1437,7.5405
5752,0,57,1.621131,2.112539,1438,7.5856
5753,57,35,4.466571,4.467564,1400,7.4818
5754,35,48,3.663592,3.723871,1440,7.6360
5755,48,41,3.052882,3.185076,1453,7.6352
5756,41,22,3.550652,4.123426,1418,7.5505
5757,22,38,1.800951,1.909699,1419,7.7184
5758,38,0,3.609962,4.199960,1391,7.5347
5759,0,57,1.639580,2.019538,1416,7.5445
5760,57,2,4.008120,3.818598,1426,7.5905
5761,2,52,3.149506,3.591568,1392,7.5793
5762,52,58,5.370840,5.140869,1420,7.5023
5763,58,51,4.442452,5.064499,1460,7.6314
5764,51,56,3.573312,3.968212,1366,7.3894
5765,56,47,4.159427,4.373943,1315,7.1150
5766,47,63,2.552927,3.309378,1406,7.6192
5767,63,8,1.772839,2.667254,1424,7.4770
5768,8,2,4.476616,4.463347,1437,7.6246
5769,2,7,2.546595,2.642325,1461,7.6940
5770,7,57,4.232202,4.381007,1438,7.6119
5771,57,22,3.419241,3.659394,1301,7.1416
5772,22,38,1.726079,1.852488,1410,7.6377
5773,38,26,3.034323,3.267955,1442,7.6455
5774,26,13,4.283484,4.058516,1473,7.6345
5775,13,31,4.754641,5.091839,1297,7.1052
5776,31,42,2.078984,2.151444,1455,7.5818
5777,42,40,3.658591,3.276093,1403,7.5649
5778,40,23,4.323781,4.782632,1375,7.4488
5779,23,0,2.254572,2.293000,1408,7.6232
5780,0,57,1.595337,2.033627,1440,7.5862
5781,57,22,3.053186,3.550931,1439,7.6352
5782,22,38,1.683530,1.801370,1465,7.7301
5783,38,49,4.880334,5.175182,1382,7.4920
5784,49,17,3.753476,3.510152,1403,7.5411
5785,17,0,3.248144,3.046538,1298,6.9682
5786,0,57,1.521347,1.955820,1420,7.6005
5787,57,2,3.922715,3.820490,1439,7.6174
5788,2,9,1.973305,2.245762,1395,7.5732
5789,9,13,3.093160,3.314227,1430,7.5183
5790,13,31,4.426450,5.010507,1413,7.5567
5791,31,42,2.065730,2.070072,1393,7.4678
5792,42,22,4.034269,4.224608,1446,7.6153
5793,22,38,1.579244,1.735015,1454,7.7707
5794,38,26,2.996859,3.258234,1430,7.6621
5795,26,13,4.076270,3.938975,1447,7.6231
5796,13,24,3.068351,3.159421,1397,7.5663
5797,24,62,4.153927,4.213782,1425,7.6350
5798,62,46,2.189745,2.405778,1415,7.5445
5799,46,62,2.343125,1.948882,1442,7.6274
5800,62,21,1.869771,1.971491,1430,7.5552
5801,21,53,1.816328,1.808726,1391,7.3227
5802,53,21,1.854867,1.577421,1429,7.5963
5803,21,54,4.064976,4.302302,1375,7.4510
5804,54,30,2.624049,2.719520,1438,7.5971
5805,30,31,2.164017,2.295290,1442,7.6430
5806,31,42,2.076525,2.029229,1439,7.5881
5807,42,40,3.894369,3.238116,1386,7.5455
5808,40,33,2.979331,3.150202,1321,7.3915
5809,33,62,2.659635,3.319887,1248,6.7443
5810,62,48,3.212445,3.576168,1419,7.5692
5811,48,20,3.369001,3.645046,1374,7.4471
5812,20,19,3.253162,2.905926,1441,7.6248
5813,19,50,3.677794,3.597100,1389,7.4850
5814,50,34,2.943600,2.775782,1457,7.6487
5815,34,13,4.281506,4.343129,1334,7.1070
5816,13,32,2.467486,2.318250,1461,7.6732
5817,32,29,3.173301,3.290483,1422,7.5915
5818,29,29,2.185760,1.556139,1417,7.5469
5819,29,23,5.117775,5.070148,1445,7.5699
5820,23,62,3.426039,3.608489,1320,7.1676
5821,62,46,2.140017,2.377473,1458,7.6157
5822,46,63,2.334012,2.547637,1444,7.6450
5823,63,8,1.674696,2.637934,1328,7.1509
5824,8,27,2.984963,3.328668,1432,7.6247
5825,27,27,1.251225,0.883478,1413,7.5153
5826,27,27,1.069207,0.752042,1454,7.6844
5827,27,16,2.342703,2.558671,1451,7.6376
5828,16,4,3.855254,3.935199,1406,7.4436
5829,4,23,6.206105,5.842073,1437,7.6105
5830,23,62,3.030197,3.431044,1401,7.5753
5831,62,48,3.002489,3.505516,1265,6.8579
5832,48,20,3.261625,3.604528,1394,7.4438
5833,20,47,3.349177,3.615464,1449,7.6426
5834,47,35,2.914435,2.977296,1426,7.6224
5835,35,48,3.674823,3.610054,1344,7.2037
5836,48,20,3.120710,3.450964,1436,7.6086
5837,20,47,3.174655,3.518909,1447,7.6061
5838,47,35,2.810912,2.877398,1419,7.5375
5839,35,48,3.498592,3.467981,1360,7.3417
5840,48,41,3.238787,3.381111,1350,7.3199
5841,41,24,2.481525,2.315095,1372,7.4457
5842,24,62,4.387180,4.226049,1388,7.5348
5843,62,48,2.980437,3.432199,1375,7.3380
5844,48,41,3.097019,3.325872,1324,7.3654
5845,41,55,2.817114,3.351945,1425,7.5356
5846,55,58,2.645108,2.618794,1413,7.5593
5847,58,4,4.010401,4.166332,1322,7.0635
5848,4,40,3.332305,2.739397,1413,7.4819
5849,40,24,3.268192,3.359337,1334,7.2697
5850,24,62,4.207527,3.980934,1398,7.5517
5851,62,48,2.723545,3.265069,1422,7.6118
5852,48,41,2.902930,3.269486,1387,7.3969
5853,41,24,2.474721,2.453357,1458,7.6239
5854,24,62,3.996681,3.859895,1366,7.3465
5855,62,21,2.004704,2.204371,1419,7.5449
5856,21,53,1.893222,1.737617,1439,7.6535
5857,53,21,1.737112,1.547678,1350,7.2881
5858,21,53,1.592317,1.645392,1346,7.2120
5859,53,21,1.622632,1.462637,1384,7.3838
5860,21,53,1.505280,1.570445,1436,7.5981
5861,53,37,2.478776,3.200862,1463,7.6374
5862,37,62,4.527963,4.391216,1438,7.7124
5863,62,21,1.831241,2.030920,1368,7.3854
5864,21,53,1.323139,1.556232,1455,7.6148
5865,53,45,3.893072,4.236398,1412,7.5168
5866,45,21,3.746584,3.505423,1445,7.6638
5867,21,53,1.214234,1.423066,1407,7.5664
5868,53,45,3.540149,4.104073,1398,7.5073
5869,45,21,3.633515,3.290671,1419,7.6137
5870,21,53,1.162616,1.327766,1447,7.6362
5871,53,21,1.776928,1.483572,1417,7.4725
5872,21,53,1.160840,1.295409,1420,7.5788
5873,53,21,1.595189,1.395277,1445,7.5679
5874,21,54,3.888959,4.183486,1416,7.5938
5875,54,43,2.950621,3.124378,1314,6.9980
5876,43,23,3.205786,3.575485,1443,7.7027
5877,23,37,3.739777,4.099192,1423,7.6240
5878,37,62,4.148095,4.135476,1370,7.4791
5879,62,21,1.873015,2.046730,1366,7.2758
5880,21,53,1.184795,1.417883,1427,7.5737
5881,53,21,1.465657,1.269551,1343,7.2076
5882,21,53,1.167128,1.389846,1422,7.5739
5883,53,21,1.404864,1.217812,1373,7.2890
5884,21,53,1.117316,1.360632,1423,7.5590
5885,53,37,3.017121,3.648447,1408,7.4369
5886,37,62,4.251526,4.057064,1359,7.5804
5887,62,48,2.791235,3.238791,1315,7.2285
5888,48,41,2.991588,3.161136,1457,7.6720
5889,41,24,2.353846,2.423571,1427,7.4871
5890,24,62,3.954193,4.084608,1380,7.4683
5891,62,48,2.533584,3.099317,1364,7.2992
5892,48,41,2.681634,3.107716,1463,7.6745
5893,41,22,4.185693,4.591908,1455,7.5563
5894,22,2,3.467491,3.565288,1380,7.5886
5895,2,7,2.499013,2.588699,1427,7.6504
5896,7,1,4.521221,4.615269,1428,7.5750
5897,1,59,3.572716,3.673385,1458,7.6922
5898,59,20,4.374583,4.268911,1281,7.0103
5899,20,47,3.256749,3.423935,1447,7.5987
5900,47,35,2.761655,2.735785,1411,7.5076
5901,35,43,3.082825,3.392320,1359,7.3296
5902,43,23,3.542593,3.443111,1455,7.6418
5903,23,62,3.382439,3.812905,1391,7.5501
5904,62,46,2.590487,2.681737,1465,7.6609
5905,46,63,2.514277,2.583499,1427,7.5689
5906,63,8,1.721842,2.596279,1419,7.5580
5907,8,4,3.189117,3.478512,1414,7.5644
5908,4,40,3.198739,2.715823,1418,7.5374
5909,40,24,3.340266,3.315198,1438,7.6635
5910,24,62,4.170358,3.912769,1326,7.2275
5911,62,21,1.990754,2.097455,1396,7.4507
5912,21,54,3.646811,4.086505,1429,7.5914
5913,54,59,4.577068,4.831948,1367,7.2340
5914,59,21,4.074953,4.149359,1451,7.6428
5915,21,53,1.129984,1.365763,1414,7.5351
5916,53,21,1.546636,1.314620,1436,7.6015
5917,21,54,3.385209,3.862022,1429,7.5973
5918,54,59,4.529229,4.771800,1348,7.1072
5919,59,43,2.888851,2.620052,1415,7.5181
5920,43,23,3.267805,3.245194,1389,7.5011
5921,23,0,2.369507,2.412865,1413,7.6224
5922,0,57,1.616035,1.940295,1411,7.5499
5923,57,2,3.579355,3.507297,1426,7.6174
5924,2,7,2.449384,2.474007,1335,7.3651
5925,7,45,4.159680,4.502630,1413,7.4522
5926,45,21,3.279619,3.119269,1380,7.4437
5927,21,53,1.196795,1.390544,1440,7.6151
5928,53,37,2.815834,3.400432,1433,7.5864
5929,37,28,2.317873,2.441110,1414,7.6754
5930,28,10,3.084694,2.863646,1454,7.7164
5931,10,37,3.004017,2.822150,1339,7.1308
5932,37,28,2.189257,2.298060,1471,7.7807
5933,28,46,3.958167,4.126968,1317,7.0951
5934,46,5,4.643517,4.882541,1407,7.4733
5935,5,13,3.757254,3.563829,1454,7.6194
5936,13,32,2.398417,2.214928,1424,7.5895
5937,32,10,5.678367,5.555588,1436,7.6361
5938,10,61,3.358290,3.417157,1405,7.4655
5939,61,6,3.517091,3.415025,1407,7.4824
5940,6,12,3.601972,3.624024,1426,7.5789
5941,12,46,4.550216,4.438049,1340,7.2176
5942,46,5,4.490499,4.671796,1421,7.5810
5943,5,13,3.883830,3.587931,1444,7.5794
5944,13,24,3.029724,3.133666,1344,7.3299
5945,24,62,3.654627,3.771485,1334,7.2944
5946,62,48,2.611226,3.104795,1468,7.6635
5947,48,20,3.237213,3.824561,1397,7.5967
5948,20,19,3.326957,2.980615,1442,7.5952
5949,19,50,3.562414,3.497961,1294,6.8772
5950,50,34,2.879597,2.716933,1309,6.9293
5951,34,50,2.947361,2.600762,1440,7.5810
5952,50,34,2.761612,2.582440,1466,7.6328
5953,34,50,2.651275,2.465971,1443,7.5068
5954,50,34,2.714712,2.444296,1451,7.6430
5955,34,50,2.555679,2.326677,1451,7.6127
5956,50,9,4.310541,4.410327,1466,7.6262
5957,9,41,5.749138,6.142624,1275,6.9333
5958,41,22,4.447522,4.159837,1403,7.4889
5959,22,38,1.562396,1.785250,1289,7.1853
5960,38,0,3.781774,4.228039,1413,7.6183
5961,0,57,1.429850,1.862224,1457,7.6159
5962,57,22,3.394882,3.708839,1426,7.5820
5963,22,60,2.798969,3.013393,1436,7.7213
5964,60,7,3.048882,2.887438,1414,7.5566
5965,7,1,4.534099,4.546289,1356,7.3439
5966,1,46,3.402066,3.751763,1452,7.6315
5967,46,63,2.371673,2.429642,1196,6.8271
5968,63,37,3.431854,3.486299,1349,7.3271
5969,37,28,2.051886,2.183533,1444,7.7469
5970,28,46,3.749299,4.029215,1350,7.3233
5971,46,62,2.841437,2.388558,1318,7.1808
5972,62,21,2.065206,2.232341,1429,7.6044
5973,21,54,3.035359,3.510087,1437,7.6081
5974,54,30,2.655948,2.943364,1458,7.6410
5975,30,31,2.146115,2.223741,1445,7.5792
5976,31,42,1.915661,2.000401,1456,7.6063
5977,42,22,3.752342,4.284228,1406,7.5608
5978,22,38,1.608875,1.790101,1422,7.6789
5979,38,26,2.896642,3.168215,1398,7.4627
5980,26,17,2.605148,2.929140,1413,7.5712
5981,17,23,4.421035,4.383914,1458,7.5734
5982,23,62,3.749179,4.052236,1425,7.6432
5983,62,48,2.396476,2.991599,1391,7.4785
5984,48,20,3.101944,3.745665,1440,7.6078
5985,20,30,4.455756,4.511477,922,5.1092
5986,30,31,2.153949,2.175473,1454,7.5905
5987,31,42,1.867336,1.957898,1478,7.5998
5988,42,40,3.656927,3.360917,1462,7.6151
5989,40,33,3.074627,3.189578,1374,7.5165
5990,33,47,3.634265,3.747889,1253,6.8247
5991,47,63,2.670956,3.309084,1454,7.6714
5992,63,8,1.719667,2.652664,1436,7.5661
5993,8,2,4.800021,4.629873,1423,7.6401
5994,2,9,2.033429,2.389907,1382,7.5057
5995,9,13,2.887598,3.231544,1383,7.3017
5996,13,31,4.444479,5.062608,1439,7.6650
5997,31,30,2.223762,2.062642,1464,7.5707
5998,30,40,3.997175,4.881316,1452,7.5982
5999,40,23,4.688201,4.998993,1432,7.6352
6000,23,37,3.904847,4.071505,1423,7.6513
6001,37,62,4.206823,4.134328,1347,7.3983
6002,62,21,2.190136,2.084546,1357,7.2791
6003,21,53,1.347876,1.538096,1412,7.5781
6004,53,21,1.540732,1.289754,1386,7.2947
6005,21,53,1.260783,1.486097,1413,7.5275
6006,53,21,1.423851,1.238790,1396,7.4684
6007,21,53,1.176818,1.441523,1446,7.6226
6008,53,21,1.353966,1.201267,1395,7.4720
6009,21,53,1.221345,1.407102,1429,7.5935
6010,53,37,3.239291,3.496023,1453,7.6227
6011,37,28,2.057603,2.219528,1344,7.4165
6012,28,10,3.271584,3.021953,1404,7.5462
6013,10,37,2.892317,2.767676,1398,7.4978
6014,37,62,4.055944,4.051870,1429,7.7509
6015,62,46,2.670175,2.743432,1308,7.2433
6016,46,5,4.522152,4.607927,1392,7.5521
6017,5,13,3.846756,3.612922,1423,7.5347
6018,13,32,2.370269,2.177065,1394,7.5472
6019,32,29,3.142843,3.211524,1368,7.2448
6020,29,23,5.032863,5.141511,1394,7.4992
6021,23,0,2.424208,2.371356,1433,7.6900
6022,0,57,1.482949,1.850094,1403,7.4436
6023,57,22,3.107094,3.514807,1438,7.6158
6024,22,2,3.576552,3.612039,1421,7.6534
6025,2,52,3.294773,3.647735,1442,7.6979
6026,52,54,5.215036,5.123579,1400,7.4813
6027,54,43,3.367379,3.225020,1465,7.5944
6028,43,23,3.052952,3.328017,1430,7.5634
6029,23,37,3.761186,3.961270,1459,7.6898
6030,37,47,3.330995,3.627812,1436,7.7578
6031,47,63,2.611428,3.242005,1360,7.4765
6032,63,37,3.568605,3.608712,1394,7.4518
6033,37,28,1.910072,2.173511,1444,7.7740
6034,28,53,3.244773,3.451988,1383,7.4362
6035,53,21,1.423178,1.251485,1386,7.3874
6036,21,55,4.000811,4.561447,1419,7.5826
6037,55,30,2.553021,2.664613,1438,7.5870
6038,30,31,1.989005,2.124722,1453,7.6082
6039,31,42,1.923483,1.984613,1413,7.4055
6040,42,40,3.324080,3.153876,1438,7.6231
6041,40,24,3.280949,3.330691,1285,6.9685
6042,24,62,4.142363,3.919929,1238,6.8607
6043,62,46,2.519617,2.627369,1419,7.5663
6044,46,62,2.705220,2.198747,1387,7.4607
6045,62,46,2.399475,2.435261,1428,7.6038
6046,46,63,2.345836,2.543870,1440,7.6208
6047,63,63,1.155289,0.743194,1415,7.5220
6048,63,63,0.893901,0.623415,1473,7.5926
6049,63,8,2.061654,2.895025,1450,7.5580
6050,8,27,2.858036,3.188154,1409,7.5793
6051,27,27,1.056142,0.717022,1420,7.4926
6052,27,16,2.155582,2.515443,1431,7.5700
6053,16,40,4.676525,4.731507,1355,7.3018
6054,40,33,2.859151,3.127149,1347,7.3140
6055,33,47,3.615710,3.687383,1394,7.4255
6056,47,35,2.737419,2.779665,1395,7.5124
6057,35,49,4.256641,4.718089,1362,7.2404
6058,49,17,3.627359,3.456495,1331,7.3775
6059,17,23,4.247001,4.280578,1324,7.2330
6060,23,62,3.886908,4.048746,1408,7.5693
6061,62,48,2.550404,3.030679,1436,7.6047
6062,48,41,3.025493,3.162814,1411,7.6214
6063,41,55,2.839153,3.409398,1369,7.3213
6064,55,30,2.449880,2.615735,1452,7.6197
6065,30,31,2.025116,2.086963,1391,7.5086
6066,31,42,1.870397,1.973270,1391,7.4635
6067,42,22,4.188661,4.204211,1436,7.6022
6068,22,38,1.634434,1.811812,1450,7.6903
6069,38,0,3.463894,4.155264,1433,7.6464
6070,0,62,4.527556,4.398330,1422,7.5834
6071,62,21,1.882099,2.099462,1435,7.6252
6072,21,53,1.359119,1.482115,1437,7.5972
6073,53,45,3.977521,4.216201,1437,7.6255
6074,45,21,3.403631,3.087050,1390,7.4377
6075,21,54,3.259663,3.616741,1437,7.6003
6076,54,43,3.034381,3.167499,1437,7.5672
6077,43,23,3.083681,3.217613,1436,7.6235
6078,23,62,3.805785,3.934868,1468,7.7014
6079,62,21,2.092992,2.112386,1445,7.6878
6080,21,53,1.347157,1.484981,1462,7.6376
6081,53,21,1.410875,1.237264,1421,7.4977
6082,21,54,2.945400,3.608566,1420,7.5335
6083,54,59,4.189973,4.751566,1404,7.4031
6084,59,21,4.074847,3.989288,1213,6.5315
6085,21,55,3.569460,4.311972,1414,7.5146
6086,55,30,2.391549,2.593942,1476,7.6530
6087,30,40,4.431885,4.856410,1446,7.5808
6088,40,33,2.682699,3.041330,1317,7.4079
6089,33,47,3.399804,3.583438,1434,7.5780
6090,47,63,2.382044,3.060590,1441,7.6363
6091,63,63,0.924634,0.550372,1337,7.2362
6092,63,8,2.059204,2.858286,1422,7.5249
6093,8,2,4.727330,4.658790,1422,7.6008
6094,2,52,3.254540,3.458816,1454,7.6998
6095,52,58,5.262737,5.098572,1361,7.2719
6096,58,4,3.987960,3.863484,1417,7.5238
6097,4,40,3.448250,2.782602,1439,7.6145
6098,40,23,4.787538,5.045463,1441,7.6675
6099,23,37,3.798733,3.978413,1346,7.2375
6100,37,62,3.828154,3.855767,1455,7.7769
6101,62,21,2.115596,1.992260,1448,7.6222
6102,21,53,1.363882,1.609295,1363,7.4296
6103,53,37,2.732981,3.230067,1406,7.5191
6104,37,28,2.036431,2.185637,1424,7.7198
6105,28,53,3.250310,3.396559,1276,6.9491
6106,53,21,1.795272,1.299679,1397,7.4553
6107,21,53,1.362539,1.515813,1428,7.5735
6108,53,45,3.379046,4.104553,1461,7.5915
6109,45,21,3.234901,3.059865,1424,7.5521
6110,21,53,1.214134,1.392689,1464,7.6427
6111,53,37,2.623154,3.216315,1407,7.4154
6112,37,28,2.048996,2.174738,1425,7.6973
6113,28,53,3.064853,3.215622,1393,7.5201
6114,53,45,3.456078,3.974977,1394,7.3544
6115,45,54,2.275988,2.154884,1312,7.1472
6116,54,59,4.108612,4.541455,1442,7.5430
6117,59,20,4.196029,4.212161,1450,7.5987
6118,20,30,4.245297,4.263101,1442,7.6020
6119,30,10,4.074618,4.266616,1463,7.6301
6120,10,61,2.815743,3.336377,1355,7.3676
6121,61,33,3.525125,3.496791,1242,6.9087
6122,33,47,3.430507,3.423449,1249,6.9814
6123,47,35,2.915779,2.770111,1383,7.4370
6124,35,48,3.641182,3.550811,1451,7.6114
6125,48,41,2.844780,3.006127,1437,7.6217
6126,41,24,2.849862,2.614664,1398,7.4700
6127,24,62,4.338152,4.173259,1345,7.2878
6128,62,48,2.625398,3.029185,1328,7.2029
6129,48,41,2.775709,2.956081,1442,7.6396
6130,41,55,2.919442,3.332912,1435,7.4909
6131,55,58,2.873926,2.828808,1430,7.5954
6132,58,4,3.842533,3.771066,1449,7.5413
6133,4,40,2.927637,2.638092,1438,7.5777
6134,40,33,2.674936,3.016328,1307,6.9667
6135,33,47,3.229791,3.325561,1421,7.5415
6136,47,35,2.738506,2.690463,1433,7.5795
6137,35,43,3.490759,3.564433,1411,7.5146
6138,43,57,2.887329,3.160943,1384,7.4317
6139,57,2,3.686807,3.554340,1435,7.6062
6140,2,52,2.962336,3.335062,1396,7.5258
6141,52,58,5.445220,5.105441,1426,7.5586
6142,58,15,3.216712,3.145234,1335,7.1180
6143,15,1,4.132801,4.134127,1469,7.6700
6144,1,59,3.956929,3.782680,1378,7.3789
6145,59,43,2.613140,2.563962,1390,7.4671
6146,43,23,3.279076,3.187931,1428,7.5939
6147,23,62,3.464513,3.909925,1372,7.4415
6148,62,21,2.184356,2.101776,1358,7.2417
6149,21,53,1.284325,1.405626,1395,7.4253
6150,53,37,2.449382,3.009022,1413,7.5036
6151,37,47,3.701728,3.870015,1467,7.7650
6152,47,37,3.267210,2.957387,1410,7.5587
6153,37,62,3.991502,3.964461,1427,7.7098
6154,62,46,2.387027,2.582226,1334,7.3538
6155,46,63,2.250368,2.364279,1437,7.5816
6156,63,8,1.815066,2.744575,1434,7.5883
6157,8,4,3.398996,3.605982,1419,7.6321
6158,4,40,2.686108,2.630751,1460,7.6141
6159,40,23,4.729703,5.158657,1311,7.0431
6160,23,37,3.866267,3.878509,1381,7.4934
6161,37,28,1.957815,2.205853,1432,7.7475
6162,28,53,2.798709,3.129798,1453,7.7022
6163,53,21,1.874497,1.502824,1391,7.3329
6164,21,53,1.268374,1.383007,1440,7.6102
6165,53,37,2.276040,2.928917,1390,7.4956
6166,37,47,3.755514,3.711762,1433,7.7172
6167,47,37,3.059764,2.747242,1377,7.4691
6168,37,28,2.064651,2.201726,1435,7.7233
6169,28,10,3.176195,3.072654,1383,7.5242
6170,10,61,3.069640,3.259989,1177,6.3177
6171,61,53,5.002547,5.002429,1284,7.0221
6172,53,21,1.961521,1.398874,1438,7.5935
6173,21,53,1.313510,1.419558,1429,7.5589
6174,53,45,3.309261,3.826816,1424,7.5931
6175,45,21,2.983748,2.918901,1332,7.2159
6176,21,54,3.064215,3.519759,1465,7.6310
6177,54,30,2.624210,2.942054,1341,7.0986
6178,30,10,3.836920,4.122813,1448,7.5976
6179,10,1,4.481228,4.568531,1411,7.5293
6180,1,46,3.715196,3.708009,1216,6.8489
6181,46,63,2.097860,2.270198,1453,7.6690
6182,63,37,3.548997,3.744478,1461,7.5965
6183,37,62,3.795344,3.826009,1448,7.7441
6184,62,21,1.859957,2.019269,1411,7.4922
6185,21,54,2.824349,3.410102,1392,7.5270
6186,54,30,2.497131,2.873856,1340,7.1860
6187,30,40,4.526608,4.895576,1394,7.4844
6188,40,24,3.043010,3.237686,1462,7.7000
6189,24,41,2.920323,2.781766,1360,7.2970
6190,41,24,2.915955,2.522339,1457,7.5844
6191,24,62,4.946172,4.345317,1434,7.5653
6192,62,21,1.810329,1.929971,1387,7.3575
6193,21,53,1.508596,1.620063,1421,7.5627
6194,53,45,2.969525,3.620861,1446,7.5992
6195,45,21,3.202622,2.889679,1444,7.6112
6196,21,54,2.566378,3.312950,1449,7.6089
6197,54,30,2.590632,2.833925,1451,7.5601
6198,30,40,4.333871,4.837246,1427,7.5685
6199,40,33,2.725945,3.115934,1445,7.6529
6200,33,48,3.900429,4.475118,1356,7.2854
6201,48,20,3.264320,3.742266,1446,7.6691
6202,20,47,3.425943,3.623385,1420,7.6022
6203,47,35,2.609236,2.675389,1413,7.5183
6204,35,43,3.263280,3.489527,1398,7.4021
6205,43,57,2.908174,3.068099,1437,7.6243
6206,57,35,4.627531,4.679864,1364,7.4008
6207,35,48,3.480616,3.469761,1455,7.5933
6208,48,41,2.657175,2.939690,1383,7.4163
6209,41,22,4.485454,4.433456,1415,7.4378
6210,22,60,2.778815,2.967654,1396,7.5096
6211,60,7,3.058404,2.883597,1397,7.4829
6212,7,45,4.400230,4.646935,1418,7.5338
6213,45,21,2.835365,2.820473,1438,7.5731
6214,21,55,3.586068,4.340191,1438,7.6111
6215,55,58,2.899048,2.839969,1447,7.6112
6216,58,15,3.136373,3.072642,1409,7.4861
6217,15,1,4.028899,4.068123,1457,7.6308
6218,1,33,2.572281,2.885250,1414,7.5694
6219,33,62,3.259208,3.909598,1454,7.5883
6220,62,48,2.776756,3.059146,1323,7.2145
6221,48,41,2.850907,2.882047,1448,7.7184
6222,41,55,2.873713,3.279072,1318,7.1861
6223,55,58,2.744663,2.759509,1437,7.6104
6224,58,15,3.003559,3.004396,1412,7.4927
6225,15,1,3.898669,4.009911,1389,7.4436
6226,1,46,3.703908,3.594766,1459,7.6252
6227,46,63,2.220826,2.243288,1392,7.4687
6228,63,63,1.009567,0.555888,1426,7.5639
6229,63,37,3.541522,3.694336,1472,7.6014
6230,37,62,3.570119,3.836279,1420,7.7572
6231,62,46,2.429587,2.599564,1364,7.3535
6232,46,62,2.647113,2.156693,1403,7.5139
6233,62,46,2.433630,2.413366,1355,7.3515
6234,46,5,4.469833,4.725615,1442,7.5973
6235,5,25,4.522101,4.589474,1469,7.5737
6236,25,54,4.215529,4.154268,1438,7.5544
6237,54,43,3.375910,3.396870,1444,7.6146
6238,43,3,4.133956,4.563607,1395,7.4656
6239,3,25,3.725500,3.687381,1441,7.5559
6240,25,44,3.628453,3.561932,1467,7.6149
6241,44,1,4.183840,4.104760,1430,7.5698
6242,1,59,3.805088,3.669802,1281,7.0632
6243,59,43,2.725076,2.607606,1419,7.5072
6244,43,23,3.342973,3.196700,1454,7.6370
6245,23,37,3.775430,3.950951,1410,7.5838
6246,37,47,3.077251,3.238185,1426,7.6734
6247,47,63,2.292054,3.116408,1435,7.6710
6248,63,63,0.776579,0.497419,1335,7.2266
6249,63,8,2.308542,3.033397,1464,7.5782
6250,8,4,3.228225,3.408004,1437,7.6329
6251,4,15,3.579836,3.184926,1435,7.6366
6252,15,1,3.789728,3.951313,1443,7.5623
6253,1,46,3.530633,3.560730,1463,7.6128
6254,46,63,2.074594,2.262699,1345,7.2387
6255,63,8,1.963535,2.980936,1464,7.5896
6256,8,2,4.656325,4.692197,1435,7.6040
6257,2,9,2.244744,2.448927,1239,7.0643
6258,9,13,3.046376,3.115215,1319,7.1164
6259,13,32,2.221116,2.133639,1326,7.1980
6260,32,5,4.388241,4.323858,1295,7.0977
6261,5,13,3.954459,3.487358,1278,6.8557
6262,13,24,3.310561,3.272465,1477,7.6621
6263,24,41,2.827715,2.644895,1423,7.5361
6264,41,24,2.976427,2.482557,1428,7.5118
6265,24,62,4.593465,4.330911,1425,7.5413
6266,62,46,2.185617,2.298587,1423,7.6001
6267,46,63,1.900776,2.241509,1432,7.5723
6268,63,37,3.758263,3.674951,1465,7.5965
6269,37,62,3.575570,3.759115,1411,7.6519
6270,62,46,2.017978,2.192490,1380,7.4911
6271,46,63,2.087936,2.253243,1432,7.5989
6272,63,37,3.336841,3.481885,1456,7.5764
6273,37,62,3.535392,3.644577,1438,7.7191
6274,62,46,1.831418,2.099619,1377,7.4918
6275,46,63,2.168536,2.244197,1383,7.4494
6276,63,8,2.467971,3.257337,1510,7.6143
6277,8,4,3.127966,3.363802,1409,7.5735
6278,4,40,3.099647,2.840516,1451,7.6544
6279,40,23,4.707928,4.970425,1287,6.9997
6280,23,0,2.497573,2.588978,1206,7.1241
6281,0,57,1.567152,1.953776,1395,7.4792
6282,57,22,3.234523,3.429926,1349,7.4091
6283,22,38,1.718250,1.846907,1442,7.7278
6284,38,26,2.843849,3.093247,1422,7.6369
6285,26,42,3.098894,3.108383,1422,7.5816
6286,42,55,4.767735,4.845565,1349,7.2710
6287,55,30,2.554920,2.570694,1440,7.6058
6288,30,31,2.351147,2.418269,1448,7.5735
6289,31,30,2.238850,2.018297,1467,7.6114
6290,30,31,2.277726,2.246693,1432,7.5804
6291,31,30,2.103143,1.871954,1423,7.5027
6292,30,31,2.110855,2.082924,1451,7.5888
6293,31,30,1.957254,1.747166,1418,7.4689
6294,30,31,1.963217,1.932658,1452,7.5938
6295,31,30,1.686247,1.634781,1445,7.5864
6296,30,31,1.766088,1.803361,1437,7.5595
6297,31,42,2.330951,2.448371,1493,7.5985
6298,42,22,3.479405,3.968932,1417,7.5772
6299,22,38,1.729779,1.785174,1445,7.6649
6300,38,49,4.803232,5.080530,1448,7.6575
6301,49,17,3.621637,3.363122,1237,6.8262
6302,17,48,4.818830,4.958003,1296,7.0486
6303,48,41,2.697598,2.784075,1208,6.6505
6304,41,24,2.788306,2.415406,1273,7.0120
6305,24,62,4.212413,4.386930,1310,7.1055
6306,62,46,2.034637,2.000238,1347,7.3137
6307,46,63,1.995038,2.225740,1434,7.6053
6308,63,63,0.705124,0.449618,1461,7.5895
6309,63,8,2.576080,3.317873,1443,7.5737
6310,8,4,2.922130,3.290013,1391,7.5335
6311,4,40,3.062915,2.809839,1350,7.3500
6312,40,24,3.018953,3.402222,1371,7.3644
6313,24,62,4.443279,4.178572,1443,7.6625
6314,62,21,2.219843,2.276344,1310,7.2935
6315,21,54,2.645981,3.030215,1423,7.5948
6316,54,43,3.016090,3.316117,1423,7.5358
6317,43,3,3.926468,4.441813,1429,7.6277
6318,3,25,3.699849,3.636431,1359,7.1443
6319,25,44,3.535624,3.496215,1378,7.3812
6320,44,1,4.148407,4.074412,1451,7.5957
6321,1,46,3.496814,3.594094,1346,7.1925
6322,46,5,4.826503,4.977955,1437,7.5935
6323,5,13,3.763606,3.520732,1376,7.3946
6324,13,24,3.304642,3.175965,1440,7.6499
6325,24,62,4.227204,4.062232,1444,7.6225
6326,62,21,2.247931,2.176864,1332,7.2354
6327,21,53,1.770353,1.809642,1362,7.2764
6328,53,37,2.524522,2.810081,1428,7.5634
6329,37,62,3.669647,3.933842,1422,7.6517
6330,62,48,2.850097,3.337415,1275,6.9012
6331,48,20,3.292384,3.712979,1446,7.6551
6332,20,19,3.254698,2.996690,1438,7.6040
6333,19,50,3.368005,3.342902,1344,7.2345
6334,50,34,2.640425,2.324011,1383,7.4641
6335,34,50,2.535114,2.178522,1424,7.5726
6336,50,34,2.387875,2.190223,1448,7.6315
6337,34,50,2.264721,2.046861,1463,7.5865
6338,50,34,2.196538,2.057561,1423,7.5935
6339,34,5,4.263861,4.361797,1451,7.5947
6340,5,13,3.713785,3.430467,1461,7.5906
6341,13,32,2.167771,2.097508,1403,7.5859
6342,32,10,5.471947,5.553154,1410,7.5157
6343,10,61,2.985017,3.114138,1326,7.1495
6344,61,53,4.814820,4.833570,1380,7.3261
6345,53,21,1.734066,1.357010,1446,7.6134
6346,21,53,1.718673,1.737802,1442,7.6008
6347,53,45,3.138665,3.391768,1444,7.5703
6348,45,21,2.984171,2.773167,1366,7.2496
6349,21,53,1.559498,1.616016,1321,7.0771
6350,53,37,2.349404,2.835306,1431,7.5365
6351,37,47,2.905766,3.257145,1466,7.7499
6352,47,37,2.487875,2.387977,1389,7.4671
6353,37,62,3.904464,3.868526,1413,7.6813
6354,62,46,2.075969,2.144084,1440,7.6652
6355,46,63,2.194520,2.201624,1420,7.6038
6356,63,63,0.679715,0.456042,1433,7.5452
6357,63,63,0.555699,0.383042,1481,7.5967
6358,63,63,0.525464,0.324112,1438,7.5687
6359,63,8,2.519630,3.500083,1470,7.5813
6360,8,2,4.522030,4.657004,1434,7.5933
6361,2,7,2.605112,2.544528,1325,7.3400
6362,7,1,4.176691,4.429106,1280,6.9519
6363,1,59,3.624252,3.596352,1456,7.6353
6364,59,21,3.826415,4.005458,1348,7.2841
6365,21,53,1.458740,1.517413,1438,7.6077
6366,53,37,2.124303,2.746931,1390,7.4106
6367,37,28,2.288117,2.522837,1449,7.7366
6368,28,10,3.067146,2.941299,1327,7.2658
6369,10,37,3.222906,2.975372,1394,7.4549
6370,37,62,3.733829,3.723872,1412,7.6162
6371,62,46,1.817852,2.069244,1313,7.1687
6372,46,63,2.145648,2.056211,1415,7.5305
6373,63,8,2.437929,3.337434,1482,7.6052
6374,8,2,4.344613,4.573823,1435,7.6052
6375,2,52,2.889149,3.228390,1307,7.1501
6376,52,8,4.800913,4.508564,1442,7.5920
6377,8,2,4.053144,4.155990,1448,7.6027
6378,2,7,2.444942,2.510491,1385,7.4141
6379,7,45,4.169786,4.555578,1424,7.5668
6380,45,54,2.371074,2.187680,1430,7.5509
6381,54,43,3.006100,3.165628,1329,7.0732
6382,43,57,3.074466,3.194668,1303,6.9823
6383,57,22,2.973043,3.300455,1422,7.5975
6384,22,60,2.761850,2.974287,1451,7.7304
6385,60,22,2.571291,2.246582,1321,7.2233
6386,22,2,4.415854,4.183548,1432,7.6706
6387,2,52,3.000093,3.122581,1423,7.5966
6388,52,54,5.258686,5.386260,1387,7.4294
6389,54,43,3.091762,2.993072,1336,7.1417
6390,43,57,2.758430,3.122957,1385,7.4422
6391,57,2,3.907646,3.914872,1437,7.5972
6392,2,9,2.467208,2.564136,1322,7.2126
6393,9,13,3.001966,3.116980,1349,7.2571
6394,13,32,2.105947,2.035375,1447,7.6750
6395,32,10,5.350472,5.521029,1435,7.6525
6396,10,37,2.966286,2.939183,1416,7.5384
6397,37,28,2.230495,2.328490,1383,7.5732
6398,28,46,4.180778,4.295646,1445,7.6994
6399,46,63,1.922642,1.950508,1444,7.5890
6400,63,8,2.588973,3.348798,1425,7.5357
6401,8,4,2.745418,3.335687,1434,7.5949
6402,4,40,2.992609,2.749143,1407,7.4497
6403,40,24,3.204047,3.353124,1435,7.6196
6404,24,62,4.522243,4.108658,1368,7.3751
6405,62,46,1.749084,1.986152,1446,7.6374
6406,46,63,1.827785,1.939828,1448,7.6022
6407,63,8,2.206608,3.262793,1455,7.5651
6408,8,4,2.790854,3.289579,1448,7.5998
6409,4,40,2.828082,2.721178,1467,7.6594
6410,40,33,3.192991,3.240361,1421,7.5606
6411,33,62,3.382142,3.946805,1456,7.6007
6412,62,21,2.523270,2.382243,1278,6.9557
6413,21,53,1.538615,1.545856,1385,7.5193
6414,53,21,1.803917,1.457847,1423,7.5550
6415,21,54,2.835012,3.176808,1442,7.5987
6416,54,30,2.496650,2.850863,1440,7.5573
6417,30,10,4.133658,4.367389,1438,7.6288
6418,10,1,4.255854,4.427750,1416,7.5793
6419,1,46,3.534664,3.657423,1355,7.1976
6420,46,63,1.724099,1.852890,1431,7.6234
6421,63,8,2.373051,3.185691,1428,7.5549
6422,8,2,4.292003,4.623402,1434,7.5953
6423,2,7,2.364646,2.456890,1431,7.6639
6424,7,45,4.021135,4.414982,1439,7.6169
6425,45,54,2.100020,2.084519,1369,7.3173
6426,54,43,2.946070,3.013362,1401,7.3827
6427,43,3,3.969371,4.453876,1428,7.5964
6428,3,12,3.914337,4.039556,1362,7.1933
6429,12,40,4.574958,4.556346,1388,7.4459
6430,40,33,3.082474,3.037299,1341,7.3394
6431,33,47,3.494902,3.598395,1375,7.4213
6432,47,35,2.699657,2.792769,1354,7.3661
6433,35,48,3.497695,3.452271,1451,7.6448
6434,48,20,3.156569,3.506189,1428,7.6017
6435,20,19,3.157801,2.934649,1465,7.6349
6436,19,51,2.281709,2.267476,1467,7.5871
6437,51,4,3.879819,4.006889,1382,7.3492
6438,4,40,2.803101,2.550767,1420,7.5977
6439,40,23,5.089253,5.156070,1425,7.5753
6440,23,0,2.417919,2.560291,1355,7.4007
6441,0,57,1.607821,1.971471,1437,7.6075
6442,57,2,3.962595,3.906136,1442,7.6430
6443,2,7,2.327066,2.353928,1416,7.6023
6444,7,45,3.907154,4.309010,1425,7.5673
6445,45,21,3.060873,3.078534,1407,7.5242
6446,21,53,1.582018,1.540489,1424,7.5508
6447,53,37,2.332914,2.826842,1446,7.5779
6448,37,28,2.046014,2.244453,1421,7.6904
6449,28,53,3.213040,3.283449,1340,7.2840
6450,53,21,1.743611,1.442365,1382,7.3366
6451,21,53,1.401144,1.454431,1420,7.5699
6452,53,21,1.619351,1.366393,1451,7.6106
6453,21,53,1.375172,1.400885,1403,7.5386
6454,53,37,2.405599,2.902208,1435,7.5887
6455,37,47,3.193557,3.458735,1377,7.5414
6456,47,35,2.618021,2.736534,1415,7.5942
6457,35,48,3.313251,3.327082,1248,6.8277
6458,48,20,2.890362,3.367304,1444,7.6545
6459,20,19,3.042709,2.902518,1446,7.6217
6460,19,51,2.251666,2.224418,1369,7.3244
6461,51,54,5.891155,5.794263,1133,6.3605
6462,54,30,2.610197,2.692466,1280,7.0159
6463,30,31,1.688131,1.848942,1424,7.5584
6464,31,30,1.925508,1.636621,1440,7.5813
6465,30,40,4.970253,5.316473,1447,7.5923
6466,40,33,2.806453,3.018362,1187,6.4639
6467,33,62,3.278926,3.828919,1346,7.3313
6468,62,46,1.956301,1.973708,1398,7.5131
6469,46,62,2.410138,2.115822,1353,7.3415
6470,62,46,1.840711,1.837881,1482,7.6686
6471,46,63,1.771728,2.045825,1401,7.5020
6472,63,37,3.406135,3.700585,1448,7.5978
6473,37,62,3.679141,3.797870,1422,7.7051
6474,62,46,1.648775,1.762381,1452,7.6408
6475,46,63,1.946837,2.049863,1442,7.6159
6476,63,37,3.237791,3.537450,1477,7.6157
6477,37,47,2.962469,3.274332,1442,7.7390
6478,47,63,2.390151,3.139280,1390,7.4921
6479,63,37,2.928620,3.294781,1435,7.6017
6480,37,62,3.576995,3.684897,1452,7.7128
6481,62,21,2.397468,2.410012,1304,7.2037
6482,21,55,3.418094,4.240986,1375,7.4269
6483,55,58,2.576743,2.687971,1458,7.6317
6484,58,4,3.727924,3.890495,1385,7.3365
6485,4,40,2.863557,2.474394,1471,7.6514
6486,40,23,4.728797,4.985194,1437,7.6276
6487,23,62,3.610448,3.844273,1391,7.4976
6488,62,21,2.301502,2.272272,1313,7.2132
6489,21,55,3.076444,4.114945,1358,7.2600
6490,55,58,2.484737,2.638424,1441,7.5979
6491,58,4,3.634823,3.817003,1429,7.5386
6492,4,15,3.757122,3.317666,1393,7.4382
6493,15,1,3.934063,3.890391,1409,7.5162
6494,1,46,3.543976,3.619362,1393,7.5097
6495,46,5,4.786813,5.070280,1462,7.6355
6496,5,13,3.834115,3.449531,1366,7.3712
6497,13,24,3.107543,3.167401,1443,7.6540
6498,24,62,4.432083,4.250551,1437,7.6254
6499,62,21,2.006683,2.135984,1319,7.1390
6500,21,55,3.034968,3.970151,1452,7.5918
6501,55,58,2.541957,2.597121,1425,7.5876
6502,58,15,3.155344,3.060686,1447,7.5603
6503,15,1,3.812796,3.825056,1412,7.4959
6504,1,59,3.706668,3.516070,1451,7.6220
6505,59,43,2.609053,2.685569,1449,7.6112
6506,43,57,2.861938,3.052437,1375,7.3096
6507,57,22,2.836085,3.276673,1372,7.3713
6508,22,38,1.685781,1.890186,1434,7.6638
6509,38,26,2.843552,3.036818,1441,7.6550
6510,26,42,3.035446,3.071631,1407,7.5331
6511,42,40,4.543084,3.835995,1419,7.5893
6512,40,23,4.736029,4.687021,1368,7.2932
6513,23,0,2.644822,2.608935,1393,7.5538
6514,0,62,4.918685,4.560143,1421,7.5521
6515,62,46,1.837500,1.898268,1435,7.6359
6516,46,63,1.943480,2.051253,1452,7.6082
6517,63,37,2.782031,3.128155,1356,7.4026
6518,37,47,2.678445,3.098945,1473,7.7420
6519,47,37,2.431721,2.130238,1409,7.5827
6520,37,28,2.342666,2.511854,1443,7.7334
6521,28,10,3.154436,3.102713,1412,7.6175
6522,10,61,2.865239,3.105884,1362,7.2735
6523,61,33,3.550934,3.643151,1367,7.4102
6524,33,62,2.917415,3.778676,1348,7.3418
6525,62,48,3.296470,3.602937,1389,7.4976
6526,48,20,2.851327,3.294168,1463,7.7026
6527,20,19,2.986335,2.859744,1436,7.6265
6528,19,50,3.280755,3.384326,1394,7.3907
6529,50,9,4.205567,4.482617,1350,7.0919
6530,9,16,3.462080,3.518239,1443,7.6276
6531,16,4,3.888215,4.078347,1439,7.6143
6532,4,40,2.631883,2.491084,1428,7.5556
6533,40,24,3.427817,3.455760,1449,7.6223
6534,24,62,4.418908,4.026001,1388,7.3962
6535,62,21,2.128142,2.159452,1424,7.6293
6536,21,53,1.735600,1.739121,1448,7.5949
6537,53,37,2.407046,2.657787,1454,7.6140
6538,37,62,4.034595,3.989206,1414,7.6248
6539,62,21,2.053012,2.056607,1415,7.5734
6540,21,54,3.150790,3.614089,1353,7.3779
6541,54,30,2.369015,2.634968,1370,7.2631
6542,30,31,1.864465,1.851364,1349,7.1324
6543,31,19,4.916284,4.813088,1445,7.6059
6544,19,51,2.347485,2.199688,1431,7.5329
6545,51,54,5.765520,5.691752,1396,7.4614
6546,54,43,2.838630,2.822337,1438,7.5547
6547,43,23,3.556912,3.782693,1457,7.6138
6548,23,62,3.314473,3.807500,1440,7.6130
6549,62,21,1.812599,1.974522,1410,7.5309
6550,21,54,3.102523,3.606189,1418,7.5568
6551,54,30,2.052993,2.546778,1441,7.5510
6552,30,31,1.874572,1.814638,1445,7.6095
6553,31,42,2.303471,2.536582,1457,7.5843
6554,42,55,4.591513,4.719462,1452,7.6109
6555,55,58,2.419554,2.462701,1347,7.2728
6556,58,4,3.866481,3.873076,1386,7.3877
6557,4,23,6.115666,6.172715,1228,6.8533
6558,23,0,2.566137,2.614734,1453,7.6600
6559,0,57,1.625400,2.011532,1359,7.4228
6560,57,22,2.730652,3.148777,1407,7.5860
6561,22,38,1.673443,1.854817,1418,7.6133
6562,38,49,4.613305,4.859248,1396,7.5140
6563,49,17,3.517928,3.285456,1416,7.5441
6564,17,23,4.403507,4.401283,1355,7.2268
6565,23,62,3.263061,3.703159,1286,7.1409
6566,62,21,1.731578,1.900735,1346,7.3003
6567,21,53,1.778067,1.961299,1374,7.3490
6568,53,21,1.605451,1.274258,1460,7.6382
6569,21,53,1.718555,1.851391,1435,7.5930
6570,53,45,3.390691,3.969711,1429,7.5506
6571,45,54,2.433350,2.236055,1288,7.0266
6572,54,30,2.265936,2.533823,1428,7.5517
6573,30,31,1.822415,1.787312,1443,7.5940
6574,31,42,2.197954,2.482006,1451,7.6109
6575,42,40,4.462194,3.845313,1425,7.5967
6576,40,24,3.260372,3.305899,1439,7.6297
6577,24,41,2.851018,2.668129,1298,7.1085
6578,41,22,4.723431,4.386616,1312,7.2180
6579,22,60,2.749996,2.975063,1439,7.6539
6580,60,61,4.254906,4.549278,1377,7.4662
6581,61,33,3.356434,3.525885,1410,7.5229
6582,33,48,3.946705,4.676625,1439,7.6005
6583,48,20,2.752671,3.218716,1411,7.5641
6584,20,47,3.392901,3.630672,1389,7.4589
6585,47,63,2.504508,3.207127,1459,7.7055
6586,63,8,2.778096,3.130343,1460,7.6165
6587,8,4,2.925298,3.410488,1413,7.4730
6588,4,15,3.598032,3.186189,1345,7.3190
6589,15,1,3.698559,3.710213,1318,7.0793
6590,1,33,2.795107,2.840010,1351,7.2782
6591,33,62,3.045689,3.688482,1401,7.4037
6592,62,46,2.084063,2.096019,1342,7.2859
6593,46,63,1.894553,2.086424,1408,7.5087
6594,63,8,2.633075,3.072556,1467,7.6103
6595,8,2,4.159115,4.396235,1445,7.5915
6596,2,7,2.213679,2.284965,1404,7.5770
6597,7,45,3.808312,4.210245,1445,7.5872
6598,45,21,3.419770,3.416523,1439,7.5748
6599,21,54,3.262152,3.446914,1239,6.6680
6600,54,43,2.676029,2.973624,1358,7.0620
6601,43,23,3.401518,3.742275,1332,7.1089
6602,23,0,2.525733,2.526134,1452,7.6505
6603,0,43,4.168382,4.582932,1403,7.4690
6604,43,3,3.892731,4.291378,1468,7.6288
6605,3,1,4.346652,4.474226,1339,7.1054
6606,1,59,3.399781,3.390727,1383,7.3725
6607,59,43,2.777323,2.722630,1382,7.4729
6608,43,23,3.327266,3.487271,1451,7.5938
6609,23,0,2.351924,2.449322,1403,7.5440
6610,0,62,4.547637,4.247391,1430,7.5716
6611,62,21,1.915178,2.003918,1451,7.6613
6612,21,55,3.158302,4.160270,1418,7.5765
6613,55,30,2.518790,2.609204,1416,7.5385
6614,30,31,1.693293,1.714674,1443,7.5947
6615,31,19,4.754388,4.758160,1447,7.5815
6616,19,51,2.192116,2.129156,1433,7.5274
6617,51,56,3.539592,3.959886,1420,7.6128
6618,56,54,5.560126,5.303412,1433,7.5532
6619,54,30,2.130088,2.494569,1449,7.5653
6620,30,31,1.643339,1.698756,1470,7.6075
6621,31,42,2.212537,2.537508,1467,7.6077
6622,42,55,4.462253,4.619104,1416,7.5806
6623,55,58,2.417768,2.444038,1456,7.6515
6624,58,4,3.618991,3.784129,1403,7.4894
6625,4,40,2.713555,2.574111,1364,7.3585
6626,40,33,3.425985,3.152822,1433,7.5996
6627,33,47,3.129720,3.724590,1411,7.4429
6628,47,63,2.334951,3.095230,1408,7.5506
6629,63,37,2.752805,2.999532,1417,7.4636
6630,37,28,2.207323,2.421683,1381,7.6086
6631,28,10,3.046942,2.968786,1341,7.3716
6632,10,61,2.735753,3.036270,1403,7.4343
6633,61,6,3.500806,3.552176,1371,7.3395
6634,6,23,4.535637,4.440687,1439,7.5700
6635,23,62,3.406183,3.712838,1345,7.2856
6636,62,48,3.118520,3.506312,1447,7.6412
6637,48,41,3.035555,3.026598,1298,7.0844
6638,41,55,3.115908,3.403807,1456,7.5917
6639,55,58,2.326412,2.346739,1432,7.5904
6640,58,4,3.614484,3.735119,1422,7.5420
6641,4,15,3.244069,2.951179,1466,7.6900
6642,15,1,3.725823,3.679923,1444,7.5734
6643,1,59,3.291900,3.300876,1418,7.5192
6644,59,20,4.436319,4.564250,1426,7.5884
6645,20,30,4.477846,4.586566,1436,7.6147
6646,30,40,4.855173,5.110511,1286,6.9189
6647,40,33,3.008411,3.039471,1427,7.5791
6648,33,47,3.112290,3.620379,1453,7.6017
6649,47,35,2.619258,2.868387,1429,7.6498
6650,35,48,3.378132,3.295245,1419,7.5781
6651,48,20,2.994931,3.201910,1400,7.4919
6652,20,19,3.123121,3.020441,1437,7.5697
6653,19,51,2.106110,2.078604,1467,7.6001
6654,51,54,5.537450,5.659842,1350,7.2412
6655,54,30,1.927112,2.391228,1437,7.5611
6656,30,31,1.767556,1.771059,1455,7.5936
6657,31,42,2.009051,2.413080,1459,7.6072
6658,42,22,3.562465,4.080967,1428,7.5916
6659,22,60,2.629720,2.797689,1436,7.6591
6660,60,22,2.499528,2.128979,1391,7.5346
6661,22,38,1.737040,1.881074,1410,7.6265
6662,38,26,2.788616,3.029810,1445,7.6403
6663,26,17,2.858889,2.958627,1443,7.5833
6664,17,0,3.265360,3.204068,1264,6.9364
6665,0,57,1.790047,2.113510,1424,7.5612
6666,57,22,2.803466,3.094585,1463,7.6512
6667,22,60,2.568237,2.712974,1453,7.6754
6668,60,22,2.399647,2.020918,1427,7.6062
6669,22,2,4.317308,4.177737,1445,7.6413
6670,2,52,2.993894,3.176719,1408,7.6065
6671,52,8,4.239821,4.416549,1391,7.4657
6672,8,2,4.011751,4.085603,1335,7.1946
6673,2,7,2.224124,2.236670,1434,7.6964
6674,7,57,4.519326,4.651835,1424,7.6137
6675,57,22,2.400371,2.877720,1337,7.3120
6676,22,38,1.776700,1.988500,1446,7.6890
6677,38,26,2.679603,2.926757,1339,7.2501
6678,26,17,2.766153,2.890546,1438,7.6366
6679,17,23,4.309258,4.394619,1306,7.0452
6680,23,37,4.118862,4.191161,1292,7.1158
6681,37,28,2.175354,2.275501,1315,7.1225
6682,28,46,4.186005,4.375504,1430,7.6080
6683,46,63,1.890001,2.002459,1444,7.6308
6684,63,37,2.537158,2.955727,1442,7.5942
6685,37,47,2.657662,2.998627,1448,7.6889
6686,47,63,2.387703,3.103304,1268,7.0480
6687,63,8,2.381414,3.113928,1466,7.5893
6688,8,2,3.759248,3.985240,1415,7.5461
6689,2,52,2.860063,3.111099,1427,7.6457
6690,52,58,5.476709,5.371734,1416,7.4328
6691,58,15,3.121566,3.085697,1446,7.5404
6692,15,1,3.834076,3.624244,1427,7.5695
6693,1,46,3.533160,3.711033,1316,7.0554
6694,46,63,1.753712,1.924795,1443,7.6184
6695,63,37,2.656310,2.859288,1457,7.5737
6696,37,62,3.890977,3.851690,1436,7.6858
6697,62,21,1.878311,2.000817,1385,7.4961
6698,21,54,3.197214,3.541497,1447,7.6317
6699,54,30,1.899741,2.341816,1458,7.5923
6700,30,10,4.457824,4.520006,1452,7.6456
6701,10,1,4.035759,4.498763,1439,7.6012
6702,1,59,3.193387,3.234652,1407,7.5609
6703,59,20,4.420261,4.547138,1240,6.6579
6704,20,19,2.999007,2.883901,1399,7.4567
6705,19,50,3.382366,3.478829,1385,7.4143
6706,50,34,2.216480,2.042028,1426,7.6431
6707,34,13,4.043546,4.358605,1459,7.6423
6708,13,24,3.110508,3.093740,1400,7.5555
6709,24,62,4.361122,4.352075,1328,7.2217
6710,62,46,2.325044,2.155632,1442,7.6488
6711,46,62,2.420844,2.062539,1448,7.5919
6712,62,46,2.080799,2.013567,1449,7.6378
6713,46,5,4.747674,4.946768,1451,7.5844
6714,5,13,3.568938,3.400717,1480,7.5940
6715,13,24,2.987148,2.955611,1423,7.6074
6716,24,62,4.526564,4.275500,1440,7.5687
6717,62,21,1.867158,2.062150,1421,7.6444
6718,21,54,3.259169,3.348347,1396,7.5148
6719,54,30,1.773896,2.302709,1354,7.1499
6720,30,31,1.638797,1.873205,1452,7.6989
6721,31,42,1.965455,2.376418,1452,7.6029
6722,42,40,4.449150,3.751430,1431,7.5892
6723,40,23,5.002032,4.751914,1329,7.0609
6724,23,37,3.989732,4.142318,1431,7.6353
6725,37,62,3.763973,3.790526,1348,7.3784
6726,62,46,1.973355,1.958693,1360,7.2479
6727,46,63,1.880324,2.143630,1433,7.5954
6728,63,8,2.392232,3.066520,1443,7.6090
6729,8,27,3.320945,3.988494,1444,7.5683
6730,27,27,1.284852,0.914294,1418,7.5871
6731,27,27,1.107499,0.779799,1419,7.5663
6732,27,16,2.143152,2.375761,1454,7.6332
6733,16,40,4.717141,4.758347,1441,7.5981
6734,40,23,4.801501,4.547802,1337,7.1282
6735,23,37,3.684244,4.019879,1181,6.4894
6736,37,62,3.650268,3.564988,1373,7.5038
6737,62,46,1.883288,1.857690,1442,7.6523
6738,46,5,4.551792,4.914780,1369,7.4732
6739,5,30,5.145194,5.104515,1430,7.5395
6740,30,31,1.709639,1.794928,1442,7.6490
6741,31,42,2.109204,2.329677,1365,7.1882
6742,42,40,4.266721,3.734399,1376,7.4741
6743,40,23,4.373691,4.333754,1374,7.2893
6744,23,0,2.461600,2.564660,1408,7.5584
6745,0,62,4.462225,4.193747,1344,7.2524
6746,62,21,2.076022,2.082966,1416,7.6021
6747,21,55,3.099855,3.919400,1407,7.5343
6748,55,58,2.261782,2.421524,1400,7.4798
6749,58,51,5.123635,5.622047,1449,7.5929
6750,51,4,4.071361,4.078864,1354,7.3838
6751,4,15,2.922628,2.696662,1451,7.6715
6752,15,26,3.928003,4.010085,1339,7.2281
6753,26,13,4.756069,4.528660,1430,7.5872
6754,13,24,2.985354,2.825651,1271,6.9371
6755,24,62,4.484903,4.454130,1415,7.5300
6756,62,21,1.912074,1.964467,1448,7.7063
6757,21,54,3.137931,3.283560,1417,7.5866
6758,54,30,1.877430,2.344303,1457,7.5732
6759,30,31,1.737960,1.804612,1441,7.5937
6760,31,42,1.824224,2.288089,1456,7.5843
6761,42,22,3.216807,4.138348,1402,7.5239
6762,22,60,2.377489,2.669078,1460,7.6837
6763,60,7,3.067835,2.953078,1408,7.5694
6764,7,57,4.388719,4.408828,1315,7.2320
6765,57,22,2.389932,2.703434,1423,7.6705
6766,22,60,2.252607,2.567910,1442,7.6247
6767,60,7,2.956850,2.898702,1458,7.6902
6768,7,57,4.006171,4.234193,1320,7.2430
6769,57,22,2.134239,2.581484,1463,7.6515
6770,22,38,1.894102,2.171349,1411,7.5764
6771,38,26,2.738005,2.924864,1447,7.6836
6772,26,13,4.620200,4.420091,1403,7.4380
6773,13,32,2.115795,2.050210,1397,7.6101
6774,32,29,3.107301,3.259609,1369,7.4771
6775,29,29,1.933253,1.281069,1405,7.4798
6776,29,4,4.198387,4.399883,1347,7.1661
6777,4,23,5.633043,5.732106,1431,7.6557
6778,23,0,2.372927,2.571034,1412,7.5484
6779,0,62,3.998300,4.031430,1434,7.5890
6780,62,46,1.753212,1.865707,1348,7.3224
6781,46,5,4.211930,4.694392,1439,7.6093
6782,5,13,3.902165,3.660571,1407,7.5295
6783,13,32,2.187342,1.978187,1417,7.5539
6784,32,10,5.236215,5.418758,1441,7.6748
6785,10,37,3.276115,3.233465,1289,7.2176
6786,37,47,2.439425,2.901312,1419,7.6077
6787,47,63,2.484811,3.138856,1454,7.6718
6788,63,63,0.975779,0.721724,1414,7.5283
6789,63,8,2.431803,2.943031,1467,7.6096
6790,8,2,3.562503,3.935122,1422,7.5602
6791,2,9,2.799299,2.926285,1377,7.4467
6792,9,16,3.266094,3.324990,1418,7.5569
6793,16,40,4.584281,4.736239,1430,7.5996
6794,40,33,3.091524,2.875775,1437,7.5851
6795,33,47,3.029176,3.583594,1355,7.2461
6796,47,63,2.301532,2.969592,1439,7.6593
6797,63,63,0.867602,0.600894,1457,7.6154
6798,63,8,2.307644,2.915432,1448,7.6068
6799,8,27,3.019430,3.948806,1474,7.6051
6800,27,16,1.946413,2.259481,1410,7.5218
6801,16,41,4.800478,5.055691,1391,7.4891
6802,41,22,4.691642,4.466463,1397,7.3851
6803,22,60,2.102026,2.515752,1256,7.0979
6804,60,61,4.413269,4.888966,1367,7.5816
6805,61,53,4.991516,4.807503,1356,7.3855
6806,53,21,1.947821,1.446013,1364,7.3823
6807,21,55,3.192115,3.776183,1398,7.5217
6808,55,26,4.116977,4.321666,1412,7.4820
6809,26,17,2.597088,2.877766,1432,7.6246
6810,17,23,4.407332,4.484833,1388,7.3921
6811,23,62,3.081273,3.635161,1445,7.7010
6812,62,21,1.809410,1.978528,1430,7.6214
6813,21,55,2.842619,3.636014,1396,7.4548
6814,55,58,2.410957,2.515066,1457,7.6812
6815,58,15,2.966997,3.053806,1441,7.6290
6816,15,33,3.912188,3.724396,1399,7.4687
6817,33,48,4.015466,4.889814,1428,7.5742
6818,48,41,3.105647,3.052839,1407,7.5980
6819,41,22,4.285027,4.312219,1391,7.4555
6820,22,60,2.001076,2.386180,1425,7.6029
6821,60,7,3.001475,2.900139,1401,7.5822
6822,7,57,3.785624,4.019661,1466,7.6768
6823,57,2,3.844741,3.422451,1416,7.5172
6824,2,7,2.492986,2.315670,1464,7.7095
6825,7,57,3.571894,3.876802,1465,7.6788
6826,57,35,4.693491,4.390560,1457,7.6534
6827,35,43,3.587221,3.642183,1463,7.6205
6828,43,57,2.949100,3.257739,1322,7.0744
6829,57,22,2.274558,2.822859,1423,7.6405
6830,22,38,1.988280,2.196919,1434,7.6795
6831,38,26,2.712929,2.835870,1449,7.6783
6832,26,42,2.819578,3.114940,1374,7.3191
6833,42,40,4.162099,3.674455,1429,7.6237
6834,40,23,4.284603,4.061914,1442,7.5876
6835,23,62,3.059928,3.481391,1378,7.4961
6836,62,48,3.048771,3.592986,1395,7.4641
6837,48,20,2.780354,3.230110,1354,7.3735
6838,20,30,4.604056,4.492344,1168,6.5231
6839,30,10,4.166365,4.294232,1468,7.6219
6840,10,37,3.230914,3.125925,1368,7.3400
6841,37,28,2.109102,2.296881,1323,7.2185
6842,28,46,3.977649,4.239328,1404,7.5583
6843,46,5,4.148888,4.389430,1451,7.6710
6844,5,30,5.097968,5.072274,1449,7.5752
6845,30,31,1.839635,1.816072,1436,7.6050
6846,31,42,1.983500,2.250712,1448,7.6137
6847,42,22,3.470044,4.284004,1442,7.6043
6848,22,38,1.842603,2.088486,1451,7.6639
6849,38,0,3.699706,4.428995,1447,7.6755
6850,0,57,2.025563,2.435071,1449,7.6207
6851,57,22,2.263782,2.751625,1402,7.5786
6852,22,60,2.177499,2.491923,1436,7.6251
6853,60,22,2.102793,1.924300,1392,7.5896
6854,22,2,4.565800,4.462384,1368,7.3450
6855,2,52,3.091783,3.120056,1423,7.6595
6856,52,8,4.133811,4.316495,1361,7.1478
6857,8,4,3.075993,3.903680,1429,7.6105
6858,4,40,3.224242,2.892308,1353,7.5182
6859,40,33,2.768560,2.747838,1441,7.6218
6860,33,62,3.058767,3.828460,1448,7.5746
6861,62,48,2.863034,3.437834,1334,7.2516
6862,48,20,2.949756,3.175543,1386,7.5385
6863,20,47,3.095430,3.617052,1448,7.6145
6864,47,37,2.630665,2.450763,1404,7.6040
6865,37,62,3.421363,3.624441,1438,7.6848
6866,62,46,1.866559,1.984931,1373,7.3907
6867,46,63,1.896499,2.218572,1395,7.3688
6868,63,37,2.906856,3.041530,1439,7.5846
6869,37,62,3.253016,3.518845,1421,7.6519
6870,62,48,2.842028,3.397539,1447,7.6537
6871,48,20,2.752192,3.140397,1406,7.5960
6872,20,19,2.942612,2.974817,1439,7.6323
6873,19,51,2.108397,2.114984,1441,7.5142
6874,51,4,3.967342,4.036589,1385,7.4240
6875,4,40,3.060079,2.718881,1468,7.6914
6876,40,24,3.130821,3.454061,1352,7.2575
6877,24,62,4.935514,4.540113,1178,6.5758
6878,62,48,2.619466,3.201385,1456,7.6849
6879,48,20,2.723834,3.102481,1425,7.6464
6880,20,30,4.384930,4.597062,1441,7.5925
6881,30,31,1.815074,1.795741,1420,7.4901
6882,31,42,1.909680,2.228911,1454,7.6212
6883,42,22,3.108374,4.152168,1424,7.6028
6884,22,60,2.012868,2.382190,1391,7.5708
6885,60,61,4.490496,4.976562,1418,7.6480
6886,61,6,3.332920,3.367836,1326,7.3240
6887,6,23,4.526149,4.466639,1376,7.2687
6888,23,0,2.507689,2.566156,1420,7.5509
6889,0,62,4.346496,3.813180,1389,7.3346
6890,62,48,2.390336,2.994204,1464,7.6701
6891,48,13,6.297948,6.175653,1407,7.5320
6892,13,32,1.871833,1.928008,1416,7.6418
6893,32,10,5.026769,5.310439,1401,7.4425
6894,10,61,2.942561,3.150361,1410,7.4511
6895,61,6,3.271644,3.284592,1413,7.5109
6896,6,23,4.553376,4.402849,1386,7.4629
6897,23,0,2.252097,2.466187,1429,7.5951
6898,0,57,2.101112,2.501625,1391,7.4736
6899,57,2,3.594500,3.343104,1445,7.6497
6900,2,7,2.299465,2.216952,1296,7.2503
6901,7,1,4.819011,5.044711,1448,7.6240
6902,1,59,3.061313,3.148422,1418,7.5324
6903,59,43,2.948117,2.898157,1335,7.3424
6904,43,23,3.414070,3.783272,1383,7.3026
6905,23,0,2.268259,2.395068,1443,7.6066
6906,0,62,4.028884,3.667871,1431,7.5688
6907,62,48,2.177356,2.838122,1368,7.4173
6908,48,41,3.274040,3.450596,1369,7.4273
6909,41,24,2.653814,2.564684,1307,7.0955
6910,24,62,4.682958,4.502071,1446,7.6377
6911,62,46,1.985800,2.075919,1376,7.4504
6912,46,63,2.120513,2.205327,1268,6.9009
6913,63,8,2.342008,2.850252,1381,7.4586
6914,8,4,3.229365,3.846618,1456,7.5866
6915,4,40,2.946091,2.674290,1445,7.7013
6916,40,33,2.625323,2.727294,1341,7.3064
6917,33,62,3.002233,3.847592,1442,7.5929
6918,62,48,2.090357,2.786176,1421,7.6143
6919,48,20,2.901290,3.276267,1427,7.5389
6920,20,30,4.496678,4.504534,1463,7.6325
6921,30,10,3.912629,4.110757,1418,7.5442
6922,10,37,3.271495,3.176014,1344,7.1825
6923,37,28,2.347226,2.223735,1272,6.9800
6924,28,53,3.455155,3.444279,1388,7.4672
6925,53,21,1.912512,1.591227,1426,7.5772
6926,21,53,2.520480,2.090461,1433,7.6227
6927,53,45,3.485665,3.426378,1428,7.5543
6928,45,54,2.769070,2.301534,1468,7.6231
6929,54,30,2.057929,2.456044,1377,7.2825
6930,30,31,2.011757,1.867859,1409,7.4119
6931,31,30,2.425202,2.114540,1464,7.6000
6932,30,10,4.021815,4.066459,1418,7.4793
6933,10,61,2.928444,3.252648,1432,7.5839
6934,61,53,4.766795,4.630183,1322,7.2964
6935,53,37,2.336526,2.686703,1427,7.5740
6936,37,62,4.012308,3.803024,1369,7.5253
6937,62,21,2.272365,2.364927,1310,7.1364
6938,21,54,2.746571,3.072694,1445,7.6212
6939,54,43,3.059428,3.333096,1442,7.5217
6940,43,23,3.457525,3.686570,1394,7.4467
6941,23,0,2.258283,2.346040,1413,7.5718
6942,0,43,3.884013,4.560039,1445,7.5856
6943,43,23,3.310271,3.452613,1377,7.4085
6944,23,0,2.099092,2.304979,1444,7.6100
6945,0,57,2.292797,2.619374,1458,7.6286
6946,57,2,3.455684,3.218130,1442,7.6495
6947,2,52,2.694218,3.049461,1400,7.6158
6948,52,8,3.908345,4.227091,1396,7.4657
6949,8,2,3.849950,4.063356,1362,7.3440
6950,2,9,2.949873,3.028896,1407,7.5636
6951,9,13,3.404002,3.259588,1447,7.6036
6952,13,24,2.737521,2.771075,1435,7.6486
6953,24,62,4.586761,4.500707,1452,7.6437
6954,62,46,2.007383,2.060305,1446,7.6395
6955,46,63,1.993302,2.195420,1406,7.5565
6956,63,63,0.964179,0.676175,1385,7.4097
6957,63,37,3.081328,3.084151,1455,7.6174
6958,37,28,1.940969,2.228625,1450,7.7121
6959,28,10,3.265719,3.224647,1400,7.5928
6960,10,37,3.326486,3.051267,1433,7.5753
6961,37,28,1.884439,2.101834,1425,7.6688
6962,28,53,3.176695,3.388864,1392,7.5342
6963,53,37,2.256634,2.517996,1464,7.6291
6964,37,47,2.851027,3.198937,1450,7.7082
6965,47,37,2.374465,2.304418,1393,7.5674
6966,37,28,1.831687,2.104219,1389,7.4840
6967,28,46,4.231505,4.319793,1449,7.7366
6968,46,62,2.471984,2.071009,1321,7.1590
6969,62,48,2.381313,2.805742,1274,7.1290
6970,48,41,3.364145,3.350805,1347,7.3151
6971,41,55,3.119837,3.342569,1434,7.5649
6972,55,26,4.171177,4.191054,1448,7.6267
6973,26,17,2.654106,2.865060,1451,7.6077
6974,17,48,5.008551,5.089948,1430,7.5427
6975,48,41,3.231302,3.173705,1424,7.6262
6976,41,55,3.144490,3.208987,1450,7.5654
6977,55,30,2.681810,2.827930,1440,7.6413
6978,30,40,4.653418,5.167720,1446,7.5869
6979,40,33,2.433283,2.655876,1353,7.3415
6980,33,62,3.080759,3.745154,1222,6.6997
6981,62,21,2.276765,2.409876,1419,7.5464
6982,21,54,2.716363,2.968899,1443,7.6256
6983,54,43,3.209511,3.335395,1416,7.4356
6984,43,23,3.178589,3.343315,1414,7.5557
6985,23,37,3.768951,4.007458,1434,7.5758
6986,37,28,1.769892,1.982291,1390,7.5253
6987,28,53,3.047374,3.340210,1412,7.5681
6988,53,21,2.146340,1.696489,1430,7.5906
6989,21,55,2.725248,3.494220,1430,7.6102
6990,55,26,3.978592,4.167870,1359,7.3918
6991,26,13,4.585053,4.404037,1455,7.6407
6992,13,24,2.926276,2.667398,1409,7.5098
6993,24,62,4.877268,4.349496,1446,7.6468
6994,62,46,1.983133,2.065644,1319,7.2742
6995,46,63,2.025702,2.171531,1444,7.6395
6996,63,63,0.993732,0.646450,1450,7.5730
6997,63,37,3.016687,3.140083,1458,7.5943
6998,37,47,2.931639,2.998770,1348,7.4069
6999,47,63,2.385440,3.029339,1427,7.6180
7000,63,37,2.694561,2.926604,1417,7.5393
7001,37,62,3.833342,3.986505,1414,7.5931
7002,62,21,2.215358,2.303131,1331,7.2908
7003,21,53,2.293814,2.198552,1384,7.3443
7004,53,37,2.246798,2.504172,1445,7.6156
7005,37,62,3.767188,3.870598,1356,7.4243
7006,62,21,2.181155,2.166386,1419,7.5511
7007,21,53,2.134856,2.169096,1412,7.5814
7008,53,21,2.138138,1.588859,1457,7.6068
7009,21,53,2.109726,2.020921,1408,7.5284
7010,53,45,3.155950,3.654864,1458,7.6224
7011,45,54,2.578448,2.215495,1302,7.0234
7012,54,30,2.139527,2.505251,1427,7.5632
7013,30,31,2.000803,1.849614,1371,7.3351
7014,31,42,2.045650,2.277302,1402,7.5078
7015,42,40,4.088614,3.723625,1433,7.5788
7016,40,24,3.387389,3.538824,1354,7.1736
7017,24,62,4.531073,4.337668,1416,7.5560
7018,62,46,2.019314,2.078459,1457,7.6650
7019,46,63,1.873119,2.134005,1434,7.5940
7020,63,8,2.422012,3.185993,1450,7.6001
7021,8,4,3.243926,3.632181,1463,7.6074
7022,4,23,5.708543,5.876043,1442,7.6687
7023,23,0,2.083132,2.386967,1256,6.8194
7024,0,57,2.138543,2.489736,1433,7.6028
7025,57,35,4.051670,4.362049,1447,7.6810
7026,35,43,3.549661,3.571563,1350,7.1364
7027,43,23,3.146580,3.244401,1442,7.5634
7028,23,62,3.531070,4.148419,1428,7.6091
7029,62,46,1.871801,1.978771,1361,7.3602
7030,46,63,1.897629,2.097367,1434,7.5906
7031,63,8,2.465615,3.155365,1379,7.4032
7032,8,27,3.057466,3.802026,1448,7.5807
7033,27,27,1.139915,0.779514,1444,7.6136
7034,27,16,1.966411,2.238982,1446,7.6118
7035,16,4,4.054411,4.250647,1396,7.4658
7036,4,23,5.745869,5.774688,1444,7.6429
7037,23,0,2.147816,2.445954,1404,7.5775
7038,0,57,2.015852,2.402151,1459,7.6416
7039,57,2,3.462609,3.347674,1460,7.6820
7040,2,52,2.697493,2.961837,1394,7.5703
7041,52,54,5.546276,5.689241,1421,7.4923
7042,54,30,2.026935,2.412359,1456,7.5928
7043,30,31,1.735247,1.814849,1452,7.5959
7044,31,30,2.080493,1.894073,1359,7.2145
7045,30,40,4.729584,5.095289,1442,7.5496
7046,40,24,3.084457,3.435932,1460,7.6179
7047,24,41,3.078148,2.994792,1416,7.5330
7048,41,24,2.937061,2.588528,1404,7.3632
7049,24,62,4.307832,4.223244,1445,7.5932
7050,62,46,1.763237,1.882846,1430,7.6205
7051,46,63,1.830096,2.060886,1448,7.6103
7052,63,8,2.064424,3.094015,1442,7.5871
7053,8,2,3.986815,4.237271,1448,7.5701
7054,2,52,2.774433,2.817157,1429,7.6304
7055,52,8,4.018112,4.233574,1131,6.0484
7056,8,27,2.830136,3.680335,1429,7.5741
7057,27,27,1.003003,0.683953,1440,7.6285
7058,27,27,0.860937,0.574710,1464,7.6533
7059,27,16,2.284852,2.360684,1451,7.6326
7060,16,4,3.794979,4.127729,1418,7.5578
7061,4,40,3.189664,2.843988,1430,7.6247
7062,40,33,2.865996,2.699317,1319,7.2179
7063,33,47,3.400869,3.893890,1281,6.8927
7064,47,35,2.924631,3.186036,1405,7.5385
7065,35,48,3.800379,3.478048,1327,7.1532
7066,48,13,5.779788,5.766743,1373,7.4489
7067,13,24,2.679333,2.602456,1441,7.6382
7068,24,62,4.300263,4.122282,1435,7.6146
7069,62,21,2.125387,2.272346,1434,7.6550
7070,21,53,2.017390,1.909493,1352,7.2416
7071,53,21,1.962013,1.566672,1394,7.3851
7072,21,54,3.197168,3.329080,1438,7.5823
7073,54,43,3.317044,3.372345,1431,7.5203
7074,43,23,2.815884,3.233613,1430,7.6019
7075,23,0,2.140811,2.390211,1448,7.6862
7076,0,62,4.165832,4.174613,1445,7.5991
7077,62,21,2.147997,2.149079,1385,7.4756
7078,21,54,3.020420,3.211398,1407,7.5374
7079,54,30,2.038540,2.460240,1403,7.4067
7080,30,31,1.830165,1.811527,1432,7.4747
7081,31,42,2.005286,2.381866,1456,7.5986
7082,42,22,3.359347,4.054819,1447,7.6002
7083,22,38,1.944332,2.197584,1404,7.5800
7084,38,0,3.947867,4.621171,1465,7.6511
7085,0,57,1.994693,2.327859,1456,7.6031
7086,57,22,2.413261,2.870020,1446,7.6471
7087,22,38,1.878282,2.132253,1466,7.6696
7088,38,26,2.795808,2.951403,1449,7.6616
7089,26,13,4.410432,4.286881,1428,7.5824
7090,13,31,5.770475,5.507087,1273,6.9857
7091,31,30,2.090359,1.742586,1392,7.3618
7092,30,31,1.888113,1.805017,1451,7.6333
7093,31,42,1.976034,2.376306,1446,7.6035
7094,42,22,3.210767,3.970200,1415,7.5812
7095,22,2,4.354879,4.303615,1417,7.6145
7096,2,9,3.252139,2.998748,1242,6.9097
7097,9,16,3.224939,3.240777,1160,6.4838
7098,16,40,4.607356,4.913199,1365,7.4000
7099,40,33,2.674551,2.535648,1414,7.4996
7100,33,47,3.394386,3.771139,1410,7.4904
7101,47,35,2.841183,3.109669,1417,7.6112
7102,35,43,3.386498,3.620186,1349,7.2684
7103,43,57,2.755486,3.194750,1401,7.3896
7104,57,2,3.464834,3.312176,1443,7.6513
7105,2,52,2.762595,2.759438,1437,7.6897
7106,52,54,5.746626,5.823828,1359,7.2491
7107,54,43,3.410288,3.372119,1458,7.5885
7108,43,23,2.954288,3.162623,1432,7.5842
7109,23,62,3.614387,4.301934,1447,7.6433
7110,62,48,2.891769,3.182602,1405,7.6241
7111,48,41,3.184099,3.013955,1403,7.5415
7112,41,55,3.048040,3.095913,1440,7.5107
7113,55,58,2.541093,2.645631,1454,7.6573
7114,58,4,3.609147,3.853930,1436,7.5705
7115,4,40,2.944414,2.648307,1442,7.6528
7116,40,24,3.200128,3.419278,1304,7.1024
7117,24,41,2.976998,2.907432,1295,7.0324
7118,41,22,5.041889,4.640790,1443,7.5716
7119,22,38,1.802338,2.053298,1415,7.5752
7120,38,26,2.579280,2.838458,1401,7.5746
7121,26,17,2.722498,2.925312,1407,7.5768
7122,17,0,3.520552,3.429581,1429,7.5147
7123,0,62,3.989237,3.906601,1459,7.6150
7124,62,46,1.899221,1.999833,1393,7.4768
7125,46,63,1.740638,2.035649,1448,7.6083
7126,63,8,2.147044,3.064984,1398,7.4806
7127,8,4,3.283590,3.917672,1434,7.5847
7128,4,15,3.305611,2.926417,1439,7.6465
7129,15,26,3.724850,3.877837,1324,7.1901
7130,26,13,4.349812,4.192901,1400,7.5926
7131,13,32,2.152917,2.008303,1280,7.0855
7132,32,5,4.628265,4.484393,1433,7.6409
7133,5,13,4.170740,3.598405,1426,7.5516
7134,13,31,5.103679,5.373714,1405,7.5322
7135,31,19,4.281097,4.445129,1367,7.3696
7136,19,51,1.951278,2.057880,1401,7.3906
7137,51,54,5.871396,5.929973,1392,7.5086
7138,54,30,1.913241,2.364314,1407,7.4863
7139,30,10,3.917764,4.151834,1448,7.6212
7140,10,61,2.888720,3.212462,1402,7.4120
7141,61,6,3.228135,3.246347,1343,7.2030
7142,6,12,3.577606,3.606632,1396,7.5131
7143,12,62,5.116109,4.974685,1460,7.6326
7144,62,21,2.032615,2.189576,1459,7.6643
7145,21,53,1.961257,1.973514,1371,7.3718
7146,53,45,3.024035,3.580643,1463,7.6540
7147,45,54,2.414320,2.154446,1353,7.1948
7148,54,30,1.844626,2.313964,1391,7.3637
7149,30,31,1.901346,1.950823,1456,7.6172
7150,31,30,1.728800,1.654756,1449,7.5953
7151,30,31,1.741200,1.839191,1425,7.4947
7152,31,30,1.664867,1.569011,1443,7.5744
7153,30,31,1.519973,1.728228,1460,7.5799
7154,31,30,1.628825,1.494037,1451,7.5953
7155,30,31,1.549042,1.642113,1443,7.5773
7156,31,42,2.653477,2.714778,1449,7.5872
7157,42,22,3.342993,3.894067,1426,7.5752
7158,22,60,2.242873,2.509153,1446,7.6361
7159,60,7,3.115000,3.000443,1378,7.3877
7160,7,57,3.870887,3.974039,1193,6.8433
7161,57,22,2.354676,2.952512,1392,7.4919
7162,22,38,1.909158,2.106609,1437,7.6339
7163,38,0,3.841416,4.542012,1471,7.6849
7164,0,57,2.013994,2.296180,1444,7.5964
7165,57,22,2.309494,2.876932,1457,7.6689
7166,22,2,4.001318,4.005002,1420,7.5909
7167,2,9,2.812194,2.958466,1182,6.7692
7168,9,13,3.186844,3.343141,1355,7.3246
7169,13,24,2.665223,2.615689,1312,7.1383
7170,24,41,2.825629,2.788206,1234,6.8183
7171,41,24,2.817251,2.452216,1322,7.2654
7172,24,41,2.673195,2.559622,1444,7.5878
7173,41,24,2.514792,2.243638,1374,7.3712
7174,24,62,4.504943,4.383844,1438,7.5914
7175,62,46,1.861813,1.946020,1436,7.6732
7176,46,63,1.719983,2.002714,1429,7.6233
7177,63,8,2.277965,3.018558,1453,7.5897
7178,8,2,4.252919,4.531089,1449,7.5719
7179,2,9,2.764210,2.796538,1207,6.6272
7180,9,13,3.210543,3.254097,1423,7.5869
7181,13,31,4.821113,5.501968,1447,7.6235
7182,31,42,2.080719,2.482956,1413,7.4137
7183,42,40,4.263507,3.771738,1463,7.6324
7184,40,23,4.678471,4.606827,1366,7.3914
7185,23,0,2.227903,2.551310,1404,7.5452
7186,0,62,4.259126,3.930133,1450,7.6160
7187,62,48,2.724287,3.044571,1405,7.5356
7188,48,41,3.238930,3.005141,1463,7.6996
7189,41,22,4.949645,4.790095,1435,7.5819
7190,22,60,2.257122,2.516320,1438,7.6272
7191,60,22,2.105956,1.937176,1441,7.6964
7192,22,38,1.915041,2.113333,1417,7.5950
7193,38,49,4.695754,4.792843,1453,7.7001
7194,49,17,3.554010,3.201231,1370,7.3235
7195,17,0,3.445923,3.277387,1417,7.5176
7196,0,62,3.803400,3.789981,1452,7.6276
7197,62,21,2.197748,2.245584,1438,7.6233
7198,21,54,3.119288,3.318585,1315,7.0286
7199,54,59,4.646387,5.169109,1385,7.4462
7200,59,20,4.380710,4.562482,1411,7.5643
7201,20,47,3.384999,3.671213,1447,7.6101
7202,47,63,2.244817,2.976249,1411,7.5820
7203,63,8,2.068012,2.836190,1438,7.5975
7204,8,2,4.206101,4.486186,1396,7.4595
7205,2,9,2.731342,2.631384,1404,7.5780
7206,9,13,3.045324,3.156195,1382,7.4389
7207,13,24,2.574098,2.663885,1439,7.6550
7208,24,62,4.247396,4.384714,1443,7.6256
7209,62,46,1.993921,2.000536,1367,7.2763
7210,46,5,4.420973,4.714389,1289,6.8458
7211,5,13,4.003586,3.681506,1417,7.5110
7212,13,32,2.257046,2.087910,1456,7.6828
7213,32,10,4.866503,5.153749,1374,7.3911
7214,10,1,4.354536,4.562918,1160,6.4931
7215,1,33,3.085129,2.944515,1402,7.4797
7216,33,48,3.958046,4.825134,1440,7.6165
7217,48,20,3.067971,3.347863,1410,7.5382
7218,20,19,3.059889,3.029936,1424,7.5867
7219,19,51,1.963489,2.008104,1421,7.5435
7220,51,54,6.035197,5.912865,1445,7.6343
7221,54,43,3.390806,3.302672,1456,7.6008
7222,43,3,3.915826,4.202273,1427,7.5896
7223,3,25,3.653863,3.572144,1458,7.5957
7224,25,32,4.283882,4.282911,1444,7.5492
7225,32,29,3.105513,3.199141,1437,7.6213
7226,29,29,1.702556,1.103400,1430,7.5477
7227,29,4,4.103381,4.370245,1408,7.4858
7228,4,15,3.377225,2.795028,1432,7.6946
7229,15,1,3.705832,3.689460,1414,7.4751
7230,1,59,2.939483,3.107717,1431,7.5662
7231,59,43,3.038850,2.918166,1409,7.4779
7232,43,23,2.974523,3.167860,1414,7.5251
7233,23,0,2.110896,2.514126,1422,7.6457
7234,0,62,3.879022,3.760752,1435,7.5949
7235,62,46,1.989805,1.926990,1351,7.3259
7236,46,63,1.765405,2.103929,1277,7.0407
7237,63,8,1.957995,2.755684,1386,7.4845
7238,8,4,3.106533,4.221870,1368,7.2837
7239,4,15,3.004934,2.736828,1369,7.3837
7240,15,1,3.797744,3.616526,1399,7.4369
7241,1,59,2.864968,3.040222,1443,7.6065
7242,59,43,2.811864,2.894941,1433,7.6033
7243,43,57,2.982732,3.412345,1405,7.4816
7244,57,35,4.229893,4.219664,1436,7.6012
7245,35,48,3.653046,3.478207,1444,7.6083
7246,48,20,2.924075,3.168216,1430,7.6218
7247,20,30,4.546159,4.596992,1337,7.2840
7248,30,31,1.603646,1.630885,1436,7.5853
7249,31,30,1.828393,1.615444,1461,7.6242
7250,30,31,1.511282,1.535311,1469,7.6033
7251,31,42,2.210239,2.546699,1459,7.6220
7252,42,22,3.280038,4.031474,1420,7.5763
7253,22,38,1.768566,2.000067,1441,7.6343
7254,38,0,3.759724,4.508102,1427,7.6484
7255,0,57,2.063301,2.367712,1436,7.6009
7256,57,22,2.394622,2.982109,1461,7.6461
7257,22,38,1.693595,1.948178,1445,7.6292
7258,38,49,4.556560,4.766563,1450,7.6820
7259,49,17,3.459579,3.132472,1290,7.0133
7260,17,23,4.258908,4.501184,1429,7.5236
7261,23,62,3.465985,4.115232,1397,7.4381
7262,62,21,2.076915,2.313708,1329,7.2829
7263,21,54,3.106351,3.219688,1406,7.4977
7264,54,43,3.506064,3.280365,1368,7.4184
7265,43,23,2.821063,3.084286,1445,7.5986
7266,23,0,2.217003,2.529163,1451,7.6276
7267,0,57,1.955499,2.323428,1446,7.6192
7268,57,35,4.263335,4.184245,1423,7.6130
7269,35,43,3.383858,3.594129,1236,6.7513
7270,43,23,2.741143,2.935391,1456,7.5696
7271,23,62,3.809186,4.218759,1427,7.5907
7272,62,46,2.141647,1.957049,1329,7.1629
7273,46,63,1.625413,2.086171,1362,7.2907
7274,63,63,0.907605,0.576631,1410,7.5360
7275,63,8,1.951287,2.822951,1453,7.6322
7276,8,2,4.058680,4.487071,1425,7.5017
7277,2,52,2.596785,2.725942,1268,6.9007
7278,52,8,4.009679,4.233619,1438,7.6163
7279,8,2,3.958287,4.126854,1445,7.5581
7280,2,7,2.593460,2.684011,1306,6.9599
7281,7,57,4.025827,3.973640,1472,7.6237
7282,57,2,3.672538,3.514932,1393,7.4771
7283,2,7,2.408568,2.542237,1430,7.6512
7284,7,45,3.965720,4.369339,1444,7.6095
7285,45,21,3.901587,3.747363,1406,7.4935
7286,21,54,2.854894,2.910304,1322,7.0392
7287,54,43,3.616147,3.315551,1440,7.5582
7288,43,57,3.053275,3.496728,1439,7.5735
7289,57,35,4.349197,3.988794,1428,7.6268
7290,35,48,3.624539,3.388144,1396,7.5148
7291,48,20,2.772325,2.985853,1391,7.4742
7292,20,19,3.151988,3.090157,1430,7.6031
7293,19,17,5.561010,5.434696,1452,7.5826
7294,17,0,3.297045,3.164360,1407,7.4888
7295,0,57,1.954485,2.285677,1450,7.6537
7296,57,22,2.344748,3.027354,1421,7.5900
7297,22,38,1.813277,1.895023,1433,7.6044
7298,38,26,2.930522,3.118672,1438,7.6657
7299,26,42,2.847081,3.252313,1405,7.5599
7300,42,40,3.983684,3.577520,1451,7.5915
7301,40,23,4.644027,4.615262,1422,7.6251
7302,23,37,3.792987,4.074710,1428,7.6293
7303,37,47,2.844096,2.969239,1418,7.6139
7304,47,35,3.032236,3.244307,1360,7.4460
7305,35,48,3.662013,3.243305,1423,7.5479
7306,48,13,5.907728,5.743748,1491,7.6752
7307,13,24,2.695301,2.520866,1450,7.6539
7308,24,62,4.242996,4.517026,1455,7.6356
7309,62,21,2.375751,2.362103,1364,7.3770
7310,21,53,2.103449,2.066547,1278,6.9861
7311,53,45,3.364179,3.468056,1395,7.3316
7312,45,54,2.478563,2.133092,1373,7.3200
7313,54,59,4.797036,5.192351,1410,7.4211
7314,59,21,4.129532,4.369119,1448,7.6230
7315,21,55,3.451798,3.875775,1355,7.3212
7316,55,30,2.554173,2.783919,1442,7.6761
7317,30,31,1.618396,1.505302,1446,7.5968
7318,31,30,1.823055,1.589401,1443,7.6325
7319,30,31,1.449065,1.420226,1431,7.5744
7320,31,30,1.590667,1.496938,1470,7.6252
7321,30,31,1.372251,1.360346,1435,7.5752
7322,31,42,2.460048,2.747075,1444,7.5632
7323,42,55,4.459757,4.814530,1402,7.4333
7324,55,30,2.392937,2.598404,1281,6.9447
7325,30,31,1.339365,1.349524,1433,7.5809
7326,31,42,2.175597,2.655399,1456,7.5828
7327,42,40,3.829856,3.527080,1451,7.5867
7328,40,23,4.487270,4.445535,1335,7.0244
7329,23,0,2.482555,2.621032,1454,7.6426
7330,0,62,3.551172,3.535827,1441,7.6082
7331,62,48,3.130085,3.189840,1344,7.3341
7332,48,13,5.502387,5.641923,1337,7.3323
7333,13,32,2.320793,2.144814,1397,7.5482
7334,32,10,4.591012,4.984881,1407,7.5894
7335,10,1,4.552949,4.337233,1439,7.5605
7336,1,46,3.957387,3.976386,1390,7.4309
7337,46,63,1.769053,1.919680,1372,7.4537
7338,63,37,3.051605,3.384515,1371,7.4563
7339,37,28,2.127452,2.230971,1415,7.5849
7340,28,53,3.114457,3.090865,1376,7.4522
7341,53,45,3.067115,3.270753,1430,7.5708
7342,45,54,2.310756,2.039872,1428,7.5523
7343,54,43,3.421184,3.200013,1429,7.5027
7344,43,57,3.005687,3.423641,1434,7.5820
7345,57,22,2.290933,2.978410,1305,7.0304
7346,22,38,1.552320,1.855388,1438,7.6594
7347,38,26,2.772353,3.014115,1448,7.6741
7348,26,17,2.775378,3.014279,1443,7.6025
7349,17,0,3.114200,3.107608,1232,6.6638
7350,0,62,3.319052,3.423944,1454,7.6352
7351,62,21,2.284566,2.424988,1404,7.4897
7352,21,53,1.960180,2.021434,1342,7.2410
7353,53,45,2.623883,3.214545,1441,7.6009
7354,45,21,4.094509,3.718371,1304,7.0627
7355,21,53,1.917284,1.837942,1363,7.2057
7356,53,37,2.450797,3.012589,1440,7.6069
7357,37,47,2.707398,2.922143,1320,7.1501
7358,47,63,2.343630,2.969866,1411,7.6126
7359,63,37,3.013788,3.130354,1428,7.5148
7360,37,28,2.028284,2.291973,1394,7.5069
7361,28,10,3.609736,3.451102,1377,7.4439
7362,10,37,3.615154,3.311577,1389,7.3528
7363,37,62,4.904696,4.631686,1415,7.6542
7364,62,21,2.323829,2.329953,1316,7.2082
7365,21,53,1.786698,1.820069,1414,7.5945
7366,53,21,2.155870,1.804770,1472,7.6439
7367,21,53,1.925882,1.703177,1315,7.2641
7368,53,21,2.022079,1.685889,1440,7.5822
7369,21,55,3.685847,3.978335,1396,7.5070
7370,55,58,2.565325,2.737737,1433,7.6371
7371,58,4,3.541877,3.729267,1449,7.5821
7372,4,23,5.373372,5.658840,1381,7.3829
7373,23,62,3.369535,3.844401,1418,7.5636
7374,62,46,2.424550,2.188006,1380,7.4180
7375,46,63,1.637428,1.979071,1380,7.4363
7376,63,63,0.841380,0.545176,1412,7.5244
7377,63,63,0.619335,0.454953,1485,7.6183
7378,63,8,2.866564,3.140614,1419,7.5313
7379,8,27,3.061810,3.996513,1467,7.6132
7380,27,27,0.950248,0.639865,1441,7.6245
7381,27,16,1.986271,2.256090,1459,7.6429
7382,16,41,4.895780,5.235690,1419,7.5256
7383,41,24,2.429915,2.160608,1388,7.3673
7384,24,62,4.610504,4.759395,1467,7.7019
7385,62,21,2.235070,2.291785,1355,7.2707
7386,21,53,1.648377,1.675786,1456,7.6909
7387,53,21,1.984437,1.605165,1429,7.6221
7388,21,53,1.620465,1.570865,1449,7.6481
7389,53,45,2.852612,3.657698,1431,7.5890
7390,45,21,3.614698,3.401304,1428,7.5404
7391,21,53,1.391117,1.424247,1445,7.6247
7392,53,37,2.857228,3.359232,1440,7.6329
7393,37,28,2.096191,2.252664,1431,7.6434
7394,28,53,2.886959,3.063280,1394,7.5913
7395,53,21,1.840690,1.615014,1416,7.5832
7396,21,53,1.379630,1.362466,1374,7.4060
7397,53,21,1.582367,1.517864,1386,7.4742
7398,21,54,3.079671,3.394331,1442,7.6238
7399,54,30,2.269339,2.694473,1421,7.5329
7400,30,31,1.408127,1.352138,1409,7.5464
7401,31,30,1.702229,1.513802,1451,7.5904
7402,30,40,4.663344,5.146965,1454,7.5887
7403,40,23,4.392467,4.152999,1284,6.9513
7404,23,62,3.544268,3.757518,1431,7.6274
7405,62,21,2.188956,2.287356,1454,7.6121
7406,21,54,3.103201,3.229020,1353,7.3646
7407,54,30,2.186735,2.620718,1440,7.6081
7408,30,31,1.401937,1.405309,1447,7.5805
7409,31,42,2.459599,2.682916,1439,7.5818
7410,42,22,3.409880,4.145326,1445,7.5906
7411,22,60,2.507742,2.741263,1424,7.5593
7412,60,61,4.139392,4.695831,1387,7.5392
7413,61,33,3.936524,3.839160,1439,7.5863
7414,33,62,3.330210,3.967970,1347,7.2600
7415,62,48,3.535076,3.149582,1368,7.2494
7416,48,20,2.615337,2.963925,1251,6.7936
7417,20,47,3.378437,3.647568,1375,7.3043
7418,47,63,2.227431,2.848667,1429,7.6784
7419,63,37,2.999779,3.231980,1420,7.5138
7420,37,62,4.562159,4.623843,1447,7.6847
7421,62,48,3.300365,2.984370,1430,7.5898
7422,48,13,5.490874,5.486046,1452,7.6501
7423,13,31,5.992691,5.651586,1403,7.4658
7424,31,42,2.003341,2.426054,1421,7.5187
7425,42,40,3.609962,3.276844,1482,7.6265
7426,40,23,4.105240,3.992028,1301,6.9806
7427,23,37,3.938863,4.200781,1429,7.6172
7428,37,28,2.050932,2.228544,1394,7.5519
7429,28,53,3.072819,3.031729,1311,7.1620
7430,53,21,1.705560,1.490268,1386,7.4138
7431,21,53,1.486949,1.504727,1413,7.5568
7432,53,37,2.661815,3.169901,1450,7.6406
7433,37,28,1.948266,2.194721,1422,7.6465
7434,28,53,3.077322,2.925271,1438,7.7008
7435,53,45,3.482480,3.718512,1447,7.5944
7436,45,21,3.199349,3.150196,1376,7.4366
7437,21,53,1.394482,1.398971,1437,7.6210
7438,53,45,3.098173,3.587499,1242,6.8259
7439,45,21,3.088665,2.997232,1395,7.4607
7440,21,54,2.630137,2.922896,1393,7.4358
7441,54,30,2.307889,2.638545,1388,7.4223
7442,30,31,1.605268,1.524777,1444,7.5735
7443,31,42,2.037814,2.380772,1461,7.6464
7444,42,22,3.421396,4.175056,1449,7.5991
7445,22,60,2.322895,2.596251,1418,7.5910
7446,60,7,3.130542,3.051284,1389,7.4061
7447,7,57,4.030534,3.986643,1194,6.6177
7448,57,22,2.492085,2.848774,1427,7.6242
7449,22,60,2.189043,2.492463,1406,7.5552
7450,60,7,3.116438,2.995260,1380,7.4404
7451,7,45,4.709590,4.743250,1312,7.0615
7452,45,54,2.208928,2.101209,1392,7.4298
7453,54,30,2.121015,2.574718,1360,7.2965
7454,30,31,1.529060,1.518328,1435,7.5827
7455,31,42,2.068560,2.346679,1456,7.6239
7456,42,40,3.291697,3.217201,1438,7.5928
7457,40,23,3.912055,3.863358,1406,7.5260
7458,23,0,2.717272,2.820915,1456,7.6870
7459,0,62,3.335268,3.300342,1428,7.6130
7460,62,46,2.406651,2.242441,1353,7.2344
7461,46,62,2.745452,2.300491,1424,7.5772
7462,62,48,2.802431,2.809912,1423,7.5874
7463,48,41,3.413235,3.401248,1285,7.1462
7464,41,22,5.229057,4.827685,1434,7.5797
7465,22,38,1.730036,2.047657,1392,7.5398
7466,38,0,3.811342,4.543471,1439,7.6743
7467,0,62,3.162427,3.222204,1403,7.5269
7468,62,46,2.273408,2.160620,1424,7.5268
7469,46,62,2.422756,2.163513,1343,7.3153
7470,62,46,2.092735,2.005171,1444,7.5686
7471,46,5,4.356774,4.636593,1437,7.5905
7472,5,13,3.542440,3.502288,1406,7.4176
7473,13,24,2.518256,2.394467,1375,7.4217
7474,24,62,4.850091,4.956087,1419,7.4686
7475,62,21,2.497022,2.702934,1317,7.1281
7476,21,53,1.551640,1.440614,1426,7.6178
7477,53,21,1.710691,1.575813,1444,7.6545
7478,21,53,1.448902,1.372829,1441,7.6103
7479,53,21,1.678427,1.486702,1420,7.6218
7480,21,54,2.591523,2.896483,1443,7.6006
7481,54,43,3.024909,3.539682,1370,7.3070
7482,43,57,3.272094,3.348349,1446,7.5851
7483,57,22,2.296511,2.947735,1401,7.5404
7484,22,2,4.578105,4.277406,1414,7.5746
7485,2,9,2.757573,2.689414,1296,7.0676
7486,9,16,3.021427,3.340589,1342,7.1951
7487,16,41,4.881315,5.137189,1331,7.1570
7488,41,55,3.106568,3.325857,1321,7.1066
7489,55,26,3.811251,3.912014,1410,7.5216
7490,26,13,4.725351,4.357127,1462,7.6445
7491,13,32,2.517298,2.151769,1467,7.6684
7492,32,10,4.624226,4.868597,1397,7.4525
7493,10,1,4.224522,4.167037,1418,7.4773
7494,1,46,3.846812,3.901545,1464,7.6215
7495,46,63,1.908810,2.244490,1439,7.6120
7496,63,37,2.710669,3.032341,1441,7.6081
7497,37,62,4.549950,4.494821,1446,7.7101
7498,62,48,2.757555,2.752063,1368,7.3536
7499,48,41,3.412204,3.373576,1408,7.5102
7500,41,24,2.352372,2.186199,1452,7.5894
7501,24,62,4.563351,4.855385,1431,7.5542
7502,62,21,2.530921,2.525046,1320,7.2040
7503,21,55,3.614240,4.335953,1431,7.6120
7504,55,30,2.508185,2.706697,1441,7.6366
7505,30,31,1.445009,1.485509,1385,7.3956
7506,31,30,1.586159,1.521704,1462,7.5641
7507,30,31,1.427893,1.419799,1455,7.5844
7508,31,42,2.211537,2.464752,1432,7.5755
7509,42,40,3.165054,3.042078,1442,7.6231
7510,40,33,2.890733,2.995426,1369,7.2367
7511,33,48,3.820870,4.666081,1384,7.5021
7512,48,20,2.979005,3.211082,1387,7.5412
7513,20,30,4.224289,4.728601,1470,7.6142
7514,30,31,1.342584,1.363387,1450,7.5911
7515,31,42,1.908040,2.384723,1442,7.5683
7516,42,55,4.384866,4.783947,1443,7.6000
7517,55,30,2.266289,2.564259,1366,7.3848
7518,30,31,1.288257,1.352698,1471,7.5994
7519,31,42,1.929484,2.346329,1460,7.5923
7520,42,55,4.102120,4.620771,1433,7.5585
7521,55,30,2.097542,2.437941,1405,7.4845
7522,30,40,4.325653,4.980681,1448,7.5714
7523,40,33,2.798474,2.940618,1383,7.4319
7524,33,47,3.471834,3.931034,1176,6.3583
7525,47,35,3.172118,3.169192,1443,7.6501
7526,35,43,3.507359,3.671184,1078,6.1146
7527,43,23,3.290908,3.593551,1453,7.5846
7528,23,37,4.063770,4.151821,1420,7.6175
7529,37,28,1.982550,2.141542,1347,7.3735
7530,28,53,2.856188,2.915496,1430,7.6014
7531,53,21,1.655851,1.468534,1444,7.6042
7532,21,54,2.523418,2.794081,1376,7.3570
7533,54,43,3.540048,3.507609,1354,7.1430
7534,43,23,3.414441,3.515574,1378,7.3288
7535,23,62,3.500311,3.836338,1393,7.5040
7536,62,46,2.117385,2.057169,1422,7.5990
7537,46,63,2.107760,2.258863,1219,6.7185
7538,63,8,2.613518,2.825677,1441,7.6145
7539,8,2,3.717789,4.076255,1408,7.4988
7540,2,9,2.405522,2.570841,1459,7.7052
7541,9,41,5.218118,5.893624,1373,7.3381
7542,41,24,2.318195,2.023183,1431,7.5759
7543,24,41,2.642623,2.412007,1278,7.0733
7544,41,55,3.286199,3.474576,1439,7.5786
7545,55,58,2.725415,2.818002,1433,7.6263
7546,58,4,3.435450,3.572361,1460,7.5976
7547,4,40,3.643874,3.350965,1390,7.5278
7548,40,24,3.963560,4.139275,1455,7.5854
7549,24,62,4.660455,4.691064,1389,7.3192
7550,62,46,1.973370,1.952268,1416,7.5662
7551,46,62,2.456547,2.188566,1356,7.2909
7552,62,48,2.919565,2.663754,1417,7.5279
7553,48,13,5.372842,5.487574,1388,7.4010
7554,13,24,2.237634,2.384882,1458,7.6463
7555,24,62,4.542897,4.567531,1419,7.4761
7556,62,48,2.588327,2.495778,1456,7.6257
7557,48,41,3.693894,3.548562,1388,7.5428
7558,41,55,2.782985,3.303747,1448,7.6125
7559,55,26,3.783767,3.913047,1447,7.6604
7560,26,42,2.908138,3.298044,1424,7.6056
7561,42,40,2.995046,2.985031,1428,7.5531
7562,40,23,4.127550,3.909802,1375,7.3689
7563,23,0,2.783680,2.934211,1438,7.6395
7564,0,62,3.503692,3.464297,1444,7.6140
7565,62,21,2.645827,2.716114,1429,7.5990
7566,21,53,1.729305,1.572043,1438,7.6686
7567,53,37,2.539190,3.131619,1346,7.1812
7568,37,62,4.695090,4.571404,1435,7.6878
7569,62,21,2.422540,2.534609,1423,7.5301
7570,21,53,1.543364,1.532241,1430,7.6257
7571,53,37,2.507145,3.019525,1395,7.4207
7572,37,47,2.895703,3.266538,1425,7.6693
7573,47,37,2.451013,2.336040,1447,7.6966
7574,37,47,2.852820,3.040353,1456,7.6967
7575,47,35,3.134853,3.166098,1439,7.6715
7576,35,43,3.497574,3.642718,1339,7.2393
7577,43,23,3.272304,3.446573,1414,7.5217
7578,23,0,3.043100,2.841614,1439,7.6316
7579,0,62,3.297995,3.364691,1433,7.6053
7580,62,46,2.115745,2.018592,1418,7.5309
7581,46,63,2.216109,2.388069,1461,7.6198
7582,63,37,2.494716,2.828126,1361,7.3451
7583,37,62,4.576262,4.592329,1437,7.6850
7584,62,48,2.650654,2.431700,1369,7.4538
7585,48,20,2.999208,3.413961,1415,7.5772
7586,20,19,2.896248,3.100482,1432,7.5356
7587,19,50,3.281342,3.549572,1443,7.6057
7588,50,34,2.162027,1.989744,1437,7.6473
7589,34,50,2.228051,1.909101,1417,7.5595
7590,50,34,2.094302,1.861653,1435,7.6013
7591,34,5,4.305773,4.524015,1447,7.5793
7592,5,13,3.576156,3.427714,1422,7.5173
7593,13,31,5.354867,5.594430,1445,7.6459
7594,31,42,1.838962,2.164918,1434,7.5907
7595,42,22,3.588318,4.360460,1452,7.5982
7596,22,38,1.703203,2.056343,1435,7.6128
7597,38,0,3.843506,4.486049,1426,7.6601
7598,0,57,2.236089,2.506136,1478,7.6598
7599,57,22,2.508328,2.863320,1441,7.6592
7600,22,60,2.277232,2.552793,1399,7.5731
7601,60,7,3.147398,2.899068,1420,7.5875
7602,7,1,5.026454,4.798871,1352,7.2594
7603,1,46,3.369452,3.878812,1397,7.4624
7604,46,63,2.142500,2.277516,1358,7.3021
7605,63,37,2.434090,2.726912,1439,7.6153
7606,37,28,2.103074,2.397704,1340,7.3681
7607,28,10,3.818916,3.665952,1373,7.4561
7608,10,1,4.026311,4.047052,1288,7.0425
7609,1,59,2.926892,3.043804,1438,7.5925
7610,59,20,4.582508,4.814741,1452,7.6671
7611,20,30,3.917249,4.504271,1448,7.6160
7612,30,31,1.604569,1.527496,1421,7.5530
7613,31,42,1.853199,2.136365,1464,7.6313
7614,42,40,2.925362,2.914858,1451,7.6197
7615,40,24,3.704867,4.219909,1325,7.1284
7616,24,62,4.624503,4.675839,1102,5.9714
7617,62,46,1.939565,1.952356,1450,7.5989
7618,46,63,1.921113,2.243314,1423,7.5598
7619,63,37,2.283198,2.658989,1448,7.6122
7620,37,62,4.571030,4.593630,1362,7.4594
7621,62,46,1.864674,1.829305,1424,7.5867
7622,46,63,1.877767,2.247361,1431,7.5807
7623,63,8,2.702274,3.110739,1425,7.5848
7624,8,27,2.790567,3.785013,1411,7.5280
7625,27,27,0.923214,0.603507,1433,7.5988
7626,27,27,0.754373,0.505295,1470,7.6359
7627,27,16,2.127210,2.328578,1456,7.6246
7628,16,4,3.974465,4.234396,1450,7.5832
7629,4,15,2.948081,2.555521,1435,7.6361
7630,15,1,3.567086,3.575800,1326,7.2196
7631,1,59,2.913964,2.966718,1406,7.5093
7632,59,43,3.044961,3.038955,1333,7.2577
7633,43,57,2.536170,3.203069,1348,7.3528
7634,57,22,2.343282,2.810483,1409,7.5989
7635,22,60,2.143484,2.453868,1436,7.6114
7636,60,7,2.992891,2.841709,1391,7.4720
7637,7,45,4.342605,4.567584,1288,6.8289
7638,45,21,3.096025,3.232581,1434,7.5638
7639,21,54,2.460236,2.597356,1390,7.4217
7640,54,59,5.122731,5.280412,1444,7.6002
7641,59,21,4.168422,4.306345,1426,7.6055
7642,21,53,1.632579,1.503860,1440,7.6088
7643,53,21,1.834395,1.644724,1437,7.6030
7644,21,53,1.752918,1.408575,1412,7.4216
7645,53,21,1.700466,1.549640,1450,7.6373
7646,21,53,1.458319,1.327654,1455,7.6147
7647,53,45,3.284076,3.921744,1452,7.6007
7648,45,54,2.287843,2.090111,1437,7.5586
7649,54,43,3.633552,3.411954,1390,7.2811
7650,43,57,2.895263,3.149403,1395,7.3953
7651,57,2,3.429217,3.468933,1400,7.5843
7652,2,7,2.454412,2.462284,1402,7.5235
7653,7,1,4.652491,4.836541,1404,7.5464
7654,1,33,2.732795,2.994073,1449,7.6038
7655,33,62,3.221136,4.082070,1463,7.6030
7656,62,48,2.597718,2.379411,1354,7.2531
7657,48,13,5.185579,5.436911,1422,7.5968
7658,13,24,2.344519,2.349315,1436,7.6410
7659,24,62,4.323053,4.601280,1424,7.5959
7660,62,46,1.844980,1.818572,1443,7.5934
7661,46,63,2.105382,2.214857,1457,7.6325
7662,63,63,0.800813,0.591272,1456,7.6224
7663,63,37,2.459592,2.829399,1445,7.5773
7664,37,28,2.295201,2.410224,1470,7.7435
7665,28,53,3.019398,2.977222,1446,7.6849
7666,53,37,2.509538,2.938763,1402,7.4780
7667,37,47,2.608572,3.113281,1458,7.6767
7668,47,63,2.574728,3.143446,1411,7.6056
7669,63,63,0.725734,0.537876,1416,7.5632
7670,63,63,0.647163,0.452335,1437,7.5972
7671,63,8,3.247452,3.362298,1466,7.6340
7672,8,4,3.340566,4.314077,1437,7.5678
7673,4,40,3.682926,3.539349,1435,7.6815
7674,40,23,4.010117,3.846295,1392,7.4380
7675,23,37,3.772488,4.246232,1353,7.3454
7676,37,47,2.617150,2.897104,1385,7.5137
7677,47,63,2.322762,2.959170,1378,7.5514
7678,63,8,2.869814,3.092453,1453,7.6159
7679,8,4,3.276022,4.321183,1437,7.5485
7680,4,40,3.544074,3.523985,1435,7.6234
7681,40,33,3.160352,2.980987,1367,7.3071
7682,33,47,3.621441,3.953480,1343,7.2951
7683,47,63,2.388796,2.837173,1453,7.6752
7684,63,63,0.610286,0.436830,1465,7.6283
7685,63,63,0.518282,0.369435,1453,7.6030
7686,63,8,2.662558,3.113204,1442,7.6006
7687,8,2,3.854682,4.344034,1417,7.5439
7688,2,52,2.725687,2.865910,1264,6.8152
7689,52,54,5.634683,5.660574,1373,7.3292
7690,54,30,2.728392,2.859035,1213,6.6266
7691,30,31,1.521235,1.499627,1356,7.3129
7692,31,42,1.933917,2.139953,1423,7.6023
7693,42,55,3.918879,4.438713,1401,7.4772
7694,55,58,2.791535,2.730454,1435,7.6086
7695,58,4,3.534690,3.627136,1429,7.5373
7696,4,40,3.506838,3.321298,1448,7.6709
7697,40,24,3.530672,3.996030,1376,7.4150
7698,24,62,4.138306,4.364924,1374,7.3864
7699,62,48,2.314058,2.326619,1455,7.6702
7700,48,41,3.597898,3.501686,1415,7.5235
7701,41,22,5.011577,4.745576,1459,7.6550
7702,22,38,1.889318,2.168866,1389,7.4924
7703,38,26,2.845971,2.988383,1404,7.5837
7704,26,13,4.628656,4.304352,1419,7.5765
7705,13,31,5.374572,5.426751,1449,7.6577
7706,31,42,1.732441,1.979496,1437,7.5563
7707,42,22,3.718968,4.472592,1432,7.5958
7708,22,60,2.036442,2.370632,1432,7.6119
7709,60,22,2.083604,1.965673,1377,7.4376
7710,22,38,1.818635,2.148372,1413,7.5749
7711,38,0,3.722620,4.326958,1388,7.5377
7712,0,57,2.177539,2.402881,1452,7.6521
7713,57,2,3.330253,3.469302,1363,7.3767
7714,2,7,2.543707,2.445562,1383,7.4437
7715,7,57,3.893996,4.047949,1420,7.5609
7716,57,2,3.342182,3.207672,1453,7.7157
7717,2,7,2.405756,2.334323,1346,7.4167
7718,7,57,3.679043,3.907355,1304,7.0982
7719,57,35,4.039466,4.039195,1409,7.6298
7720,35,43,3.496374,3.513882,1275,6.9685
7721,43,23,2.993910,3.444076,1314,7.0337
7722,23,0,2.862083,2.942318,1444,7.6870
7723,0,57,2.164418,2.448887,1452,7.6300
7724,57,22,2.592004,2.963569,1431,7.6670
7725,22,60,2.017697,2.357569,1435,7.5988
7726,60,61,4.469767,4.903831,1412,7.6504
7727,61,6,3.038937,3.054970,1315,7.1878
7728,6,56,4.081422,4.064404,1238,6.9112
7729,56,54,5.645820,5.441869,1372,7.3801
7730,54,43,3.304435,3.154411,1350,7.1758
7731,43,57,3.009409,3.238759,1467,7.6316
7732,57,2,3.315106,3.102460,1438,7.6926
7733,2,52,2.634193,2.886353,1357,7.3773
7734,52,8,4.119367,4.285879,1410,7.5127
7735,8,2,4.182209,4.248147,1384,7.4294
7736,2,9,2.813370,2.777025,1461,7.7253
7737,9,13,3.591419,3.602838,1397,7.5149
7738,13,24,2.267713,2.369097,1443,7.6355
7739,24,62,4.006779,4.186698,1442,7.6122
7740,62,21,2.598119,2.903113,1426,7.5299
7741,21,53,1.583758,1.341448,1432,7.6330
7742,53,45,2.784262,3.631193,1438,7.5987
7743,45,54,2.229447,2.113381,1446,7.6033
7744,54,59,4.580361,4.918163,1361,7.3420
7745,59,20,4.652232,4.874772,1442,7.6499
7746,20,19,2.846578,2.907658,1385,7.3862
7747,19,51,2.009164,2.124773,1368,7.4759
7748,51,54,6.112270,6.086311,1314,7.2070
7749,54,30,2.573180,2.747646,1377,7.2949
7750,30,31,1.619581,1.596788,1417,7.4420
7751,31,30,1.837561,1.697458,1447,7.6024
7752,30,10,4.292562,4.792756,1340,7.0615
7753,10,61,2.946523,3.150980,1386,7.4576
7754,61,53,4.336295,4.337932,1395,7.4550
7755,53,21,1.801027,1.628198,1430,7.5556
7756,21,54,2.679781,2.927524,1417,7.5902
7757,54,30,2.285670,2.638560,1384,7.3682
7758,30,31,1.723025,1.604896,1433,7.5683
7759,31,19,4.514808,4.771524,1466,7.6039
7760,19,51,2.059609,2.072870,1437,7.6032
7761,51,54,5.895051,6.038161,1434,7.5901
7762,54,59,4.400805,4.625617,1406,7.4777
7763,59,21,3.668355,4.009781,1446,7.6434
7764,21,53,1.582042,1.388108,1375,7.2759
7765,53,21,1.759994,1.546873,1446,7.6234
7766,21,53,1.472866,1.312533,1430,7.5985
7767,53,37,2.682301,3.089400,1419,7.5828
7768,37,62,4.801459,4.693249,1444,7.6954
7769,62,46,1.971376,1.920777,1416,7.5934
7770,46,62,2.271243,2.083593,1453,7.6326
7771,62,21,2.543867,2.777406,1467,7.6605
7772,21,53,1.425510,1.299879,1443,7.6049
7773,53,37,2.325587,2.961735,1441,7.5943
7774,37,28,2.201692,2.491006,1433,7.6672
7775,28,10,3.655977,3.522007,1286,7.1441
7776,10,61,2.860023,3.057361,1361,7.2495
7777,61,6,3.039880,3.015569,1409,7.4904
7778,6,12,3.575562,3.567434,1407,7.4860
7779,12,46,4.949993,4.748498,1434,7.5646
7780,46,5,4.681208,4.665750,1285,6.9539
7781,5,25,4.668940,4.862741,1447,7.5878
7782,25,54,4.509929,4.437567,1456,7.5742
7783,54,43,3.164498,3.021338,1369,7.3090
7784,43,23,3.204856,3.450024,1361,7.3228
7785,23,0,2.688478,2.837080,1372,7.3210
7786,0,62,3.889512,3.817846,1386,7.4352
7787,62,21,2.489248,2.701571,1440,7.5740
7788,21,53,1.372413,1.295176,1336,7.1673
7789,53,21,1.689063,1.598575,1452,7.6175
7790,21,53,1.328031,1.242012,1442,7.5927
7791,53,45,3.266273,3.875176,1426,7.5521
7792,45,54,2.353091,2.290112,1425,7.5612
7793,54,30,2.269908,2.583286,1431,7.5805
7794,30,31,1.641774,1.543666,1416,7.5129
7795,31,42,1.932303,2.191665,1460,7.6150
7796,42,22,3.356388,4.254286,1446,7.6136
7797,22,60,1.920981,2.235909,1415,7.5690
7798,60,61,4.395258,4.898793,1383,7.5217
7799,61,53,3.967349,4.271501,1293,7.0594
7800,53,21,1.624185,1.522277,1410,7.5539
7801,21,53,1.323725,1.244674,1436,7.6125
7802,53,37,2.708081,3.054040,1437,7.6110
7803,37,62,4.504929,4.556378,1456,7.7238
7804,62,46,2.014827,1.968196,1454,7.6257
7805,46,63,1.882210,2.188338,1414,7.5500
7806,63,37,2.895032,2.926840,1449,7.6470
7807,37,62,4.504823,4.390673,1450,7.7496
7808,62,46,1.820153,1.864578,1437,7.5884
7809,46,63,1.910295,2.195538,1452,7.6238
7810,63,8,2.571147,2.967228,1460,7.6317
7811,8,27,3.010454,4.125216,1453,7.6073
7812,27,27,0.854697,0.532103,1444,7.6225
7813,27,16,2.076066,2.250674,1448,7.6274
7814,16,4,3.803758,4.081901,1440,7.5844
7815,4,40,3.357484,3.180541,1469,7.7095
7816,40,23,3.974804,3.921878,1440,7.5644
7817,23,62,3.927072,4.041506,1332,7.3642
7818,62,21,2.264387,2.535465,1420,7.5326
7819,21,55,4.143528,4.465843,1326,7.2661
7820,55,58,2.443860,2.667462,1372,7.5002
7821,58,15,2.932587,3.095091,1459,7.5897
7822,15,33,3.409782,3.288046,1434,7.6248
7823,33,62,3.345055,4.055933,1422,7.5535
7824,62,48,2.619521,2.492813,1421,7.5753
7825,48,41,3.174900,3.318885,1366,7.4355
7826,41,24,2.349074,2.267592,1375,7.3487
7827,24,41,2.859503,2.577872,1445,7.6438
7828,41,22,4.938585,4.728596,1347,7.2455
7829,22,2,4.495971,4.153394,1433,7.5901
7830,2,52,2.613710,2.783676,1353,7.3311
7831,52,54,5.510212,5.594721,1443,7.6422
7832,54,59,4.249054,4.365105,1427,7.5085
7833,59,20,4.611414,4.855304,1452,7.6505
7834,20,47,3.151748,3.455441,1420,7.5976
7835,47,35,3.372445,3.257861,1410,7.6059
7836,35,43,3.253537,3.547548,1302,7.0622
7837,43,23,3.018920,3.384256,1370,7.3478
7838,23,62,3.574432,3.959179,1336,7.2588
7839,62,21,2.242653,2.511164,1394,7.5291
7840,21,53,1.447181,1.365168,1378,7.4561
7841,53,21,1.636641,1.487507,1429,7.5494
7842,21,54,3.355422,3.541229,1426,7.5411
7843,54,30,2.208587,2.597062,1350,7.1810
7844,30,31,1.501225,1.519067,1441,7.5478
7845,31,42,1.851011,2.162092,1453,7.6169
7846,42,55,3.675333,4.248162,1438,7.5972
7847,55,58,2.511366,2.569625,1389,7.3892
7848,58,4,3.418623,3.650530,1450,7.5678
7849,4,40,3.221052,3.017118,1376,7.5531
7850,40,23,3.948690,3.873759,1442,7.5977
7851,23,0,2.391561,2.887756,1451,7.6441
7852,0,57,2.225146,2.473186,1397,7.5723
7853,57,22,2.803596,3.044860,1402,7.5791
7854,22,38,1.981863,2.295335,1413,7.5600
7855,38,0,3.743799,4.332685,1436,7.6528
7856,0,57,2.139058,2.362708,1426,7.5895
7857,57,22,2.608295,2.931774,1406,7.6241
7858,22,2,4.106134,3.949540,1431,7.5690
7859,2,7,2.372103,2.341471,1330,7.3990
7860,7,57,3.725007,3.901328,1221,6.9080
7861,57,22,2.379392,2.762113,1345,7.3012
7862,22,38,1.957853,2.335526,1383,7.5192
7863,38,26,2.922272,2.990910,1421,7.6139
7864,26,13,4.571869,4.140031,1385,7.3304
7865,13,24,2.104280,2.282045,1332,7.1592
7866,24,36,4.833405,5.189640,1422,7.5869
7867,36,20,4.474022,4.209129,1362,7.1792
7868,20,19,2.737074,2.791678,1444,7.6071
7869,19,51,1.990417,2.037711,1341,7.1718
7870,51,54,5.781668,6.006367,1407,7.5027
7871,54,59,4.016882,4.237903,1446,7.5555
7872,59,43,2.782284,2.773427,1410,7.5803
7873,43,57,3.138874,3.228275,1354,7.1580
7874,57,22,2.203860,2.704286,1469,7.6944
7875,22,38,1.871313,2.271570,1436,7.5611
7876,38,26,2.855207,2.905992,1420,7.6336
7877,26,42,3.170437,3.519952,1385,7.5191
7878,42,40,3.410338,3.259296,1372,7.1983
7879,40,24,3.591669,3.959970,1399,7.5114
7880,24,62,4.671364,4.704640,1430,7.6187
7881,62,46,1.982900,1.965611,1428,7.5973
7882,46,62,2.346536,1.998620,1394,7.4705
7883,62,46,1.835878,1.835800,1462,7.6112
7884,46,5,4.477340,4.796460,1429,7.5454
7885,5,13,3.615623,3.552542,1215,6.8389
7886,13,24,2.397346,2.264943,1429,7.6082
7887,24,62,4.370330,4.555657,1436,7.6381
7888,62,21,2.277995,2.563505,1426,7.5980
7889,21,54,3.084448,3.390936,1289,7.0415
7890,54,59,3.759853,4.172088,1465,7.5787
7891,59,43,2.634652,2.652929,1461,7.6130
7892,43,23,2.889808,3.377764,1377,7.3835
7893,23,37,3.930266,4.229884,1452,7.6684
7894,37,62,4.191811,4.172485,1314,7.2871
7895,62,48,2.761240,2.517324,1438,7.6225
7896,48,20,3.264835,3.626494,1462,7.6088
7897,20,47,3.217599,3.378194,1469,7.6001
7898,47,37,2.183408,2.238167,1363,7.5019
7899,37,62,3.975313,4.015080,1460,7.7106
7900,62,21,2.104510,2.376018,1342,7.3316
7901,21,53,1.609391,1.548880,1377,7.4770
7902,53,37,2.503793,2.939987,1442,7.5919
7903,37,28,2.212465,2.558827,1368,7.4038
7904,28,46,4.762372,4.762512,1456,7.7081
7905,46,63,1.991781,2.343198,1410,7.5701
7906,63,37,2.775148,2.773695,1428,7.5954
7907,37,28,2.112987,2.489006,1376,7.4841
7908,28,46,4.576210,4.633335,1426,7.6497
7909,46,63,1.890878,2.226241,1427,7.6711
7910,63,8,2.433816,2.787380,1441,7.6032
7911,8,27,2.983881,4.030995,1441,7.5927
7912,27,27,0.779665,0.500097,1458,7.6748
7913,27,16,2.042433,2.234069,1462,7.6298
7914,16,40,5.001512,5.364019,1433,7.5635
7915,40,24,3.342201,3.788079,1418,7.5000
7916,24,41,2.684023,2.634273,1347,7.3149
7917,41,22,5.048914,4.860776,1443,7.6264
7918,22,60,2.149697,2.557289,1419,7.5865
7919,60,7,3.028287,2.994343,1399,7.6104
7920,7,57,3.768647,3.812641,1372,7.3906
7921,57,22,2.564942,2.741252,1418,7.6094
7922,22,38,1.822609,2.243920,1446,7.5931
7923,38,26,2.641631,2.798068,1451,7.6727
7924,26,17,2.876057,3.206150,1438,7.6164
7925,17,23,4.392316,4.763215,1430,7.5942
7926,23,0,2.752091,2.822836,1440,7.6350
7927,0,57,2.199898,2.481529,1441,7.6072
7928,57,22,2.416337,2.635374,1424,7.6635
7929,22,38,1.912192,2.190804,1440,7.5665
7930,38,26,2.581445,2.709469,1425,7.6302
7931,26,13,4.549718,4.263216,1450,7.6189
7932,13,24,2.199037,2.269795,1423,7.6440
7933,24,62,4.224736,4.580131,1426,7.5749
7934,62,21,1.998258,2.338238,1437,7.6179
7935,21,53,1.693608,1.526230,1423,7.6098
7936,53,21,1.514388,1.483050,1429,7.5597
7937,21,54,3.280909,3.402144,1439,7.6148
7938,54,30,2.209183,2.628374,1369,7.2711
7939,30,31,1.498579,1.536247,1404,7.3988
7940,31,42,2.080340,2.203681,1494,7.6287
7941,42,22,3.467180,4.469927,1428,7.6240
7942,22,38,1.771428,2.080286,1453,7.6058
7943,38,26,2.344269,2.627199,1443,7.6791
7944,26,17,3.013518,3.253358,1446,7.6316
7945,17,0,3.147705,3.155596,1377,7.4490
7946,0,62,4.140467,3.974766,1429,7.5972
7947,62,21,2.114786,2.226358,1342,7.3196
7948,21,53,1.507788,1.579177,1321,7.0993
7949,53,21,1.431345,1.419906,1291,6.8564
7950,21,55,3.936845,4.593836,1420,7.5926
7951,55,26,3.557130,3.743540,1317,7.0897
7952,26,13,4.454621,4.175818,1441,7.6161
7953,13,31,5.022771,5.371256,1319,6.9942
7954,31,42,1.883078,2.020699,1443,7.6189
7955,42,22,3.527197,4.432688,1459,7.6203
7956,22,38,1.699084,2.012600,1429,7.5928
7957,38,26,2.415036,2.561214,1456,7.6630
7958,26,42,3.401649,3.665676,1410,7.5272
7959,42,40,3.360120,3.317938,1430,7.5760
7960,40,33,3.040719,2.861464,1325,7.2691
7961,33,48,3.745046,4.729712,1355,7.2402
7962,48,20,3.171691,3.480771,1384,7.4293
7963,20,47,3.150676,3.271827,1417,7.5399
7964,47,37,2.297442,2.198905,1248,6.8402
7965,37,62,4.006745,4.106267,1357,7.3848
7966,62,21,1.930815,2.092144,1413,7.5494
7967,21,53,1.566230,1.624860,1261,6.9327
7968,53,21,1.362993,1.363627,1424,7.5840
7969,21,54,3.474952,3.511581,1406,7.4432
7970,54,30,2.118006,2.634466,1439,7.5411
7971,30,31,1.601751,1.628847,1396,7.3995
7972,31,42,1.790013,2.040069,1440,7.6050
7973,42,40,3.204831,3.199927,1451,7.6031
7974,40,23,4.011370,3.859538,1377,7.3659
7975,23,0,2.645688,2.749201,1440,7.6534
7976,0,62,4.078732,3.864893,1456,7.6472
7977,62,21,1.652826,2.027361,1456,7.6142
7978,21,53,1.628927,1.649477,1404,7.5601
7979,53,37,2.934262,3.148667,1439,7.5918
7980,37,28,2.160476,2.423732,1363,7.2808
7981,28,46,4.499682,4.524164,1409,7.6694
7982,46,63,2.320330,2.188675,1452,7.6378
7983,63,37,2.539429,2.652609,1449,7.6413
7984,37,62,3.961317,4.039474,1309,7.2742
7985,62,21,1.573857,1.998895,1438,7.6210
7986,21,55,3.894532,4.495865,1448,7.6420
7987,55,58,2.512171,2.638538,1441,7.6033
7988,58,4,3.342187,3.510146,1434,7.5671
7989,4,40,3.300367,3.076013,1413,7.6489
7990,40,24,3.517925,3.854640,1440,7.5738
7991,24,62,4.232595,4.676726,1390,7.5659
7992,62,21,1.603575,1.937948,1444,7.6111
7993,21,54,3.394656,3.450378,1446,7.6439
7994,54,59,3.716510,4.265584,1483,7.5912
7995,59,43,2.698264,2.575356,1432,7.6086
7996,43,23,3.052884,3.365389,1455,7.6173
7997,23,0,2.450181,2.656178,1441,7.6305
7998,0,62,3.998011,3.878429,1456,7.6214
7999,62,46,2.291900,2.249297,1434,7.6168
8000,46,63,2.008293,2.169644,1391,7.5117
8001,63,8,2.944676,2.724294,1440,7.6189
8002,8,4,3.662413,4.679296,1405,7.5485
8003,4,15,3.032137,2.589790,1434,7.6552
8004,15,33,3.161082,3.145962,1364,7.2854
8005,33,47,3.456838,3.984887,1356,7.2550
8006,47,63,2.542208,3.005530,1399,7.5613
8007,63,63,0.895673,0.643303,1381,7.4754
8008,63,63,0.772054,0.541145,1452,7.6095
8009,63,37,2.672506,2.780954,1470,7.6306
8010,37,62,3.997231,4.038050,1418,7.6402
8011,62,46,2.194444,2.140925,1356,7.4083
8012,46,62,2.097747,2.008852,1301,7.1821
8013,62,46,2.104164,2.005026,1469,7.6434
8014,46,63,2.396458,2.148135,1461,7.6504
8015,63,37,2.353419,2.602842,1436,7.6053
8016,37,62,3.575832,3.811352,1438,7.7037
8017,62,46,1.894321,1.906002,1438,7.6297
8018,46,5,4.806200,4.878057,1416,7.5810
8019,5,13,3.898357,3.645115,1412,7.5208
8020,13,24,2.219756,2.280641,1452,7.6563
8021,24,41,2.731176,2.605893,1457,7.6375
8022,41,55,2.793505,3.462663,1440,7.5958
8023,55,58,2.496355,2.530667,1361,7.3596
8024,58,4,3.353240,3.525007,1408,7.5196
8025,4,40,3.264971,3.063225,1455,7.6707
8026,40,33,2.919693,2.765831,1442,7.5383
8027,33,48,3.763459,4.809394,1415,7.5170
8028,48,41,3.446536,3.197383,1458,7.6539
8029,41,22,5.015963,4.918146,1451,7.6062
8030,22,38,1.534274,1.885131,1445,7.6575
8031,38,26,2.266781,2.476687,1442,7.6470
8032,26,13,4.286989,4.217690,1394,7.4278
8033,13,24,2.228112,2.228435,1445,7.6087
8034,24,62,4.409654,4.909826,1450,7.6360
8035,62,48,2.657531,2.751133,1352,7.4094
8036,48,20,3.424942,3.468253,1408,7.4688
8037,20,30,4.425758,4.666039,1398,7.4732
8038,30,10,4.236154,4.571207,1365,7.2935
8039,10,61,2.851713,3.029041,1395,7.4658
8040,61,6,2.949546,2.904500,1384,7.4191
8041,6,12,3.388192,3.495481,1452,7.5881
8042,12,40,4.910001,4.936890,1450,7.6245
8043,40,23,3.795673,3.759868,1272,7.0614
8044,23,0,2.397899,2.591398,1421,7.5390
8045,0,62,4.177073,3.917073,1439,7.6127
8046,62,21,1.923615,2.263220,1440,7.6450
8047,21,53,1.811422,1.727284,1454,7.6565
8048,53,21,1.572828,1.556740,1438,7.5803
8049,21,53,1.706686,1.630502,1426,7.6010
8050,53,45,3.596938,3.841745,1439,7.5919
8051,45,54,2.370537,2.092632,1354,7.1709
8052,54,30,2.231181,2.724125,1465,7.5769
8053,30,31,1.688028,1.674653,1381,7.3988
8054,31,42,1.846008,2.038475,1462,7.6305
8055,42,55,3.588931,4.072483,1440,7.5960
8056,55,58,2.297287,2.434103,1295,6.9747
8057,58,51,5.537402,5.986410,1414,7.4426
8058,51,54,5.758665,5.903639,1402,7.5262
8059,54,30,2.187530,2.562359,1374,7.3436
8060,30,31,1.774136,1.670342,1324,7.1483
8061,31,30,1.991881,1.743077,1475,7.5904
8062,30,31,1.652640,1.560821,1461,7.5632
8063,31,42,1.861035,2.161809,1436,7.5669
8064,42,40,3.350430,3.379626,1452,7.6389
8065,40,33,2.692109,2.623030,1335,7.0196
8066,33,62,3.459730,4.240569,1363,7.4416
8067,62,48,2.578267,2.578326,1425,7.5350
8068,48,20,3.148725,3.401947,1391,7.4693
8069,20,30,4.202448,4.712537,1463,7.6154
8070,30,40,4.475885,5.002762,1396,7.4843
8071,40,24,3.474582,3.876634,1410,7.5249
8072,24,62,4.531157,4.736198,1412,7.5631
8073,62,46,1.995231,1.955103,1415,7.5537
8074,46,63,2.434047,2.236856,1437,7.6132
8075,63,37,2.212028,2.444318,1364,7.4682
8076,37,62,3.931366,4.013016,1198,6.4852
8077,62,46,1.959875,1.852065,1453,7.6506
8078,46,63,2.180127,2.211919,1453,7.6118
8079,63,37,2.025737,2.356502,1429,7.5721
8080,37,62,3.742531,3.857471,1290,6.9440
8081,62,46,1.817081,1.771421,1440,7.5706
8082,46,62,2.007185,1.852675,1427,7.5874
8083,62,48,2.628603,2.685706,1383,7.3599
8084,48,20,3.113696,3.345216,1421,7.5831
8085,20,19,2.920697,3.085804,1446,7.5756
8086,19,50,3.361029,3.638527,1428,7.5636
8087,50,9,4.273259,4.637478,1347,7.2243
8088,9,13,3.378236,3.508309,1433,7.5370
8089,13,24,2.197131,2.263988,1449,7.6274
8090,24,62,4.358261,4.830617,1465,7.6622
8091,62,46,1.723506,1.722659,1439,7.6503
8092,46,62,1.968240,1.760689,1450,7.6395
8093,62,46,1.595949,1.623443,1454,7.6482
8094,46,63,2.375216,2.440004,1443,7.6252
8095,63,8,2.729893,3.019140,1440,7.6090
8096,8,27,2.694262,3.961543,1454,7.5851
8097,27,27,0.737053,0.487805,1473,7.6454
8098,27,16,2.035420,2.196668,1463,7.6372
8099,16,4,3.709982,4.152677,1467,7.6549
8100,4,40,3.435780,3.102186,1373,7.4542
8101,40,24,3.436022,3.779647,1356,7.3146
8102,24,62,4.266865,4.598598,1396,7.4547
8103,62,48,2.582242,2.616327,1448,7.6155
8104,48,41,3.411052,3.474514,1421,7.5415
8105,41,55,2.844145,3.389869,1419,7.5236
8106,55,58,2.333011,2.360856,1336,7.3379
8107,58,15,3.285640,3.377272,1449,7.6787
8108,15,1,3.594060,3.571319,1411,7.4972
8109,1,46,3.955455,4.164329,1440,7.6576
8110,46,63,2.101839,2.232854,1401,7.4529
8111,63,37,2.003207,2.380803,1451,7.6553
8112,37,62,3.701887,3.749804,1410,7.5996
8113,62,21,2.460500,2.698003,1449,7.6448
8114,21,53,1.708239,1.587666,1439,7.6111
8115,53,21,1.664886,1.692247,1448,7.6195
8116,21,55,3.482821,4.044762,1413,7.5360
8117,55,30,2.461792,2.831637,1432,7.6047
8118,30,40,4.408381,4.840144,1396,7.4766
8119,40,24,3.183936,3.676223,1373,7.4562
8120,24,62,4.249157,4.503651,1438,7.5975
8121,62,46,1.708414,1.755225,1417,7.5312
8122,46,63,2.019103,2.184335,1408,7.5808
8123,63,8,2.889554,3.058988,1440,7.5889
8124,8,4,3.347092,4.719311,1455,7.6081
8125,4,15,2.765573,2.546046,1427,7.6222
8126,15,1,3.477864,3.497638,1422,7.5371
8127,1,59,2.984946,3.021162,1283,6.8183
8128,59,21,3.371601,4.053725,1442,7.6005
8129,21,55,3.426756,3.838090,1408,7.5691
8130,55,30,2.514102,2.739542,1431,7.5941
8131,30,31,1.745414,1.633782,1453,7.5517
8132,31,42,1.866038,2.130308,1442,7.5301
8133,42,55,3.392489,3.969388,1407,7.4665
8134,55,30,2.447828,2.633149,1446,7.6106
8135,30,10,4.502062,4.806936,1424,7.5355
8136,10,37,3.840303,3.688900,1444,7.5926
8137,37,28,2.513850,2.659972,1370,7.5097
8138,28,10,3.434629,3.405564,1422,7.6222
8139,10,37,3.507706,3.490541,1452,7.5870
8140,37,62,3.628338,3.649895,1434,7.6852
8141,62,48,2.463512,2.591847,1353,7.2976
8142,48,13,5.457501,5.681323,1293,7.1328
8143,13,24,2.347825,2.299086,1270,7.0634
8144,24,62,4.149098,4.479348,1460,7.6331
8145,62,21,2.244318,2.651480,1450,7.6912
8146,21,55,3.497327,3.688127,1407,7.4813
8147,55,26,3.734872,4.042441,1457,7.6252
8148,26,13,4.019979,4.029830,1407,7.5709
8149,13,24,2.158534,2.230579,1381,7.4575
8150,24,62,3.865581,4.321124,1444,7.5994
8151,62,46,1.795700,1.832716,1452,7.6458
8152,46,63,2.076310,2.160867,1351,7.2214
8153,63,8,2.569262,2.898226,1416,7.5475
8154,8,27,2.756017,4.113062,1442,7.5659
8155,27,16,1.722136,2.059505,1423,7.5981
8156,16,41,4.903385,5.300130,1433,7.6017
8157,41,24,2.523603,2.379057,1389,7.3944
8158,24,62,3.699148,4.115518,1449,7.6443
8159,62,21,2.481122,2.639899,1475,7.6972
8160,21,54,3.074526,3.210503,1459,7.6531
8161,54,59,3.636236,4.012341,1348,7.1613
8162,59,43,2.634827,2.562838,1391,7.3881
8163,43,3,3.821210,4.333424,1448,7.5840
8164,3,12,3.757162,3.860976,1321,7.0526
8165,12,62,5.423966,5.335367,1425,7.5884
8166,62,21,2.320086,2.467015,1446,7.6570
8167,21,54,2.897917,3.104175,1184,6.4514
8168,54,43,3.327035,3.332983,1358,7.2362
8169,43,23,2.931260,3.389844,1351,7.2379
8170,23,0,2.241090,2.496381,1453,7.6651
8171,0,43,4.136930,4.637428,1435,7.6181
8172,43,23,2.964414,3.164737,1458,7.5901
8173,23,62,4.398436,4.858760,1459,7.6510
8174,62,21,2.254071,2.318544,1428,7.6100
8175,21,54,2.862494,3.009557,1419,7.5949
8176,54,30,2.179376,2.693336,1352,7.1211
8177,30,40,3.864963,4.781978,1451,7.5859
8178,40,24,3.411182,3.776230,1420,7.5660
8179,24,62,3.623762,4.049260,1354,7.3113
8180,62,46,1.895182,1.915996,1408,7.5407
8181,46,62,2.185154,2.042906,1452,7.6335
8182,62,48,2.500733,2.637653,1434,7.6166
8183,48,13,5.173752,5.450782,1461,7.6116
8184,13,32,2.811472,2.599927,1415,7.5467
8185,32,29,2.802639,2.988891,1448,7.6204
8186,29,29,1.577546,0.925986,1390,7.4488
8187,29,4,4.071612,4.362784,1413,7.5351
8188,4,40,3.490392,3.129126,1346,7.3620
8189,40,24,3.335350,3.618943,1385,7.2723
8190,24,41,2.887839,2.910641,1317,7.0513
8191,41,55,3.268303,3.515265,1448,7.5885
8192,55,58,2.511306,2.589497,1378,7.4226
8193,58,4,3.603418,3.741418,1389,7.4260
8194,4,40,3.033440,2.950758,1438,7.6469
8195,40,24,3.328993,3.485444,1428,7.4958
8196,24,62,3.470758,3.784089,1459,7.6402
8197,62,21,1.996747,2.407304,1460,7.6714
8198,21,54,2.719893,2.845495,1427,7.5345
8199,54,30,2.092335,2.658075,1453,7.5950
8200,30,10,4.360460,4.621410,1460,7.6222
8201,10,61,3.020238,3.158335,1357,7.2024
8202,61,53,3.913662,4.119222,1398,7.5037
8203,53,21,1.653817,1.662852,1408,7.5254
8204,21,53,2.388284,2.153017,1408,7.5738
8205,53,21,1.582947,1.563071,1418,7.4604
8206,21,53,2.029535,1.988399,1380,7.4418
8207,53,21,1.460714,1.481707,1424,7.5599
8208,21,54,2.658932,2.878382,1331,7.1935
8209,54,43,3.404241,3.569517,1446,7.5714
8210,43,23,2.770821,3.071056,1455,7.5875
8211,23,0,2.422416,2.492539,1447,7.6597
8212,0,43,3.950880,4.476268,1438,7.6288
8213,43,23,2.595516,2.877648,1480,7.5904
8214,23,62,4.973800,5.136176,1463,7.6628
8215,62,21,1.819303,2.222674,1401,7.5090
8216,21,54,2.353322,2.743652,1421,7.5499
8217,54,43,3.071795,3.565018,1357,7.0956
8218,43,23,2.224561,2.813593,1400,7.3911
8219,23,37,4.436819,4.651588,1457,7.6551
8220,37,47,3.048944,3.144864,1434,7.6761
8221,47,35,3.110180,3.115622,1395,7.5870
8222,35,49,4.153038,4.617328,1422,7.5215
8223,49,17,3.490565,3.137261,1221,6.7876
8224,17,0,3.074942,3.100472,1424,7.5239
8225,0,62,4.555097,4.585514,1350,7.2445
8226,62,48,2.409840,2.498991,1428,7.6311
8227,48,20,3.289046,3.391867,1422,7.5075
8228,20,19,2.855084,2.977827,1417,7.4665
8229,19,51,2.078066,2.113647,1471,7.6143
8230,51,4,4.703152,4.618500,1433,7.5968
8231,4,23,5.305454,5.728172,1335,7.3014
8232,23,0,2.338254,2.594856,1391,7.4612
8233,0,62,4.561179,4.457996,1424,7.6075
8234,62,46,2.038827,2.012727,1281,7.0967
8235,46,5,4.737685,4.774523,1438,7.6274
8236,5,13,3.940967,3.704738,1347,7.2360
8237,13,31,5.385294,5.396911,1373,7.4632
8238,31,42,2.008837,1.981522,1421,7.5599
8239,42,40,3.130116,3.246027,1441,7.6073
8240,40,33,2.809687,2.934235,1432,7.5515
8241,33,62,3.162600,3.920562,1418,7.4668
8242,62,21,2.004782,2.272607,1459,7.6433
8243,21,54,2.267262,2.544395,1460,7.6673
8244,54,43,3.260265,3.501932,1432,7.5321
8245,43,57,2.997157,3.455372,1373,7.3402
8246,57,35,3.736864,3.906908,1398,7.5410
8247,35,48,3.755936,3.866068,1390,7.3836
8248,48,41,3.498265,3.433304,1427,7.5759
8249,41,22,4.998625,4.697681,1431,7.6004
8250,22,60,2.470278,2.702831,1418,7.6084
8251,60,7,3.016425,2.865969,1426,7.7051
8252,7,57,3.543014,3.686323,1376,7.4822
8253,57,22,2.724149,2.985276,1372,7.4655
8254,22,38,1.709164,1.942428,1457,7.6413
8255,38,26,2.143923,2.421655,1404,7.5865
8256,26,17,3.175204,3.409094,1437,7.6343
8257,17,23,4.392644,4.931718,1423,7.5453
8258,23,0,2.259577,2.383059,1313,7.1861
8259,0,57,2.560338,2.984546,1452,7.6409
8260,57,22,2.750082,2.879744,1433,7.6705
8261,22,38,1.715350,1.904643,1426,7.5765
8262,38,0,4.178370,4.813104,1462,7.6937
8263,0,57,2.514692,2.792060,1427,7.5908
8264,57,35,3.833481,3.900505,1435,7.6925
8265,35,43,3.834558,3.722931,1349,7.3495
8266,43,23,2.490654,2.923416,1399,7.4046
8267,23,62,4.565794,4.828575,1441,7.6228
8268,62,21,1.905583,2.154884,1467,7.6759
8269,21,54,2.361961,2.451615,1415,7.5679
8270,54,43,3.159605,3.541401,1456,7.6095
8271,43,57,3.460248,3.397015,1461,7.5882
8272,57,22,2.655778,2.841211,1432,7.6948
8273,22,38,1.511503,1.867949,1450,7.6044
8274,38,26,2.142162,2.442810,1451,7.6598
8275,26,13,4.346065,4.040670,1449,7.6310
8276,13,32,2.670580,2.513580,1332,7.2879
8277,32,10,4.537368,4.758601,1184,6.7105
8278,10,1,4.184199,4.223572,1266,6.8578
8279,1,59,2.771214,2.913807,1449,7.6362
8280,59,43,2.483428,2.423203,1363,7.3467
8281,43,23,2.474181,2.948865,1358,7.2883
8282,23,0,2.496113,2.498846,1416,7.6155
8283,0,57,2.238743,2.691328,1483,7.6892
8284,57,22,2.493041,2.723870,1385,7.4844
8285,22,38,1.493001,1.872480,1415,7.5526
8286,38,49,4.845005,5.084848,1449,7.6167
8287,49,17,3.363533,3.057886,1339,7.3072
8288,17,23,4.310776,4.825063,1414,7.4898
8289,23,62,4.306908,4.701960,1460,7.6496
8290,62,48,2.374850,2.487127,1454,7.6265
8291,48,13,4.964172,5.331204,1435,7.6142
8292,13,32,2.784079,2.478582,1444,7.6065
8293,32,10,4.340565,4.657823,1456,7.7072
8294,10,1,4.081953,4.058258,1435,7.5274
8295,1,46,4.008895,4.122634,1397,7.4553
8296,46,62,2.226227,2.077784,1333,7.2150
8297,62,46,2.096705,2.065185,1428,7.6095
8298,46,63,2.438046,2.273406,1455,7.6139
8299,63,37,2.407729,2.694683,1384,7.4513
8300,37,62,4.013124,4.006814,1459,7.7356
8301,62,46,2.053492,1.940917,1452,7.6424
8302,46,63,2.197429,2.236105,1436,7.5919
8303,63,63,1.021179,0.763368,1426,7.5750
8304,63,37,2.486155,2.717603,1453,7.6130
8305,37,28,2.418784,2.567705,1368,7.4053
8306,28,10,3.544170,3.490089,1423,7.6577
8307,10,61,2.876174,3.028334,1442,7.6156
8308,61,6,2.951524,2.854530,1448,7.6187
8309,6,12,3.298821,3.416939,1391,7.3086
8310,12,46,5.065911,4.978080,1387,7.4898
8311,46,63,1.879841,2.005827,1440,7.6132
8312,63,63,0.852193,0.621053,1445,7.6274
8313,63,63,0.685928,0.520768,1435,7.6041
8314,63,37,2.560733,2.841966,1385,7.3309
8315,37,28,2.324102,2.524541,1432,7.6983
8316,28,53,3.518004,3.446198,1282,7.2487
8317,53,37,2.956759,3.027183,1276,6.9356
8318,37,62,3.837041,3.957923,1455,7.6841
8319,62,46,2.057937,1.949584,1355,7.3489
8320,46,63,1.663037,1.881990,1450,7.6074
8321,63,8,3.011066,3.269133,1426,7.5794
8322,8,27,2.954281,3.950541,1457,7.6139
8323,27,16,1.723333,1.960802,1432,7.5994
8324,16,4,3.668407,4.103042,1456,7.6076
8325,4,40,3.042756,2.869117,1482,7.6928
8326,40,23,4.269215,4.231105,1426,7.5129
8327,23,0,2.058947,2.344195,1431,7.6031
8328,0,57,2.339124,2.644679,1428,7.6187
8329,57,2,3.198201,3.277710,1445,7.7399
8330,2,9,2.582185,2.805989,1445,7.6932
8331,9,13,3.670025,3.716141,1452,7.6285
8332,13,32,2.682514,2.371712,1440,7.6268
8333,32,10,4.252394,4.658824,1415,7.5685
8334,10,37,3.756007,3.717520,1434,7.5794
8335,37,62,3.678922,3.771660,1381,7.5528
8336,62,21,2.265332,2.351752,1413,7.5569
8337,21,54,2.161843,2.264198,1318,7.0859
8338,54,30,2.537332,3.087469,1438,7.5350
8339,30,31,1.944109,1.969793,1320,7.1056
8340,31,42,1.889175,1.965145,1458,7.5899
8341,42,40,3.041564,3.152183,1437,7.5996
8342,40,23,4.170235,4.093001,1404,7.4700
8343,23,37,4.405059,4.595886,1368,7.3377
8344,37,62,3.470022,3.542072,1416,7.5977
8345,62,21,2.115373,2.241849,1416,7.5407
8346,21,53,2.373033,2.315770,1417,7.5998
8347,53,21,1.901101,1.784677,1389,7.3706
8348,21,53,2.145640,2.147277,1453,7.6437
8349,53,21,1.750634,1.684477,1344,7.2209
8350,21,53,2.042289,1.992158,1435,7.6095
8351,53,37,2.789876,3.193033,1370,7.2984
8352,37,62,3.379519,3.453113,1404,7.6020
8353,62,48,2.786199,2.773944,1346,7.2645
8354,48,13,4.725334,5.131905,1436,7.6092
8355,13,32,2.541375,2.334543,1447,7.6289
8356,32,29,2.699025,3.045654,1461,7.6918
8357,29,29,1.328482,0.780878,1394,7.4458
8358,29,29,1.083066,0.659985,1445,7.5722
8359,29,23,6.622067,6.751767,1448,7.5713
8360,23,37,4.152044,4.368946,1410,7.5494
8361,37,28,2.214367,2.462958,1459,7.7701
8362,28,46,4.437163,4.498040,1461,7.7029
8363,46,62,2.075111,1.849323,1432,7.6441
8364,62,21,1.894143,2.191179,1412,7.6059
8365,21,53,1.908950,1.909193,1424,7.5929
8366,53,37,2.826284,3.145450,1348,7.2920
8367,37,28,2.108989,2.409860,1407,7.6368
8368,28,46,4.377575,4.389111,1349,7.4286
8369,46,63,2.138185,1.977424,1438,7.6248
8370,63,37,2.409731,2.853135,1379,7.4908
8371,37,62,3.121081,3.285120,1443,7.7562
8372,62,46,2.022015,2.076056,1409,7.5705
8373,46,63,2.016062,1.949043,1397,7.5339
8374,63,37,2.411189,2.758715,1421,7.6149
8375,37,62,2.920539,3.153933,1446,7.6763
8376,62,21,1.959830,2.248142,1417,7.5982
8377,21,54,2.413633,2.605266,1379,7.3446
8378,54,30,2.394370,2.934682,1381,7.2294
8379,30,31,1.854633,1.939814,1455,7.6386
8380,31,42,1.817586,1.950022,1452,7.6031
8381,42,40,3.019178,3.046610,1434,7.5958
8382,40,23,4.026250,3.963643,1418,7.4733
8383,23,0,2.200469,2.345489,1439,7.6296
8384,0,62,4.467823,4.312623,1438,7.6024
8385,62,46,2.038631,2.013654,1447,7.6376
8386,46,63,1.897474,1.943882,1432,7.6199
8387,63,8,3.101257,3.218520,1443,7.5647
8388,8,27,2.537922,3.825294,1280,6.9850
8389,27,16,1.701408,1.906388,1476,7.6497
8390,16,41,4.736992,5.194006,1337,7.2154
8391,41,22,5.042231,4.857411,1390,7.4428
8392,22,38,1.370560,1.785646,1412,7.5473
8393,38,49,4.561781,4.872292,1400,7.5952
8394,49,42,5.318976,4.792115,1404,7.5625
8395,42,55,3.217402,3.911924,1460,7.6104
8396,55,30,2.300439,2.580363,1458,7.6727
8397,30,10,4.399920,4.647757,1443,7.5412
8398,10,1,3.807372,4.020122,1418,7.5470
8399,1,46,3.868690,4.064919,1435,7.6238
8400,46,63,1.808614,1.846941,1351,7.4054
8401,63,63,0.831253,0.591103,1404,7.5239
8402,63,63,0.672506,0.494638,1404,7.5047
8403,63,63,0.604877,0.414237,1438,7.5928
8404,63,37,2.715121,3.128661,1414,7.5415
8405,37,62,2.913425,3.160533,1362,7.4461
8406,62,46,2.128030,1.967074,1417,7.5738
8407,46,62,1.979009,1.800013,1443,7.6408
8408,62,21,2.362768,2.366870,1461,7.6670
8409,21,55,3.521883,4.016253,1381,7.3634
8410,55,30,2.151862,2.499166,1410,7.5244
8411,30,31,2.152259,1.967693,1331,7.0230
8412,31,42,1.860459,2.065256,1450,7.6353
8413,42,22,4.209002,4.588422,1417,7.5530
8414,22,38,1.401009,1.725331,1448,7.5968
8415,38,0,4.521172,4.956421,1453,7.6824
8416,0,57,2.076730,2.508957,1432,7.6083
8417,57,2,3.146089,3.153301,1395,7.6079
8418,2,52,2.475604,2.821414,1356,7.4752
8419,52,54,6.010162,6.050728,1336,7.2882
8420,54,43,3.232913,3.239491,1243,6.6871
8421,43,23,3.023018,3.279121,1357,7.3200
8422,23,62,3.717448,4.205057,1451,7.6564
8423,62,48,2.989887,3.086588,1391,7.5198
8424,48,13,4.553093,4.901015,1388,7.3718
8425,13,32,2.369299,2.304084,1434,7.6401
8426,32,10,4.314694,4.675509,1438,7.6377
8427,10,61,2.745360,3.014661,1357,7.2383
8428,61,53,3.803629,4.004769,1268,6.8988
8429,53,45,3.531593,3.634502,1403,7.5073
8430,45,54,2.636365,2.141090,1472,7.6148
8431,54,30,2.386810,2.722684,1446,7.5781
8432,30,31,1.833992,1.906932,1431,7.5483
8433,31,42,2.031419,2.042252,1475,7.6272
8434,42,55,3.094766,3.854128,1438,7.6049
8435,55,58,2.504958,2.581836,1433,7.6034
8436,58,4,3.304728,3.671665,1366,7.2409
8437,4,15,2.710681,2.470801,1433,7.6412
8438,15,26,4.406586,4.555477,1285,6.8391
8439,26,17,2.986719,3.188407,1425,7.6079
8440,17,23,4.383885,4.900229,1451,7.5866
8441,23,62,3.616110,4.057727,1414,7.5479
8442,62,21,2.019442,2.302707,1364,7.4086
8443,21,55,3.397366,3.845580,1422,7.5921
8444,55,58,2.316255,2.532258,1461,7.6439
8445,58,4,3.420316,3.650474,1392,7.4422
8446,4,40,2.876825,2.866973,1421,7.6163
8447,40,33,2.794104,2.932469,1418,7.4963
8448,33,48,3.835430,4.699991,1303,7.1521
8449,48,20,3.115833,3.332181,1460,7.6540
8450,20,19,2.743413,2.855335,1409,7.4832
8451,19,51,2.088157,2.078561,1471,7.6461
8452,51,4,4.608277,4.592977,1341,7.1748
8453,4,40,2.612074,2.676880,1433,7.6582
8454,40,33,3.046276,2.824079,1467,7.6005
8455,33,62,3.538230,4.179848,1329,7.0962
8456,62,21,2.052269,2.173812,1367,7.3714
8457,21,54,2.579369,2.851253,1435,7.6175
8458,54,30,2.255189,2.718213,1445,7.5611
8459,30,31,1.757617,1.898487,1400,7.4710
8460,31,42,1.821999,2.010945,1439,7.5612
8461,42,22,4.128838,4.545134,1438,7.6145
8462,22,38,1.327372,1.697681,1450,7.5900
8463,38,0,4.175998,4.734116,1422,7.6395
8464,0,57,1.972021,2.350224,1424,7.5798
8465,57,2,2.981339,3.049731,1418,7.6313
8466,2,52,2.748198,2.745559,1362,7.3320
8467,52,8,4.183944,4.415727,1430,7.5729
8468,8,4,4.434412,4.875592,1445,7.5835
8469,4,40,2.619659,2.656796,1442,7.6637
8470,40,24,3.379533,3.509962,1429,7.5968
8471,24,62,4.462744,4.921924,1382,7.3434
8472,62,21,1.877062,2.015322,1454,7.6588
8473,21,55,3.542908,3.905466,1438,7.6359
8474,55,58,2.290517,2.512328,1444,7.6438
8475,58,4,3.572544,3.749682,1395,7.4152
8476,4,23,5.202471,5.484711,1374,7.4952
8477,23,62,3.699563,3.943067,1441,7.6299
8478,62,21,1.815952,1.908974,1450,7.6610
8479,21,53,2.465304,2.508878,1433,7.6225
8480,53,45,3.364030,3.523738,1414,7.5544
8481,45,54,2.570716,2.021406,1365,7.3173
8482,54,59,4.102632,4.550024,1424,7.5256
8483,59,20,4.857267,5.436795,1459,7.6310
8484,20,19,2.685129,2.743369,1418,7.4991
8485,19,50,3.426089,3.688296,1426,7.5244
8486,50,9,4.200784,4.543967,1380,7.3267
8487,9,13,3.657419,3.740429,1369,7.3485
8488,13,24,2.788600,2.638728,1420,7.6018
8489,24,41,2.918841,2.833743,1424,7.5678
8490,41,22,4.877894,4.710004,1441,7.6306
8491,22,38,1.295208,1.663526,1397,7.4307
8492,38,26,2.626240,2.825113,1433,7.6420
8493,26,42,3.567404,3.812544,1443,7.6121
8494,42,22,3.983974,4.290177,1393,7.2770
8495,22,38,1.259072,1.651056,1445,7.5764
8496,38,26,2.426126,2.692474,1412,7.6046
8497,26,13,4.059841,3.955163,1433,7.6035
8498,13,32,2.316345,2.255963,1416,7.5841
8499,32,10,4.216884,4.557798,1442,7.6534
8500,10,61,2.849108,2.873554,1216,6.7462
8501,61,33,4.221775,4.390790,1313,7.1187
8502,33,47,4.238994,4.192673,1382,7.4889
8503,47,63,2.781957,3.271391,1335,7.3627
8504,63,63,0.779971,0.527133,1369,7.4204
8505,63,63,0.601824,0.441059,1412,7.5428
8506,63,8,3.063360,3.463730,1433,7.6055
8507,8,2,4.596824,4.604300,1415,7.5578
8508,2,52,2.315688,2.567083,1435,7.6795
8509,52,58,6.192765,5.935265,1370,7.3087
8510,58,4,3.407903,3.438778,1358,7.3273
8511,4,23,5.045820,5.319503,1328,7.3330
8512,23,0,2.228315,2.501408,1322,7.0710
8513,0,62,4.301817,4.116768,1449,7.6320
8514,62,21,1.702940,1.845611,1296,7.0758
8515,21,54,2.771265,3.036596,1394,7.4219
8516,54,43,3.219663,3.237603,1440,7.5889
8517,43,23,3.018026,3.414857,1395,7.4457
8518,23,0,2.177262,2.420579,1346,7.2195
8519,0,57,2.079327,2.403719,1442,7.6122
8520,57,2,3.058389,3.024577,1437,7.6667
8521,2,7,2.714306,2.546385,1449,7.6737
8522,7,57,3.868756,3.867180,1359,7.3523
8523,57,2,2.939849,2.768462,1437,7.6681
8524,2,9,2.982223,3.095968,1406,7.5723
8525,9,13,3.740606,3.628375,1459,7.6350
8526,13,24,2.678886,2.614487,1362,7.3103
8527,24,62,4.282117,4.983936,1468,7.6052
8528,62,21,1.698426,1.741458,1450,7.6532
8529,21,55,3.282083,3.981891,1415,7.6009
8530,55,58,2.433564,2.619236,1450,7.6227
8531,58,4,3.081761,3.386159,1318,7.0283
8532,4,40,2.593824,2.525977,1407,7.5692
8533,40,24,3.396523,3.502912,1463,7.6051
8534,24,62,4.540992,4.777482,1397,7.2891
8535,62,46,2.380197,2.216003,1458,7.6627
8536,46,63,1.860336,1.812506,1406,7.5115
8537,63,63,0.627801,0.405396,1427,7.5738
8538,63,63,0.511380,0.340380,1454,7.6173
8539,63,63,0.438599,0.288448,1304,7.1530
8540,63,63,0.376350,0.246673,1438,7.6060
8541,63,63,0.332697,0.213107,1394,7.5140
8542,63,8,3.331026,3.872969,1452,7.5947
8543,8,2,4.547059,4.742726,1435,7.5946
8544,2,9,2.729672,2.900736,1177,6.4861
8545,9,13,3.731546,3.532697,1390,7.4541
8546,13,24,2.599090,2.627537,1431,7.6185
8547,24,62,4.050120,4.626859,1434,7.5919
8548,62,46,2.267396,2.106652,1377,7.3922
8549,46,62,2.211355,2.032087,1316,7.0324
8550,62,48,2.862871,3.009802,1458,7.6673
8551,48,13,4.621648,4.982148,1408,7.5360
8552,13,31,4.979834,5.569750,1419,7.5825
8553,31,19,4.429180,4.755655,1392,7.4494
8554,19,50,3.520629,3.565887,1381,7.3021
8555,50,9,4.226120,4.536619,1414,7.5173
8556,9,13,3.494718,3.480212,1239,6.7321
8557,13,32,2.533640,2.298902,1303,7.1595
8558,32,5,4.361690,4.518478,1370,7.2400
8559,5,13,3.828071,3.648879,1438,7.6227
8560,13,24,2.756843,2.596985,1464,7.6585
8561,24,41,2.744065,2.830650,1439,7.6187
8562,41,24,2.455180,2.351874,1399,7.5087
8563,24,41,2.643444,2.622194,1469,7.6222
8564,41,55,3.806308,3.768143,1429,7.5820
8565,55,58,2.213348,2.485591,1316,7.1618
8566,58,4,3.164310,3.360225,1424,7.5958
8567,4,40,2.435722,2.420453,1447,7.6561
8568,40,24,3.434641,3.592860,1319,7.2101
8569,24,41,2.353592,2.521850,1363,7.2740
8570,41,22,4.801688,4.748402,1436,7.5945
8571,22,2,3.658034,3.621671,1348,7.3811
8572,2,9,2.809937,2.865722,1329,7.1744
8573,9,13,3.475825,3.412954,1324,7.1032
8574,13,24,2.545861,2.612000,1431,7.6211
8575,24,62,4.401107,4.603246,1453,7.6017
8576,62,21,1.753686,1.886243,1417,7.5990
8577,21,53,2.421606,2.524130,1406,7.5842
8578,53,21,1.964451,1.914358,1192,6.6568
8579,21,53,2.416348,2.345570,1412,7.4451
8580,53,45,3.196528,3.546156,1338,7.1231
8581,45,21,3.974268,3.851926,1426,7.5653
8582,21,54,2.643646,2.877950,1444,7.6193
8583,54,59,4.083565,4.478774,1453,7.6021
8584,59,21,4.098912,4.352048,1425,7.5833
8585,21,53,2.055934,2.098802,1429,7.6058
8586,53,21,1.854006,1.795222,1355,7.2086
8587,21,53,1.982119,1.954638,1408,7.5934
8588,53,45,3.266351,3.621213,1426,7.5793
8589,45,54,2.360011,1.945530,1369,7.2255
8590,54,30,2.333736,2.939519,1446,7.5830
8591,30,10,4.231467,4.563219,1439,7.5665
8592,10,37,4.544981,3.873320,1385,7.3567
8593,37,62,3.496616,3.739135,1401,7.5388
8594,62,21,1.796610,1.880669,1341,7.3101
8595,21,55,3.154470,3.914292,1439,7.6616
8596,55,26,4.184181,4.288750,1443,7.6311
8597,26,13,4.191602,3.980276,1436,7.6134
8598,13,31,5.328985,5.532445,1255,6.8000
8599,31,30,1.947038,1.810559,1424,7.5187
8600,30,31,2.156416,2.036276,1444,7.5863
8601,31,42,1.948834,2.038900,1434,7.5540
8602,42,40,3.451376,3.352899,1475,7.6436
8603,40,24,3.363347,3.553207,1384,7.4377
8604,24,41,2.327065,2.474607,1434,7.5637
8605,41,22,4.741317,4.623003,1385,7.3005
8606,22,38,1.442916,1.763208,1369,7.2677
8607,38,26,2.321462,2.569304,1428,7.6286
8608,26,42,3.360753,3.729566,1440,7.6247
8609,42,40,3.032259,3.228613,1430,7.5644
8610,40,33,3.128064,2.959592,1451,7.6075
8611,33,62,2.930312,3.809316,1319,7.0785
8612,62,21,1.742172,1.813937,1392,7.4441
8613,21,54,2.560253,2.980516,1376,7.3908
8614,54,30,2.294955,2.880020,1411,7.4409
8615,30,31,1.881692,2.022475,1446,7.5782
8616,31,19,4.539772,4.703748,1425,7.5667
8617,19,51,2.245675,2.169398,1441,7.5915
8618,51,54,6.198635,6.383455,1393,7.4751
8619,54,30,2.291652,2.684373,1469,7.5985
8620,30,31,1.746677,1.991628,1450,7.5739
8621,31,42,2.088414,2.135808,1445,7.5549
8622,42,55,3.243940,3.927717,1437,7.6026
8623,55,58,2.421727,2.523326,1474,7.6342
8624,58,4,3.109823,3.266767,1368,7.3008
8625,4,40,2.305433,2.476846,1339,7.2987
8626,40,33,2.793181,2.823862,1352,7.2360
8627,33,62,2.949103,3.716924,1387,7.4254
8628,62,46,2.257942,2.191849,1448,7.6851
8629,46,63,1.801336,1.789644,1375,7.3759
8630,63,63,0.497241,0.286140,1464,7.6146
8631,63,8,3.069411,3.398811,1420,7.5417
8632,8,4,4.973892,5.550029,1450,7.5835
8633,4,40,2.236259,2.450956,1448,7.6562
8634,40,24,3.413775,3.515858,1461,7.6158
8635,24,62,3.935923,4.318190,1446,7.5939
8636,62,21,1.804276,1.882391,1443,7.6335
8637,21,53,2.095803,2.208006,1419,7.5774
8638,53,21,1.861544,1.788384,1347,7.2968
8639,21,53,2.094154,2.072471,1339,7.1909
8640,53,45,3.211730,3.582242,1289,7.0109
8641,45,21,3.697634,3.625731,1387,7.3309
8642,21,55,3.606018,3.952446,1354,7.2572
8643,55,30,2.426679,2.737574,1447,7.6148
8644,30,31,1.855374,1.941171,1477,7.6578
8645,31,42,1.885013,2.102601,1425,7.5778
8646,42,40,3.237946,3.324749,1444,7.6081
8647,40,33,2.602430,2.787995,1423,7.5560
8648,33,48,4.000084,4.990080,1397,7.4646
8649,48,41,3.644437,3.274965,1359,7.2289
8650,41,55,3.706513,3.753462,1460,7.6327
8651,55,58,2.513430,2.517315,1435,7.5935
8652,58,4,3.190360,3.310619,1429,7.5710
8653,4,15,2.528868,2.519959,1428,7.6155
8654,15,1,3.522359,3.430082,1447,7.6392
8655,1,33,2.913755,2.905236,1410,7.4920
8656,33,47,3.819691,4.260121,1382,7.4711
8657,47,63,2.667374,3.114400,1429,7.5641
8658,63,8,2.707119,2.951652,1428,7.5226
8659,8,4,4.956078,5.576538,1444,7.5580
8660,4,40,2.619335,2.554042,1419,7.6071
8661,40,24,3.110725,3.376430,1431,7.5460
8662,24,62,3.776380,4.117703,1276,7.0346
8663,62,46,2.277793,2.158861,1378,7.4133
8664,46,62,2.229046,1.987012,1415,7.5728
8665,62,21,1.911026,1.964504,1444,7.6619
8666,21,55,3.315415,3.761705,1325,7.2710
8667,55,58,2.270362,2.485111,1434,7.6002
8668,58,15,3.761589,3.951863,1413,7.5096
8669,15,33,3.206649,2.951695,1470,7.6510
8670,33,48,3.918705,4.899560,1454,7.6096
8671,48,13,4.737131,4.979950,1451,7.6213
8672,13,24,2.824090,2.768465,1447,7.6335
8673,24,41,2.575922,2.538354,1452,7.6005
8674,41,55,3.173975,3.640774,1439,7.5981
8675,55,58,2.246903,2.369524,1422,7.5395
8676,58,4,3.465743,3.528155,1362,7.1941
8677,4,40,2.398539,2.470418,1434,7.5828
8678,40,33,2.692269,2.674281,1418,7.5246
8679,33,48,3.849388,4.835362,1389,7.3656
8680,48,20,3.259539,3.468424,1416,7.5396
8681,20,47,3.303451,3.553192,1439,7.5589
8682,47,37,2.803268,2.748688,1417,7.4803
8683,37,62,3.848142,3.867140,1390,7.4772
8684,62,21,1.718621,1.862607,1464,7.6736
8685,21,53,1.946463,2.068260,1369,7.3115
8686,53,45,2.983844,3.359928,1410,7.5403
8687,45,54,2.318022,2.041668,1434,7.5790
8688,54,30,2.335497,2.606551,1446,7.5716
8689,30,31,1.756841,1.944619,1390,7.4103
8690,31,30,1.884466,1.777652,1422,7.5354
8691,30,31,1.722885,1.834371,1428,7.5161
8692,31,42,2.095495,2.208512,1440,7.5703
8693,42,22,3.801653,4.204373,1428,7.5815
8694,22,38,1.385058,1.735873,1423,7.5767
8695,38,0,4.011805,4.562530,1440,7.6343
8696,0,57,1.928387,2.308447,1437,7.6214
8697,57,2,2.788598,2.731410,1449,7.6879
8698,2,9,2.565637,2.769937,1383,7.5218
8699,9,13,3.306284,3.399471,1345,7.2830
8700,13,32,2.383135,2.386635,1341,7.2044
8701,32,10,4.326888,4.439372,1435,7.6284
8702,10,61,2.784640,2.807049,1435,7.5805
8703,61,33,4.323789,4.381553,1443,7.6300
8704,33,48,3.588079,4.629851,1397,7.4575
8705,48,20,3.057940,3.401864,1462,7.6383
8706,20,19,2.618830,2.808812,1354,7.2708
8707,19,51,2.102181,2.125599,1449,7.6026
8708,51,54,6.158762,6.253066,1444,7.5747
8709,54,43,2.954495,3.091430,1445,7.5872
8710,43,3,4.126884,4.608633,1233,6.6568
8711,3,12,3.649218,3.764209,1395,7.4432
8712,12,62,5.393622,5.393907,1450,7.6196
8713,62,48,2.610138,2.663374,1321,7.1935
8714,48,20,2.990627,3.344804,1441,7.6026
8715,20,19,2.410528,2.772755,1466,7.6040
8716,19,50,3.561985,3.642989,1466,7.6135
8717,50,34,2.260189,1.986605,1256,6.8524
8718,34,5,4.119029,4.358625,1449,7.5957
8719,5,30,4.485441,4.663228,1451,7.6096
8720,30,10,4.077222,4.649240,1434,7.5309
8721,10,61,2.807307,2.782049,1308,7.1420
8722,61,53,3.569713,3.923969,1438,7.6130
8723,53,37,3.184415,3.429616,1444,7.6196
8724,37,28,2.378901,2.406107,1434,7.6519
8725,28,46,4.180393,4.170940,1313,7.1082
8726,46,63,2.094698,1.959297,1443,7.6558
8727,63,8,2.266677,2.655405,1413,7.5357
8728,8,4,4.989847,5.492357,1403,7.3547
8729,4,40,2.236578,2.458102,1429,7.6155
8730,40,23,3.912722,4.254546,1407,7.5255
8731,23,0,2.359958,2.437423,1458,7.6721
8732,0,57,1.830729,2.254251,1431,7.6052
8733,57,2,2.666969,2.656820,1432,7.7027
8734,2,52,2.592264,2.899621,1393,7.5383
8735,52,54,5.745734,5.871704,1439,7.6228
8736,54,30,2.160619,2.484180,1449,7.5844
8737,30,31,1.640599,1.851403,1423,7.5053
8738,31,30,1.861292,1.769993,1348,7.1383
8739,30,10,3.881284,4.613491,1419,7.5335
8740,10,37,3.953302,3.856564,1418,7.5417
8741,37,62,3.861403,3.790416,1335,7.3049
8742,62,21,1.854226,1.884843,1325,7.1594
8743,21,53,1.935410,2.057633,1449,7.6306
8744,53,21,1.932463,1.875102,1432,7.5302
8745,21,53,1.903651,1.928764,1455,7.6641
8746,53,21,1.917701,1.766613,1433,7.5853
8747,21,54,3.101136,3.347120,1427,7.6197
8748,54,30,2.123208,2.461409,1434,7.5585
8749,30,10,3.721680,4.466465,1435,7.5606
8750,10,1,4.100353,4.228416,1391,7.4454
8751,1,59,2.845628,2.915868,1355,7.3215
8752,59,21,4.036540,4.410080,1462,7.6238
8753,21,53,1.857487,1.811241,1361,7.4181
8754,53,45,3.042974,3.496726,1466,7.6598
8755,45,54,2.337331,2.108491,1394,7.4577
8756,54,59,3.843778,4.231362,1436,7.5046
8757,59,20,4.715725,5.538011,1445,7.6267
8758,20,30,4.690751,4.777422,1439,7.6216
8759,30,31,1.850099,1.892493,1339,7.1133
8760,31,42,2.053911,2.190912,1458,7.5679
8761,42,22,3.474367,3.996084,1470,7.6404
8762,22,60,2.970553,3.205752,1437,7.5945
8763,60,7,3.053762,2.933687,1396,7.5260
8764,7,45,4.720585,4.811795,1309,7.1396
8765,45,21,3.405581,3.519745,1387,7.4402
8766,21,54,2.626913,2.958885,1193,6.5797
8767,54,30,2.226495,2.594071,1442,7.5517
8768,30,10,3.988593,4.312833,1298,7.0950
8769,10,37,3.978135,3.776612,1254,6.8369
8770,37,62,3.577116,3.697873,1375,7.4913
8771,62,46,2.290376,2.149038,1465,7.7029
8772,46,62,2.180528,1.932297,1405,7.5628
8773,62,46,2.079514,2.007612,1445,7.6515
8774,46,63,2.339451,2.075444,1447,7.5953
8775,63,8,2.230968,2.504370,1441,7.5772
8776,8,2,4.863349,5.208370,1456,7.5835
8777,2,9,2.622601,2.722370,1342,7.3241
8778,9,41,5.445869,5.913640,1325,7.0861
8779,41,24,1.973478,2.216326,1457,7.6229
8780,24,62,4.340122,4.479661,1414,7.6060
8781,62,48,2.658344,2.677292,1468,7.6675
8782,48,41,3.674405,3.396753,1445,7.6405
8783,41,55,3.491071,3.509530,1455,7.6214
8784,55,58,2.097875,2.283303,1428,7.5819
8785,58,4,3.096566,3.430609,1408,7.5064
8786,4,40,2.470125,2.378845,1450,7.6703
8787,40,23,3.923311,4.105980,1364,7.2577
8788,23,37,4.171159,4.547243,1446,7.6295
8789,37,47,3.130550,3.495014,1422,7.6364
8790,47,37,2.849932,2.721355,1432,7.5757
8791,37,28,2.272097,2.305782,1443,7.7163
8792,28,10,4.089562,3.876429,1347,7.3064
8793,10,61,3.194814,2.999421,1368,7.2870
8794,61,6,3.003873,3.017153,1437,7.5954
8795,6,23,5.169836,5.204164,1446,7.5683
8796,23,0,2.628158,2.386771,1443,7.6190
8797,0,57,1.733922,2.213084,1427,7.6301
8798,57,2,2.934173,2.700015,1463,7.7244
8799,2,9,2.655427,2.634230,1365,7.4288
8800,9,13,3.375702,3.312742,1454,7.6443
8801,13,24,2.741691,2.771391,1453,7.6860
8802,24,36,4.971027,5.181358,1409,7.4781
8803,36,37,5.779959,5.542214,1444,7.5806
8804,37,47,2.887433,3.249515,1441,7.6717
8805,47,63,2.779410,3.256263,1425,7.6194
8806,63,8,2.083098,2.339335,1311,7.0976
8807,8,27,3.268370,4.533501,1464,7.5904
8808,27,16,1.692095,1.819981,1464,7.6272
8809,16,41,4.419199,4.870870,1357,7.2125
8810,41,24,2.119643,2.166580,1395,7.5184
8811,24,62,4.006980,4.359953,1388,7.4863
8812,62,48,2.460330,2.507031,1452,7.6843
8813,48,20,2.998238,3.376338,1447,7.5930
8814,20,19,2.336528,2.744521,1449,7.6541
8815,19,51,2.188558,2.167982,1426,7.5845
8816,51,56,3.831595,4.240829,1345,7.2780
8817,56,54,5.546949,5.435107,1378,7.4413
8818,54,30,2.138139,2.462411,1422,7.5257
8819,30,40,4.598510,5.417099,1433,7.6108
8820,40,33,2.814278,2.711452,1436,7.5844
8821,33,47,3.789775,4.271979,1430,7.5661
8822,47,63,2.745121,3.188294,1391,7.3770
8823,63,63,0.967675,0.622703,1458,7.5998
8824,63,63,0.793576,0.519558,1436,7.5785
8825,63,8,2.004665,2.443240,1428,7.5746
8826,8,4,5.375364,5.558438,1437,7.5700
8827,4,15,2.489809,2.487192,1420,7.6200
8828,15,1,3.480836,3.409016,1471,7.6345
8829,1,46,3.821641,4.092373,1396,7.3749
8830,46,63,1.759807,1.937725,1434,7.6171
8831,63,8,1.800483,2.362387,1455,7.6124
8832,8,2,4.918536,5.329997,1381,7.3677
8833,2,52,2.589107,2.812353,1345,7.3384
8834,52,8,4.662815,4.768632,1436,7.6051
8835,8,2,4.522748,4.857440,1463,7.5752
8836,2,9,2.387975,2.527700,1396,7.5767
8837,9,41,5.161642,5.925759,1479,7.6913
8838,41,22,4.303051,4.344451,1402,7.5316
8839,22,2,3.975928,3.872189,1316,7.0778
8840,2,7,2.822952,2.859222,1440,7.6509
8841,7,45,4.533916,4.605839,1401,7.5145
8842,45,21,3.477415,3.495636,1362,7.2672
8843,21,53,1.738562,1.693870,1451,7.6381
8844,53,21,1.736849,1.737001,1474,7.6472
8845,21,53,1.669524,1.599399,1425,7.6184
8846,53,45,3.291155,3.598368,1366,7.2462
8847,45,21,3.559326,3.236099,1440,7.5307
8848,21,53,1.484625,1.492231,1379,7.3215
8849,53,21,1.737606,1.667517,1324,6.9995
8850,21,53,1.386815,1.422675,1272,6.7510
8851,53,45,3.195045,3.587491,1429,7.5964
8852,45,54,2.520871,2.211725,1445,7.6076
8853,54,30,2.366235,2.457039,1452,7.6103
8854,30,31,1.742099,2.056218,1442,7.5913
8855,31,42,2.013603,2.119714,1429,7.5728
8856,42,22,3.329971,3.827583,1439,7.5964
8857,22,2,3.999212,3.846102,1376,7.3523
8858,2,52,2.527206,2.799101,1442,7.6539
8859,52,54,5.647932,5.772947,1327,7.0911
8860,54,30,1.999203,2.350465,1436,7.5385
8861,30,10,3.673600,4.268124,1455,7.5808
8862,10,61,3.009965,2.986383,1380,7.4083
8863,61,33,4.247486,4.366149,1445,7.6612
8864,33,62,3.085494,3.814345,1359,7.3615
8865,62,21,2.088493,2.309434,1275,6.8620
8866,21,53,1.422459,1.461792,1446,7.6458
8867,53,37,3.572888,3.801866,1464,7.6267
8868,37,28,2.109530,2.319464,1378,7.2798
8869,28,46,3.961879,4.061517,1418,7.5795
8870,46,63,1.994874,1.899651,1406,7.5371
8871,63,8,2.064295,2.438219,1247,6.7798
8872,8,2,4.335313,4.956547,1399,7.4420
8873,2,7,2.788194,2.765271,1409,7.5938
8874,7,57,3.805902,3.744427,1426,7.6503
8875,57,2,2.934702,2.629224,1341,7.2554
8876,2,7,2.513085,2.655750,1423,7.6236
8877,7,57,3.530899,3.603735,1435,7.6418
8878,57,22,3.561233,3.733949,1326,7.2962
8879,22,38,1.584646,1.933492,1432,7.5864
8880,38,0,3.906522,4.458666,1434,7.6371
8881,0,43,4.162628,4.481267,1423,7.5916
8882,43,23,3.214554,3.339306,1417,7.5015
8883,23,37,4.097955,4.277565,1279,6.8880
8884,37,62,3.938326,3.830757,1462,7.7018
8885,62,46,2.368232,2.098705,1451,7.6644
8886,46,63,1.977158,1.891898,1430,7.5725
8887,63,8,1.862085,2.381984,1445,7.5919
8888,8,2,4.566299,4.941869,1414,7.5319
8889,2,52,2.681970,2.757694,1434,7.6868
8890,52,8,4.712266,4.770802,1445,7.6174
8891,8,4,4.889420,5.412853,1424,7.5835
8892,4,40,2.421673,2.523820,1417,7.5919
8893,40,33,2.759156,2.659906,1451,7.5893
8894,33,62,2.953963,3.753175,1366,7.3500
8895,62,46,2.166134,2.000262,1430,7.6392
8896,46,63,1.886273,1.868102,1409,7.4473
8897,63,63,0.853489,0.496225,1450,7.5972
8898,63,8,2.092238,2.620067,1441,7.5804
8899,8,27,2.883208,4.661738,1461,7.5839
8900,27,27,1.079251,0.740677,1442,7.6017
8901,27,16,1.785621,1.868051,1412,7.5753
8902,16,41,4.157223,4.580158,1446,7.5893
8903,41,55,3.804112,3.626731,1438,7.5996
8904,55,26,4.070141,4.172159,1369,7.4322
8905,26,42,3.310335,3.604336,1391,7.5152
8906,42,40,3.536679,3.531807,1421,7.5621
8907,40,24,3.463484,3.562304,1443,7.5810
8908,24,62,3.570943,4.054257,1435,7.5322
8909,62,48,2.637549,2.572303,1451,7.6810
8910,48,13,4.988007,5.236723,1386,7.4042
8911,13,24,2.654250,2.636404,1424,7.5424
8912,24,62,3.536580,3.961936,1417,7.5034
8913,62,21,2.357585,2.468798,1444,7.6471
8914,21,55,3.646474,3.844505,1440,7.6463
8915,55,58,2.217556,2.307346,1409,7.5674
8916,58,15,3.593284,3.873904,1448,7.6243
8917,15,1,3.480125,3.303353,1429,7.5385
8918,1,59,2.930336,2.915369,1420,7.5959
8919,59,21,4.026751,4.227736,1427,7.5914
8920,21,53,1.472666,1.521028,1414,7.5286
8921,53,37,3.181407,3.622238,1384,7.3738
8922,37,62,3.976419,3.975022,1399,7.4811
8923,62,21,2.317426,2.359049,1424,7.6471
8924,21,53,1.424628,1.511873,1421,7.5715
8925,53,21,1.717531,1.753171,1386,7.4364
8926,21,54,3.041769,3.125475,1432,7.5723
8927,54,59,3.880014,4.124017,1424,7.5467
8928,59,21,3.787764,4.017602,1474,7.6398
8929,21,54,2.683421,2.863635,1329,7.2335
8930,54,30,2.148345,2.409789,1360,7.2058
8931,30,40,3.906148,5.307884,1346,7.1311
8932,40,33,2.646103,2.652964,1426,7.5788
8933,33,47,4.154028,4.223189,1436,7.5736
8934,47,35,3.389056,3.460592,1319,7.2556
8935,35,48,4.593740,4.085489,1434,7.5914
8936,48,41,3.743204,3.468516,1390,7.4033
8937,41,22,4.501109,4.349385,1452,7.6051
8938,22,38,1.533780,1.879522,1424,7.5750
8939,38,0,3.718148,4.293066,1456,7.6552
8940,0,57,1.901656,2.251272,1453,7.6573
8941,57,22,3.371040,3.708485,1423,7.6545
8942,22,2,4.150620,3.772729,1469,7.6088
8943,2,52,2.496559,2.651074,1459,7.6730
8944,52,58,6.538708,6.296793,1450,7.6885
8945,58,51,6.001020,6.406543,1425,7.5544
8946,51,4,5.016515,4.990912,1450,7.6094
8947,4,15,2.446366,2.350331,1479,7.6768
8948,15,33,3.082417,2.953343,1372,7.2750
8949,33,47,3.932703,4.039731,1379,7.3528
8950,47,63,2.605610,3.166306,1425,7.5426
8951,63,8,2.075683,2.346987,1434,7.5832
8952,8,27,3.071981,4.592644,1443,7.5434
8953,27,16,1.630614,1.836465,1429,7.5917
8954,16,4,4.239892,4.647438,1451,7.5155
8955,4,40,2.690150,2.577265,1367,7.3014
8956,40,33,2.476770,2.477743,1333,7.3103
8957,33,62,2.951973,3.716649,1406,7.4668
8958,62,48,2.570184,2.609074,1428,7.5867
8959,48,13,4.849297,5.045010,1451,7.6100
8960,13,24,2.411383,2.495497,1348,7.2344
8961,24,41,2.556990,2.577660,1428,7.5547
8962,41,24,2.091861,2.126979,1432,7.5993
8963,24,62,3.436480,4.001079,1408,7.4822
8964,62,46,2.334990,2.192958,1426,7.6245
8965,46,62,2.412754,2.019047,1439,7.6172
8966,62,48,2.490230,2.549597,1439,7.6146
8967,48,41,3.515789,3.424156,1435,7.5988
8968,41,22,4.546223,4.355338,1464,7.6195
8969,22,38,1.530495,1.879147,1376,7.2964
8970,38,0,3.616302,4.150405,1416,7.6066
8971,0,43,3.869430,4.374486,1426,7.5763
8972,43,23,3.022565,3.148910,1419,7.4766
8973,23,62,4.410250,4.704911,1405,7.5188
8974,62,48,2.200972,2.404314,1347,7.1590
8975,48,13,4.676622,5.068690,1441,7.6364
8976,13,24,2.417628,2.366341,1241,6.8564
8977,24,62,3.261805,4.039405,1449,7.6051
8978,62,48,2.130194,2.293234,1451,7.6592
8979,48,13,4.692989,4.996596,1413,7.5036
8980,13,32,2.621847,2.662569,1443,7.6178
8981,32,29,2.754705,2.987489,1441,7.6554
8982,29,29,1.036014,0.558201,1364,7.3111
8983,29,4,4.185490,4.863962,1402,7.4917
8984,4,40,2.665494,2.501223,1471,7.6895
8985,40,24,3.637279,3.780913,1402,7.4215
8986,24,62,3.091292,3.811782,1399,7.4662
8987,62,21,2.521131,2.582155,1459,7.6613
8988,21,53,1.672976,1.604372,1467,7.6636
8989,53,37,3.244153,3.505269,1431,7.6012
8990,37,62,4.130950,4.103285,1340,7.4260
8991,62,21,2.230477,2.394791,1411,7.4519
8992,21,53,1.568250,1.605161,1448,7.6195
8993,53,45,3.350146,3.524673,1382,7.4671
8994,45,54,2.231959,2.022583,1476,7.6148
8995,54,30,2.249063,2.339575,1362,7.2528
8996,30,10,3.423069,4.123243,1431,7.5994
8997,10,1,4.179111,4.340136,1440,7.5875
8998,1,59,2.803214,2.802461,1480,7.6413
8999,59,21,3.712630,4.030695,1434,7.5941
9000,21,54,2.437396,2.718921,1403,7.4767
9001,54,59,3.855233,4.171439,1437,7.5322
9002,59,43,2.537478,2.701444,1394,7.5329
9003,43,23,2.749684,3.047414,1436,7.5970
9004,23,0,2.807403,2.558346,1443,7.6432
9005,0,62,5.591264,5.403775,1434,7.5886
9006,62,21,2.098909,2.298478,1449,7.6750
9007,21,54,2.454323,2.642635,1336,7.2503
9008,54,30,2.126603,2.374883,1403,7.2815
9009,30,31,2.447082,2.402014,1430,7.5784
9010,31,42,1.959256,2.115438,1383,7.3483
9011,42,22,3.096659,3.698612,1420,7.5802
9012,22,38,1.516434,1.848936,1440,7.5775
9013,38,26,2.515646,2.767174,1427,7.6113
9014,26,13,3.973360,4.025989,1435,7.6672
9015,13,32,2.610244,2.548735,1282,7.0876
9016,32,10,4.390618,4.712360,1473,7.6729
9017,10,1,4.132844,4.159553,1298,6.8774
9018,1,46,3.949968,4.068112,1389,7.4193
9019,46,62,2.338534,2.052486,1366,7.2643
9020,62,21,2.162956,2.206809,1461,7.6899
9021,21,53,1.895829,1.848503,1470,7.6704
9022,53,37,2.963215,3.370781,1423,7.5764
9023,37,62,4.032641,3.960644,1449,7.7126
9024,62,46,2.336830,2.256380,1441,7.6527
9025,46,5,5.011073,4.979685,1461,7.6485
9026,5,13,3.880756,3.780906,1445,7.5537
9027,13,24,2.296176,2.398357,1435,7.6326
9028,24,62,3.186938,4.066896,1460,7.6127
9029,62,21,2.001258,2.156216,1430,7.6543
9030,21,53,1.697033,1.818508,1359,7.2341
9031,53,21,1.897416,1.823700,1315,7.3060
9032,21,53,1.752021,1.712206,1420,7.5669
9033,53,45,3.077592,3.594090,1446,7.6110
9034,45,54,2.088617,1.882477,1418,7.5043
9035,54,43,3.802637,3.539552,1350,7.1530
9036,43,23,2.795887,2.994491,1442,7.5918
9037,23,0,2.705717,2.465350,1445,7.5896
9038,0,57,1.819391,2.322490,1437,7.6016
9039,57,22,3.579763,3.734224,1414,7.6294
9040,22,38,1.412634,1.786408,1415,7.5737
9041,38,26,2.317237,2.676357,1473,7.6489
9042,26,17,3.133059,3.309048,1464,7.6562
9043,17,23,4.404160,4.872531,1389,7.4810
9044,23,0,2.260835,2.277841,1216,6.7415
9045,0,62,5.527433,5.291651,1461,7.6396
9046,62,21,1.900221,2.004198,1433,7.6060
9047,21,53,1.636305,1.694771,1371,7.3233
9048,53,45,2.974521,3.471818,1382,7.3715
9049,45,54,2.037634,1.806084,1413,7.5559
9050,54,30,2.259634,2.421576,1441,7.5171
9051,30,31,2.240021,2.306963,1448,7.6033
9052,31,42,1.818915,2.108469,1439,7.5778
9053,42,22,2.891653,3.654809,1438,7.5990
9054,22,60,3.164920,3.459244,1439,7.5922
9055,60,7,3.012984,2.910197,1349,7.4051
9056,7,57,3.439261,3.504698,1264,6.9944
9057,57,2,2.869181,2.523498,1393,7.5322
9058,2,9,2.608757,2.831710,1402,7.6254
9059,9,13,3.677301,3.569339,1361,7.3825
9060,13,32,2.645167,2.449365,1389,7.4827
9061,32,5,3.891013,4.316884,1456,7.6898
9062,5,13,3.886461,3.646346,1411,7.4364
9063,13,31,5.790356,5.716167,1396,7.5473
9064,31,42,1.807607,1.979559,1452,7.5872
9065,42,22,2.800087,3.570695,1438,7.6071
9066,22,2,3.976133,3.898757,1415,7.5344
9067,2,52,2.438969,2.678644,1437,7.6066
9068,52,58,6.066283,6.090923,1456,7.6260
9069,58,4,3.317800,3.362008,1383,7.4366
9070,4,40,2.498533,2.404771,1308,7.2581
9071,40,24,3.673471,3.677021,1431,7.5779
9072,24,36,4.800486,5.020609,1430,7.5504
9073,36,44,3.555342,3.584195,1454,7.5725
9074,44,1,4.761136,4.429021,1454,7.6192
9075,1,33,2.685278,2.825045,1401,7.5470
9076,33,62,2.883067,3.598756,1390,7.3525
9077,62,48,2.419009,2.455465,1430,7.6728
9078,48,41,3.503821,3.411746,1445,7.5988
9079,41,55,3.232497,3.449088,1446,7.5992
9080,55,58,2.459161,2.521467,1444,7.6049
9081,58,4,3.232076,3.302321,1455,7.6135
9082,4,40,2.458202,2.314701,1435,7.6215
9083,40,24,3.312289,3.533503,1406,7.4360
9084,24,41,2.389721,2.673797,1368,7.2627
9085,41,24,2.181095,2.281066,1403,7.5232
9086,24,62,3.459279,3.895908,1366,7.2642
9087,62,46,2.492044,2.323706,1441,7.6015
9088,46,63,2.211299,2.190267,1447,7.5896
9089,63,37,3.312936,3.476876,1430,7.5781
9090,37,28,2.739395,2.498684,1449,7.7070
9091,28,10,4.175682,3.706586,1357,7.3433
9092,10,61,2.774466,2.893897,1367,7.3109
9093,61,53,3.758736,4.031292,1438,7.5896
9094,53,37,2.830307,3.298057,1433,7.5741
9095,37,62,4.167404,4.152552,1472,7.7605
9096,62,46,2.238739,2.159287,1351,7.3271
9097,46,63,2.171745,2.171574,1385,7.3573
9098,63,8,1.884560,2.266922,1461,7.6136
9099,8,27,3.650530,4.353317,1448,7.5826
9100,27,16,1.683933,1.808509,1437,7.5974
9101,16,4,4.150163,4.575934,1446,7.6123
9102,4,15,2.449239,2.440377,1438,7.6346
9103,15,1,3.451813,3.346780,1437,7.5658
9104,1,33,2.818470,2.703512,1440,7.6052
9105,33,47,3.705521,3.927709,1366,7.2027
9106,47,35,3.379828,3.471707,1334,7.2535
9107,35,48,4.343381,4.019777,1441,7.5996
9108,48,20,3.025424,3.430660,1305,7.0800
9109,20,30,4.726429,4.806599,1419,7.5572
9110,30,31,2.146157,2.238933,1366,7.2893
9111,31,19,4.833424,4.869391,1415,7.4759
9112,19,50,3.539265,3.533961,1456,7.6207
9113,50,9,4.372032,4.586209,1388,7.3905
9114,9,13,3.506727,3.442944,1410,7.5553
9115,13,32,2.427536,2.351407,1419,7.5904
9116,32,5,3.744007,4.151499,1439,7.6600
9117,5,13,3.809971,3.516468,1425,7.5496
9118,13,24,2.475149,2.614377,1441,7.6397
9119,24,41,2.412702,2.514720,1450,7.5884
9120,41,22,4.353746,4.378586,1461,7.6208
9121,22,38,1.580227,1.947027,1430,7.5800
9122,38,26,2.339479,2.583877,1421,7.6335
9123,26,17,3.059003,3.171870,1440,7.6456
9124,17,23,4.325179,4.785912,1415,7.5684
9125,23,37,3.958112,4.315706,1471,7.6339
9126,37,62,3.960888,4.004019,1441,7.7355
9127,62,48,2.485752,2.538722,1418,7.5832
9128,48,20,3.251720,3.389973,1434,7.5826
9129,20,47,3.570145,3.781773,1234,6.7114
9130,47,35,3.280657,3.327714,1412,7.5916
9131,35,43,4.054203,3.922821,1359,7.3466
9132,43,23,2.816096,2.873271,1415,7.5301
9133,23,37,3.796954,4.157035,1423,7.6093
9134,37,28,2.434363,2.469112,1402,7.5669
9135,28,10,3.880253,3.558654,1359,7.3385
9136,10,61,2.890020,2.768812,1398,7.4879
9137,61,33,4.159077,4.336475,1353,7.2552
9138,33,48,3.937127,4.705050,1300,6.9714
9139,48,20,3.091219,3.332020,1287,7.0429
9140,20,19,2.707239,2.828423,1437,7.5524
9141,19,51,2.198096,2.211065,1446,7.6017
9142,51,54,6.299658,6.336567,1422,7.5906
9143,54,43,3.330986,3.342464,1396,7.3538
9144,43,3,3.976558,4.350827,1440,7.5630
9145,3,12,3.579487,3.714455,1445,7.4867
9146,12,62,5.377061,5.522973,1352,7.2180
9147,62,48,2.134418,2.292093,1418,7.6270
9148,48,41,3.526241,3.365508,1430,7.5891
9149,41,55,3.381578,3.423557,1311,7.0823
9150,55,58,2.277331,2.438694,1398,7.4718
9151,58,4,3.227022,3.316630,1430,7.5881
9152,4,40,2.503284,2.299521,1296,7.1204
9153,40,33,2.554884,2.651304,1435,7.6177
9154,33,62,2.852463,3.661650,1387,7.4627
9155,62,48,2.032373,2.196141,1420,7.6195
9156,48,20,3.051209,3.391808,1443,7.6587
9157,20,19,2.534258,2.774239,1441,7.6413
9158,19,51,2.109700,2.171825,1450,7.5976
9159,51,4,5.032857,5.115822,1320,7.0057
9160,4,40,2.310276,2.156247,1451,7.6289
9161,40,24,3.456433,3.512659,1404,7.5403
9162,24,36,4.619745,4.821650,1288,7.0195
9163,36,44,3.515259,3.560166,1382,7.3179
9164,44,8,5.040934,5.207860,1351,7.3746
9165,8,27,3.317730,3.910871,1371,7.3612
9166,27,16,1.602090,1.795659,1352,7.3299
9167,16,4,4.059194,4.531038,1472,7.6575
9168,4,23,5.283631,5.724862,1306,7.2325
9169,23,0,2.182727,2.221870,1350,7.3950
9170,0,43,3.737826,4.139167,1457,7.6113
9171,43,23,2.711104,2.876756,1453,7.5854
9172,23,62,4.696425,4.915846,1466,7.6115
9173,62,21,2.121712,2.270462,1453,7.6083
9174,21,55,3.881415,3.951339,1445,7.6225
9175,55,58,2.261683,2.387722,1439,7.6060
9176,58,4,3.226008,3.422567,1454,7.6234
9177,4,40,2.094785,2.111495,1426,7.6275
9178,40,33,2.771898,2.662892,1427,7.6139
9179,33,47,4.317275,3.932047,1400,7.4150
9180,47,35,3.093176,3.274803,1382,7.4629
9181,35,48,4.241373,4.020134,1427,7.5969
9182,48,41,3.370478,3.278137,1448,7.6462
9183,41,22,4.328121,4.236018,1424,7.5841
9184,22,38,1.548908,1.902368,1426,7.6074
9185,38,26,2.184113,2.502029,1461,7.7042
9186,26,17,3.037940,3.083751,1432,7.6402
9187,17,23,4.475783,4.798560,1402,7.4410
9188,23,0,2.199766,2.111646,1427,7.5642
9189,0,62,4.981186,5.022419,1423,7.5834
9190,62,48,2.096676,2.205057,1359,7.3489
9191,48,20,2.819092,3.226232,1428,7.5815
9192,20,47,3.367011,3.810353,1389,7.4882
9193,47,35,3.044548,3.144984,1427,7.6208
9194,35,49,4.303542,4.633762,1430,7.6284
9195,49,42,5.218146,4.871917,1380,7.4477
9196,42,40,3.712460,3.715310,1438,7.6148
9197,40,23,4.479510,4.621345,1418,7.5802
9198,23,0,1.959098,2.050000,1426,7.5900
9199,0,62,4.681876,4.900366,1435,7.5921
9200,62,48,1.951450,2.098591,1309,7.0683
9201,48,20,2.694105,3.159172,1430,7.6049
9202,20,19,2.506130,2.832938,1440,7.5980
9203,19,51,2.141478,2.138636,1377,7.4137
9204,51,54,6.152944,6.324735,1338,7.2351
9205,54,43,3.335370,3.142871,1385,7.3527
9206,43,23,2.633260,2.926199,1412,7.3805
9207,23,62,4.392169,4.585999,1453,7.6121
9208,62,21,2.144837,2.236252,1347,7.2802
9209,21,53,2.040128,1.820701,1432,7.5740
9210,53,37,2.952274,3.165212,1439,7.6271
9211,37,47,3.465489,3.785967,1430,7.6832
9212,47,35,3.007174,3.050782,1424,7.6079
9213,35,48,3.934422,3.894860,1305,7.0963
9214,48,20,2.448146,2.923015,1379,7.4043
9215,20,19,2.498545,2.790068,1443,7.6123
9216,19,51,2.139229,2.101777,1466,7.6120
9217,51,56,3.917442,4.300695,1406,7.3825
9218,56,47,4.014218,4.298751,1302,7.0966
9219,47,63,2.894453,3.464289,1423,7.6293
9220,63,37,2.992728,3.203294,1408,7.5414
9221,37,47,3.515220,3.712801,1380,7.5467
9222,47,37,3.064418,2.898025,1435,7.6214
9223,37,47,3.439527,3.443116,1418,7.6339
9224,47,63,2.853033,3.301863,1422,7.6006
9225,63,63,1.268286,0.751491,1308,6.9705
9226,63,8,2.035121,2.373519,1366,7.4199
9227,8,2,4.311875,4.591468,1273,7.0033
9228,2,52,2.336234,2.514631,1287,6.9699
9229,52,54,5.655424,5.735601,1464,7.6831
9230,54,43,3.324658,2.947623,1378,7.3322
9231,43,23,2.765221,2.863200,1381,7.4407
9232,23,0,1.968699,2.063173,1433,7.6078
9233,0,62,4.358312,4.606975,1444,7.6123
9234,62,21,2.172334,2.178696,1281,7.0675
9235,21,53,1.921758,1.815719,1439,7.6252
9236,53,21,2.029816,1.923646,1424,7.5753
9237,21,53,1.659335,1.702086,1392,7.4001
9238,53,21,1.812683,1.809925,1432,7.6104
9239,21,53,1.581588,1.613465,1453,7.6469
9240,53,45,2.984833,3.396748,1455,7.6466
9241,45,21,3.243950,3.294424,1426,7.5773
9242,21,55,3.733908,4.049216,1380,7.5090
9243,55,58,2.093294,2.335439,1451,7.6263
9244,58,4,3.246079,3.321348,1447,7.6257
9245,4,40,2.194848,2.105249,1446,7.6517
9246,40,33,2.553795,2.612138,1445,7.6351
9247,33,62,3.160304,3.775304,1305,7.0333
9248,62,21,2.042262,2.079604,1329,7.2423
9249,21,53,1.487470,1.612064,1347,7.3109
9250,53,45,2.766530,3.240959,1394,7.5236
9251,45,54,2.405860,2.178417,1367,7.3040
9252,54,30,2.493820,2.491181,1328,7.1532
9253,30,40,4.114309,5.128185,1326,7.0493
9254,40,24,3.238581,3.458344,1440,7.6436
9255,24,62,3.963810,4.380270,1371,7.3445
9256,62,21,1.863989,2.028310,1434,7.6379
9257,21,53,1.596008,1.623599,1434,7.6242
9258,53,37,2.958407,3.343297,1323,7.1411
9259,37,47,3.033583,3.344437,1450,7.7375
9260,47,35,2.962012,3.036227,1417,7.5914
9261,35,43,4.195814,4.126387,1429,7.5876
9262,43,23,2.410709,2.709394,1429,7.5680
9263,23,62,4.609583,4.625791,1430,7.6119
9264,62,21,1.825013,1.956699,1449,7.6454
9265,21,55,3.382185,4.020807,1455,7.6368
9266,55,58,2.051085,2.315910,1449,7.6319
9267,58,4,3.072736,3.248866,1443,7.6212
9268,4,15,2.499120,2.525631,1297,7.1602
9269,15,26,5.023159,4.645984,1413,7.5401
9270,26,17,2.884301,2.857864,1440,7.6038
9271,17,48,4.970638,5.271311,1373,7.3474
9272,48,20,2.416458,2.749622,1425,7.5710
9273,20,19,2.496497,2.710728,1441,7.6159
9274,19,51,2.131233,2.070755,1461,7.6116
9275,51,54,6.198957,6.356283,1435,7.5921
9276,54,30,2.367495,2.339485,1261,6.9430
9277,30,40,4.052350,5.039460,1379,7.2871
9278,40,23,4.416924,4.563194,1426,7.6005
9279,23,62,4.432288,4.363804,1440,7.6125
9280,62,21,1.786245,1.890468,1330,7.1715
9281,21,53,1.569208,1.734986,1430,7.5929
9282,53,45,2.859214,3.178196,1429,7.5930
9283,45,21,3.301097,3.313123,1415,7.4134
9284,21,55,3.442825,3.896380,1432,7.5716
9285,55,58,2.011795,2.295197,1358,7.3882
9286,58,4,3.051425,3.172416,1452,7.6219
9287,4,23,5.306327,5.703704,1392,7.5500
9288,23,0,1.828395,2.157465,1442,7.6293
9289,0,57,2.202659,2.755880,1423,7.5871
9290,57,2,2.506962,2.386917,1427,7.6457
9291,2,9,2.575179,2.888941,1320,7.3427
9292,9,13,3.255827,3.339901,1417,7.6023
9293,13,24,2.745505,2.741659,1308,7.1054
9294,24,62,4.078420,4.481796,1425,7.5759
9295,62,21,1.707856,1.888898,1456,7.6294
9296,21,53,1.681370,1.719389,1446,7.6188
9297,53,45,2.516418,3.041227,1428,7.6073
9298,45,54,2.572432,2.325595,1422,7.4651
9299,54,43,2.966742,2.968084,1456,7.6108
9300,43,3,3.804781,4.356198,1428,7.5975
9301,3,1,4.462785,4.617240,1253,6.8786
9302,1,46,3.957062,4.027382,1313,7.0402
9303,46,62,2.522552,2.431489,1441,7.5843
9304,62,46,2.831960,2.555842,1432,7.6109
9305,46,62,2.365814,2.267912,1418,7.4476
9306,62,21,1.748237,1.883319,1446,7.6304
9307,21,55,3.429937,3.769723,1452,7.6677
9308,55,30,2.938968,3.290624,1338,7.1493
9309,30,40,4.320786,4.823563,1307,7.0165
9310,40,24,3.247702,3.498116,1436,7.6162
9311,24,62,3.877515,4.303524,1456,7.6098
9312,62,48,2.679055,2.581382,1442,7.6064
9313,48,20,2.196179,2.688325,1471,7.6199
9314,20,19,2.324820,2.664482,1453,7.6104
9315,19,50,3.943539,3.933521,1427,7.5765
9316,50,34,2.250608,2.014560,1395,7.3956
9317,34,13,4.296710,4.827660,1447,7.5819
9318,13,32,2.534868,2.270567,1283,7.0223
9319,32,10,4.506243,4.820891,1426,7.6166
9320,10,37,3.424945,3.569183,1378,7.4284
9321,37,62,4.239284,4.279748,1337,7.2680
9322,62,21,1.762004,1.824053,1430,7.5882
9323,21,55,3.081956,3.599488,1447,7.6175
9324,55,58,2.222873,2.385968,1434,7.6228
9325,58,51,6.352381,6.563181,1420,7.5828
9326,51,4,5.063677,5.063195,1441,7.5914
9327,4,40,1.927783,2.168402,1446,7.6656
9328,40,24,3.205381,3.382924,1444,7.6143
9329,24,62,3.826669,4.186544,1162,6.4017
9330,62,21,1.614138,1.776457,1388,7.4917
9331,21,54,3.338518,3.675941,1444,7.6154
9332,54,43,3.013263,2.896000,1382,7.2085
9333,43,23,2.568703,2.925708,1359,7.2649
9334,23,37,4.096425,4.180395,1426,7.5699
9335,37,47,2.999463,3.213790,1471,7.7053
9336,47,63,2.625307,3.195247,1386,7.5018
9337,63,63,1.164489,0.715888,1422,7.5212
9338,63,8,2.121933,2.275814,1445,7.5952
9339,8,4,5.659135,5.555607,1427,7.5745
9340,4,40,1.923560,2.149490,1237,6.8701
9341,40,24,2.967958,3.258138,1325,7.0845
9342,24,41,2.572051,2.763354,1311,7.1247
9343,41,55,2.987892,3.340562,1431,7.6101
9344,55,58,2.109658,2.307030,1420,7.5832
9345,58,4,3.088015,3.392535,1440,7.6051
9346,4,40,1.870539,2.082394,1431,7.5958
9347,40,24,3.014011,3.154803,1378,7.3564
9348,24,62,3.625925,3.988871,1353,7.3050
9349,62,21,1.620764,1.748704,1471,7.6656
9350,21,53,2.165393,2.082341,1441,7.6161
9351,53,45,2.453672,2.860466,1452,7.6081
9352,45,54,2.417240,2.129656,1371,7.3106
9353,54,59,3.947574,4.119959,1314,7.1822
9354,59,21,4.031744,4.109981,1449,7.5778
9355,21,54,2.987940,3.402153,1228,6.7215
9356,54,30,2.374444,2.526469,1462,7.6112
9357,30,31,2.206892,2.362083,1433,7.5712
9358,31,30,2.342949,1.969671,1465,7.5880
9359,30,31,2.159863,2.203261,1410,7.5414
9360,31,42,2.009448,2.312119,1439,7.5683
9361,42,40,3.362772,3.628384,1470,7.6620
9362,40,24,2.736608,3.003908,1335,7.1405
9363,24,41,2.788442,2.774294,1380,7.3604
9364,41,55,2.884936,3.227927,1458,7.6494
9365,55,58,1.950782,2.257289,1418,7.5233
9366,58,15,4.058893,4.347093,1321,6.9340
9367,15,33,2.985282,2.942396,1435,7.4651
9368,33,47,4.029501,3.907732,1341,7.0462
9369,47,37,2.851895,2.773830,1440,7.6616
9370,37,28,2.430360,2.518912,1395,7.5629
9371,28,46,4.066451,4.107241,1400,7.5494
9372,46,63,2.289825,2.196374,1245,6.8693
9373,63,8,1.905807,2.208135,1387,7.4462
9374,8,4,5.824674,5.484678,1335,7.1248
9375,4,40,1.934786,2.204992,1447,7.6410
9376,40,24,2.660593,2.896501,1443,7.6406
9377,24,36,4.634503,4.780120,1410,7.4935
9378,36,20,5.000769,4.336247,1343,7.1235
9379,20,19,2.217855,2.460449,1433,7.5790
9380,19,51,2.169993,2.173240,1419,7.4924
9381,51,54,6.149460,6.196151,1324,7.0291
9382,54,59,3.685248,3.973182,1373,7.3247
9383,59,43,2.449462,2.557784,1293,7.0280
9384,43,23,2.752206,2.822163,1417,7.5660
9385,23,0,2.133187,2.157110,1440,7.6301
9386,0,57,2.158776,2.672180,1428,7.5953
9387,57,2,2.309026,2.339289,1379,7.5063
9388,2,9,2.553454,2.798267,1420,7.5595
9389,9,13,3.012112,3.225215,1335,7.3492
9390,13,24,3.138651,3.171060,1411,7.5185
9391,24,41,2.492311,2.667300,1446,7.6198
9392,41,22,4.053015,4.102599,1424,7.5553
9393,22,38,1.546522,1.904579,1435,7.6100
9394,38,49,4.460804,4.753410,1458,7.6543
9395,49,17,3.139480,2.885367,1354,7.3563
9396,17,0,3.138237,3.533728,1345,7.3540
9397,0,62,4.748705,4.654346,1400,7.5344
9398,62,21,1.804333,1.795637,1377,7.4906
9399,21,54,3.059249,3.281954,1378,7.4589
9400,54,30,2.156674,2.418138,1397,7.3820
9401,30,10,3.957008,4.302487,1433,7.6528
9402,10,61,2.607581,2.669158,1313,7.2042
9403,61,53,3.821119,4.148921,1400,7.4900
9404,53,45,2.447786,2.690088,1436,7.6154
9405,45,21,3.228712,3.534821,1449,7.6005
9406,21,53,2.140452,2.077637,1447,7.5973
9407,53,21,2.024099,1.818176,1432,7.5906
9408,21,54,2.601062,3.104498,1320,7.0504
9409,54,30,2.140958,2.388220,1471,7.5872
9410,30,31,2.037085,2.269010,1431,7.5454
9411,31,30,2.187469,1.827552,1445,7.5934
9412,30,10,3.685825,4.263886,1424,7.5421
9413,10,37,3.578387,3.529251,1380,7.4305
9414,37,62,4.429352,4.415130,1414,7.5964
9415,62,48,2.814503,2.591581,1445,7.6030
9416,48,20,2.517480,2.711108,1419,7.5739
9417,20,30,5.279215,5.336312,1348,7.1888
9418,30,31,2.008758,2.127131,1438,7.5625
9419,31,30,2.137796,1.788070,1460,7.5869
9420,30,10,3.597998,4.119383,1453,7.5673
9421,10,1,4.238661,4.294266,1396,7.3690
9422,1,46,4.123609,3.918229,1371,7.3611
9423,46,62,2.517435,2.370701,1451,7.5847
9424,62,21,1.775401,1.762858,1439,7.6158
9425,21,53,1.986232,2.046843,1450,7.6387
9426,53,21,1.950063,1.746207,1435,7.5968
9427,21,53,2.042521,1.910177,1425,7.5609
9428,53,21,1.910300,1.650087,1459,7.6241
9429,21,53,1.831753,1.760796,1448,7.6042
9430,53,37,3.221958,3.566390,1414,7.4327
9431,37,28,2.337402,2.477061,1419,7.5745
9432,28,53,3.461290,3.514260,1414,7.5682
9433,53,37,2.916102,3.261413,1424,7.5788
9434,37,28,2.143348,2.454962,1432,7.6717
9435,28,10,3.643245,3.520986,1405,7.5589
9436,10,1,3.871452,4.158706,1376,7.3251
9437,1,33,2.851143,2.769133,1379,7.3218
9438,33,62,3.157808,3.591469,1357,7.2657
9439,62,21,1.633724,1.746136,1440,7.6553
9440,21,55,3.222300,3.797845,1443,7.6416
9441,55,58,2.054366,2.251695,1385,7.3380
9442,58,15,3.693547,4.195443,1416,7.5620
9443,15,33,2.842945,2.878382,1490,7.6275
9444,33,47,3.853313,3.768483,1304,7.1751
9445,47,37,2.634748,2.805502,1393,7.5113
9446,37,47,3.319469,3.292599,1411,7.6088
9447,47,37,2.705778,2.593571,1397,7.6274
9448,37,47,2.989790,3.044857,1446,7.7191
9449,47,35,3.128206,3.237546,1413,7.5971
9450,35,49,4.387641,4.679225,1372,7.4491
9451,49,24,5.186372,5.077446,1283,7.2634
9452,24,41,2.305745,2.450922,1352,7.3204
9453,41,24,2.221656,2.394431,1418,7.5383
9454,24,41,2.287169,2.284557,1362,7.3213
9455,41,55,2.979531,3.311769,1402,7.4867
9456,55,58,2.086341,2.184103,1384,7.3042
9457,58,15,3.707344,4.128440,1421,7.5369
9458,15,1,3.673492,3.500272,1447,7.5851
9459,1,46,3.937319,3.872965,1456,7.5809
9460,46,63,2.478981,2.259912,1288,7.1083
9461,63,63,1.067268,0.696647,1385,7.4503
9462,63,63,1.058360,0.582959,1464,7.6187
9463,63,8,1.826455,2.334113,1434,7.5758
9464,8,27,3.491232,3.969680,1356,7.3801
9465,27,27,1.150068,0.783914,1432,7.6029
9466,27,16,1.667056,1.836855,1441,7.6005
9467,16,4,4.315210,4.757009,1447,7.6173
9468,4,23,5.110512,5.544152,1445,7.6347
9469,23,0,2.027697,2.092077,1350,7.2535
9470,0,43,3.743201,4.151408,1419,7.5571
9471,43,23,2.781723,2.732506,1447,7.6162
9472,23,0,1.924649,2.039176,1430,7.6130
9473,0,57,2.131406,2.742178,1432,7.5999
9474,57,35,4.670699,4.644886,1412,7.6522
9475,35,43,4.376262,3.997094,1267,7.0597
9476,43,57,3.041071,3.395761,1454,7.6148
9477,57,2,2.565596,2.331519,1443,7.6467
9478,2,9,2.283511,2.694690,1266,6.9977
9479,9,16,3.545322,3.947836,1183,6.5772
9480,16,4,4.063416,4.532930,1451,7.6393
9481,4,23,4.794045,5.452512,1438,7.6303
9482,23,62,4.571926,4.510358,1422,7.5570
9483,62,46,2.814675,2.718874,1474,7.6499
9484,46,63,2.150170,2.114951,1434,7.6038
9485,63,8,1.775718,2.281053,1400,7.4100
9486,8,4,5.515177,5.383337,1434,7.5266
9487,4,40,2.025454,2.378740,1393,7.5189
9488,40,24,2.806578,2.983540,1430,7.6070
9489,24,62,3.921558,4.149440,1270,6.8839
9490,62,46,2.523966,2.602899,1303,7.1990
9491,46,63,2.124984,2.083056,1396,7.4329
9492,63,8,1.617476,2.246042,1406,7.5126
9493,8,27,2.989603,3.973852,1452,7.5914
9494,27,27,1.023447,0.691118,1416,7.5658
9495,27,16,1.741137,1.937542,1399,7.5067
9496,16,4,3.941680,4.319669,1410,7.4930
9497,4,40,2.246001,2.340443,1421,7.5947
9498,40,24,2.741977,2.878873,1416,7.5691
9499,24,62,4.194333,3.952163,1360,7.3715
9500,62,21,1.791452,1.892563,1327,7.1517
9501,21,55,3.285085,3.498202,1411,7.5582
9502,55,58,1.991040,2.161181,1439,7.6073
9503,58,4,3.942639,4.066710,1429,7.6079
9504,4,40,2.194477,2.247714,1442,7.6544
9505,40,23,4.006585,4.349234,1410,7.5216
9506,23,62,4.244137,4.436198,1438,7.5894
9507,62,46,2.647967,2.562681,1435,7.5937
9508,46,63,2.290881,2.058556,1427,7.5662
9509,63,37,3.186824,3.547674,1335,7.2219
9510,37,62,4.399586,4.556169,1422,7.6232
9511,62,46,2.555948,2.396488,1425,7.5883
9512,46,5,5.171866,5.122877,1412,7.5448
9513,5,13,3.739451,3.496384,1315,7.1460
9514,13,32,2.339177,2.204524,1412,7.5397
9515,32,10,4.766476,4.884854,1396,7.4352
9516,10,61,2.875708,2.733461,1433,7.5815
9517,61,53,3.869134,4.019943,1443,7.6280
9518,53,45,2.716162,2.849381,1342,7.1690
9519,45,54,2.427535,2.142042,1438,7.5786
9520,54,59,3.846073,3.966142,1322,7.1480
9521,59,43,2.553159,2.626822,1445,7.6098
9522,43,57,3.055734,3.298864,1356,7.1569
9523,57,22,3.638416,4.101537,1426,7.6545
9524,22,38,1.563004,1.816032,1376,7.3783
9525,38,26,2.489262,2.644288,1315,7.0454
9526,26,17,2.762079,2.750962,1422,7.5934
9527,17,0,3.141456,3.537198,1334,7.2457
9528,0,57,1.949114,2.439327,1349,7.3643
9529,57,35,4.801469,4.528543,1422,7.6258
9530,35,43,4.008712,3.762725,1280,7.1593
9531,43,23,2.711854,2.806877,1447,7.5864
9532,23,0,2.096920,2.209675,1282,7.0434
9533,0,62,4.340872,4.442571,1426,7.5841
9534,62,21,1.744323,1.901378,1257,6.7258
9535,21,55,2.971916,3.280465,1435,7.6432
9536,55,58,1.869382,2.135348,1455,7.6252
9537,58,15,3.719879,4.171914,1414,7.5501
9538,15,33,3.182349,2.969306,1426,7.5389
9539,33,62,2.835234,3.519751,1417,7.5349
9540,62,21,1.750100,1.849944,1451,7.6835
9541,21,54,3.149572,3.242329,1449,7.6635
9542,54,43,3.517204,3.242923,1441,7.5159
9543,43,23,2.621984,2.749046,1457,7.5615
9544,23,62,3.784012,4.334046,1439,7.6013
9545,62,21,1.666308,1.784634,1449,7.5969
9546,21,53,2.277818,2.220217,1445,7.6394
9547,53,21,2.094307,1.825995,1389,7.4665
9548,21,55,3.243380,3.300888,1451,7.6391
9549,55,30,3.370149,3.508408,1426,7.5589
9550,30,10,3.309336,3.969152,1467,7.5956
9551,10,1,4.023872,4.069708,1409,7.5746
9552,1,46,3.722416,3.696274,1284,7.0368
9553,46,63,2.511137,2.077212,1411,7.5666
9554,63,63,0.952112,0.499872,1344,7.3084
9555,63,37,3.007045,3.542595,1280,7.1990
9556,37,28,2.439276,2.493662,1410,7.6196
9557,28,46,4.059209,4.109639,1421,7.6044
9558,46,62,2.504941,2.436358,1353,7.3029
9559,62,21,1.699644,1.755579,1360,7.2119
9560,21,53,2.326422,2.137591,1413,7.5571
9561,53,21,2.069329,1.748963,1444,7.5966
9562,21,54,3.089776,3.274398,1423,7.5866
9563,54,43,3.448701,3.183058,1327,7.0953
9564,43,23,2.462955,2.691520,1367,7.2877
9565,23,0,2.237894,2.202336,1439,7.5907
9566,0,57,1.947161,2.520469,1418,7.5804
9567,57,22,3.835655,4.016485,1448,7.6599
9568,22,38,1.446215,1.748093,1416,7.5623
9569,38,0,4.097501,4.876738,1454,7.6555
9570,0,62,4.242176,4.263243,1348,7.2463
9571,62,46,2.587281,2.489693,1408,7.5258
9572,46,63,2.155579,1.999980,1440,7.6570
9573,63,8,1.969126,2.538523,1432,7.6048
9574,8,4,5.269115,5.231352,1439,7.5570
9575,4,15,2.575996,2.570278,1371,7.4496
9576,15,1,3.506627,3.498225,1450,7.5954
9577,1,46,3.625584,3.582850,1448,7.6014
9578,46,63,2.213983,1.958632,1455,7.5961
9579,63,8,1.609928,2.489292,1427,7.5854
9580,8,2,4.422556,4.975802,1430,7.5857
9581,2,52,2.342345,2.611818,1449,7.6723
9582,52,54,5.437945,5.758082,1443,7.6220
9583,54,30,2.639591,2.553867,1309,7.0300
9584,30,31,2.135688,2.128187,1378,7.3695
9585,31,30,2.012197,1.733679,1425,7.5655
9586,30,31,2.040474,1.996287,1447,7.5736
9587,31,42,2.333254,2.618586,1449,7.5981
9588,42,40,3.903218,3.760101,1453,7.6444
9589,40,23,4.113495,4.310815,1387,7.5492
9590,23,0,2.014762,2.214465,1425,7.5722
9591,0,57,1.899006,2.451203,1422,7.5957
9592,57,22,3.521554,3.864508,1424,7.6362
9593,22,38,1.391387,1.688729,1424,7.5415
9594,38,26,2.302692,2.647331,1446,7.6409
9595,26,13,4.364304,4.320223,1436,7.6066
9596,13,31,5.681861,5.723333,1424,7.6004
9597,31,42,2.151488,2.440465,1438,7.5604
9598,42,40,3.786045,3.611887,1433,7.6060
9599,40,24,2.535831,2.750075,1429,7.6026
9600,24,41,2.476625,2.384027,1392,7.5030
9601,41,55,2.939729,3.234740,1396,7.4906
9602,55,30,2.992332,3.344574,1451,7.6443
9603,30,10,3.364306,3.988908,1441,7.5771
9604,10,61,2.803827,2.802369,1283,6.9865
9605,61,33,4.320742,4.542128,1304,7.0856
9606,33,62,2.865527,3.440358,1386,7.4713
9607,62,46,2.551756,2.333849,1465,7.6265
9608,46,63,2.116537,1.913373,1451,7.6213
9609,63,37,2.835663,3.512393,1445,7.6268
9610,37,62,4.597824,4.514199,1443,7.7260
9611,62,21,1.931575,1.898583,1436,7.5738
9612,21,53,2.148073,2.071872,1437,7.6443
9613,53,21,1.845545,1.757724,1459,7.6315
9614,21,55,3.049943,3.223942,1259,6.7329
9615,55,58,2.048371,2.301098,1357,7.2196
9616,58,4,3.814358,3.999053,1405,7.5415
9617,4,40,2.510836,2.494484,1391,7.4873
9618,40,33,3.189931,2.978073,1430,7.6076
9619,33,47,3.478650,3.691051,1404,7.5052
9620,47,63,2.508636,3.143539,1424,7.6245
9621,63,63,0.821197,0.416717,1349,7.3412
9622,63,63,0.658873,0.342201,1440,7.5505
9623,63,37,3.020144,3.607086,1454,7.6472
9624,37,28,2.346776,2.505683,1427,7.6582
9625,28,46,4.074499,4.000097,1429,7.6649
9626,46,62,2.742110,2.376959,1311,7.1675
9627,62,48,3.235007,3.175768,1424,7.5620
9628,48,41,3.571545,3.128181,1453,7.6405
9629,41,24,2.120004,2.352462,1436,7.6248
9630,24,41,2.364699,2.262329,1420,7.5909
9631,41,22,4.353241,4.451927,1407,7.5088
9632,22,38,1.359490,1.685313,1263,6.8952
9633,38,0,4.043778,4.838046,1401,7.5498
9634,0,57,1.795755,2.295036,1385,7.5161
9635,57,22,3.539142,3.915843,1428,7.6503
9636,22,38,1.305874,1.627958,1458,7.5807
9637,38,0,3.994163,4.728329,1440,7.6176
9638,0,57,1.733317,2.171052,1399,7.5527
9639,57,22,3.306789,3.800583,1453,7.6677
9640,22,38,1.284247,1.600935,1451,7.5776
9641,38,26,2.370241,2.725371,1424,7.6310
9642,26,17,2.862630,2.765409,1420,7.5976
9643,17,48,4.797714,5.144492,1278,6.9401
9644,48,20,2.622204,2.662429,1282,6.9117
9645,20,19,2.294207,2.434921,1327,7.1897
9646,19,51,2.151745,2.105562,1330,7.2924
9647,51,56,3.817461,4.242429,1438,7.6126
9648,56,54,5.368993,5.417848,1432,7.5743
9649,54,30,2.503147,2.393416,1376,7.3329
9650,30,31,2.115385,2.153439,1439,7.5912
9651,31,30,2.036437,1.653255,1438,7.6241
9652,30,10,3.500072,3.906461,1458,7.5956
9653,10,37,4.045309,3.773053,1445,7.5763
9654,37,28,2.401534,2.344120,1436,7.6917
9655,28,46,3.703799,3.864398,1415,7.5870
9656,46,63,1.985173,1.762760,1359,7.3949
9657,63,63,0.769868,0.334383,1440,7.5812
9658,63,8,2.191969,3.032896,1411,7.5458
9659,8,2,3.968980,4.617742,1327,6.9594
9660,2,52,2.344763,2.467961,1428,7.6484
9661,52,54,5.474078,5.570632,1368,7.1732
9662,54,43,3.110068,2.880924,1439,7.5994
9663,43,23,2.385384,2.747193,1458,7.6052
9664,23,62,3.707724,4.175829,1444,7.6369
9665,62,48,3.008748,3.075418,1455,7.6353
9666,48,20,2.681039,2.635127,1423,7.5689
9667,20,19,2.243892,2.408960,1424,7.6008
9668,19,51,1.999811,2.053918,1406,7.4906
9669,51,4,5.428639,5.557481,1434,7.5874
9670,4,40,2.382037,2.368563,1352,7.2790
9671,40,23,4.139414,4.280952,1455,7.6721
9672,23,0,2.060389,2.377772,1424,7.5135
9673,0,57,1.595596,2.143758,1354,7.3259
9674,57,35,4.815971,4.558514,1438,7.6525
9675,35,43,3.917034,3.658773,1381,7.5404
9676,43,23,2.524829,2.753017,1457,7.6042
9677,23,0,2.098245,2.307226,1430,7.5524
9678,0,57,1.522293,2.133125,1455,7.6072
9679,57,2,3.082659,2.991191,1415,7.6222
9680,2,52,2.088410,2.392054,1436,7.6375
9681,52,8,4.954719,5.076903,1362,7.3653
9682,8,4,5.268624,4.922365,1419,7.5268
9683,4,40,2.383505,2.371444,1454,7.6879
9684,40,33,2.932247,2.913181,1428,7.6274
9685,33,47,3.531318,3.573987,1384,7.3915
9686,47,37,2.539729,2.615986,1455,7.6913
9687,37,62,4.435950,4.273295,1434,7.6818
9688,62,48,2.832391,2.932848,1413,7.5506
9689,48,20,2.470814,2.604598,1445,7.6113
9690,20,19,2.099123,2.395538,1470,7.6195
9691,19,50,3.945957,4.030945,1409,7.5639
9692,50,34,2.106474,1.963921,1340,7.3316
9693,34,13,4.263042,4.749738,1406,7.3526
9694,13,31,5.401304,5.561998,1280,6.8778
9695,31,19,5.003573,4.946052,1438,7.5972
9696,19,50,3.735922,3.824105,1436,7.6440
9697,50,34,2.102137,1.942314,1430,7.5891
9698,34,5,3.935410,4.335687,1410,7.4889
9699,5,13,3.572424,3.414404,1248,6.9183
9700,13,24,3.474142,3.166670,1373,7.3827
9701,24,62,4.149177,4.509771,1444,7.6569
9702,62,48,2.878809,2.787390,1467,7.6330
9703,48,41,3.642153,3.305280,1421,7.5952
9704,41,24,1.935776,2.254938,1443,7.6296
9705,24,62,4.124840,4.402041,1370,7.2701
9706,62,21,2.021990,2.026180,1440,7.5972
9707,21,54,3.271682,3.346505,1439,7.5985
9708,54,30,2.333661,2.389543,1405,7.4385
9709,30,10,3.131003,3.698276,1409,7.5174
9710,10,61,2.607408,2.897300,1439,7.5864
9711,61,33,4.200234,4.463193,1413,7.4757
9712,33,62,2.774905,3.391449,1431,7.5959
9713,62,21,1.851345,1.971131,1360,7.1931
9714,21,55,3.065897,3.057797,1434,7.6010
9715,55,30,2.939394,3.158380,1372,7.3612
9716,30,31,1.953990,2.262498,1450,7.5863
9717,31,19,4.592166,4.830268,1433,7.5728
9718,19,51,2.004737,2.071674,1428,7.5857
9719,51,54,5.998494,6.186546,1412,7.5787
9720,54,30,2.270986,2.248474,1389,7.3811
9721,30,31,2.248748,2.203535,1346,7.1224
9722,31,42,2.544789,2.638467,1428,7.5291
9723,42,22,3.145982,3.527435,1422,7.5747
9724,22,38,1.334564,1.597467,1427,7.5661
9725,38,26,2.177905,2.605695,1432,7.6135
9726,26,17,2.783545,2.701298,1449,7.6239
9727,17,23,4.641139,5.497162,1303,7.2385
9728,23,62,4.000605,4.159491,1299,7.0980
9729,62,46,2.590327,2.489330,1426,7.4824
9730,46,5,5.389515,5.218836,1345,7.3753
9731,5,13,3.503813,3.389735,1419,7.5355
9732,13,24,3.182608,2.987988,1394,7.4921
9733,24,36,4.485369,4.549674,1418,7.5431
9734,36,37,6.138341,5.865399,1434,7.5264
9735,37,62,4.146028,4.205423,1461,7.7584
9736,62,48,2.835550,2.836133,1301,7.0900
9737,48,20,2.515041,2.676717,1401,7.4256
9738,20,30,5.261331,5.191796,1368,7.4036
9739,30,31,1.869245,2.033710,1447,7.5595
9740,31,30,1.994180,1.728338,1424,7.5550
9741,30,40,4.406742,5.348921,1434,7.5541
9742,40,24,2.791945,2.953352,1396,7.4586
9743,24,62,4.170051,4.429267,1360,7.1647
9744,62,21,1.846380,1.979781,1420,7.5878
9745,21,53,2.357973,2.209693,1446,7.6458
9746,53,45,2.715751,2.980367,1349,7.1882
9747,45,25,5.560052,5.781954,1425,7.5472
9748,25,44,3.298840,3.284456,1332,7.2397
9749,44,1,4.670456,4.432794,1436,7.6109
9750,1,46,3.653711,3.485240,1307,7.1002
9751,46,63,2.237536,1.843744,1438,7.5897
9752,63,63,0.728514,0.371177,1412,7.5240
9753,63,37,3.017009,3.582500,1430,7.5742
9754,37,28,2.341588,2.310089,1330,7.2132
9755,28,53,3.691078,3.607304,1435,7.6364
9756,53,21,2.425671,1.918277,1426,7.5748
9757,21,53,2.250994,2.030341,1347,7.1781
9758,53,21,2.046558,1.792107,1433,7.5989
9759,21,54,3.436122,3.414111,1297,6.8808
9760,54,43,3.204139,2.966143,1399,7.4006
9761,43,23,2.405251,2.720884,1466,7.6228
9762,23,0,2.129490,2.152918,1444,7.6236
9763,0,57,1.492606,2.121737,1411,7.5760
9764,57,22,3.397493,3.781394,1434,7.6529
9765,22,60,3.503832,3.699998,1428,7.5677
9766,60,7,3.024937,2.971895,1323,7.2867
9767,7,45,4.932584,4.923266,1376,7.4628
9768,45,54,2.516395,2.271103,1298,7.1596
9769,54,43,3.081444,2.861870,1433,7.5705
9770,43,57,2.715669,3.365624,1320,7.1275
9771,57,22,3.141761,3.651034,1453,7.6746
9772,22,60,3.278917,3.552489,1449,7.5963
9773,60,7,3.002141,2.931548,1353,7.3516
9774,7,57,3.593376,3.752106,1253,7.0750
9775,57,2,3.097323,2.823146,1413,7.5915
9776,2,52,2.201851,2.367282,1447,7.6424
9777,52,8,4.441647,4.824734,1306,7.1969
9778,8,4,4.737251,4.482350,1380,7.3700
9779,4,15,2.756019,2.606221,1431,7.6090
9780,15,26,4.665669,4.421600,1388,7.4728
9781,26,13,4.417728,4.294696,1411,7.5783
9782,13,32,2.158852,2.150116,1323,7.0226
9783,32,29,2.934766,3.165370,1412,7.6197
9784,29,4,4.323503,4.856599,1362,7.2497
9785,4,40,2.345672,2.466002,1430,7.5955
9786,40,33,2.956864,2.917330,1440,7.6628
9787,33,47,3.576305,3.436990,1362,7.3105
9788,47,35,3.296406,3.587745,1431,7.5580
9789,35,43,3.643122,3.637871,1309,7.0374
9790,43,23,2.548551,2.702470,1452,7.5879
9791,23,0,1.971678,2.109116,1404,7.5102
9792,0,57,1.595439,2.208733,1452,7.6425
9793,57,2,2.661498,2.725131,1438,7.6453
9794,2,9,2.652264,2.953195,1386,7.4407
9795,9,16,3.515053,3.706221,1336,7.3042
9796,16,4,3.739036,4.318137,1427,7.6073
9797,4,40,2.269099,2.397107,1430,7.5965
9798,40,23,4.338543,4.490943,1409,7.5890
9799,23,0,1.716952,2.039015,1413,7.5165
9800,0,62,4.630963,4.516008,1334,7.2642
9801,62,46,2.630874,2.434362,1360,7.4476
9802,46,62,2.491542,2.377512,1453,7.6130
9803,62,21,1.907248,1.991694,1452,7.6202
9804,21,53,2.164020,1.995616,1471,7.6437
9805,53,21,1.813518,1.713846,1402,7.5038
9806,21,53,1.952592,1.854119,1417,7.6101
9807,53,45,3.096906,3.353570,1420,7.6203
9808,45,25,5.259688,5.605321,1338,7.1195
9809,25,44,3.265839,3.275294,1418,7.5623
9810,44,1,4.677565,4.360227,1415,7.5730
9811,1,33,2.568135,2.594817,1445,7.6024
9812,33,62,2.713762,3.383784,1420,7.4709
9813,62,46,2.392252,2.351488,1398,7.5642
9814,46,63,2.412133,1.921801,1435,7.5759
9815,63,37,2.667892,3.375736,1361,7.3909
9816,37,62,4.249433,4.309021,1410,7.5811
9817,62,46,2.232171,2.190372,1358,7.2858
9818,46,63,2.087811,1.912002,1452,7.6430
9819,63,8,2.095459,3.269504,1450,7.6005
9820,8,2,3.803269,4.147093,1416,7.5328
9821,2,7,2.843547,3.182432,1415,7.5510
9822,7,57,3.719318,3.637391,1407,7.5986
9823,57,2,2.693548,2.510207,1324,7.2210
9824,2,9,2.561532,2.925315,1439,7.6303
9825,9,13,3.156505,3.335231,1422,7.6287
9826,13,24,2.988297,2.991003,1414,7.4273
9827,24,62,3.737838,4.451335,1426,7.5987
9828,62,46,2.049495,2.097912,1410,7.5230
9829,46,63,2.125022,1.882630,1432,7.5800
9830,63,63,0.813599,0.374102,1392,7.5307
9831,63,63,0.521186,0.306800,1435,7.6064
9832,63,37,3.038378,3.583936,1419,7.5621
9833,37,62,4.061138,4.308221,1370,7.4118
9834,62,21,1.944527,2.098108,1448,7.6074
9835,21,54,3.200944,3.269552,1400,7.5326
9836,54,30,2.595336,2.438897,1416,7.5325
9837,30,31,1.856884,1.948128,1447,7.5762
9838,31,30,1.940808,1.671266,1395,7.3970
9839,30,31,1.866681,1.818075,1434,7.5805
9840,31,42,2.319548,2.825829,1455,7.6031
9841,42,40,3.715069,3.805142,1432,7.6284
9842,40,23,3.987472,4.262022,1399,7.5678
9843,23,0,1.661940,1.994823,1398,7.4914
9844,0,57,1.649973,2.395445,1432,7.5821
9845,57,22,3.290399,3.520879,1448,7.6459
9846,22,60,3.045696,3.377015,1429,7.5621
9847,60,7,2.987387,2.878299,1325,7.2513
9848,7,1,4.491212,4.555897,1424,7.6071
9849,1,46,3.345141,3.442727,1439,7.5743
9850,46,62,2.218790,2.184555,1426,7.6195
9851,62,48,3.101491,3.025946,1456,7.6438
9852,48,20,2.573304,2.613419,1393,7.5089
9853,20,19,2.304663,2.579248,1455,7.6262
9854,19,50,3.576231,3.710603,1396,7.4924
9855,50,34,2.194136,1.924321,1446,7.6364
9856,34,5,3.921756,4.271296,1401,7.5145
9857,5,13,3.421577,3.365978,1406,7.4670
9858,13,24,2.917229,2.856959,1454,7.6383
9859,24,62,3.778546,4.521539,1447,7.6105
9860,62,46,1.936285,2.056840,1314,6.9301
9861,46,63,2.118483,1.863262,1419,7.5674
9862,63,37,2.553537,3.260685,1455,7.6139
9863,37,47,3.159005,3.360547,1443,7.6601
9864,47,63,2.683267,3.220965,1443,7.6648
9865,63,8,2.619790,3.490570,1432,7.5615
9866,8,4,4.498989,4.456831,1291,6.9396
9867,4,40,2.412732,2.498644,1444,7.6118
9868,40,24,2.759416,3.055479,1375,7.4029
9869,24,62,3.870684,4.325615,1342,7.1705
9870,62,46,1.897163,1.988057,1420,7.4902
9871,46,5,5.813270,5.766871,1439,7.5772
9872,5,13,3.462244,3.345039,1425,7.5640
9873,13,32,2.194201,2.117671,1395,7.4245
9874,32,29,2.732520,3.098917,1381,7.5011
9875,29,29,0.941366,0.506890,1446,7.5686
9876,29,23,6.588753,6.745032,1402,7.4334
9877,23,62,3.953113,4.138244,1407,7.5679
9878,62,48,2.952459,2.947071,1448,7.6255
9879,48,41,3.524313,3.275808,1461,7.6039
9880,41,22,4.772451,4.609691,1375,7.2640
9881,22,2,3.692942,3.535852,1381,7.4197
9882,2,52,2.212761,2.590435,1468,7.7014
9883,52,8,4.991727,4.699836,1450,7.6250
9884,8,2,3.865761,3.972880,1395,7.4334
9885,2,52,2.454878,2.454659,1465,7.6515
9886,52,58,6.802082,6.693788,1454,7.6127
9887,58,4,3.580026,3.755207,1420,7.5999
9888,4,40,2.416539,2.380686,1468,7.6261
9889,40,23,4.179750,4.194333,1442,7.6301
9890,23,0,1.772523,1.971404,1457,7.6022
9891,0,57,1.670375,2.346847,1372,7.3376
9892,57,35,4.440351,4.542179,1278,7.0422
9893,35,43,3.459936,3.472121,1400,7.5295
9894,43,57,3.216417,3.232760,1435,7.5479
9895,57,22,3.249407,3.583443,1440,7.6539
9896,22,38,1.653637,1.938953,1450,7.5823
9897,38,0,4.251183,4.809485,1449,7.6208
9898,0,57,1.704879,2.175018,1446,7.5950
9899,57,22,2.915167,3.467907,1379,7.3664
9900,22,38,1.519947,1.899723,1459,7.5948
9901,38,0,4.121525,4.712470,1433,7.5992
9902,0,57,1.613662,2.053481,1430,7.5902
9903,57,22,2.804593,3.358568,1441,7.6383
9904,22,38,1.526304,1.877273,1440,7.5861
9905,38,0,3.907394,4.598298,1408,7.5845
9906,0,62,4.894075,4.602416,1409,7.5412
9907,62,48,2.710471,2.772532,1470,7.6486
9908,48,20,2.508159,2.697125,1422,7.5487
9909,20,47,3.862735,4.331559,1429,7.5257
9910,47,37,2.359022,2.526116,1371,7.4476
9911,37,62,4.185855,4.374405,1394,7.6001
9912,62,46,2.018432,1.974473,1385,7.4727
9913,46,62,2.114127,2.106473,1381,7.3984
9914,62,46,1.941258,1.849261,1418,7.5763
9915,46,62,1.947965,1.964466,1442,7.5947
9916,62,48,2.640466,2.822820,1440,7.6140
9917,48,41,3.402164,3.297999,1421,7.5772
9918,41,22,4.778487,4.719420,1445,7.6040
9919,22,38,1.521573,1.771752,1439,7.5919
9920,38,0,3.772467,4.440447,1472,7.6829
9921,0,62,4.770588,4.522080,1391,7.3646
9922,62,21,2.271611,2.478449,1435,7.6162
9923,21,54,3.136949,3.008425,1269,6.7262
9924,54,30,2.495822,2.366360,1419,7.4845
9925,30,10,3.375687,3.833314,1434,7.5362
9926,10,37,4.154814,4.028628,1374,7.3497
9927,37,28,2.483980,2.456082,1367,7.4882
9928,28,53,3.621503,3.549097,1423,7.6149
9929,53,21,2.156300,1.957213,1409,7.3955
9930,21,53,2.200059,1.936778,1450,7.6377
9931,53,21,2.223154,1.828010,1448,7.6252
9932,21,54,2.936599,2.913931,1290,6.9269
9933,54,43,3.382462,3.102967,1418,7.4574
9934,43,57,2.484962,3.171137,1351,7.2086
9935,57,22,2.939800,3.409823,1448,7.6278
9936,22,38,1.451114,1.752817,1436,7.5652
9937,38,26,2.511670,2.913133,1433,7.6038
9938,26,17,2.784608,2.595067,1466,7.6435
9939,17,23,5.096689,5.467059,1387,7.4847
9940,23,62,3.457942,3.596565,1368,7.3929
9941,62,21,2.086979,2.321114,1480,7.6599
9942,21,53,2.107799,1.889470,1452,7.6668
9943,53,45,2.868219,3.235892,1452,7.5927
9944,45,21,3.111871,3.277018,1447,7.6033
9945,21,53,2.095079,1.735776,1433,7.5905
9946,53,21,1.750966,1.669403,1366,7.4090
9947,21,54,2.775295,2.892796,1454,7.6278
9948,54,59,4.171352,4.364288,1453,7.5718
9949,59,20,5.124469,5.919795,1375,7.3812
9950,20,30,4.946546,4.985912,1450,7.6119
9951,30,31,1.670317,1.807947,1454,7.5938
9952,31,42,2.191967,2.715326,1431,7.5655
9953,42,40,3.941949,3.758805,1425,7.6001
9954,40,24,2.581998,2.960452,1458,7.6947
9955,24,62,4.787468,4.628922,1392,7.4806
9956,62,21,2.187704,2.227802,1410,7.5600
9957,21,54,2.486062,2.772672,1452,7.6295
9958,54,43,3.209474,3.166840,1444,7.5566
9959,43,23,3.054595,3.257707,1329,7.1338
9960,23,37,4.097534,4.637419,1422,7.5155
9961,37,28,2.403081,2.308316,1261,6.8595
9962,28,10,3.980664,3.627952,1406,7.5772
9963,10,37,4.134500,3.749568,1405,7.4718
9964,37,62,4.254578,4.167225,1441,7.6833
9965,62,21,1.985213,2.076177,1370,7.3697
9966,21,53,1.974889,1.864554,1427,7.6001
9967,53,21,1.741976,1.566458,1435,7.5995
9968,21,53,1.838881,1.730558,1441,7.6055
9969,53,45,3.066561,3.448843,1456,7.6095
9970,45,54,2.401745,2.104529,1452,7.6031
9971,54,30,2.594861,2.673881,1455,7.5746
9972,30,31,1.835451,1.800315,1408,7.4444
9973,31,42,2.388867,2.668344,1431,7.5790
9974,42,22,3.149333,3.847900,1445,7.6072
9975,22,60,3.150578,3.517949,1441,7.5600
9976,60,7,3.044939,2.866665,1429,7.5902
9977,7,45,5.013534,5.091400,1351,7.3309
9978,45,21,2.913186,3.170369,1394,7.4692
9979,21,53,1.737897,1.616250,1397,7.4719
9980,53,45,2.844806,3.478587,1434,7.6278
9981,45,54,2.201293,2.055535,1422,7.5178
9982,54,30,2.400372,2.599476,1468,7.5729
9983,30,31,1.637572,1.789916,1442,7.5390
9984,31,30,2.024599,1.761423,1445,7.5605
9985,30,31,1.644917,1.684513,1453,7.5705
9986,31,30,1.832363,1.661794,1452,7.5764
9987,30,40,4.690687,5.392605,1457,7.5829
9988,40,24,2.504190,2.841263,1317,7.0925
9989,24,62,4.175755,4.564424,1394,7.4474
9990,62,21,1.989154,2.092208,1434,7.5945
9991,21,55,3.495903,3.770201,1427,7.5353
9992,55,26,4.578146,4.950189,1288,6.9399
9993,26,17,2.592597,2.482487,1427,7.6077
9994,17,23,4.870476,5.351702,1430,7.6010
9995,23,37,4.163980,4.503544,1348,7.2407
9996,37,62,4.184352,4.084163,1317,7.2270
9997,62,21,1.881042,1.961650,1447,7.6139
9998,21,53,1.903388,1.709455,1344,7.2050
9999,53,21,1.584819,1.539065,1399,7.5120
10000,21,53,1.846170,1.600587,1254,6.7875
10001,53,45,3.100307,3.507035,1438,7.6075
10002,45,54,2.303757,2.005570,1342,7.3148
10003,54,59,4.032376,4.354812,1447,7.5799
10004,59,21,3.690627,3.901193,1464,7.6403
10005,21,53,1.657473,1.481747,1410,7.5474
10006,53,21,1.554431,1.548966,1392,7.4385
10007,21,53,1.476730,1.403651,1463,7.6349
10008,53,21,1.400005,1.467210,1443,7.6169
10009,21,53,1.419973,1.342560,1455,7.6289
10010,53,21,1.290692,1.403941,1460,7.6288
10011,21,54,2.905336,3.189460,1442,7.6715
10012,54,43,3.425911,3.247658,1404,7.4372
10013,43,57,2.821575,3.216878,1435,7.5825
10014,57,22,3.031149,3.331255,1409,7.5720
10015,22,38,1.584078,1.848303,1365,7.3387
10016,38,49,4.836021,5.022766,1444,7.6150
10017,49,24,5.235623,4.929912,1415,7.5797
10018,24,36,4.093468,4.287063,1415,7.5623
10019,36,20,4.546535,4.247774,1374,7.3032
10020,20,30,4.884043,4.893963,1353,7.3782
10021,30,40,4.306160,5.037143,1424,7.5948
10022,40,33,3.255531,3.115378,1411,7.6624
10023,33,62,3.006965,3.392291,1452,7.5830
10024,62,21,1.621725,1.896814,1458,7.6345
10025,21,54,2.899677,3.009346,1416,7.5570
10026,54,30,2.761384,2.783368,1444,7.6057
10027,30,40,4.288645,4.952959,1434,7.5699
10028,40,23,4.137364,4.032558,1426,7.6327
10029,23,0,1.931641,2.185969,1452,7.6379
10030,0,57,1.609149,2.088096,1378,7.4354
10031,57,22,2.867102,3.212248,1418,7.5676
10032,22,38,1.458764,1.829932,1468,7.5821
10033,38,26,2.602866,2.896041,1446,7.6001
10034,26,13,4.379969,4.291076,1433,7.6380
10035,13,32,2.070010,2.031844,1371,7.3988
10036,32,29,2.865381,2.980631,1276,6.9148
10037,29,29,0.788338,0.435679,1243,6.8289
10038,29,4,4.133229,4.999919,1439,7.5670
10039,4,15,2.894772,2.716163,1404,7.4353
10040,15,33,3.086065,2.940218,1456,7.6486
10041,33,62,2.886004,3.249044,1422,7.5189
10042,62,46,2.205832,2.230893,1439,7.6228
10043,46,62,2.067540,2.071830,1367,7.2820
10044,62,48,2.963722,2.991175,1391,7.4819
10045,48,41,3.267242,3.044314,1356,7.3135
10046,41,24,2.153865,2.541025,1362,7.3535
10047,24,36,3.763416,4.097541,1366,7.3779
10048,36,37,6.192026,5.992246,1460,7.5674
10049,37,28,2.106554,2.204087,1374,7.4304
10050,28,10,3.682339,3.489343,1401,7.5915
10051,10,61,2.738280,2.820779,1389,7.4329
10052,61,53,4.008249,4.181097,1423,7.5785
10053,53,45,3.340516,3.406448,1440,7.6534
10054,45,54,2.084448,1.831707,1457,7.6169
10055,54,59,4.095258,4.397840,1306,6.9724
10056,59,21,3.391164,3.694153,1373,7.3466
10057,21,55,3.490581,3.845271,1458,7.6451
10058,55,30,2.760462,2.962837,1350,7.2900
10059,30,31,1.720376,1.788790,1467,7.5994
10060,31,42,2.367903,2.761928,1389,7.3438
10061,42,22,3.328085,3.838319,1455,7.6550
10062,22,60,3.076711,3.501347,1455,7.5845
10063,60,7,3.037521,2.834420,1445,7.6446
10064,7,1,4.374495,4.371161,1246,7.0490
10065,1,46,3.602402,3.452079,1429,7.6100
10066,46,63,2.748908,2.195484,1390,7.4954
10067,63,8,2.348835,3.099815,1451,7.6498
10068,8,4,4.456748,4.243029,1349,7.3222
10069,4,15,2.818350,2.646109,1449,7.6034
10070,15,26,4.428643,4.354717,1454,7.5723
10071,26,13,4.241024,4.094191,1384,7.3815
10072,13,32,2.051740,1.975592,1327,7.1189
10073,32,29,2.669841,2.873418,1437,7.6548
10074,29,4,3.879845,4.867835,1288,7.0729
10075,4,40,2.744018,2.747616,1418,7.5534
10076,40,23,3.943263,3.871792,1443,7.6659
10077,23,0,1.913154,2.164657,1437,7.5947
10078,0,57,1.563819,2.072439,1435,7.5993
10079,57,22,2.689949,3.132228,1425,7.5986
10080,22,38,1.521310,1.918861,1429,7.5644
10081,38,26,2.505626,2.858490,1452,7.6168
10082,26,17,2.675206,2.524093,1453,7.6509
10083,17,23,4.972994,5.327110,1449,7.6365
10084,23,0,2.098470,2.012771,1405,7.4645
10085,0,57,1.533870,2.080346,1418,7.5487
10086,57,22,2.574620,3.037935,1431,7.6047
10087,22,38,1.508605,1.928845,1440,7.5552
10088,38,0,3.778512,4.491428,1431,7.5868
10089,0,57,1.604013,2.014461,1362,7.2253
10090,57,2,3.160186,3.059168,1380,7.5261
10091,2,7,3.247259,3.129936,1449,7.6233
10092,7,57,4.070674,3.842399,1390,7.5359
10093,57,22,2.374863,2.920136,1392,7.4334
10094,22,38,1.532525,1.918899,1473,7.5780
10095,38,26,2.455273,2.861654,1458,7.6151
10096,26,42,3.781166,4.062068,1424,7.6070
10097,42,40,3.301591,3.519492,1401,7.4454
10098,40,23,3.756151,3.768193,1221,6.7506
10099,23,0,1.851286,2.058312,1379,7.4119
10100,0,57,1.623378,2.074901,1452,7.6090
10101,57,22,2.341376,2.819429,1350,7.2405
10102,22,60,3.199108,3.639425,1442,7.5747
10103,60,61,4.243118,4.683705,1363,7.3664
10104,61,6,3.052402,3.274433,1298,7.1689
10105,6,12,3.246950,3.279400,1079,6.1564
10106,12,62,5.388044,5.543670,1422,7.5915
10107,62,46,2.231331,2.055794,1281,6.9284
10108,46,63,2.728274,2.136240,1456,7.6068
10109,63,8,2.401260,3.077786,1362,7.3698
10110,8,4,4.055361,4.208950,1454,7.6043
10111,4,40,2.758748,2.834857,1336,7.2822
10112,40,23,3.656312,3.661367,1396,7.5948
10113,23,0,1.700866,2.046032,1399,7.5682
10114,0,62,4.797267,4.572144,1424,7.5524
10115,62,21,2.179868,2.174370,1433,7.6108
10116,21,54,2.582404,2.592128,1429,7.6078
10117,54,43,3.491283,3.305588,1450,7.5540
10118,43,57,2.695304,3.233182,1444,7.6321
10119,57,2,2.983398,2.849185,1444,7.6402
10120,2,7,2.950452,3.016839,1359,7.2674
10121,7,45,4.848371,5.254396,1410,7.4901
10122,45,21,2.506073,3.131960,1395,7.4663
10123,21,53,1.768295,1.666704,1343,7.2472
10124,53,21,1.536737,1.471518,1347,7.3552
10125,21,53,1.699806,1.563920,1433,7.6103
10126,53,21,1.415295,1.398738,1427,7.5915
10127,21,54,2.401031,2.620531,1387,7.3004
10128,54,43,3.146305,3.203466,1430,7.5405
10129,43,57,2.400376,3.214121,1459,7.5835
10130,57,2,2.727443,2.723736,1425,7.5634
10131,2,52,2.259241,2.539364,1410,7.5421
10132,52,8,4.376361,4.612906,1416,7.6001
10133,8,2,4.013089,3.903094,1432,7.5634
10134,2,9,2.874656,3.139408,1451,7.6205
10135,9,13,3.203837,3.318916,1441,7.6501
10136,13,32,1.801358,1.934860,1433,7.6384
10137,32,5,3.868839,4.190852,1420,7.5710
10138,5,13,3.618092,3.308724,1444,7.5650
10139,13,31,5.319238,5.588057,1442,7.6255
10140,31,42,2.133400,2.560480,1378,7.3969
10141,42,55,4.078016,4.765303,1455,7.6155
10142,55,26,4.628873,4.682905,1405,7.5034
10143,26,13,4.357103,4.113511,1444,7.6199
10144,13,32,1.928896,1.891380,1379,7.4500
10145,32,10,4.833464,5.281681,1463,7.6462
10146,10,61,2.662210,2.692484,1343,7.1598
10147,61,6,2.940700,3.209028,1424,7.5895
10148,6,12,3.148989,3.215359,1366,7.2752
10149,12,46,5.143898,5.235006,1397,7.4832
10150,46,63,2.605969,1.969108,1240,6.6504
10151,63,8,2.267292,3.147459,1406,7.4558
10152,8,4,3.871659,4.081079,1448,7.5964
10153,4,40,2.688142,2.829835,1440,7.6020
10154,40,23,3.463768,3.541121,1356,7.3580
10155,23,0,1.918464,2.074744,1447,7.5986
10156,0,57,1.717311,2.154336,1455,7.6372
10157,57,22,2.515165,2.885105,1447,7.6159
10158,22,38,1.703688,2.078703,1427,7.5624
10159,38,0,3.771902,4.472535,1432,7.6151
10160,0,57,1.758346,2.083088,1437,7.5601
10161,57,2,2.857993,2.817317,1454,7.6149
10162,2,52,2.319566,2.524005,1407,7.4543
10163,52,54,6.013964,6.062983,1409,7.5543
10164,54,43,3.155163,2.905386,1395,7.3416
10165,43,23,3.670014,3.927435,1446,7.5782
10166,23,0,1.889311,2.057721,1368,7.3555
10167,0,62,4.715913,4.412319,1408,7.5315
10168,62,48,2.757997,2.786904,1421,7.5787
10169,48,13,5.747431,5.547822,1423,7.5675
10170,13,31,5.038274,5.284621,1429,7.6208
10171,31,30,1.986482,1.686654,1431,7.5444
10172,30,31,2.143504,1.840105,1439,7.5991
10173,31,30,1.884697,1.573123,1435,7.5576
10174,30,10,3.686189,4.126423,1445,7.6042
10175,10,37,3.797543,3.633781,1351,7.2520
10176,37,47,2.930123,3.141125,1336,7.3468
10177,47,63,2.944684,3.315987,1471,7.7393
10178,63,8,2.237066,2.996601,1403,7.4949
10179,8,4,3.908125,3.999312,1421,7.5697
10180,4,40,2.755861,2.835654,1457,7.5747
10181,40,33,3.257443,3.159196,1410,7.6056
10182,33,62,2.956145,3.276918,1445,7.5863
10183,62,48,2.605276,2.678444,1436,7.5760
10184,48,41,3.106861,2.970959,1474,7.6518
10185,41,24,2.353789,2.547711,1468,7.6301
10186,24,62,4.038815,4.383816,1472,7.6639
10187,62,21,2.115806,2.300800,1466,7.6400
10188,21,54,2.565082,2.560475,1428,7.5818
10189,54,43,2.768681,2.818208,1446,7.5659
10190,43,23,3.703809,3.877288,1447,7.5499
10191,23,37,4.420815,4.524186,1409,7.5462
10192,37,28,2.124635,2.140093,1210,6.7246
10193,28,10,3.738046,3.405716,1448,7.6793
10194,10,61,2.623748,2.701318,1413,7.5082
10195,61,53,4.200635,4.193599,1382,7.3311
10196,53,37,3.671679,3.805363,1419,7.5287
10197,37,28,2.213115,2.112106,1422,7.6596
10198,28,46,4.221224,4.122040,1429,7.6263
10199,46,63,2.424826,1.850134,1423,7.5599
10200,63,8,1.936499,2.951428,1435,7.5915
10201,8,4,4.026814,3.890005,1439,7.5777
10202,4,40,2.526001,2.853162,1444,7.5700
10203,40,23,3.555521,3.697699,1393,7.5199
10204,23,62,3.570622,3.630395,1436,7.6041
10205,62,46,2.449467,2.296511,1337,7.2610
10206,46,63,2.126255,1.805958,1422,7.5477
10207,63,63,0.934800,0.513958,1447,7.6183
10208,63,8,2.723652,3.061389,1476,7.6260
10209,8,2,3.707226,4.267870,1469,7.6191
10210,2,9,2.761112,3.091494,1431,7.5617
10211,9,41,5.457452,6.190629,1422,7.6183
10212,41,55,3.079511,3.168970,1445,7.5811
10213,55,26,4.326129,4.457726,1434,7.5605
10214,26,17,2.523203,2.538782,1352,7.2240
10215,17,0,3.452549,3.996898,1419,7.5701
10216,0,57,1.718536,2.054133,1364,7.2633
10217,57,22,2.329083,2.810151,1363,7.3949
10218,22,2,3.419517,3.332304,1430,7.5818
10219,2,9,2.783952,2.984762,1419,7.5969
10220,9,16,3.736710,3.833205,1393,7.4854
10221,16,4,3.296565,4.052464,1448,7.6236
10222,4,23,5.248385,5.471177,1422,7.4828
10223,23,37,3.866897,4.285285,1298,7.1084
10224,37,28,1.978067,2.066422,1430,7.6795
10225,28,53,3.759184,3.671800,1340,7.3284
10226,53,37,3.414469,3.520061,1453,7.6411
10227,37,28,2.039739,2.060444,1450,7.6914
10228,28,10,3.670805,3.393216,1415,7.5811
10229,10,61,2.256288,2.622825,1363,7.2805
10230,61,33,4.350182,4.590022,1351,7.2629
10231,33,62,2.767668,3.124046,1345,7.0939
10232,62,48,2.712367,2.701260,1454,7.6089
10233,48,20,2.939210,3.000761,1436,7.6107
10234,20,19,2.351325,2.512542,1438,7.6090
10235,19,51,2.292018,2.080165,1397,7.3961
10236,51,54,6.222943,6.458253,1466,7.6196
10237,54,30,2.656157,2.802808,1392,7.3995
10238,30,31,1.796233,1.820906,1449,7.5869
10239,31,42,2.235726,2.668224,1446,7.6009
10240,42,55,3.992194,4.580714,1450,7.6442
10241,55,58,2.599448,2.592038,1210,6.5275
10242,58,15,3.521568,3.618814,1386,7.3520
10243,15,33,3.109123,2.993852,1361,7.3124
10244,33,47,3.399872,3.553161,1347,7.1099
10245,47,37,2.818816,2.849511,1441,7.6730
10246,37,47,3.231829,3.232699,1453,7.7112
10247,47,35,3.380971,3.580779,1444,7.6534
10248,35,48,4.307484,4.310104,1378,7.4270
10249,48,20,2.782673,2.810213,1459,7.6031
10250,20,30,4.447589,4.750148,1425,7.5086
10251,30,31,1.644036,1.729947,1437,7.5562
10252,31,42,2.171734,2.590402,1435,7.5723
10253,42,40,3.441343,3.805468,1450,7.6280
10254,40,24,2.941179,3.064277,1436,7.6526
10255,24,36,3.724449,3.881571,1373,7.3650
10256,36,20,4.628136,4.227048,1334,7.1219
10257,20,30,4.164608,4.530844,1339,7.0787
10258,30,10,3.897958,4.046124,1402,7.4419
10259,10,1,4.229644,4.662827,1323,7.1567
10260,1,46,3.261046,3.335274,1427,7.5982
10261,46,63,2.080328,1.736703,1397,7.5035
10262,63,8,2.225869,2.923214,1437,7.6078
10263,8,2,3.535883,4.246061,1446,7.5853
10264,2,52,2.315086,2.545184,1221,6.6057
10265,52,58,6.583326,6.410707,1318,7.2070
10266,58,15,3.409794,3.415737,1326,7.2364
10267,15,33,2.966540,2.939396,1437,7.5167
10268,33,47,3.163356,3.431062,1420,7.5171
10269,47,35,3.059495,3.542116,1449,7.6924
10270,35,49,3.953211,4.373777,1418,7.5908
10271,49,42,5.260864,5.023485,1340,7.2982
10272,42,22,3.401950,3.849366,1360,7.3488
10273,22,2,3.258959,3.340403,1455,7.5852
10274,2,7,3.114247,3.266514,1470,7.6828
10275,7,1,4.321139,4.357212,1406,7.5852
10276,1,33,2.713521,2.664157,1388,7.4073
10277,33,47,3.060091,3.316437,1439,7.6127
10278,47,63,2.951413,3.393546,1437,7.6708
10279,63,63,0.882275,0.492191,1400,7.5265
10280,63,63,0.772452,0.407580,1391,7.4947
10281,63,63,0.526131,0.336826,1368,7.3935
10282,63,63,0.456867,0.285063,1408,7.5562
10283,63,63,0.421404,0.243045,1394,7.4997
10284,63,8,2.903730,3.430745,1473,7.6741
10285,8,2,3.519751,4.247080,1449,7.6015
10286,2,7,2.736180,3.134796,1418,7.6288
10287,7,57,3.876077,3.855284,1434,7.6680
10288,57,2,2.545438,2.595091,1374,7.5141
10289,2,9,2.866540,3.097260,1434,7.5991
10290,9,13,3.230647,3.511665,1381,7.4699
10291,13,24,3.297887,3.048858,1426,7.5304
10292,24,41,2.402124,2.586287,1463,7.6527
10293,41,22,5.128358,5.012387,1401,7.4408
10294,22,38,1.606344,2.059154,1426,7.5656
10295,38,26,2.343290,2.833671,1435,7.6268
10296,26,13,4.140433,3.998161,1428,7.5927
10297,13,24,3.224259,2.932430,1392,7.4792
10298,24,62,3.816169,4.395646,1335,7.3623
10299,62,46,2.280927,2.279983,1369,7.2514
10300,46,63,1.752769,1.503490,1255,6.9726
10301,63,37,3.815971,4.224825,1376,7.4124
10302,37,28,2.095295,2.087762,1370,7.5048
10303,28,10,3.554488,3.162781,1364,7.5115
10304,10,37,3.067669,3.176021,1431,7.6229
10305,37,28,1.955871,1.982798,1453,7.7229
10306,28,53,3.695403,3.588236,1399,7.5742
10307,53,37,3.026040,3.100162,1374,7.4018
10308,37,62,4.387305,4.360710,1458,7.7260
10309,62,21,2.698803,2.527243,1396,7.3740
10310,21,53,1.900143,1.740572,1425,7.5851
10311,53,37,2.852059,3.006614,1435,7.5487
10312,37,28,2.027948,2.060361,1433,7.7116
10313,28,10,3.371494,3.133337,1458,7.6597
10314,10,37,2.724323,2.898823,1404,7.3146
10315,37,62,4.078304,4.286994,1421,7.7056
10316,62,21,2.410978,2.376617,1425,7.5716
10317,21,55,3.524329,3.596232,1446,7.6281
10318,55,30,2.600949,2.757423,1407,7.5537
10319,30,31,1.990266,1.750128,1433,7.5105
10320,31,42,2.099967,2.636519,1453,7.6311
10321,42,40,3.509823,3.691156,1436,7.6245
10322,40,23,3.109370,3.391401,1420,7.6286
10323,23,0,2.595501,2.313074,1443,7.5964
10324,0,43,4.412583,4.705477,1369,7.3009
10325,43,23,3.654014,3.754229,1395,7.4704
10326,23,0,2.541330,2.205578,1377,7.4221
10327,0,62,4.411781,4.177297,1465,7.6178
10328,62,48,2.733366,2.791026,1393,7.4521
10329,48,41,3.300576,3.051667,1413,7.5253
10330,41,22,4.854480,4.796057,1456,7.6009
10331,22,60,3.140532,3.424983,1429,7.5661
10332,60,7,3.028709,2.797907,1411,7.5735
10333,7,45,4.841102,5.016875,1396,7.5328
10334,45,54,2.206162,2.079343,1245,6.8452
10335,54,43,2.792093,2.644512,1452,7.5914
10336,43,23,3.398404,3.686033,1456,7.5743
10337,23,62,2.866377,3.472709,1441,7.5784
10338,62,46,2.344984,2.314909,1338,7.3240
10339,46,5,5.263864,5.374880,1448,7.5864
10340,5,13,3.427757,3.461361,1091,6.0233
10341,13,24,3.061556,2.810022,1364,7.2276
10342,24,62,4.475887,4.686101,1284,6.9775
10343,62,21,2.348570,2.421341,1450,7.6394
10344,21,53,1.956883,1.828648,1244,6.6431
10345,53,21,1.886016,1.801801,1390,7.4192
10346,21,53,1.806885,1.704923,1353,7.1849
10347,53,21,1.650109,1.692944,1404,7.5208
10348,21,54,2.710213,2.781021,1384,7.4724
10349,54,30,2.707677,2.855210,1424,7.5331
10350,30,31,1.776636,1.722075,1268,6.8433
10351,31,42,2.144112,2.600366,1440,7.5769
10352,42,40,3.304022,3.581242,1446,7.6434
10353,40,24,3.147742,3.164809,1446,7.6539
10354,24,62,4.744028,4.451033,1394,7.4279
10355,62,48,2.762956,2.744372,1380,7.4872
10356,48,41,3.237769,2.973740,1417,7.5128
10357,41,22,4.487622,4.589553,1406,7.5473
10358,22,38,1.939007,1.985779,1447,7.5623
10359,38,0,3.818177,4.377742,1440,7.5824
10360,0,57,1.892193,2.236442,1364,7.2965
10361,57,2,2.297481,2.474447,1394,7.4804
10362,2,9,2.762368,2.958468,1398,7.5647
10363,9,13,3.089813,3.481920,1398,7.4487
10364,13,24,3.046926,2.832573,1412,7.5156
10365,24,62,4.120793,4.344580,1436,7.5881
10366,62,21,2.145558,2.336563,1411,7.5216
10367,21,55,3.428495,3.666731,1353,7.2591
10368,55,30,2.587406,2.698410,1432,7.5705
10369,30,31,1.847680,1.688714,1435,7.5559
10370,31,19,5.045732,5.223570,1451,7.6094
10371,19,51,1.986756,1.984101,1475,7.6166
10372,51,56,3.833553,4.224099,1339,7.1974
10373,56,54,5.513095,5.539872,1437,7.5585
10374,54,59,3.878733,4.115283,1453,7.5772
10375,59,21,3.543940,3.731508,1433,7.6399
10376,21,53,1.912674,1.747123,1439,7.6230
10377,53,21,1.760552,1.635767,1350,7.1595
10378,21,53,1.878614,1.626817,1423,7.5748
10379,53,45,3.419048,3.758724,1280,6.7751
10380,45,21,3.064063,3.187193,1375,7.3133
10381,21,53,1.664088,1.491578,1458,7.6344
10382,53,21,1.522418,1.564852,1360,7.3809
10383,21,54,2.797469,2.875713,1345,7.2059
10384,54,43,2.772918,2.710603,1433,7.5338
10385,43,57,2.877557,3.422954,1457,7.5888
10386,57,35,4.420384,4.393201,1409,7.5748
10387,35,48,4.413549,4.219867,1271,6.9082
10388,48,41,2.959667,2.815211,1461,7.5983
10389,41,22,4.595752,4.388108,1431,7.6017
10390,22,38,1.573019,1.892583,1456,7.5730
10391,38,49,4.719925,4.908825,1444,7.6124
10392,49,24,5.090146,4.804594,1426,7.5737
10393,24,62,4.144902,4.128858,1420,7.6086
10394,62,21,2.405812,2.412156,1431,7.5151
10395,21,54,2.639138,2.707273,1445,7.6034
10396,54,43,2.536027,2.651499,1448,7.5957
10397,43,57,2.424694,3.387283,1442,7.5578
10398,57,35,4.425292,4.224270,1370,7.3278
10399,35,43,4.218780,3.855294,1203,6.7176
10400,43,57,2.513075,3.157301,1382,7.4703
10401,57,35,3.891843,4.077728,1397,7.4412
10402,35,48,4.215646,4.121017,1370,7.4709
10403,48,41,2.736544,2.712699,1435,7.6011
10404,41,55,3.172433,3.153921,1402,7.4604
10405,55,58,2.855319,2.810223,1381,7.4069
10406,58,15,3.042047,3.311198,1412,7.4866
10407,15,26,4.421115,4.011764,1325,7.1574
10408,26,13,4.025296,3.871475,1454,7.6374
10409,13,24,2.935024,2.712498,1354,7.2653
10410,24,62,3.939823,4.067238,1421,7.5309
10411,62,21,2.200406,2.386170,1426,7.5554
10412,21,53,1.737088,1.620845,1362,7.4213
10413,53,21,1.502427,1.530904,1430,7.6149
10414,21,53,1.714234,1.523034,1466,7.6440
10415,53,37,3.227262,3.411997,1424,7.5947
10416,37,62,4.599334,4.758692,1341,7.4578
10417,62,21,2.076076,2.228746,1455,7.6190
10418,21,55,3.453189,3.849376,1380,7.3473
10419,55,26,4.194268,4.481951,1397,7.3985
10420,26,13,3.520636,3.742140,1455,7.6376
10421,13,32,2.061290,2.148263,1285,6.9754
10422,32,10,4.727932,5.222601,1350,7.3273
10423,10,1,4.300995,4.537427,1436,7.5863
10424,1,46,3.399810,3.339070,1441,7.6067
10425,46,63,2.024517,1.698316,1333,7.1735
10426,63,8,2.003580,2.930789,1424,7.5961
10427,8,2,3.551322,4.198988,1394,7.3687
10428,2,9,2.398968,2.776915,1448,7.6387
10429,9,16,3.864606,3.946658,1458,7.6657
10430,16,4,3.430105,3.926049,1452,7.6466
10431,4,15,3.222658,2.912297,1323,7.1358
10432,15,26,4.201480,3.930395,1470,7.6257
10433,26,17,2.557827,2.537656,1403,7.5244
10434,17,0,3.522516,3.964850,1427,7.6402
10435,0,57,1.825421,2.096669,1374,7.4044
10436,57,2,2.634532,2.670617,1425,7.5412
10437,2,9,2.467497,2.704928,1365,7.3589
10438,9,13,3.071194,3.501079,1428,7.5367
10439,13,32,2.055413,2.089795,1407,7.5005
10440,32,10,4.672856,5.122298,1351,7.2444
10441,10,61,2.719704,2.648906,1297,7.0967
10442,61,33,4.210643,4.468157,1418,7.5150
10443,33,47,3.219435,3.144971,1426,7.5908
10444,47,37,2.832270,2.930445,1416,7.6014
10445,37,62,4.481398,4.553227,1469,7.7525
10446,62,46,2.542108,2.523903,1398,7.4928
10447,46,63,2.253594,1.694657,1461,7.6148
10448,63,37,3.314555,3.714744,1405,7.5314
10449,37,62,4.289701,4.419717,1453,7.7193
10450,62,48,2.978114,2.977504,1436,7.6022
10451,48,20,2.968546,2.879038,1380,7.3289
10452,20,47,3.963785,4.353962,1433,7.5924
10453,47,35,3.608896,3.719879,1432,7.6583
10454,35,43,3.622529,3.698287,1385,7.4691
10455,43,23,3.670812,3.657414,1434,7.5881
10456,23,37,3.433122,4.157876,1446,7.5994
10457,37,62,4.201518,4.177620,1451,7.6919
10458,62,48,2.913867,2.855945,1459,7.6557
10459,48,13,5.870756,5.809031,1448,7.5922
10460,13,32,1.906719,2.018315,1376,7.4484
10461,32,5,3.735048,4.122947,1457,7.6389
10462,5,13,3.733420,3.491274,1425,7.5895
10463,13,32,1.875528,1.914848,1427,7.5900
10464,32,10,4.716049,5.117876,1432,7.5704
10465,10,61,2.666061,2.489765,1412,7.4087
10466,61,33,4.117653,4.374239,1421,7.5486
10467,33,62,3.023002,3.297100,1407,7.4920
10468,62,46,2.479381,2.436848,1413,7.5565
10469,46,63,2.084438,1.702329,1399,7.5230
10470,63,37,3.212696,3.565614,1426,7.5928
10471,37,62,3.891254,4.048487,1420,7.6130
10472,62,48,2.852918,2.821925,1417,7.5856
10473,48,20,2.900494,2.951283,1468,7.6247
10474,20,30,4.143321,4.328328,1458,7.6113
10475,30,31,1.629871,1.588560,1429,7.5277
10476,31,30,2.074708,1.812512,1434,7.5750
10477,30,40,4.098637,4.803862,1451,7.5936
10478,40,23,3.429784,3.449900,1391,7.5340
10479,23,37,3.534781,4.115515,1365,7.1612
10480,37,28,2.131193,2.233973,1413,7.5906
10481,28,53,3.472341,3.450086,1413,7.6027
10482,53,37,2.741536,2.931701,1394,7.5179
10483,37,28,2.014824,2.204921,1391,7.6229
10484,28,53,3.454919,3.314211,1409,7.5813
10485,53,37,2.486025,2.696573,1393,7.3667
10486,37,47,3.533860,3.737457,1423,7.6591
10487,47,35,3.367637,3.602051,1399,7.5171
10488,35,48,4.173971,4.069751,1403,7.5662
10489,48,41,2.956261,2.811065,1394,7.4804
10490,41,22,4.182159,4.175462,1346,7.3337
10491,22,38,1.741453,1.885185,1360,7.2972
10492,38,0,3.636964,4.131433,1428,7.5900
10493,0,57,1.839791,2.034345,1447,7.5921
10494,57,2,2.410203,2.610656,1437,7.6174
10495,2,9,2.330776,2.621965,1329,7.2100
10496,9,13,3.183486,3.573830,1390,7.4741
10497,13,24,2.975805,2.771986,1416,7.4881
10498,24,62,4.480871,4.470902,1407,7.5342
10499,62,48,2.718444,2.735920,1454,7.6204
10500,48,41,3.000808,2.752328,1332,6.9685
10501,41,24,2.586544,3.110982,1428,7.5628
10502,24,62,4.477477,4.291731,1462,7.6160
10503,62,21,2.210355,2.397231,1454,7.6327
10504,21,55,3.314252,3.452271,1455,7.6256
10505,55,58,2.919892,2.832428,1466,7.6462
10506,58,15,3.150706,3.234684,1372,7.3587
10507,15,1,3.972604,3.944467,1430,7.6050
10508,1,59,3.203871,3.238490,1314,7.1548
10509,59,20,5.183509,5.949776,1392,7.4357
10510,20,19,2.410100,2.690575,1429,7.5643
10511,19,50,3.368102,3.537868,1442,7.6242
10512,50,9,4.539500,4.912231,1424,7.5658
10513,9,13,3.051903,3.360596,1409,7.5575
10514,13,32,1.774896,1.968575,1369,7.3871
10515,32,5,3.745060,4.036025,1414,7.4812
10516,5,13,3.553425,3.384638,1369,7.3425
10517,13,32,1.777779,1.868094,1364,7.3255
10518,32,29,2.905690,3.306621,1441,7.6352
10519,29,4,3.759085,4.683477,1436,7.5920
10520,4,40,3.025172,3.208566,1346,7.2801
10521,40,24,3.294468,3.402549,1380,7.4988
10522,24,62,4.007202,3.997452,1262,6.8307
10523,62,21,2.116473,2.325158,1324,7.2468
10524,21,53,1.914153,1.719657,1407,7.4567
10525,53,21,1.810359,1.767873,1325,7.2530
10526,21,55,3.123571,3.422469,1439,7.6055
10527,55,30,2.599934,2.782735,1423,7.5773
10528,30,31,1.709725,1.577719,1342,7.1243
10529,31,19,4.517981,5.007593,1448,7.6029
10530,19,50,3.319077,3.425836,1454,7.6153
10531,50,9,4.605327,4.827464,1429,7.5729
10532,9,13,2.927032,3.218723,1435,7.6134
10533,13,32,1.689384,1.841460,1279,6.9569
10534,32,5,3.459352,3.978449,1414,7.6015
10535,5,13,3.516323,3.268499,1308,7.0295
10536,13,24,3.046164,2.965724,1393,7.4343
10537,24,62,3.793125,3.910153,1450,7.5925
10538,62,21,1.960257,2.260333,1432,7.6160
10539,21,53,1.821844,1.700574,1456,7.6266
10540,53,45,3.169374,3.738921,1423,7.5858
10541,45,21,3.218221,3.250761,1435,7.6366
10542,21,54,2.804182,2.927915,1326,7.0446
10543,54,59,3.806340,4.059475,1353,7.2751
10544,59,43,2.567877,2.580863,1374,7.4165
10545,43,57,2.362929,2.969018,1423,7.5381
10546,57,2,2.357925,2.517250,1386,7.3559
10547,2,7,2.973175,3.327945,1333,7.3167
10548,7,45,4.545267,4.805962,1440,7.6651
10549,45,54,2.418346,2.164997,1434,7.5714
10550,54,59,3.593011,3.924759,1466,7.5871
10551,59,21,3.409521,3.642975,1451,7.6306
10552,21,53,1.757158,1.631858,1387,7.4593
10553,53,37,2.430470,2.801888,1421,7.5968
10554,37,47,3.305616,3.563679,1420,7.6552
10555,47,63,2.844338,3.433572,1410,7.6133
10556,63,37,2.917320,3.231132,1416,7.6117
10557,37,28,2.144799,2.309956,1450,7.7173
10558,28,53,3.245726,3.198077,1402,7.5524
10559,53,37,2.097840,2.533994,1302,7.1239
10560,37,28,2.045521,2.284584,1382,7.4459
10561,28,53,3.144129,3.065701,1427,7.6313
10562,53,45,3.264810,3.803358,1441,7.6204
10563,45,54,2.414216,2.083130,1444,7.6230
10564,54,43,2.861522,2.698375,1413,7.5284
10565,43,23,3.506590,3.646899,1454,7.5961
10566,23,0,2.806627,2.445675,1437,7.5398
10567,0,57,1.743810,2.015706,1399,7.4738
10568,57,22,3.538485,3.892129,1383,7.4357
10569,22,2,3.283981,3.288019,1382,7.4064
10570,2,52,2.804760,3.156103,1433,7.6234
10571,52,54,5.726846,5.483069,1381,7.4946
10572,54,59,3.501136,3.729035,1401,7.3430
10573,59,21,3.135804,3.563108,1443,7.6103
10574,21,55,3.002411,3.289587,1331,7.2691
10575,55,58,2.812446,2.839085,1378,7.4458
10576,58,15,2.784302,3.170862,1461,7.6985
10577,15,1,3.949951,3.863274,1451,7.5927
10578,1,59,2.984099,3.182957,1427,7.5252
10579,59,20,5.292071,6.141285,1452,7.6244
10580,20,30,3.897297,3.922905,1385,7.3965
10581,30,10,4.231055,4.368842,1339,7.0998
10582,10,1,4.061321,4.396117,1427,7.6121
10583,1,46,3.275197,3.247031,1461,7.6072
10584,46,63,2.372106,1.753680,1415,7.5276
10585,63,8,2.079773,2.958555,1325,7.1375
10586,8,2,3.543821,4.189499,1445,7.5896
10587,2,9,2.537939,2.809704,1440,7.6516
10588,9,13,2.714897,3.175802,1428,7.6446
10589,13,31,5.175040,5.713523,1426,7.6051
10590,31,42,2.235905,2.645885,1436,7.5891
10591,42,40,3.096319,3.479076,1444,7.6210
10592,40,33,3.399392,3.336121,1423,7.5887
10593,33,62,2.790630,3.129340,1456,7.5819
10594,62,46,2.658413,2.625700,1437,7.6139
10595,46,63,2.254999,1.719880,1445,7.6095
10596,63,63,0.992665,0.483676,1437,7.5986
10597,63,63,0.659533,0.397537,1438,7.5903
10598,63,8,2.427562,3.188747,1445,7.6260
10599,8,4,4.064100,3.957454,1425,7.5468
10600,4,40,2.956233,3.291119,1374,7.3325
10601,40,24,3.207766,3.348282,1416,7.6197
10602,24,41,3.144659,2.994087,1355,7.2490
10603,41,55,2.920777,3.074527,1426,7.5640
10604,55,30,2.530000,2.750431,1435,7.5971
10605,30,31,1.813606,1.704758,1439,7.5541
10606,31,30,2.125282,1.763606,1295,6.8685
10607,30,31,1.809864,1.589961,1440,7.5667
10608,31,42,2.389169,2.752176,1441,7.6170
10609,42,22,3.957700,4.151493,1366,7.4286
10610,22,2,2.984212,3.317318,1436,7.5788
10611,2,52,2.837575,3.073800,1446,7.6576
10612,52,54,5.408809,5.344102,1373,7.4135
10613,54,43,2.721876,2.442943,1415,7.5769
10614,43,3,4.679562,5.154194,1424,7.5138
10615,3,25,3.546936,3.448025,1448,7.6015
10616,25,44,3.208579,3.154296,1447,7.5891
10617,44,1,4.426614,4.304708,1420,7.5433
10618,1,59,3.001862,3.101535,1420,7.4963
10619,59,43,2.487496,2.471186,1444,7.6526
10620,43,23,3.361343,3.591299,1455,7.5657
10621,23,0,2.432781,2.361289,1445,7.6073
10622,0,62,5.113236,4.682174,1427,7.5919
10623,62,21,2.242120,2.500583,1413,7.5463
10624,21,53,1.890562,1.729974,1437,7.6027
10625,53,45,3.299151,3.579120,1415,7.5544
10626,45,21,2.943673,3.294845,1410,7.5365
10627,21,54,2.899401,2.923912,1428,7.5822
10628,54,59,3.313709,3.628871,1441,7.5068
10629,59,43,2.496228,2.370440,1434,7.6259
10630,43,23,3.437961,3.447594,1327,7.2063
10631,23,0,2.203722,2.296044,1431,7.5859
10632,0,43,4.290444,4.735760,1397,7.4473
10633,43,57,2.842586,3.100894,1424,7.5086
10634,57,22,3.230106,3.693762,1370,7.3139
10635,22,2,3.186145,3.149433,1385,7.4218
10636,2,52,2.643487,2.937245,1475,7.7055
10637,52,54,5.349847,5.309471,1424,7.5875
10638,54,43,2.442069,2.347454,1382,7.3911
10639,43,23,3.042527,3.273953,1427,7.5744
10640,23,0,2.262608,2.255345,1437,7.5932
10641,0,57,1.761201,2.202088,1443,7.5749
10642,57,22,3.116277,3.556671,1463,7.6183
10643,22,38,2.089135,2.031077,1411,7.5266
10644,38,26,2.827104,3.112221,1433,7.5802
10645,26,17,2.601512,2.452218,1400,7.5230
10646,17,48,4.803465,5.159780,1389,7.4359
10647,48,13,6.077609,5.632479,1306,7.0183
10648,13,31,5.156591,5.451903,1435,7.5991
10649,31,42,2.260883,2.538584,1299,6.9184
10650,42,40,3.155402,3.514651,1456,7.6108
10651,40,33,3.420626,3.260203,1396,7.5677
10652,33,47,3.161299,3.183816,1348,7.3832
10653,47,35,3.246286,3.528842,1453,7.7191
10654,35,48,4.018345,3.914258,1401,7.4892
10655,48,41,2.707466,2.636693,1426,7.4465
10656,41,22,4.431252,4.322943,1444,7.5905
10657,22,38,1.774246,1.966677,1436,7.5793
10658,38,49,4.388216,4.627057,1422,7.5753
10659,49,24,4.761856,4.677321,1403,7.4926
10660,24,41,2.658683,2.826759,1403,7.5378
10661,41,22,4.123336,4.191296,1448,7.6126
10662,22,60,3.179472,3.577539,1459,7.6077
10663,60,22,3.145581,2.659734,1445,7.6169
10664,22,60,3.031051,3.352882,1462,7.5929
10665,60,22,2.774083,2.477749,1442,7.6351
10666,22,38,1.901115,1.950030,1449,7.5963
10667,38,0,3.988972,4.294056,1410,7.5736
10668,0,57,1.692305,2.125962,1383,7.3175
10669,57,22,2.961919,3.678339,1466,7.6448
10670,22,60,2.853264,3.212212,1465,7.5836
10671,60,7,3.098618,2.954981,1441,7.6309
10672,7,1,4.140429,4.269288,1315,7.1631
10673,1,33,2.581458,2.636601,1414,7.5297
10674,33,47,2.874529,3.096287,1448,7.6090
10675,47,35,3.030205,3.480164,1405,7.6281
10676,35,43,4.045405,4.035124,1368,7.4546
10677,43,23,3.054731,3.106502,1460,7.6059
10678,23,62,3.844445,4.219562,1347,7.2527
10679,62,48,2.975320,2.963915,1446,7.6195
10680,48,20,2.757652,3.006130,1320,7.1170
10681,20,47,3.894467,4.177735,1453,7.6125
10682,47,35,2.913401,3.303720,1437,7.6631
10683,35,43,3.953543,3.962778,1435,7.6514
10684,43,57,2.177326,3.015775,1421,7.5653
10685,57,35,4.406352,4.387498,1460,7.6257
10686,35,48,3.681144,3.864165,1452,7.6620
10687,48,20,2.558028,2.845182,1434,7.5861
10688,20,19,2.613087,2.763272,1437,7.5844
10689,19,51,2.062670,2.108627,1443,7.5823
10690,51,56,3.572531,4.001916,1402,7.4849
10691,56,47,4.452348,4.385744,1417,7.4795
10692,47,35,2.898369,3.178076,1440,7.6527
10693,35,43,3.576982,3.798942,1368,7.2931
10694,43,23,2.808704,2.993292,1281,6.9945
10695,23,37,3.442372,4.130243,1455,7.6047
10696,37,28,2.452063,2.145422,1406,7.6450
10697,28,53,2.898666,2.931699,1432,7.6187
10698,53,37,2.323312,2.449011,1344,7.3591
10699,37,62,4.185522,4.522972,1459,7.6994
10700,62,46,2.581564,2.552080,1460,7.6074
10701,46,63,2.341372,1.654610,1453,7.6050
10702,63,8,2.484489,2.971423,1450,7.6346
10703,8,27,3.814321,4.329300,1455,7.5954
10704,27,16,1.854214,1.917184,1451,7.6171
10705,16,4,3.313195,3.750068,1432,7.6261
10706,4,40,3.057141,3.286442,1423,7.5081
10707,40,33,3.145752,3.127057,1423,7.5988
10708,33,62,2.627585,3.155311,1333,7.0749
10709,62,21,2.372167,2.515357,1435,7.5942
10710,21,53,1.985832,1.770857,1412,7.4326
10711,53,21,1.987784,2.039574,1421,7.5427
10712,21,53,1.900586,1.653364,1443,7.6229
10713,53,45,2.996469,3.547699,1396,7.5707
10714,45,21,2.910753,3.147348,1458,7.6465
10715,21,53,1.820199,1.554205,1390,7.4184
10716,53,45,2.913830,3.441244,1428,7.6556
10717,45,54,2.531679,2.166270,1412,7.4991
10718,54,43,2.507524,2.462850,1448,7.5474
10719,43,57,2.304177,2.997621,1403,7.4452
10720,57,35,4.277873,4.262363,1458,7.6121
10721,35,43,3.603761,3.613702,1373,7.4772
10722,43,23,2.907619,2.967253,1426,7.5394
10723,23,0,2.339386,2.479870,1448,7.5963
10724,0,57,1.647177,2.099509,1443,7.6066
10725,57,35,4.048354,4.136872,1452,7.6215
10726,35,49,4.536719,4.752310,1371,7.4451
10727,49,24,4.649318,4.685994,1380,7.3147
10728,24,41,2.346957,2.679634,1340,7.1241
10729,41,22,4.279572,4.225933,1417,7.4551
10730,22,38,1.793497,1.964239,1460,7.5825
10731,38,0,3.663180,4.196247,1317,6.9914
10732,0,57,1.647963,2.033350,1427,7.5039
10733,57,2,2.842000,2.944512,1441,7.6063
10734,2,9,2.415774,2.784426,1407,7.4854
10735,9,41,6.014548,6.492481,1453,7.7001
10736,41,22,4.042298,3.873792,1457,7.6347
10737,22,38,1.659753,1.914971,1426,7.4623
10738,38,26,2.751347,3.208140,1462,7.6355
10739,26,17,2.484556,2.396811,1452,7.6729
10740,17,48,4.771364,5.063215,1435,7.6321
10741,48,13,5.638582,5.376268,1409,7.4625
10742,13,32,2.073516,1.950852,1320,7.2300
10743,32,29,2.828265,3.190649,1237,6.9440
10744,29,23,6.591610,7.006564,1266,6.7797
10745,23,37,3.521276,3.965484,1394,7.5321
10746,37,62,3.893907,4.315863,1434,7.7388
10747,62,21,2.144823,2.379169,1441,7.6028
10748,21,53,1.749306,1.557784,1450,7.5998
10749,53,45,2.963163,3.296478,1209,6.8015
10750,45,21,2.893990,3.059930,1373,7.4071
10751,21,53,1.689229,1.478048,1428,7.6137
10752,53,21,1.666345,1.915697,1226,6.6869
10753,21,53,1.630756,1.395504,1439,7.6174
10754,53,45,2.857277,3.297678,1450,7.6538
10755,45,21,2.551655,2.836584,1447,7.5984
10756,21,53,1.467188,1.333618,1397,7.5237
10757,53,21,1.636823,1.821082,1276,6.9947
10758,21,54,3.086367,3.242386,1425,7.5856
10759,54,59,3.179017,3.658903,1415,7.5464
10760,59,20,5.410112,6.154696,1443,7.6576
10761,20,19,2.704226,2.663334,1202,6.7126
10762,19,51,1.993856,2.053571,1424,7.5589
10763,51,54,6.373322,6.622278,1369,7.2658
10764,54,43,2.614224,2.526037,1451,7.5862
10765,43,23,2.813407,3.017849,1430,7.5574
10766,23,0,2.559189,2.475867,1446,7.6069
10767,0,57,1.661737,1.990867,1435,7.5974
10768,57,2,2.570683,2.812811,1433,7.5893
10769,2,9,2.462223,2.705599,1404,7.4639
10770,9,16,3.936439,4.057763,1429,7.6313
10771,16,40,4.158831,4.962435,1381,7.4091
10772,40,33,3.069779,2.961921,1448,7.6538
10773,33,62,2.664276,3.062032,1361,7.2319
10774,62,21,2.288187,2.384129,1306,6.8724
10775,21,53,1.602864,1.372941,1445,7.6259
10776,53,21,1.427014,1.705943,1396,7.5470
10777,21,53,1.618990,1.308441,1419,7.5739
10778,53,37,2.874319,3.167545,1154,6.3730
10779,37,47,3.394325,3.739715,1409,7.6394
10780,47,63,3.125667,3.427576,1433,7.6180
10781,63,8,1.827702,2.698769,1421,7.5493
10782,8,2,4.029733,4.547099,1301,6.9784
10783,2,7,2.891097,3.352826,1291,7.1729
10784,7,57,3.937733,3.943316,1434,7.6815
10785,57,2,2.623582,2.672760,1358,7.2586
10786,2,7,2.993786,3.242597,1435,7.6780
10787,7,45,4.764105,5.142478,1453,7.6987
10788,45,21,2.477076,2.729323,1450,7.5904
10789,21,55,3.335155,3.772025,1399,7.4609
10790,55,58,2.805154,2.773801,1413,7.5027
10791,58,4,4.146426,4.069262,1308,7.1513
10792,4,40,2.874871,3.012392,1309,7.1166
10793,40,24,3.333905,3.390478,1318,7.2310
10794,24,36,3.530306,3.748759,1358,7.2240
10795,36,20,4.395199,4.298731,1317,7.0672
10796,20,19,2.634031,2.541162,1379,7.4051
10797,19,51,1.877545,1.992742,1417,7.6041
10798,51,4,5.331649,5.833200,1428,7.5751
10799,4,15,3.028498,2.843986,1395,7.4669
10800,15,1,3.741008,3.840937,1443,7.5820
10801,1,46,3.567558,3.266623,1430,7.5516
10802,46,5,5.312460,5.102929,1445,7.6190
10803,5,13,3.317246,3.359693,1386,7.3943
10804,13,24,3.172194,2.877144,1448,7.6145
10805,24,41,2.599112,2.694760,1375,7.3505
10806,41,55,2.922797,3.174828,1397,7.4181
10807,55,26,4.161343,4.468751,1457,7.6348
10808,26,13,4.194155,4.193161,1436,7.6366
10809,13,32,1.973154,1.895493,1457,7.6484
10810,32,10,4.470713,4.973263,1456,7.6367
10811,10,61,2.501969,2.463891,1416,7.4529
10812,61,53,4.376623,4.088470,1443,7.6248
10813,53,45,2.822187,3.355705,1452,7.6787
10814,45,21,2.455580,2.615113,1454,7.6203
10815,21,54,3.123341,3.182551,1456,7.6480
10816,54,59,3.017846,3.589788,1363,7.1269
10817,59,21,2.645489,3.249506,1302,7.0297
10818,21,55,3.279271,3.590457,1390,7.4632
10819,55,58,2.822078,2.745727,1400,7.4899
10820,58,4,4.048676,4.046063,1397,7.4617
10821,4,40,2.723634,2.844338,1378,7.2711
10822,40,24,3.186128,3.329426,1396,7.5521
10823,24,62,4.408796,4.080853,1448,7.5572
10824,62,21,2.222265,2.485202,1441,7.6115
10825,21,54,2.856452,3.021503,1446,7.5930
10826,54,30,3.388159,3.441841,1408,7.4048
10827,30,31,2.065016,1.618356,1263,6.8249
10828,31,19,4.309389,4.619430,1422,7.5185
10829,19,50,3.255270,3.515090,1378,7.3506
10830,50,34,2.375369,2.073125,1419,7.5723
10831,34,50,2.428386,2.053012,1433,7.6272
10832,50,9,4.455527,4.809163,1427,7.5720
10833,9,13,3.182667,3.327284,1171,6.6300
10834,13,32,1.880323,1.867204,1400,7.4055
10835,32,10,4.280789,4.845304,1412,7.4752
10836,10,61,2.480030,2.342109,1391,7.3779
10837,61,53,3.761826,4.010287,1434,7.5599
10838,53,21,1.296783,1.621907,1382,7.5029
10839,21,53,1.918316,1.587667,1465,7.5838
10840,53,21,1.325683,1.561490,1372,7.3350
10841,21,53,1.778390,1.486274,1394,7.3824
10842,53,37,2.753924,2.998199,1472,7.6595
10843,37,28,2.497287,2.295292,1422,7.5599
10844,28,10,3.895022,3.649571,1309,7.1177
10845,10,61,2.279874,2.263633,1426,7.5624
10846,61,53,3.587921,3.885661,1404,7.3964
10847,53,21,1.366624,1.587379,1464,7.6782
10848,21,54,2.977905,3.043336,1415,7.5228
10849,54,43,3.007939,2.689731,1272,6.7758
10850,43,57,2.558969,3.162631,1409,7.5452
10851,57,22,3.466360,4.081767,1436,7.6341
10852,22,38,1.824389,1.875989,1423,7.4933
10853,38,0,3.506628,4.204411,1380,7.3882
10854,0,57,1.609193,2.003959,1426,7.6012
10855,57,22,3.357685,3.949360,1367,7.3330
10856,22,38,1.684563,1.818603,1431,7.5376
10857,38,26,2.784924,3.236820,1452,7.6283
10858,26,13,4.036753,4.128132,1423,7.5901
10859,13,24,3.318215,2.897961,1407,7.5380
10860,24,41,2.756382,2.664932,1438,7.5710
10861,41,55,2.806787,3.100654,1363,7.4434
10862,55,30,2.655992,2.882439,1424,7.5637
10863,30,31,1.974396,1.591055,1441,7.5863
10864,31,42,2.078762,2.548770,1451,7.5924
10865,42,55,3.690724,4.846672,1459,7.6382
10866,55,58,2.577729,2.654149,1388,7.4758
10867,58,15,3.120801,3.233156,1360,7.2801
10868,15,1,3.776752,3.765452,1453,7.6112
10869,1,33,2.589947,2.504906,1445,7.6261
10870,33,48,4.907365,5.248743,1431,7.5570
10871,48,20,2.592334,2.876934,1372,7.2810
10872,20,30,3.775242,3.804029,1432,7.5826
10873,30,40,4.412597,4.796010,1405,7.4855
10874,40,23,4.291890,4.220655,1335,7.2042
10875,23,0,2.312618,2.435399,1420,7.5288
10876,0,57,1.584113,1.947405,1431,7.5713
10877,57,35,4.230757,4.139734,1441,7.5690
10878,35,48,3.741804,3.890979,1409,7.6095
10879,48,41,3.020719,2.910173,1389,7.4184
10880,41,22,3.934569,3.973633,1420,7.5522
10881,22,60,2.913660,3.293309,1473,7.6074
10882,60,22,2.844476,2.462141,1447,7.6480
10883,22,2,3.364614,3.430524,1479,7.5961
10884,2,7,2.829045,3.091015,1423,7.5655
10885,7,45,4.532425,5.001516,1392,7.4538
10886,45,54,2.373912,2.072018,1434,7.5885
10887,54,30,3.491505,3.442363,1443,7.5556
10888,30,31,1.900875,1.630535,1431,7.5444
10889,31,42,2.056640,2.475809,1371,7.3428
10890,42,40,3.297617,3.709646,1450,7.6460
10891,40,23,4.075752,4.047530,1360,7.5328
10892,23,0,2.321458,2.342039,1433,7.5949
10893,0,62,4.707326,4.468575,1453,7.5852
10894,62,48,3.247483,3.121405,1449,7.6290
10895,48,20,2.677453,2.838321,1442,7.5742
10896,20,47,3.806102,4.011610,1474,7.6162
10897,47,37,2.786321,2.930712,1225,6.9264
10898,37,28,2.428386,2.154361,1359,7.4154
10899,28,46,4.445577,4.458991,1444,7.6713
10900,46,63,2.346270,1.701556,1363,7.3013
10901,63,8,1.923968,2.611071,1450,7.6211
10902,8,4,4.006068,4.039506,1336,7.2115
10903,4,40,2.896322,3.009946,1441,7.5541
10904,40,24,3.059598,3.325539,1451,7.6714
10905,24,41,2.845193,2.627071,1420,7.5453
10906,41,24,2.556066,2.660706,1374,7.3747
10907,24,41,2.562489,2.427831,1442,7.5879
10908,41,24,2.394015,2.452985,1446,7.5989
10909,24,62,4.342224,4.119954,1437,7.5706
10910,62,48,3.231465,3.006457,1426,7.5780
10911,48,20,2.466337,2.802994,1453,7.5825
10912,20,30,3.753484,3.807350,1460,7.6093
10913,30,31,1.783283,1.593228,1446,7.5982
10914,31,42,1.836262,2.438029,1450,7.6031
10915,42,40,3.361579,3.713984,1437,7.5964
10916,40,33,3.343515,3.105739,1434,7.6931
10917,33,47,3.278492,3.349186,1367,7.3927
10918,47,35,2.935392,3.322861,1408,7.5643
10919,35,43,3.295545,3.557077,1450,7.6918
10920,43,3,4.744079,5.036866,1318,6.9965
10921,3,25,3.494918,3.391432,1354,7.2018
10922,25,32,4.208575,4.298667,1421,7.5593
10923,32,5,3.362411,3.704193,1340,7.3055
10924,5,25,4.500296,4.730604,1293,7.0440
10925,25,44,3.187853,3.069844,1454,7.5916
10926,44,8,4.862955,5.187446,1414,7.6095
10927,8,2,3.918204,4.354283,1336,7.1644
10928,2,7,2.555844,2.943157,1395,7.5516
10929,7,45,4.655356,4.882707,1406,7.5749
10930,45,54,2.233041,1.972646,1427,7.6081
10931,54,43,3.024856,2.691746,1448,7.5593
10932,43,3,4.577146,4.982383,1420,7.5504
10933,3,12,3.508936,3.642989,1466,7.6003
10934,12,62,5.609228,5.596019,1382,7.4042
10935,62,48,3.319614,2.810516,1359,7.2021
10936,48,41,3.256747,3.005622,1433,7.5632
10937,41,22,3.559861,3.909364,1438,7.5928
10938,22,60,2.726584,3.099446,1423,7.4887
10939,60,61,4.536068,5.045327,1454,7.6705
10940,61,53,3.342703,3.768772,1323,7.2414
10941,53,21,1.452082,1.660188,1449,7.6908
10942,21,54,2.472023,2.561852,1386,7.4267
10943,54,30,3.308606,3.463433,1439,7.5473
10944,30,10,4.813386,4.520016,1424,7.5245
10945,10,61,2.254040,2.300152,1369,7.3123
10946,61,6,3.380803,3.530867,1377,7.3982
10947,6,12,3.005877,3.113844,1406,7.5510
10948,12,40,5.773254,5.531913,1430,7.5906
10949,40,23,3.843628,3.841308,1343,7.2870
10950,23,37,3.643698,3.902746,1443,7.6284
10951,37,62,4.544667,4.577691,1265,7.0388
10952,62,48,3.067503,2.679333,1398,7.4587
10953,48,41,3.456607,2.906749,1382,7.3495
10954,41,55,2.970175,3.132033,1370,7.3588
10955,55,26,3.940195,4.304981,1438,7.6052
10956,26,17,2.563224,2.439371,1438,7.6186
10957,17,0,3.776734,4.101556,1433,7.6170
10958,0,62,4.548667,4.353687,1457,7.5942
10959,62,21,2.415889,2.566196,1385,7.4579
10960,21,53,1.841752,1.630804,1411,7.5719
10961,53,37,2.931221,2.824911,1428,7.4556
10962,37,62,4.152588,4.447532,1428,7.6632
10963,62,46,2.758998,2.713350,1434,7.5718
10964,46,62,2.846500,2.595747,1448,7.5687
10965,62,46,2.667473,2.529243,1422,7.5352
10966,46,62,2.493883,2.415324,1473,7.6174
10967,62,21,2.344975,2.477839,1438,7.5506
10968,21,53,1.790748,1.578289,1321,7.0715
10969,53,21,1.465226,1.686329,1396,7.4625
10970,21,54,2.482341,2.638726,1366,7.2335
10971,54,43,3.053297,2.700309,1394,7.4743
10972,43,23,3.201386,3.445919,1406,7.5311
10973,23,0,2.513910,2.387632,1354,7.2062
10974,0,43,4.410932,4.891008,1468,7.6254
10975,43,57,2.779524,3.182091,1398,7.4311
10976,57,22,3.685121,3.980378,1430,7.5431
10977,22,38,1.835258,1.924076,1392,7.4328
10978,38,0,3.791181,4.253018,1408,7.5449
10979,0,57,1.889861,2.070368,1454,7.5979
10980,57,22,3.353333,3.845527,1422,7.5763
10981,22,38,1.783200,1.852813,1460,7.5748
10982,38,26,2.741610,3.205139,1432,7.5741
10983,26,42,3.372721,3.831780,1433,7.6043
10984,42,22,3.993331,4.415634,1396,7.4519
10985,22,38,1.719905,1.761645,1359,7.1219
10986,38,49,4.428817,4.740653,1428,7.5774
10987,49,17,3.348698,2.904999,1385,7.3743
10988,17,48,4.631215,5.059694,1417,7.5983
10989,48,41,3.143378,2.790930,1343,7.3377
10990,41,55,2.751505,2.970498,1274,6.9747
10991,55,58,2.592148,2.611898,1349,7.2368
10992,58,4,3.765256,4.011089,1429,7.5986
10993,4,23,5.188470,5.547326,1326,7.1667
10994,23,0,2.167420,2.456323,1430,7.6171
10995,0,57,1.857478,2.000115,1450,7.5877
10996,57,22,3.081282,3.734031,1445,7.5919
10997,22,38,1.653537,1.718707,1425,7.5311
10998,38,49,4.241445,4.589603,1428,7.5708
10999,49,24,4.935137,4.682261,1433,7.5913
11000,24,62,4.204416,4.305407,1436,7.5913
11001,62,21,2.294910,2.395703,1347,7.3592
11002,21,54,2.354335,2.521971,1401,7.5191
11003,54,43,2.975701,2.677125,1338,7.1507
11004,43,57,2.401754,3.185895,1450,7.5826
11005,57,35,3.818961,3.968277,1434,7.5819
11006,35,48,4.186770,3.987901,1397,7.5873
11007,48,20,2.529702,2.863454,1440,7.5810
11008,20,47,3.603313,3.978470,1416,7.5501
11009,47,37,2.943625,2.960202,1443,7.6817
11010,37,28,2.447129,2.138244,1369,7.4140
11011,28,46,4.118586,4.249468,1330,7.1970
11012,46,5,5.512924,5.107904,1445,7.5943
11013,5,13,3.322108,3.394989,1341,7.3157
11014,13,32,1.907176,1.921083,1432,7.6085
11015,32,29,2.763346,3.159235,1256,6.9298
11016,29,29,0.848370,0.469056,1406,7.4061
11017,29,29,0.674153,0.390541,1398,7.4403
11018,29,29,0.665706,0.327441,1443,7.5521
11019,29,4,3.868769,5.039193,1448,7.5696
11020,4,40,2.643949,2.982662,1401,7.4584
11021,40,23,3.676900,3.744751,1295,7.1830
11022,23,62,3.661945,3.888687,1409,7.5325
11023,62,21,2.113766,2.308907,1442,7.5953
11024,21,54,2.279738,2.413469,1453,7.6165
11025,54,43,3.007213,2.606089,1429,7.5400
11026,43,23,3.384586,3.553795,1374,7.2474
11027,23,62,3.175568,3.837236,1417,7.5124
11028,62,46,2.647109,2.508791,1429,7.5173
11029,46,63,2.407296,1.863577,1417,7.5621
11030,63,8,1.557506,2.583189,1340,7.2344
11031,8,2,3.438423,4.151106,1443,7.5792
11032,2,9,2.403906,2.793602,1362,7.3245
11033,9,16,3.486630,3.763377,1420,7.5974
11034,16,4,3.395715,4.019838,1350,7.2388
11035,4,40,2.560415,2.875948,1481,7.6034
11036,40,23,3.678257,3.771493,1445,7.6900
11037,23,37,3.070538,3.762933,1455,7.6257
11038,37,28,2.064412,2.040232,1447,7.7242
11039,28,10,4.067787,3.613206,1357,7.4049
11040,10,37,3.404858,3.359534,1464,7.6366
11041,37,62,4.046994,4.173746,1446,7.7306
11042,62,48,3.300794,2.990072,1447,7.5896
11043,48,41,3.076536,2.780897,1428,7.5368
11044,41,22,3.984500,4.033823,1430,7.5608
11045,22,38,1.588478,1.657118,1450,7.6071
11046,38,49,4.020359,4.429299,1441,7.6094
11047,49,24,4.761456,4.606385,1445,7.6328
11048,24,62,4.460055,4.392111,1445,7.6079
11049,62,21,2.190769,2.305118,1408,7.4960
11050,21,54,2.157771,2.301756,1441,7.6157
11051,54,30,3.405820,3.580892,1392,7.3036
11052,30,31,1.892592,1.666104,1464,7.6317
11053,31,42,2.178563,2.421440,1425,7.5777
11054,42,40,3.666930,3.882745,1416,7.5697
11055,40,24,3.276031,3.465010,1426,7.6211
11056,24,41,2.679149,2.570392,1421,7.5510
11057,41,24,2.757989,2.798452,1442,7.5793
11058,24,62,4.523997,4.209378,1431,7.5674
11059,62,21,1.919644,2.244011,1444,7.5940
11060,21,53,2.203281,1.916430,1441,7.5976
11061,53,37,2.863003,2.782647,1430,7.6246
11062,37,28,1.950869,1.999234,1343,7.4399
11063,28,46,3.956896,4.179352,1371,7.3616
11064,46,62,2.560006,2.514516,1398,7.3923
11065,62,46,2.596767,2.454314,1447,7.5510
11066,46,5,5.169836,5.144955,1412,7.5251
11067,5,13,3.356457,3.378752,1339,7.3136
11068,13,24,3.107944,2.873768,1311,7.1459
11069,24,62,4.088811,4.155493,1462,7.5951
11070,62,48,2.963466,2.951184,1444,7.5890
11071,48,13,5.721176,5.568917,1428,7.5966
11072,13,24,2.992295,2.713810,1433,7.6116
11073,24,41,2.421086,2.465572,1366,7.3492
11074,41,24,2.527275,2.580598,1429,7.5826
11075,24,62,4.252845,4.135291,1485,7.6167
11076,62,21,2.063467,2.350588,1455,7.6035
11077,21,53,2.103410,1.835552,1450,7.6231
11078,53,45,3.243802,3.508546,1425,7.5798
11079,45,21,3.051811,3.248047,1442,7.5726
11080,21,55,3.419390,3.746287,1464,7.6186
11081,55,26,3.820563,4.187787,1319,7.1197
11082,26,13,4.093143,4.173937,1461,7.6425
11083,13,24,2.849376,2.577189,1391,7.4472
11084,24,62,4.104280,4.049671,1422,7.5436
11085,62,48,2.893978,2.867344,1352,7.2956
11086,48,41,3.539441,2.815909,1310,7.0060
11087,41,22,3.842542,3.920866,1313,7.0424
11088,22,38,1.460221,1.629655,1394,7.3379
11089,38,26,2.829393,3.352974,1432,7.5807
11090,26,13,4.059396,4.071491,1431,7.6044
11091,13,24,2.730023,2.469590,1452,7.6251
11092,24,36,3.718794,3.978232,1412,7.5433
11093,36,20,4.610772,4.318108,1308,7.1277
11094,20,30,3.510557,3.757954,1380,7.3177
11095,30,10,4.316290,4.382621,1366,7.3234
11096,10,1,4.266025,4.562248,1390,7.3391
11097,1,46,3.287510,3.145240,1317,7.1163
11098,46,5,5.201087,4.852778,1310,7.1192
11099,5,13,3.352904,3.501642,1460,7.6101
11100,13,31,4.915604,5.156697,1391,7.5147
11101,31,42,2.253859,2.252078,1396,7.3898
11102,42,55,3.914477,4.885124,1456,7.6237
11103,55,58,2.689123,2.540591,1440,7.5990
11104,58,4,3.854999,3.978702,1364,7.2634
11105,4,40,2.419967,2.835349,1434,7.5889
11106,40,23,3.581366,3.653004,1360,7.4279
11107,23,62,3.633448,3.941363,1430,7.5829
11108,62,46,2.905926,2.580230,1422,7.5267
11109,46,62,2.486600,2.501439,1443,7.5960
11110,62,46,2.423496,2.398770,1449,7.5685
11111,46,63,2.645431,2.035533,1473,7.6205
11112,63,63,1.068152,0.625872,1419,7.5318
11113,63,63,0.737074,0.522455,1383,7.3996
11114,63,8,2.500199,2.731105,1428,7.5658
11115,8,2,3.195469,4.022803,1446,7.5899
11116,2,9,2.213529,2.680312,1383,7.4832
11117,9,16,3.576897,3.691677,1456,7.6485
11118,16,4,3.593451,4.029302,1392,7.4776
11119,4,23,4.659449,5.282114,1313,7.0539
11120,23,37,3.135108,3.651506,1441,7.6047
11121,37,28,1.848026,1.910918,1375,7.4718
11122,28,53,3.107314,3.045450,1379,7.3832
11123,53,45,2.918088,3.262453,1370,7.4989
11124,45,21,2.814285,3.104695,1438,7.6203
11125,21,53,1.961763,1.721987,1363,7.3378
11126,53,37,2.697351,2.737780,1379,7.4656
11127,37,28,1.933222,1.891103,1442,7.7167
11128,28,53,2.989680,2.888036,1397,7.5256
11129,53,45,2.800230,3.233221,1381,7.5137
11130,45,54,2.156992,1.869336,1382,7.4263
11131,54,30,3.293914,3.355269,1454,7.6066
11132,30,10,4.222536,4.207619,1400,7.3774
11133,10,37,3.063030,3.146265,1413,7.4866
11134,37,62,4.432683,4.632116,1412,7.6782
11135,62,48,2.867283,2.825804,1468,7.6277
11136,48,20,3.026239,3.164975,1426,7.5655
11137,20,19,2.710121,2.744671,1439,7.5848
11138,19,51,1.995169,2.025140,1465,7.6136
11139,51,54,6.453880,6.858050,1399,7.4861
11140,54,43,2.942346,2.454854,1369,7.2384
11141,43,23,3.565160,3.701263,1421,7.5300
11142,23,0,2.993857,2.669329,1454,7.6131
11143,0,43,4.197807,4.716685,1446,7.6011
11144,43,23,3.350126,3.447575,1446,7.5759
11145,23,0,2.720778,2.579485,1439,7.5652
11146,0,57,1.734641,2.039453,1470,7.6191
11147,57,22,3.352376,3.861302,1468,7.6209
11148,22,38,1.482650,1.604066,1490,7.6219
11149,38,0,4.243374,4.577712,1449,7.6220
11150,0,57,1.553642,1.948932,1475,7.6369
11151,57,2,2.936346,3.231458,1445,7.5844
11152,2,7,2.772512,3.000844,1420,7.6096
11153,7,45,4.526709,4.784752,1414,7.5878
11154,45,21,2.955861,3.105478,1447,7.6117
11155,21,54,2.419153,2.400964,1432,7.5820
11156,54,59,3.736426,3.938328,1442,7.5790
11157,59,21,3.054000,3.505164,1452,7.6395
11158,21,55,3.317929,3.564918,1374,7.3713
11159,55,30,2.545166,2.683360,1358,7.3843
11160,30,31,2.043223,1.861087,1333,7.1340
11161,31,42,2.195443,2.196878,1391,7.4221
11162,42,40,3.751439,3.877195,1443,7.6094
11163,40,24,3.567071,3.638241,1205,6.6288
11164,24,62,4.461818,4.103594,1332,7.1899
11165,62,46,2.302654,2.329574,1438,7.5600
11166,46,62,2.428776,2.349795,1442,7.5769
11167,62,48,3.000559,2.728202,1406,7.4664
11168,48,41,3.166863,2.758352,1396,7.3397
11169,41,22,3.561619,3.799323,1479,7.6207
11170,22,38,1.506686,1.580710,1272,7.0462
11171,38,0,3.921883,4.417315,1451,7.6167
11172,0,57,1.685915,1.867916,1441,7.5780
11173,57,22,3.181824,3.933162,1446,7.5860
11174,22,38,1.468376,1.552795,1433,7.4590
11175,38,0,3.814448,4.275849,1424,7.5657
11176,0,57,1.726553,1.797975,1349,7.1216
11177,57,2,3.008659,3.275422,1366,7.3654
11178,2,52,2.968959,3.227959,1353,7.3739
11179,52,8,4.507025,4.691494,1405,7.4282
11180,8,2,3.319255,3.820266,1309,7.1648
11181,2,7,2.658491,2.974776,1346,7.4127
11182,7,45,4.450525,4.632260,1416,7.5996
11183,45,54,2.132602,1.966730,1441,7.5977
11184,54,43,3.022530,2.491456,1382,7.4082
11185,43,57,2.556346,3.279973,1377,7.3870
11186,57,22,3.304322,3.863901,1464,7.6291
11187,22,38,1.411510,1.525949,1433,7.5179
11188,38,0,3.641748,4.154469,1450,7.6015
11189,0,57,1.662087,1.782647,1440,7.6001
11190,57,22,3.150834,3.716684,1435,7.5951
11191,22,38,1.407732,1.519040,1433,7.5457
11192,38,26,2.991214,3.549575,1461,7.5781
11193,26,17,2.775127,2.566156,1456,7.6520
11194,17,0,3.437432,3.932859,1417,7.5713
11195,0,62,4.974438,4.653018,1438,7.5814
11196,62,21,2.684438,2.788024,1313,7.1279
11197,21,54,2.155184,2.277204,1447,7.6350
11198,54,43,2.844884,2.412117,1411,7.4725
11199,43,23,3.559617,3.460430,1411,7.5704
11200,23,0,3.324932,3.024338,1392,7.5002
11201,0,62,4.699011,4.404317,1458,7.6054
11202,62,21,2.409875,2.655400,1389,7.4076
11203,21,54,2.096709,2.228895,1448,7.6021
11204,54,30,3.366859,3.318568,1445,7.6015
11205,30,31,2.064332,1.851247,1385,7.3150
11206,31,42,1.989536,2.166799,1437,7.6318
11207,42,22,3.821954,4.721289,1457,7.6211
11208,22,38,1.429177,1.481216,1467,7.6049
11209,38,26,2.766929,3.410383,1456,7.5978
11210,26,17,2.768890,2.490887,1445,7.6182
11211,17,23,5.843267,6.029232,1287,7.0210
11212,23,37,3.013143,3.537265,1396,7.5102
11213,37,62,4.344795,4.530225,1280,7.1209
11214,62,48,2.582871,2.576317,1360,7.2700
11215,48,20,2.880803,3.238307,1324,7.0778
11216,20,30,3.548058,3.754792,1388,7.4127
11217,30,10,4.122847,4.218576,1425,7.5360
11218,10,1,4.263168,4.627521,1444,7.5898
11219,1,33,2.515383,2.614116,1402,7.5005
11220,33,47,3.277303,3.289410,1436,7.5832
11221,47,35,2.972339,3.226075,1389,7.5496
11222,35,43,3.907765,3.984829,1426,7.5414
11223,43,23,3.254245,3.288953,1454,7.6174
11224,23,0,2.667776,2.829714,1452,7.6071
11225,0,57,1.707638,1.823865,1464,7.6138
11226,57,22,2.953667,3.510438,1437,7.6041
11227,22,38,1.449594,1.492262,1453,7.6417
11228,38,0,3.814462,4.176951,1447,7.5791
11229,0,57,1.608112,1.785548,1453,7.6090
11230,57,2,3.158985,3.413335,1460,7.6255
11231,2,9,2.458963,2.814885,1396,7.5936
11232,9,13,3.494615,3.590890,1409,7.5142
11233,13,24,2.553578,2.489261,1425,7.4714
11234,24,62,4.475659,4.319846,1449,7.6212
11235,62,46,2.381956,2.348766,1445,7.6124
11236,46,5,4.872710,4.893664,1428,7.5771
11237,5,13,3.390754,3.509866,1425,7.5540
11238,13,32,2.093454,2.104346,1427,7.6022
11239,32,10,4.367787,4.725448,1332,7.1875
11240,10,61,2.793935,2.551293,1418,7.5724
11241,61,53,3.920860,3.741550,1424,7.5350
11242,53,21,1.926186,2.087145,1356,7.3531
11243,21,53,2.385473,1.990752,1416,7.5335
11244,53,45,3.008978,3.268611,1338,7.3482
11245,45,54,1.962642,1.843995,1397,7.4750
11246,54,59,3.529390,3.927907,1405,7.4417
11247,59,20,5.263217,6.052289,1440,7.6275
11248,20,19,2.815947,2.717675,1385,7.4111
11249,19,51,1.876580,1.963320,1340,7.1002
11250,51,54,6.366822,6.907365,1432,7.5720
11251,54,30,3.157815,3.083841,1451,7.6041
11252,30,31,2.008443,1.895360,1272,6.8395
11253,31,42,2.043954,2.116426,1405,7.4545
11254,42,55,3.750931,4.872354,1453,7.6129
11255,55,30,2.437880,2.478904,1408,7.4991
11256,30,31,2.085153,1.862083,1379,7.3265
11257,31,19,4.285419,4.547163,1465,7.5946
11258,19,51,1.936447,1.941573,1362,7.3510
11259,51,56,3.726750,4.172685,1453,7.5804
11260,56,47,4.128346,4.196187,1274,6.9861
11261,47,35,2.897111,3.047932,1452,7.6964
11262,35,48,3.852057,4.112003,1439,7.6802
11263,48,13,5.557608,5.629592,1429,7.5725
11264,13,31,4.684014,5.106313,1316,7.1295
11265,31,42,1.632599,2.116117,1463,7.6006
11266,42,40,3.441212,3.813051,1445,7.6068
11267,40,23,4.010203,3.934451,1251,6.9863
11268,23,0,2.833896,2.835714,1444,7.6000
11269,0,57,1.654098,1.718479,1386,7.4631
11270,57,22,2.931732,3.417926,1457,7.6100
11271,22,60,3.328990,3.757943,1462,7.6523
11272,60,7,3.030818,2.930457,1390,7.3946
11273,7,45,4.247326,4.476280,1455,7.6529
11274,45,21,3.084764,3.225068,1433,7.6213
11275,21,53,2.096960,1.879484,1372,7.3820
11276,53,37,2.685739,2.673448,1342,7.2664
11277,37,62,4.305581,4.519937,1371,7.5174
11278,62,21,2.293457,2.607658,1319,7.1284
11279,21,55,3.314941,3.530868,1432,7.5845
11280,55,58,2.601103,2.575272,1342,7.0630
11281,58,4,3.687071,3.862154,1343,7.1893
11282,4,15,3.107060,2.804331,1413,7.5495
11283,15,1,3.670760,3.607348,1429,7.5542
11284,1,33,2.445164,2.494863,1426,7.5931
11285,33,62,2.907838,3.320693,1420,7.5559
11286,62,46,2.494738,2.236416,1437,7.5898
11287,46,63,2.585408,2.063925,1454,7.6091
11288,63,37,3.382133,3.860748,1421,7.5130
11289,37,28,1.920699,1.925798,1425,7.6841
11290,28,46,4.053418,4.095822,1428,7.6051
11291,46,63,2.370780,1.938354,1451,7.5878
11292,63,63,0.774170,0.511612,1411,7.5092
11293,63,8,2.486523,2.877603,1453,7.5885
11294,8,2,3.039238,3.781592,1442,7.6027
11295,2,7,2.779270,2.906261,1379,7.4444
11296,7,45,4.067565,4.347234,1321,7.2539
11297,45,54,2.298383,2.045352,1370,7.4243
11298,54,30,3.046582,2.936078,1438,7.5586
11299,30,10,4.275508,4.219333,1454,7.5725
11300,10,37,2.967770,3.179551,1387,7.3423
11301,37,28,1.845763,1.833694,1434,7.6921
11302,28,53,2.976941,2.904492,1455,7.6667
11303,53,45,3.069051,3.391675,1443,7.6334
11304,45,54,2.177746,1.934209,1428,7.6352
11305,54,30,2.913261,2.842559,1411,7.5254
11306,30,31,2.087715,1.990831,1372,7.2871
11307,31,42,1.929565,2.087268,1443,7.5520
11308,42,40,3.237101,3.694237,1456,7.6441
11309,40,23,3.841525,3.774505,1296,7.0642
11310,23,37,3.034127,3.520983,1424,7.5680
11311,37,62,4.313658,4.427609,1461,7.7468
11312,62,21,2.340958,2.552645,1423,7.5599
11313,21,53,2.278606,1.991196,1438,7.5652
11314,53,21,2.010582,2.102014,1410,7.5736
11315,21,53,2.156248,1.855866,1393,7.5102
11316,53,45,2.961092,3.399580,1442,7.6584
11317,45,54,2.260100,1.879226,1388,7.4720
11318,54,30,2.729470,2.775877,1430,7.5594
11319,30,31,2.083271,1.973448,1281,7.0451
11320,31,42,1.797137,2.063048,1426,7.5319
11321,42,40,3.162422,3.606022,1442,7.5975
11322,40,23,3.746292,3.642480,1353,7.4125
11323,23,0,2.827973,2.748256,1433,7.5963
11324,0,62,4.681773,4.368428,1436,7.6351
11325,62,46,2.383718,2.208057,1274,6.7993
11326,46,62,2.292409,2.306198,1453,7.5957
11327,62,21,2.308420,2.501376,1376,7.3421
11328,21,54,2.338810,2.549338,1451,7.5895
11329,54,30,2.500553,2.682060,1404,7.4671
11330,30,31,2.152283,1.960177,1429,7.5223
11331,31,30,2.138590,1.949452,1454,7.5596
11332,30,10,4.148071,4.342305,1451,7.5779
11333,10,37,3.000160,3.075453,1432,7.5948
11334,37,28,1.830777,1.814841,1362,7.4732
11335,28,46,4.017988,4.006784,1352,7.4059
11336,46,62,2.255024,2.252531,1392,7.4603
11337,62,48,3.116244,2.780478,1470,7.6231
11338,48,20,3.077018,3.141359,1438,7.5809
11339,20,19,2.732964,2.666747,1443,7.5634
11340,19,51,1.957091,1.880498,1436,7.5692
11341,51,54,6.558932,7.063857,1445,7.5359
11342,54,30,2.316856,2.454101,1394,7.4346
11343,30,31,2.032620,1.913101,1447,7.5838
11344,31,30,1.965369,1.788727,1464,7.6074
11345,30,31,1.837700,1.786973,1450,7.5405
11346,31,19,4.214249,4.707167,1409,7.5246
11347,19,51,1.789667,1.880347,1434,7.6029
11348,51,54,6.386895,6.904989,1432,7.5990
11349,54,30,2.208356,2.295298,1388,7.4298
11350,30,31,1.717672,1.746040,1374,7.2700
11351,31,30,1.746701,1.690679,1449,7.5587
11352,30,31,1.698299,1.645584,1428,7.5637
11353,31,42,2.723409,2.595383,1451,7.5949
11354,42,40,2.770899,3.423809,1451,7.6450
11355,40,23,3.262597,3.541409,1363,7.4160
11356,23,62,3.187942,3.612688,1403,7.4727
11357,62,21,2.373982,2.456695,1378,7.4466
11358,21,53,2.113607,1.965623,1289,6.7848
11359,53,45,2.815566,3.267032,1427,7.6050
11360,45,21,3.209421,3.379468,1414,7.5676
11361,21,55,3.300246,3.608858,1441,7.6080
11362,55,58,2.671970,2.539342,1374,7.4301
11363,58,4,3.564066,3.737220,1408,7.4830
11364,4,15,2.698026,2.628293,1252,6.6853
11365,15,1,3.370474,3.531058,1385,7.2600
11366,1,33,2.496513,2.400638,1444,7.5771
11367,33,62,2.958534,3.266825,1445,7.6029
11368,62,21,2.254483,2.410091,1430,7.5817
11369,21,53,2.156670,1.910842,1405,7.5031
11370,53,37,2.776614,2.720677,1446,7.6534
11371,37,62,3.744595,4.226136,1290,7.1466
11372,62,48,2.902816,2.794072,1448,7.5499
11373,48,41,3.174606,2.826610,1426,7.5091
11374,41,55,3.196211,3.158932,1431,7.5707
11375,55,58,2.401822,2.442735,1284,6.9430
11376,58,4,3.715791,3.693429,1436,7.5842
11377,4,23,4.501817,5.118857,1438,7.5555
11378,23,0,2.822627,2.719475,1415,7.5196
11379,0,57,1.579771,1.737661,1401,7.3887
11380,57,22,2.636087,3.227840,1385,7.4218
11381,22,38,1.505253,1.624401,1438,7.6000
11382,38,26,2.774330,3.309968,1407,7.5101
11383,26,17,2.636108,2.373644,1437,7.6040
11384,17,23,5.835785,6.056191,1349,7.3047
11385,23,0,2.657621,2.483329,1391,7.4278
11386,0,62,4.489940,4.093523,1444,7.5846
11387,62,21,2.137139,2.316520,1431,7.5537
11388,21,53,2.048675,1.865766,1418,7.4859
11389,53,21,1.910759,1.969647,1446,7.6670
11390,21,53,2.002906,1.742293,1469,7.6271
11391,53,21,1.695888,1.841768,1248,6.8015
11392,21,54,2.826364,3.095809,1438,7.6115
11393,54,30,2.370036,2.358747,1429,7.4963
11394,30,10,4.133849,4.325802,1283,6.8704
11395,10,61,2.815043,2.737582,1423,7.5154
11396,61,6,2.991974,3.336856,1353,7.1645
11397,6,12,2.947441,3.038045,1306,7.2547
11398,12,46,5.141287,5.344577,1321,7.0248
11399,46,63,2.555728,1.866695,1365,7.3032
11400,63,8,2.271533,2.631228,1391,7.4419
11401,8,27,3.477146,4.220790,1452,7.5793
11402,27,27,1.562627,1.169830,1445,7.6093
11403,27,27,1.372269,1.018765,1434,7.5592
11404,27,16,1.957246,2.034302,1417,7.5337
11405,16,4,3.720110,4.180098,1456,7.6093
11406,4,15,2.704196,2.530355,1465,7.6224
11407,15,1,3.167133,3.448352,1397,7.4029
11408,1,46,3.278159,3.174082,1399,7.3810
11409,46,63,2.396242,1.797738,1457,7.6268
11410,63,8,1.853095,2.587165,1416,7.5320
11411,8,2,2.860292,3.831064,1438,7.5876
11412,2,52,3.060557,3.196003,1366,7.3695
11413,52,8,4.423409,4.674048,1339,7.1316
11414,8,2,2.751406,3.528518,1391,7.4717
11415,2,9,2.622411,2.833106,1374,7.5333
11416,9,13,3.194023,3.549512,1404,7.5093
11417,13,24,2.571604,2.426879,1245,6.8160
11418,24,62,4.678713,4.775984,1431,7.5335
11419,62,46,2.525338,2.455562,1299,7.0504
11420,46,62,2.480847,2.359198,1399,7.4881
11421,62,21,1.959582,2.243893,1437,7.5654
11422,21,54,2.648597,2.942833,1433,7.5491
11423,54,59,3.588788,3.898695,1282,6.9837
11424,59,21,3.081750,3.538928,1438,7.6327
11425,21,53,2.032599,1.802729,1339,7.1606
11426,53,37,2.764473,2.808810,1437,7.6614
11427,37,47,3.829006,4.235025,1402,7.6534
11428,47,63,3.310782,3.492686,1443,7.6466
11429,63,63,0.809986,0.543110,1339,7.3036
11430,63,8,2.424019,2.649220,1436,7.5960
11431,8,27,3.644513,4.036813,1424,7.5569
11432,27,27,1.305911,0.899265,1421,7.5805
11433,27,16,2.013160,2.073561,1447,7.5935
11434,16,40,4.440981,5.192218,1429,7.6271
11435,40,24,3.729034,3.646395,1397,7.4849
11436,24,62,4.771100,4.547446,1469,7.5983
11437,62,48,2.764765,2.683413,1417,7.5607
11438,48,41,2.983718,2.697030,1403,7.4694
11439,41,22,4.067059,4.166662,1418,7.5241
11440,22,2,3.772005,3.967025,1417,7.4695
11441,2,52,2.878841,3.117587,1438,7.6825
11442,52,8,4.446022,4.596149,1298,6.9336
11443,8,4,4.835925,4.185007,1433,7.5431
11444,4,40,2.782264,3.288456,1421,7.5331
11445,40,24,3.376657,3.491590,1429,7.5855
11446,24,62,4.474800,4.282990,1421,7.4880
11447,62,21,2.190810,2.276718,1358,7.2893
11448,21,55,3.369603,3.823278,1413,7.5145
11449,55,26,3.800803,4.072904,1434,7.5647
11450,26,13,3.895576,4.202972,1442,7.6386
11451,13,32,2.061922,2.167085,1438,7.6188
11452,32,5,3.588883,3.831460,1386,7.4370
11453,5,25,4.499597,4.665576,1401,7.4460
11454,25,44,3.170259,3.006233,1403,7.5079
11455,44,1,4.458224,4.251530,1327,7.0505
11456,1,46,3.120466,3.083342,1393,7.3899
11457,46,5,4.757507,4.733552,1434,7.6190
11458,5,13,3.285195,3.506560,1398,7.4823
11459,13,32,1.950216,2.064553,1363,7.2201
11460,32,5,3.680096,3.821510,1420,7.5645
11461,5,25,4.316070,4.621772,1463,7.6147
11462,25,54,5.115235,5.095800,1417,7.4747
11463,54,59,3.361495,3.626969,1407,7.5260
11464,59,20,5.034686,5.905284,1428,7.6228
11465,20,19,2.813878,2.585998,1448,7.6124
11466,19,51,1.815753,1.826890,1424,7.5560
11467,51,54,6.301018,6.783910,1427,7.5772
11468,54,30,2.473316,2.285310,1438,7.5850
11469,30,31,1.702224,1.649955,1354,7.1822
11470,31,42,2.336673,2.444675,1468,7.5967
11471,42,22,4.130499,4.822455,1390,7.4430
11472,22,2,3.463464,3.869494,1397,7.3557
11473,2,9,2.587323,2.764491,1400,7.5280
11474,9,13,3.215952,3.521486,1401,7.5202
11475,13,24,2.747997,2.582390,1420,7.5948
11476,24,62,4.160505,4.154891,1395,7.5117
11477,62,21,1.904432,2.224825,1411,7.4574
11478,21,53,2.055332,1.841498,1435,7.5973
11479,53,37,2.542758,2.665101,1415,7.5989
11480,37,28,2.072665,1.958497,1314,7.2415
11481,28,53,2.890132,2.847732,1451,7.6953
11482,53,21,1.765220,1.913221,1421,7.6287
11483,21,53,1.962248,1.723544,1465,7.6446
11484,53,21,1.703651,1.802414,1346,7.3822
11485,21,55,3.328828,3.815237,1458,7.6118
11486,55,58,2.593223,2.484348,1435,7.5883
11487,58,4,3.807302,3.742574,1280,6.9973
11488,4,40,2.848966,3.136824,1448,7.5829
11489,40,23,3.239840,3.458690,1406,7.6040
11490,23,0,2.672888,2.377941,1431,7.6027
11491,0,62,4.356714,4.116261,1438,7.5805
11492,62,48,2.634072,2.620452,1400,7.4729
11493,48,20,3.040902,3.294169,1395,7.4248
11494,20,19,2.669904,2.533371,1379,7.4093
11495,19,51,1.735122,1.793073,1441,7.6245
11496,51,54,5.894663,6.586768,1447,7.6093
11497,54,30,2.343370,2.210572,1418,7.4767
11498,30,10,3.938422,4.096285,1474,7.6172
11499,10,61,2.974149,2.718822,1461,7.6293
11500,61,6,2.944805,3.259595,1327,7.1158
11501,6,12,2.788227,2.991655,1447,7.6161
11502,12,40,5.677789,5.517947,1454,7.5929
11503,40,33,3.379098,3.358349,1415,7.5958
11504,33,62,2.913890,3.282104,1350,7.2014
11505,62,21,2.053639,2.242934,1451,7.6046
11506,21,53,1.806541,1.713660,1441,7.5792
11507,53,45,3.227345,3.692700,1449,7.7044
11508,45,54,2.902318,2.392040,1337,7.2013
11509,54,30,2.189847,2.155746,1354,7.2978
11510,30,10,3.703949,3.937167,1443,7.5589
11511,10,61,2.986851,2.714561,1394,7.5062
11512,61,33,4.248358,4.436610,1292,7.0984
11513,33,48,4.164930,4.624951,1409,7.5443
11514,48,20,3.045085,3.220918,1397,7.4747
11515,20,30,3.526846,3.875371,1438,7.5889
11516,30,31,1.844260,1.791002,1388,7.4592
11517,31,30,1.845259,1.767651,1431,7.5782
11518,30,31,1.730269,1.670628,1406,7.4627
11519,31,42,2.546670,2.485995,1458,7.5806
11520,42,55,3.754120,4.945407,1437,7.6084
11521,55,26,3.595276,3.944372,1457,7.6083
11522,26,42,3.450242,3.834315,1423,7.5888
11523,42,55,3.772586,4.705203,1442,7.5888
11524,55,26,3.415355,3.775368,1393,7.4198
11525,26,17,2.497198,2.434844,1448,7.6260
11526,17,48,5.015219,5.386208,1415,7.5689
11527,48,13,5.469230,5.513353,1335,7.2273
11528,13,32,1.894529,2.088760,1438,7.6177
11529,32,29,2.793908,3.085167,1326,7.3124
11530,29,29,0.654076,0.337576,1403,7.4385
11531,29,23,5.938821,6.774476,1444,7.5507
11532,23,0,2.504112,2.273879,1417,7.5528
11533,0,57,1.504930,1.868087,1377,7.3469
11534,57,22,2.762374,3.214640,1442,7.5854
11535,22,38,1.617590,1.722602,1346,7.1979
11536,38,0,4.428227,4.399925,1432,7.5842
11537,0,62,4.141087,3.971174,1423,7.5507
11538,62,21,2.042047,2.211949,1439,7.6118
11539,21,53,1.817978,1.680042,1449,7.6156
11540,53,45,3.103494,3.544751,1400,7.5002
11541,45,54,2.495763,2.289577,1376,7.4156
11542,54,43,3.220533,2.858803,1425,7.5119
11543,43,57,2.582659,3.231897,1267,7.0405
11544,57,2,3.023498,3.341393,1434,7.5675
11545,2,7,2.721054,2.978653,1400,7.5629
11546,7,1,4.631115,4.726032,1344,7.2953
11547,1,46,3.074596,3.047387,1373,7.3828
11548,46,5,4.844359,4.532997,1463,7.6143
11549,5,13,3.631534,3.470052,1420,7.5296
11550,13,32,1.768427,1.980613,1441,7.6346
11551,32,10,4.400115,4.950938,1408,7.5586
11552,10,61,2.829563,2.538293,1398,7.5226
11553,61,53,3.426866,3.630357,1415,7.4811
11554,53,21,1.755599,1.879665,1406,7.6281
11555,21,53,1.826890,1.628461,1301,7.0086
11556,53,45,2.857933,3.414303,1457,7.6712
11557,45,21,3.031928,3.275798,1327,7.2311
11558,21,53,1.719345,1.513800,1389,7.5409
11559,53,21,1.721269,1.752495,1428,7.6168
11560,21,54,3.390928,3.473506,1477,7.6352
11561,54,30,2.515135,2.297461,1444,7.5467
11562,30,31,1.642171,1.640400,1414,7.4771
11563,31,42,2.117005,2.409905,1360,7.2099
11564,42,55,3.430042,4.549445,1465,7.6329
11565,55,26,3.436120,3.570135,1440,7.5690
11566,26,17,2.590167,2.392742,1372,7.4060
11567,17,23,5.700948,5.890006,1434,7.6244
11568,23,62,3.062437,3.429403,1430,7.5366
11569,62,21,1.998397,2.218987,1369,7.3398
11570,21,53,1.720340,1.546128,1451,7.6021
11571,53,37,2.946622,3.001584,1452,7.6377
11572,37,47,3.903589,4.132264,1448,7.7214
11573,47,35,2.841218,2.898328,1135,6.4675
11574,35,48,4.172461,4.117056,1450,7.6902
11575,48,41,2.764221,2.648058,1443,7.6035
11576,41,55,2.807332,3.200265,1355,7.2558
11577,55,30,2.523689,2.552597,1460,7.6118
11578,30,31,1.732441,1.597502,1412,7.5597
11579,31,30,1.927143,1.760078,1419,7.4926
11580,30,40,5.889662,6.415511,1399,7.3968
11581,40,33,3.182603,3.264355,1286,7.1237
11582,33,47,3.079603,3.413815,1431,7.5583
11583,47,63,3.017996,3.426298,1441,7.6777
11584,63,37,3.467522,3.844431,1419,7.5220
11585,37,62,4.513435,4.815774,1411,7.6204
11586,62,48,3.164020,2.741525,1414,7.5162
11587,48,20,2.908673,3.083036,1434,7.6317
11588,20,30,3.205931,3.759211,1438,7.5715
11589,30,10,3.874619,4.103174,1329,7.0422
11590,10,37,3.122565,3.209943,1378,7.4146
11591,37,62,4.390480,4.672532,1421,7.6592
11592,62,21,1.945220,2.061646,1467,7.6127
11593,21,55,3.225082,3.859127,1424,7.5977
11594,55,30,2.398768,2.385702,1400,7.4140
11595,30,10,3.904996,3.944884,1400,7.4812
11596,10,37,2.820950,3.085758,1431,7.5819
11597,37,28,2.058183,2.043921,1453,7.7489
11598,28,53,2.993560,2.801312,1358,7.3490
11599,53,45,2.759223,3.312412,1321,7.1620
11600,45,21,3.044451,3.222505,1429,7.6001
11601,21,53,1.840421,1.605085,1414,7.5632
11602,53,21,1.837948,1.735594,1467,7.6794
11603,21,54,3.203769,3.439233,1455,7.5892
11604,54,30,2.488321,2.296962,1420,7.5239
11605,30,31,1.941922,1.725258,1344,7.2242
11606,31,42,2.268421,2.443772,1435,7.5724
11607,42,55,3.468076,4.430009,1421,7.5356
11608,55,58,2.720077,2.602534,1464,7.6051
11609,58,4,3.660061,3.551887,1418,7.5347
11610,4,40,2.748805,3.100902,1388,7.4853
11611,40,24,3.185608,3.359318,1345,7.3503
11612,24,62,4.498234,4.302081,1356,7.2954
11613,62,46,2.795829,2.781983,1403,7.4581
11614,46,63,2.500165,1.923004,1433,7.5647
11615,63,37,3.701402,3.797206,1276,6.9310
11616,37,47,3.964551,4.030833,1385,7.5341
11617,47,37,3.289514,3.061310,1391,7.5211
11618,37,47,3.551273,3.723549,1433,7.6800
11619,47,63,2.936217,3.319508,1399,7.5048
11620,63,8,1.980847,2.543688,1455,7.6125
11621,8,2,2.870367,3.697454,1410,7.5066
11622,2,52,2.810819,3.097286,1310,7.0666
11623,52,54,5.106880,5.114232,1458,7.6108
11624,54,43,3.445464,2.838209,1403,7.4651
11625,43,23,3.689764,3.824254,1330,7.2327
11626,23,0,2.445227,2.245446,1414,7.5951
11627,0,62,4.038944,3.770723,1419,7.6179
11628,62,48,3.050545,2.655471,1426,7.5741
11629,48,20,2.528337,3.024157,1437,7.5938
11630,20,30,3.324600,3.726582,1396,7.5074
11631,30,31,1.725015,1.634184,1439,7.5507
11632,31,30,1.746547,1.735881,1451,7.5868
11633,30,10,3.725270,3.887218,1392,7.3673
11634,10,61,2.856925,2.761628,1445,7.6240
11635,61,53,3.193111,3.584623,1369,7.2309
11636,53,21,1.690570,1.713896,1310,6.9787
11637,21,53,1.802090,1.578641,1465,7.6134
11638,53,21,1.523350,1.624095,1275,6.6885
11639,21,55,3.462083,3.925657,1415,7.5221
11640,55,58,2.569216,2.536559,1347,7.1701
11641,58,4,3.484476,3.484293,1408,7.4893
11642,4,40,2.463762,2.969795,1415,7.5405
11643,40,24,2.976627,3.234164,1443,7.6438
11644,24,62,4.305113,4.148718,1286,6.9458
11645,62,21,2.036518,2.273861,1474,7.5931
11646,21,53,1.709238,1.576530,1391,7.3980
11647,53,45,2.915913,3.373159,1463,7.6959
11648,45,21,2.437023,2.945657,1441,7.6251
11649,21,53,1.673632,1.459472,1405,7.5223
11650,53,21,1.428701,1.573290,1440,7.6352
11651,21,53,1.556847,1.385834,1463,7.6317
11652,53,37,3.132939,3.077006,1433,7.6113
11653,37,28,2.085740,2.067431,1433,7.7136
11654,28,10,4.269456,3.830930,1428,7.6702
11655,10,37,2.983312,3.006536,1339,7.1819
11656,37,47,3.623893,3.733416,1434,7.6923
11657,47,37,2.849168,2.799808,1434,7.7045
11658,37,62,4.771921,5.009770,1471,7.7843
11659,62,21,2.076156,2.197292,1405,7.4322
11660,21,53,1.518878,1.390433,1455,7.6163
11661,53,45,3.177207,3.430461,1393,7.5166
11662,45,54,2.628220,2.355344,1409,7.4412
11663,54,59,3.580635,3.719258,1441,7.5936
11664,59,21,3.515855,3.523763,1441,7.6358
11665,21,53,1.420236,1.318605,1321,6.9889
11666,53,45,2.738089,3.271495,1447,7.6270
11667,45,54,2.381810,2.270222,1410,7.5548
11668,54,30,2.714764,2.523219,1371,7.2685
11669,30,31,1.515857,1.624533,1332,7.1793
11670,31,42,2.255823,2.457657,1306,7.1611
11671,42,40,4.081083,4.025027,1389,7.4114
11672,40,33,3.351569,3.289029,1357,7.3668
11673,33,62,3.114471,3.356510,1433,7.6003
11674,62,21,2.105143,2.226276,1404,7.5134
11675,21,54,3.062325,3.426724,1434,7.6019
11676,54,30,2.402267,2.470655,1440,7.5877
11677,30,31,1.589899,1.612349,1446,7.5949
11678,31,42,2.337682,2.414659,1436,7.5912
11679,42,40,3.834338,3.926642,1395,7.3890
11680,40,24,3.133746,3.179260,1388,7.4768
11681,24,62,4.342519,4.008408,1423,7.5626
11682,62,48,2.731248,2.661332,1445,7.5863
11683,48,41,2.807284,2.689892,1362,7.2670
11684,41,55,3.057645,3.170834,1438,7.5569
11685,55,58,2.590167,2.414248,1450,7.6171
11686,58,15,3.719416,3.651398,1377,7.4286
11687,15,33,3.091323,3.359150,1345,7.2261
11688,33,47,3.167386,3.371756,1447,7.5975
11689,47,35,2.971917,3.143150,1470,7.7174
11690,35,48,4.232019,4.090375,1445,7.6939
11691,48,41,2.597017,2.594815,1443,7.6012
11692,41,24,3.201095,3.283404,1456,7.5826
11693,24,62,3.942125,3.819914,1447,7.6097
11694,62,48,2.914426,2.661012,1437,7.5975
11695,48,41,2.346112,2.519909,1465,7.6091
11696,41,22,3.677311,4.109705,1469,7.6065
11697,22,38,1.631916,1.665055,1430,7.5483
11698,38,26,2.730416,3.291116,1403,7.4973
11699,26,17,2.439993,2.246926,1456,7.6227
11700,17,0,3.905891,4.365363,1394,7.5001
11701,0,57,1.685150,1.864725,1384,7.2287
11702,57,2,2.896846,3.324734,1426,7.5593
11703,2,9,2.484653,2.774390,1369,7.3805
11704,9,13,3.017447,3.505771,1433,7.5999
11705,13,24,2.912636,2.742633,1436,7.6214
11706,24,41,3.411364,3.141929,1465,7.6028
11707,41,22,3.751373,3.986248,1430,7.5454
11708,22,38,1.542929,1.639215,1427,7.5917
11709,38,26,2.601902,3.203403,1427,7.5554
11710,26,13,4.426266,4.439988,1407,7.5582
11711,13,24,2.736018,2.608854,1341,7.2811
11712,24,41,3.228335,3.029682,1363,7.2827
11713,41,55,3.199642,3.178076,1425,7.5401
11714,55,58,2.430835,2.352210,1424,7.5864
11715,58,51,5.564335,5.897240,1382,7.3800
11716,51,54,6.106479,6.597968,1435,7.5723
11717,54,43,3.430893,2.884740,1431,7.5672
11718,43,23,3.783592,3.719721,1352,7.1989
11719,23,0,2.397693,2.249657,1402,7.4868
11720,0,57,1.560841,1.820115,1442,7.5906
11721,57,22,2.871554,3.418941,1462,7.5982
11722,22,60,3.412647,3.794317,1419,7.5577
11723,60,7,2.892520,2.900864,1405,7.5583
11724,7,1,4.268885,4.458647,1420,7.5420
11725,1,46,2.874794,3.057661,1226,6.7435
11726,46,63,2.344804,1.870565,1403,7.4713
11727,63,37,3.189133,3.539065,1358,7.2642
11728,37,28,2.071405,2.022055,1406,7.6064
11729,28,10,4.049280,3.663875,1412,7.5604
11730,10,37,2.738469,2.868201,1413,7.5292
11731,37,62,4.880828,5.100455,1404,7.6357
11732,62,21,2.133501,2.229476,1323,7.0836
11733,21,54,3.047960,3.297275,1445,7.6167
11734,54,30,2.440278,2.393762,1408,7.3398
11735,30,40,5.792507,6.163421,1443,7.5848
11736,40,23,3.376049,3.521866,1356,7.4159
11737,23,0,2.198696,2.190063,1411,7.5353
11738,0,43,4.469111,4.855853,1390,7.3711
11739,43,57,2.742708,3.112102,1379,7.4178
11740,57,22,2.592629,3.274348,1443,7.5863
11741,22,60,3.261844,3.663603,1436,7.6228
11742,60,7,2.904539,2.848298,1438,7.6183
11743,7,57,3.557233,3.956916,1392,7.5183
11744,57,2,2.785554,3.200580,1438,7.5900
11745,2,7,2.787906,2.932691,1384,7.5809
11746,7,45,4.471083,4.947918,1393,7.5356
11747,45,21,2.834491,3.124158,1425,7.5955
11748,21,54,2.854459,3.082240,1457,7.6250
11749,54,59,3.546722,3.823841,1389,7.3577
11750,59,43,2.558181,2.545876,1440,7.6155
11751,43,23,3.728393,3.589822,1424,7.5593
11752,23,0,2.338945,2.129908,1421,7.5770
11753,0,62,4.200695,3.847388,1379,7.2969
11754,62,48,2.827449,2.553969,1446,7.5696
11755,48,13,5.438575,5.645848,1377,7.2951
11756,13,31,4.533184,5.213875,1293,7.0772
11757,31,19,4.073787,4.582899,1446,7.5822
11758,19,17,5.399846,5.747113,1358,7.1694
11759,17,23,5.487926,5.662205,1350,7.3893
11760,23,37,3.519118,4.061845,1447,7.6164
11761,37,62,4.738701,4.847539,1390,7.5879
11762,62,46,3.268875,2.931203,1450,7.6035
11763,46,62,2.841915,2.728513,1407,7.5021
11764,62,46,2.905814,2.719376,1443,7.5774
11765,46,63,2.405478,1.947944,1465,7.5876
11766,63,8,2.183245,2.505821,1399,7.4610
11767,8,4,4.373641,4.115156,1438,7.5652
11768,4,40,2.727706,3.209628,1445,7.5586
11769,40,23,3.427892,3.601231,1294,7.1571
11770,23,0,2.239626,2.008916,1408,7.5678
11771,0,62,3.818112,3.719624,1438,7.6135
11772,62,21,2.197732,2.281607,1438,7.5181
11773,21,53,1.715453,1.625278,1369,7.3595
11774,53,21,1.634157,1.676277,1435,7.6029
11775,21,54,2.749815,3.041923,1402,7.5453
11776,54,30,2.448703,2.436350,1386,7.3983
11777,30,31,1.823356,1.750479,1433,7.6057
11778,31,42,2.130703,2.294722,1438,7.5669
11779,42,55,3.275938,4.503102,1444,7.6238
11780,55,58,2.252312,2.258879,1324,7.2105
11781,58,4,3.911338,3.681210,1257,6.9363
11782,4,40,2.724470,3.055731,1352,7.2638
11783,40,33,3.383415,3.300375,1445,7.6545
11784,33,47,3.416922,3.247651,1339,7.1535
11785,47,63,2.784196,3.297158,1440,7.6797
11786,63,8,2.392143,2.416156,1328,7.1732
11787,8,4,4.379420,4.070005,1461,7.6202
11788,4,40,2.469741,3.020451,1449,7.5960
11789,40,23,3.544317,3.586526,1354,7.4066
11790,23,0,2.223538,1.953290,1439,7.5668
11791,0,57,1.811454,2.106538,1337,7.1653
11792,57,35,4.168215,4.205982,1357,7.2563
11793,35,43,4.146775,4.057542,1419,7.6249
11794,43,23,3.738146,3.604500,1430,7.5627
11795,23,0,2.015250,1.884457,1378,7.3147
11796,0,57,1.751401,2.077878,1427,7.5701
11797,57,22,2.705285,3.204344,1431,7.5249
11798,22,38,1.677738,1.813428,1427,7.5149
11799,38,0,4.552281,4.758172,1375,7.4454
11800,0,57,1.703955,1.929809,1431,7.5903
11801,57,2,2.912283,3.325825,1440,7.5183
11802,2,52,2.895539,3.084290,1428,7.6648
11803,52,54,5.048113,5.119304,1400,7.4023
11804,54,30,2.336595,2.348189,1380,7.3745
11805,30,31,1.881213,1.744630,1453,7.6105
11806,31,30,1.927468,1.815610,1443,7.5730
11807,30,40,5.834810,6.209674,1467,7.6283
11808,40,23,3.421460,3.479528,1230,6.8864
11809,23,0,1.941982,1.947419,1371,7.3656
11810,0,57,1.630483,1.887510,1448,7.6037
11811,57,22,2.591023,3.191534,1434,7.6146
11812,22,38,1.678702,1.784426,1465,7.6151
11813,38,26,2.534092,3.183152,1405,7.5007
11814,26,13,4.187004,4.263865,1368,7.3612
11815,13,31,4.751298,5.023767,1428,7.5418
11816,31,42,2.104598,2.267095,1426,7.4738
11817,42,40,3.713840,3.879744,1435,7.5667
11818,40,23,3.298171,3.337130,1434,7.6750
11819,23,0,1.820748,1.891407,1359,7.3874
11820,0,62,3.879938,3.688293,1452,7.5919
11821,62,48,2.671294,2.510518,1465,7.5879
11822,48,20,2.957870,3.266187,1444,7.5867
11823,20,19,2.788120,2.645992,1436,7.5866
11824,19,51,1.771475,1.874701,1449,7.6072
11825,51,56,3.787332,4.204588,1385,7.3852
11826,56,47,4.346503,4.386806,1304,7.0864
11827,47,37,2.608834,2.921698,1383,7.4697
11828,37,62,4.240921,4.649422,1428,7.6268
11829,62,21,2.002453,2.199309,1472,7.5879
11830,21,54,2.662008,3.005439,1430,7.5796
11831,54,43,3.379646,3.104918,1348,7.3008
11832,43,57,2.516093,3.184424,1442,7.5716
11833,57,22,2.606902,3.072568,1382,7.3033
11834,22,60,3.289374,3.667964,1438,7.5973
11835,60,61,5.150464,5.014899,1459,7.6430
11836,61,53,3.537529,3.634938,1390,7.4448
11837,53,21,1.692618,1.650254,1390,7.4695
11838,21,53,1.898091,1.722233,1335,7.1484
11839,53,21,1.576004,1.560006,1461,7.6525
11840,21,53,1.761402,1.616916,1464,7.6189
11841,53,45,3.028399,3.290495,1425,7.6344
11842,45,21,2.458100,2.938838,1372,7.4292
11843,21,53,1.596866,1.518335,1472,7.6362
11844,53,45,2.859296,3.168192,1428,7.6364
11845,45,21,2.238089,2.816974,1433,7.5931
11846,21,53,1.506350,1.437134,1376,7.3669
11847,53,21,1.401737,1.488724,1445,7.6345
11848,21,54,2.768736,3.154010,1463,7.5912
11849,54,59,3.630084,3.852662,1438,7.5691
11850,59,20,5.086103,5.828186,1438,7.6021
11851,20,47,3.848261,3.988409,1341,7.2807
11852,47,63,2.754407,3.154063,1288,7.1639
11853,63,37,3.158628,3.466816,1449,7.6903
11854,37,47,3.063407,3.442718,1453,7.7417
11855,47,37,2.681820,2.704392,1453,7.7164
11856,37,62,4.305370,4.533470,1431,7.7211
11857,62,21,1.989557,2.159110,1336,7.0856
11858,21,54,2.572270,2.985816,1408,7.5218
11859,54,59,3.215993,3.755381,1458,7.6162
11860,59,43,2.667052,2.525990,1467,7.6643
11861,43,23,3.814853,3.760572,1432,7.5805
11862,23,37,3.838714,4.135996,1437,7.5701
11863,37,62,4.200735,4.240477,1338,7.3418
11864,62,48,2.718618,2.531556,1461,7.6077
11865,48,13,5.404445,5.503304,1447,7.5874
11866,13,24,2.587260,2.423307,1326,7.2417
11867,24,41,3.016489,2.884433,1284,6.9911
11868,41,24,3.014530,2.818960,1445,7.5960
11869,24,62,5.029949,4.757979,1432,7.5514
11870,62,21,1.912131,2.105080,1457,7.5976
11871,21,53,1.733877,1.608004,1310,6.9190
11872,53,21,1.411264,1.432112,1442,7.6401
11873,21,53,1.582392,1.519666,1455,7.6194
11874,53,37,3.290836,3.294669,1460,7.6746
11875,37,47,2.968396,3.300289,1321,7.3565
11876,47,35,3.025175,3.228041,1411,7.6311
11877,35,43,3.767672,4.086302,1389,7.4537
11878,43,23,3.691390,3.617017,1372,7.3478
11879,23,0,2.009811,1.899229,1368,7.2788
11880,0,62,3.860504,3.670979,1457,7.6317
11881,62,48,2.647683,2.454268,1436,7.5635
11882,48,20,3.200969,3.337062,1451,7.5986
11883,20,30,3.348521,3.747275,1378,7.3650
11884,30,31,1.976935,1.667915,1448,7.5854
11885,31,42,2.064510,2.193637,1278,6.9023
11886,42,55,3.366378,4.448073,1435,7.5994
11887,55,26,3.240229,3.502982,1435,7.5656
11888,26,13,4.062144,4.149977,1442,7.6073
11889,13,24,2.456265,2.316927,1454,7.6413
11890,24,62,4.828518,4.731924,1402,7.4888
11891,62,21,1.913539,2.140066,1459,7.5809
11892,21,53,1.576405,1.461393,1458,7.6032
11893,53,21,1.457626,1.437965,1457,7.6381
11894,21,54,2.702593,3.136319,1476,7.6164
11895,54,43,3.473861,3.173846,1440,7.5635
11896,43,23,3.628640,3.531261,1425,7.5192
11897,23,0,1.836054,1.859245,1348,7.2146
11898,0,57,1.711110,2.080789,1391,7.4353
11899,57,2,2.714219,3.295470,1305,7.0948
11900,2,52,2.791215,2.936176,1355,7.4030
11901,52,54,5.213246,5.156606,1429,7.5906
11902,54,59,3.183038,3.617927,1427,7.5300
11903,59,21,2.993053,3.346368,1425,7.5979
11904,21,53,1.535076,1.465707,1454,7.6243
11905,53,45,3.231671,3.343595,1448,7.6522
11906,45,54,2.153920,2.045908,1409,7.5501
11907,54,30,2.772210,2.785810,1454,7.6061
11908,30,40,5.200249,5.694204,1450,7.6019
11909,40,24,3.348591,3.484782,1444,7.7025
11910,24,36,3.786618,4.089495,1413,7.5690
11911,36,37,6.207446,6.108968,1318,7.0177
11912,37,62,4.204591,4.261647,1438,7.7143
11913,62,21,1.989596,2.080667,1421,7.5105
11914,21,55,3.803556,4.461245,1446,7.6098
11915,55,58,2.484686,2.269076,1428,7.5669
11916,58,15,3.763798,3.683310,1416,7.5059
11917,15,26,4.678123,4.037248,1363,7.3774
11918,26,17,2.416378,2.317096,1454,7.6559
11919,17,23,5.288156,5.659653,1370,7.3947
11920,23,0,1.745995,1.751142,1435,7.5777
11921,0,62,3.472451,3.663546,1431,7.5858
11922,62,48,2.643180,2.432284,1434,7.5445
11923,48,20,3.111836,3.257277,1445,7.5918
11924,20,19,2.793240,2.681360,1446,7.5908
11925,19,51,1.776721,1.838886,1439,7.5560
11926,51,56,3.663141,4.073113,1419,7.5767
11927,56,32,4.159514,4.230611,1325,7.1912
11928,32,5,3.482728,3.603564,1439,7.6032
11929,5,13,3.735033,3.561408,1337,7.1166
11930,13,32,2.283181,2.323133,1432,7.6177
11931,32,5,3.158736,3.499249,1454,7.6676
11932,5,13,3.587273,3.407018,1447,7.5694
11933,13,24,2.404573,2.309436,1455,7.6327
11934,24,62,4.751759,4.695671,1465,7.5874
11935,62,46,3.165142,3.020101,1440,7.6240
11936,46,5,4.680613,4.472400,1446,7.6106
11937,5,13,3.326259,3.337698,1410,7.4883
11938,13,31,4.696238,4.914837,1427,7.6016
11939,31,42,1.825869,2.030301,1434,7.5456
11940,42,55,3.222672,4.301977,1450,7.6171
11941,55,58,2.287404,2.191822,1343,7.1608
11942,58,15,3.563775,3.610311,1381,7.3252
11943,15,1,3.528532,3.692815,1299,7.0218
11944,1,46,3.162617,2.993763,1450,7.6193
11945,46,5,4.440730,4.292591,1425,7.5784
11946,5,13,3.082868,3.274026,1349,7.2548
11947,13,32,2.085739,2.204355,1434,7.6031
11948,32,10,4.264418,4.851649,1323,7.3514
11949,10,37,2.646779,3.045899,1452,7.6387
11950,37,28,2.348405,2.194979,1442,7.6285
11951,28,46,3.820972,4.071424,1456,7.6747
11952,46,63,2.400173,1.977747,1478,7.6077
11953,63,63,1.016005,0.629407,1465,7.6344
11954,63,63,0.746132,0.526250,1478,7.6443
11955,63,63,0.653464,0.442459,1474,7.6462
11956,63,8,2.590332,2.635202,1461,7.6280
11957,8,4,4.240373,3.871779,1439,7.6445
11958,4,40,2.574856,3.223347,1446,7.5881
11959,40,23,3.516962,3.563931,1317,7.2149
11960,23,37,3.988066,4.101252,1310,7.1395
11961,37,62,4.032207,4.189061,1445,7.7099
11962,62,48,2.581727,2.368679,1406,7.4496
11963,48,13,5.629416,5.597417,1444,7.6056
11964,13,31,4.371191,4.770824,1447,7.6555
11965,31,42,1.675974,1.952262,1447,7.5945
11966,42,55,2.911754,4.144613,1443,7.6144
11967,55,58,2.215715,2.127280,1454,7.5733
11968,58,4,4.354665,3.935275,1433,7.5706
11969,4,40,2.558159,3.052829,1356,7.2803
11970,40,23,3.345034,3.471083,1437,7.6575
11971,23,0,1.873070,1.756305,1400,7.4576
11972,0,57,1.774040,2.093397,1303,7.0236
11973,57,22,2.536930,2.984461,1445,7.6148
11974,22,38,1.764289,1.863781,1342,7.2112
11975,38,26,2.638099,3.233083,1443,7.6094
11976,26,13,4.081290,4.186057,1358,7.3462
11977,13,32,2.026822,2.233725,1432,7.5773
11978,32,10,4.165393,4.697459,1258,6.9297
11979,10,61,2.499294,2.564593,1367,7.3473
11980,61,53,3.576479,3.652345,1380,7.3122
11981,53,45,2.766740,2.900663,1388,7.4642
11982,45,54,2.095262,1.963462,1394,7.5363
11983,54,30,2.765528,2.718922,1443,7.5664
11984,30,31,2.015734,1.878259,1371,7.3591
11985,31,30,2.098943,1.864995,1452,7.5896
11986,30,31,2.013422,1.751074,1453,7.5925
11987,31,42,1.866596,2.129706,1481,7.5946
11988,42,40,3.546264,4.008158,1448,7.6178
11989,40,33,3.639692,3.548181,1330,7.2371
11990,33,62,3.132383,3.491591,1365,7.3400
11991,62,21,2.177600,2.221749,1340,7.2654
11992,21,54,2.423724,2.847540,1425,7.5215
11993,54,43,3.302895,3.128169,1446,7.5877
11994,43,57,2.870082,3.324377,1355,7.2206
11995,57,35,4.095940,4.299956,1444,7.5806
11996,35,43,3.734807,4.005566,1447,7.7287
11997,43,57,2.647044,3.154977,1419,7.5441
11998,57,22,2.369964,2.955352,1438,7.5782
11999,22,38,1.740445,1.828963,1446,7.6261
12000,38,0,4.770131,5.019505,1441,7.5820
12001,0,57,1.600545,1.920071,1441,7.5828
12002,57,2,2.917315,3.379162,1403,7.3824
12003,2,52,2.824297,2.812612,1410,7.6248
12004,52,54,5.105407,5.045064,1445,7.6078
12005,54,30,2.524682,2.689123,1436,7.5752
12006,30,31,1.850890,1.708139,1446,7.5617
12007,31,30,1.880790,1.777473,1426,7.4871
12008,30,40,5.365299,5.705876,1456,7.5780
12009,40,33,3.360972,3.454368,1424,7.6207
12010,33,62,2.979371,3.337233,1408,7.5255
12011,62,21,1.998510,2.143793,1428,7.5496
12012,21,54,2.484939,2.894535,1358,7.2601
12013,54,30,2.432298,2.598172,1452,7.5886
12014,30,40,5.055067,5.584710,1422,7.5364
12015,40,33,3.261865,3.400810,1354,7.3955
12016,33,47,3.318059,3.352956,1430,7.5819
12017,47,35,2.966974,3.147591,1355,7.4651
12018,35,43,3.777202,3.920122,1389,7.5193
12019,43,23,3.981451,3.666831,1453,7.6232
12020,23,62,3.277224,3.619964,1455,7.6286
12021,62,46,2.925613,2.955241,1429,7.5736
12022,46,63,2.201465,1.817376,1443,7.5895
12023,63,8,2.109293,2.442414,1425,7.5011
12024,8,4,3.997882,3.834590,1317,7.1991
12025,4,40,2.794010,3.255899,1439,7.5640
12026,40,23,3.408037,3.452917,1370,7.3902
12027,23,37,3.888975,3.946629,1321,7.1456
12028,37,47,2.976798,3.226069,1465,7.7057
12029,47,37,2.560639,2.786041,1424,7.6783
12030,37,28,2.258516,2.170290,1448,7.7200
12031,28,10,3.836100,3.587121,1406,7.5784
12032,10,61,2.559317,2.458715,1440,7.5925
12033,61,53,3.507121,3.593944,1350,7.3321
12034,53,37,3.148524,3.023271,1441,7.6368
12035,37,47,2.991514,3.081707,1373,7.3753
12036,47,63,2.604248,3.124971,1360,7.3773
12037,63,63,0.784824,0.450068,1422,7.5904
12038,63,8,2.240041,2.444579,1451,7.6082
12039,8,4,3.599847,3.719948,1446,7.5827
12040,4,40,2.992335,3.256162,1442,7.5616
12041,40,24,3.536737,3.604599,1367,7.3993
12042,24,62,4.797281,4.420911,1348,7.2549
12043,62,21,1.957810,2.160126,1412,7.4072
12044,21,55,3.812299,4.132947,1423,7.5437
12045,55,58,2.346689,2.119089,1381,7.4257
12046,58,4,4.144548,3.962515,1380,7.4506
12047,4,40,2.620712,3.062352,1444,7.5793
12048,40,24,3.197251,3.471579,1414,7.6379
12049,24,62,4.526649,4.185581,1455,7.6029
12050,62,46,2.919736,2.884813,1441,7.6125
12051,46,62,2.917010,2.699960,1428,7.5178
12052,62,21,2.007014,2.137849,1427,7.5851
12053,21,55,3.361334,3.969695,1430,7.5766
12054,55,30,2.699233,2.547289,1418,7.5223
12055,30,31,2.066485,1.761951,1428,7.5486
12056,31,30,1.816124,1.629513,1403,7.4099
12057,30,31,1.839758,1.632625,1453,7.5805
12058,31,42,2.036107,2.402689,1461,7.5995
12059,42,40,3.655915,3.867409,1455,7.6397
12060,40,23,3.514532,3.428642,1429,7.5654
12061,23,62,3.382210,3.596501,1379,7.3127
12062,62,48,2.871620,2.558619,1431,7.5630
12063,48,13,5.119603,5.304667,1439,7.6028
12064,13,32,1.864387,2.224532,1372,7.3755
12065,32,5,3.554131,3.615244,1425,7.5542
12066,5,13,3.505957,3.275957,1441,7.6261
12067,13,24,2.490327,2.363513,1457,7.6725
12068,24,41,3.051977,2.828300,1453,7.5750
12069,41,22,4.102002,4.414877,1435,7.5782
12070,22,60,3.149081,3.573682,1442,7.6214
12071,60,22,2.802739,2.504307,1431,7.5803
12072,22,38,1.727556,1.744876,1344,7.2442
12073,38,0,4.741369,4.804468,1418,7.5758
12074,0,57,1.629699,1.769440,1468,7.6276
12075,57,22,2.315298,3.045322,1440,7.6133
12076,22,2,3.042334,3.390963,1431,7.5906
12077,2,9,2.764363,2.967974,1421,7.6563
12078,9,13,3.744688,3.959407,1428,7.6047
12079,13,32,1.955632,2.144252,1448,7.6072
12080,32,10,4.143937,4.693256,1428,7.5262
12081,10,61,2.667140,2.332551,1328,7.0730
12082,61,33,4.518299,4.623309,1444,7.5666
12083,33,62,2.673904,3.166110,1188,6.5053
12084,62,46,2.778324,2.786107,1452,7.6178
12085,46,63,2.265073,1.898152,1456,7.6063
12086,63,63,0.809805,0.421297,1447,7.6193
12087,63,37,3.648190,4.089977,1446,7.6039
12088,37,28,2.245453,2.136987,1267,6.7061
12089,28,10,3.710462,3.552326,1322,7.1497
12090,10,61,2.247257,2.237522,1415,7.5020
12091,61,33,4.256837,4.554168,1428,7.5916
12092,33,62,2.801989,3.061570,1303,6.9615
12093,62,21,1.958622,2.191451,1407,7.4057
12094,21,55,3.070635,3.823449,1433,7.5754
12095,55,58,2.358813,2.178615,1437,7.5763
12096,58,15,3.891502,3.685393,1429,7.5813
12097,15,26,4.288299,3.758945,1362,7.4245
12098,26,17,2.411838,2.218586,1312,7.2186
12099,17,48,5.091299,5.380062,1417,7.6149
12100,48,41,3.144698,2.863094,1440,7.5737
12101,41,55,3.364203,3.392451,1371,7.1824
12102,55,58,2.061101,2.092984,1462,7.5863
12103,58,15,3.487715,3.601018,1426,7.5556
12104,15,1,3.389128,3.756031,1429,7.5588
12105,1,33,2.641160,2.503367,1256,6.9050
12106,33,47,3.352898,3.354189,1359,7.2463
12107,47,35,2.991939,3.197716,1428,7.7278
12108,35,43,3.447384,3.823701,1460,7.7157
12109,43,57,2.813015,3.028019,1433,7.5841
12110,57,22,2.299459,2.937294,1432,7.5737
12111,22,60,3.072287,3.554268,1410,7.5405
12112,60,22,2.557347,2.332521,1301,7.0119
12113,22,38,1.863786,1.867013,1492,7.6497
12114,38,0,4.320349,4.614500,1411,7.5566
12115,0,57,1.538335,1.716598,1464,7.6611
12116,57,35,4.114275,4.348392,1340,7.2049
12117,35,48,4.426891,4.324512,1428,7.6399
12118,48,13,4.961773,5.065284,1439,7.5928
12119,13,24,2.372136,2.343238,1450,7.6362
12120,24,62,4.200278,4.174588,1401,7.5243
12121,62,46,2.736016,2.717184,1381,7.4637
12122,46,62,2.603483,2.509356,1368,7.2424
12123,62,46,2.397773,2.518743,1445,7.6419
12124,46,5,4.809545,4.657280,1437,7.5606
12125,5,13,3.087285,3.303017,1437,7.5959
12126,13,24,2.140082,2.250913,1439,7.6244
12127,24,62,3.986060,4.122046,1425,7.5527
12128,62,46,2.255439,2.418577,1430,7.5515
12129,46,63,2.164484,2.066433,1447,7.5897
12130,63,37,3.201774,3.868909,1431,7.5633
12131,37,62,3.864487,4.435897,1401,7.5807
12132,62,46,2.110404,2.262962,1436,7.5672
12133,46,63,2.100714,2.088043,1446,7.5739
12134,63,8,2.511793,2.540805,1434,7.5922
12135,8,2,3.687899,4.583830,1468,7.6016
12136,2,7,2.925109,3.003600,1368,7.5199
12137,7,45,4.442900,4.813559,1282,7.0531
12138,45,54,1.996174,1.847679,1292,7.0296
12139,54,30,2.645473,2.505794,1431,7.5732
12140,30,31,1.695906,1.619310,1330,7.1566
12141,31,19,4.117983,4.751553,1419,7.4680
12142,19,51,1.773538,1.815499,1426,7.5745
12143,51,4,4.711753,5.694921,1424,7.5480
12144,4,40,2.418694,3.043723,1298,7.1421
12145,40,23,3.187531,3.318214,1411,7.6203
12146,23,37,3.531665,3.970852,1445,7.5808
12147,37,62,3.951006,4.207014,1425,7.6528
12148,62,46,2.008769,2.122019,1466,7.6054
12149,46,63,2.140119,2.106554,1462,7.6191
12150,63,37,3.068574,3.820395,1450,7.6269
12151,37,28,2.238264,2.137801,1380,7.5091
12152,28,53,3.317862,3.156052,1432,7.6199
12153,53,37,3.143158,2.785113,1370,7.3216
12154,37,47,2.762058,3.092078,1463,7.7189
12155,47,35,2.942557,3.144092,1430,7.6692
12156,35,48,3.915979,4.156354,1407,7.6265
12157,48,20,2.786015,3.018438,1439,7.5949
12158,20,19,2.541727,2.624187,1467,7.5994
12159,19,51,1.701895,1.794616,1451,7.5748
12160,51,4,4.950737,5.534931,1340,7.1639
12161,4,15,2.731728,2.651622,1219,6.7220
12162,15,26,3.996218,3.642240,1424,7.5749
12163,26,17,2.152857,2.122404,1387,7.4904
12164,17,23,5.685621,5.707562,1430,7.6467
12165,23,0,2.327301,2.185520,1391,7.5566
12166,0,57,1.527206,1.688490,1434,7.6031
12167,57,22,2.237394,2.935243,1444,7.5855
12168,22,2,3.063706,3.421467,1458,7.6160
12169,2,9,2.607342,2.856373,1344,7.5837
12170,9,13,3.637328,3.969150,1360,7.3476
12171,13,32,1.995825,2.183574,1444,7.6388
12172,32,5,3.344970,3.602446,1436,7.6328
12173,5,13,3.067605,3.167920,1436,7.4608
12174,13,32,1.875527,2.084695,1408,7.5236
12175,32,5,3.306166,3.481278,1437,7.5619
12176,5,13,2.891345,3.018543,1444,7.5647
12177,13,31,4.252236,5.022730,1465,7.6421
12178,31,30,1.721295,1.629651,1459,7.6047
12179,30,10,4.319761,4.472474,1453,7.6116
12180,10,61,2.413126,2.199482,1354,7.2712
12181,61,53,3.203264,3.594195,1378,7.3286
12182,53,21,1.964654,1.962284,1427,7.6080
12183,21,53,2.039741,2.011127,1411,7.4462
12184,53,37,2.972663,2.740872,1429,7.6013
12185,37,47,2.705871,2.988572,1257,7.0734
12186,47,63,2.528858,3.122210,1294,6.9132
12187,63,8,2.374714,2.477477,1452,7.6501
12188,8,4,3.463916,3.607003,1435,7.5764
12189,4,40,2.615377,3.069578,1477,7.6105
12190,40,23,3.299361,3.307361,1439,7.6982
12191,23,0,1.989349,2.144861,1433,7.5220
12192,0,57,1.506775,1.677923,1453,7.6351
12193,57,2,2.885868,3.507718,1374,7.3850
12194,2,9,2.527827,2.779192,1405,7.5299
12195,9,13,3.883211,3.981498,1393,7.4172
12196,13,24,2.315416,2.378694,1449,7.6448
12197,24,62,4.175993,4.133165,1436,7.5470
12198,62,21,2.160138,2.402287,1427,7.5910
12199,21,53,2.037863,1.956233,1444,7.5496
12200,53,21,1.848475,1.840387,1457,7.6581
12201,21,53,1.870585,1.834886,1415,7.5347
12202,53,37,2.842066,2.773830,1449,7.6359
12203,37,28,2.209558,2.258153,1416,7.6407
12204,28,53,2.918591,2.917531,1383,7.5261
12205,53,45,2.804516,3.046742,1438,7.5941
12206,45,54,2.083093,1.895722,1426,7.6061
12207,54,30,2.474147,2.427492,1427,7.5570
12208,30,40,5.244835,5.641194,1474,7.5927
12209,40,23,3.252275,3.106595,1410,7.5079
12210,23,37,3.742971,4.085832,1386,7.3900
12211,37,28,2.150749,2.143373,1157,6.4335
12212,28,46,3.962122,4.113897,1400,7.5473
12213,46,62,2.322881,2.372733,1415,7.3704
12214,62,21,2.087496,2.329899,1472,7.6201
12215,21,53,1.884431,1.827109,1447,7.6240
12216,53,37,2.738548,2.677062,1422,7.4642
12217,37,47,2.872821,3.072300,1456,7.7123
12218,47,37,2.252943,2.448342,1368,7.4203
12219,37,62,3.981185,4.366867,1450,7.7173
12220,62,48,3.192747,3.081734,1362,7.2115
12221,48,41,3.049385,2.824211,1452,7.6012
12222,41,24,2.356196,2.799987,1361,7.2676
12223,24,62,4.076678,4.121999,1421,7.5338
12224,62,48,3.023395,2.933361,1441,7.5963
12225,48,41,2.722832,2.768836,1353,7.2340
12226,41,22,3.953040,4.434903,1446,7.5930
12227,22,60,2.875345,3.351675,1447,7.6444
12228,60,7,2.906677,2.933771,1458,7.7130
12229,7,57,3.855526,4.099740,1454,7.6373
12230,57,2,2.730248,3.205075,1459,7.5987
12231,2,9,2.533706,2.703146,1409,7.5713
12232,9,41,5.771673,6.335648,1436,7.5207
12233,41,55,3.644016,3.326764,1440,7.5653
12234,55,58,2.201124,2.031182,1425,7.5531
12235,58,15,3.682546,3.440714,1428,7.5756
12236,15,33,3.234346,3.670169,1450,7.6068
12237,33,48,4.144415,4.605969,1426,7.5988
12238,48,41,2.799413,2.777694,1441,7.5996
12239,41,22,3.747819,4.136065,1422,7.5397
12240,22,60,2.568449,3.157713,1433,7.6458
12241,60,61,5.244303,5.374584,1367,7.3679
12242,61,53,3.078429,3.404791,1354,7.2427
12243,53,45,2.828181,2.894922,1429,7.5906
12244,45,21,3.168173,3.381889,1440,7.6290
12245,21,53,1.843913,1.729131,1458,7.6224
12246,53,45,2.625278,2.806444,1426,7.6040
12247,45,21,2.896695,3.233280,1447,7.6450
12248,21,53,1.771216,1.622443,1476,7.6150
12249,53,21,1.801107,1.845437,1439,7.6153
12250,21,55,3.553340,4.024096,1431,7.5496
12251,55,26,3.349705,3.806058,1453,7.6151
12252,26,13,4.582010,4.419498,1412,7.5633
12253,13,31,4.483088,4.839520,1429,7.6155
12254,31,42,2.125250,2.401765,1429,7.5663
12255,42,22,3.958304,4.977347,1445,7.6197
12256,22,60,2.586803,3.008535,1362,7.2094
12257,60,22,2.460182,2.173120,1435,7.5959
12258,22,2,2.853153,3.274816,1381,7.3718
12259,2,9,2.454078,2.603251,1394,7.5115
12260,9,13,3.636401,4.061775,1412,7.5239
12261,13,24,2.225412,2.315341,1443,7.5947
12262,24,62,3.812321,3.989568,1403,7.5148
12263,62,46,2.459652,2.377214,1283,7.1157
12264,46,63,2.490565,2.099367,1343,7.2600
12265,63,8,2.213478,2.277242,1424,7.6065
12266,8,4,3.271396,3.500971,1437,7.5784
12267,4,40,2.679044,3.148264,1454,7.5980
12268,40,33,3.636834,3.680232,1398,7.5349
12269,33,62,2.599329,3.035005,1456,7.6262
12270,62,21,2.278774,2.494853,1375,7.3780
12271,21,53,1.618793,1.631655,1449,7.6019
12272,53,45,2.724526,2.793832,1450,7.6752
12273,45,21,2.493779,3.037838,1420,7.5786
12274,21,53,1.593913,1.555615,1445,7.5573
12275,53,37,2.780062,2.902721,1421,7.5911
12276,37,62,3.737844,4.523112,1409,7.6076
12277,62,46,2.235142,2.291013,1409,7.3845
12278,46,62,2.458822,2.188721,1450,7.5933
12279,62,46,2.030586,2.118357,1397,7.4925
12280,46,63,2.245638,2.227228,1482,7.5887
12281,63,63,0.873000,0.494743,1434,7.5727
12282,63,63,0.666756,0.411267,1385,7.3811
12283,63,8,2.563409,2.461965,1446,7.5963
12284,8,4,2.973676,3.428181,1403,7.5523
12285,4,15,2.877801,2.854726,1444,7.5929
12286,15,1,3.497365,3.869454,1269,6.9078
12287,1,59,3.311101,3.724111,1457,7.5791
12288,59,21,3.097641,3.640005,1312,7.1150
12289,21,53,1.555240,1.496077,1382,7.4077
12290,53,37,2.756457,2.795695,1438,7.5667
12291,37,28,2.314070,2.297411,1450,7.7137
12292,28,46,3.762083,4.049373,1369,7.3758
12293,46,62,2.073905,2.135002,1462,7.5605
12294,62,46,1.921369,2.026674,1366,7.3345
12295,46,5,4.809550,5.111225,1451,7.5439
12296,5,13,2.851448,3.117794,1320,7.1362
12297,13,24,2.250440,2.220172,1178,6.6030
12298,24,36,3.754606,4.193233,1415,7.4958
12299,36,20,4.745041,4.463727,1345,7.1947
12300,20,19,2.540508,2.514186,1439,7.5891
12301,19,50,3.919594,4.075802,1466,7.6164
12302,50,9,4.275858,4.642278,1439,7.6411
12303,9,13,3.598798,3.870699,1424,7.5678
12304,13,24,2.101370,2.189639,1466,7.6511
12305,24,41,3.156310,3.060746,1457,7.5629
12306,41,24,2.667475,2.744084,1435,7.5728
12307,24,36,3.712033,4.107415,1414,7.4529
12308,36,20,4.659235,4.433989,1455,7.5781
12309,20,47,3.760701,4.010250,1449,7.5784
12310,47,63,2.344266,3.034572,1422,7.6958
12311,63,37,3.121865,3.720822,1397,7.4649
12312,37,28,2.253716,2.189102,1419,7.7077
12313,28,53,2.964929,2.925412,1415,7.5941
12314,53,45,2.544917,2.732592,1436,7.6345
12315,45,54,2.292205,2.117002,1445,7.6506
12316,54,30,2.428393,2.426362,1409,7.3858
12317,30,10,3.989494,4.234257,1415,7.4922
12318,10,61,2.243163,2.293647,1338,7.2721
12319,61,33,4.101658,4.531156,1346,7.2899
12320,33,47,3.050587,3.432098,1430,7.5944
12321,47,37,2.172239,2.431163,1301,7.1122
12322,37,47,2.836007,3.028519,1442,7.7862
12323,47,35,3.113287,3.284133,1433,7.6668
12324,35,43,3.219999,3.745232,1306,7.2283
12325,43,57,2.897954,3.025081,1444,7.5931
12326,57,2,2.534172,2.946861,1455,7.6337
12327,2,52,3.185656,3.208101,1374,7.3370
12328,52,8,4.404636,4.821805,1399,7.4985
12329,8,27,3.288251,4.245306,1453,7.5883
12330,27,27,1.394322,0.964698,1447,7.5994
12331,27,16,1.946372,2.046262,1440,7.5918
12332,16,40,4.416351,5.052290,1457,7.6282
12333,40,33,3.681769,3.502235,1387,7.4789
12334,33,62,2.499774,2.900286,1429,7.5512
12335,62,21,2.514191,2.683273,1297,7.0238
12336,21,53,1.551109,1.563448,1383,7.4746
12337,53,21,1.855385,1.877600,1435,7.6930
12338,21,54,3.073877,3.275577,1392,7.3824
12339,54,30,2.432468,2.360898,1389,7.3390
12340,30,31,2.019329,1.825305,1364,7.3190
12341,31,42,1.991806,2.340657,1341,7.2674
12342,42,40,3.810429,3.926430,1437,7.6063
12343,40,23,3.015214,3.014853,1346,7.3505
12344,23,37,3.422432,4.113128,1335,7.1844
12345,37,28,2.252174,2.129643,1353,7.5036
12346,28,10,3.720576,3.686323,1378,7.4536
12347,10,61,2.315476,2.207169,1441,7.6135
12348,61,53,2.998382,3.465472,1389,7.3651
12349,53,37,2.667721,2.702381,1443,7.6441
12350,37,62,3.797105,4.329827,1442,7.7261
12351,62,46,1.889061,2.000908,1419,7.5303
12352,46,63,2.555984,2.235276,1401,7.5189
12353,63,8,2.585183,2.416615,1444,7.5874
12354,8,2,4.404081,5.086761,1443,7.5812
12355,2,52,3.066396,2.964159,1426,7.6667
12356,52,54,4.667444,4.747374,1373,7.3148
12357,54,30,2.201958,2.278379,1464,7.5946
12358,30,31,1.975338,1.796534,1464,7.5768
12359,31,19,4.060387,4.527929,1440,7.5859
12360,19,51,1.592439,1.882762,1333,7.1903
12361,51,54,6.515623,7.149682,1463,7.6148
12362,54,30,2.075532,2.119296,1436,7.5604
12363,30,31,1.875771,1.741296,1455,7.5428
12364,31,42,2.053875,2.469356,1451,7.5847
12365,42,40,3.467392,3.801965,1441,7.5926
12366,40,23,2.884921,2.893053,1419,7.6339
12367,23,0,2.274449,2.295444,1399,7.4355
12368,0,57,1.499109,1.763501,1432,7.6004
12369,57,35,4.117888,4.262625,1430,7.5913
12370,35,43,3.222607,3.541319,1319,7.3317
12371,43,57,2.550218,2.940535,1388,7.3442
12372,57,2,2.664146,3.014439,1454,7.5945
12373,2,7,2.846333,3.224339,1452,7.6977
12374,7,45,4.554146,4.913660,1427,7.5962
12375,45,21,2.586235,3.029589,1361,7.3641
12376,21,55,3.308467,3.978043,1398,7.4698
12377,55,26,3.497542,3.671943,1430,7.5453
12378,26,13,4.243258,4.467837,1444,7.6126
12379,13,24,2.000358,2.061833,1322,7.2981
12380,24,62,4.385383,4.435201,1252,6.7970
12381,62,46,1.761956,1.920816,1401,7.4591
12382,46,63,2.484716,2.188262,1428,7.5135
12383,63,63,0.789301,0.440598,1383,7.4100
12384,63,8,2.733486,2.474443,1437,7.6042
12385,8,4,2.727001,3.353963,1430,7.5487
12386,4,40,3.162648,3.438928,1462,7.5949
12387,40,23,2.808693,2.807483,1392,7.5636
12388,23,0,2.242226,2.267231,1337,7.1921
12389,0,62,4.400110,4.114303,1388,7.3357
12390,62,21,2.516624,2.639797,1462,7.6386
12391,21,54,3.191459,3.339130,1368,7.2655
12392,54,43,3.843883,3.331785,1427,7.5639
12393,43,57,2.305799,2.876776,1357,7.1928
12394,57,2,2.371942,2.822138,1367,7.2199
12395,2,7,2.690123,3.118794,1420,7.6435
12396,7,45,4.416758,4.805247,1434,7.6084
12397,45,54,2.033244,1.970534,1457,7.6205
12398,54,30,2.135477,2.142241,1403,7.5249
12399,30,31,1.797713,1.688347,1440,7.5656
12400,31,30,1.796659,1.691511,1419,7.4952
12401,30,31,1.596774,1.585253,1448,7.5814
12402,31,42,2.194645,2.606250,1444,7.5801
12403,42,22,3.960242,4.898335,1445,7.6195
12404,22,60,2.393521,2.779483,1379,7.3294
12405,60,7,2.803189,2.899327,1429,7.5233
12406,7,45,4.260938,4.693528,1438,7.6205
12407,45,21,2.728958,3.143087,1346,7.3013
12408,21,54,2.748917,3.046227,1212,6.7472
12409,54,43,3.631572,3.360505,1417,7.5255
12410,43,23,4.679634,4.301844,1227,6.6919
12411,23,62,3.161460,3.617681,1340,7.0861
12412,62,46,1.904594,1.945044,1392,7.4406
12413,46,63,2.463045,2.072577,1468,7.5898
12414,63,37,3.013424,3.705437,1384,7.3862
12415,37,47,2.867658,2.954949,1437,7.6934
12416,47,63,2.540455,3.035171,1393,7.5626
12417,63,37,2.860296,3.494477,1413,7.5043
12418,37,62,3.826024,4.315689,1392,7.4605
12419,62,21,2.543799,2.576473,1428,7.6146
12420,21,53,1.974780,1.869913,1452,7.5823
12421,53,37,2.591444,2.540290,1348,7.3113
12422,37,62,3.439847,4.181054,1434,7.6728
12423,62,48,3.385328,3.209966,1413,7.5537
12424,48,13,5.482574,5.211154,1439,7.5672
12425,13,24,1.900916,1.939547,1388,7.4549
12426,24,62,4.492035,4.691917,1429,7.5519
12427,62,21,2.296535,2.492080,1439,7.5680
12428,21,53,1.920024,1.814981,1432,7.5381
12429,53,45,2.845637,3.124180,1419,7.5757
12430,45,21,2.917081,3.157188,1439,7.6148
12431,21,53,1.725192,1.694824,1468,7.6011
12432,53,21,1.613714,1.696370,1452,7.6095
12433,21,54,2.702710,3.178386,1459,7.6166
12434,54,59,3.561748,3.941362,1427,7.4937
12435,59,43,2.859448,2.700080,1440,7.6459
12436,43,23,4.404097,4.121168,1195,6.6254
12437,23,0,2.308126,2.181813,1451,7.5997
12438,0,57,1.683767,1.918798,1455,7.6070
12439,57,2,2.206547,2.777686,1465,7.6035
12440,2,7,2.724067,2.959354,1438,7.6551
12441,7,1,4.587990,4.687811,1412,7.5716
12442,1,33,2.565126,2.535801,1259,6.8046
12443,33,62,2.314759,2.929953,1448,7.5925
12444,62,46,1.972333,2.069242,1166,6.3386
12445,46,5,5.077619,4.929053,1454,7.5597
12446,5,13,3.174768,3.204632,1408,7.3771
12447,13,32,2.182035,2.364002,1354,7.3443
12448,32,5,3.237088,3.404800,1395,7.4818
12449,5,13,3.086424,3.047265,1420,7.5762
12450,13,31,4.148463,4.942921,1371,7.3982
12451,31,42,2.070763,2.442366,1435,7.5942
12452,42,40,3.372275,3.880968,1335,7.1703
12453,40,24,3.688710,4.084732,1409,7.5761
12454,24,62,4.384876,4.284352,1420,7.5315
12455,62,46,1.771162,1.962130,1403,7.5248
12456,46,63,2.539921,2.128397,1407,7.4423
12457,63,37,2.560787,3.324537,1452,7.6292
12458,37,47,2.710550,2.911687,1470,7.7721
12459,47,37,1.918388,2.136555,1405,7.5620
12460,37,28,2.392767,2.366990,1447,7.7170
12461,28,10,3.684125,3.478457,1380,7.4790
12462,10,61,2.143883,2.127787,1437,7.6000
12463,61,33,4.185509,4.548187,1367,7.3194
12464,33,47,3.146400,3.459403,1420,7.5764
12465,47,35,3.054055,3.373531,1429,7.6723
12466,35,48,4.103447,4.093930,1441,7.6773
12467,48,41,2.849581,2.654090,1448,7.6011
12468,41,55,3.271734,3.261816,1365,7.2479
12469,55,58,2.315488,2.160313,1396,7.4721
12470,58,15,3.165276,3.199945,1431,7.6017
12471,15,33,3.160162,3.673275,1308,7.1124
12472,33,47,3.558415,3.350005,1356,7.3420
12473,47,63,2.563436,3.101375,1434,7.6710
12474,63,63,0.758077,0.432707,1434,7.6038
12475,63,37,2.556441,3.212693,1440,7.5962
12476,37,62,4.028861,4.446944,1463,7.7346
12477,62,48,3.340257,3.174703,1437,7.5844
12478,48,41,2.671086,2.593749,1390,7.2781
12479,41,22,3.192790,4.040099,1434,7.6002
12480,22,38,2.022387,2.019612,1442,7.6182
12481,38,26,3.040701,3.443648,1349,7.3967
12482,26,13,4.302214,4.437345,1457,7.6296
12483,13,32,2.156141,2.277730,1407,7.5030
12484,32,10,4.071299,4.739336,1437,7.6039
12485,10,1,5.249152,5.633541,1466,7.6340
12486,1,46,3.276400,3.255414,1441,7.5845
12487,46,63,2.584626,1.970302,1431,7.5644
12488,63,63,0.731818,0.380148,1450,7.6110
12489,63,8,2.734092,2.794588,1421,7.5614
12490,8,27,3.209494,4.209987,1447,7.5914
12491,27,27,1.276987,0.836770,1453,7.6172
12492,27,16,2.058719,2.071049,1433,7.5756
12493,16,41,5.184443,5.470959,1389,7.4819
12494,41,22,3.520813,3.869208,1226,6.7824
12495,22,2,3.189206,3.240495,1305,7.0060
12496,2,7,2.619569,2.821988,1202,6.6678
12497,7,45,4.180898,4.708343,1449,7.6538
12498,45,21,2.536387,3.041062,1336,7.2681
12499,21,53,1.762496,1.671714,1441,7.5666
12500,53,45,3.023486,3.137737,1443,7.6242
12501,45,21,2.454961,2.891352,1444,7.6128
12502,21,53,1.651342,1.581568,1456,7.5693
12503,53,21,1.542593,1.589506,1445,7.6080
12504,21,53,1.511548,1.499809,1453,7.6073
12505,53,21,1.446169,1.512817,1465,7.6439
12506,21,54,2.725611,3.088677,1448,7.6093
12507,54,30,2.434566,2.345730,1433,7.6152
12508,30,40,5.211702,5.461548,1371,7.2826
12509,40,24,3.689956,3.937399,1320,7.3212
12510,24,62,4.228345,4.069442,1438,7.5769
12511,62,21,2.506180,2.648079,1435,7.5952
12512,21,53,1.573837,1.545648,1414,7.4860
12513,53,45,2.832063,3.239615,1407,7.5623
12514,45,21,2.357235,2.735878,1399,7.4792
12515,21,55,3.776450,4.530349,1465,7.6056
12516,55,30,2.806517,2.805313,1423,7.5491
12517,30,31,1.902590,1.606515,1416,7.5093
12518,31,42,2.137880,2.402660,1444,7.5971
12519,42,22,3.678542,4.880931,1432,7.5882
12520,22,38,1.974929,1.962923,1448,7.6760
12521,38,0,4.536293,4.602008,1384,7.3684
12522,0,57,1.818805,1.807694,1440,7.5929
12523,57,22,2.992010,3.523459,1424,7.5663
12524,22,2,2.998240,3.120251,1456,7.6723
12525,2,7,2.601776,2.705370,1350,7.4025
12526,7,57,3.805986,3.996750,1434,7.5843
12527,57,2,2.119557,2.600990,1425,7.4704
12528,2,52,3.408466,3.270215,1420,7.5977
12529,52,8,4.567666,4.875937,1410,7.5643
12530,8,2,5.845533,5.255725,1146,6.5780
12531,2,9,3.184945,3.039085,1401,7.6111
12532,9,13,3.550478,3.902324,1442,7.5945
12533,13,24,2.123191,2.193037,1409,7.4958
12534,24,41,3.231247,3.011774,1454,7.6112
12535,41,22,3.413569,3.865927,1413,7.5700
12536,22,2,2.596173,3.163868,1431,7.6237
12537,2,52,3.082521,3.050642,1451,7.6838
12538,52,8,4.445358,4.788433,1474,7.6346
12539,8,2,4.362388,4.915184,1441,7.5928
12540,2,9,2.943236,2.903742,1437,7.6639
12541,9,16,4.040431,3.970013,1457,7.6325
12542,16,40,4.727129,5.287607,1385,7.5811
12543,40,33,3.680865,3.656699,1428,7.6048
12544,33,47,3.060290,3.244706,1407,7.5084
12545,47,63,2.494816,2.923522,1398,7.4878
12546,63,8,2.675449,2.798492,1429,7.5849
12547,8,27,2.816005,3.877925,1392,7.5208
12548,27,16,1.975926,2.030224,1463,7.6113
12549,16,40,4.547314,5.138092,1361,7.3031
12550,40,24,3.814513,3.726244,1382,7.5008
12551,24,62,3.927467,3.912370,1415,7.5135
12552,62,21,2.505994,2.624445,1444,7.6199
12553,21,54,2.552284,3.104056,1363,7.1745
12554,54,59,3.540087,3.893116,1440,7.5592
12555,59,20,4.976061,5.813330,1479,7.6748
12556,20,47,3.890830,4.098564,1408,7.4618
12557,47,37,2.231998,2.345686,1385,7.5568
12558,37,47,2.641609,2.776668,1235,6.6695
12559,47,63,2.392205,2.851618,1447,7.6702
12560,63,8,2.605945,2.636223,1440,7.6120
12561,8,27,2.694751,3.789616,1332,7.2169
12562,27,16,1.850516,2.020544,1429,7.5525
12563,16,4,4.356876,4.791321,1416,7.5276
12564,4,40,3.211583,3.297853,1387,7.4221
12565,40,33,3.451163,3.499646,1395,7.5257
12566,33,47,3.069466,3.258167,1431,7.6019
12567,47,63,2.023890,2.759695,1457,7.7119
12568,63,8,2.080582,2.535998,1420,7.5634
12569,8,2,4.549998,5.232482,1448,7.5382
12570,2,7,2.487825,2.769893,1315,7.2529
12571,7,1,4.700279,4.687295,1399,7.5843
12572,1,33,2.470166,2.586705,1455,7.6043
12573,33,47,2.976672,3.186829,1443,7.5769
12574,47,63,2.265828,2.687394,1445,7.6789
12575,63,37,2.654193,3.034436,1426,7.5907
12576,37,28,2.393044,2.366369,1473,7.7410
12577,28,10,3.611525,3.353395,1412,7.5878
12578,10,37,3.611270,3.395538,1370,7.3066
12579,37,62,4.328509,4.543926,1454,7.7180
12580,62,21,2.278619,2.456433,1399,7.4502
12581,21,55,3.569650,4.320833,1454,7.6020
12582,55,58,2.229875,2.232877,1230,6.6782
12583,58,4,4.864272,4.377341,1414,7.5642
12584,4,40,3.052951,3.047211,1418,7.4964
12585,40,24,3.439577,3.660193,1452,7.6957
12586,24,62,3.847833,3.806421,1460,7.5801
12587,62,46,2.187452,2.228089,1404,7.5314
12588,46,63,2.390828,1.933819,1449,7.5730
12589,63,8,2.367439,2.515450,1456,7.6270
12590,8,27,2.792079,3.805425,1412,7.4450
12591,27,27,1.079116,0.712669,1420,7.5614
12592,27,16,1.894170,2.077738,1421,7.5486
12593,16,4,4.248136,4.755257,1421,7.6238
12594,4,40,2.657639,2.908479,1420,7.5050
12595,40,24,3.317068,3.558466,1460,7.6785
12596,24,41,3.110467,2.907098,1386,7.4296
12597,41,55,3.187839,3.274123,1437,7.6020
12598,55,26,3.346008,3.729446,1409,7.4931
12599,26,42,3.669104,3.955820,1369,7.4826
12600,42,40,4.569482,4.078902,1315,7.1148
12601,40,24,3.190780,3.421546,1454,7.6979
12602,24,62,3.571682,3.576444,1419,7.5189
12603,62,48,3.282017,3.178295,1334,7.2135
12604,48,20,3.222751,3.441700,1430,7.5533
12605,20,19,2.637429,2.513211,1426,7.5727
12606,19,51,1.754586,1.843700,1447,7.5904
12607,51,56,3.609162,4.020064,1420,7.5322
12608,56,32,4.012236,4.185168,1337,7.1802
12609,32,5,3.228291,3.212891,1427,7.5415
12610,5,13,2.856716,3.007119,1279,6.9516
12611,13,24,2.501322,2.442673,1395,7.4281
12612,24,41,2.846039,2.821217,1397,7.4230
12613,41,24,2.481353,2.607355,1432,7.5683
12614,24,62,3.412725,3.518380,1464,7.5787
12615,62,21,2.549303,2.614651,1437,7.6072
12616,21,53,1.701204,1.762117,1458,7.6567
12617,53,21,1.469108,1.456455,1457,7.6273
12618,21,55,3.411047,4.221374,1442,7.6044
12619,55,30,2.682772,2.828666,1445,7.5095
12620,30,31,1.852394,1.548914,1393,7.3366
12621,31,30,1.721636,1.704286,1450,7.5846
12622,30,10,4.431602,4.436972,1383,7.2950
12623,10,61,2.258752,2.127113,1418,7.5729
12624,61,53,3.124554,3.563526,1415,7.5361
12625,53,21,1.384160,1.417509,1438,7.6076
12626,21,53,1.726630,1.738030,1420,7.4874
12627,53,45,2.918860,3.137266,1379,7.5023
12628,45,54,2.123534,2.013370,1418,7.5646
12629,54,59,3.495876,3.714292,1343,7.1748
12630,59,21,3.385618,3.484677,1400,7.4455
12631,21,55,3.311732,4.037390,1366,7.2386
12632,55,30,2.723853,2.721074,1340,7.2845
12633,30,31,1.863352,1.521126,1451,7.6001
12634,31,42,2.267157,2.507601,1370,7.3918
12635,42,40,3.929560,3.927793,1430,7.5120
12636,40,33,3.530824,3.656352,1301,7.0905
12637,33,47,3.119331,3.110616,1450,7.5994
12638,47,63,2.234053,2.660757,1413,7.5974
12639,63,8,2.208917,2.378067,1445,7.6392
12640,8,2,4.950222,5.215352,1416,7.5326
12641,2,52,2.863629,2.764762,1441,7.6933
12642,52,54,4.430670,4.874662,1457,7.6515
12643,54,30,2.363262,2.413923,1376,7.3651
12644,30,31,1.712380,1.488468,1441,7.5957
12645,31,30,1.598878,1.639391,1379,7.2981
12646,30,31,1.657411,1.416954,1469,7.5967
12647,31,42,2.216940,2.620922,1460,7.5972
12648,42,22,3.460069,4.712012,1449,7.5976
12649,22,38,2.032744,1.995095,1383,7.4511
12650,38,0,4.382515,4.403782,1421,7.5169
12651,0,57,1.861874,1.765048,1437,7.5941
12652,57,35,3.704869,4.015968,1407,7.4512
12653,35,43,3.211453,3.586501,1345,7.3590
12654,43,23,4.204279,3.858720,1302,7.0110
12655,23,0,2.216093,2.250447,1423,7.5659
12656,0,57,1.602913,1.719349,1456,7.6415
12657,57,22,2.970692,3.500667,1478,7.6338
12658,22,38,1.923067,1.925003,1423,7.5712
12659,38,49,4.131074,4.504785,1409,7.5258
12660,49,17,3.391091,2.913858,1452,7.6256
12661,17,0,4.106551,4.286181,1443,7.6525
12662,0,57,1.462309,1.653654,1444,7.6448
12663,57,22,2.692740,3.385732,1461,7.6247
12664,22,60,2.774055,3.146440,1457,7.6201
12665,60,7,2.625332,2.734000,1422,7.4725
12666,7,1,4.417083,4.449740,1458,7.6424
12667,1,33,2.569949,2.632036,1372,7.4152
12668,33,47,2.648549,3.011439,1398,7.5160
12669,47,35,3.570151,3.768335,1377,7.4634
12670,35,43,3.302921,3.495516,1432,7.6497
12671,43,23,4.001299,3.730472,1345,7.3460
12672,23,62,3.948934,4.113082,1418,7.5777
12673,62,46,2.397216,2.317414,1363,7.4887
12674,46,62,2.260543,2.277393,1428,7.5799
12675,62,46,2.228826,2.159452,1438,7.6115
12676,46,63,2.215865,2.015375,1426,7.4850
12677,63,37,2.623380,3.066830,1389,7.3852
12678,37,28,2.281806,2.239554,1435,7.7246
12679,28,10,3.487746,3.245110,1424,7.5911
12680,10,61,2.207206,2.062510,1369,7.3413
12681,61,33,4.225974,4.524102,1267,6.8708
12682,33,48,4.737508,5.162812,1451,7.6196
12683,48,13,5.370317,5.147685,1330,7.1593
12684,13,32,2.106968,2.308949,1269,7.0540
12685,32,10,4.408579,4.730079,1142,6.4844
12686,10,61,2.077916,1.938585,1420,7.5647
12687,61,33,3.981191,4.467648,1402,7.4532
12688,33,62,2.652922,3.166243,1444,7.5975
12689,62,46,1.945945,2.074316,1346,7.2576
12690,46,63,2.349653,2.015064,1430,7.5673
12691,63,8,2.236475,2.340796,1434,7.6016
12692,8,4,3.256032,3.866086,1464,7.6213
12693,4,40,2.969134,3.110556,1365,7.2718
12694,40,23,3.352244,3.415299,1356,7.4537
12695,23,0,2.054887,2.311082,1417,7.5144
12696,0,57,1.559429,1.642007,1417,7.5678
12697,57,35,3.939170,4.122385,1403,7.4423
12698,35,43,3.034977,3.317628,1400,7.4846
12699,43,23,4.068941,3.696688,1347,7.1833
12700,23,37,3.924857,4.213651,1406,7.4809
12701,37,62,4.254017,4.519898,1403,7.6208
12702,62,48,3.190724,3.117454,1415,7.5811
12703,48,20,3.275903,3.479093,1448,7.6002
12704,20,19,2.623628,2.475633,1432,7.5602
12705,19,51,1.599279,1.813693,1467,7.5948
12706,51,54,6.494089,7.244899,1426,7.4575
12707,54,30,2.158522,2.231098,1286,6.8425
12708,30,31,1.608703,1.398411,1431,7.5369
12709,31,42,2.198235,2.556571,1308,6.9800
12710,42,22,3.785339,4.622087,1431,7.5781
12711,22,38,1.859986,1.927544,1450,7.6563
12712,38,26,3.153411,3.533867,1418,7.5232
12713,26,17,2.532436,2.350615,1439,7.5963
12714,17,48,5.605514,5.370910,1425,7.6054
12715,48,13,5.036691,4.900900,1252,6.8858
12716,13,31,4.212475,4.762168,1449,7.6460
12717,31,42,2.110677,2.375527,1440,7.5925
12718,42,55,3.653330,4.808781,1451,7.6118
12719,55,58,2.410284,2.401904,1424,7.4819
12720,58,4,4.676498,4.336881,1328,7.2272
12721,4,23,4.930338,5.265456,1122,6.3254
12722,23,0,2.424050,2.352265,1438,7.6239
12723,0,57,1.547629,1.605513,1446,7.6184
12724,57,22,2.712922,3.285508,1447,7.6234
12725,22,60,2.634888,3.069164,1447,7.6286
12726,60,61,5.314734,5.526947,1458,7.5788
12727,61,6,3.709162,3.891704,1461,7.5941
12728,6,23,5.577350,5.421429,1340,7.1729
12729,23,62,3.456642,3.938619,1401,7.4584
12730,62,46,2.012804,2.002771,1204,6.6399
12731,46,63,2.397380,1.994526,1448,7.5754
12732,63,63,0.940093,0.510302,1425,7.5766
12733,63,8,2.091681,2.381228,1433,7.6365
12734,8,2,4.539685,5.101078,1461,7.6188
12735,2,52,2.442994,2.546326,1415,7.6004
12736,52,8,4.738003,5.140768,1442,7.6061
12737,8,2,5.006651,4.641698,1394,7.4705
12738,2,9,2.498704,2.681116,1345,7.3951
12739,9,16,3.701991,3.762913,1427,7.5684
12740,16,4,4.035034,4.683193,1452,7.6156
12741,4,23,4.714893,5.104829,1435,7.5802
12742,23,0,2.163709,2.352180,1378,7.4447
12743,0,57,1.406362,1.572788,1398,7.4117
12744,57,2,3.182138,3.937286,1409,7.4685
12745,2,7,2.628366,2.848699,1443,7.6694
12746,7,45,4.198115,4.694039,1396,7.5488
12747,45,54,2.170422,2.047727,1445,7.6722
12748,54,59,3.236108,3.552850,1456,7.6318
12749,59,43,2.993341,2.910187,1441,7.6180
12750,43,3,4.236619,4.824587,1345,7.3036
12751,3,25,3.465517,3.317117,1462,7.6203
12752,25,44,2.980008,2.869176,1428,7.4724
12753,44,1,4.398163,4.159942,1459,7.6233
12754,1,46,3.620805,3.500995,1440,7.5863
12755,46,63,2.263669,1.842385,1441,7.5787
12756,63,63,0.783142,0.426636,1349,7.1564
12757,63,63,0.613765,0.352942,1444,7.5910
12758,63,63,0.502179,0.294978,1413,7.5382
12759,63,63,0.448259,0.249263,1433,7.5874
12760,63,37,2.859061,3.744004,1429,7.6042
12761,37,28,2.351657,2.208400,1450,7.7186
12762,28,10,3.205813,3.251524,1441,7.6700
12763,10,37,3.499908,3.344095,1350,7.3629
12764,37,28,2.206815,2.048197,1423,7.6881
12765,28,10,3.201526,3.191448,1439,7.6633
12766,10,61,2.064617,2.020190,1395,7.4401
12767,61,6,3.255049,3.792848,1423,7.5773
12768,6,23,5.382289,5.321989,1368,7.2510
12769,23,37,3.233013,3.869554,1430,7.5529
12770,37,28,1.981260,1.947439,1402,7.5532
12771,28,46,4.208242,4.394774,1460,7.6753
12772,46,62,2.196815,2.215769,1441,7.5708
12773,62,21,2.639522,2.787395,1394,7.4767
12774,21,53,1.739690,1.759710,1327,7.1935
12775,53,37,3.155538,3.079599,1401,7.5320
12776,37,62,3.720354,4.317477,1410,7.5100
12777,62,46,1.902149,1.991431,1334,7.1150
12778,46,62,1.910061,2.013545,1448,7.5547
12779,62,46,1.798123,1.870449,1413,7.5736
12780,46,63,1.994791,1.805199,1466,7.5976
12781,63,8,2.452229,2.824624,1430,7.6293
12782,8,27,2.804347,3.840927,1431,7.5914
12783,27,27,1.094774,0.712077,1404,7.4995
12784,27,16,2.072549,2.095662,1435,7.5898
12785,16,41,5.175173,5.298769,1476,7.6919
12786,41,22,3.900277,4.147099,1418,7.5105
12787,22,38,1.895598,1.921807,1261,6.9048
12788,38,49,3.946295,4.404602,1306,7.1712
12789,49,17,2.970375,2.819337,1362,7.4710
12790,17,48,5.431935,5.174777,1453,7.6909
12791,48,13,4.541661,4.574354,1430,7.5956
12792,13,32,2.112531,2.390916,1239,6.7325
12793,32,5,2.855257,3.095261,1265,6.8815
12794,5,25,4.237060,4.744522,1452,7.5858
12795,25,54,4.975461,5.206952,1474,7.6183
12796,54,43,4.147818,3.306073,1353,7.2322
12797,43,57,3.214728,3.289669,1437,7.6041
12798,57,22,2.676493,3.311599,1432,7.5666
12799,22,38,1.797970,1.873490,1364,7.2896
12800,38,0,4.502060,4.600887,1343,7.1628
12801,0,62,4.479868,4.284611,1415,7.5365
12802,62,21,2.753086,2.734122,1389,7.5167
12803,21,53,1.767154,1.730408,1308,7.0582
12804,53,21,1.755246,1.632000,1458,7.6073
12805,21,53,1.632852,1.626169,1428,7.5554
12806,53,21,1.614801,1.547147,1456,7.6035
12807,21,54,3.159835,3.399750,1455,7.6122
12808,54,43,3.679647,3.262756,1449,7.6032
12809,43,23,3.886488,3.753109,1428,7.5434
12810,23,0,2.489570,2.439198,1380,7.3595
12811,0,57,1.598952,1.621077,1444,7.6373
12812,57,22,2.674457,3.172821,1391,7.3913
12813,22,38,1.695675,1.828507,1455,7.6346
12814,38,26,3.026144,3.618223,1463,7.6114
12815,26,17,2.400262,2.270726,1431,7.5903
12816,17,0,4.082385,4.365748,1433,7.6511
12817,0,57,1.537126,1.556516,1452,7.6005
12818,57,2,3.213349,3.862774,1343,7.2411
12819,2,9,2.431450,2.664274,1419,7.5560
12820,9,13,3.590648,4.134513,1409,7.4633
12821,13,32,2.271463,2.296552,1450,7.6413
12822,32,10,4.348200,4.825753,1357,7.3314
12823,10,37,2.932598,3.241550,1314,7.1439
12824,37,47,3.108588,3.238604,1285,6.8885
12825,47,63,2.103574,2.556040,1444,7.6998
12826,63,8,2.669013,2.637792,1374,7.3200
12827,8,4,3.123395,3.892463,1441,7.6117
12828,4,40,2.682862,3.014862,1407,7.4162
12829,40,23,3.268945,3.472156,1424,7.6588
12830,23,0,2.615478,2.470068,1432,7.5971
12831,0,57,1.396814,1.518071,1330,7.2734
12832,57,2,3.151333,3.751198,1416,7.5483
12833,2,52,2.535254,2.635442,1286,7.0482
12834,52,8,4.609802,5.052416,1396,7.3670
12835,8,2,4.407075,4.636866,1464,7.6062
12836,2,9,2.518021,2.624517,1451,7.6935
12837,9,13,3.696086,4.057762,1436,7.6044
12838,13,31,4.098723,4.756789,1290,6.9748
12839,31,42,1.759639,2.243385,1367,7.3853
12840,42,40,4.218473,4.199339,1425,7.5935
12841,40,24,3.325856,3.433506,1311,7.0977
12842,24,62,3.539993,3.647469,1336,7.2317
12843,62,48,3.460485,3.343463,1437,7.6264
12844,48,20,2.958698,3.293775,1435,7.5396
12845,20,19,2.441737,2.430978,1472,7.6202
12846,19,51,1.713647,1.796260,1443,7.6052
12847,51,54,6.325643,7.218587,1450,7.5894
12848,54,30,2.239242,2.311192,1468,7.6129
12849,30,10,4.483429,4.394246,1458,7.5706
12850,10,37,2.956084,3.106160,1438,7.5423
12851,37,62,3.975321,4.383436,1465,7.7244
12852,62,21,2.616471,2.580441,1419,7.5892
12853,21,53,1.658244,1.670208,1423,7.5857
12854,53,21,1.602531,1.477795,1436,7.5943
12855,21,54,3.107131,3.468994,1468,7.6007
12856,54,43,3.624450,3.165273,1431,7.5421
12857,43,23,3.841513,3.695173,1408,7.4299
12858,23,0,2.554258,2.411863,1387,7.3934
12859,0,62,4.465620,4.224863,1416,7.4897
12860,62,46,1.937956,1.970969,1452,7.6604
12861,46,63,2.056024,1.817980,1429,7.5292
12862,63,63,0.727174,0.365309,1436,7.6296
12863,63,8,2.532966,2.733374,1432,7.6040
12864,8,27,2.697547,3.784850,1456,7.5945
12865,27,16,1.896103,2.039211,1413,7.5384
12866,16,40,4.719668,5.181013,1456,7.6704
12867,40,23,3.387223,3.402586,1415,7.6408
12868,23,37,3.102256,3.754045,1445,7.5805
12869,37,28,2.032800,1.979591,1370,7.4618
12870,28,53,3.271189,3.139084,1375,7.3085
12871,53,37,3.108592,3.022560,1422,7.5850
12872,37,28,1.839388,1.924759,1406,7.5803
12873,28,10,3.447358,3.355424,1365,7.2741
12874,10,61,1.961380,2.015290,1223,6.6568
12875,61,33,4.051176,4.396705,1398,7.5029
12876,33,62,2.522250,3.146743,1402,7.4816
12877,62,21,2.359806,2.542633,1454,7.6466
12878,21,54,2.909852,3.293256,1356,7.2969
12879,54,30,2.200027,2.323208,1418,7.5138
12880,30,31,1.894607,1.560953,1382,7.4207
12881,31,30,1.857121,1.673437,1362,7.2516
12882,30,31,1.845260,1.467703,1422,7.4705
12883,31,42,1.988537,2.379750,1435,7.5596
12884,42,40,4.086241,4.151570,1442,7.6240
12885,40,24,3.047028,3.292416,1440,7.6698
12886,24,62,3.405111,3.616233,1432,7.5798
12887,62,21,2.214524,2.458209,1440,7.6342
12888,21,55,3.405790,4.058888,1434,7.5370
12889,55,58,2.338568,2.358375,1441,7.5442
12890,58,4,4.893040,4.346393,1443,7.5868
12891,4,40,2.880256,2.975309,1299,7.0511
12892,40,24,2.864944,3.185657,1442,7.6501
12893,24,62,3.343562,3.450896,1423,7.5750
12894,62,46,2.046526,2.055652,1314,7.1830
12895,46,63,2.058685,1.775638,1446,7.5792
12896,63,63,0.620024,0.351215,1448,7.6262
12897,63,63,0.484855,0.293670,1441,7.5805
12898,63,37,3.241683,4.063824,1479,7.6582
12899,37,47,3.206372,3.281173,1387,7.4471
12900,47,63,2.171946,2.473641,1432,7.6399
12901,63,8,2.467011,2.820254,1419,7.5609
12902,8,4,3.305476,3.937669,1408,7.4542
12903,4,40,2.683997,2.955114,1432,7.5032
12904,40,23,3.502227,3.413946,1408,7.6271
12905,23,62,3.545801,3.845798,1417,7.5666
12906,62,46,1.892128,1.987295,1432,7.6347
12907,46,63,1.887714,1.706264,1417,7.5675
12908,63,8,2.132819,2.668245,1428,7.5763
12909,8,4,3.022805,3.869471,1435,7.5890
12910,4,40,2.581166,2.939132,1431,7.5501
12911,40,23,3.666244,3.311416,1411,7.6074
12912,23,0,2.752004,2.465452,1452,7.6175
12913,0,57,1.397416,1.568459,1308,7.2366
12914,57,2,3.067490,3.689286,1467,7.6425
12915,2,9,2.328914,2.525353,1460,7.6747
12916,9,13,3.530046,3.971469,1293,7.1572
12917,13,31,3.891752,4.664722,1399,7.5082
12918,31,42,1.969392,2.281300,1458,7.6128
12919,42,40,4.306793,4.334796,1442,7.5948
12920,40,33,3.722084,4.056363,1391,7.5216
12921,33,62,2.490825,3.036161,1338,7.2219
12922,62,21,2.438460,2.532553,1479,7.6761
12923,21,53,1.834926,1.889122,1452,7.5864
12924,53,21,1.652128,1.547505,1429,7.5971
12925,21,53,1.738956,1.779166,1471,7.5996
12926,53,45,3.130918,3.414408,1481,7.6621
12927,45,54,2.171383,2.005168,1381,7.4259
12928,54,30,2.360297,2.301671,1459,7.6023
12929,30,10,4.464159,4.355094,1366,7.1288
12930,10,61,2.113609,1.985434,1378,7.3443
12931,61,33,4.163275,4.312990,1220,6.7240
12932,33,47,2.866203,3.197770,1426,7.5849
12933,47,63,1.833102,2.465602,1418,7.5914
12934,63,37,2.844868,3.725886,1467,7.6466
12935,37,28,1.962922,1.984552,1452,7.7013
12936,28,10,3.346951,3.224601,1426,7.7503
12937,10,61,2.210256,1.934135,1411,7.5532
12938,61,6,3.445365,3.847961,1455,7.6105
12939,6,12,2.826430,2.978382,1266,6.8133
12940,12,40,5.671455,5.660669,1383,7.3058
12941,40,24,2.818552,3.134248,1413,7.5732
12942,24,62,3.213004,3.351178,1277,7.0195
12943,62,46,1.877084,2.018754,1430,7.6688
12944,46,63,2.035937,1.736909,1453,7.5814
12945,63,63,0.702960,0.343349,1390,7.3826
12946,63,63,0.500206,0.283350,1446,7.5806
12947,63,63,0.432468,0.238856,1434,7.5721
12948,63,8,2.666549,3.016403,1437,7.5793
12949,8,27,2.565058,3.953867,1427,7.5747
12950,27,27,1.023070,0.672827,1404,7.5337
12951,27,16,1.923795,2.096635,1425,7.5545
12952,16,40,4.423908,4.995633,1450,7.6392
12953,40,24,2.819838,2.977904,1390,7.6017
12954,24,62,3.128603,3.202624,1338,7.2247
12955,62,48,3.661852,3.516935,1370,7.4691
12956,48,41,3.020438,2.821089,1466,7.6446
12957,41,22,3.871976,4.033893,1460,7.6309
12958,22,38,1.673109,1.733846,1437,7.5995
12959,38,0,4.610372,4.748832,1152,6.2717
12960,0,57,1.419812,1.496050,1380,7.4625
12961,57,22,2.620835,3.319038,1401,7.5335
12962,22,38,1.514101,1.700504,1447,7.6454
12963,38,26,3.083232,3.594552,1347,7.3466
12964,26,17,2.291718,2.185545,1415,7.4745
12965,17,23,5.970162,6.078796,1307,7.1434
12966,23,0,2.711988,2.361593,1289,7.0407
12967,0,57,1.337851,1.470830,1428,7.5985
12968,57,22,2.712565,3.215808,1380,7.4672
12969,22,60,2.799327,3.324416,1423,7.5817
12970,60,61,5.292301,5.413460,1358,7.1113
12971,61,53,3.176636,3.697259,1334,7.2883
12972,53,21,1.741108,1.604854,1448,7.6151
12973,21,53,1.607312,1.660210,1491,7.6451
12974,53,21,1.605712,1.526746,1412,7.5621
12975,21,55,3.386362,4.002782,1375,7.3047
12976,55,58,2.351175,2.356956,1454,7.6500
12977,58,4,4.828023,4.374691,1402,7.5691
12978,4,23,4.536015,4.913491,1334,7.1768
12979,23,0,2.493536,2.333870,1422,7.5547
12980,0,57,1.287888,1.462328,1451,7.6415
12981,57,22,2.553055,3.079389,1448,7.6319
12982,22,60,2.594893,3.211276,1447,7.6154
12983,60,22,2.505754,2.273729,1378,7.3625
12984,22,38,1.775101,1.882293,1460,7.6512
12985,38,26,2.920680,3.453820,1380,7.3024
12986,26,13,4.551351,4.644314,1464,7.6544
12987,13,24,3.382895,2.932654,1420,7.5799
12988,24,62,3.001223,3.105455,1447,7.6027
12989,62,21,2.464287,2.704630,1445,7.6592
12990,21,55,2.994217,3.807568,1386,7.4227
12991,55,58,2.291656,2.350699,1403,7.4391
12992,58,4,4.790099,4.294290,1436,7.6164
12993,4,40,2.674892,2.822351,1432,7.5598
12994,40,24,2.586034,2.977100,1426,7.5574
12995,24,41,2.820223,3.012264,1447,7.6658
12996,41,22,4.164135,4.253792,1405,7.4638
12997,22,38,1.570910,1.761414,1429,7.6248
12998,38,49,4.124598,4.633699,1444,7.6024
12999,49,24,5.052968,4.873511,1451,7.6762
13000,24,62,2.868695,3.028158,1447,7.6248
13001,62,46,2.081119,2.176914,1425,7.6328
13002,46,63,1.793488,1.598785,1443,7.5784
13003,63,8,2.206996,2.702976,1440,7.6052
13004,8,4,3.164224,4.086355,1401,7.3130
13005,4,40,2.628671,2.800762,1455,7.6018
13006,40,23,2.995251,3.190543,1372,7.3072
13007,23,37,2.909177,3.955469,1380,7.4096
13008,37,47,2.854052,3.162050,1416,7.6727
13009,47,37,2.359928,2.589960,1400,7.5311
13010,37,47,2.670142,2.951120,1437,7.7182
13011,47,35,3.757711,3.737944,1422,7.6087
13012,35,43,2.929514,3.559307,1338,7.3449
13013,43,23,4.262246,3.956118,1111,6.3363
13014,23,0,2.579219,2.303973,1342,7.2519
13015,0,57,1.212609,1.481847,1345,7.3382
13016,57,22,2.612037,3.063323,1423,7.6094
13017,22,60,2.614311,3.186212,1450,7.6054
13018,60,22,2.441995,2.240371,1302,6.8828
13019,22,38,1.722805,1.795236,1424,7.5853
13020,38,26,2.715915,3.442569,1411,7.5184
13021,26,13,4.387208,4.511167,1371,7.4044
13022,13,32,2.248843,2.284697,1436,7.6060
13023,32,10,4.529624,4.881081,1299,7.0592
13024,10,61,2.046261,1.899235,1378,7.4160
13025,61,53,3.496511,3.597945,1437,7.5859
13026,53,21,1.578158,1.502328,1411,7.4551
13027,21,53,1.554805,1.755522,1426,7.5278
13028,53,21,1.423907,1.443870,1402,7.4833
13029,21,55,3.027645,3.710966,1403,7.4657
13030,55,30,2.806140,2.832567,1400,7.4806
13031,30,10,4.143131,4.222408,1435,7.5714
13032,10,1,5.328617,5.930761,1288,7.0514
13033,1,59,3.691195,3.494129,1421,7.5696
13034,59,20,5.001708,5.778534,1429,7.6286
13035,20,30,3.903572,4.025656,1342,7.3214
13036,30,10,3.944401,4.028188,1443,7.5645
13037,10,1,5.407852,5.851900,1308,7.1229
13038,1,33,3.029072,2.581443,1451,7.5619
13039,33,47,2.976260,3.114554,1329,7.0449
13040,47,35,3.659047,3.653185,1467,7.6884
13041,35,43,3.173835,3.482816,1434,7.6882
13042,43,57,3.336191,3.515249,1367,7.2702
13043,57,22,2.320826,2.903578,1423,7.5532
13044,22,38,1.560435,1.759036,1466,7.6491
13045,38,49,3.920371,4.569296,1380,7.3503
13046,49,24,4.882808,4.814938,1404,7.5580
13047,24,41,2.816789,2.805093,1332,7.1374
13048,41,55,3.346833,3.450352,1434,7.6386
13049,55,30,2.682999,2.733206,1372,7.2239
13050,30,31,1.992525,1.644099,1462,7.5919
13051,31,42,1.878850,2.229932,1438,7.5436
13052,42,22,3.169944,4.649018,1462,7.6287
13053,22,2,3.420765,3.923752,1433,7.6135
13054,2,52,2.495954,2.646443,1433,7.6594
13055,52,54,4.632192,4.793376,1449,7.5367
13056,54,30,2.223044,2.290957,1437,7.5604
13057,30,31,1.868344,1.592379,1446,7.5758
13058,31,42,1.874528,2.221249,1443,7.5682
13059,42,40,4.833934,4.610896,1453,7.6358
13060,40,33,4.203408,3.984398,1137,6.4265
13061,33,48,4.670628,5.217043,1289,7.2239
13062,48,20,3.090063,3.377364,1249,6.8683
13063,20,19,2.430821,2.453356,1442,7.5795
13064,19,51,1.978173,1.758897,1452,7.5986
13065,51,4,4.097597,5.306357,1359,7.1187
13066,4,40,2.691117,2.814161,1453,7.5916
13067,40,33,3.703149,3.823056,1425,7.6474
13068,33,47,2.786798,3.040004,1389,7.4353
13069,47,63,1.871557,2.594502,1429,7.6136
13070,63,8,2.107366,2.452949,1430,7.5824
13071,8,4,3.045456,3.947330,1428,7.5853
13072,4,40,2.658533,2.803646,1441,7.5794
13073,40,24,2.548201,3.148390,1434,7.6139
13074,24,62,2.708527,2.968570,1431,7.5706
13075,62,21,2.543016,2.799059,1268,6.9968
13076,21,53,1.637512,1.797839,1342,7.2097
13077,53,45,3.088879,3.377821,1440,7.5846
13078,45,54,2.231029,2.025817,1412,7.5461
13079,54,43,3.829889,3.155377,1456,7.5944
13080,43,23,3.892172,3.837380,1404,7.4362
13081,23,62,3.857528,4.132122,1416,7.5655
13082,62,21,2.364962,2.648500,1347,7.2268
13083,21,53,1.604546,1.760911,1430,7.5696
13084,53,45,2.980856,3.266320,1457,7.6008
13085,45,54,2.085205,1.948476,1410,7.5603
13086,54,30,2.307710,2.370784,1433,7.5630
13087,30,10,3.980640,4.005006,1435,7.5170
13088,10,37,3.056673,3.231317,1435,7.6303
13089,37,28,2.164057,2.031924,1413,7.6621
13090,28,53,2.986773,3.003024,1455,7.6994
13091,53,45,2.793540,3.111173,1456,7.5905
13092,45,21,2.959338,3.114143,1438,7.6059
13093,21,54,3.217107,3.594537,1462,7.6141
13094,54,59,3.200121,3.753312,1423,7.5462
13095,59,21,3.642257,3.798356,1452,7.6787
13096,21,55,3.036339,3.587805,1447,7.5909
13097,55,58,2.235847,2.454720,1332,7.0735
13098,58,4,4.628126,4.260806,1396,7.5140
13099,4,40,2.479853,2.618259,1450,7.6012
13100,40,24,2.921063,3.085510,1457,7.6938
13101,24,41,2.628167,2.811699,1470,7.6095
13102,41,22,4.237983,4.438420,1427,7.5357
13103,22,38,1.616010,1.708896,1437,7.6138
13104,38,0,4.910177,4.987745,1455,7.6127
13105,0,62,4.393735,4.227899,1364,7.3555
13106,62,48,3.497133,3.353608,1365,7.3482
13107,48,41,2.964223,2.823986,1425,7.5376
13108,41,22,4.297047,4.257251,1447,7.5990
13109,22,60,2.692842,3.196553,1453,7.6351
13110,60,22,2.510393,2.245058,1445,7.6236
13111,22,60,2.584032,2.979974,1473,7.6368
13112,60,7,3.091352,3.132048,1456,7.6111
13113,7,45,4.173854,4.570763,1424,7.5946
13114,45,54,1.868866,1.826879,1378,7.4513
13115,54,43,3.543983,3.256376,1397,7.4417
13116,43,23,3.852599,3.734395,1465,7.6404
13117,23,62,3.590300,4.004715,1424,7.5277
13118,62,46,2.345089,2.278097,1358,7.3883
13119,46,63,1.921915,1.693590,1407,7.5040
13120,63,37,2.985630,3.828686,1465,7.6471
13121,37,28,1.947345,1.948489,1427,7.7054
13122,28,53,2.990767,2.949607,1356,7.3363
13123,53,37,3.356101,2.990705,1428,7.6077
13124,37,62,4.338279,4.921958,1436,7.6551
13125,62,48,3.295188,3.225734,1296,7.0761
13126,48,41,2.793586,2.752248,1467,7.6032
13127,41,22,3.841101,4.113505,1397,7.4647
13128,22,60,2.327163,2.797198,1435,7.6198
13129,60,7,2.945855,3.057126,1396,7.5101
13130,7,45,4.047554,4.485067,1344,7.3778
13131,45,54,1.773040,1.747823,1297,7.0714
13132,54,59,3.311280,3.673168,1441,7.5950
13133,59,43,2.855391,2.699759,1409,7.4264
13134,43,23,3.630259,3.602400,1233,6.6865
13135,23,37,2.987068,3.774671,1406,7.5141
13136,37,62,4.211885,4.714643,1463,7.7580
13137,62,46,1.984672,2.120869,1422,7.6398
13138,46,63,1.892480,1.721970,1444,7.5679
13139,63,8,1.880608,2.398274,1414,7.5452
13140,8,4,2.917886,3.834006,1454,7.5897
13141,4,23,4.826592,5.237218,1431,7.5555
13142,23,37,3.323522,3.582844,1398,7.5117
13143,37,28,2.079828,1.960970,1448,7.7352
13144,28,10,3.686974,3.378958,1441,7.6843
13145,10,1,5.622201,5.747615,1330,7.2111
13146,1,46,3.550333,3.552103,1380,7.2774
13147,46,62,2.182197,2.219898,1443,7.5871
13148,62,21,2.596043,2.709276,1430,7.6539
13149,21,53,1.849848,1.803848,1432,7.5692
13150,53,45,2.941359,3.197617,1302,7.2184
13151,45,21,3.005081,3.286479,1452,7.6308
13152,21,53,1.837873,1.692423,1457,7.5565
13153,53,37,3.125292,3.041971,1384,7.4191
13154,37,47,2.646727,3.148445,1335,7.2514
13155,47,63,2.159296,2.701706,1429,7.6012
13156,63,63,0.732443,0.406899,1435,7.5760
13157,63,63,0.646792,0.337187,1452,7.5970
13158,63,8,2.341773,2.579976,1450,7.6000
13159,8,2,4.578796,5.298923,1413,7.5533
13160,2,52,2.417952,2.503885,1367,7.4714
13161,52,8,4.925893,5.275640,1421,7.5069
13162,8,2,4.582068,4.817298,1457,7.5864
13163,2,9,2.481831,2.539019,1276,7.0399
13164,9,13,3.419350,3.842196,1338,7.2904
13165,13,24,3.200243,3.101317,1455,7.6191
13166,24,41,2.684635,2.733979,1361,7.3984
13167,41,24,2.635561,2.788270,1333,7.1372
13168,24,62,3.093611,3.389039,1369,7.3372
13169,62,48,3.359070,3.171780,1432,7.6427
13170,48,41,2.664283,2.700879,1480,7.6499
13171,41,22,3.782995,4.020418,1425,7.5731
13172,22,60,2.131492,2.651210,1378,7.4759
13173,60,7,2.770537,3.013103,1388,7.5029
13174,7,45,3.915444,4.451880,1384,7.4816
13175,45,54,1.733629,1.759976,1404,7.5232
13176,54,30,2.404636,2.571114,1460,7.6340
13177,30,31,1.803454,1.600005,1362,7.1605
13178,31,42,2.010905,2.141527,1442,7.5580
13179,42,55,3.784889,4.935784,1451,7.6023
13180,55,58,2.334197,2.325235,1368,7.1572
13181,58,4,4.520534,4.207891,1445,7.5770
13182,4,40,2.616599,2.563096,1186,6.6602
13183,40,33,3.544649,3.862620,1454,7.6763
13184,33,62,2.487236,3.033321,1271,6.8945
13185,62,21,2.636304,2.775506,1415,7.6348
13186,21,53,1.659790,1.667912,1445,7.5573
13187,53,21,1.833344,1.803433,1457,7.5993
13188,21,54,2.932250,3.285897,1430,7.5572
13189,54,30,2.404902,2.521969,1340,7.1808
13190,30,40,5.785671,6.042766,1432,7.5297
13191,40,24,2.943978,3.034169,1414,7.5469
13192,24,62,2.976251,3.230967,1364,7.3384
13193,62,46,2.153440,2.281992,1382,7.4731
13194,46,62,2.113089,2.108473,1445,7.5949
13195,62,21,2.464988,2.751591,1415,7.6163
13196,21,53,1.697142,1.712229,1476,7.6013
13197,53,45,3.066513,3.387331,1420,7.5908
13198,45,54,1.746446,1.670366,1455,7.6699
13199,54,59,3.265279,3.669399,1439,7.5762
13200,59,20,5.302055,5.886494,1457,7.6287
13201,20,19,2.358438,2.428747,1459,7.5918
13202,19,50,3.932294,4.110141,1357,7.3603
13203,50,34,2.341418,1.974978,1350,7.3583
13204,34,50,2.339990,1.990335,1401,7.4591
13205,50,34,2.231080,1.830099,1299,7.1313
13206,34,50,2.130144,1.851780,1407,7.5024
13207,50,34,2.008672,1.698117,1368,7.2800
13208,34,5,4.157517,4.497439,1433,7.5937
13209,5,13,3.387938,3.319458,1430,7.4823
13210,13,31,3.938332,4.610467,1367,7.4390
13211,31,19,3.850296,4.845947,1375,7.4201
13212,19,51,2.088303,1.824345,1403,7.3738
13213,51,54,6.943381,7.553969,1390,7.4876
13214,54,43,3.673484,3.157210,1281,6.9906
13215,43,23,3.584146,3.533782,1365,7.3421
13216,23,37,2.738001,3.465580,1371,7.2789
13217,37,62,4.298883,4.661434,1429,7.6296
13218,62,48,3.103551,3.212812,1343,7.3590
13219,48,20,3.543064,3.711260,1444,7.5621
13220,20,19,2.454668,2.392943,1454,7.5966
13221,19,51,1.785716,1.796628,1434,7.5719
13222,51,56,3.757259,4.063723,1439,7.5504
13223,56,54,6.290893,6.102325,1447,7.5162
13224,54,43,3.300089,2.894957,1435,7.5820
13225,43,23,3.318071,3.448247,1329,7.2650
13226,23,0,2.633307,2.626718,1395,7.4556
13227,0,43,4.844355,4.948937,1412,7.4525
13228,43,23,3.228666,3.174916,1444,7.6409
13229,23,62,4.127489,4.340959,1441,7.6125
13230,62,21,2.299858,2.534856,1434,7.6706
13231,21,55,3.183013,3.681017,1461,7.6047
13232,55,58,2.156988,2.291789,1240,6.9210
13233,58,15,3.871606,3.525920,1419,7.5445
13234,15,1,4.126571,4.080309,1436,7.6308
13235,1,33,2.819412,2.639882,1453,7.6257
13236,33,47,2.794338,3.050279,1402,7.4592
13237,47,37,2.448025,2.682869,1395,7.4293
13238,37,62,3.862373,4.393430,1460,7.7394
13239,62,46,2.174874,2.244234,1387,7.5285
13240,46,63,2.045740,1.825637,1388,7.2773
13241,63,37,3.048727,3.798863,1396,7.5223
13242,37,28,2.232358,2.047956,1443,7.7260
13243,28,46,4.381727,4.699455,1275,6.9063
13244,46,63,1.978170,1.714691,1433,7.4937
13245,63,37,2.660498,3.659810,1460,7.5925
13246,37,28,1.992626,1.963667,1472,7.7064
13247,28,10,3.577790,3.318010,1421,7.5181
13248,10,61,2.196960,2.112576,1248,6.9988
13249,61,6,2.965698,3.610831,1413,7.5095
13250,6,12,2.639057,2.904824,1443,7.5774
13251,12,62,6.063549,6.088253,1457,7.6048
13252,62,21,2.047148,2.377545,1429,7.6437
13253,21,55,2.855797,3.481823,1410,7.5115
13254,55,26,3.712688,4.322360,1418,7.5212
13255,26,13,4.400000,4.355831,1432,7.5804
13256,13,32,2.083969,2.219166,1329,7.0181
13257,32,5,3.017135,3.022768,1448,7.6203
13258,5,13,3.254502,3.207340,1431,7.5669
13259,13,24,3.195916,2.983362,1447,7.6167
13260,24,41,2.673625,2.656355,1356,7.2810
13261,41,22,3.520366,3.867590,1434,7.5835
13262,22,2,3.929533,4.328978,1376,7.4744
13263,2,9,2.153042,2.418197,1413,7.4642
13264,9,13,3.554507,3.931833,1397,7.5376
13265,13,32,2.060333,2.142226,1457,7.6390
13266,32,5,2.597755,2.934467,1397,7.4205
13267,5,13,3.222368,3.129960,1379,7.3897
13268,13,24,3.074350,2.956623,1357,7.2273
13269,24,62,3.407049,3.658301,1293,6.9507
13270,62,21,2.114976,2.301889,1422,7.6283
13271,21,53,1.817240,1.980842,1465,7.6102
13272,53,45,2.776877,3.158767,1407,7.5455
13273,45,54,1.978483,1.864968,1434,7.6342
13274,54,30,2.350815,2.459045,1435,7.5869
13275,30,31,2.085867,1.679608,1451,7.5588
13276,31,30,2.030196,1.787012,1461,7.6066
13277,30,31,1.934298,1.564284,1463,7.5750
13278,31,42,1.944282,2.274567,1461,7.6114
13279,42,55,3.657846,4.758453,1458,7.6021
13280,55,58,2.223560,2.312943,1414,7.4890
13281,58,4,4.503822,4.181067,1372,7.3879
13282,4,23,4.626376,5.106290,1304,7.0440
13283,23,0,2.714537,2.639714,1421,7.5640
13284,0,62,4.283693,4.056954,1336,7.2464
13285,62,46,2.133889,2.230194,1348,7.3317
13286,46,5,5.159330,5.086330,1314,7.0792
13287,5,13,2.853935,3.026606,1251,6.7867
13288,13,24,2.995545,2.826379,1421,7.5954
13289,24,62,3.208796,3.652250,1360,7.2034
13290,62,21,2.070164,2.313292,1434,7.6720
13291,21,53,1.815064,1.955376,1441,7.6485
13292,53,37,3.152304,3.027026,1447,7.6205
13293,37,62,4.159301,4.699177,1314,7.1272
13294,62,21,2.011199,2.169934,1413,7.6153
13295,21,54,3.419445,3.956413,1478,7.6154
13296,54,30,2.114828,2.374539,1434,7.5506
13297,30,31,1.902989,1.538402,1451,7.5519
13298,31,42,1.839980,2.269805,1439,7.5850
13299,42,40,4.729128,4.713225,1467,7.6132
13300,40,24,2.833022,3.091186,1239,6.9593
13301,24,41,2.499606,2.650972,1406,7.4598
13302,41,22,3.463659,3.722456,1403,7.5143
13303,22,2,3.718833,4.216938,1449,7.5905
13304,2,9,2.162904,2.324387,1447,7.6687
13305,9,13,3.531056,3.988292,1464,7.6433
13306,13,24,2.837839,2.856186,1464,7.6028
13307,24,41,2.319742,2.551409,1458,7.6231
13308,41,55,3.544022,3.687411,1448,7.5929
13309,55,26,3.877406,4.112886,1355,7.3186
13310,26,17,2.307235,2.309059,1431,7.5946
13311,17,0,4.122619,4.528688,1453,7.6556
13312,0,57,1.606002,1.676808,1447,7.6075
13313,57,22,3.097417,3.416442,1430,7.5792
13314,22,60,2.073941,2.666278,1418,7.4857
13315,60,7,2.567005,2.908446,1406,7.4680
13316,7,45,3.919986,4.468578,1365,7.4519
13317,45,21,3.498379,3.813092,1285,6.9625
13318,21,55,3.069066,3.614676,1435,7.5859
13319,55,26,3.540516,4.077472,1421,7.4883
13320,26,13,4.376350,4.528314,1414,7.5626
13321,13,31,3.927894,4.749888,1457,7.6629
13322,31,42,1.818467,2.163941,1449,7.6008
13323,42,55,3.379228,4.700458,1474,7.6200
13324,55,30,2.670887,2.836730,1447,7.5688
13325,30,40,5.718645,5.794892,1375,7.2722
13326,40,33,3.302885,3.762562,1264,7.0280
13327,33,62,2.507207,3.060841,1238,6.7785
13328,62,21,1.930562,2.164339,1438,7.7199
13329,21,55,2.830063,3.517818,1469,7.6470
13330,55,30,2.548157,2.746724,1368,7.4077
13331,30,31,1.887320,1.621270,1329,6.9724
13332,31,42,1.865486,2.158935,1424,7.5690
13333,42,40,4.763530,4.529317,1453,7.5984
13334,40,24,2.923300,3.026286,1383,7.5231
13335,24,62,3.463693,3.691917,1446,7.5805
13336,62,46,2.350028,2.320399,1375,7.5089
13337,46,63,2.098413,1.796605,1429,7.5786
13338,63,8,2.218027,2.469963,1458,7.6083
13339,8,4,2.969815,3.845863,1452,7.6006
13340,4,15,3.209391,3.142488,1444,7.5849
13341,15,26,3.861883,3.442669,1418,7.5357
13342,26,13,4.168983,4.395831,1268,6.9857
13343,13,31,3.516216,4.572414,1449,7.6457
13344,31,30,1.913206,1.756315,1444,7.5755
13345,30,31,2.038890,1.549684,1461,7.5726
13346,31,42,2.139372,2.208112,1441,7.5820
13347,42,22,3.691943,5.031228,1439,7.6021
13348,22,2,3.595614,4.014985,1432,7.5671
13349,2,7,2.918166,3.094550,1440,7.6834
13350,7,1,4.518945,4.441824,1428,7.6067
13351,1,59,3.340463,3.303150,1386,7.3857
13352,59,43,2.900517,2.602775,1461,7.6498
13353,43,23,3.227489,3.088403,1400,7.4632
13354,23,37,2.497538,3.446951,1397,7.4849
13355,37,28,1.999248,1.900009,1434,7.7417
13356,28,10,3.246692,3.185113,1332,7.3319
13357,10,37,2.819355,2.898529,1407,7.5445
13358,37,28,1.749069,1.787450,1452,7.7379
13359,28,46,4.313631,4.709419,1447,7.6954
13360,46,62,2.190734,2.292855,1427,7.5508
13361,62,46,2.064179,2.185176,1439,7.7026
13362,46,63,2.111847,1.802145,1458,7.5553
13363,63,8,2.205271,2.372830,1436,7.5674
13364,8,27,2.861959,4.107870,1440,7.5863
13365,27,27,1.199510,0.725561,1425,7.5922
13366,27,16,1.976145,2.035746,1399,7.5260
13367,16,4,4.677547,5.139272,1449,7.6723
13368,4,40,2.914646,2.835418,1450,7.5715
13369,40,24,2.667854,2.926132,1348,7.3386
13370,24,62,3.317182,3.532417,1457,7.6159
13371,62,48,3.430665,3.369456,1381,7.4599
13372,48,20,3.238265,3.560421,1460,7.5849
13373,20,30,3.835238,4.002473,1400,7.4090
13374,30,31,1.826320,1.464556,1448,7.5796
13375,31,30,1.725938,1.692870,1420,7.5431
13376,30,31,1.546287,1.384896,1456,7.5794
13377,31,30,1.650787,1.597910,1434,7.5662
13378,30,10,4.386186,4.398078,1462,7.5655
13379,10,61,2.262881,2.136427,1365,7.3683
13380,61,6,2.926166,3.509768,1352,7.1897
13381,6,23,5.108937,5.354460,1448,7.5787
13382,23,62,4.281310,4.312590,1330,7.2172
13383,62,21,2.119851,2.342328,1426,7.6832
13384,21,53,1.906009,2.137022,1456,7.6129
13385,53,21,1.985734,1.861919,1399,7.4233
13386,21,55,2.882311,3.391138,1405,7.4987
13387,55,58,2.546925,2.604320,1352,7.1096
13388,58,15,3.611282,3.369963,1411,7.5324
13389,15,33,3.290352,3.670956,1459,7.6314
13390,33,47,2.825560,2.997842,1445,7.6102
13391,47,35,3.611416,3.531979,1449,7.6274
13392,35,43,3.563519,3.764047,1469,7.6790
13393,43,23,3.311746,2.938454,1375,7.3961
13394,23,0,2.953032,2.712885,1428,7.5499
13395,0,57,1.572368,1.631193,1260,6.9565
13396,57,2,2.841320,3.710483,1472,7.6624
13397,2,9,2.206703,2.333082,1440,7.6643
13398,9,13,3.676083,3.973838,1450,7.6050
13399,13,31,3.433227,4.522811,1426,7.4383
13400,31,42,2.031069,2.333208,1437,7.5603
13401,42,55,3.394315,4.677445,1434,7.5870
13402,55,58,2.418356,2.496584,1314,7.0338
13403,58,15,3.813636,3.313011,1430,7.5096
13404,15,33,3.308283,3.613659,1378,7.2701
13405,33,47,2.776068,2.891698,1445,7.6407
13406,47,63,2.449013,2.915984,1416,7.5860
13407,63,37,2.950841,3.655238,1358,7.2652
13408,37,62,3.929475,4.628202,1426,7.6593
13409,62,48,3.210266,3.191999,1464,7.7105
13410,48,41,2.539100,2.781354,1441,7.5923
13411,41,22,3.221435,3.747012,1371,7.3103
13412,22,38,2.056846,2.175017,1421,7.5619
13413,38,0,4.427234,4.542993,1445,7.6102
13414,0,62,4.251706,4.072811,1444,7.6117
13415,62,48,3.030587,2.999990,1442,7.6905
13416,48,41,2.376250,2.724060,1453,7.5906
13417,41,22,2.895791,3.607127,1404,7.5056
13418,22,2,3.384665,3.968891,1430,7.5651
13419,2,7,2.894536,3.007678,1399,7.4200
13420,7,1,4.469601,4.297817,1430,7.6160
13421,1,46,3.660374,3.751150,1253,6.7650
13422,46,63,2.095002,1.761595,1422,7.5229
13423,63,8,2.161438,2.294495,1451,7.5908
13424,8,27,2.441213,3.956320,1436,7.6100
13425,27,53,5.959301,6.732157,1428,7.5335
13426,53,45,2.679130,3.079507,1280,7.0522
13427,45,54,2.012831,1.879031,1463,7.7292
13428,54,43,3.296101,2.959300,1444,7.5636
13429,43,23,3.076530,2.872838,1443,7.5802
13430,23,0,2.923106,2.725237,1438,7.5670
13431,0,57,1.469529,1.605016,1284,7.1193
13432,57,22,2.984646,3.572057,1323,7.0458
13433,22,38,1.948537,2.158578,1431,7.5696
13434,38,0,4.426840,4.495666,1432,7.5886
13435,0,62,4.037057,4.001537,1439,7.6112
13436,62,46,2.201258,2.370489,1454,7.7007
13437,46,63,1.899975,1.733718,1469,7.5934
13438,63,37,2.965645,3.578554,1354,7.2873
13439,37,28,1.980203,1.821357,1457,7.7212
13440,28,10,3.253284,3.141187,1414,7.6256
13441,10,1,5.158013,5.789295,1391,7.5697
13442,1,59,3.271254,3.159718,1453,7.5701
13443,59,43,2.631379,2.561503,1442,7.6498
13444,43,57,3.686492,3.755545,1403,7.5166
13445,57,22,2.688960,3.433540,1372,7.4498
13446,22,38,1.800913,2.056866,1432,7.5796
13447,38,26,3.126600,3.590990,1464,7.6394
13448,26,42,3.573408,3.977936,1403,7.5865
13449,42,55,3.340903,4.395815,1424,7.5624
13450,55,30,2.426991,2.629613,1417,7.4233
13451,30,31,1.556364,1.433788,1443,7.5722
13452,31,42,2.002277,2.306105,1428,7.5717
13453,42,40,4.503116,4.424728,1416,7.5543
13454,40,33,3.325900,3.759411,1317,7.3219
13455,33,47,2.644789,2.815161,1207,6.8975
13456,47,37,2.403633,2.705149,1172,6.5302
13457,37,28,1.765873,1.750763,1347,7.2732
13458,28,10,3.311044,3.033490,1240,6.8366
13459,10,37,2.779945,2.832612,1454,7.6271
13460,37,62,3.982430,4.603278,1428,7.6634
13461,62,21,2.153791,2.365493,1431,7.6932
13462,21,53,2.036853,2.146764,1445,7.6118
13463,53,21,2.016736,1.846260,1444,7.6015
13464,21,54,3.563946,3.738547,1422,7.4750
13465,54,59,3.138403,3.592721,1426,7.4475
13466,59,20,5.281866,5.884222,1428,7.6131
13467,20,30,3.606645,3.749972,1447,7.5892
13468,30,10,4.236576,4.140704,1425,7.5450
13469,10,61,2.379884,2.207269,1454,7.6434
13470,61,33,4.058569,4.585307,1441,7.6159
13471,33,62,2.610641,3.088433,1438,7.6113
13472,62,21,1.967869,2.268677,1445,7.7056
13473,21,55,2.932214,3.400203,1360,7.2721
13474,55,58,2.191153,2.486311,1321,7.1499
13475,58,15,3.169312,3.197500,1403,7.5223
13476,15,26,3.521704,3.187248,1426,7.5357
13477,26,17,2.534651,2.335688,1335,7.1853
13478,17,0,4.060213,4.396291,1449,7.6813
13479,0,57,1.587253,1.604048,1450,7.6576
13480,57,22,2.895181,3.348285,1444,7.5970
13481,22,2,3.180467,3.754594,1424,7.5796
13482,2,7,2.578397,2.894663,1399,7.5603
13483,7,45,4.031159,4.576942,1426,7.6219
13484,45,54,1.859631,1.797676,1437,7.5930
13485,54,30,2.453940,2.654423,1369,7.2587
13486,30,31,1.701995,1.471706,1340,7.2595
13487,31,42,1.759557,2.216896,1441,7.5863
13488,42,40,4.298962,4.240866,1455,7.6107
13489,40,23,3.931388,3.847165,1390,7.4946
13490,23,0,3.040040,2.780176,1476,7.6555
13491,0,57,1.564884,1.553905,1399,7.4006
13492,57,22,2.766689,3.249572,1437,7.6388
13493,22,60,2.483276,3.048139,1447,7.5980
13494,60,7,2.693940,2.691951,1441,7.6231
13495,7,57,3.497724,4.271349,1432,7.6341
13496,57,22,2.594400,3.083698,1354,7.2867
13497,22,38,2.015576,2.201171,1432,7.5567
13498,38,26,3.092607,3.555607,1420,7.5257
13499,26,42,3.473155,3.929425,1440,7.5493
13500,42,55,3.045031,4.303065,1445,7.5959
13501,55,58,2.070733,2.413182,1452,7.5813
13502,58,4,4.835716,4.458772,1416,7.4836
13503,4,40,2.803783,2.807115,1209,6.7992
13504,40,33,3.641042,3.799083,1196,6.7259
13505,33,48,4.576569,4.999810,1002,6.0680
13506,48,20,3.569733,3.747850,1412,7.4833
13507,20,47,4.481350,4.428046,1446,7.5891
13508,47,63,2.335845,2.910990,1429,7.6231
13509,63,37,2.767938,3.362528,1428,7.5626
13510,37,62,3.904991,4.408218,1466,7.7273
13511,62,46,2.270021,2.361700,1427,7.6397
13512,46,62,2.210175,2.189973,1460,7.6153
13513,62,46,2.138127,2.205335,1429,7.6818
13514,46,62,2.073840,2.043808,1407,7.3747
13515,62,46,1.941385,2.052680,1440,7.6918
13516,46,63,2.178930,2.002149,1459,7.5840
13517,63,8,2.221707,2.287282,1420,7.5108
13518,8,2,4.868883,5.224183,1436,7.5890
13519,2,9,2.378445,2.360996,1267,7.1311
13520,9,13,3.522864,3.817318,1293,7.0753
13521,13,32,2.057981,2.253146,1346,7.3233
13522,32,10,5.034417,5.256687,1355,7.2919
13523,10,61,2.336182,2.014598,1358,7.3798
13524,61,53,3.246449,3.765069,1329,7.1259
13525,53,45,2.845934,3.103479,1433,7.5687
13526,45,25,5.423294,5.846864,1391,7.5511
13527,25,32,4.227670,4.161220,1414,7.5185
13528,32,5,2.840397,2.839876,1358,7.3323
13529,5,13,3.105213,3.121456,1406,7.4278
13530,13,24,3.263355,3.020396,1442,7.5896
13531,24,41,2.517683,2.640236,1367,7.2780
13532,41,22,3.833359,3.970435,1370,7.3956
13533,22,38,1.810865,2.067739,1389,7.4265
13534,38,49,3.795523,4.339331,1458,7.6278
13535,49,17,2.907162,2.746640,1329,7.3031
13536,17,0,4.158945,4.324433,1416,7.6231
13537,0,57,1.426323,1.532329,1438,7.6106
13538,57,22,2.625622,3.132406,1448,7.6429
13539,22,38,1.642000,1.996748,1452,7.5887
13540,38,0,4.274851,4.461658,1461,7.6263
13541,0,43,4.530669,4.743940,1442,7.6338
13542,43,23,3.102804,2.789892,1435,7.5500
13543,23,0,3.072027,2.891966,1440,7.5716
13544,0,62,4.306885,4.144226,1468,7.6281
13545,62,46,1.737150,1.961597,1408,7.6140
13546,46,5,5.095489,5.180393,1447,7.5760
13547,5,13,2.977343,3.036252,1379,7.3755
13548,13,32,2.092834,2.199565,1445,7.6079
13549,32,5,2.837857,2.835337,1437,7.6231
13550,5,13,2.911613,2.889097,1418,7.5519
13551,13,32,1.943017,2.077334,1362,7.2512
13552,32,10,4.907177,5.253646,1427,7.5773
13553,10,37,2.787918,3.005965,1458,7.6528
13554,37,62,3.516147,4.210590,1396,7.5043
13555,62,21,2.277314,2.419499,1418,7.6691
13556,21,54,3.217506,3.570876,1428,7.5956
13557,54,43,3.592459,3.039155,1439,7.5970
13558,43,57,3.504551,3.512188,1424,7.5759
13559,57,35,3.900459,4.178111,1420,7.5598
13560,35,43,3.513141,3.775073,1333,7.2593
13561,43,23,2.745400,2.721468,1441,7.5924
13562,23,0,2.993318,2.847710,1218,6.7219
13563,0,57,1.431984,1.610569,1313,7.0935
13564,57,2,2.919437,3.843239,1441,7.6086
13565,2,9,2.079779,2.280751,1327,7.2182
13566,9,41,6.129947,6.661802,1387,7.5704
13567,41,24,2.453328,2.671186,1430,7.6021
13568,24,62,3.976443,4.150235,1447,7.6076
13569,62,21,2.002552,2.298812,1386,7.5084
13570,21,55,2.948834,3.340929,1454,7.6327
13571,55,58,2.167249,2.369705,1425,7.5264
13572,58,15,3.173598,3.224817,1291,7.0353
13573,15,1,4.727202,4.588149,1458,7.6324
13574,1,33,3.047042,2.800468,1387,7.4048
13575,33,62,2.297932,3.019894,1438,7.6302
13576,62,21,2.036996,2.215101,1445,7.6883
13577,21,53,2.582280,2.438726,1447,7.6362
13578,53,21,2.038481,1.872994,1334,7.2023
13579,21,55,3.111907,3.322098,1454,7.6567
13580,55,58,1.989045,2.361466,1385,7.3469
13581,58,4,4.847729,4.487923,1433,7.5700
13582,4,15,3.203052,2.783098,1444,7.5894
13583,15,26,3.353187,3.175469,1294,7.0269
13584,26,17,2.288721,2.286750,1235,6.6252
13585,17,0,4.172276,4.274014,1444,7.6730
13586,0,57,1.414453,1.558048,1451,7.6441
13587,57,2,2.935181,3.748525,1463,7.6256
13588,2,9,1.945448,2.215847,1412,7.5834
13589,9,13,3.660419,4.030848,1421,7.5991
13590,13,24,3.075194,2.984865,1421,7.5699
13591,24,62,3.737130,4.090616,1286,6.9164
13592,62,48,3.242571,3.180447,1358,7.2634
13593,48,41,2.734981,2.794828,1454,7.5986
13594,41,22,3.428218,3.680562,1422,7.5299
13595,22,38,1.622340,1.908359,1445,7.6133
13596,38,26,3.134698,3.706091,1425,7.5808
13597,26,42,3.532440,3.884475,1407,7.5320
13598,42,40,4.080854,3.959593,1458,7.5967
13599,40,24,2.928286,3.077880,1326,7.1327
13600,24,62,3.855425,3.892640,1442,7.5702
13601,62,21,1.953933,2.204322,1422,7.6383
13602,21,54,3.541950,3.746322,1451,7.6210
13603,54,59,3.272385,3.609009,1454,7.5950
13604,59,43,2.724241,2.559205,1441,7.6352
13605,43,23,2.651827,2.610987,1396,7.4648
13606,23,0,3.137022,2.867551,1189,6.5304
13607,0,62,4.808435,4.320995,1258,6.8266
13608,62,48,3.126152,2.998390,1394,7.5762
13609,48,41,2.764451,2.742103,1468,7.5910
13610,41,24,2.209877,2.760989,1430,7.5676
13611,24,62,3.779262,3.856831,1406,7.4837
13612,62,46,2.196148,2.295704,1385,7.5414
13613,46,5,4.985100,4.840992,1419,7.5080
13614,5,13,2.945643,2.896484,1234,6.8275
13615,13,24,2.909677,2.907003,1451,7.5943
13616,24,62,3.487314,3.789661,1425,7.5641
13617,62,48,2.868063,2.898465,1419,7.6186
13618,48,20,3.825589,3.880003,1425,7.5682
13619,20,47,4.467211,4.261868,1338,7.1529
13620,47,63,2.393207,2.881110,1417,7.5758
13621,63,8,2.187134,2.054183,1440,7.5750
13622,8,27,2.421109,3.939635,1449,7.5821
13623,27,27,0.899862,0.595413,1391,7.5167
13624,27,27,0.733888,0.499720,1464,7.6028
13625,27,16,2.063570,2.293831,1435,7.6118
13626,16,40,4.894506,5.396429,1458,7.6793
13627,40,23,3.898187,3.859352,1451,7.6392
13628,23,62,4.403348,4.522526,1433,7.5902
13629,62,46,2.093680,2.259388,1402,7.5836
13630,46,63,2.250604,2.115253,1379,7.3804
13631,63,8,2.266953,2.016367,1432,7.5769
13632,8,2,4.912858,5.380949,1447,7.5906
13633,2,9,1.874445,2.102176,1229,6.8343
13634,9,16,3.986168,4.303154,1395,7.5143
13635,16,4,4.607997,5.231361,1418,7.6159
13636,4,40,2.949219,2.748244,1468,7.6225
13637,40,23,3.844811,3.730925,1401,7.5280
13638,23,0,2.848939,2.756092,1393,7.4461
13639,0,57,1.537338,1.572521,1233,6.7828
13640,57,22,3.023468,3.286677,1457,7.6211
13641,22,38,1.607676,1.858974,1449,7.5820
13642,38,26,2.951998,3.603364,1434,7.5751
13643,26,13,4.665420,4.882805,1415,7.5636
13644,13,24,2.593872,2.721296,1439,7.6178
13645,24,62,3.716399,3.850522,1431,7.5481
13646,62,46,1.912254,2.177349,1440,7.6871
13647,46,63,2.308837,2.091965,1439,7.5925
13648,63,63,0.883213,0.571909,1403,7.4966
13649,63,8,2.157238,2.075181,1441,7.5772
13650,8,27,2.069871,3.980432,1461,7.5921
13651,27,16,2.049581,2.181483,1414,7.5414
13652,16,40,4.743191,5.246439,1458,7.7057
13653,40,24,3.141458,3.014674,1436,7.6664
13654,24,62,3.336974,3.641848,1444,7.5839
13655,62,46,1.755042,2.138668,1417,7.6642
13656,46,63,2.068860,1.977097,1433,7.5715
13657,63,8,1.979048,1.994931,1374,7.3173
13658,8,2,4.850113,5.439866,1456,7.5902
13659,2,52,2.930631,3.072756,1198,6.5464
13660,52,54,4.486407,4.656812,1442,7.5653
13661,54,43,3.367198,2.924863,1427,7.5583
13662,43,23,2.774047,2.741147,1465,7.6365
13663,23,37,2.990269,3.716215,1390,7.4131
13664,37,28,1.964312,1.842516,1452,7.7292
13665,28,46,4.090255,4.618404,1397,7.6385
13666,46,63,1.952799,1.870977,1463,7.6012
13667,63,37,3.026018,3.790519,1447,7.5778
13668,37,62,4.540470,4.958284,1427,7.5869
13669,62,21,2.401288,2.560618,1423,7.6526
13670,21,54,3.021737,3.412115,1422,7.5330
13671,54,30,2.705949,2.803639,1355,7.2642
13672,30,31,1.797113,1.467567,1442,7.5644
13673,31,30,1.718972,1.689487,1241,6.7691
13674,30,31,1.668358,1.392298,1444,7.5563
13675,31,30,1.595554,1.587563,1447,7.5823
13676,30,31,1.570016,1.328212,1435,7.5530
13677,31,42,2.282351,2.486876,1429,7.5313
13678,42,40,4.115565,4.165131,1436,7.4713
13679,40,24,2.891830,2.897493,1444,7.6557
13680,24,62,3.212476,3.575025,1436,7.5686
13681,62,46,1.841596,2.175278,1451,7.7055
13682,46,63,1.902014,1.854616,1336,7.0784
13683,63,8,2.064242,2.022739,1425,7.5248
13684,8,27,2.481223,4.115997,1437,7.6010
13685,27,16,1.996820,2.130051,1420,7.5412
13686,16,4,4.250718,5.079805,1470,7.6786
13687,4,15,2.933545,2.762780,1457,7.5982
13688,15,1,4.383361,4.489212,1387,7.3832
13689,1,46,3.721799,3.703286,1387,7.4467
13690,46,63,1.843873,1.783732,1468,7.6907
13691,63,8,1.758984,1.971334,1442,7.5763
13692,8,2,4.786382,5.398512,1428,7.5688
13693,2,9,1.884340,2.098939,1369,7.4040
13694,9,13,3.857962,4.103932,1411,7.5550
13695,13,24,2.636001,2.825843,1288,7.0320
13696,24,62,3.035630,3.496913,1316,7.0731
13697,62,21,2.365040,2.627954,1436,7.6752
13698,21,53,2.273460,2.379159,1400,7.4663
13699,53,45,2.836120,3.072538,1423,7.5361
13700,45,54,1.940641,1.749592,1445,7.6488
13701,54,30,2.449473,2.699413,1386,7.3108
13702,30,40,5.072920,5.561791,1420,7.5300
13703,40,33,4.136638,3.837564,1412,7.5583
13704,33,62,2.631784,3.090973,1405,7.5506
13705,62,21,2.395111,2.513695,1407,7.5630
13706,21,53,2.235630,2.359222,1225,6.6431
13707,53,45,2.596792,3.031845,1415,7.5807
13708,45,54,1.923706,1.682126,1433,7.6366
13709,54,30,2.407526,2.637485,1429,7.5562
13710,30,31,1.592182,1.394129,1405,7.3383
13711,31,19,5.109752,5.575214,1393,7.3962
13712,19,51,1.704839,1.738415,1377,7.4603
13713,51,54,6.814573,7.785703,1425,7.4893
13714,54,43,2.882863,2.933452,1451,7.5804
13715,43,23,2.634826,2.677046,1412,7.5541
13716,23,0,2.855899,2.763072,1385,7.4203
13717,0,62,4.747343,4.511559,1364,7.3182
13718,62,48,3.148668,3.099736,1359,7.3302
13719,48,20,3.734558,3.684218,1460,7.6152
13720,20,19,2.397069,2.684352,1389,7.4906
13721,19,51,1.735158,1.717269,1377,7.2873
13722,51,56,3.482066,3.876698,1434,7.5614
13723,56,54,6.094859,6.200396,1418,7.4769
13724,54,59,2.992834,3.556141,1482,7.6135
13725,59,43,2.418480,2.361929,1437,7.6222
13726,43,23,2.521863,2.583392,1429,7.5686
13727,23,37,3.064764,3.720967,1273,7.0367
13728,37,62,4.482099,5.024329,1436,7.7160
13729,62,46,2.204697,2.298795,1446,7.6865
13730,46,63,1.846936,1.815686,1356,7.2663
13731,63,8,2.129493,1.882580,1401,7.3456
13732,8,27,2.355945,4.230907,1424,7.5636
13733,27,27,0.844732,0.509149,1447,7.5799
13734,27,16,1.948112,2.211493,1433,7.5505
13735,16,4,4.448890,4.903999,1398,7.4060
13736,4,40,2.776869,2.810617,1436,7.6004
13737,40,33,3.981806,3.692553,1406,7.5791
13738,33,47,3.185511,3.191240,1462,7.6477
13739,47,37,2.574835,2.752547,1396,7.5821
13740,37,28,1.970951,1.893328,1368,7.4213
13741,28,46,4.019990,4.603461,1454,7.6988
13742,46,62,2.364472,2.364320,1387,7.4531
13743,62,21,2.255669,2.411765,1444,7.6716
13744,21,54,3.834054,3.713571,1251,6.7568
13745,54,30,2.267117,2.477536,1368,7.3616
13746,30,40,4.928343,5.466651,1448,7.5620
13747,40,24,2.397182,2.938222,1387,7.5286
13748,24,62,3.219408,3.587493,1431,7.5812
13749,62,46,2.004321,2.287374,1431,7.6684
13750,46,63,1.946557,1.849488,1437,7.5764
13751,63,8,1.965475,1.786732,1438,7.5531
13752,8,2,4.515580,5.342715,1453,7.6029
13753,2,7,2.746826,3.324588,1460,7.6863
13754,7,45,4.115505,4.576972,1280,7.0393
13755,45,21,3.779629,4.171990,1442,7.6447
13756,21,53,2.502584,2.221179,1304,7.0451
13757,53,21,2.130206,1.979258,1308,7.1110
13758,21,55,2.925751,3.256596,1432,7.6226
13759,55,58,2.169526,2.332769,1415,7.5222
13760,58,15,2.854822,3.164807,1401,7.5111
13761,15,1,4.516142,4.424077,1458,7.5910
13762,1,46,3.279628,3.602447,1403,7.4339
13763,46,62,2.413091,2.276520,1445,7.6249
13764,62,46,1.971202,2.182734,1433,7.6916
13765,46,62,2.235584,2.124842,1444,7.6056
13766,62,46,1.856997,2.038662,1347,7.3633
13767,46,63,2.082847,2.012915,1403,7.4913
13768,63,8,1.999283,1.687479,1452,7.5939
13769,8,4,3.757703,4.932975,1464,7.6100
13770,4,15,3.172614,2.813257,1447,7.6124
13771,15,1,4.166957,4.298271,1411,7.4971
13772,1,46,3.261122,3.480239,1456,7.5775
13773,46,63,1.908367,1.923411,1422,7.5432
13774,63,8,1.765510,1.634239,1474,7.5929
13775,8,27,2.302698,4.427862,1439,7.5394
13776,27,53,5.946961,6.774540,1429,7.5767
13777,53,21,2.068888,1.908863,1313,7.2174
13778,21,54,3.296856,3.311589,1413,7.4707
13779,54,30,2.161807,2.412603,1436,7.5707
13780,30,31,1.596381,1.442494,1406,7.4549
13781,31,19,4.489805,5.251766,1412,7.5362
13782,19,51,1.635892,1.710419,1420,7.5215
13783,51,54,6.729650,7.669874,1394,7.5196
13784,54,30,1.953599,2.245155,1451,7.5671
13785,30,10,4.296273,4.302656,1442,7.5419
13786,10,37,2.840394,3.031830,1410,7.5609
13787,37,62,4.191332,4.905893,1390,7.5586
13788,62,46,1.763283,1.947129,1273,6.9875
13789,46,62,2.055677,1.977291,1467,7.6373
13790,62,48,3.169041,3.208661,1293,7.0027
13791,48,41,2.805666,2.668721,1405,7.4323
13792,41,22,3.223792,3.515635,1437,7.5422
13793,22,38,1.471224,1.777624,1382,7.4595
13794,38,0,4.186346,4.644069,1386,7.3752
13795,0,57,1.528114,1.582417,1435,7.6174
13796,57,22,2.836070,3.261369,1357,7.2541
13797,22,2,3.665031,4.213539,1434,7.6218
13798,2,9,1.811911,2.125081,1451,7.6748
13799,9,16,3.878322,4.143201,1439,7.6232
13800,16,4,3.909955,4.644638,1445,7.6680
13801,4,40,3.059276,2.895976,1493,7.6317
13802,40,33,3.714879,3.614974,1431,7.5723
13803,33,47,2.937801,3.130529,1246,6.7051
13804,47,37,2.489499,2.789573,1438,7.6607
13805,37,28,1.960362,1.840187,1410,7.6154
13806,28,46,4.147386,4.636248,1431,7.6581
13807,46,63,2.026385,1.958562,1426,7.5832
13808,63,37,3.482637,3.890854,1452,7.5562
13809,37,28,1.821829,1.772196,1458,7.7173
13810,28,53,3.098727,3.281347,1421,7.6847
13811,53,21,2.036829,1.928427,1294,6.9464
13812,21,53,2.037492,2.059417,1455,7.6183
13813,53,21,1.876414,1.813153,1436,7.5898
13814,21,55,2.877538,3.142372,1385,7.4101
13815,55,30,2.272802,2.770646,1420,7.5416
13816,30,10,3.855278,4.137966,1440,7.5548
13817,10,61,2.216285,2.056501,1411,7.4922
13818,61,33,4.101528,4.534783,1433,7.5869
13819,33,62,2.490487,3.017135,1433,7.5929
13820,62,46,1.718657,1.962999,1411,7.6409
13821,46,63,2.085471,1.954513,1441,7.5701
13822,63,8,1.944949,1.674191,1444,7.5543
13823,8,27,2.290115,4.291208,1421,7.5317
13824,27,27,0.804670,0.475055,1425,7.5692
13825,27,16,2.190660,2.353758,1421,7.5352
13826,16,4,3.852514,4.488601,1455,7.6524
13827,4,40,3.206463,2.808482,1452,7.5870
13828,40,23,3.660814,3.752208,1415,7.5762
13829,23,0,3.012561,2.766058,1399,7.4130
13830,0,62,5.116008,4.656904,1373,7.4874
13831,62,46,1.538330,1.876464,1441,7.6865
13832,46,62,2.111365,2.001294,1461,7.6069
13833,62,21,2.688337,2.815929,1436,7.6573
13834,21,53,2.055130,2.032386,1377,7.3759
13835,53,37,2.901579,3.013903,1453,7.5952
13836,37,47,3.301274,3.503923,1392,7.5459
13837,47,35,3.548445,3.451039,1469,7.6596
13838,35,43,3.747792,3.951156,1360,7.4532
13839,43,23,2.497742,2.511108,1389,7.4965
13840,23,0,2.723310,2.674152,1412,7.5165
13841,0,57,1.644605,1.630828,1416,7.5674
13842,57,22,2.698552,3.145739,1453,7.6259
13843,22,38,1.475826,1.837488,1441,7.6084
13844,38,0,4.251620,4.624656,1464,7.6072
13845,0,62,4.767669,4.634548,1422,7.5959
13846,62,48,3.000265,3.081189,1333,7.3008
13847,48,20,3.316407,3.586580,1407,7.5170
13848,20,30,3.899173,4.053131,1453,7.5782
13849,30,31,1.646365,1.495362,1467,7.5887
13850,31,30,1.480811,1.516809,1332,7.1416
13851,30,10,3.947382,4.027734,1463,7.5824
13852,10,37,2.870433,3.104867,1461,7.6471
13853,37,47,3.102603,3.417661,1408,7.5214
13854,47,35,3.414815,3.367041,1314,7.1353
13855,35,48,4.573150,4.394803,1391,7.5212
13856,48,20,3.307955,3.378719,1391,7.4463
13857,20,19,2.559937,2.756436,1403,7.4629
13858,19,51,1.758653,1.694520,1419,7.5616
13859,51,4,4.591289,5.439601,1342,7.1647
13860,4,40,2.681878,2.657018,1462,7.5799
13861,40,24,2.673465,2.915433,1406,7.5725
13862,24,62,3.434991,3.766667,1430,7.5501
13863,62,48,3.024157,2.991549,1441,7.6943
13864,48,41,2.525229,2.679243,1433,7.5494
13865,41,24,2.632309,2.996930,1366,7.2705
13866,24,62,3.449435,3.626356,1423,7.4599
13867,62,21,2.597431,2.802760,1402,7.5989
13868,21,55,2.325729,3.070904,1440,7.6086
13869,55,30,2.283905,2.701554,1449,7.5435
13870,30,31,1.594992,1.514201,1457,7.5662
13871,31,42,2.326213,2.584644,1452,7.6148
13872,42,40,4.495014,4.030897,1445,7.5911
13873,40,24,2.500448,2.802894,1299,7.0481
13874,24,62,2.949557,3.460688,1426,7.5613
13875,62,21,2.431710,2.717011,1408,7.6287
13876,21,54,3.402030,3.577811,1435,7.6125
13877,54,30,2.049014,2.254045,1459,7.5733
13878,30,31,1.465156,1.486651,1467,7.5720
13879,31,42,2.354809,2.497707,1432,7.5669
13880,42,40,4.209974,3.937388,1459,7.6206
13881,40,23,3.786037,3.707161,1421,7.5966
13882,23,0,2.759049,2.630806,1447,7.6059
13883,0,57,1.606614,1.614308,1368,7.3431
13884,57,2,3.113416,4.168143,1430,7.5904
13885,2,52,2.943484,3.118554,1427,7.6544
13886,52,54,4.688992,4.768543,1415,7.4935
13887,54,43,3.252905,2.921522,1445,7.5804
13888,43,23,2.558359,2.562609,1408,7.5951
13889,23,62,5.114145,4.947248,1420,7.5389
13890,62,46,1.871625,2.211303,1382,7.5401
13891,46,63,2.150685,2.037370,1443,7.6024
13892,63,8,1.834216,1.576276,1444,7.5682
13893,8,27,2.130363,4.169531,1423,7.5497
13894,27,16,2.077500,2.263579,1424,7.5471
13895,16,4,3.784634,4.359507,1411,7.5561
13896,4,40,2.963749,2.814335,1378,7.2369
13897,40,33,4.058599,3.718211,1390,7.5126
13898,33,47,2.811845,3.044022,1459,7.6532
13899,47,63,2.411421,3.164921,1430,7.5835
13900,63,8,1.762718,1.506025,1433,7.5514
13901,8,27,2.095321,4.165908,1434,7.5836
13902,27,16,1.968178,2.246535,1421,7.5284
13903,16,40,4.970538,5.458349,1441,7.6574
13904,40,24,2.224573,2.712771,1427,7.6110
13905,24,62,3.016556,3.430608,1423,7.5525
13906,62,21,2.421314,2.661405,1452,7.6661
13907,21,54,3.194499,3.514002,1371,7.4229
13908,54,43,3.183013,2.882871,1427,7.5631
13909,43,23,2.475660,2.510379,1423,7.5574
13910,23,62,4.818665,4.952217,1395,7.4786
13911,62,46,1.962786,2.225006,1417,7.6532
13912,46,63,2.023702,2.020843,1416,7.5132
13913,63,8,1.753439,1.474076,1405,7.4088
13914,8,2,5.176362,5.683087,1461,7.6006
13915,2,9,1.848484,2.156865,1416,7.5847
13916,9,13,3.759946,3.943146,1413,7.5393
13917,13,24,2.741681,3.003364,1404,7.4463
13918,24,62,2.889588,3.455821,1440,7.5868
13919,62,21,2.271201,2.625947,1440,7.6641
13920,21,55,2.590843,3.109284,1399,7.5360
13921,55,58,2.294308,2.504531,1376,7.2754
13922,58,4,5.285801,5.164204,1348,7.1246
13923,4,40,2.676718,2.558678,1407,7.4785
13924,40,24,2.181853,2.716253,1408,7.5512
13925,24,62,2.898101,3.316244,1449,7.6100
13926,62,48,3.170105,3.188563,1447,7.6787
13927,48,13,5.999416,5.725957,1434,7.5651
13928,13,24,2.809311,2.852594,1403,7.5595
13929,24,62,2.737857,3.234824,1447,7.6005
13930,62,48,2.926507,3.079399,1433,7.6545
13931,48,41,2.733396,2.628903,1453,7.5875
13932,41,22,3.227904,3.524324,1384,7.3033
13933,22,38,1.474456,1.790635,1420,7.5799
13934,38,49,3.815298,4.510193,1431,7.6081
13935,49,42,4.242545,4.717493,1351,7.3524
13936,42,40,4.432986,4.026408,1451,7.6268
13937,40,24,2.348103,2.700573,1378,7.3689
13938,24,62,2.603413,3.079769,1444,7.5965
13939,62,21,2.438264,2.821304,1432,7.6351
13940,21,54,3.406866,3.444532,1400,7.5498
13941,54,59,3.258213,3.771112,1451,7.6033
13942,59,20,5.263175,5.894425,1442,7.6234
13943,20,47,4.482023,4.234380,1365,7.2309
13944,47,63,2.291120,3.041601,1264,6.9607
13945,63,8,1.707804,1.377250,1427,7.4970
13946,8,27,2.122236,4.290795,1422,7.5719
13947,27,16,2.056707,2.194586,1434,7.5541
13948,16,40,4.985054,5.335522,1448,7.6720
13949,40,24,2.114205,2.565250,1406,7.4963
13950,24,41,3.213397,3.550934,1438,7.5575
13951,41,24,2.795394,3.045621,1433,7.5870
13952,24,41,3.077980,3.262662,1433,7.5583
13953,41,24,2.608695,2.815436,1443,7.5833
13954,24,62,2.725847,2.991501,1451,7.5856
13955,62,46,2.500312,2.691602,1442,7.6506
13956,46,5,4.565282,4.595149,1453,7.6131
13957,5,13,2.920462,3.052230,1437,7.5392
13958,13,24,2.905354,2.877177,1407,7.4276
13959,24,62,2.420391,2.901314,1462,7.5868
13960,62,21,2.669741,2.871830,1426,7.6143
13961,21,53,2.478187,2.501129,1385,7.4840
13962,53,37,2.629768,2.851619,1450,7.5813
13963,37,28,1.923111,1.878500,1370,7.4293
13964,28,46,4.062968,4.762422,1447,7.7022
13965,46,63,2.210291,2.029998,1449,7.5784
13966,63,37,3.577680,3.807424,1360,7.3360
13967,37,62,5.540137,5.697963,1484,7.7416
13968,62,48,3.068874,3.106252,1428,7.6518
13969,48,13,5.711104,5.633772,1443,7.5864
13970,13,31,3.898878,4.854069,1402,7.5131
13971,31,30,1.555312,1.565835,1431,7.5558
13972,30,10,3.657566,3.827207,1457,7.5958
13973,10,1,5.423129,5.775993,1289,7.0274
13974,1,59,3.004679,3.215536,1379,7.2398
13975,59,43,2.630968,2.339590,1416,7.4946
13976,43,57,3.793548,3.802848,1409,7.5261
13977,57,2,3.724916,4.078426,1130,6.2868
13978,2,7,2.999941,3.347346,1454,7.6585
13979,7,45,3.966982,4.336519,1364,7.3000
13980,45,21,4.095147,4.289624,1465,7.6664
13981,21,54,3.205604,3.201540,1401,7.5567
13982,54,43,3.048225,2.885619,1446,7.5912
13983,43,3,4.975456,5.572224,1337,7.3087
13984,3,25,3.284053,3.230499,1358,7.3287
13985,25,44,2.912564,2.780824,1366,7.3983
13986,44,1,4.761668,4.353064,1435,7.5495
13987,1,46,3.390379,3.551321,1453,7.5645
13988,46,63,2.071290,1.948917,1297,7.2806
13989,63,63,1.113608,0.715339,1347,7.2622
13990,63,8,1.706784,1.556261,1285,7.1269
13991,8,2,4.659441,5.503639,1452,7.5968
13992,2,52,2.731863,3.087153,1443,7.6070
13993,52,54,4.587288,4.858712,1367,7.3425
13994,54,43,2.933561,2.682174,1464,7.5782
13995,43,57,3.529512,3.858697,1456,7.6300
13996,57,22,2.808900,3.255129,1443,7.6092
13997,22,38,1.465609,1.743646,1444,7.5888
13998,38,26,3.130081,3.648164,1480,7.6132
13999,26,42,3.481851,3.838611,1418,7.5496
14000,42,22,3.635796,4.766068,1452,7.6140
14001,22,38,1.417109,1.664984,1410,7.4827
14002,38,26,2.871199,3.537851,1444,7.5928
14003,26,42,3.239106,3.738884,1464,7.5828
14004,42,40,4.395324,3.998411,1449,7.6156
14005,40,33,3.716558,3.617141,1375,7.4564
14006,33,62,3.028941,3.100316,1187,6.6832
14007,62,46,2.279515,2.624536,1402,7.5547
14008,46,63,1.960870,1.850413,1411,7.5753
14009,63,63,0.860986,0.610235,1434,7.5433
14010,63,8,1.736314,1.638175,1395,7.3377
14011,8,2,4.330713,5.364894,1363,7.3665
14012,2,9,1.932824,2.311115,1469,7.6526
14013,9,13,3.554784,3.990852,1457,7.6628
14014,13,32,2.266020,2.339120,1444,7.6003
14015,32,29,3.372862,3.551624,1278,6.9638
14016,29,23,6.131014,6.784240,1306,7.1172
14017,23,0,2.837388,2.544972,1433,7.5509
14018,0,57,1.493404,1.595960,1367,7.4088
14019,57,22,2.816957,3.205793,1402,7.4162
14020,22,60,3.038815,3.632970,1325,7.2593
14021,60,22,2.682860,2.418639,1430,7.5868
14022,22,38,1.521992,1.688850,1449,7.5981
14023,38,49,3.873908,4.458741,1448,7.5823
14024,49,24,4.704475,4.630329,1444,7.6829
14025,24,62,2.498431,2.942006,1452,7.5908
14026,62,21,2.597566,2.831581,1422,7.6377
14027,21,54,2.897827,3.172839,1415,7.5885
14028,54,30,2.330795,2.562044,1458,7.5820
14029,30,31,1.747297,1.582902,1443,7.5517
14030,31,42,2.532042,2.458988,1438,7.5736
14031,42,22,3.334670,4.700722,1436,7.5932
14032,22,2,3.897902,4.383556,1453,7.6076
14033,2,7,3.243333,3.465377,1428,7.6272
14034,7,45,3.782072,4.182181,1338,7.2784
14035,45,25,4.894212,5.125671,1439,7.6628
14036,25,54,4.766986,4.962174,1332,7.2201
14037,54,43,2.799238,2.619386,1440,7.5504
14038,43,23,2.818833,2.830364,1398,7.5289
14039,23,0,2.385150,2.484333,1189,6.5174
14040,0,57,1.495457,1.589999,1417,7.6020
14041,57,2,3.117402,4.144477,1407,7.5037
14042,2,7,3.079697,3.316100,1436,7.6196
14043,7,1,4.488326,4.490870,1461,7.6671
14044,1,46,3.140691,3.576949,1414,7.5020
14045,46,62,2.634091,2.486056,1404,7.5371
14046,62,46,2.384877,2.594433,1355,7.3066
14047,46,62,2.430756,2.312716,1449,7.6134
14048,62,46,2.169164,2.404431,1431,7.6461
14049,46,62,2.347349,2.155915,1458,7.6053
14050,62,48,3.086241,3.169470,1449,7.6515
14051,48,41,2.731376,2.569297,1440,7.6250
14052,41,22,3.278187,3.739139,1433,7.6062
14053,22,60,2.860199,3.473549,1453,7.5939
14054,60,7,2.848812,2.807609,1430,7.5593
14055,7,57,3.633416,4.142589,1440,7.6298
14056,57,22,2.647321,3.222834,1420,7.5105
14057,22,60,2.758425,3.331421,1427,7.5784
14058,60,7,2.825937,2.756484,1424,7.5443
14059,7,57,3.511450,4.025124,1438,7.6237
14060,57,35,4.308970,4.468592,1420,7.4878
14061,35,48,4.559347,4.449780,1347,7.4230
14062,48,41,2.548156,2.479243,1398,7.4759
14063,41,24,2.666229,3.036480,1441,7.5945
14064,24,41,3.037956,2.937346,1422,7.5404
14065,41,22,3.053815,3.815567,1451,7.6102
14066,22,38,1.680080,1.908924,1449,7.6206
14067,38,49,3.593801,4.145329,1449,7.6087
14068,49,17,2.867479,2.739689,1422,7.5626
14069,17,23,5.487851,6.181184,1372,7.3998
14070,23,0,2.603033,2.297598,1443,7.6220
14071,0,57,1.531849,1.594596,1450,7.6689
14072,57,22,2.762054,3.252457,1449,7.6083
14073,22,60,2.692148,3.267845,1417,7.5853
14074,60,61,5.711537,5.606087,1472,7.6346
14075,61,53,2.873759,3.674770,1433,7.5982
14076,53,21,2.280654,2.146290,1416,7.5476
14077,21,54,2.867231,3.000616,1327,7.1717
14078,54,30,2.293666,2.574656,1372,7.2505
14079,30,31,1.728054,1.561555,1424,7.5376
14080,31,42,2.263015,2.362671,1429,7.5544
14081,42,55,3.500280,4.451039,1467,7.6240
14082,55,58,2.214849,2.351452,1442,7.5949
14083,58,4,5.426278,4.936510,1363,7.2333
14084,4,15,3.174908,2.719976,1265,7.1640
14085,15,33,3.304411,3.758786,1449,7.5652
14086,33,47,2.918772,3.075457,1355,7.3618
14087,47,63,2.113267,2.927307,1435,7.6115
14088,63,37,3.486880,3.824951,1337,7.2840
14089,37,62,4.890532,5.275296,1397,7.5299
14090,62,46,2.053262,2.192465,1452,7.7360
14091,46,63,2.076303,2.059304,1417,7.5825
14092,63,8,1.684593,1.581394,1447,7.5218
14093,8,2,4.687511,5.292590,1444,7.5853
14094,2,9,2.126351,2.399562,1366,7.3975
14095,9,41,5.949942,6.612271,1365,7.3320
14096,41,22,3.223841,3.588413,1422,7.4764
14097,22,38,1.631485,1.947853,1358,7.2939
14098,38,26,2.770193,3.427321,1411,7.4642
14099,26,42,3.077754,3.606672,1363,7.3814
14100,42,40,4.400711,3.937337,1379,7.3225
14101,40,33,3.704522,3.463837,1456,7.6352
14102,33,62,2.536358,2.930962,1374,7.3748
14103,62,21,2.553648,2.752216,1442,7.6709
14104,21,53,2.493392,2.419811,1482,7.7149
14105,53,21,2.188506,2.044100,1456,7.6500
14106,21,53,2.289515,2.247824,1455,7.6928
14107,53,45,3.662856,3.760602,1440,7.5726
14108,45,21,4.368152,4.124374,1381,7.4016
14109,21,53,1.973643,2.039238,1420,7.6330
14110,53,45,3.342383,3.694342,1418,7.5715
14111,45,21,3.813031,3.914454,1363,7.3857
14112,21,55,2.933616,3.209726,1421,7.6289
14113,55,58,2.117857,2.344712,1424,7.5374
14114,58,15,3.356368,3.184038,1410,7.5379
14115,15,1,4.218310,4.321562,1408,7.5121
14116,1,46,3.070041,3.498445,1439,7.5029
14117,46,63,2.063500,2.003686,1446,7.7450
14118,63,8,1.697882,1.488841,1420,7.4917
14119,8,4,4.287334,5.372031,1426,7.4565
14120,4,40,2.923555,2.788342,1442,7.5966
14121,40,33,3.374555,3.331067,1386,7.3886
14122,33,47,2.597998,3.108538,1424,7.5466
14123,47,37,2.506925,2.823191,1423,7.5939
14124,37,62,4.866403,5.146125,1309,7.1651
14125,62,48,3.075004,3.044253,1441,7.6889
14126,48,13,5.714939,5.420884,1434,7.5926
14127,13,31,3.925631,4.765670,1256,6.9280
14128,31,42,2.258550,2.215560,1330,7.0820
14129,42,22,3.496992,4.798755,1410,7.4739
14130,22,38,1.571964,1.836807,1445,7.6038
14131,38,0,4.274992,4.786685,1404,7.5058
14132,0,62,5.622558,5.020146,1424,7.5916
14133,62,46,2.032883,2.133804,1423,7.6200
14134,46,63,2.091157,2.028015,1451,7.6556
14135,63,8,1.677711,1.439733,1427,7.5274
14136,8,27,2.465691,4.538726,1428,7.5542
14137,27,53,5.473503,6.228613,1431,7.5692
14138,53,45,3.247215,3.445426,1258,6.8697
14139,45,21,3.648065,3.693695,1451,7.6681
14140,21,54,2.635779,2.731436,1448,7.6279
14141,54,30,2.318232,2.602597,1461,7.5915
14142,30,10,3.603257,3.631668,1448,7.5764
14143,10,1,5.386342,5.662211,1396,7.5186
14144,1,46,3.147074,3.396760,1460,7.6269
14145,46,62,2.270692,2.112491,1385,7.3630
14146,62,21,2.751259,2.893832,1343,7.1931
14147,21,54,2.480746,2.654198,1451,7.6460
14148,54,59,3.304863,4.015177,1434,7.5597
14149,59,43,2.474136,2.158877,1439,7.6443
14150,43,57,3.638389,3.715554,1447,7.6068
14151,57,35,4.069576,4.232798,1378,7.3040
14152,35,43,4.292799,4.213591,1306,7.0973
14153,43,23,2.929323,2.720230,1419,7.5603
14154,23,0,2.328138,2.317337,1351,7.1980
14155,0,57,1.564818,1.618076,1413,7.6041
14156,57,35,3.741928,4.128544,1466,7.6195
14157,35,43,3.931590,4.043239,1389,7.5551
14158,43,23,2.717039,2.547356,1446,7.6115
14159,23,37,3.331120,4.069294,1345,7.0697
14160,37,62,4.639300,4.890823,1388,7.5068
14161,62,48,2.903291,2.862928,1433,7.6737
14162,48,41,2.443634,2.496624,1345,7.2182
14163,41,22,3.073288,3.456664,1440,7.6106
14164,22,38,1.442534,1.779391,1452,7.5892
14165,38,49,3.467325,4.175692,1393,7.3847
14166,49,24,4.295809,4.520987,1393,7.5373
14167,24,62,3.144944,3.547054,1449,7.5923
14168,62,21,2.638975,2.741738,1428,7.6343
14169,21,53,2.132554,2.178785,1359,7.2904
14170,53,37,2.916098,2.896607,1407,7.4657
14171,37,28,2.136303,2.051717,1454,7.7426
14172,28,10,3.393546,3.241981,1386,7.4493
14173,10,1,5.291287,5.524936,1398,7.5443
14174,1,46,3.031622,3.286529,1448,7.5885
14175,46,62,2.143336,2.064939,1472,7.6295
14176,62,46,2.097895,2.184329,1444,7.6743
14177,46,63,2.064563,2.128024,1441,7.5781
14178,63,63,1.041170,0.715962,1416,7.5349
14179,63,37,3.228984,3.818754,1436,7.5315
14180,37,62,4.725616,4.847506,1456,7.7306
14181,62,46,1.907918,2.036565,1415,7.5980
14182,46,5,4.233797,4.416252,1443,7.6152
14183,5,13,3.022287,3.095098,1286,7.0513
14184,13,31,3.806019,4.666758,1154,6.5052
14185,31,30,1.781112,1.720792,1358,7.3574
14186,30,10,3.340045,3.475467,1447,7.5786
14187,10,1,5.093272,5.423986,1394,7.5043
14188,1,59,2.977580,3.121317,1353,7.1823
14189,59,20,5.370971,5.770270,1462,7.6757
14190,20,30,3.849653,3.866200,1392,7.4595
14191,30,31,1.757599,1.679053,1441,7.5516
14192,31,30,1.902491,1.655600,1429,7.5449
14193,30,10,3.188195,3.384476,1448,7.5685
14194,10,37,2.858381,3.182045,1431,7.6028
14195,37,62,4.378488,4.695074,1377,7.4566
14196,62,48,2.852610,2.852032,1427,7.6349
14197,48,41,2.314927,2.433458,1412,7.4993
14198,41,24,2.861582,3.037901,1442,7.6332
14199,24,62,3.691923,3.690831,1406,7.5008
14200,62,46,1.887787,1.993430,1427,7.6157
14201,46,63,2.066783,2.103566,1383,7.3913
14202,63,63,0.888887,0.605006,1425,7.4760
14203,63,8,1.820129,1.729183,1418,7.4858
14204,8,27,2.602472,4.256497,1446,7.5915
14205,27,27,0.849863,0.516574,1461,7.5893
14206,27,27,0.678436,0.432029,1399,7.5083
14207,27,16,2.214581,2.425521,1402,7.5136
14208,16,4,4.018201,4.470560,1459,7.6960
14209,4,40,2.776151,2.712555,1465,7.5911
14210,40,24,2.536953,2.899529,1449,7.6644
14211,24,41,2.610577,2.845303,1389,7.3225
14212,41,22,3.118489,3.392729,1374,7.3855
14213,22,2,3.922690,4.551617,1043,5.8987
14214,2,7,3.068877,3.241300,1449,7.6773
14215,7,1,4.608369,4.652749,1328,7.0789
14216,1,46,2.746478,3.344599,1403,7.4181
14217,46,62,2.071617,2.000626,1363,7.2725
14218,62,48,2.671597,2.813406,1428,7.6269
14219,48,20,3.796506,3.935476,1454,7.6093
14220,20,30,3.479294,3.796147,1451,7.5992
14221,30,31,1.844450,1.615198,1436,7.5504
14222,31,42,2.222624,2.263200,1453,7.5901
14223,42,22,3.220971,4.648616,1438,7.5929
14224,22,60,2.683304,3.366464,1435,7.5541
14225,60,61,5.417117,5.349592,1437,7.5901
14226,61,33,4.081661,4.271020,1388,7.4325
14227,33,62,2.630134,2.947138,1381,7.4706
14228,62,21,2.737989,2.750824,1376,7.4067
14229,21,53,2.168574,2.162941,1430,7.6204
14230,53,37,2.436949,2.716517,1438,7.5868
14231,37,47,3.221825,3.542054,1482,7.7368
14232,47,35,3.728458,3.542290,1418,7.5627
14233,35,49,4.439556,4.931440,1451,7.6797
14234,49,17,2.774424,2.730548,1435,7.6287
14235,17,0,4.286287,4.588757,1369,7.4556
14236,0,57,1.577917,1.541822,1362,7.2978
14237,57,2,3.394436,4.120871,1311,7.0331
14238,2,9,2.211893,2.359702,1457,7.6657
14239,9,13,3.523212,3.991266,1431,7.6020
14240,13,24,3.012224,2.916293,1448,7.6176
14241,24,62,3.360881,3.617097,1452,7.5974
14242,62,46,1.909589,2.071107,1412,7.5919
14243,46,62,1.913240,1.895053,1457,7.6305
14244,62,46,1.814049,1.948715,1429,7.6228
14245,46,63,2.157685,2.220349,1408,7.6074
14246,63,8,1.833800,1.626499,1455,7.5841
14247,8,27,2.136524,4.039624,1438,7.5783
14248,27,16,2.256507,2.348236,1421,7.5390
14249,16,40,4.780170,5.238404,1430,7.6368
14250,40,23,4.136525,3.878957,1351,7.4113
14251,23,0,2.509645,2.384099,1425,7.5464
14252,0,57,1.379847,1.505214,1437,7.6180
14253,57,2,3.121572,4.025916,1466,7.6396
14254,2,52,3.210550,3.303411,1457,7.6092
14255,52,8,5.416841,5.443195,1378,7.2692
14256,8,4,3.894516,4.882306,1438,7.5363
14257,4,40,2.538971,2.634631,1437,7.5586
14258,40,33,3.615939,3.269742,1363,7.3747
14259,33,47,2.702591,3.115619,1401,7.5091
14260,47,35,3.367148,3.500140,1265,6.8948
14261,35,43,3.940067,3.942929,1436,7.6634
14262,43,57,3.018515,3.261064,1425,7.6075
14263,57,22,3.120783,3.798505,1353,7.2719
14264,22,60,2.395084,3.199516,1381,7.3087
14265,60,7,2.937320,2.896737,1429,7.5970
14266,7,1,4.377855,4.476235,1424,7.6028
14267,1,46,2.891757,3.391553,1416,7.5463
14268,46,62,1.962379,1.858715,1449,7.6321
14269,62,21,2.687316,2.780118,1319,7.1879
14270,21,53,2.036701,2.130079,1385,7.4946
14271,53,37,2.364350,2.681508,1440,7.5856
14272,37,28,2.320572,2.166497,1319,7.2106
14273,28,53,2.971333,3.105889,1443,7.6662
14274,53,21,2.160374,2.103154,1444,7.5910
14275,21,53,2.013902,2.016560,1445,7.6435
14276,53,21,2.120463,1.952138,1447,7.6076
14277,21,53,1.686695,1.890120,1429,7.6571
14278,53,37,2.546827,2.735381,1399,7.5386
14279,37,62,4.581748,4.778249,1374,7.4106
14280,62,21,2.412894,2.508523,1238,6.7854
14281,21,54,2.702143,3.128678,1445,7.6678
14282,54,30,2.573697,2.753279,1336,7.0651
14283,30,31,1.713995,1.571351,1389,7.4157
14284,31,30,1.553556,1.618158,1350,7.1642
14285,30,31,1.612640,1.493797,1408,7.4545
14286,31,19,5.044774,5.213637,1434,7.5672
14287,19,51,1.870699,1.693381,1438,7.5852
14288,51,54,6.766150,7.777220,1446,7.6119
14289,54,43,3.266588,3.031541,1465,7.5767
14290,43,57,2.869930,3.188635,1442,7.5845
14291,57,22,3.140899,3.673253,1416,7.5441
14292,22,38,1.743021,2.023357,1458,7.6122
14293,38,0,4.147558,4.698688,1426,7.5689
14294,0,62,5.187389,5.002287,1337,7.3183
14295,62,46,1.844674,1.956752,1331,7.2076
14296,46,62,1.938970,1.814547,1422,7.5721
14297,62,46,1.744329,1.835577,1452,7.7094
14298,46,5,4.201453,4.464115,1442,7.6615
14299,5,13,2.822273,3.086315,1397,7.3712
14300,13,31,3.604816,4.707157,1433,7.6071
14301,31,42,2.085002,2.322777,1423,7.5336
14302,42,40,4.770203,4.241069,1460,7.6425
14303,40,24,2.683956,2.863996,1455,7.6425
14304,24,62,3.584269,3.722131,1464,7.6065
14305,62,21,2.402429,2.498462,1428,7.6602
14306,21,54,2.880148,3.143479,1435,7.6392
14307,54,59,3.255640,3.947059,1435,7.5631
14308,59,21,3.729249,4.044245,1434,7.6408
14309,21,53,2.103430,2.049917,1453,7.6691
14310,53,21,2.010956,1.880212,1431,7.5839
14311,21,53,1.856603,1.901774,1440,7.6836
14312,53,21,1.880643,1.764575,1425,7.5596
14313,21,53,1.670770,1.770476,1441,7.6965
14314,53,21,1.705177,1.658868,1413,7.5355
14315,21,55,3.576303,3.897332,1434,7.6841
14316,55,30,2.604565,2.938780,1449,7.6094
14317,30,31,1.691531,1.491515,1383,7.2929
14318,31,42,2.247063,2.258088,1456,7.5985
14319,42,40,4.434141,4.145704,1451,7.5855
14320,40,33,3.437957,3.208100,1190,6.4711
14321,33,47,2.630722,3.074772,1372,7.4406
14322,47,35,3.262607,3.408129,1449,7.6187
14323,35,43,3.904785,3.869518,1305,7.1873
14324,43,23,2.683031,2.573799,1436,7.6166
14325,23,62,4.972001,4.683747,1347,7.1073
14326,62,46,1.670301,1.867025,1384,7.3833
14327,46,63,2.345702,2.471364,1437,7.6068
14328,63,37,3.519869,3.675278,1455,7.5765
14329,37,62,4.381480,4.601253,1425,7.6555
14330,62,21,2.213752,2.359958,1429,7.6271
14331,21,53,1.667320,1.799514,1435,7.6282
14332,53,37,2.472614,2.879397,1375,7.4740
14333,37,47,3.333411,3.598991,1443,7.6749
14334,47,35,3.321474,3.319623,1441,7.6014
14335,35,43,3.657989,3.757985,1466,7.6638
14336,43,57,2.823528,2.982548,1437,7.6319
14337,57,22,3.074099,3.549435,1400,7.5232
14338,22,2,3.610296,4.169026,1426,7.5683
14339,2,9,1.907747,2.379727,1419,7.6216
14340,9,13,3.651691,3.908963,1446,7.6189
14341,13,31,3.549970,4.657123,1325,7.2180
14342,31,42,2.044373,2.103699,1382,7.3847
14343,42,40,4.095201,4.035082,1439,7.5771
14344,40,23,4.196815,3.822245,1345,7.2236
14345,23,0,2.576172,2.448827,1441,7.5496
14346,0,62,5.155187,4.695705,1437,7.6469
14347,62,21,2.069219,2.255259,1392,7.4407
14348,21,55,3.383213,3.764789,1417,7.5600
14349,55,58,2.224714,2.479019,1438,7.5644
14350,58,15,3.165053,2.961218,1411,7.5306
14351,15,33,3.392992,3.704092,1425,7.6049
14352,33,47,2.596352,2.948599,1353,7.2589
14353,47,63,2.411890,3.290740,1396,7.4598
14354,63,8,2.107224,1.664634,1410,7.4606
14355,8,2,5.107712,4.994378,1404,7.4848
14356,2,9,2.047758,2.287797,1442,7.6415
14357,9,13,3.548535,3.838948,1395,7.4786
14358,13,32,2.336457,2.445783,1398,7.4133
14359,32,29,3.085211,3.380345,1415,7.5572
14360,29,4,5.508247,5.743596,1369,7.2859
14361,4,40,3.321115,2.875614,1420,7.4721
14362,40,23,3.889028,3.694888,1438,7.5805
14363,23,0,2.351314,2.344615,1380,7.3345
14364,0,43,3.733640,4.310167,1448,7.6379
14365,43,23,2.665076,2.621489,1462,7.6647
14366,23,0,2.263095,2.281972,1423,7.4497
14367,0,62,4.957697,4.618474,1366,7.4003
14368,62,46,1.780410,1.970406,1375,7.4509
14369,46,5,4.037309,4.150181,1408,7.5832
14370,5,13,2.954028,3.180776,1441,7.6737
14371,13,31,3.573572,4.605690,1425,7.6116
14372,31,42,1.983120,1.988589,1426,7.5331
14373,42,40,4.123749,4.021193,1449,7.6037
14374,40,24,2.438792,2.768145,1360,7.2749
14375,24,62,3.684728,3.839284,1436,7.5899
14376,62,21,2.071719,2.266127,1438,7.6352
14377,21,54,3.013049,3.313443,1378,7.4715
14378,54,59,3.209310,3.873902,1434,7.5792
14379,59,20,5.199036,5.689218,1453,7.6331
14380,20,30,3.670618,3.646490,1396,7.4704
14381,30,31,1.684367,1.580290,1459,7.5748
14382,31,30,2.208691,1.887905,1435,7.5444
14383,30,31,1.615327,1.472674,1482,7.5816
14384,31,19,4.557872,5.149424,1434,7.5502
14385,19,50,4.109530,4.171453,1412,7.4765
14386,50,9,4.136889,4.662588,1333,7.2808
14387,9,13,3.437976,3.717322,1461,7.6448
14388,13,24,3.250498,3.233696,1475,7.6286
14389,24,62,3.916763,3.714667,1455,7.6059
14390,62,21,1.920827,2.216975,1443,7.6165
14391,21,54,2.852543,3.173890,1395,7.4798
14392,54,30,2.497909,2.898089,1432,7.5457
14393,30,10,3.424225,3.476668,1469,7.5840
14394,10,61,3.173457,2.634473,1454,7.6448
14395,61,6,2.490265,3.295429,1383,7.4566
14396,6,12,2.654905,2.847873,1285,6.9645
14397,12,40,5.428572,5.796608,1439,7.5908
14398,40,24,2.291445,2.686236,1409,7.5371
14399,24,62,3.443584,3.543969,1450,7.6062
14400,62,46,1.837978,2.098447,1392,7.4322
14401,46,63,2.343251,2.467530,1445,7.6384
14402,63,8,1.892996,1.606680,1459,7.5671
14403,8,2,4.622427,4.875735,1393,7.3241
14404,2,9,1.969134,2.261490,1454,7.6425
14405,9,13,3.378545,3.647530,1468,7.6556
14406,13,32,2.251350,2.473034,1379,7.3279
14407,32,5,3.147488,3.039002,1271,6.9890
14408,5,13,2.864808,3.177966,1437,7.5943
14409,13,32,2.316689,2.336285,1460,7.6067
14410,32,5,2.848805,2.969736,1342,7.2950
14411,5,13,2.704311,3.015795,1392,7.5016
14412,13,24,3.129108,3.337820,1346,7.1428
14413,24,62,3.456830,3.406865,1470,7.5938
14414,62,21,2.088241,2.332048,1432,7.5976
14415,21,55,3.175822,3.633980,1348,7.4042
14416,55,30,2.491587,2.957712,1443,7.5753
14417,30,10,3.208887,3.347547,1414,7.4287
14418,10,37,3.089917,3.061441,1390,7.3753
14419,37,62,4.838450,5.068829,1387,7.5897
14420,62,46,1.887109,2.079428,1443,7.6167
14421,46,62,2.268251,2.126128,1404,7.5623
14422,62,21,1.877311,2.214938,1425,7.6034
14423,21,53,2.144917,2.216430,1378,7.4641
14424,53,21,1.884396,1.740750,1365,7.2749
14425,21,54,3.011845,3.153790,1417,7.5862
14426,54,30,2.577128,2.810665,1395,7.4380
14427,30,31,1.742368,1.655590,1440,7.5475
14428,31,19,4.378041,4.855215,1337,7.0911
14429,19,51,1.888385,1.798807,1298,6.9926
14430,51,54,7.130499,7.702087,1443,7.5709
14431,54,30,2.331479,2.597760,1430,7.5055
14432,30,40,5.025350,5.525201,1447,7.5426
14433,40,24,2.119112,2.668588,1394,7.5521
14434,24,41,2.869368,3.076735,1457,7.5779
14435,41,22,3.381449,3.464927,1455,7.6128
14436,22,38,1.671340,1.999534,1451,7.6124
14437,38,0,4.128089,4.650371,1447,7.5926
14438,0,57,1.612231,1.738485,1441,7.6121
14439,57,2,3.269751,4.007721,1392,7.4704
14440,2,9,1.886660,2.189881,1467,7.6575
14441,9,13,3.531422,3.747181,1415,7.5923
14442,13,24,3.191323,3.332802,1393,7.5112
14443,24,62,3.302947,3.496363,1449,7.5710
14444,62,48,3.315548,3.366581,1457,7.6507
14445,48,13,5.331997,5.327144,1428,7.5888
14446,13,24,3.049925,3.111824,1428,7.5853
14447,24,62,3.311995,3.389005,1462,7.5798
14448,62,46,2.018021,2.164772,1443,7.6247
14449,46,63,2.538759,2.518864,1441,7.6179
14450,63,8,1.834877,1.562595,1451,7.5449
14451,8,27,2.442996,3.970659,1455,7.5824
14452,27,16,2.135511,2.232813,1446,7.5858
14453,16,40,5.212676,5.476623,1429,7.6551
14454,40,33,3.439968,3.113778,1318,7.2555
14455,33,62,2.949108,3.038566,1343,7.1897
14456,62,46,1.858747,2.050267,1447,7.6168
14457,46,63,2.269511,2.487882,1447,7.6218
14458,63,63,1.048861,0.762089,1454,7.5504
14459,63,37,3.295809,3.790299,1450,7.5322
14460,37,28,2.360150,2.264990,1335,7.2023
14461,28,10,3.438065,3.138785,1398,7.5681
14462,10,61,2.945402,2.589665,1259,6.9734
14463,61,6,2.712508,3.263136,1390,7.3799
14464,6,12,2.671931,2.798084,1437,7.5351
14465,12,46,5.952405,6.061838,1417,7.5188
14466,46,63,1.908489,2.216482,1445,7.6387
14467,63,8,2.024158,1.750378,1445,7.5316
14468,8,27,2.476454,3.869545,1422,7.5197
14469,27,16,2.018778,2.207641,1411,7.5482
14470,16,40,4.902341,5.289858,1461,7.6787
14471,40,24,2.315099,2.722718,1299,7.0974
14472,24,62,2.955062,3.233728,1453,7.5634
14473,62,48,3.331821,3.359625,1417,7.5995
14474,48,13,4.954269,5.169388,1442,7.5914
14475,13,31,3.934212,4.815697,1419,7.5532
14476,31,30,1.861698,1.678540,1455,7.5845
14477,30,31,1.818290,1.729251,1446,7.5622
14478,31,42,2.542690,2.305317,1428,7.5434
14479,42,55,3.921265,4.641745,1312,7.0534
14480,55,58,2.191075,2.468758,1403,7.4849
14481,58,15,2.952371,2.834749,1393,7.3367
14482,15,1,4.307821,4.512655,1313,7.1177
14483,1,46,3.020428,3.461957,1450,7.5583
14484,46,63,1.964728,2.145131,1352,7.2475
14485,63,37,3.372420,3.709698,1360,7.3167
14486,37,62,5.150586,5.124780,1469,7.6985
14487,62,21,2.299446,2.445453,1435,7.6220
14488,21,53,1.878697,2.097285,1448,7.6777
14489,53,37,2.383126,2.664648,1344,7.1188
14490,37,28,2.331283,2.248491,1443,7.7129
14491,28,53,3.137830,3.173458,1335,7.2581
14492,53,45,3.799400,3.935249,1448,7.6342
14493,45,54,2.907220,2.428702,1262,6.8753
14494,54,59,3.335593,3.859570,1452,7.6057
14495,59,20,5.073072,5.541042,1435,7.6180
14496,20,30,3.340966,3.497090,1366,7.3120
14497,30,31,1.746352,1.613761,1412,7.5007
14498,31,42,2.294815,2.231954,1463,7.6322
14499,42,22,3.480191,4.839627,1423,7.5722
14500,22,60,2.663100,3.196499,1467,7.6117
14501,60,61,5.497994,5.320923,1436,7.5908
14502,61,6,2.496506,3.084888,1367,7.2601
14503,6,23,5.198161,5.193916,1432,7.5632
14504,23,37,3.550666,4.183791,1387,7.3571
14505,37,28,2.234173,2.081503,1384,7.3989
14506,28,10,3.334244,3.128551,1299,7.1080
14507,10,1,5.110787,5.477826,1450,7.6365
14508,1,46,2.885953,3.370007,1432,7.5268
14509,46,63,1.868784,2.092091,1371,7.3928
14510,63,37,3.257288,3.673440,1436,7.5911
14511,37,28,2.073062,1.983730,1442,7.6631
14512,28,10,3.318912,3.030117,1417,7.5962
14513,10,1,4.958237,5.350691,1334,7.3500
14514,1,33,3.346007,3.231093,1465,7.5992
14515,33,48,4.159997,5.043061,1383,7.3336
14516,48,41,2.631166,2.440960,1397,7.4877
14517,41,24,2.836792,2.990610,1429,7.5961
14518,24,41,2.870658,2.980615,1465,7.5941
14519,41,24,2.453919,2.759191,1430,7.6016
14520,24,41,2.518426,2.749594,1449,7.5730
14521,41,24,2.207997,2.562930,1415,7.5209
14522,24,62,3.111347,3.277134,1466,7.5736
14523,62,46,2.147833,2.306807,1458,7.6237
14524,46,62,2.503937,2.170084,1453,7.6490
14525,62,46,2.024368,2.133055,1437,7.6501
14526,46,5,3.857683,4.088991,1440,7.6028
14527,5,13,2.718093,3.084580,1431,7.6031
14528,13,32,2.369429,2.399718,1429,7.6091
14529,32,5,3.027483,2.886358,1261,6.9669
14530,5,13,2.732572,2.922394,1453,7.6236
14531,13,24,3.114226,3.069448,1333,7.0554
14532,24,41,2.311930,2.589505,1444,7.5828
14533,41,55,4.193187,4.255306,1430,7.5792
14534,55,58,2.169352,2.384279,1360,7.3879
14535,58,15,2.895193,2.753735,1432,7.5743
14536,15,1,4.239720,4.437847,1444,7.5633
14537,1,46,2.947434,3.320656,1426,7.5522
14538,46,63,2.012863,2.234326,1336,7.2609
14539,63,37,3.390965,3.512933,1449,7.5877
14540,37,62,4.676272,4.941461,1422,7.6395
14541,62,46,1.928996,2.011310,1433,7.6159
14542,46,63,2.138421,2.220400,1389,7.2973
14543,63,8,2.419477,1.974493,1386,7.2627
14544,8,2,4.617386,4.649706,1449,7.5872
14545,2,7,3.084245,3.447659,1434,7.6271
14546,7,1,4.355186,4.449114,1376,7.4282
14547,1,59,2.946314,3.104525,1387,7.4019
14548,59,20,5.017519,5.375113,1444,7.6353
14549,20,47,4.326638,3.973990,1448,7.5786
14550,47,37,2.394635,2.840603,1384,7.4639
14551,37,62,4.205513,4.795934,1452,7.6640
14552,62,46,1.943084,1.902978,1239,6.8366
14553,46,62,2.160818,2.013808,1445,7.6411
14554,62,21,2.471798,2.537612,1451,7.6426
14555,21,54,2.767633,2.966363,1282,6.8935
14556,54,43,3.524678,3.455879,1384,7.2931
14557,43,23,2.573937,2.574668,1437,7.6152
14558,23,0,2.408278,2.296592,1422,7.5314
14559,0,57,1.607825,1.688196,1284,6.8635
14560,57,2,3.457092,4.015482,1436,7.5817
14561,2,7,3.016697,3.275796,1429,7.6289
14562,7,57,3.111908,3.961856,1459,7.6466
14563,57,22,3.027549,3.550483,1438,7.5967
14564,22,60,2.238692,3.001280,1423,7.5928
14565,60,22,2.392088,2.158630,1447,7.5970
14566,22,38,1.789682,2.049089,1417,7.5524
14567,38,49,3.539137,3.937297,1411,7.4621
14568,49,24,4.543596,4.569726,1408,7.5493
14569,24,62,3.466387,3.495593,1438,7.5706
14570,62,21,2.310998,2.432469,1436,7.6178
14571,21,55,2.965049,3.443385,1429,7.6547
14572,55,30,2.634211,2.892162,1388,7.4077
14573,30,31,1.673934,1.591705,1426,7.4750
14574,31,30,1.779085,1.737686,1437,7.5668
14575,30,31,1.553275,1.504829,1438,7.5683
14576,31,42,2.242479,2.264250,1438,7.5427
14577,42,22,3.445500,4.686578,1450,7.6173
14578,22,38,1.705021,1.915484,1442,7.5971
14579,38,26,3.301152,3.652100,1412,7.4739
14580,26,13,5.558653,5.449815,1419,7.5697
14581,13,32,2.304014,2.243294,1424,7.5296
14582,32,10,4.897714,5.318987,1299,7.1344
14583,10,61,3.077199,2.494627,1450,7.6542
14584,61,33,4.302428,4.410271,1438,7.6070
14585,33,47,2.778273,3.033223,1376,7.4322
14586,47,63,2.522841,3.286628,1402,7.5572
14587,63,8,2.002267,1.811068,1249,6.6305
14588,8,2,4.526661,4.588129,1443,7.5753
14589,2,52,3.303082,3.460364,1450,7.6298
14590,52,54,4.685991,4.935898,1416,7.5096
14591,54,30,2.203291,2.634091,1459,7.5792
14592,30,31,1.472327,1.487064,1440,7.5478
14593,31,42,2.339089,2.191439,1440,7.5693
14594,42,40,4.409930,4.176697,1440,7.5821
14595,40,33,3.419265,3.092162,1408,7.5794
14596,33,62,2.981747,3.017718,1436,7.6439
14597,62,46,1.869588,1.912763,1448,7.6421
14598,46,63,2.292747,2.374398,1448,7.6861
14599,63,8,2.131506,1.773743,1443,7.5582
14600,8,27,2.582062,3.876617,1445,7.5732
14601,27,27,0.868290,0.528323,1441,7.5731
14602,27,16,2.026229,2.252175,1449,7.5749
14603,16,40,4.848651,5.236227,1445,7.6747
14604,40,33,3.226334,2.947080,1393,7.5290
14605,33,47,2.656756,3.089564,1460,7.6421
14606,47,35,2.970944,3.310772,1427,7.5638
14607,35,49,4.932139,5.099187,1406,7.4788
14608,49,24,4.314791,4.543564,1303,7.0516
14609,24,62,3.095715,3.429644,1406,7.4263
14610,62,48,3.406922,3.384095,1456,7.6304
14611,48,41,2.592807,2.441015,1448,7.6073
14612,41,55,3.840609,3.981262,1385,7.4257
14613,55,58,2.169629,2.437648,1174,6.8093
14614,58,4,5.666923,5.159340,1133,6.3747
14615,4,15,3.565986,2.752767,1463,7.5984
14616,15,1,4.149481,4.333692,1233,6.7682
14617,1,33,3.362360,3.152540,1278,7.0036
14618,33,47,2.467919,2.977840,1457,7.6509
14619,47,35,3.256079,3.287704,1453,7.5871
14620,35,48,4.352299,4.466570,1340,7.2849
14621,48,41,2.356000,2.405064,1351,7.2530
14622,41,55,3.437540,3.802251,1459,7.6456
14623,55,30,2.460177,2.823990,1334,7.3267
14624,30,40,5.436484,5.638279,1438,7.5668
14625,40,23,3.755124,3.409668,1327,7.2385
14626,23,0,2.270744,2.232246,1453,7.6043
14627,0,62,5.493821,5.014648,1400,7.4960
14628,62,21,2.347717,2.419615,1434,7.6096
14629,21,53,2.253421,2.320664,1436,7.6525
14630,53,45,3.346073,3.600208,1454,7.6470
14631,45,54,2.706086,2.294011,1450,7.6583
14632,54,43,3.295656,3.208916,1449,7.5715
14633,43,23,2.667943,2.603649,1423,7.5574
14634,23,37,3.505742,4.303049,1430,7.5534
14635,37,28,2.117121,1.932478,1416,7.6412
14636,28,10,3.402770,2.985085,1396,7.5363
14637,10,1,4.829701,5.134792,1318,7.0994
14638,1,59,2.929914,3.067502,1436,7.5723
14639,59,20,4.776616,5.231789,1449,7.6526
14640,20,19,2.823197,3.098621,1456,7.6346
14641,19,51,1.766255,1.745156,1436,7.5651
14642,51,56,3.411349,3.798557,1409,7.5319
14643,56,32,4.047648,4.263865,1384,7.4607
14644,32,10,4.949405,5.247326,1409,7.5291
14645,10,1,4.694431,4.873957,1326,7.2077
14646,1,33,3.286059,3.085823,1426,7.4906
14647,33,47,2.233784,2.865806,1439,7.6357
14648,47,37,2.668893,3.109693,1451,7.5917
14649,37,28,1.950621,1.848041,1439,7.6867
14650,28,10,3.241368,3.044049,1351,7.3808
14651,10,37,3.272111,2.967320,1377,7.4420
14652,37,28,1.713581,1.754015,1460,7.6816
14653,28,53,3.227482,3.295575,1420,7.6115
14654,53,21,2.288204,2.097179,1292,6.9701
14655,21,53,2.059395,2.193582,1307,7.0377
14656,53,37,2.456310,2.683450,1447,7.5955
14657,37,28,1.719411,1.732527,1399,7.4960
14658,28,10,3.204659,3.038840,1449,7.6316
14659,10,37,2.415782,2.741677,1303,7.1757
14660,37,62,4.715077,4.956480,1383,7.5175
14661,62,21,2.303204,2.249192,1386,7.3903
14662,21,55,3.078447,3.319492,1272,6.8300
14663,55,26,4.053507,4.709512,1429,7.5454
14664,26,17,2.464380,2.447846,1442,7.5930
14665,17,23,5.577372,6.144792,1445,7.6774
14666,23,0,2.112060,2.093491,1381,7.4326
14667,0,57,1.551507,1.749874,1428,7.6048
14668,57,2,3.402925,3.929660,1416,7.4942
14669,2,7,2.971332,3.212144,1432,7.6065
14670,7,45,4.311595,4.808216,1429,7.6154
14671,45,54,2.455585,2.261862,1451,7.6802
14672,54,43,3.130155,3.062503,1454,7.5721
14673,43,57,2.828769,2.970388,1354,7.2672
14674,57,2,3.224221,3.787829,1363,7.3776
14675,2,52,3.273792,3.332333,1391,7.5348
14676,52,54,4.588383,4.799910,1449,7.5534
14677,54,30,2.381509,2.672480,1445,7.5631
14678,30,31,1.595838,1.574080,1451,7.5565
14679,31,42,2.347071,2.060311,1458,7.5825
14680,42,55,4.046747,4.660250,1433,7.5598
14681,55,30,2.520552,2.760763,1334,7.0541
14682,30,31,1.536541,1.562723,1425,7.5179
14683,31,30,1.744933,1.751718,1427,7.5278
14684,30,31,1.550541,1.482801,1363,7.2699
14685,31,19,4.668589,5.015820,1462,7.5679
14686,19,17,4.947597,5.262387,1360,7.3031
14687,17,23,5.250285,5.871722,1451,7.6360
14688,23,62,4.508817,4.311286,1399,7.4090
14689,62,21,1.969336,2.145296,1431,7.6301
14690,21,54,3.281407,3.396474,1428,7.6414
14691,54,30,2.393710,2.589427,1452,7.5497
14692,30,31,1.518112,1.453560,1440,7.5479
14693,31,42,2.247729,2.212847,1455,7.5660
14694,42,22,3.139282,4.749495,1442,7.5900
14695,22,60,2.359112,2.922770,1420,7.5376
14696,60,22,2.253414,2.081623,1439,7.5733
14697,22,38,1.690259,1.897594,1430,7.5592
14698,38,26,3.050222,3.506579,1449,7.5841
14699,26,13,5.368079,5.309766,1435,7.5910
14700,13,24,2.889648,2.842387,1436,7.5851
14701,24,62,3.637288,3.595093,1348,7.2111
14702,62,46,1.989816,2.119873,1434,7.5964
14703,46,63,2.325092,2.350658,1407,7.5912
14704,63,37,3.161813,3.501529,1423,7.5219
14705,37,28,1.760154,1.738390,1344,7.3182
14706,28,10,3.081880,2.903642,1381,7.3451
14707,10,1,4.399366,4.877311,1461,7.6908
14708,1,59,2.774023,2.978351,1410,7.4704
14709,59,21,3.628608,4.171018,1442,7.6407
14710,21,53,2.312061,2.343046,1433,7.7191
14711,53,37,2.255625,2.527417,1439,7.5932
14712,37,62,4.651881,4.866688,1436,7.6469
14713,62,21,1.894562,2.129737,1414,7.5831
14714,21,55,3.131399,3.345653,1456,7.6960
14715,55,26,3.926423,4.578792,1378,7.3825
14716,26,17,2.477992,2.484163,1239,6.8189
14717,17,48,5.520359,5.637947,1405,7.4994
14718,48,41,2.187387,2.253869,1278,7.0485
14719,41,22,3.497335,3.798285,1429,7.6286
14720,22,38,1.572521,1.808303,1462,7.6162
14721,38,26,2.874356,3.381449,1399,7.3061
14722,26,13,5.139381,5.228436,1455,7.6061
14723,13,31,3.545856,4.745501,1458,7.6079
14724,31,19,4.370279,4.763597,1317,7.1382
14725,19,51,2.041609,1.876653,1432,7.5373
14726,51,54,6.695174,7.670404,1428,7.5717
14727,54,59,3.339130,3.784071,1410,7.4160
14728,59,20,4.535230,5.156914,1370,7.3308
14729,20,30,3.237569,3.272652,1460,7.6086
14730,30,10,3.784362,3.917486,1355,7.2025
14731,10,1,4.196337,4.720078,1447,7.6966
14732,1,46,3.224661,3.551178,1446,7.5987
14733,46,5,3.445210,3.915919,1340,7.3600
14734,5,13,2.824110,3.043230,1447,7.6062
14735,13,32,2.040879,2.152219,1415,7.4962
14736,32,29,3.476619,3.597152,1448,7.6165
14737,29,4,5.101370,5.415199,1405,7.4990
14738,4,40,3.284586,2.927687,1454,7.5854
14739,40,24,2.582085,3.013987,1415,7.6130
14740,24,62,3.684037,3.499381,1447,7.5943
14741,62,21,1.916916,2.099884,1460,7.6541
14742,21,53,2.462861,2.430696,1390,7.5375
14743,53,37,2.224881,2.448754,1348,7.2608
14744,37,47,3.705196,3.783110,1352,7.3645
14745,47,35,3.228161,3.256403,1420,7.5496
14746,35,49,4.709499,5.038957,1446,7.6276
14747,49,17,2.650685,2.731986,1387,7.4637
14748,17,0,4.417888,4.687311,1443,7.6421
14749,0,57,1.444927,1.639892,1386,7.3329
14750,57,22,3.323484,3.685152,1438,7.5655
14751,22,2,3.713153,4.324273,1437,7.5813
14752,2,7,2.741415,3.069234,1437,7.6591
14753,7,57,3.215189,3.902835,1442,7.6266
14754,57,22,2.996383,3.494508,1434,7.5571
14755,22,38,1.649300,1.837521,1438,7.5846
14756,38,26,2.663459,3.271140,1445,7.6292
14757,26,17,2.549343,2.467281,1478,7.6448
14758,17,48,5.464735,5.568103,1401,7.5275
14759,48,13,4.996164,4.837182,1393,7.5222
14760,13,24,2.738367,2.759852,1458,7.6532
14761,24,36,4.551324,4.876459,1404,7.4739
14762,36,37,6.002289,5.932985,1355,7.4115
14763,37,28,1.919997,1.812567,1430,7.6700
14764,28,10,2.839971,2.740392,1408,7.5976
14765,10,61,2.848340,2.622102,1425,7.6531
14766,61,53,3.751452,3.929432,1426,7.5678
14767,53,21,2.527307,2.043718,1465,7.6128
14768,21,54,3.278365,3.469178,1395,7.5427
14769,54,30,2.284505,2.553913,1407,7.4426
14770,30,31,1.621321,1.552530,1431,7.5458
14771,31,30,1.794694,1.762690,1450,7.5539
14772,30,10,3.771711,3.879540,1472,7.5757
14773,10,61,2.799568,2.550909,1365,7.4211
14774,61,53,3.341575,3.801332,1398,7.3633
14775,53,21,2.193780,1.968646,1444,7.6294
14776,21,55,3.129480,3.281893,1389,7.5311
14777,55,58,2.507246,2.733309,1386,7.4070
14778,58,4,5.216801,4.834233,1424,7.5345
14779,4,40,3.177280,2.800699,1413,7.4828
14780,40,23,3.826411,3.476957,1447,7.6479
14781,23,62,4.397903,4.056896,1341,7.1506
14782,62,21,1.836954,2.069130,1458,7.6438
14783,21,55,2.819163,3.139864,1410,7.5625
14784,55,58,2.361708,2.714494,1443,7.5685
14785,58,15,3.136376,2.846929,1460,7.5863
14786,15,1,4.094019,4.304052,1409,7.4946
14787,1,59,2.666566,2.944627,1445,7.5749
14788,59,20,4.548430,5.013893,1452,7.6295
14789,20,30,3.136490,3.128002,1415,7.5486
14790,30,10,3.602797,3.670752,1429,7.5404
14791,10,1,4.163341,4.726893,1370,7.4717
14792,1,59,2.666111,2.843488,1335,7.2834
14793,59,43,2.956947,2.755416,1440,7.6281
14794,43,23,2.811183,2.805233,1428,7.5477
14795,23,37,4.253531,4.513023,1334,7.2075
14796,37,28,1.824053,1.751433,1432,7.6534
14797,28,10,2.691783,2.689244,1237,6.7293
14798,10,1,4.096584,4.612341,1417,7.6176
14799,1,59,2.412143,2.742396,1445,7.5941
14800,59,43,2.904179,2.704398,1466,7.6459
14801,43,23,2.646958,2.710425,1404,7.5620
14802,23,0,2.333970,2.251666,1396,7.3989
14803,0,57,1.539272,1.655079,1269,7.0834
14804,57,35,4.163009,4.483798,1438,7.5434
14805,35,43,4.085559,3.904617,1442,7.6465
14806,43,57,2.725759,2.880039,1428,7.5968
14807,57,22,3.154829,3.426699,1433,7.5643
14808,22,60,2.534032,3.056282,1395,7.3893
14809,60,61,5.193266,5.295161,1413,7.5023
14810,61,33,4.151736,4.330513,1438,7.5988
14811,33,47,2.303038,2.786943,1361,7.2747
14812,47,63,2.656723,3.510223,1413,7.5428
14813,63,37,3.500464,3.435045,1416,7.5148
14814,37,28,1.724937,1.716837,1454,7.6631
14815,28,53,3.011779,3.294539,1441,7.6756
14816,53,21,2.279873,1.973890,1381,7.3497
14817,21,53,2.237523,2.389544,1422,7.6315
14818,53,21,2.034228,1.841380,1422,7.5321
14819,21,55,2.737793,3.053003,1434,7.6873
14820,55,58,2.408816,2.704794,1431,7.5666
14821,58,15,3.052300,2.792607,1455,7.5839
14822,15,33,3.534670,3.824943,1329,7.0534
14823,33,62,2.964678,3.257535,1413,7.5813
14824,62,21,1.767065,2.054877,1285,6.9848
14825,21,55,2.574821,2.927760,1419,7.5717
14826,55,30,2.675747,3.075361,1370,7.4072
14827,30,40,5.259288,5.581025,1353,7.1921
14828,40,33,3.330099,2.960695,1445,7.6613
14829,33,62,3.000235,3.095425,1437,7.6206
14830,62,46,2.289424,2.333699,1446,7.6104
14831,46,63,2.249518,2.368674,1406,7.5026
14832,63,8,2.248225,1.797453,1437,7.5373
14833,8,2,4.600759,4.502078,1390,7.4163
14834,2,9,2.210340,2.553663,1433,7.6046
14835,9,16,3.413476,3.737219,1340,7.2051
14836,16,40,4.674958,5.024388,1436,7.6551
14837,40,24,2.813565,3.040988,1451,7.6113
14838,24,41,2.553322,2.779168,1457,7.5854
14839,41,55,3.112538,3.547919,1451,7.6262
14840,55,58,2.136702,2.761349,1405,7.4970
14841,58,15,2.669750,2.720979,1378,7.4241
14842,15,1,4.109025,4.381869,1389,7.3987
14843,1,46,3.519455,3.594107,1400,7.5381
14844,46,63,2.122834,2.289446,1444,7.6336
14845,63,63,1.067545,0.737141,1343,7.1512
14846,63,8,2.185005,1.875741,1454,7.5773
14847,8,4,4.195045,4.884333,1413,7.5234
14848,4,40,3.107399,2.749358,1445,7.5646
14849,40,24,2.477791,2.959745,1415,7.5730
14850,24,41,2.402270,2.698560,1382,7.2167
14851,41,22,4.077126,3.996031,1427,7.5948
14852,22,38,1.609204,1.834070,1291,6.8792
14853,38,26,2.739002,3.173451,1437,7.6034
14854,26,42,3.525008,3.944089,1435,7.5268
14855,42,40,4.700046,4.127297,1447,7.6001
14856,40,33,3.122551,2.924590,1459,7.6570
14857,33,47,2.155856,2.887715,1404,7.5456
14858,47,63,2.493071,3.336476,1431,7.5372
14859,63,37,3.098646,3.567853,1446,7.5335
14860,37,62,4.467199,4.540588,1449,7.6693
14861,62,46,2.228605,2.223260,1446,7.6416
14862,46,62,2.523403,2.140329,1432,7.5530
14863,62,46,2.147009,2.059293,1455,7.6160
14864,46,63,2.107193,2.325026,1376,7.3429
14865,63,8,2.099689,1.897215,1443,7.5400
14866,8,27,2.522634,3.766562,1418,7.5429
14867,27,16,1.901301,2.114105,1460,7.6393
14868,16,4,3.729129,4.610395,1438,7.6651
14869,4,40,2.903368,2.777049,1448,7.5722
14870,40,23,3.781677,3.512883,1330,7.1713
14871,23,0,2.092433,2.190626,1435,7.5356
14872,0,57,1.577043,1.619291,1392,7.5228
14873,57,22,2.924621,3.448386,1348,7.1970
14874,22,2,3.781907,4.212578,1459,7.6204
14875,2,9,2.194437,2.449936,1444,7.6183
14876,9,13,3.863061,4.116634,1446,7.6327
14877,13,24,2.771627,2.811309,1428,7.6096
14878,24,41,2.396366,2.600130,1414,7.5089
14879,41,22,3.308086,3.932181,1453,7.6098
14880,22,38,1.600526,1.866994,1368,7.3589
14881,38,0,4.457128,4.973386,1444,7.5902
14882,0,57,1.435448,1.544180,1446,7.6184
14883,57,22,2.755945,3.457610,1444,7.5820
14884,22,38,1.494213,1.814902,1448,7.5947
14885,38,26,2.553972,3.165449,1458,7.5888
14886,26,42,3.528680,3.856758,1430,7.5821
14887,42,40,4.441697,4.043629,1428,7.5564
14888,40,23,3.842312,3.337676,1398,7.5088
14889,23,0,2.065220,2.221414,1376,7.3654
14890,0,57,1.498907,1.526732,1438,7.5981
14891,57,2,3.274524,3.951940,1384,7.3349
14892,2,7,2.766362,3.079118,1433,7.6473
14893,7,57,3.133347,3.851285,1453,7.6546
14894,57,22,2.902030,3.357322,1425,7.5068
14895,22,60,2.650141,3.269151,1407,7.3912
14896,60,22,2.397520,2.167472,1401,7.5170
14897,22,2,3.633831,4.066953,1432,7.5751
14898,2,7,2.683107,2.958435,1454,7.6333
14899,7,1,4.899824,5.001144,1465,7.6828
14900,1,46,3.063655,3.525124,1201,6.6751
14901,46,62,2.194466,2.043954,1186,6.5636
14902,62,46,1.916679,1.923271,1391,7.3827
14903,46,63,2.200407,2.349750,1459,7.6787
14904,63,63,0.911377,0.629742,1377,7.3597
14905,63,37,3.104686,3.613957,1451,7.5752
14906,37,62,4.091738,4.301737,1443,7.6454
14907,62,48,3.970087,3.821931,1444,7.6109
14908,48,41,2.228753,2.284679,1390,7.3501
14909,41,22,3.128038,3.966713,1443,7.6072
14910,22,60,2.565414,3.104035,1453,7.6016
14911,60,61,5.125260,5.183864,1460,7.6171
14912,61,53,2.920265,3.673716,1423,7.5445
14913,53,45,3.673844,3.781183,1436,7.6012
14914,45,21,4.242706,4.052543,1343,7.3614
14915,21,55,2.485643,2.588712,1426,7.6223
14916,55,30,2.710676,3.012887,1449,7.5904
14917,30,10,3.372018,3.593477,1441,7.5501
14918,10,37,2.828989,3.045314,1357,7.3757
14919,37,28,1.875286,1.827586,1442,7.6410
14920,28,10,2.806952,2.642805,1443,7.7160
14921,10,37,2.728571,2.869956,1419,7.6462
14922,37,47,3.624134,3.660182,1443,7.6443
14923,47,63,2.525341,3.155555,1365,7.2478
14924,63,37,3.056261,3.488980,1440,7.5640
14925,37,62,4.075133,4.267094,1345,7.3489
14926,62,48,3.615971,3.655166,1450,7.6299
14927,48,13,4.922492,4.771758,1415,7.4971
14928,13,32,2.044728,2.198760,1462,7.6536
14929,32,10,5.080784,5.681205,1385,7.3533
14930,10,1,3.990133,4.436450,1407,7.5117
14931,1,59,2.529716,2.758139,1410,7.4780
14932,59,20,4.424423,4.952385,1449,7.6456
14933,20,19,3.035531,3.198782,1443,7.6359
14934,19,51,1.812186,1.816860,1374,7.3402
14935,51,54,6.415228,7.393916,1423,7.5595
14936,54,30,2.372368,2.472502,1449,7.5810
14937,30,31,1.867639,1.813115,1436,7.5702
14938,31,42,2.368346,2.157556,1415,7.5236
14939,42,40,4.105697,3.879861,1476,7.6281
14940,40,23,3.596672,3.192423,1404,7.5108
14941,23,0,2.043381,2.199416,1437,7.5543
14942,0,57,1.457232,1.544471,1380,7.4760
14943,57,35,4.242020,4.517808,1457,7.6447
14944,35,43,3.779621,3.666798,1103,6.2479
14945,43,23,3.028045,2.896839,1264,6.8901
14946,23,0,2.094424,2.150269,1464,7.5883
14947,0,62,4.947748,4.598482,1375,7.3501
14948,62,48,3.254665,3.459438,1385,7.4389
14949,48,41,2.234095,2.259761,1436,7.5923
14950,41,55,3.254961,3.533019,1457,7.6252
14951,55,58,2.148038,2.776052,1439,7.5749
14952,58,4,5.300784,5.179857,1448,7.5822
14953,4,15,3.226256,2.695484,1419,7.5233
14954,15,26,3.795788,3.471312,1323,7.0981
14955,26,42,3.355415,3.723549,1393,7.4310
14956,42,40,3.867614,3.734504,1392,7.3860
14957,40,23,3.377661,3.132965,1365,7.1797
14958,23,0,1.848225,2.092237,1400,7.4711
14959,0,57,1.483071,1.630794,1349,7.1992
14960,57,22,2.864392,3.348602,1452,7.5992
14961,22,38,1.745227,2.038530,1439,7.5804
14962,38,49,3.553133,4.196982,1285,7.0997
14963,49,17,2.876996,2.678536,1372,7.4260
14964,17,23,5.601034,6.122977,1412,7.5191
14965,23,37,4.519254,4.716944,1362,7.3772
14966,37,28,1.859047,1.861290,1331,7.2456
14967,28,10,2.738054,2.676739,1288,7.1293
14968,10,61,3.125574,2.803685,1354,7.3897
14969,61,53,3.403870,3.566944,1367,7.3222
14970,53,21,2.232337,2.057857,1439,7.6051
14971,21,54,3.197461,3.281645,1425,7.5674
14972,54,43,3.145980,3.130053,1411,7.5242
14973,43,57,2.577405,2.816975,1428,7.5830
14974,57,22,2.776450,3.239970,1440,7.5830
14975,22,38,1.762849,1.978463,1453,7.6336
14976,38,0,4.630393,5.085776,1418,7.5510
14977,0,57,1.470317,1.553123,1317,6.9347
14978,57,22,2.533544,3.139705,1469,7.5835
14979,22,60,2.606742,3.171706,1462,7.5945
14980,60,61,4.887938,5.102772,1446,7.5757
14981,61,33,4.363579,4.341895,1452,7.6148
14982,33,47,2.183651,2.833622,1365,7.4031
14983,47,63,2.107866,3.094315,1192,6.6454
14984,63,8,2.234104,2.055782,1343,7.2484
14985,8,4,3.781506,4.598087,1377,7.2509
14986,4,15,3.080274,2.671598,1480,7.6149
14987,15,33,3.487053,3.783282,1434,7.5693
14988,33,62,2.883982,3.070123,1451,7.6355
14989,62,21,2.333759,2.393888,1443,7.6079
14990,21,55,2.335989,2.549511,1435,7.6711
14991,55,26,4.183085,5.209614,1373,7.4710
14992,26,17,2.470577,2.500120,1164,6.5763
14993,17,48,5.530175,5.561442,1406,7.5656
14994,48,20,4.021482,3.953687,1417,7.6006
14995,20,47,4.247485,3.992632,1440,7.6628
14996,47,37,2.797185,3.018089,1383,7.3808
14997,37,28,1.841422,1.803402,1456,7.6855
14998,28,10,2.712997,2.582113,1327,7.2053
14999,10,1,3.630107,4.352706,1434,7.6698
15000,1,46,3.236128,3.550304,1346,7.1375
15001,46,62,2.053422,1.940949,1436,7.6277
15002,62,21,2.259123,2.314012,1469,7.6418
15003,21,55,2.212440,2.448980,1470,7.7287
15004,55,30,2.775801,3.080564,1418,7.5289
15005,30,31,1.855550,1.785775,1476,7.5800
15006,31,19,4.124253,4.318078,1430,7.4450
15007,19,51,1.876013,1.839356,1447,7.6089
15008,51,56,3.217203,3.720791,1445,7.6022
15009,56,54,5.897988,6.035459,1438,7.5759
15010,54,30,2.272544,2.476461,1469,7.6059
15011,30,31,1.786542,1.738226,1440,7.5756
15012,31,42,2.345214,2.194288,1450,7.5680
15013,42,40,3.851400,3.562960,1441,7.5966
15014,40,33,3.293321,3.050449,1433,7.6230
15015,33,62,2.651563,2.907364,1233,6.7339
15016,62,46,2.083540,2.103136,1425,7.5915
15017,46,63,2.212591,2.386091,1395,7.5450
15018,63,63,0.932341,0.603959,1416,7.4039
15019,63,63,0.741949,0.505720,1438,7.5450
15020,63,37,3.251040,3.625805,1472,7.5741
15021,37,47,3.291624,3.355061,1437,7.6517
15022,47,35,3.408557,3.427991,1371,7.3102
15023,35,43,3.501197,3.584107,1458,7.6474
15024,43,57,2.556673,2.647228,1387,7.5377
15025,57,22,2.354828,3.067732,1437,7.6167
15026,22,60,2.365336,3.029869,1398,7.4630
15027,60,7,3.077735,3.188113,1382,7.4375
15028,7,45,4.548468,4.855057,1432,7.6229
15029,45,54,2.975443,2.622271,1439,7.6455
15030,54,30,2.373218,2.405998,1420,7.5297
15031,30,31,1.837936,1.699192,1444,7.5685
15032,31,42,2.154288,2.123294,1462,7.5788
15033,42,40,3.548018,3.480623,1442,7.5845
15034,40,24,2.539125,2.990987,1413,7.5460
15035,24,41,2.479631,2.639199,1437,7.5525
15036,41,22,3.160844,4.243777,1446,7.6560
15037,22,60,2.333409,2.864455,1377,7.4465
15038,60,61,5.054670,5.162664,1404,7.5021
15039,61,6,2.751328,3.250333,1434,7.6058
15040,6,12,2.502849,2.736400,1315,7.0774
15041,12,62,6.086620,6.523259,1433,7.5958
15042,62,21,2.047708,2.255914,1374,7.3657
15043,21,54,3.179693,3.455282,1394,7.5498
15044,54,30,2.109118,2.335026,1464,7.5879
15045,30,31,1.725869,1.663807,1441,7.5343
15046,31,30,1.792663,1.805743,1419,7.5065
15047,30,31,1.567302,1.571142,1457,7.5527
15048,31,42,2.102567,2.201794,1417,7.5016
15049,42,40,3.391804,3.388863,1449,7.5874
15050,40,23,3.298305,3.141286,1447,7.6141
15051,23,37,3.987621,4.660774,1426,7.5698
15052,37,62,3.816399,3.987374,1436,7.6446
15053,62,46,2.010842,2.007655,1446,7.6148
15054,46,5,3.567979,4.015680,1441,7.6344
15055,5,13,2.807230,3.043144,1399,7.3316
15056,13,31,3.777781,4.884899,1412,7.5342
15057,31,42,2.069726,2.042032,1448,7.5670
15058,42,40,3.169291,3.310843,1384,7.4032
15059,40,33,3.267972,3.189910,1445,7.6163
15060,33,62,2.709985,2.885199,1286,6.9757
15061,62,48,3.466891,3.647939,1424,7.5790
15062,48,41,2.161263,2.224145,1478,7.6664
15063,41,22,3.579449,4.121429,1397,7.4375
15064,22,60,2.080078,2.688380,1443,7.5916
15065,60,7,2.977865,3.161312,1441,7.5559
15066,7,1,5.007547,5.027884,1451,7.6162
15067,1,46,3.052561,3.475230,1353,7.3198
15068,46,63,2.152330,2.319858,1408,7.5652
15069,63,8,2.294103,2.179644,1476,7.5955
15070,8,27,2.618711,3.657814,1431,7.5547
15071,27,27,0.974147,0.621905,1435,7.5675
15072,27,16,1.930116,2.163283,1413,7.5156
15073,16,40,5.670390,5.849990,1446,7.6318
15074,40,23,3.131260,2.965802,1342,7.3224
15075,23,37,4.128028,4.586992,1434,7.5892
15076,37,28,2.011278,1.828250,1423,7.6466
15077,28,53,3.177643,3.339941,1318,7.1841
15078,53,45,3.286764,3.556316,1408,7.4952
15079,45,54,2.879105,2.470265,1354,7.1418
15080,54,30,2.102198,2.288479,1443,7.5723
15081,30,31,1.553021,1.624393,1457,7.5699
15082,31,42,1.921275,1.986085,1439,7.5600
15083,42,22,3.502150,5.024437,1452,7.5956
15084,22,38,2.006390,2.272713,1454,7.5994
15085,38,0,4.202864,4.805388,1418,7.5277
15086,0,62,4.904363,4.478805,1451,7.6094
15087,62,21,2.221093,2.274614,1427,7.5972
15088,21,55,2.060295,2.500745,1457,7.7145
15089,55,26,4.229512,5.134517,1452,7.5906
15090,26,17,2.485741,2.447052,1377,7.3012
15091,17,23,5.644191,6.059709,1410,7.5829
15092,23,62,4.052643,3.661386,1270,6.7618
15093,62,48,3.262018,3.552826,1442,7.6372
15094,48,20,3.839616,3.957585,1451,7.6490
15095,20,30,3.111451,3.266473,1420,7.5837
15096,30,40,4.906523,5.294991,1372,7.3936
15097,40,24,2.523847,2.970478,1195,6.5057
15098,24,62,4.101242,4.163031,1436,7.5438
15099,62,21,2.020902,2.252962,1360,7.2291
15100,21,54,3.265801,3.401741,1422,7.6086
15101,54,43,3.322651,3.215510,1430,7.5614
15102,43,23,3.349071,3.354480,1417,7.5604
15103,23,0,2.292473,2.192073,1436,7.5645
15104,0,57,1.476818,1.608645,1368,7.4104
15105,57,2,3.204271,3.883224,1323,7.0486
15106,2,7,2.273966,2.747696,1387,7.4094
15107,7,1,4.806273,4.899830,1416,7.5850
15108,1,46,3.416608,3.419735,1317,7.1834
15109,46,63,2.098297,2.294588,1437,7.6256
15110,63,8,2.117716,2.064715,1456,7.5625
15111,8,27,2.397928,3.498177,1436,7.5829
15112,27,27,0.831081,0.529692,1445,7.5648
15113,27,27,0.639655,0.444027,1428,7.5363
15114,27,53,5.925740,6.367599,1405,7.5093
15115,53,45,3.261232,3.416092,1239,6.7618
15116,45,21,4.151665,4.157175,1252,7.0130
15117,21,53,2.761094,2.656016,1278,7.0084
15118,53,45,3.056044,3.377922,1452,7.5559
15119,45,21,4.099015,3.966626,1447,7.6217
15120,21,53,2.445456,2.441721,1446,7.6868
15121,53,37,2.878247,2.791737,1351,7.2506
15122,37,62,3.965370,3.994423,1432,7.6381
15123,62,21,2.095387,2.276667,1365,7.4426
15124,21,54,3.038377,3.154363,1457,7.6857
15125,54,43,3.175315,3.180045,1442,7.5549
15126,43,23,3.224118,3.285720,1362,7.3531
15127,23,0,2.149434,2.107848,1422,7.4924
15128,0,57,1.451552,1.617614,1237,6.8689
15129,57,2,2.804103,3.753976,1420,7.5468
15130,2,52,3.229113,3.444942,1440,7.6262
15131,52,54,4.569314,4.818674,1433,7.5747
15132,54,43,2.909893,2.992583,1425,7.5465
15133,43,57,2.639929,2.819423,1285,7.0426
15134,57,22,2.511474,3.352697,1386,7.3970
15135,22,38,1.905848,2.164021,1454,7.6094
15136,38,26,2.835114,3.340599,1442,7.6044
15137,26,17,2.443496,2.396044,1441,7.5386
15138,17,23,5.454919,6.048267,1449,7.6298
15139,23,0,1.952892,1.973226,1316,7.1826
15140,0,62,4.652753,4.227250,1391,7.4503
15141,62,21,1.990306,2.198541,1331,7.1347
15142,21,55,2.283734,2.697124,1430,7.6502
15143,55,58,2.360704,3.001128,1351,7.3196
15144,58,51,5.123266,5.484132,1431,7.5142
15145,51,54,6.635162,7.257366,1328,7.0366
15146,54,43,2.749197,2.841128,1389,7.3850
15147,43,57,2.511171,2.795386,1449,7.6212
15148,57,2,2.990535,3.638957,1437,7.5822
15149,2,9,2.411744,2.745592,1397,7.5363
15150,9,13,3.803450,3.969532,1438,7.6556
15151,13,24,2.833763,2.887775,1407,7.4619
15152,24,62,4.392215,4.225115,1415,7.4936
15153,62,48,3.405177,3.489928,1394,7.4032
15154,48,13,4.927218,4.823525,1446,7.6258
15155,13,24,2.505380,2.738443,1426,7.6198
15156,24,62,4.252624,4.113212,1442,7.5453
15157,62,21,1.923482,2.168465,1468,7.6332
15158,21,53,2.530047,2.621416,1425,7.6718
15159,53,21,2.216900,2.015636,1376,7.3896
15160,21,54,3.361894,3.398896,1359,7.3751
15161,54,59,3.642104,4.139639,1451,7.5827
15162,59,21,3.492927,3.895365,1445,7.6114
15163,21,53,2.423171,2.473895,1443,7.6665
15164,53,21,2.253693,1.904849,1431,7.5257
15165,21,53,2.265827,2.259324,1451,7.6565
15166,53,21,2.006655,1.773799,1424,7.5372
15167,21,55,2.607742,2.880589,1359,7.4006
15168,55,58,2.352411,2.937516,1420,7.5626
15169,58,15,2.778054,2.804022,1410,7.4759
15170,15,33,3.212457,3.646374,1433,7.5832
15171,33,47,2.378322,3.081113,1413,7.5611
15172,47,63,2.286853,3.157233,1441,7.5942
15173,63,8,2.053451,1.907362,1439,7.5842
15174,8,4,3.833488,4.537826,1437,7.5546
15175,4,40,3.795221,3.551853,1423,7.5608
15176,40,33,3.217559,2.954129,1307,7.1407
15177,33,62,2.893482,2.926120,1435,7.6434
15178,62,21,1.902600,2.189432,1369,7.2454
15179,21,54,3.255720,3.312248,1447,7.7082
15180,54,30,2.712931,2.554743,1349,7.2483
15181,30,31,1.707711,1.644674,1445,7.6065
15182,31,42,2.047530,1.893643,1470,7.6011
15183,42,40,3.244477,3.453186,1443,7.5909
15184,40,23,3.184612,3.088153,1368,7.3256
15185,23,62,3.691536,3.527765,1441,7.5811
15186,62,46,2.371267,2.546727,1449,7.6033
15187,46,5,3.479483,3.737842,1461,7.6538
15188,5,13,2.962101,3.003877,1430,7.5656
15189,13,31,4.044247,4.907290,1449,7.6099
15190,31,42,1.778603,1.775803,1453,7.5596
15191,42,40,2.996737,3.352578,1436,7.5781
15192,40,23,3.018710,2.997171,1438,7.6278
15193,23,0,2.063378,2.020058,1435,7.5603
15194,0,62,4.096521,3.954674,1375,7.4046
15195,62,21,1.934121,2.282350,1411,7.4875
15196,21,54,2.871252,3.131816,1392,7.4545
15197,54,59,3.431708,4.158973,1391,7.4206
15198,59,43,2.931327,2.665320,1448,7.6442
15199,43,57,2.497061,2.709168,1443,7.5967
15200,57,2,2.725008,3.466418,1387,7.3823
15201,2,9,2.336168,2.664546,1349,7.2655
15202,9,41,5.800529,6.140057,1415,7.6103
15203,41,22,3.646203,3.730465,1447,7.6431
15204,22,38,1.770148,2.031086,1404,7.4795
15205,38,26,2.849312,3.238673,1442,7.5818
15206,26,13,5.207380,5.303825,1440,7.5753
15207,13,32,2.071388,2.231831,1409,7.5661
15208,32,29,3.371211,3.433573,1391,7.4842
15209,29,29,1.017301,0.571661,1386,7.4121
15210,29,29,0.900323,0.477627,1438,7.5895
15211,29,29,0.686315,0.397194,1445,7.5823
15212,29,4,5.619761,5.841232,1441,7.5656
15213,4,40,4.223441,3.628151,1332,7.2348
15214,40,33,3.197392,2.959464,1437,7.6130
15215,33,47,2.336243,3.214290,1392,7.4958
15216,47,35,3.302991,3.394811,1401,7.4849
15217,35,43,3.575732,3.698645,1398,7.5366
15218,43,23,3.619972,3.620782,1368,7.2662
15219,23,0,1.855249,1.931798,1433,7.5671
15220,0,62,4.084810,3.737428,1444,7.6339
15221,62,48,3.393922,3.609144,1459,7.6123
15222,48,20,3.928288,3.857887,1440,7.6085
15223,20,19,3.078086,3.233257,1468,7.6451
15224,19,51,1.918929,1.816710,1240,6.8035
15225,51,54,6.312979,7.248804,1421,7.5120
15226,54,30,2.272376,2.471954,1426,7.5264
15227,30,31,1.733917,1.738059,1480,7.6088
15228,31,19,4.240216,4.441840,1426,7.5469
15229,19,51,1.924655,1.841515,1437,7.5881
15230,51,54,6.394742,7.074403,1443,7.6025
15231,54,30,2.066411,2.307227,1374,7.3261
15232,30,31,1.609193,1.705758,1425,7.5186
15233,31,42,1.657144,1.855298,1440,7.5488
15234,42,40,3.198364,3.319863,1399,7.4009
15235,40,24,2.668138,3.126943,1437,7.6363
15236,24,62,4.052401,3.998264,1467,7.5797
15237,62,46,2.298143,2.586374,1445,7.5881
15238,46,63,2.231198,2.424796,1445,7.6352
15239,63,8,2.170227,1.819229,1334,7.1368
15240,8,4,3.878580,4.455780,1456,7.5599
15241,4,40,4.040389,3.736428,1441,7.5198
15242,40,24,2.516834,2.982027,1326,7.1910
15243,24,62,3.922486,3.827125,1430,7.5378
15244,62,46,2.191815,2.479160,1418,7.5091
15245,46,63,2.241837,2.411438,1450,7.6159
15246,63,37,3.368835,3.716318,1427,7.5167
15247,37,28,1.835356,1.881767,1453,7.6691
15248,28,53,2.841914,3.111418,1395,7.5601
15249,53,21,2.047303,1.897939,1425,7.5540
15250,21,55,2.621319,2.791702,1441,7.6650
15251,55,30,2.591162,3.010035,1418,7.5322
15252,30,40,4.566591,5.116566,1438,7.5624
15253,40,23,3.026804,3.054007,1406,7.4664
15254,23,0,1.900029,1.896037,1315,7.1392
15255,0,57,1.734753,1.923414,1366,7.3534
15256,57,22,2.725816,3.508569,1416,7.5119
15257,22,38,1.688863,1.955921,1460,7.5594
15258,38,26,2.685930,3.148210,1389,7.3974
15259,26,13,5.296614,5.179704,1438,7.5733
15260,13,24,2.777988,2.696278,1441,7.6128
15261,24,41,2.668883,2.898471,1427,7.5268
15262,41,55,3.059161,3.495194,1344,7.1231
15263,55,30,2.302430,2.897652,1457,7.5980
15264,30,31,1.808104,1.803666,1469,7.5665
15265,31,30,1.852377,1.848563,1432,7.5223
15266,30,31,1.660043,1.704720,1466,7.5694
15267,31,30,1.809161,1.735439,1424,7.5499
15268,30,31,1.524222,1.608051,1460,7.5596
15269,31,30,1.607866,1.624165,1451,7.5662
15270,30,31,1.461372,1.538757,1479,7.5774
15271,31,42,2.152855,2.260166,1443,7.5301
15272,42,55,4.311815,5.045655,1456,7.5808
15273,55,30,2.089155,2.647844,1400,7.4044
15274,30,31,1.377434,1.532240,1450,7.5735
15275,31,42,2.216518,2.167823,1447,7.5146
15276,42,22,4.310560,5.083392,1430,7.5388
15277,22,38,1.660087,1.856136,1433,7.5657
15278,38,26,2.633341,3.079597,1458,7.5930
15279,26,13,4.992927,5.054771,1481,7.6094
15280,13,24,2.562902,2.572149,1340,7.2670
15281,24,62,3.927479,3.774094,1410,7.5051
15282,62,46,2.273430,2.379393,1322,7.2706
15283,46,63,2.345670,2.384798,1461,7.6359
15284,63,8,2.265005,1.881709,1396,7.3276
15285,8,27,2.493445,3.546657,1455,7.5762
15286,27,16,2.163656,2.365999,1428,7.5581
15287,16,40,5.743973,5.861360,1458,7.6757
15288,40,23,2.927745,2.841770,1434,7.5840
15289,23,37,5.100592,4.901446,1416,7.5118
15290,37,62,4.605079,4.411235,1432,7.6197
15291,62,46,2.137746,2.228412,1427,7.5771
15292,46,62,2.550656,2.221918,1400,7.4443
15293,62,46,2.056137,2.062961,1436,7.5766
15294,46,63,2.245347,2.519414,1458,7.6477
15295,63,37,3.439580,3.762487,1436,7.5630
15296,37,62,4.318611,4.229915,1425,7.6158
15297,62,21,2.495462,2.549181,1447,7.5918
15298,21,53,2.136742,2.315708,1328,7.2948
15299,53,21,2.100896,1.864636,1341,7.1976
15300,21,55,2.661087,2.793010,1354,7.3624
15301,55,26,4.295507,5.111634,1422,7.5524
15302,26,13,4.892322,4.831181,1229,6.8204
15303,13,24,2.226301,2.450965,1450,7.6122
15304,24,62,3.801282,3.952800,1396,7.4267
15305,62,21,2.284865,2.475191,1447,7.5868
15306,21,53,1.905391,2.286678,1371,7.3520
15307,53,21,1.971247,1.785637,1433,7.6050
15308,21,53,1.873847,2.135590,1450,7.6805
15309,53,45,4.109746,3.912798,1411,7.5819
15310,45,21,3.616584,3.698866,1448,7.6331
15311,21,55,2.584205,2.777435,1436,7.6939
15312,55,30,2.281023,2.738540,1431,7.5741
15313,30,10,4.170613,4.375303,1404,7.4322
15314,10,37,2.939665,2.983674,1427,7.6660
15315,37,47,3.296934,3.270898,1438,7.6566
15316,47,63,2.422371,3.193835,1449,7.6212
15317,63,8,2.258166,1.888603,1449,7.5788
15318,8,2,5.232921,5.113796,1379,7.4195
15319,2,7,2.456434,2.864481,1271,6.8641
15320,7,45,4.923863,5.123372,1408,7.5456
15321,45,21,3.526839,3.658737,1200,6.8202
15322,21,54,3.274270,3.261563,1419,7.5920
15323,54,30,2.068039,2.155978,1426,7.5367
15324,30,10,3.986276,4.187680,1400,7.4113
15325,10,61,3.177379,2.881411,1421,7.6357
15326,61,33,4.184177,4.265067,1409,7.5368
15327,33,47,2.388228,3.095330,1431,7.6102
15328,47,37,2.789313,2.995547,1407,7.4799
15329,37,62,4.314862,4.291761,1442,7.6530
15330,62,21,2.424897,2.460525,1431,7.5688
15331,21,55,2.271149,2.694063,1434,7.6823
15332,55,58,3.034800,3.273473,1374,7.3177
15333,58,4,5.128873,4.898671,1280,6.9583
15334,4,40,4.026566,3.498223,1333,7.0535
15335,40,24,2.724777,3.035844,1472,7.6522
15336,24,62,3.797530,3.880353,1440,7.5431
15337,62,21,2.326063,2.391566,1458,7.5940
15338,21,53,2.092055,2.284284,1426,7.6195
15339,53,21,1.922492,1.728372,1438,7.6231
15340,21,55,2.349400,2.687586,1435,7.6473
15341,55,58,2.819566,3.227424,1338,7.2125
15342,58,4,5.233785,4.818097,1432,7.5533
15343,4,15,2.918755,2.496521,1427,7.5598
15344,15,1,4.497941,4.578720,1444,7.5874
15345,1,46,3.154930,3.332811,1419,7.5340
15346,46,63,2.456004,2.417890,1390,7.4312
15347,63,63,0.995090,0.691367,1460,7.5776
15348,63,8,2.345139,1.937200,1440,7.5637
15349,8,27,2.282437,3.546212,1335,7.0801
15350,27,16,2.003377,2.285068,1430,7.5498
15351,16,41,4.789701,5.322804,1445,7.6625
15352,41,24,2.623558,2.803015,1347,7.2819
15353,24,62,3.693730,3.713247,1459,7.5849
15354,62,21,2.293324,2.360348,1440,7.5977
15355,21,54,3.319292,3.324274,1402,7.5234
15356,54,43,3.310386,3.219223,1439,7.5715
15357,43,57,2.423458,2.627227,1428,7.5834
15358,57,2,2.733441,3.480124,1437,7.5633
15359,2,7,2.443661,2.751362,1361,7.2464
15360,7,57,3.583798,4.171026,1441,7.6321
15361,57,22,2.751541,3.469449,1446,7.5918
15362,22,2,3.293563,3.756020,1420,7.5045
15363,2,9,2.339685,2.689827,1440,7.6024
15364,9,13,4.049248,4.242701,1430,7.6288
15365,13,32,2.170434,2.306886,1449,7.5836
15366,32,10,5.391924,5.596980,1370,7.3309
15367,10,1,3.932297,4.208365,1378,7.4509
15368,1,46,2.978248,3.239456,1436,7.5793
15369,46,63,1.927022,2.265684,1448,7.6347
15370,63,8,2.096562,1.895327,1329,7.1318
15371,8,4,3.926741,4.440238,1461,7.5812
15372,4,40,3.840131,3.459186,1450,7.5337
15373,40,23,2.687433,2.785507,1361,7.3514
15374,23,0,1.947678,1.946780,1422,7.5326
15375,0,57,1.868507,1.885779,1432,7.6008
15376,57,22,2.868039,3.351569,1374,7.2841
15377,22,38,1.617899,1.941342,1358,7.2243
15378,38,0,4.312870,5.157869,1459,7.6291
15379,0,62,4.088977,3.969278,1441,7.5830
15380,62,21,2.090466,2.325805,1450,7.6048
15381,21,53,1.923077,2.354945,1446,7.7170
15382,53,37,2.807444,3.069758,1411,7.5562
15383,37,28,2.039435,2.048555,1453,7.6922
15384,28,46,4.916270,5.305084,1450,7.6698
15385,46,62,2.802482,2.298871,1422,7.5948
15386,62,21,2.073161,2.215019,1421,7.5791
15387,21,53,1.980884,2.322121,1379,7.4794
15388,53,45,4.044595,3.952748,1421,7.5876
15389,45,54,3.308457,2.654132,1388,7.4666
15390,54,59,3.895544,4.204096,1461,7.5704
15391,59,20,4.586884,4.886396,1465,7.6680
15392,20,19,3.123955,3.175625,1462,7.6533
15393,19,51,1.854048,1.783830,1372,7.3585
15394,51,4,4.926835,5.551008,1417,7.5462
15395,4,15,2.908559,2.488098,1241,6.6308
15396,15,1,4.041510,4.458494,1419,7.5286
15397,1,33,3.818750,3.366647,1413,7.5451
15398,33,48,4.651123,5.387701,1401,7.5597
15399,48,41,2.571071,2.464076,1436,7.6118
15400,41,22,3.856763,3.958822,1429,7.6078
15401,22,38,1.524076,1.828301,1389,7.4683
15402,38,0,4.284444,5.000090,1459,7.5955
15403,0,62,4.260368,3.891657,1453,7.6172
15404,62,46,2.501991,2.453027,1362,7.2876
15405,46,63,2.118304,2.282987,1407,7.5216
15406,63,37,3.455319,3.739235,1219,6.7179
15407,37,28,2.016351,1.987264,1447,7.6484
15408,28,53,2.823745,3.027046,1404,7.5835
15409,53,21,2.077438,1.905859,1425,7.5953
15410,21,53,1.777630,2.146687,1214,6.7335
15411,53,45,3.889668,3.886926,1415,7.5486
15412,45,54,2.964071,2.501010,1344,7.3070
15413,54,30,2.162495,2.262484,1377,7.2410
15414,30,31,1.725943,1.699244,1454,7.5664
15415,31,42,1.970942,2.032430,1396,7.3456
15416,42,55,4.205075,4.954691,1447,7.5947
15417,55,58,2.832761,2.898340,1396,7.3801
15418,58,4,4.993934,4.709174,1447,7.5841
15419,4,40,3.568901,3.263235,1358,7.2091
15420,40,23,2.624059,2.725231,1378,7.4273
15421,23,37,4.917620,4.959992,1393,7.3991
15422,37,28,1.984944,1.926622,1387,7.4849
15423,28,10,3.165479,2.869093,1401,7.5278
15424,10,61,2.843876,2.668095,1320,7.1483
15425,61,53,3.898758,3.818647,1344,7.2489
15426,53,45,3.662491,3.544329,1434,7.6107
15427,45,54,2.740961,2.360964,1441,7.6266
15428,54,30,2.027459,2.223632,1195,6.4949
15429,30,31,1.640894,1.694493,1431,7.5509
15430,31,42,1.938362,1.989666,1443,7.5530
15431,42,22,4.096492,4.923990,1401,7.4749
15432,22,60,2.658331,3.142145,1368,7.3526
15433,60,61,4.914681,4.862234,1431,7.5561
15434,61,6,3.264219,3.211959,1417,7.5166
15435,6,12,2.545639,2.672181,1311,7.0049
15436,12,40,5.592373,5.947401,1410,7.4947
15437,40,24,2.378755,2.988307,1428,7.6087
15438,24,62,3.573488,3.595194,1447,7.5957
15439,62,46,2.391629,2.342736,1416,7.5026
15440,46,63,2.105751,2.293540,1399,7.4899
15441,63,8,2.266459,1.932077,1454,7.5862
15442,8,27,2.524242,3.520760,1444,7.5787
15443,27,16,1.870328,2.220960,1424,7.5417
15444,16,4,4.213553,4.914557,1446,7.6186
15445,4,40,3.405651,3.178643,1397,7.3831
15446,40,23,2.676648,2.623074,1448,7.6461
15447,23,0,2.316131,2.120410,1425,7.5003
15448,0,43,4.515562,4.730835,1374,7.4732
15449,43,23,4.068742,3.698954,1458,7.6461
15450,23,0,1.974008,1.997881,1445,7.5792
15451,0,57,1.845669,2.003465,1198,6.7515
15452,57,22,2.897639,3.363370,1417,7.4921
15453,22,60,2.442901,2.992885,1449,7.6042
15454,60,61,4.613555,4.806325,1448,7.5895
15455,61,53,3.380491,3.825452,1430,7.6059
15456,53,37,2.909377,3.051151,1448,7.6420
15457,37,28,1.973004,1.880607,1349,7.2637
15458,28,46,4.875572,5.274692,1456,7.6974
15459,46,63,2.064517,2.170871,1361,7.2937
15460,63,63,0.987535,0.614434,1454,7.5741
15461,63,8,2.089455,2.016813,1390,7.4188
15462,8,4,3.594856,4.303012,1404,7.4794
15463,4,40,3.166821,3.174748,1435,7.5391
15464,40,23,2.553894,2.658222,1415,7.5559
15465,23,0,1.854178,1.983067,1387,7.4445
15466,0,43,4.160661,4.615996,1303,7.0209
15467,43,23,3.757588,3.532882,1462,7.6369
15468,23,0,1.854914,1.886053,1434,7.5770
15469,0,62,3.828383,3.844107,1445,7.6075
15470,62,48,3.700650,3.827378,1451,7.6084
15471,48,20,3.774762,3.737237,1451,7.6639
15472,20,47,3.888560,3.852783,1455,7.6235
15473,47,35,3.169674,3.219655,1333,7.2658
15474,35,43,3.750311,3.664194,1275,6.8941
15475,43,3,5.239112,5.316164,1445,7.6242
15476,3,1,4.719621,4.578351,1283,7.0975
15477,1,46,3.075337,3.130568,1384,7.3225
15478,46,63,1.782524,2.051189,1434,7.6139
15479,63,37,3.526220,3.863698,1434,7.5559
15480,37,62,4.557236,4.567701,1456,7.6714
15481,62,21,2.415309,2.421210,1455,7.6248
15482,21,53,2.012166,2.206704,1466,7.7371
15483,53,45,3.384640,3.371579,1277,6.9312
15484,45,54,2.592757,2.249265,1230,6.6332
15485,54,43,3.365949,3.222240,1376,7.3787
15486,43,23,3.651020,3.514750,1437,7.5968
15487,23,37,4.611494,4.772757,1442,7.5788
15488,37,62,4.567394,4.277808,1451,7.6768
15489,62,48,3.808587,3.611466,1426,7.5469
15490,48,41,2.683837,2.411414,1456,7.6602
15491,41,24,2.461315,2.869211,1440,7.5835
15492,24,41,2.731446,2.843144,1444,7.5309
15493,41,22,3.767475,3.973000,1448,7.6218
15494,22,38,1.651326,1.951693,1170,6.6598
15495,38,49,3.662077,4.449167,1316,7.2007
15496,49,24,4.540498,4.647440,1330,7.1749
15497,24,41,2.491595,2.693969,1450,7.5622
15498,41,22,3.546176,3.854932,1442,7.6261
15499,22,38,1.446745,1.864961,1445,7.5977
15500,38,49,3.523801,4.336559,1457,7.5926
15501,49,24,4.320982,4.567502,1410,7.4983
15502,24,41,2.284413,2.580059,1442,7.5398
15503,41,24,2.317073,2.689721,1455,7.5929
15504,24,41,2.398636,2.409529,1458,7.5540
15505,41,22,3.520173,3.819649,1454,7.6244
15506,22,38,1.397080,1.826219,1451,7.5981
15507,38,0,4.326013,5.064499,1464,7.6171
15508,0,57,2.034867,2.088822,1398,7.4087
15509,57,22,3.146063,3.572837,1451,7.6160
15510,22,38,1.337421,1.788557,1416,7.5737
15511,38,49,3.786685,4.295838,1451,7.5990
15512,49,17,2.667195,2.678418,1430,7.5343
15513,17,23,5.440919,5.930762,1413,7.5770
15514,23,0,1.984068,1.835267,1392,7.4018
15515,0,57,1.811678,2.027595,1416,7.5330
15516,57,35,4.336597,4.450579,1430,7.5512
15517,35,48,4.221354,4.613175,1193,6.7084
15518,48,20,3.688852,3.635194,1420,7.6379
15519,20,47,3.685878,3.741075,1430,7.5679
15520,47,35,3.160549,3.118329,1381,7.5058
15521,35,43,3.433378,3.525588,1442,7.6143
15522,43,57,2.089322,2.443096,1434,7.5936
15523,57,22,2.961544,3.553192,1412,7.4777
15524,22,38,1.419041,1.775503,1430,7.5345
15525,38,0,4.087356,5.014945,1391,7.4336
15526,0,43,4.142715,4.590435,1400,7.4240
15527,43,57,2.271743,2.253018,1457,7.6294
15528,57,2,3.131048,3.585482,1360,7.2590
15529,2,52,3.481910,3.454800,1425,7.6197
15530,52,58,6.823545,6.413942,1393,7.4626
15531,58,4,4.810922,4.480829,1429,7.5474
15532,4,23,5.195439,5.200303,1445,7.5677
15533,23,37,4.499023,4.466105,1405,7.4887
15534,37,28,1.974839,1.978151,1439,7.6327
15535,28,46,4.668659,4.995154,1431,7.6151
15536,46,63,1.773814,1.992298,1440,7.6467
15537,63,8,2.158320,2.025770,1437,7.5922
15538,8,27,2.238360,3.523561,1433,7.5441
15539,27,27,0.889135,0.531323,1425,7.5452
15540,27,16,1.907819,2.281315,1452,7.5799
15541,16,40,4.905267,5.302096,1450,7.6706
15542,40,33,3.051799,2.910917,1339,7.3289
15543,33,47,2.495206,3.144762,1311,7.1622
15544,47,35,2.822545,3.095274,1435,7.5852
15545,35,43,3.338801,3.435154,1326,7.1954
15546,43,23,3.740146,3.566756,1365,7.4134
15547,23,0,1.879428,1.918010,1448,7.5711
15548,0,57,1.873847,2.034091,1421,7.5428
15549,57,22,3.056605,3.453704,1376,7.3756
15550,22,2,3.407289,3.846835,1343,7.2257
15551,2,9,2.347394,2.629298,1432,7.6025
15552,9,16,3.273434,3.582303,1457,7.6740
15553,16,4,3.881424,4.852966,1346,7.3652
15554,4,40,3.050261,2.996332,1425,7.5269
15555,40,33,3.027145,2.782426,1401,7.4992
15556,33,47,2.479091,3.101554,1441,7.6204
15557,47,35,2.845308,3.078485,1456,7.6222
15558,35,43,3.118553,3.338648,1292,7.0943
15559,43,23,3.516836,3.487412,1465,7.6527
15560,23,62,3.290290,3.357292,1423,7.5743
15561,62,48,3.306094,3.537469,1439,7.5796
15562,48,13,4.988465,4.817013,1441,7.6247
15563,13,24,2.417863,2.502623,1346,7.2881
15564,24,62,3.837947,4.007306,1444,7.5581
15565,62,48,3.207534,3.398776,1435,7.5919
15566,48,20,3.427850,3.617194,1435,7.6178
15567,20,47,3.744044,3.747631,1426,7.5521
15568,47,35,2.993185,2.928574,1394,7.4698
15569,35,43,2.926483,3.218468,1448,7.6225
15570,43,23,3.307701,3.414037,1439,7.5958
15571,23,0,1.963597,1.901751,1314,7.0016
15572,0,62,3.729415,3.650064,1337,7.1802
15573,62,21,2.370017,2.485147,1424,7.5174
15574,21,53,1.875920,2.134774,1447,7.6740
15575,53,21,2.275951,2.024482,1453,7.6284
15576,21,55,2.800174,2.928931,1449,7.6977
15577,55,30,2.317242,2.718112,1431,7.5844
15578,30,31,1.594788,1.699303,1333,7.1444
15579,31,19,4.336026,4.511673,1381,7.2621
15580,19,51,1.750395,1.806145,1442,7.5650
15581,51,4,4.725632,5.418652,1451,7.6108
15582,4,15,3.034588,2.548653,1390,7.4819
15583,15,26,3.355240,3.597338,1429,7.5429
15584,26,17,2.528879,2.474359,1455,7.6085
15585,17,0,4.328660,4.888337,1389,7.4944
15586,0,62,3.451618,3.466209,1341,7.2498
15587,62,21,2.093356,2.446939,1402,7.4291
15588,21,55,2.553708,2.802442,1427,7.6282
15589,55,58,2.651815,3.009994,1434,7.5814
15590,58,4,4.741261,4.507453,1445,7.5596
15591,4,40,3.044706,2.856302,1442,7.5558
15592,40,33,2.874627,2.678250,1352,7.2471
15593,33,48,4.468137,5.099662,1411,7.5894
15594,48,20,3.461661,3.521635,1245,6.8550
15595,20,19,3.205768,3.276588,1411,7.5048
15596,19,51,1.862371,1.790184,1432,7.5592
15597,51,56,3.140031,3.770838,1426,7.4572
15598,56,54,5.804613,6.189407,1459,7.6109
15599,54,59,3.517248,4.035856,1436,7.5536
15600,59,21,3.419413,3.737542,1414,7.5453
15601,21,53,2.137321,2.174022,1385,7.5451
15602,53,37,3.040586,3.164196,1460,7.6312
15603,37,28,2.003922,1.953946,1453,7.6539
15604,28,53,2.968095,3.017423,1439,7.6698
15605,53,45,3.074692,3.331773,1441,7.6034
15606,45,21,3.653211,3.609156,1412,7.6314
15607,21,53,1.726517,2.021098,1462,7.7159
15608,53,45,2.829543,3.241138,1433,7.5922
15609,45,21,3.347928,3.455153,1431,7.5923
15610,21,53,1.681751,1.901183,1470,7.7042
15611,53,21,2.189774,1.917360,1441,7.6113
15612,21,53,1.586469,1.791935,1444,7.6522
15613,53,21,1.988126,1.779839,1434,7.6147
15614,21,54,3.374538,3.479928,1427,7.6486
15615,54,43,3.519178,3.391056,1298,6.9449
15616,43,57,1.788470,2.392543,1432,7.5801
15617,57,2,2.590084,3.336926,1444,7.5561
15618,2,9,2.259765,2.547530,1425,7.6028
15619,9,13,3.818291,4.206052,1444,7.6339
15620,13,24,2.100843,2.430019,1457,7.6441
15621,24,62,4.056467,3.970124,1448,7.6391
15622,62,48,3.123671,3.353121,1402,7.3302
15623,48,13,5.054877,4.892075,1452,7.6453
15624,13,32,2.276653,2.394898,1453,7.6135
15625,32,10,5.188809,5.420562,1269,6.9680
15626,10,61,2.882135,2.600004,1416,7.6309
15627,61,53,3.782754,3.814720,1387,7.4623
15628,53,21,1.977180,1.651233,1440,7.5966
15629,21,53,1.695904,1.785172,1459,7.6909
15630,53,21,1.771365,1.547978,1424,7.5288
15631,21,54,3.196844,3.382221,1403,7.5944
15632,54,30,2.412148,2.435958,1405,7.4717
15633,30,10,4.002801,4.142992,1426,7.4732
15634,10,37,3.339194,3.050150,1418,7.5793
15635,37,28,1.868053,1.920356,1359,7.3956
15636,28,10,3.349455,3.035591,1432,7.6781
15637,10,61,2.881876,2.612244,1301,7.1865
15638,61,6,2.864085,3.225590,1384,7.4140
15639,6,56,4.576217,4.615346,1406,7.4587
15640,56,54,5.864442,6.175460,1445,7.6395
15641,54,59,3.655320,4.052099,1418,7.5197
15642,59,21,3.171590,3.403099,1435,7.6478
15643,21,53,1.624632,1.785931,1390,7.5016
15644,53,37,3.049000,3.263869,1390,7.4452
15645,37,62,4.532548,4.418170,1422,7.5634
15646,62,48,3.058139,3.158080,1392,7.4650
15647,48,20,3.327626,3.479800,1453,7.6468
15648,20,30,3.463639,3.607060,1435,7.5589
15649,30,31,1.653128,1.692369,1456,7.5746
15650,31,42,2.053093,1.999452,1455,7.5485
15651,42,22,4.005654,4.726398,1400,7.4406
15652,22,38,1.548725,1.811218,1400,7.4113
15653,38,0,4.099977,4.863738,1442,7.5845
15654,0,57,2.045672,2.070126,1440,7.5912
15655,57,22,2.810265,3.352248,1375,7.3061
15656,22,38,1.484286,1.776060,1453,7.6109
15657,38,0,3.673288,4.703670,1444,7.6068
15658,0,62,3.492310,3.529164,1454,7.6085
15659,62,48,2.938788,3.053749,1369,7.2737
15660,48,20,3.285668,3.399308,1361,7.3131
15661,20,30,3.344379,3.569736,1433,7.5545
15662,30,31,1.585742,1.635454,1433,7.5537
15663,31,30,1.830659,1.805150,1449,7.5505
15664,30,40,5.474385,5.720970,1454,7.5592
15665,40,23,3.176639,3.093190,1337,7.0241
15666,23,0,2.007609,2.082325,1392,7.4739
15667,0,57,2.003258,2.065243,1397,7.5070
15668,57,2,2.561364,3.358051,1438,7.5737
15669,2,9,2.190610,2.460485,1412,7.5475
15670,9,13,3.809680,4.198998,1395,7.5238
15671,13,24,2.207588,2.414321,1393,7.4195
15672,24,41,2.419671,2.454037,1435,7.5502
15673,41,22,4.178334,4.081507,1440,7.6106
15674,22,2,2.923426,3.639776,1454,7.6150
15675,2,52,3.336047,3.569759,1423,7.5646
15676,52,54,4.466394,4.880870,1415,7.5398
15677,54,30,2.057866,2.413230,1411,7.4515
15678,30,31,1.465932,1.645906,1442,7.5771
15679,31,42,1.983965,2.066993,1353,7.1673
15680,42,40,4.352451,4.226136,1393,7.4207
15681,40,24,3.203944,3.367388,1397,7.5311
15682,24,62,3.873896,3.939600,1435,7.5343
15683,62,46,2.928529,2.892294,1387,7.4240
15684,46,63,1.888827,2.105907,1408,7.5741
15685,63,37,3.782831,3.913178,1458,7.5864
15686,37,62,4.517085,4.441233,1436,7.6250
15687,62,46,2.684646,2.683673,1431,7.5584
15688,46,63,2.056089,2.122216,1326,7.1898
15689,63,8,2.294034,1.992510,1451,7.5770
15690,8,2,5.230094,5.409054,1472,7.5862
15691,2,9,2.182918,2.424584,1362,7.3467
15692,9,16,3.332378,3.749631,1430,7.6025
15693,16,40,4.716962,5.206651,1372,7.4545
15694,40,33,2.913027,2.643243,1216,6.7482
15695,33,47,2.520244,3.187426,1281,7.0904
15696,47,63,2.905447,3.478196,1455,7.6373
15697,63,37,3.613863,3.715479,1437,7.5549
15698,37,47,3.389061,3.426278,1452,7.6532
15699,47,63,2.565291,3.314819,1435,7.5787
15700,63,8,2.117926,1.956643,1450,7.5660
15701,8,4,3.889803,4.179930,1447,7.5478
15702,4,40,2.984929,2.950771,1436,7.5555
15703,40,33,2.797812,2.544637,1388,7.4125
15704,33,62,3.390930,3.328425,1439,7.6643
15705,62,21,2.889931,2.724329,1449,7.6041
15706,21,54,3.192231,3.243876,1420,7.6520
15707,54,43,3.330074,3.352178,1409,7.4586
15708,43,57,2.033560,2.380968,1382,7.3885
15709,57,22,2.886594,3.485794,1441,7.5721
15710,22,38,1.586018,1.802285,1357,7.2262
15711,38,0,3.715618,4.591275,1445,7.5937
15712,0,57,1.993062,1.981726,1457,7.6220
15713,57,2,2.606443,3.370560,1447,7.5629
15714,2,7,2.883819,3.159830,1402,7.4593
15715,7,45,5.229640,5.265107,1444,7.6371
15716,45,54,2.568981,2.241555,1430,7.6100
15717,54,30,2.053821,2.418825,1388,7.4313
15718,30,31,1.470390,1.654823,1409,7.5204
15719,31,19,4.086894,4.367578,1450,7.5412
15720,19,51,1.825757,1.817582,1427,7.5820
15721,51,56,3.068751,3.680797,1414,7.5752
15722,56,47,4.883411,5.249292,1364,7.3874
15723,47,35,2.778931,2.816305,1424,7.5624
15724,35,43,3.066377,3.236732,1436,7.6132
15725,43,23,3.483015,3.491910,1338,7.2141
15726,23,0,2.109478,2.141225,1336,7.0747
15727,0,62,3.478311,3.527048,1437,7.5850
15728,62,48,3.016956,3.046607,1376,7.2914
15729,48,41,2.784365,2.838990,1440,7.6410
15730,41,55,3.459286,3.791167,1447,7.6414
15731,55,58,2.557052,2.781095,1406,7.4948
15732,58,15,3.133387,3.043843,1443,7.5639
15733,15,1,4.104546,4.282767,1387,7.4272
15734,1,59,2.883450,3.162394,1353,7.2598
15735,59,21,3.159513,3.443848,1437,7.6445
15736,21,55,2.961241,3.191472,1387,7.4438
15737,55,58,2.292113,2.749948,1394,7.3975
15738,58,4,4.496407,4.480127,1425,7.5341
15739,4,15,2.904758,2.415322,1354,7.2142
15740,15,26,3.436551,3.459869,1440,7.5581
15741,26,17,2.336801,2.339342,1349,7.1930
15742,17,23,5.713652,6.166196,1436,7.6106
15743,23,62,2.908250,2.997332,1387,7.3529
15744,62,46,2.489397,2.751593,1427,7.5957
15745,46,62,3.124180,2.353018,1424,7.5599
15746,62,21,2.949743,2.791868,1422,7.5274
15747,21,53,1.814783,1.942912,1447,7.7010
15748,53,45,3.063200,3.417720,1451,7.6696
15749,45,21,3.114373,3.205923,1415,7.6137
15750,21,54,2.963841,2.976505,1441,7.6654
15751,54,43,3.280715,3.381831,1400,7.4454
15752,43,23,3.468556,3.461229,1375,7.3627
15753,23,62,2.758818,2.980733,1336,7.1090
15754,62,46,2.445919,2.637834,1366,7.2719
15755,46,5,3.780660,4.364450,1453,7.6143
15756,5,13,3.359334,3.346316,1433,7.6007
15757,13,24,2.087529,2.411386,1452,7.6081
15758,24,62,4.036428,4.048106,1386,7.2526
15759,62,21,2.694783,2.835083,1461,7.5971
15760,21,53,1.905165,1.947690,1417,7.6167
15761,53,21,1.916808,1.713681,1375,7.3997
15762,21,53,1.773680,1.829686,1420,7.6358
15763,53,37,2.954751,3.088353,1442,7.6110
15764,37,62,4.590622,4.414126,1378,7.4604
15765,62,21,2.458312,2.608521,1426,7.5615
15766,21,54,2.855411,3.043021,1432,7.6222
15767,54,43,3.193475,3.321222,1385,7.2477
15768,43,23,3.064737,3.360058,1405,7.4411
15769,23,0,2.145296,2.083429,1344,7.0949
15770,0,62,3.181643,3.333999,1466,7.6175
15771,62,21,2.347114,2.561790,1402,7.4947
15772,21,53,1.920502,1.973890,1450,7.6496
15773,53,21,2.072848,1.688603,1417,7.5740
15774,21,53,1.822374,1.824527,1385,7.5697
15775,53,21,1.917361,1.581346,1389,7.5104
15776,21,53,1.495242,1.689866,1443,7.6470
15777,53,21,1.850620,1.493650,1440,7.6109
15778,21,54,3.060655,3.176801,1432,7.6099
15779,54,30,2.771599,2.616356,1368,7.2440
15780,30,31,1.488915,1.655985,1445,7.5762
15781,31,42,2.051071,2.100715,1435,7.5118
15782,42,55,4.076649,4.799887,1456,7.6192
15783,55,30,2.376924,2.748117,1450,7.6060
15784,30,31,1.536247,1.648422,1465,7.5750
15785,31,42,2.039499,2.067509,1442,7.5379
15786,42,40,4.405284,4.368818,1409,7.5275
15787,40,24,3.115312,3.353958,1405,7.5316
15788,24,62,3.617481,3.973441,1422,7.5164
15789,62,21,2.414692,2.553188,1402,7.4192
15790,21,55,3.320429,3.585414,1332,7.3054
15791,55,58,2.540358,2.736079,1451,7.5832
15792,58,4,4.624581,4.346678,1341,7.1789
15793,4,40,3.138489,2.936514,1393,7.4719
15794,40,23,3.631268,3.461491,1427,7.5852
15795,23,0,2.005422,2.018439,1451,7.5557
15796,0,62,3.018482,3.220888,1436,7.5815
15797,62,21,2.497237,2.522061,1414,7.5524
15798,21,54,3.034627,3.084938,1456,7.6745
15799,54,43,3.226649,3.350086,1394,7.4168
15800,43,23,3.393659,3.353709,1395,7.4983
15801,23,0,2.136441,1.979590,1416,7.5240
15802,0,57,1.986597,2.145190,1322,7.1351
15803,57,22,2.876944,3.290463,1326,7.0535
15804,22,38,1.518633,1.758725,1380,7.3721
15805,38,0,3.871148,4.734974,1456,7.6208
15806,0,57,2.017611,2.031704,1439,7.5784
15807,57,22,2.765815,3.195838,1355,7.1859
15808,22,2,2.966510,3.477899,1439,7.5681
15809,2,9,2.067522,2.439775,1409,7.5184
15810,9,13,3.943740,4.204474,1430,7.6025
15811,13,24,2.112464,2.419807,1394,7.3963
15812,24,41,2.381828,2.510493,1361,7.2604
15813,41,55,3.158357,3.710075,1448,7.6252
15814,55,58,2.392577,2.634761,1424,7.5636
15815,58,4,4.484534,4.261801,1468,7.5902
15816,4,15,2.499161,2.198959,1328,7.1841
15817,15,33,3.109859,3.581367,1420,7.5787
15818,33,47,2.930759,3.186343,1352,7.2238
15819,47,35,2.676645,2.749766,1441,7.6253
15820,35,48,4.325813,4.669951,1329,7.1525
15821,48,20,3.060320,3.251530,1286,7.0899
15822,20,30,3.072701,3.624561,1426,7.5453
15823,30,31,1.479233,1.624774,1396,7.4438
15824,31,30,1.913840,1.807918,1452,7.5412
15825,30,31,1.423601,1.549028,1452,7.5595
15826,31,30,1.824492,1.698481,1436,7.5330
15827,30,31,1.359855,1.474510,1447,7.5555
15828,31,42,2.192903,2.289017,1416,7.4927
15829,42,40,4.391992,4.240086,1390,7.4661
15830,40,24,3.270281,3.336052,1385,7.4116
15831,24,62,3.945752,3.855122,1451,7.5863
15832,62,46,2.681664,2.762822,1468,7.6350
15833,46,62,2.993501,2.336447,1383,7.4172
15834,62,46,2.650818,2.534290,1435,7.5724
15835,46,62,2.570518,2.146083,1432,7.5932
15836,62,48,3.528449,3.415632,1455,7.6025
15837,48,20,3.019068,3.165839,1400,7.4752
15838,20,19,3.472878,3.479735,1444,7.5444
15839,19,50,4.713070,4.567230,1354,7.2307
15840,50,34,2.006222,1.697565,1450,7.6203
15841,34,5,4.119853,4.516278,1463,7.6297
15842,5,13,3.363110,3.314304,1294,6.8866
15843,13,32,2.229610,2.353771,1426,7.5985
15844,32,10,4.833910,5.340559,1447,7.6069
15845,10,61,2.685002,2.356140,1383,7.4650
15846,61,53,3.839259,3.846258,1443,7.6012
15847,53,37,2.793351,3.034829,1410,7.5518
15848,37,47,3.435036,3.477728,1457,7.6519
15849,47,63,2.665482,3.297987,1434,7.6095
15850,63,37,3.285828,3.404877,1458,7.5913
15851,37,28,2.117016,2.198417,1415,7.4501
15852,28,53,3.017971,3.171751,1453,7.6725
15853,53,21,1.887091,1.646143,1446,7.5972
15854,21,53,1.814233,1.925942,1444,7.6791
15855,53,45,3.507991,3.585433,1411,7.5390
15856,45,21,3.043661,3.192314,1385,7.4285
15857,21,53,1.630702,1.789297,1461,7.7017
15858,53,45,3.199939,3.471611,1430,7.6169
15859,45,54,2.342640,2.092425,1439,7.6332
15860,54,43,3.106678,3.188462,1448,7.5821
15861,43,23,3.239512,3.231468,1301,6.9602
15862,23,62,3.033928,3.234498,1292,6.9284
15863,62,48,3.160237,3.307849,1467,7.6199
15864,48,41,3.139929,2.940407,1461,7.6391
15865,41,22,4.248555,4.220729,1448,7.6177
15866,22,60,3.197822,3.509355,1453,7.6380
15867,60,22,2.895886,2.504854,1404,7.3758
15868,22,38,1.552804,1.805077,1461,7.6248
15869,38,0,3.830064,4.514011,1418,7.5285
15870,0,62,3.138192,3.266221,1320,7.1618
15871,62,48,3.049396,3.210526,1437,7.5394
15872,48,20,2.998938,3.157327,1440,7.6524
15873,20,47,3.895543,3.874187,1443,7.5532
15874,47,63,2.469611,3.153148,1356,7.3042
15875,63,63,0.995052,0.741589,1421,7.4284
15876,63,63,0.865001,0.627627,1430,7.5130
15877,63,8,2.304952,2.068295,1432,7.5117
15878,8,4,3.641633,3.988807,1433,7.5356
15879,4,40,3.028159,3.025126,1389,7.4632
15880,40,23,3.727434,3.594551,1442,7.6158
15881,23,37,4.529911,4.475050,1396,7.3946
15882,37,28,2.183722,2.120059,1383,7.3799
15883,28,46,4.806273,5.031693,1388,7.4888
15884,46,5,4.302147,4.379349,1425,7.6050
15885,5,13,3.197874,3.186678,1429,7.5918
15886,13,31,4.231277,5.223392,1446,7.5744
15887,31,19,4.063030,4.293795,1447,7.5441
15888,19,51,1.753580,1.892935,1314,7.1201
15889,51,4,4.660699,5.321504,1442,7.6061
15890,4,15,2.477003,2.218539,1347,7.1478
15891,15,1,4.234192,4.312514,1304,6.9789
15892,1,46,2.913728,3.074629,1340,7.1569
15893,46,62,2.367868,2.206403,1445,7.6289
15894,62,21,2.900704,2.786872,1425,7.5750
15895,21,53,1.672683,1.761589,1454,7.6599
15896,53,37,2.839598,3.047653,1352,7.3275
15897,37,28,2.147123,2.072389,1326,7.1425
15898,28,46,4.474489,4.854836,1430,7.6468
15899,46,63,2.548709,2.472789,1442,7.5785
15900,63,37,3.207632,3.552449,1469,7.5979
15901,37,28,2.050066,2.014155,1359,7.2865
15902,28,46,4.377390,4.707697,1444,7.6922
15903,46,63,2.518961,2.336593,1466,7.6299
15904,63,8,2.278574,2.087270,1450,7.5747
15905,8,2,5.400290,5.212061,1449,7.6162
15906,2,52,3.365984,3.418421,1186,6.6662
15907,52,8,5.265097,5.244592,1331,7.1571
15908,8,27,2.812488,3.407996,1436,7.5583
15909,27,16,1.860172,2.127013,1451,7.6078
15910,16,40,4.682410,5.142891,1437,7.6596
15911,40,23,3.661518,3.411444,1428,7.5711
15912,23,62,2.682039,2.954947,1438,7.5200
15913,62,21,2.691819,2.702130,1440,7.5727
15914,21,54,2.830645,2.848122,1437,7.6136
15915,54,59,3.715614,4.303346,1412,7.4485
15916,59,43,3.071608,2.816661,1452,7.6196
15917,43,23,3.143214,3.219028,1449,7.6248
15918,23,62,2.586879,2.923059,1376,7.1879
15919,62,46,2.884903,2.880018,1311,7.0968
15920,46,62,2.951848,2.228291,1403,7.4755
15921,62,46,2.796805,2.628430,1401,7.5271
15922,46,63,2.189593,2.532873,1452,7.6011
15923,63,63,0.854017,0.610473,1460,7.5865
15924,63,8,2.261139,2.215394,1441,7.5508
15925,8,27,2.595950,3.363071,1475,7.5745
15926,27,16,1.800522,2.129943,1449,7.5718
15927,16,40,4.433394,4.958768,1404,7.6138
15928,40,23,3.488657,3.361144,1394,7.4680
15929,23,37,4.192138,4.385252,1451,7.5639
15930,37,62,4.345154,4.270485,1364,7.3632
15931,62,21,2.525586,2.552127,1446,7.5854
15932,21,53,1.814209,1.940992,1397,7.5098
15933,53,21,2.093772,1.794188,1389,7.4193
15934,21,53,1.668451,1.808271,1444,7.6415
15935,53,21,2.059595,1.687104,1411,7.5390
15936,21,53,1.617228,1.679588,1459,7.6452
15937,53,21,1.643160,1.589629,1416,7.5589
15938,21,54,2.888731,2.975726,1459,7.6858
15939,54,30,2.662671,2.791150,1445,7.5542
15940,30,40,5.288323,5.753953,1472,7.5870
15941,40,33,2.815172,2.683994,1427,7.5707
15942,33,47,2.671212,3.165451,1235,6.7746
15943,47,63,2.466580,3.050852,1422,7.5931
15944,63,37,3.345584,3.551117,1450,7.5850
15945,37,28,1.968070,2.024400,1445,7.6190
15946,28,46,4.235975,4.619223,1428,7.6233
15947,46,63,2.323120,2.415670,1449,7.6077
15948,63,63,0.810581,0.548590,1418,7.5563
15949,63,37,3.182873,3.479558,1443,7.5797
15950,37,28,1.963646,1.986733,1416,7.4912
15951,28,10,3.587928,3.305172,1453,7.7217
15952,10,61,2.733561,2.281050,1316,7.3032
15953,61,53,3.594068,3.753586,1444,7.5983
15954,53,21,1.864061,1.536538,1451,7.6494
15955,21,53,1.682716,1.712671,1449,7.6122
15956,53,21,1.713604,1.448368,1462,7.6587
15957,21,54,2.687098,2.861579,1468,7.6802
15958,54,30,2.569800,2.707452,1376,7.3144
15959,30,10,4.041154,4.486412,1446,7.5779
15960,10,61,2.542797,2.255983,1424,7.6391
15961,61,33,4.939975,4.685143,1460,7.6202
15962,33,47,2.573162,3.034923,1353,7.3380
15963,47,35,2.876080,2.888894,1418,7.5932
15964,35,43,3.272582,3.486235,1445,7.6110
15965,43,57,2.718570,2.830442,1276,6.9157
15966,57,35,4.456908,4.498518,1357,7.2155
15967,35,49,4.989072,5.224411,1429,7.5313
15968,49,17,2.468977,2.529383,1457,7.6403
15969,17,0,3.993405,4.576716,1383,7.4720
15970,0,57,2.089274,1.988500,1414,7.4741
15971,57,22,2.763377,3.189108,1309,6.9216
15972,22,38,1.500883,1.766848,1462,7.6116
15973,38,49,3.655585,4.268719,1449,7.6090
15974,49,17,2.476573,2.480794,1457,7.6412
15975,17,0,4.036486,4.407029,1394,7.4831
15976,0,62,3.267247,3.206366,1417,7.5362
15977,62,46,2.444985,2.532530,1347,7.2027
15978,46,62,2.804742,2.086666,1338,7.1581
15979,62,21,2.671504,2.599395,1393,7.4192
15980,21,55,3.607478,3.773649,1432,7.6421
15981,55,30,2.335347,2.708123,1396,7.4944
15982,30,31,1.680578,1.758101,1435,7.5602
15983,31,42,2.151004,2.126749,1426,7.5353
15984,42,22,4.082897,4.716811,1440,7.5674
15985,22,2,3.100749,3.638114,1432,7.5861
15986,2,9,2.034050,2.361536,1438,7.6011
15987,9,41,5.666726,6.285641,1445,7.6259
15988,41,55,3.443103,3.572717,1406,7.5778
15989,55,30,2.231417,2.647214,1441,7.5653
15990,30,10,4.062287,4.428574,1451,7.5873
15991,10,37,3.347985,3.261669,1344,7.3332
15992,37,62,4.479489,4.261967,1363,7.3052
15993,62,46,2.283916,2.271536,1344,7.2194
15994,46,63,2.467782,2.559753,1450,7.6006
15995,63,8,2.373123,2.308596,1467,7.5859
15996,8,2,5.054725,4.898181,1417,7.4663
15997,2,7,2.899441,3.112419,1338,7.0548
15998,7,57,3.654836,4.205586,1445,7.6499
15999,57,2,2.833770,3.274527,1333,7.0757
16000,2,7,2.797313,2.994086,1454,7.6199
16001,7,45,5.458065,5.246018,1376,7.4638
16002,45,21,2.947848,3.223520,1444,7.6207
16003,21,53,1.786665,1.779783,1443,7.6562
16004,53,37,2.851119,3.106782,1446,7.5930
16005,37,62,4.354097,4.183049,1387,7.4805
16006,62,21,2.364877,2.433253,1408,7.5232
16007,21,53,1.588172,1.728748,1394,7.4764
16008,53,21,1.732811,1.468824,1421,7.5670
16009,21,54,2.914227,2.885863,1456,7.6395
16010,54,43,3.376320,3.429052,1446,7.5860
16011,43,23,3.452937,3.219303,1423,7.5753
16012,23,37,4.271947,4.251300,1279,6.8710
16013,37,28,1.968025,2.024011,1448,7.6409
16014,28,10,3.275727,3.124859,1415,7.6060
16015,10,1,4.280373,4.368691,1409,7.5894
16016,1,59,2.837396,3.200355,1394,7.3453
16017,59,21,3.153174,3.550584,1442,7.6279
16018,21,54,2.480520,2.602133,1474,7.6624
16019,54,30,2.530285,2.671310,1461,7.5869
16020,30,31,1.696185,1.848608,1406,7.4598
16021,31,19,3.679879,4.039131,1452,7.5439
16022,19,50,4.456829,4.578179,1386,7.3483
16023,50,34,1.945913,1.671190,1349,7.3475
16024,34,5,4.075606,4.474082,1452,7.6492
16025,5,13,2.950587,3.038943,1447,7.6055
16026,13,24,2.416560,2.536543,1426,7.5620
16027,24,62,4.300178,4.319254,1454,7.5665
16028,62,21,2.173116,2.376519,1436,7.6016
16029,21,54,2.346252,2.488895,1409,7.5056
16030,54,43,3.198818,3.513351,1435,7.5290
16031,43,23,3.171061,3.135244,1370,7.3596
16032,23,62,2.887906,3.098016,1320,6.9720
16033,62,21,2.261044,2.317278,1377,7.3565
16034,21,53,1.847548,1.975213,1437,7.6434
16035,53,45,3.595566,3.767148,1360,7.3522
16036,45,54,2.204429,1.916504,1350,7.3079
16037,54,30,2.647059,2.669793,1372,7.1870
16038,30,10,3.811536,4.304584,1409,7.5061
16039,10,61,2.540797,2.371722,1401,7.4653
16040,61,33,4.427441,4.529658,1424,7.5673
16041,33,62,3.422912,3.322274,1430,7.6340
16042,62,21,1.968781,2.220188,1440,7.5859
16043,21,53,1.816331,1.932190,1385,7.3934
16044,53,21,1.641824,1.577710,1428,7.6158
16045,21,53,1.801179,1.815505,1443,7.6281
16046,53,37,2.967586,3.224891,1459,7.6386
16047,37,28,1.892203,2.006023,1453,7.6503
16048,28,10,3.179304,3.010024,1433,7.6984
16049,10,1,4.313211,4.336208,1269,7.1131
16050,1,46,3.139573,3.075832,1436,7.5470
16051,46,63,2.513851,2.422900,1476,7.6503
16052,63,8,2.189016,2.187202,1442,7.5660
16053,8,2,4.840710,4.880939,1464,7.5673
16054,2,52,3.270977,3.354343,1282,7.0475
16055,52,58,6.506240,6.364855,1435,7.5994
16056,58,4,4.156528,3.880054,1406,7.4422
16057,4,15,2.315556,2.076383,1448,7.5969
16058,15,1,4.230374,4.265297,1453,7.6197
16059,1,46,2.796460,2.981027,1330,7.0716
16060,46,63,2.374701,2.339859,1418,7.4843
16061,63,63,0.810956,0.576190,1436,7.5181
16062,63,63,0.639843,0.484541,1449,7.5819
16063,63,63,0.523102,0.409428,1435,7.5573
16064,63,63,0.507371,0.348645,1453,7.5828
16065,63,63,0.462141,0.296063,1437,7.5398
16066,63,37,3.600065,4.010717,1457,7.5944
16067,37,28,1.973919,1.987517,1454,7.6062
16068,28,53,3.144576,3.393598,1459,7.6814
16069,53,37,2.755285,2.912575,1407,7.6449
16070,37,62,4.318458,4.220095,1444,7.6216
16071,62,46,2.276394,2.328450,1420,7.5421
16072,46,63,1.993919,2.133043,1438,7.5981
16073,63,37,3.196891,3.614666,1454,7.5943
16074,37,62,4.003866,4.109851,1460,7.6210
16075,62,21,2.224483,2.154237,1317,7.0474
16076,21,53,1.629417,1.790263,1457,7.6547
16077,53,37,2.409386,2.724066,1245,6.8848
16078,37,62,3.875236,4.025628,1452,7.5838
16079,62,46,2.175385,2.218365,1410,7.4977
16080,46,63,2.208573,2.214943,1455,7.5918
16081,63,8,2.653890,2.751525,1447,7.5600
16082,8,4,3.711933,3.941519,1445,7.5376
16083,4,40,2.809747,3.021320,1295,7.0167
16084,40,23,3.612733,3.442265,1365,7.3773
16085,23,0,2.618719,2.781962,1454,7.5607
16086,0,57,2.044856,1.984338,1333,7.2106
16087,57,2,2.841931,3.263950,1356,7.1752
16088,2,9,2.032678,2.484142,1390,7.3147
16089,9,13,4.107943,4.272046,1448,7.6606
16090,13,32,2.154842,2.281930,1450,7.6336
16091,32,10,5.100507,5.526318,1405,7.5294
16092,10,1,3.941473,4.142457,1272,6.8192
16093,1,59,3.094281,3.221268,1438,7.5438
16094,59,21,3.050810,3.657971,1432,7.6078
16095,21,54,2.806633,2.671676,1440,7.6239
16096,54,43,3.067516,3.335550,1462,7.5960
16097,43,23,3.136307,3.092793,1275,6.9144
16098,23,37,4.003307,4.179924,1427,7.5352
16099,37,62,3.887011,3.738212,1437,7.6255
16100,62,21,1.979946,2.084271,1425,7.5641
16101,21,55,3.973566,3.908417,1434,7.6056
16102,55,30,2.366598,2.553050,1300,6.9568
16103,30,31,1.655120,1.888232,1475,7.5987
16104,31,42,2.110684,2.131325,1449,7.5744
16105,42,40,4.206687,4.271159,1433,7.5840
16106,40,24,3.298145,3.313376,1374,7.2417
16107,24,41,2.412521,2.512861,1429,7.5524
16108,41,22,3.712024,3.985883,1438,7.6114
16109,22,38,1.576754,1.767331,1368,7.3554
16110,38,26,3.173174,3.679863,1460,7.6293
16111,26,17,2.304524,2.216185,1432,7.5434
16112,17,23,6.161057,6.665822,1391,7.4240
16113,23,37,3.622192,4.064730,1370,7.2731
16114,37,62,3.556734,3.509015,1373,7.4156
16115,62,46,2.112250,2.137823,1483,7.6488
16116,46,63,2.315836,2.254940,1421,7.5369
16117,63,63,0.644817,0.398897,1399,7.3487
16118,63,8,2.652212,2.674190,1354,7.2523
16119,8,2,5.071829,4.799160,1444,7.5683
16120,2,7,2.703342,2.934899,1277,6.9127
16121,7,57,3.540887,4.041086,1392,7.4753
16122,57,2,2.651364,3.139738,1362,7.3615
16123,2,9,2.164769,2.462320,1388,7.2743
16124,9,41,5.701561,6.059194,1366,7.3404
16125,41,22,3.539829,3.685075,1388,7.4447
16126,22,60,2.870095,3.391581,1360,7.2702
16127,60,22,2.827028,2.500679,1454,7.5964
16128,22,60,2.673868,3.166938,1432,7.5579
16129,60,7,3.273788,3.017309,1421,7.5029
16130,7,45,5.235769,5.145273,1468,7.6455
16131,45,21,3.445547,3.559640,1324,7.1577
16132,21,54,2.721328,2.501958,1442,7.6483
16133,54,30,2.489795,2.578929,1363,7.3548
16134,30,31,1.589249,1.885301,1434,7.5463
16135,31,42,1.972107,2.094569,1465,7.5632
16136,42,22,3.905927,4.609210,1396,7.3954
16137,22,60,2.586184,2.998814,1427,7.5664
16138,60,7,3.081085,2.937080,1426,7.5828
16139,7,45,4.952320,5.035016,1353,7.3500
16140,45,54,2.083448,2.003628,1353,7.3108
16141,54,30,2.340754,2.483377,1442,7.6008
16142,30,31,1.563744,1.896951,1387,7.3802
16143,31,42,1.891175,2.057283,1437,7.5265
16144,42,55,4.042078,4.765894,1413,7.5036
16145,55,26,4.300628,4.682547,1439,7.5760
16146,26,13,4.943473,4.809429,1461,7.5953
16147,13,24,2.337819,2.537541,1461,7.6388
16148,24,41,2.359760,2.478401,1345,7.0979
16149,41,22,3.594953,3.621893,1371,7.3455
16150,22,38,1.681954,1.945237,1453,7.6043
16151,38,49,3.621617,3.962913,1450,7.6027
16152,49,24,4.667303,4.717022,1393,7.4801
16153,24,36,4.712010,4.904711,1382,7.4256
16154,36,20,4.768516,4.278744,1328,7.0866
16155,20,19,3.378292,3.319291,1406,7.4663
16156,19,51,1.982367,1.949704,1437,7.6138
16157,51,4,4.196711,5.077723,1382,7.3810
16158,4,40,2.971325,2.963202,1345,7.2209
16159,40,24,3.228869,3.381610,1422,7.5611
16160,24,62,4.463988,4.616256,1428,7.5447
16161,62,48,3.165987,3.385328,1445,7.5980
16162,48,41,3.061841,2.958242,1434,7.6175
16163,41,22,3.070056,3.431776,1423,7.5973
16164,22,38,1.557947,1.872754,1463,7.6212
16165,38,0,3.408173,4.342610,1425,7.5738
16166,0,57,2.059543,1.935653,1402,7.5285
16167,57,2,2.731763,3.101187,1433,7.5253
16168,2,7,2.436513,2.835336,1467,7.6280
16169,7,45,4.871676,4.911060,1435,7.6012
16170,45,21,3.370173,3.557529,1378,7.3081
16171,21,53,2.027929,1.883003,1390,7.4813
16172,53,21,1.910785,1.720476,1399,7.4671
16173,21,53,1.895603,1.744029,1444,7.6574
16174,53,21,1.772608,1.615444,1425,7.5872
16175,21,53,1.698400,1.621240,1458,7.6553
16176,53,37,2.529431,2.851664,1410,7.5462
16177,37,62,3.593483,3.586959,1402,7.5377
16178,62,21,2.111685,2.191243,1412,7.5229
16179,21,53,1.628555,1.579703,1436,7.5729
16180,53,21,1.889180,1.551809,1347,7.1428
16181,21,54,2.636085,2.669214,1434,7.6163
16182,54,43,3.341493,3.370549,1436,7.5236
16183,43,57,2.659616,3.174682,1382,7.4478
16184,57,22,3.277755,3.666722,1349,7.2499
16185,22,60,2.494599,3.040000,1451,7.6046
16186,60,7,2.752489,2.820639,1393,7.4595
16187,7,1,5.160341,5.349819,1440,7.6241
16188,1,46,2.768438,2.991628,1429,7.5363
16189,46,63,2.149248,2.123542,1430,7.6192
16190,63,37,3.102815,3.511014,1467,7.6197
16191,37,62,3.428749,3.447630,1388,7.3716
16192,62,46,2.117475,2.149235,1459,7.5883
16193,46,62,2.161695,1.870920,1462,7.6123
16194,62,48,3.357197,3.415509,1434,7.5464
16195,48,41,3.133929,2.894870,1444,7.6201
16196,41,24,2.227362,2.594951,1386,7.4375
16197,24,62,4.360985,4.705521,1446,7.5492
16198,62,21,2.227929,2.189618,1455,7.5722
16199,21,53,1.699915,1.603909,1417,7.5768
16200,53,37,2.463943,2.825311,1316,7.0842
16201,37,62,3.273136,3.419572,1442,7.6253
16202,62,21,2.116554,2.095806,1435,7.5405
16203,21,53,1.572596,1.584008,1353,7.2969
16204,53,21,1.616800,1.524768,1427,7.5983
16205,21,54,2.672370,2.727468,1459,7.6269
16206,54,43,3.039029,3.267479,1444,7.5509
16207,43,23,3.225708,3.160542,1424,7.5690
16208,23,0,2.791079,2.739512,1463,7.5687
16209,0,43,4.895272,4.985504,1428,7.5929
16210,43,23,3.037758,2.898132,1441,7.5858
16211,23,0,2.852116,2.707271,1467,7.6053
16212,0,57,1.965918,1.922237,1431,7.5874
16213,57,2,2.512677,3.089483,1320,6.9950
16214,2,9,2.243141,2.542048,1306,7.0635
16215,9,41,5.619157,5.899473,1438,7.6339
16216,41,22,2.937439,3.288419,1400,7.4701
16217,22,60,2.285882,2.920632,1442,7.5992
16218,60,22,2.558778,2.289789,1371,7.2322
16219,22,38,1.639776,1.980789,1450,7.5917
16220,38,26,3.242323,3.564015,1433,7.5988
16221,26,42,3.433390,4.288295,1479,7.5855
16222,42,55,3.695598,4.498556,1436,7.5536
16223,55,58,2.541963,2.772590,1437,7.5867
16224,58,15,3.241754,3.135211,1440,7.5238
16225,15,1,4.128551,4.158169,1403,7.5370
16226,1,33,3.784643,3.373112,1323,7.1625
16227,33,62,3.299332,3.305164,1428,7.6057
16228,62,21,1.872208,1.980597,1377,7.3497
16229,21,53,1.500808,1.641334,1438,7.6224
16230,53,21,1.542567,1.437157,1343,7.2218
16231,21,55,4.117704,4.227588,1461,7.6263
16232,55,58,2.232887,2.756885,1376,7.3855
16233,58,15,3.116298,3.103853,1382,7.3588
16234,15,33,3.479256,3.723365,1429,7.5800
16235,33,48,4.385485,4.835517,1394,7.4975
16236,48,13,5.234098,5.213451,1450,7.6513
16237,13,32,2.227735,2.259022,1415,7.5303
16238,32,29,3.123090,3.250260,1452,7.6227
16239,29,29,0.736462,0.383373,1426,7.5814
16240,29,23,6.256538,7.085675,1421,7.5841
16241,23,0,2.506563,2.553671,1458,7.6115
16242,0,57,1.883099,1.840014,1382,7.4689
16243,57,35,4.502206,4.493988,1350,7.2993
16244,35,43,3.564060,3.574489,1202,6.5837
16245,43,3,5.498239,5.646461,1394,7.4431
16246,3,1,4.618501,4.541434,1456,7.5991
16247,1,59,2.784047,3.199890,1355,7.2670
16248,59,43,3.184453,2.894986,1449,7.6552
16249,43,23,3.000170,2.808751,1438,7.5711
16250,23,0,2.463787,2.517947,1395,7.4634
16251,0,62,4.224512,3.950979,1444,7.5677
16252,62,21,1.843244,1.899157,1402,7.5292
16253,21,53,1.714288,1.664715,1456,7.6438
16254,53,45,4.301091,4.672687,1448,7.6463
16255,45,21,3.355260,3.437820,1360,7.3251
16256,21,53,1.525644,1.499254,1434,7.6015
16257,53,45,3.955058,4.531263,1456,7.6429
16258,45,54,2.349674,2.002064,1423,7.5115
16259,54,30,2.729625,2.651841,1447,7.5868
16260,30,31,1.560433,1.883418,1455,7.5959
16261,31,42,1.990599,2.037086,1419,7.5049
16262,42,55,3.525162,4.336406,1402,7.4683
16263,55,30,2.354688,2.491963,1441,7.5777
16264,30,31,1.582631,1.862741,1422,7.5097
16265,31,42,1.947953,2.011592,1463,7.5425
16266,42,55,3.298727,4.198380,1414,7.5376
16267,55,58,2.358879,2.659035,1426,7.5547
16268,58,51,4.656460,5.282943,1373,7.2949
16269,51,4,4.123042,4.725866,1320,7.0253
16270,4,15,2.278146,2.149255,1312,7.1396
16271,15,1,4.146435,4.140668,1427,7.5567
16272,1,46,2.705468,3.036262,1442,7.5391
16273,46,63,2.390185,2.162620,1392,7.3754
16274,63,8,2.425077,2.433544,1377,7.3414
16275,8,2,4.879963,4.839436,1468,7.5987
16276,2,9,2.110061,2.401822,1438,7.5848
16277,9,41,5.356138,5.770248,1390,7.4677
16278,41,24,2.347143,2.452453,1401,7.5441
16279,24,62,4.528241,4.643193,1300,6.9541
16280,62,21,1.880967,1.992559,1451,7.5929
16281,21,54,2.825247,2.752982,1459,7.6607
16282,54,30,2.347639,2.580555,1418,7.5131
16283,30,40,5.426855,5.887826,1445,7.5613
16284,40,23,3.980769,3.724087,1325,7.0460
16285,23,0,2.326270,2.414835,1433,7.5547
16286,0,57,1.801367,1.850617,1430,7.5485
16287,57,22,3.132820,3.648146,1344,7.2014
16288,22,2,3.523168,4.087069,1385,7.4350
16289,2,7,2.407536,2.832676,1444,7.6152
16290,7,1,5.292718,5.242740,1402,7.4873
16291,1,46,2.596027,2.949979,1381,7.4291
16292,46,62,2.191400,2.025396,1463,7.5982
16293,62,46,2.294177,2.258933,1349,7.1680
16294,46,63,2.158955,2.148969,1427,7.5003
16295,63,63,0.825546,0.511855,1412,7.4159
16296,63,37,3.105639,3.499380,1438,7.5727
16297,37,62,3.530134,3.416698,1471,7.6571
16298,62,46,2.135463,2.167024,1470,7.5825
16299,46,62,2.038698,1.850894,1446,7.5932
16300,62,46,1.905447,2.026817,1442,7.5664
16301,46,63,2.067618,2.195031,1439,7.5723
16302,63,8,2.573261,2.521172,1384,7.3661
16303,8,2,4.840920,4.782848,1440,7.5258
16304,2,9,2.063974,2.408137,1275,6.9976
16305,9,13,4.058083,4.325851,1431,7.6204
16306,13,32,2.090258,2.217763,1442,7.6070
16307,32,5,3.048302,3.016414,1428,7.5762
16308,5,13,3.286913,3.136719,1395,7.3865
16309,13,32,2.148889,2.095227,1428,7.5494
16310,32,5,2.846189,2.926872,1439,7.6210
16311,5,13,3.121867,2.994456,1400,7.4241
16312,13,24,2.402440,2.654872,1439,7.5851
16313,24,62,4.495808,4.619569,1431,7.5577
16314,62,21,2.099326,2.119424,1451,7.5789
16315,21,54,2.554803,2.534039,1440,7.5888
16316,54,43,3.333856,3.418683,1421,7.5446
16317,43,23,2.968821,2.804219,1301,7.0549
16318,23,0,2.165673,2.388370,1363,7.2127
16319,0,62,4.206561,3.926191,1378,7.3540
16320,62,21,2.032955,2.039211,1440,7.5724
16321,21,53,1.765498,1.743017,1445,7.6248
16322,53,45,3.493577,4.104131,1444,7.6145
16323,45,21,3.286881,3.456567,1438,7.6072
16324,21,53,1.648764,1.598585,1439,7.6362
16325,53,45,3.437816,3.994564,1456,7.6432
16326,45,21,3.144148,3.287794,1442,7.5812
16327,21,53,1.530003,1.476497,1439,7.6075
16328,53,45,3.219820,3.876984,1449,7.6380
16329,45,21,2.877367,3.118263,1470,7.6382
16330,21,53,1.425356,1.390255,1463,7.6379
16331,53,45,3.337901,3.742237,1448,7.6068
16332,45,21,2.734177,2.949789,1449,7.6112
16333,21,53,1.360697,1.327978,1460,7.5829
16334,53,21,1.599294,1.510871,1386,7.3881
16335,21,53,1.304747,1.281472,1442,7.6253
16336,53,45,3.244858,3.694754,1446,7.6202
16337,45,21,2.520098,2.716765,1435,7.6061
16338,21,54,2.704227,2.630997,1390,7.4852
16339,54,30,2.803998,2.646350,1452,7.5940
16340,30,31,1.694854,1.955053,1446,7.5978
16341,31,30,2.004092,1.798606,1458,7.5753
16342,30,31,1.666729,1.843780,1489,7.6092
16343,31,30,1.817465,1.684881,1460,7.5794
16344,30,31,1.551237,1.740952,1457,7.5586
16345,31,42,2.038560,2.237677,1428,7.5341
16346,42,40,4.397475,4.340426,1440,7.5544
16347,40,24,3.047239,3.266476,1323,7.1535
16348,24,41,2.497492,2.549797,1372,7.1830
16349,41,24,2.348591,2.297724,1434,7.6249
16350,24,41,2.294709,2.355186,1455,7.5698
16351,41,24,2.018137,2.140482,1423,7.5926
16352,24,62,4.212422,4.567292,1444,7.5611
16353,62,48,3.299332,3.295400,1454,7.5757
16354,48,20,3.142320,3.217530,1430,7.5965
16355,20,30,3.516508,3.928520,1440,7.5691
16356,30,31,1.415302,1.656808,1445,7.5530
16357,31,30,1.809308,1.634251,1453,7.5456
16358,30,31,1.287827,1.580712,1442,7.5551
16359,31,42,2.097079,2.332274,1456,7.5370
16360,42,40,4.148416,4.188684,1382,7.3464
16361,40,23,3.903085,3.699366,1270,7.0671
16362,23,0,2.206388,2.273318,1411,7.4856
16363,0,62,3.726224,3.820448,1464,7.6119
16364,62,21,2.378867,2.354203,1333,7.1652
16365,21,53,1.461586,1.366763,1453,7.6210
16366,53,45,3.181949,3.459206,1438,7.6240
16367,45,21,2.487002,2.669067,1453,7.6192
16368,21,53,1.397214,1.307380,1447,7.5986
16369,53,45,2.866358,3.331402,1409,7.5736
16370,45,54,2.278446,2.059449,1468,7.6338
16371,54,43,3.448149,3.378202,1437,7.5874
16372,43,57,3.006147,3.259653,1434,7.5920
16373,57,2,2.917008,3.275339,1324,7.0897
16374,2,9,1.877565,2.323513,1455,7.6370
16375,9,41,5.237958,5.720142,1280,7.0801
16376,41,22,3.069182,3.234146,1398,7.3933
16377,22,38,1.855400,1.959197,1450,7.5983
16378,38,49,3.434490,3.884062,1450,7.6035
16379,49,24,4.624113,4.655899,1314,7.0452
16380,24,62,3.664251,4.390596,1436,7.5582
16381,62,48,3.055503,3.141709,1460,7.5962
16382,48,13,5.151092,5.214561,1350,7.1999
16383,13,32,2.179753,2.069797,1434,7.5715
16384,32,5,2.975598,2.797636,1400,7.5349
16385,5,13,3.027971,2.872747,1382,7.3129
16386,13,24,2.319458,2.616873,1447,7.5975
16387,24,41,2.305938,2.291451,1443,7.5644
16388,41,55,3.914599,3.952132,1445,7.6339
16389,55,26,3.791192,4.389753,1430,7.5600
16390,26,13,5.070864,4.845816,1304,6.8601
16391,13,24,2.150145,2.481575,1434,7.5671
16392,24,41,2.057071,2.195491,1423,7.5202
16393,41,24,1.982524,2.005059,1447,7.6147
16394,24,62,4.021187,4.447690,1461,7.5622
16395,62,46,2.076023,2.210816,1457,7.5741
16396,46,62,2.326010,1.986163,1458,7.6270
16397,62,48,3.104903,3.062756,1455,7.5772
16398,48,20,3.114718,3.227275,1463,7.6270
16399,20,19,3.382511,3.357835,1442,7.5554
16400,19,51,2.010327,1.892409,1432,7.6189
16401,51,56,2.853561,3.626252,1340,7.2111
16402,56,54,6.430516,6.892418,1310,7.1371
16403,54,59,4.250054,4.651470,1394,7.4378
16404,59,21,3.227472,3.428027,1423,7.5647
16405,21,54,2.599430,2.481285,1449,7.6214
16406,54,43,2.935353,3.189556,1454,7.5782
16407,43,23,2.891638,2.854650,1417,7.4901
16408,23,0,2.139561,2.238508,1302,7.0925
16409,0,57,1.859978,1.968137,1441,7.5704
16410,57,2,2.620056,3.209598,1303,6.9329
16411,2,9,1.778046,2.284336,1441,7.6037
16412,9,16,3.754346,3.964521,1381,7.4647
16413,16,40,4.822267,5.224666,1283,7.1023
16414,40,23,3.653764,3.589361,1389,7.3296
16415,23,0,2.087622,2.146789,1339,7.1923
16416,0,62,3.854915,3.760476,1427,7.5556
16417,62,48,2.901560,2.900438,1450,7.6088
16418,48,13,5.306721,5.265328,1446,7.6211
16419,13,24,1.987296,2.332181,1441,7.5889
16420,24,41,1.949248,2.123364,1434,7.5083
16421,41,55,4.084301,3.924566,1436,7.5885
16422,55,58,2.372724,2.567763,1412,7.5400
16423,58,4,4.151117,4.005035,1448,7.5701
16424,4,23,4.913027,5.543048,1397,7.4714
16425,23,62,3.195157,3.440379,1458,7.5882
16426,62,21,2.598597,2.632016,1424,7.5493
16427,21,53,1.656047,1.430737,1435,7.5993
16428,53,21,1.656726,1.510823,1457,7.6528
16429,21,54,2.512861,2.460888,1432,7.5925
16430,54,43,2.914026,3.116180,1440,7.5989
16431,43,23,2.953911,2.970020,1417,7.5185
16432,23,37,3.996924,4.195306,1453,7.5644
16433,37,47,3.332962,3.585688,1466,7.6367
16434,47,63,2.895967,3.273186,1471,7.6509
16435,63,8,2.287122,2.185027,1364,7.2888
16436,8,27,3.297398,3.795346,1442,7.5612
16437,27,27,1.064461,0.713192,1437,7.5791
16438,27,27,0.883916,0.600477,1431,7.5550
16439,27,16,1.913314,2.257816,1446,7.5515
16440,16,41,4.138645,4.642714,1441,7.6329
16441,41,22,2.895929,3.429052,1297,7.0966
16442,22,60,2.379361,2.928107,1326,7.1062
16443,60,7,2.865806,2.839302,1323,7.1975
16444,7,45,5.527162,5.450753,1373,7.3600
16445,45,21,2.408172,2.620189,1429,7.5855
16446,21,55,4.055830,4.344544,1437,7.6202
16447,55,58,2.254053,2.521784,1442,7.5821
16448,58,15,3.084656,3.225307,1424,7.5680
16449,15,26,3.289705,3.467037,1457,7.6162
16450,26,13,4.915532,4.723058,1441,7.6027
16451,13,31,4.557101,5.298830,1431,7.6058
16452,31,19,3.952710,4.231577,1418,7.5385
16453,19,50,4.625829,4.492186,1445,7.6230
16454,50,34,1.967585,1.658338,1403,7.4909
16455,34,5,3.937798,4.279019,1347,7.2657
16456,5,13,2.927873,2.907121,1428,7.5686
16457,13,32,2.281243,2.148716,1448,7.6032
16458,32,29,3.221160,3.355414,1296,7.0948
16459,29,23,5.857177,6.837315,1332,7.1993
16460,23,0,2.285202,2.200188,1383,7.2709
16461,0,57,1.805654,1.991222,1446,7.5798
16462,57,35,4.419795,4.342746,1323,7.1109
16463,35,43,3.644829,3.613329,1429,7.6030
16464,43,57,3.055112,3.318258,1426,7.5515
16465,57,2,2.552502,3.161107,1392,7.3839
16466,2,9,1.804806,2.255258,1391,7.4365
16467,9,13,4.644140,4.884406,1440,7.6447
16468,13,32,2.023191,2.076730,1430,7.5803
16469,32,10,5.054803,5.531656,1398,7.5399
16470,10,1,3.949110,4.053665,1438,7.6396
16471,1,46,2.858009,2.960807,1448,7.5640
16472,46,62,2.233912,2.007734,1443,7.5998
16473,62,46,2.187385,2.255439,1443,7.5863
16474,46,63,2.544335,2.275290,1441,7.5842
16475,63,8,2.232923,2.134575,1399,7.3876
16476,8,2,5.133888,4.961520,1327,7.0536
16477,2,9,1.877081,2.162198,1266,6.9020
16478,9,13,4.447223,4.771821,1441,7.6579
16479,13,24,2.136352,2.438666,1433,7.5917
16480,24,41,1.871011,2.059075,1396,7.4567
16481,41,22,2.927761,3.346159,1451,7.6422
16482,22,38,1.877185,2.021010,1406,7.4854
16483,38,26,3.021419,3.445051,1338,7.1784
16484,26,17,2.539364,2.437823,1471,7.5901
16485,17,0,4.251542,4.815788,1432,7.6150
16486,0,57,1.728304,1.867170,1459,7.5897
16487,57,2,2.657776,3.256327,1367,7.2792
16488,2,9,1.740976,2.117403,1428,7.5524
16489,9,16,4.070925,4.041759,1424,7.6284
16490,16,40,4.492678,5.024918,1349,7.3488
16491,40,24,3.461733,3.425695,1375,7.4116
16492,24,62,4.206754,4.340798,1462,7.5836
16493,62,46,2.110287,2.153679,1453,7.5806
16494,46,5,4.902433,5.576522,1327,7.1593
16495,5,13,3.104407,2.983407,1439,7.6323
16496,13,24,2.046445,2.449129,1390,7.4473
16497,24,41,1.872127,2.018934,1447,7.5551
16498,41,22,2.944657,3.225796,1448,7.6102
16499,22,38,1.683970,1.970275,1435,7.5965
16500,38,26,2.934121,3.363582,1460,7.6296
16501,26,13,4.806908,4.824347,1426,7.5987
16502,13,32,2.169943,2.081299,1438,7.6126
16503,32,10,4.937260,5.335707,1352,7.3276
16504,10,61,2.337319,2.148574,1356,7.3700
16505,61,6,2.710563,3.262190,1323,7.1029
16506,6,12,2.499138,2.636884,1406,7.4531
16507,12,40,5.286788,5.638331,1447,7.5945
16508,40,24,2.865358,3.340652,1368,7.2671
16509,24,41,1.758894,1.933578,1372,7.3086
16510,41,24,1.814917,1.953027,1442,7.5790
16511,24,62,3.775196,4.268097,1447,7.5830
16512,62,48,2.842439,2.894744,1409,7.5083
16513,48,13,4.980187,5.251638,1438,7.5952
16514,13,31,4.335731,5.300327,1443,7.5839
16515,31,30,1.837074,1.666344,1447,7.5727
16516,30,10,4.149610,4.594184,1436,7.5581
16517,10,1,3.840070,3.961577,1417,7.6126
16518,1,33,3.685371,3.292008,1330,7.1712
16519,33,47,2.526980,2.947186,1402,7.5845
16520,47,35,2.880426,2.919719,1376,7.3910
16521,35,48,4.594486,4.756963,1415,7.5374
16522,48,20,2.917183,3.173560,1397,7.4544
16523,20,19,3.152064,3.286518,1432,7.5369
16524,19,51,2.010988,1.961069,1280,7.0655
16525,51,56,2.934372,3.510069,1458,7.6069
16526,56,54,6.377110,6.914788,1355,7.2879
16527,54,30,2.182037,2.710655,1413,7.5713
16528,30,10,3.985415,4.435073,1458,7.5869
16529,10,37,3.448792,3.426851,1421,7.5761
16530,37,62,4.148782,4.010635,1408,7.4451
16531,62,48,2.820203,2.808397,1425,7.5138
16532,48,13,5.116421,5.191877,1457,7.6233
16533,13,24,1.982056,2.375418,1444,7.6043
16534,24,62,3.913284,4.290463,1399,7.4023
16535,62,46,2.099621,2.146545,1437,7.5590
16536,46,62,2.262780,1.956843,1452,7.5987
16537,62,21,2.617973,2.782492,1427,7.5386
16538,21,53,1.654993,1.553551,1424,7.5683
16539,53,21,1.514323,1.407008,1445,7.6352
16540,21,54,2.604986,2.518089,1459,7.6207
16541,54,43,2.923845,3.032597,1440,7.6175
16542,43,23,3.089147,2.920475,1434,7.6054
16543,23,0,2.359943,2.268025,1350,7.1709
16544,0,57,1.597483,1.822732,1429,7.5742
16545,57,2,2.602874,3.186041,1398,7.3511
16546,2,9,1.569831,2.078884,1464,7.6366
16547,9,41,5.265749,6.022575,1398,7.3979
16548,41,24,1.646314,1.822048,1417,7.5566
16549,24,41,1.867899,1.971829,1449,7.5616
16550,41,55,4.011194,4.113628,1423,7.5760
16551,55,58,2.276214,2.453487,1418,7.5223
16552,58,4,4.092060,3.996594,1423,7.4949
16553,4,23,4.721017,5.487000,1438,7.6218
16554,23,37,3.845750,3.887844,1445,7.6112
16555,37,62,3.904756,3.872552,1442,7.6240
16556,62,48,2.859507,2.758685,1431,7.5549
16557,48,41,3.282858,3.643821,1448,7.5985
16558,41,24,1.657319,1.807371,1395,7.5041
16559,24,62,3.752170,4.399180,1437,7.5638
16560,62,46,2.012946,2.104997,1439,7.5600
16561,46,62,2.008250,1.860798,1454,7.5997
16562,62,21,2.475072,2.714360,1421,7.5630
16563,21,54,2.390390,2.358918,1448,7.6192
16564,54,30,2.745876,2.786249,1455,7.6247
16565,30,31,1.648756,1.890312,1446,7.5699
16566,31,42,2.220437,2.214187,1462,7.5715
16567,42,40,4.225157,4.195154,1329,7.1389
16568,40,23,3.563432,3.444920,1439,7.5808
16569,23,0,2.259170,2.219360,1446,7.5725
16570,0,62,3.456431,3.757824,1443,7.5885
16571,62,21,2.641906,2.606181,1445,7.5729
16572,21,53,1.780664,1.701409,1435,7.5898
16573,53,21,1.441350,1.371030,1412,7.5503
16574,21,53,1.679821,1.604025,1468,7.6352
16575,53,21,1.364190,1.307393,1427,7.6109
16576,21,55,4.092994,4.364768,1456,7.6068
16577,55,30,2.369322,2.522316,1422,7.5736
16578,30,31,1.520818,1.826554,1438,7.5633
16579,31,30,1.711977,1.550710,1437,7.5338
16580,30,31,1.344175,1.739735,1445,7.5475
16581,31,30,1.709703,1.481294,1442,7.4784
16582,30,31,1.281766,1.661307,1434,7.5363
16583,31,42,2.312633,2.446266,1456,7.5424
16584,42,22,4.182883,4.683612,1405,7.5123
16585,22,38,1.647809,1.860177,1430,7.5532
16586,38,0,4.415808,5.327363,1448,7.6042
16587,0,57,1.662748,1.750896,1295,7.0270
16588,57,35,4.358717,4.433450,1375,7.2433
16589,35,48,4.650382,4.668708,1270,7.0698
16590,48,13,4.917978,5.062885,1302,7.0642
16591,13,32,2.265975,2.240318,1454,7.6173
16592,32,10,4.680386,5.163166,1428,7.5855
16593,10,37,3.541098,3.376410,1417,7.5706
16594,37,28,2.531555,2.329133,1460,7.6833
16595,28,46,4.410585,4.487831,1323,7.1453
16596,46,63,2.555458,2.391187,1374,7.2313
16597,63,63,0.942180,0.691089,1347,7.3007
16598,63,63,0.735836,0.582372,1400,7.4502
16599,63,37,3.497120,3.835641,1447,7.6020
16600,37,28,2.222956,2.260925,1475,7.6623
16601,28,10,3.619832,3.283821,1403,7.5244
16602,10,1,3.904664,3.906474,1415,7.5688
16603,1,33,3.502241,3.224818,1360,7.2948
16604,33,62,3.625655,3.348637,1369,7.3472
16605,62,48,2.951631,2.833370,1449,7.5996
16606,48,41,3.417625,3.587297,1444,7.6051
16607,41,24,1.662039,1.791286,1443,7.6359
16608,24,62,3.821101,4.340361,1459,7.5590
16609,62,46,2.161404,2.249391,1465,7.5842
16610,46,63,2.211766,2.237288,1457,7.6020
16611,63,63,0.688517,0.505067,1374,7.3326
16612,63,8,2.483020,2.412412,1456,7.5793
16613,8,27,3.041606,3.632509,1402,7.4311
16614,27,16,1.911618,2.242041,1449,7.5753
16615,16,40,4.508015,4.930529,1445,7.6472
16616,40,33,3.358705,3.046448,1408,7.4926
16617,33,47,2.490678,2.908669,1358,7.2996
16618,47,37,2.668780,3.108267,1450,7.6325
16619,37,62,4.154046,4.088308,1383,7.3897
16620,62,46,1.962794,2.092936,1464,7.6093
16621,46,63,2.204857,2.201019,1435,7.5807
16622,63,8,2.235098,2.317953,1461,7.5813
16623,8,27,2.995249,3.567815,1436,7.5202
16624,27,27,0.898351,0.560535,1446,7.5688
16625,27,27,0.697768,0.469001,1460,7.5604
16626,27,16,2.079633,2.453812,1456,7.5726
16627,16,4,5.079735,5.617342,1421,7.5874
16628,4,40,3.193856,3.184193,1327,7.1700
16629,40,24,2.967925,3.338711,1377,7.4167
16630,24,62,3.843130,4.242433,1339,7.2249
16631,62,21,2.432847,2.556877,1440,7.5660
16632,21,53,1.744974,1.598630,1430,7.6097
16633,53,21,1.375729,1.298736,1420,7.6116
16634,21,53,1.594661,1.505135,1456,7.6133
16635,53,45,3.152345,3.472551,1451,7.6306
16636,45,21,2.477632,2.604674,1220,6.6434
16637,21,55,3.980655,4.160912,1433,7.5912
16638,55,26,4.017123,4.574307,1407,7.4805
16639,26,13,4.827193,4.633454,1415,7.5559
16640,13,32,2.236960,2.184658,1449,7.6072
16641,32,29,3.132325,3.393397,1370,7.3507
16642,29,29,0.735713,0.389478,1439,7.6055
16643,29,4,6.202207,6.229072,1472,7.6330
16644,4,15,2.323408,2.073998,1390,7.4073
16645,15,1,4.030646,4.174518,1383,7.4088
16646,1,46,2.883503,3.102037,1447,7.5803
16647,46,63,2.211040,2.103708,1275,6.9189
16648,63,37,3.338877,3.658744,1437,7.5377
16649,37,47,3.263461,3.469905,1437,7.6137
16650,47,37,2.568571,2.843066,1445,7.5953
16651,37,62,4.207845,4.165716,1408,7.5665
16652,62,21,2.423341,2.461170,1447,7.5799
16653,21,53,1.528497,1.503743,1331,7.0874
16654,53,21,1.337035,1.281572,1456,7.6500
16655,21,53,1.440891,1.421323,1462,7.6505
16656,53,21,1.285086,1.236646,1408,7.5834
16657,21,55,4.029040,4.106578,1421,7.5882
16658,55,58,2.406333,2.676694,1404,7.5114
16659,58,4,4.139367,4.062157,1354,7.2129
16660,4,40,2.961727,3.110597,1458,7.6287
16661,40,24,2.830642,3.255382,1446,7.5832
16662,24,62,3.530924,4.112964,1421,7.5615
16663,62,48,2.826929,2.786205,1432,7.5462
16664,48,41,3.463979,3.440311,1459,7.6188
16665,41,22,3.075327,3.103163,1434,7.6013
16666,22,38,1.711237,1.815145,1390,7.4841
16667,38,49,3.217161,3.974145,1418,7.5365
16668,49,17,2.531574,2.582840,1436,7.5661
16669,17,48,5.867258,5.975840,1371,7.4303
16670,48,41,3.002206,3.216573,1365,7.2667
16671,41,55,3.714696,3.845820,1428,7.5909
16672,55,58,2.183390,2.601398,1450,7.6225
16673,58,4,3.932274,3.982022,1444,7.5681
16674,4,40,2.886388,3.050683,1441,7.5954
16675,40,23,3.619501,3.475600,1448,7.5953
16676,23,0,2.598057,2.225570,1365,7.2224
16677,0,57,1.449963,1.687489,1441,7.5245
16678,57,22,3.874729,4.355435,1412,7.5186
16679,22,38,1.508162,1.716249,1433,7.6049
16680,38,26,2.863964,3.452079,1453,7.6296
16681,26,13,4.573721,4.471644,1453,7.5868
16682,13,24,2.047354,2.425327,1412,7.5044
16683,24,62,3.417345,3.951558,1410,7.5106
16684,62,48,2.645733,2.749420,1402,7.5345
16685,48,41,3.222614,3.120121,1447,7.6016
16686,41,22,2.838112,3.094953,1434,7.6027
16687,22,60,2.811706,3.238596,1441,7.5829
16688,60,7,2.823629,2.826445,1443,7.5945
16689,7,57,3.827047,4.131794,1449,7.6187
16690,57,22,3.568125,4.192823,1432,7.5189
16691,22,2,3.558583,4.238896,1455,7.6202
16692,2,9,1.694348,2.051290,1372,7.3077
16693,9,13,4.512476,5.005770,1343,7.2490
16694,13,32,2.285090,2.188072,1414,7.5025
16695,32,10,4.907800,5.169820,1352,7.2348
16696,10,37,3.445713,3.412506,1372,7.3193
16697,37,47,3.259119,3.281205,1444,7.5989
16698,47,37,2.381137,2.687769,1461,7.6926
16699,37,47,3.080374,3.059696,1435,7.5663
16700,47,35,3.176921,3.082614,1451,7.6214
16701,35,43,3.685180,3.585846,1420,7.5142
16702,43,23,3.354008,2.963307,1399,7.5112
16703,23,62,3.672697,3.831970,1342,7.2194
16704,62,21,2.638696,2.461949,1460,7.5900
16705,21,55,3.610939,3.799469,1355,7.2219
16706,55,30,2.350466,2.607613,1311,7.0682
16707,30,31,1.359745,1.641217,1429,7.5988
16708,31,30,1.606162,1.487996,1450,7.5470
16709,30,10,4.182732,4.640471,1432,7.5420
16710,10,1,3.673522,3.857240,1443,7.6304
16711,1,59,2.984359,3.359791,1369,7.1722
16712,59,43,3.297164,2.911025,1380,7.4406
16713,43,23,3.012013,2.827448,1435,7.5729
16714,23,37,3.440959,3.863361,1443,7.5416
16715,37,62,4.422580,4.216989,1415,7.5070
16716,62,21,2.289429,2.300706,1425,7.5392
16717,21,53,1.546054,1.562941,1441,7.6205
16718,53,37,3.206261,3.522010,1437,7.5948
16719,37,62,4.029093,4.083716,1446,7.6360
16720,62,48,2.668323,2.671163,1423,7.5182
16721,48,41,2.906423,3.029470,1465,7.6132
16722,41,22,2.917992,3.054773,1434,7.6333
16723,22,60,2.787856,3.137048,1318,7.1006
16724,60,7,2.668374,2.769261,1357,7.3836
16725,7,1,5.141477,5.151780,1432,7.6170
16726,1,46,2.939373,3.047179,1341,7.2231
16727,46,63,2.104423,2.043523,1447,7.5945
16728,63,37,3.106117,3.419780,1462,7.5940
16729,37,47,3.027553,3.064337,1440,7.6275
16730,47,37,2.209754,2.375095,1425,7.6056
16731,37,47,2.668134,2.855271,1421,7.5938
16732,47,37,2.057549,2.208038,1453,7.6007
16733,37,28,2.632514,2.719727,1445,7.6156
16734,28,10,3.430533,3.230943,1435,7.6562
16735,10,61,2.616966,2.339325,1388,7.3453
16736,61,33,4.212117,4.250083,1431,7.5721
16737,33,62,3.363215,3.388537,1192,6.5488
16738,62,21,2.338079,2.263023,1360,7.3079
16739,21,54,2.951623,2.938854,1437,7.6301
16740,54,59,3.993635,4.516364,1447,7.5869
16741,59,43,3.027295,2.790372,1458,7.6405
16742,43,23,2.942199,2.704102,1432,7.5626
16743,23,62,3.514360,3.792048,1455,7.5921
16744,62,48,2.429984,2.619989,1420,7.5567
16745,48,41,2.712754,2.920727,1443,7.5869
16746,41,22,2.566607,2.938401,1437,7.6415
16747,22,38,1.654889,2.003332,1443,7.5888
16748,38,26,2.645540,3.266324,1266,6.8907
16749,26,42,3.894319,4.458401,1448,7.5925
16750,42,40,4.458463,4.204372,1436,7.5454
16751,40,33,3.609432,3.055204,1317,7.0310
16752,33,48,3.950749,4.479041,1280,6.9612
16753,48,20,3.208633,3.588005,1456,7.6254
16754,20,30,3.508896,3.988862,1410,7.4521
16755,30,31,1.437480,1.649520,1428,7.4477
16756,31,19,3.842715,4.260970,1438,7.5394
16757,19,51,2.025183,1.944658,1454,7.6080
16758,51,56,2.549692,3.371022,1434,7.6114
16759,56,47,4.962179,5.377959,1304,7.0779
16760,47,35,3.103322,2.984236,1394,7.5129
16761,35,43,3.216353,3.531124,1407,7.5416
16762,43,57,3.224125,3.210469,1460,7.6126
16763,57,22,3.614128,4.221626,1309,7.1335
16764,22,60,2.712359,3.073448,1424,7.5764
16765,60,61,4.760765,5.111623,1433,7.5766
16766,61,6,2.653497,3.120975,1442,7.5954
16767,6,12,2.336596,2.589198,1340,7.2282
16768,12,46,6.378795,6.633094,1460,7.6207
16769,46,62,2.371031,2.167322,1411,7.5561
16770,62,21,2.181383,2.215387,1441,7.5943
16771,21,55,3.227500,3.511409,1443,7.6260
16772,55,58,2.062597,2.715186,1427,7.5887
16773,58,15,3.455750,3.438637,1459,7.6042
16774,15,1,3.943568,4.098034,1341,7.3039
16775,1,33,3.574191,3.169495,1430,7.5583
16776,33,47,2.746834,3.009149,1301,6.9506
16777,47,37,1.970428,2.220131,1425,7.5807
16778,37,28,2.452686,2.550373,1444,7.6137
16779,28,46,4.205324,4.514143,1470,7.7033
16780,46,62,2.321368,2.097164,1369,7.2259
16781,62,46,2.656613,2.579924,1439,7.5726
16782,46,63,2.306901,2.099592,1446,7.5986
16783,63,37,2.816138,3.150272,1391,7.3624
16784,37,28,2.165053,2.479871,1352,7.2850
16785,28,10,3.476134,3.236022,1423,7.6497
16786,10,61,2.325996,2.350808,1320,7.2030
16787,61,53,3.780932,4.119649,1429,7.5951
16788,53,45,2.967690,3.124182,1403,7.4828
16789,45,54,2.370262,2.035870,1356,7.3804
16790,54,43,3.207370,3.051671,1465,7.6188
16791,43,57,3.179464,3.131949,1366,7.2928
16792,57,22,3.464000,4.158640,1297,6.9480
16793,22,60,2.413255,2.876805,1456,7.6170
16794,60,7,2.552899,2.792836,1420,7.5677
16795,7,57,3.617986,4.185098,1429,7.6086
16796,57,22,3.380691,3.936814,1405,7.4474
16797,22,38,1.670436,2.038852,1431,7.5752
16798,38,0,4.498516,5.254247,1448,7.6022
16799,0,62,4.274938,3.759409,1309,6.9847
16800,62,21,2.078615,2.223497,1415,7.4797
16801,21,55,2.964953,3.255915,1438,7.5996
16802,55,26,4.217573,5.093129,1405,7.5062
16803,26,13,4.342169,4.280843,1339,7.1671
16804,13,31,4.655441,5.180962,1458,7.6160
16805,31,42,2.250802,2.440032,1451,7.5430
16806,42,55,3.743836,4.144631,1426,7.5559
16807,55,58,2.259421,2.699692,1453,7.6219
16808,58,15,3.143620,3.366089,1441,7.5519
16809,15,1,3.949177,3.984302,1421,7.5645
16810,1,33,3.294234,3.013376,1343,7.1096
16811,33,47,2.481534,2.898781,1441,7.6173
16812,47,35,2.840289,3.062683,1387,7.4819
16813,35,49,4.602056,5.021860,1453,7.6231
16814,49,42,5.262213,5.543985,1376,7.3181
16815,42,40,4.292665,3.975951,1417,7.5040
16816,40,24,3.022545,3.257797,1405,7.4668
16817,24,41,2.090023,2.217276,1355,7.1960
16818,41,24,2.356978,2.188383,1446,7.6179
16819,24,62,3.628985,4.285874,1465,7.5876
16820,62,48,2.616241,2.627855,1452,7.5791
16821,48,13,5.015989,5.234335,1454,7.5912
16822,13,24,2.114178,2.466382,1365,7.2631
16823,24,62,3.452621,4.192977,1447,7.5742
16824,62,21,2.205483,2.245717,1436,7.5550
16825,21,53,2.044519,1.886691,1439,7.5906
16826,53,45,2.808843,3.009086,1412,7.5793
16827,45,54,2.242100,1.943580,1433,7.5877
16828,54,43,2.979604,2.914897,1416,7.5539
16829,43,23,2.781678,2.715815,1367,7.3085
16830,23,0,2.444752,2.531997,1404,7.4489
16831,0,57,1.598037,1.767640,1421,7.4978
16832,57,2,2.625874,3.138501,1439,7.5551
16833,2,9,1.652548,2.054181,1383,7.3836
16834,9,16,3.313865,3.870110,1446,7.6472
16835,16,4,5.039301,5.723482,1438,7.6425
16836,4,40,2.988406,3.011447,1360,7.2257
16837,40,23,3.709481,3.766335,1413,7.5332
16838,23,37,3.203901,3.875233,1423,7.4719
16839,37,28,2.267457,2.315627,1391,7.4473
16840,28,10,3.265005,3.150130,1412,7.5891
16841,10,61,2.674026,2.275315,1140,6.4452
16842,61,33,4.214081,4.208818,1422,7.5339
16843,33,62,3.312968,3.357807,1402,7.5550
16844,62,21,1.986226,2.168425,1419,7.5712
16845,21,53,1.842045,1.857160,1357,7.1750
16846,53,37,3.126194,3.350377,1428,7.5831
16847,37,62,4.255418,4.113322,1456,7.6407
16848,62,21,1.918649,2.058341,1437,7.5717
16849,21,53,1.935487,1.810432,1441,7.5955
16850,53,21,1.707254,1.547782,1430,7.6064
16851,21,53,1.802282,1.693631,1424,7.5623
16852,53,21,1.506813,1.448357,1432,7.6085
16853,21,53,1.620051,1.603374,1449,7.5815
16854,53,45,2.926611,3.311254,1447,7.6214
16855,45,21,2.942877,3.001442,1427,7.5765
16856,21,55,3.401511,3.521872,1446,7.5906
16857,55,58,2.200580,2.673537,1414,7.5580
16858,58,15,3.267505,3.323713,1457,7.5838
16859,15,26,3.310257,3.274014,1392,7.4557
16860,26,42,3.526002,4.205628,1450,7.5969
16861,42,40,3.916415,3.866150,1371,7.3468
16862,40,24,2.787769,3.266109,1412,7.4768
16863,24,62,3.846130,4.152485,1441,7.5662
16864,62,46,2.573907,2.689494,1419,7.5088
16865,46,62,2.502877,2.104433,1378,7.2503
16866,62,21,1.960762,2.097836,1446,7.5739
16867,21,55,3.017970,3.314027,1417,7.5617
16868,55,58,2.141261,2.688123,1453,7.6412
16869,58,15,2.979668,3.271993,1403,7.4662
16870,15,1,3.884093,3.903981,1410,7.5059
16871,1,46,3.073984,3.122968,1424,7.5033
16872,46,62,2.261131,2.065597,1362,7.2101
16873,62,46,2.390834,2.539873,1446,7.5764
16874,46,63,2.075961,2.207785,1406,7.5010
16875,63,37,2.873048,3.168841,1437,7.6005
16876,37,62,4.012795,3.969740,1441,7.6040
16877,62,21,1.895821,2.068595,1428,7.5521
16878,21,53,1.752140,1.701696,1438,7.5877
16879,53,21,1.498262,1.403926,1464,7.6451
16880,21,53,1.742773,1.607656,1417,7.5482
16881,53,21,1.378459,1.321878,1430,7.5888
16882,21,53,1.592915,1.523930,1431,7.5551
16883,53,21,1.286728,1.261152,1449,7.6149
16884,21,53,1.434414,1.451243,1434,7.5702
16885,53,21,1.221748,1.208626,1460,7.6535
16886,21,54,3.325141,3.575647,1444,7.5947
16887,54,59,4.456216,4.434874,1370,7.3184
16888,59,43,2.979637,2.644496,1429,7.5806
16889,43,23,2.948551,2.671509,1411,7.5113
16890,23,62,3.677157,3.873339,1373,7.3166
16891,62,21,1.689869,1.895316,1442,7.5641
16892,21,54,3.083801,3.396566,1442,7.5920
16893,54,30,2.945322,3.093651,1421,7.5272
16894,30,40,4.851796,5.493120,1450,7.5758
16895,40,23,3.667806,3.714864,1359,7.2918
16896,23,37,3.195349,3.831809,1467,7.5986
16897,37,47,2.635648,2.858434,1419,7.5024
16898,47,35,3.007483,2.934016,1446,7.5557
16899,35,48,4.817073,4.657407,1249,6.7187
16900,48,41,2.716977,2.944169,1444,7.6120
16901,41,22,3.034652,3.111330,1425,7.5972
16902,22,38,1.828667,1.979008,1323,7.1469
16903,38,26,2.794773,3.339977,1195,6.7644
16904,26,17,2.768776,2.699699,1429,7.5541
16905,17,0,4.347890,4.690854,1433,7.5909
16906,0,43,4.392016,4.676802,1462,7.6050
16907,43,23,2.807268,2.538441,1428,7.5803
16908,23,0,3.034406,2.717547,1408,7.4826
16909,0,57,1.621835,1.753678,1464,7.5893
16910,57,22,3.614451,3.879540,1468,7.6434
16911,22,60,2.460120,2.901367,1445,7.5859
16912,60,7,2.584152,2.734584,1409,7.5635
16913,7,1,5.210947,5.242296,1443,7.6276
16914,1,59,3.137022,3.504972,1388,7.3420
16915,59,21,3.162056,3.659942,1436,7.6290
16916,21,53,1.537533,1.584880,1419,7.5839
16917,53,21,1.224063,1.180771,1423,7.4955
16918,21,54,2.982583,3.164042,1417,7.5582
16919,54,43,2.919097,3.150761,1429,7.5463
16920,43,23,2.612414,2.477118,1438,7.5620
16921,23,0,2.695337,2.673567,1426,7.5425
16922,0,62,3.850078,3.848401,1401,7.5149
16923,62,21,1.831860,1.889719,1437,7.5513
16924,21,53,1.539125,1.654941,1434,7.5739
16925,53,21,1.293552,1.159381,1469,7.6473
16926,21,54,2.772697,3.090131,1435,7.5831
16927,54,43,2.933607,3.112575,1437,7.5779
16928,43,23,2.566496,2.425379,1436,7.5770
16929,23,0,2.574348,2.623263,1436,7.5666
16930,0,57,1.690924,1.821755,1445,7.5630
16931,57,22,3.336542,3.726058,1388,7.3210
16932,22,38,1.872736,1.975459,1356,7.2303
16933,38,26,2.656392,3.256650,1356,7.3064
16934,26,42,3.560446,4.165281,1441,7.5900
16935,42,22,3.907216,4.234891,1417,7.5131
16936,22,38,1.719256,1.851170,1443,7.5611
16937,38,26,2.654730,3.204790,1405,7.4499
16938,26,17,2.718478,2.740247,1439,7.5937
16939,17,23,6.534711,6.975510,1452,7.6150
16940,23,0,2.390366,2.322618,1240,6.8071
16941,0,57,1.516700,1.794187,1349,7.1875
16942,57,2,2.592796,3.199177,1465,7.5952
16943,2,52,3.852726,3.921678,1432,7.5612
16944,52,8,4.994668,4.937336,1387,7.4877
16945,8,4,3.848936,4.018902,1134,6.3491
16946,4,40,2.975569,3.065173,1450,7.6113
16947,40,23,3.889419,3.941387,1351,7.3091
16948,23,0,2.292939,2.207778,1373,7.2940
16949,0,62,3.544501,3.773858,1447,7.5557
16950,62,21,1.543042,1.862782,1457,7.5892
16951,21,53,1.655649,1.681333,1428,7.5892
16952,53,21,1.267014,1.134601,1483,7.6623
16953,21,53,1.567304,1.589708,1423,7.5761
16954,53,45,3.637820,3.815272,1439,7.6472
16955,45,21,2.918156,2.860687,1395,7.4709
16956,21,53,1.373179,1.422422,1455,7.6039
16957,53,45,3.394201,3.665944,1457,7.6231
16958,45,54,2.050881,1.840761,1434,7.5881
16959,54,43,2.965313,3.014652,1446,7.5924
16960,43,23,2.758118,2.575493,1433,7.5694
16961,23,0,2.118379,2.162976,1378,7.2804
16962,0,57,1.450108,1.889852,1362,7.2398
16963,57,22,3.112855,3.692397,1286,7.0285
16964,22,60,2.607196,2.871380,1323,7.0806
16965,60,22,2.514533,2.212989,1437,7.5717
16966,22,38,1.731292,1.829170,1450,7.5953
16967,38,26,2.527147,3.126397,1434,7.6112
16968,26,13,4.433292,4.356027,1443,7.5767
16969,13,32,2.234803,2.298694,1430,7.5114
16970,32,5,2.954872,2.805864,1295,7.1352
16971,5,13,3.663546,3.356664,1282,6.9726
16972,13,24,2.398809,2.494343,1448,7.5813
16973,24,41,2.210163,2.244017,1418,7.5464
16974,41,24,2.232718,2.075173,1421,7.6359
16975,24,41,2.091854,2.074002,1449,7.5162
16976,41,22,3.241558,3.534778,1424,7.5898
16977,22,38,1.521685,1.762526,1446,7.5859
16978,38,26,2.360764,3.047309,1442,7.6028
16979,26,13,4.319521,4.315643,1440,7.5662
16980,13,24,1.939899,2.412894,1459,7.6006
16981,24,62,3.985494,4.484561,1469,7.5846
16982,62,21,1.827707,1.979884,1431,7.5798
16983,21,54,2.979133,2.933748,1421,7.5718
16984,54,30,3.153067,3.318183,1428,7.5636
16985,30,10,3.865900,4.293788,1366,7.2125
16986,10,1,3.904804,4.062651,1295,7.2132
16987,1,33,3.285428,2.915621,1345,7.1886
16988,33,47,2.607310,2.879715,1426,7.6019
16989,47,63,2.950192,3.748600,1453,7.6374
16990,63,8,2.511529,2.400339,1424,7.5565
16991,8,2,4.680230,4.559136,1443,7.5670
16992,2,7,2.678288,3.147274,1378,7.4645
16993,7,45,5.140770,5.440258,1443,7.6503
16994,45,21,2.795776,2.885545,1404,7.4399
16995,21,55,3.495033,3.750618,1415,7.4987
16996,55,30,2.447667,2.806036,1448,7.6264
16997,30,31,1.840345,1.939404,1441,7.5400
16998,31,42,2.410155,2.513407,1451,7.5511
16999,42,55,3.693018,4.105731,1432,7.5674
17000,55,26,4.428655,5.000382,1443,7.6066
17001,26,13,4.035320,4.051119,1446,7.5888
17002,13,24,1.919370,2.352587,1364,7.3990
17003,24,62,3.937183,4.376024,1365,7.3445
17004,62,21,1.753694,2.014358,1446,7.5905
17005,21,53,1.458158,1.602771,1439,7.5894
17006,53,45,3.370648,3.484261,1448,7.6262
17007,45,21,2.784531,2.789502,1427,7.5862
17008,21,53,1.375233,1.466765,1441,7.5808
17009,53,21,1.383158,1.219426,1459,7.6605
17010,21,53,1.337444,1.403978,1427,7.5819
17011,53,45,3.137985,3.477635,1471,7.6406
17012,45,21,2.584842,2.601037,1448,7.5964
17013,21,54,2.692999,2.810604,1421,7.5655
17014,54,30,3.124524,3.156455,1422,7.5350
17015,30,31,1.664978,1.909184,1338,7.2666
17016,31,42,2.342685,2.461360,1471,7.5798
17017,42,40,3.858758,3.775351,1401,7.4342
17018,40,23,3.998302,3.886591,1382,7.2938
17019,23,37,3.238963,3.829061,1330,7.0901
17020,37,62,4.175584,4.124077,1423,7.6073
17021,62,46,2.749339,2.672076,1449,7.6084
17022,46,62,2.507792,2.078747,1449,7.6046
17023,62,46,2.430208,2.489640,1425,7.5507
17024,46,63,2.165310,2.276801,1460,7.6350
17025,63,37,2.913937,3.215722,1384,7.4008
17026,37,47,2.513247,2.694197,1434,7.6123
17027,47,37,2.025923,2.239087,1412,7.4767
17028,37,28,2.489398,2.494318,1439,7.6071
17029,28,46,4.396183,4.499550,1468,7.6808
17030,46,63,2.077941,2.154080,1419,7.5345
17031,63,8,2.485428,2.464520,1462,7.5890
17032,8,27,2.603394,3.180140,1421,7.5325
17033,27,16,1.914423,2.284713,1435,7.5284
17034,16,4,4.965140,5.453912,1431,7.6412
17035,4,40,3.075399,3.015162,1428,7.5685
17036,40,33,3.656549,3.225774,1359,7.1770
17037,33,62,3.358930,3.331580,1455,7.6258
17038,62,21,2.052525,2.202431,1436,7.5953
17039,21,53,1.408021,1.451387,1442,7.5886
17040,53,37,3.665476,3.972917,1419,7.5694
17041,37,62,3.776187,3.924278,1418,7.5882
17042,62,46,2.331606,2.413736,1448,7.5766
17043,46,63,2.077510,2.150993,1450,7.6042
17044,63,63,0.972320,0.685458,1443,7.6132
17045,63,8,2.815434,2.514922,1465,7.5951
17046,8,2,4.803876,4.463714,1418,7.3769
17047,2,9,1.745283,2.124754,1399,7.4891
17048,9,41,5.532209,5.999789,1436,7.6324
17049,41,55,3.657783,3.856959,1443,7.6240
17050,55,30,2.360232,2.658939,1443,7.6163
17051,30,31,1.749312,1.864215,1463,7.6132
17052,31,30,1.763519,1.567437,1433,7.5231
17053,30,40,4.967366,5.636930,1452,7.5591
17054,40,33,3.625182,3.112952,1441,7.5641
17055,33,48,4.466313,4.826709,1202,6.7364
17056,48,13,4.750536,4.844712,1442,7.6080
17057,13,24,1.920385,2.272505,1431,7.5843
17058,24,41,1.945720,2.179070,1415,7.4418
17059,41,55,3.719363,3.747860,1357,7.2715
17060,55,30,2.231131,2.540988,1460,7.6227
17061,30,31,1.540838,1.857087,1450,7.5677
17062,31,19,3.857137,4.163548,1413,7.5017
17063,19,50,4.268963,4.360444,1449,7.6132
17064,50,34,1.931734,1.660118,1396,7.5176
17065,34,5,3.986398,4.200429,1324,7.0281
17066,5,13,3.642540,3.425771,1431,7.6109
17067,13,24,1.903764,2.207761,1419,7.5785
17068,24,41,1.896736,2.105365,1433,7.5624
17069,41,22,2.942712,3.359441,1437,7.6205
17070,22,38,1.611983,1.741818,1454,7.5967
17071,38,49,3.659752,4.442485,1442,7.5596
17072,49,42,5.215942,5.257205,1445,7.6213
17073,42,22,3.880285,4.118874,1363,7.2625
17074,22,2,3.884977,4.402608,1443,7.5790
17075,2,9,1.685412,2.060211,1476,7.6462
17076,9,13,4.894385,5.017032,1440,7.6283
17077,13,32,2.569674,2.447146,1448,7.5464
17078,32,29,2.921326,3.239802,1405,7.5557
17079,29,29,0.734730,0.364256,1349,7.2665
17080,29,4,6.205764,6.157181,1416,7.5780
17081,4,40,2.975313,2.990426,1331,7.3324
17082,40,24,3.433433,3.658204,1288,7.0402
17083,24,62,4.038880,4.529274,1466,7.5988
17084,62,21,2.004102,2.226353,1446,7.5956
17085,21,53,1.384299,1.417335,1451,7.5895
17086,53,45,3.000266,3.206567,1388,7.5336
17087,45,21,2.567723,2.677552,1461,7.6170
17088,21,55,3.307459,3.661922,1443,7.5931
17089,55,58,2.611387,2.815104,1392,7.4681
17090,58,4,4.435803,4.406633,1377,7.3435
17091,4,23,4.573834,5.245138,1341,7.1770
17092,23,0,2.284820,2.057275,1420,7.5448
17093,0,62,3.709259,3.922319,1447,7.5611
17094,62,21,2.112693,2.252083,1448,7.5978
17095,21,53,1.409726,1.446943,1449,7.6039
17096,53,45,2.765576,3.041444,1342,7.2047
17097,45,21,2.403620,2.612487,1457,7.6301
17098,21,53,1.320968,1.370253,1436,7.5721
17099,53,21,1.439964,1.302499,1444,7.6074
17100,21,55,3.289268,3.638445,1425,7.5728
17101,55,58,2.549101,2.803969,1346,7.2268
17102,58,15,3.024365,3.217591,1424,7.4626
17103,15,1,3.629670,3.806595,1420,7.5018
17104,1,46,3.319665,3.209082,1420,7.4500
17105,46,63,1.959430,1.995046,1266,6.8159
17106,63,63,0.802401,0.580451,1245,6.7761
17107,63,63,0.708838,0.488768,1484,7.6271
17108,63,8,2.730935,2.655785,1439,7.5681
17109,8,2,4.736643,4.408879,1426,7.5237
17110,2,52,3.470633,3.758540,1361,7.4016
17111,52,54,4.647198,4.824398,1436,7.5717
17112,54,43,2.902780,2.939808,1335,7.2505
17113,43,57,3.331307,3.305680,1429,7.5689
17114,57,22,3.066429,3.723664,1399,7.4863
17115,22,38,1.605738,1.728154,1372,7.3343
17116,38,26,2.390645,3.029281,1370,7.3118
17117,26,17,3.054262,2.883742,1429,7.5738
17118,17,23,6.143714,6.763899,1419,7.5397
17119,23,62,3.714503,3.720181,1409,7.4645
17120,62,46,2.468627,2.494986,1419,7.5298
17121,46,63,1.660363,1.866475,1442,7.5843
17122,63,8,2.620061,2.510913,1429,7.5530
17123,8,2,4.569009,4.318693,1433,7.5517
17124,2,7,2.685182,3.202067,1412,7.5606
17125,7,45,5.636730,5.441817,1451,7.6481
17126,45,54,2.278004,1.962091,1440,7.6268
17127,54,59,4.002522,4.558870,1425,7.5243
17128,59,43,2.851098,2.552378,1403,7.4597
17129,43,23,2.905332,2.776629,1390,7.3973
17130,23,37,3.040423,3.737698,1456,7.5967
17131,37,28,2.458876,2.380809,1367,7.3082
17132,28,53,4.246146,4.009361,1274,6.9063
17133,53,37,3.545592,3.607242,1446,7.6318
17134,37,28,2.332935,2.331102,1450,7.6373
17135,28,53,4.071191,3.860869,1434,7.6781
17136,53,45,2.672583,2.972003,1436,7.6054
17137,45,21,2.365452,2.554635,1327,7.1518
17138,21,55,3.119750,3.252304,1435,7.5772
17139,55,58,2.269267,2.722687,1445,7.6365
17140,58,15,3.172296,3.179330,1438,7.5990
17141,15,1,3.663059,3.698246,1447,7.5967
17142,1,33,3.171060,2.798576,1144,6.3043
17143,33,47,2.853633,2.940871,1379,7.3906
17144,47,35,2.848269,2.935877,1442,7.5827
17145,35,43,3.971290,4.018914,1397,7.4128
17146,43,57,3.069767,3.115701,1428,7.5811
17147,57,22,3.019918,3.649409,1423,7.5555
17148,22,38,1.494307,1.681674,1363,7.2234
17149,38,26,2.194294,2.962576,1445,7.6178
17150,26,42,3.488984,4.228028,1463,7.5880
17151,42,40,3.696271,3.593546,1402,7.3591
17152,40,24,3.444566,3.524928,1359,7.2248
17153,24,62,3.956189,4.463475,1443,7.5849
17154,62,21,2.073251,2.401635,1452,7.5842
17155,21,53,1.553555,1.570657,1455,7.6179
17156,53,45,2.793848,2.874862,1470,7.6684
17157,45,54,2.205195,1.967265,1461,7.6365
17158,54,30,3.117694,2.935571,1433,7.5825
17159,30,31,1.530022,1.817552,1437,7.5660
17160,31,30,1.754244,1.541444,1439,7.5415
17161,30,10,4.022999,4.514515,1447,7.5685
17162,10,37,3.573130,3.487512,1407,7.4974
17163,37,62,3.783638,3.941469,1405,7.4868
17164,62,21,2.091102,2.319196,1405,7.4609
17165,21,54,2.799705,2.747584,1407,7.5556
17166,54,43,2.932284,3.040235,1433,7.5532
17167,43,23,2.619867,2.695470,1444,7.5783
17168,23,0,2.140874,2.041264,1448,7.6093
17169,0,62,3.583932,3.646790,1470,7.5900
17170,62,48,3.201991,3.145768,1322,7.0770
17171,48,41,2.966246,3.029783,1435,7.6100
17172,41,22,3.097423,3.389832,1425,7.6163
17173,22,38,1.443827,1.630738,1461,7.6051
17174,38,0,5.401142,6.055875,1373,7.3536
17175,0,57,1.955662,1.866555,1457,7.5866
17176,57,2,3.141631,3.668537,1442,7.5175
17177,2,9,1.763578,2.173036,1437,7.6154
17178,9,41,5.391266,5.834901,1433,7.6209
17179,41,55,3.346200,3.611366,1448,7.6480
17180,55,58,2.296200,2.616235,1421,7.5856
17181,58,15,3.032790,3.123771,1452,7.6087
17182,15,1,3.439199,3.579932,1442,7.5803
17183,1,59,3.447856,3.705740,1363,7.1439
17184,59,43,2.789140,2.553742,1422,7.6167
17185,43,57,2.750090,3.134254,1453,7.5883
17186,57,2,2.988084,3.541249,1419,7.5407
17187,2,9,1.761698,2.122590,1428,7.5645
17188,9,41,5.189565,5.704580,1401,7.5442
17189,41,22,3.017608,3.024652,1440,7.6013
17190,22,38,1.348051,1.606929,1421,7.5701
17191,38,0,5.027976,5.878992,1439,7.5875
17192,0,57,1.566510,1.716038,1223,6.7160
17193,57,22,3.300042,3.935951,1394,7.3964
17194,22,38,1.332633,1.570882,1456,7.5956
17195,38,26,2.330517,3.113478,1418,7.5601
17196,26,42,3.314114,4.091470,1443,7.5737
17197,42,40,3.736104,3.445514,1443,7.5610
17198,40,33,3.657791,3.048972,1429,7.5529
17199,33,62,3.357342,3.310593,1244,7.0507
17200,62,21,2.089669,2.313930,1348,7.1982
17201,21,54,2.705685,2.609146,1320,7.0416
17202,54,43,2.643202,2.933404,1467,7.6051
17203,43,23,2.749639,2.709185,1432,7.5477
17204,23,0,2.428686,2.292700,1352,7.2797
17205,0,62,3.982731,3.514541,1372,7.3145
17206,62,21,1.941610,2.243459,1462,7.6135
17207,21,55,3.030684,3.212903,1420,7.5934
17208,55,58,2.321901,2.599498,1349,7.2069
17209,58,4,4.531362,4.681555,1353,7.3116
17210,4,15,2.530911,2.155322,1415,7.5546
17211,15,1,3.366908,3.452101,1386,7.3712
17212,1,46,3.088251,3.284482,1385,7.3702
17213,46,5,5.058311,5.513328,1301,6.9278
17214,5,13,3.718341,3.356577,1418,7.5653
17215,13,32,2.596494,2.256655,1417,7.4663
17216,32,29,3.081144,3.125183,1415,7.5367
17217,29,29,0.669033,0.326609,1311,6.9819
17218,29,4,6.086497,6.148725,1411,7.5292
17219,4,40,3.041106,3.034367,1446,7.5835
17220,40,23,4.293004,4.113830,1436,7.5943
17221,23,0,2.483110,2.163373,1418,7.5243
17222,0,62,3.297362,3.375076,1429,7.5537
17223,62,48,3.020023,3.112200,1440,7.5814
17224,48,41,3.009876,3.078799,1436,7.6047
17225,41,22,2.672805,2.979329,1444,7.6427
17226,22,38,1.295661,1.563176,1461,7.5957
17227,38,26,2.214001,3.009885,1448,7.6024
17228,26,17,2.967291,2.976187,1457,7.5989
17229,17,0,4.718605,5.091055,1431,7.5928
17230,0,62,3.130256,3.214840,1455,7.6011
17231,62,46,2.679926,2.765635,1452,7.5965
17232,46,62,2.840946,2.163835,1449,7.6086
17233,62,21,1.907266,2.353519,1443,7.6064
17234,21,54,2.544991,2.547268,1413,7.5280
17235,54,43,2.636208,2.851555,1447,7.5924
17236,43,23,2.815312,2.757386,1444,7.5794
17237,23,37,2.936988,3.703860,1433,7.5991
17238,37,28,2.224692,2.178894,1452,7.6036
17239,28,10,3.420712,3.201740,1406,7.5854
17240,10,37,3.453870,3.263093,1444,7.6259
17241,37,62,3.759073,3.808948,1374,7.4455
17242,62,48,3.109732,3.072447,1412,7.4772
17243,48,20,3.190210,3.573985,1442,7.5937
17244,20,30,3.917300,4.077992,1457,7.5795
17245,30,31,1.537015,1.791809,1371,7.3147
17246,31,42,2.682659,2.789172,1459,7.5691
17247,42,22,3.934041,4.081835,1434,7.5582
17248,22,38,1.222733,1.490388,1441,7.5992
17249,38,0,5.192809,5.894056,1454,7.5807
17250,0,62,2.932183,3.204210,1300,6.9801
17251,62,46,2.346806,2.665228,1432,7.5767
17252,46,63,2.046897,2.077485,1389,7.3903
17253,63,37,3.339066,3.761064,1445,7.5961
17254,37,28,2.182909,2.111343,1483,7.6657
17255,28,46,4.471555,4.475042,1458,7.6734
17256,46,5,4.958285,5.533605,1451,7.6280
17257,5,13,3.486485,3.210816,1337,7.2492
17258,13,24,2.160435,2.452530,1389,7.4655
17259,24,62,4.408922,4.896547,1435,7.5582
17260,62,21,1.875419,2.385786,1402,7.4413
17261,21,55,2.885983,3.050070,1437,7.6011
17262,55,58,2.385294,2.547861,1433,7.6022
17263,58,4,4.382389,4.651971,1413,7.4997
17264,4,40,2.901569,2.926093,1344,7.1892
17265,40,33,3.374998,2.950290,1439,7.5763
17266,33,62,3.185928,3.293393,1351,7.2938
17267,62,21,1.854098,2.292689,1445,7.5833
17268,21,53,2.106465,2.069160,1458,7.6411
17269,53,37,3.172266,3.222626,1459,7.6296
17270,37,28,2.003115,2.053255,1372,7.4512
17271,28,46,4.091089,4.334679,1441,7.6788
17272,46,63,1.966414,1.990403,1454,7.6113
17273,63,37,3.000035,3.573107,1410,7.4768
17274,37,47,2.954433,3.105556,1420,7.5244
17275,47,35,2.811007,2.785117,1454,7.5793
17276,35,43,4.097909,4.166772,1429,7.5800
17277,43,57,3.074475,3.216999,1190,6.5262
17278,57,2,2.834239,3.362831,1381,7.3634
17279,2,7,2.727952,3.203311,1346,7.1896
17280,7,57,3.783744,4.389758,1433,7.6014
17281,57,2,2.627998,3.136495,1433,7.5493
17282,2,52,3.680872,3.820958,1462,7.6339
17283,52,54,4.364952,4.754702,1440,7.5838
17284,54,30,3.061980,3.094358,1470,7.6435
17285,30,31,1.679419,1.780255,1440,7.5683
17286,31,42,2.649325,2.703640,1453,7.5539
17287,42,22,3.843443,3.980007,1465,7.5896
17288,22,38,1.233501,1.458263,1445,7.5951
17289,38,0,4.719289,5.654694,1453,7.5875
17290,0,43,4.194700,4.512335,1437,7.5429
17291,43,23,2.747408,2.537085,1422,7.5387
17292,23,62,3.514145,3.621096,1439,7.5761
17293,62,48,2.779975,3.020979,1416,7.5589
17294,48,13,5.044973,5.084132,1363,7.2628
17295,13,24,2.022073,2.319591,1454,7.6103
17296,24,62,4.393351,4.920835,1444,7.5602
17297,62,46,2.537628,2.717857,1453,7.6121
17298,46,62,2.964156,2.225509,1405,7.4129
17299,62,21,1.893225,2.343726,1425,7.5500
17300,21,53,1.952258,1.969126,1430,7.5870
17301,53,21,1.739372,1.529217,1426,7.5392
17302,21,53,1.894545,1.842403,1435,7.5984
17303,53,45,2.913217,2.908233,1442,7.6061
17304,45,21,2.675441,2.903176,1431,7.6034
17305,21,55,2.818909,3.107175,1443,7.5971
17306,55,30,2.682754,2.877842,1420,7.5902
17307,30,31,1.509209,1.747076,1437,7.5547
17308,31,42,2.548483,2.638504,1455,7.5611
17309,42,55,4.359162,4.434736,1419,7.5307
17310,55,30,2.671601,2.686115,1423,7.5949
17311,30,31,1.542929,1.743037,1451,7.5779
17312,31,30,1.796388,1.600659,1486,7.5709
17313,30,31,1.489681,1.655188,1466,7.5734
17314,31,42,2.383555,2.709734,1504,7.5660
17315,42,40,3.781569,3.689485,1410,7.5345
17316,40,23,4.105994,4.242063,1376,7.3473
17317,23,0,2.556711,2.492853,1356,7.2906
17318,0,57,1.731871,1.918626,1331,7.2375
17319,57,2,2.444177,3.057171,1366,7.3126
17320,2,7,2.583728,3.163874,1435,7.5958
17321,7,45,5.172545,5.393391,1306,7.0081
17322,45,21,2.548210,2.816025,1446,7.5950
17323,21,54,2.770142,2.749594,1450,7.6219
17324,54,59,4.213041,4.599359,1398,7.4442
17325,59,20,4.998371,5.540523,1367,7.2172
17326,20,30,3.495795,3.916291,1415,7.4824
17327,30,31,1.427761,1.576342,1462,7.6099
17328,31,30,1.749903,1.575780,1391,7.4171
17329,30,10,4.489734,4.698040,1466,7.5803
17330,10,1,4.028476,4.124276,1459,7.6666
17331,1,33,3.001801,2.723038,1318,7.0210
17332,33,47,2.761905,2.995411,1260,6.8096
17333,47,37,2.185592,2.436483,1311,7.0586
17334,37,62,4.061107,3.944591,1449,7.6513
17335,62,48,2.810172,2.890408,1432,7.5868
17336,48,13,4.836396,4.984752,1419,7.5510
17337,13,24,2.004473,2.209919,1417,7.4687
17338,24,62,4.433622,4.982778,1446,7.5418
17339,62,21,1.913425,2.318372,1440,7.6031
17340,21,53,1.795277,1.883011,1393,7.5059
17341,53,21,1.566166,1.374265,1407,7.5328
17342,21,54,2.627433,2.725885,1433,7.5712
17343,54,43,3.251343,2.988047,1432,7.5540
17344,43,57,2.860196,3.022905,1417,7.5540
17345,57,2,2.409498,2.949786,1318,7.0874
17346,2,7,2.475273,3.066969,1363,7.3796
17347,7,1,5.627219,5.450329,1365,7.3465
17348,1,59,3.495281,3.661106,1410,7.5611
17349,59,21,3.448433,3.831948,1434,7.6088
17350,21,53,1.805984,1.817201,1335,7.2285
17351,53,21,1.576094,1.364551,1439,7.6175
17352,21,54,2.532407,2.570621,1446,7.5843
17353,54,43,2.884067,2.935367,1374,7.3065
17354,43,57,2.773972,2.977311,1352,7.1439
17355,57,2,2.091835,2.851188,1364,7.3027
17356,2,7,2.381976,2.991397,1385,7.3952
17357,7,45,5.208524,5.335273,1367,7.3995
17358,45,21,2.506841,2.753568,1460,7.6398
17359,21,53,1.726834,1.767317,1349,7.2508
17360,53,21,1.432425,1.269562,1445,7.6253
17361,21,55,3.131042,3.423607,1455,7.5949
17362,55,30,2.305886,2.589319,1436,7.5999
17363,30,31,1.617025,1.611394,1440,7.5312
17364,31,42,2.410276,2.714494,1440,7.5412
17365,42,22,3.742016,4.023183,1362,7.2258
17366,22,38,1.279615,1.444332,1462,7.6041
17367,38,0,4.597148,5.501429,1432,7.5879
17368,0,62,3.521022,3.366710,1397,7.3295
17369,62,48,2.663467,2.747694,1341,7.1319
17370,48,20,3.450498,3.686370,1438,7.5622
17371,20,19,3.380003,3.314740,1459,7.5939
17372,19,50,4.173844,4.100008,1335,7.1098
17373,50,34,1.743737,1.658252,1358,7.3660
17374,34,50,2.293508,2.121759,1343,7.2852
17375,50,34,1.687433,1.543139,1349,7.3001
17376,34,13,5.074014,5.550338,1430,7.5290
17377,13,32,2.461953,2.263723,1450,7.5821
17378,32,29,2.981029,2.997971,1463,7.6296
17379,29,23,6.106883,7.088678,1391,7.4141
17380,23,37,3.154286,3.653646,1457,7.6397
17381,37,28,2.029339,2.074211,1443,7.6248
17382,28,53,3.833998,3.893561,1461,7.6913
17383,53,37,3.487508,3.291343,1448,7.6230
17384,37,47,2.859019,2.931069,1455,7.6436
17385,47,35,2.729730,2.801845,1430,7.5586
17386,35,43,4.206106,4.229217,1431,7.5915
17387,43,23,2.817205,2.696825,1394,7.4879
17388,23,62,3.478404,3.551313,1458,7.5884
17389,62,46,2.489824,2.719986,1362,7.3934
17390,46,62,2.874026,2.224478,1413,7.5265
17391,62,46,2.360769,2.522746,1421,7.5425
17392,46,5,5.137921,5.471020,1441,7.5873
17393,5,13,3.400441,3.068992,1461,7.6513
17394,13,32,2.306946,2.126827,1346,7.1736
17395,32,5,3.044760,2.954947,1387,7.5239
17396,5,13,3.279793,2.921743,1417,7.5865
17397,13,24,1.972065,2.246993,1466,7.6046
17398,24,62,4.639105,5.002770,1446,7.5629
17399,62,21,2.006868,2.514840,1444,7.6125
17400,21,53,1.776690,1.725238,1439,7.6252
17401,53,45,3.108782,3.276089,1447,7.6514
17402,45,21,2.493013,2.666411,1450,7.6550
17403,21,55,2.706389,3.214438,1377,7.3039
17404,55,58,2.537117,2.688193,1445,7.6101
17405,58,51,5.344917,6.092091,1439,7.5714
17406,51,54,6.923068,7.522346,1285,7.0651
17407,54,30,2.930204,2.896075,1427,7.5817
17408,30,31,1.512932,1.585686,1420,7.4508
17409,31,19,4.008525,4.536240,1432,7.5674
17410,19,51,1.964276,2.091817,1391,7.5127
17411,51,56,2.777605,3.205213,1414,7.5598
17412,56,47,4.891929,5.267121,1296,7.1967
17413,47,35,2.610751,2.585715,1410,7.4642
17414,35,48,4.558280,4.563524,1416,7.5401
17415,48,41,2.715744,3.236754,1451,7.6130
17416,41,22,2.748078,3.041709,1401,7.5222
17417,22,38,1.232060,1.438974,1446,7.5675
17418,38,26,2.312617,3.127426,1470,7.6469
17419,26,42,3.255521,4.105524,1415,7.5475
17420,42,40,3.551760,3.560193,1446,7.5818
17421,40,23,4.258402,4.250922,1460,7.6405
17422,23,37,3.034320,3.564731,1376,7.4403
17423,37,62,3.882322,3.895038,1443,7.6132
17424,62,48,2.711645,2.793297,1462,7.6326
17425,48,13,4.653336,5.088033,1450,7.6161
17426,13,24,1.936180,2.156225,1458,7.6022
17427,24,62,4.690037,5.003985,1464,7.5920
17428,62,21,1.923524,2.488361,1388,7.4786
17429,21,53,1.760770,1.720050,1438,7.6028
17430,53,37,3.033423,3.233710,1456,7.6378
17431,37,28,2.126755,2.178931,1239,6.8119
17432,28,10,3.399305,3.243673,1320,7.1883
17433,10,61,2.558759,2.419332,1384,7.4845
17434,61,53,4.232447,4.477224,1281,7.0565
17435,53,37,2.775308,3.034018,1269,6.9723
17436,37,62,3.769207,3.952301,1452,7.6474
17437,62,48,2.719685,2.665948,1429,7.5819
17438,48,13,4.649714,4.998235,1441,7.5856
17439,13,24,1.787741,2.070108,1454,7.5818
17440,24,41,2.437082,2.615088,1440,7.5794
17441,41,55,3.588969,3.664423,1421,7.5897
17442,55,26,4.525437,5.340349,1431,7.5981
17443,26,17,2.710464,2.839491,1287,7.0033
17444,17,0,4.238497,4.713278,1316,7.2543
17445,0,62,3.393933,3.393181,1441,7.6033
17446,62,21,2.049903,2.483813,1407,7.4896
17447,21,53,1.701974,1.693422,1428,7.5812
17448,53,21,1.546335,1.444653,1435,7.6184
17449,21,55,2.698850,3.209494,1435,7.5848
17450,55,58,2.372935,2.682937,1425,7.6021
17451,58,15,3.071717,3.306205,1435,7.5753
17452,15,1,3.259183,3.436393,1366,7.2926
17453,1,33,2.952842,2.640240,1439,7.5167
17454,33,47,2.551741,2.951965,1366,7.2404
17455,47,37,2.264158,2.456198,1452,7.6304
17456,37,62,3.540624,3.879122,1436,7.6042
17457,62,21,1.928670,2.340972,1412,7.5246
17458,21,53,1.786335,1.723399,1420,7.5795
17459,53,37,2.681985,3.028707,1443,7.6269
17460,37,47,2.898046,3.157007,1398,7.4319
17461,47,37,2.212697,2.258708,1446,7.5534
17462,37,62,3.673846,3.841374,1447,7.6178
17463,62,21,1.822291,2.256774,1458,7.6027
17464,21,54,3.067160,3.025970,1424,7.5768
17465,54,30,2.805990,2.839966,1433,7.5902
17466,30,31,1.564979,1.572495,1351,7.2392
17467,31,42,2.402444,2.743114,1431,7.5633
17468,42,55,4.466948,4.569540,1378,7.2584
17469,55,58,2.395637,2.490451,1436,7.6147
17470,58,15,3.036259,3.259956,1431,7.5412
17471,15,1,3.231726,3.370844,1444,7.5469
17472,1,59,3.454805,3.710510,1449,7.5313
17473,59,43,2.821041,2.632580,1447,7.6001
17474,43,23,2.795215,2.667847,1398,7.4486
17475,23,0,3.016069,2.664782,1377,7.3541
17476,0,62,3.583103,3.319527,1398,7.4387
17477,62,46,2.418478,2.740736,1453,7.6119
17478,46,63,2.185089,2.332698,1459,7.6345
17479,63,8,2.405518,2.213160,1306,7.0301
17480,8,4,4.166418,4.283302,1439,7.5776
17481,4,40,2.929223,3.021769,1407,7.5187
17482,40,33,3.295269,2.919714,1230,6.6865
17483,33,62,3.346652,3.418386,1373,7.4366
17484,62,46,2.350137,2.606012,1328,7.2737
17485,46,62,2.439333,1.999089,1412,7.5159
17486,62,46,2.137256,2.415982,1493,7.6460
17487,46,62,2.374733,1.871056,1425,7.6049
17488,62,48,2.657074,2.947545,1412,7.5218
17489,48,41,2.945288,3.324082,1451,7.6144
17490,41,55,3.456899,3.572447,1466,7.6426
17491,55,30,2.384043,2.593948,1462,7.6454
17492,30,10,4.229751,4.572531,1435,7.5734
17493,10,37,3.390852,3.195033,1398,7.5033
17494,37,62,3.277860,3.552192,1360,7.3059
17495,62,48,2.629453,2.807920,1424,7.6080
17496,48,20,3.484269,3.846604,1450,7.5875
17497,20,47,4.079507,4.201273,1440,7.5673
17498,47,35,2.621197,2.584860,1159,6.4398
17499,35,43,3.892642,4.199890,1447,7.5962
17500,43,3,5.357024,5.607543,1379,7.3404
17501,3,12,2.840398,3.026127,1449,7.5787
17502,12,62,6.120711,6.465025,1380,7.2930
17503,62,48,2.416774,2.591655,1285,6.8918
17504,48,41,2.946280,3.419063,1447,7.5880
17505,41,55,3.137974,3.413541,1435,7.6239
17506,55,26,4.532297,5.140674,1449,7.6347
17507,26,42,3.244233,3.819630,1371,7.3806
17508,42,22,3.555027,3.861597,1396,7.4120
17509,22,60,3.252066,3.481971,1363,7.2011
17510,60,61,4.451920,4.839501,1371,7.3305
17511,61,53,4.525070,4.313940,1400,7.4583
17512,53,45,2.918711,2.950601,1309,7.3111
17513,45,54,2.191961,1.989820,1323,7.0037
17514,54,30,2.606700,2.693147,1454,7.6060
17515,30,31,1.481738,1.686345,1461,7.5974
17516,31,19,3.952405,4.345123,1388,7.3223
17517,19,50,3.892250,4.175853,1436,7.6176
17518,50,34,1.692160,1.551839,1405,7.5333
17519,34,50,2.318027,2.046497,1410,7.5744
17520,50,9,4.555806,4.838937,1347,7.3106
17521,9,13,4.691328,4.907659,1455,7.6575
17522,13,32,2.312792,2.218682,1442,7.5514
17523,32,5,2.903129,2.788289,1437,7.5525
17524,5,13,3.140810,2.907031,1445,7.6219
17525,13,32,2.274626,2.102781,1435,7.5830
17526,32,10,5.506325,5.720980,1445,7.6446
17527,10,61,2.808255,2.422666,1338,7.3352
17528,61,6,2.440288,3.173974,1422,7.5384
17529,6,23,4.392582,4.832656,1422,7.5471
17530,23,0,2.812900,2.495286,1434,7.5645
17531,0,57,1.882980,1.987991,1433,7.5632
17532,57,22,3.865477,4.038502,1449,7.6053
17533,22,38,1.415191,1.507197,1436,7.5975
17534,38,49,3.769798,4.724316,1442,7.6101
17535,49,42,4.922858,4.977390,1393,7.4377
17536,42,40,3.674050,3.436381,1414,7.4929
17537,40,23,4.251104,4.288497,1375,7.3689
17538,23,0,2.599566,2.373964,1418,7.5353
17539,0,43,4.412956,4.359550,1447,7.5868
17540,43,57,2.512350,2.647970,1443,7.5837
17541,57,22,3.307765,3.940648,1438,7.5764
17542,22,60,3.027609,3.362149,1358,7.2494
17543,60,22,2.754622,2.380774,1429,7.5957
17544,22,60,2.706414,3.145512,1464,7.6059
17545,60,7,2.603340,2.748525,1429,7.5738
17546,7,1,5.465988,5.387823,1393,7.4451
17547,1,46,3.469339,3.453625,1419,7.4793
17548,46,63,2.394281,2.456960,1277,7.0069
17549,63,37,3.093931,3.571590,1452,7.6182
17550,37,62,3.333490,3.429900,1421,7.6180
17551,62,21,2.149824,2.583340,1451,7.6334
17552,21,54,2.675824,2.610365,1407,7.4822
17553,54,30,2.477971,2.625820,1418,7.4968
17554,30,40,4.763293,5.728904,1425,7.5429
17555,40,24,3.478863,3.913194,1286,7.0098
17556,24,62,5.176659,5.467871,1456,7.5774
17557,62,46,2.099223,2.372996,1417,7.5609
17558,46,63,2.291015,2.410094,1442,7.6103
17559,63,8,2.478969,2.264211,1451,7.5991
17560,8,27,2.871705,3.450113,1432,7.5447
17561,27,16,1.715199,2.176535,1439,7.5575
17562,16,40,5.766139,5.919762,1459,7.6577
17563,40,23,3.882278,3.982468,1433,7.5643
17564,23,0,2.515821,2.268572,1437,7.5090
17565,0,57,1.851434,1.951023,1430,7.5054
17566,57,22,3.285737,3.809833,1423,7.5433
17567,22,2,3.540040,4.189537,1412,7.4526
17568,2,9,2.432531,2.634151,1429,7.5782
17569,9,13,4.670664,4.864017,1381,7.4333
17570,13,24,2.072106,2.258937,1421,7.5241
17571,24,62,4.789229,5.316202,1475,7.5894
17572,62,21,2.107915,2.435279,1435,7.6027
17573,21,53,2.013604,1.959522,1449,7.6072
17574,53,45,2.720699,2.859126,1463,7.6328
17575,45,21,2.827673,2.953739,1445,7.6024
17576,21,54,2.613676,2.512081,1443,7.5773
17577,54,30,2.372488,2.565495,1460,7.6056
17578,30,10,4.013744,4.549054,1447,7.5844
17579,10,37,3.407782,3.222991,1349,7.3715
17580,37,28,2.456984,2.278396,1363,7.3891
17581,28,53,3.837508,3.759710,1454,7.6788
17582,53,45,2.657115,2.737248,1425,7.6072
17583,45,54,2.039280,1.832703,1455,7.6361
17584,54,30,2.210661,2.487627,1456,7.6122
17585,30,31,1.786504,1.965060,1449,7.5823
17586,31,42,2.340996,2.852448,1393,7.3409
17587,42,40,3.572684,3.383141,1380,7.2869
17588,40,24,3.304312,3.757652,1324,6.9812
17589,24,62,4.787475,5.049461,1458,7.5897
17590,62,46,2.146080,2.272687,1422,7.5283
17591,46,63,2.108144,2.342690,1437,7.5971
17592,63,8,2.605754,2.246093,1451,7.5819
17593,8,27,2.884835,3.376140,1427,7.4980
17594,27,16,1.692925,2.190962,1451,7.5676
17595,16,4,4.950009,5.532455,1448,7.6748
17596,4,15,2.354931,2.267174,1348,7.3845
17597,15,33,3.262502,3.513267,1413,7.4936
17598,33,48,4.090005,4.642040,1451,7.6037
17599,48,20,3.116120,3.742121,1415,7.5130
17600,20,19,3.170406,3.296619,1427,7.5360
17601,19,50,4.194134,4.089193,1403,7.4318
17602,50,9,4.412996,4.667658,1431,7.5936
17603,9,16,3.430326,3.317073,1439,7.6555
17604,16,40,5.479604,5.873967,1437,7.6368
17605,40,24,3.228406,3.525547,1444,7.5753
17606,24,62,4.434922,4.789152,1430,7.5367
17607,62,21,2.292978,2.433013,1452,7.6175
17608,21,53,2.035782,1.952260,1445,7.5969
17609,53,45,2.358191,2.647852,1411,7.5755
17610,45,54,1.939310,1.775989,1439,7.5994
17611,54,30,2.284000,2.431674,1459,7.5893
17612,30,10,3.987014,4.472662,1440,7.5765
17613,10,61,2.773904,2.467828,1415,7.5161
17614,61,33,4.373233,4.151425,1425,7.5911
17615,33,47,2.723228,3.045898,1292,7.0969
17616,47,35,2.427660,2.492124,1344,7.2717
17617,35,49,4.919315,5.334040,1454,7.6445
17618,49,42,4.424141,4.948558,1429,7.5473
17619,42,22,3.303278,3.522365,1398,7.4644
17620,22,38,1.583777,1.690258,1436,7.5580
17621,38,26,2.430745,3.024651,1458,7.6084
17622,26,42,2.975202,3.620453,1427,7.4846
17623,42,22,3.203601,3.364170,1436,7.5306
17624,22,60,2.624266,3.078045,1454,7.5798
17625,60,61,4.734922,5.082443,1449,7.5922
17626,61,53,4.034181,4.164325,1433,7.5992
17627,53,37,2.881577,2.852522,1388,7.4764
17628,37,28,2.110466,2.202744,1430,7.6488
17629,28,10,3.461029,3.258967,1445,7.6763
17630,10,1,4.180254,4.420852,1391,7.3760
17631,1,46,3.232532,3.358565,1384,7.3953
17632,46,63,2.127563,2.217090,1450,7.6278
17633,63,63,0.927650,0.679750,1281,6.9571
17634,63,8,2.420728,2.319083,1441,7.6044
17635,8,27,2.608166,3.303401,1427,7.5235
17636,27,16,1.783953,2.232308,1416,7.5143
17637,16,40,5.380540,5.674354,1441,7.6176
17638,40,23,3.927462,3.748850,1333,7.2379
17639,23,62,3.743192,3.505390,1370,7.2377
17640,62,46,2.133126,2.309376,1445,7.6053
17641,46,63,1.893477,2.132641,1391,7.4283
17642,63,8,2.409765,2.266697,1413,7.5359
17643,8,4,3.787050,4.416059,1434,7.5228
17644,4,40,3.161476,3.209721,1358,7.2678
17645,40,23,3.710684,3.636527,1415,7.5662
17646,23,0,2.666759,2.191004,1397,7.4482
17647,0,57,1.888377,1.872496,1415,7.5036
17648,57,22,3.303229,3.716601,1323,7.1329
17649,22,60,2.368196,2.932333,1453,7.6070
17650,60,7,2.652148,2.777314,1441,7.5793
17651,7,45,5.149075,5.298213,1406,7.5002
17652,45,54,1.829461,1.691342,1400,7.4827
17653,54,59,4.308836,4.840176,1458,7.6024
17654,59,43,2.904848,2.681874,1376,7.2655
17655,43,23,2.962940,2.892374,1414,7.5060
17656,23,62,3.397779,3.415837,1400,7.4291
17657,62,21,2.239141,2.425308,1422,7.5269
17658,21,53,1.956214,1.980824,1437,7.6050
17659,53,37,2.761187,2.789123,1447,7.6050
17660,37,62,3.416378,3.787404,1420,7.5432
17661,62,21,1.981843,2.309322,1437,7.5721
17662,21,54,2.438757,2.497356,1439,7.5794
17663,54,59,4.300325,4.696862,1426,7.5345
17664,59,20,5.126995,5.612562,1408,7.4852
17665,20,30,4.098829,4.158535,1370,7.4006
17666,30,31,1.742840,1.932802,1369,7.3087
17667,31,42,2.302407,2.908972,1363,7.2630
17668,42,22,3.078108,3.275778,1394,7.4736
17669,22,2,3.668045,4.228890,1469,7.5992
17670,2,9,2.267562,2.604351,1387,7.4485
17671,9,13,4.384320,4.685316,1430,7.6224
17672,13,24,2.202705,2.333201,1435,7.5410
17673,24,41,2.619679,2.644704,1438,7.5957
17674,41,22,3.394473,3.638302,1460,7.6484
17675,22,38,1.682760,1.874806,1407,7.4191
17676,38,26,2.462481,2.943281,1411,7.4371
17677,26,13,4.410955,4.548731,1441,7.5662
17678,13,32,2.242230,2.100471,1429,7.5360
17679,32,10,5.024281,5.596011,1404,7.4594
17680,10,37,3.128268,3.054940,1418,7.6115
17681,37,62,3.457424,3.644693,1428,7.5668
17682,62,21,1.904900,2.202244,1425,7.5243
17683,21,53,2.042019,2.065038,1367,7.2922
17684,53,21,1.867160,1.752422,1418,7.5310
17685,21,54,2.461930,2.521822,1432,7.5788
17686,54,30,2.411523,2.618999,1424,7.5776
17687,30,10,3.754119,4.338894,1399,7.4512
17688,10,1,4.022257,4.320399,1437,7.5814
17689,1,59,3.369713,3.569510,1388,7.4555
17690,59,20,5.033077,5.487223,1423,7.5866
17691,20,19,3.053162,3.208264,1436,7.5505
17692,19,51,2.124105,2.208583,1433,7.5816
17693,51,54,6.867674,7.555454,1452,7.6026
17694,54,59,3.910721,4.504991,1430,7.5735
17695,59,20,4.804523,5.423848,1403,7.5421
17696,20,47,4.085590,3.964951,1391,7.4459
17697,47,63,3.412427,3.804406,1312,7.0633
17698,63,8,2.241337,2.098583,1458,7.6210
17699,8,27,2.871948,3.391659,1419,7.4628
17700,27,27,1.005510,0.614277,1432,7.5591
17701,27,27,0.825022,0.514103,1472,7.5911
17702,27,27,0.709451,0.430288,1476,7.5689
17703,27,16,2.074932,2.562394,1437,7.5428
17704,16,40,5.010927,5.373067,1439,7.6302
17705,40,33,3.335667,2.984241,1271,6.8753
17706,33,47,2.657572,3.018419,1291,7.2157
17707,47,37,2.671469,2.585062,1383,7.4333
17708,37,62,3.251979,3.512207,1462,7.6261
17709,62,21,1.957140,2.095504,1449,7.5888
17710,21,55,3.438970,3.649387,1449,7.6110
17711,55,58,2.455105,2.534446,1379,7.3853
17712,58,4,4.648376,4.526621,1398,7.5002
17713,4,40,3.036515,3.075367,1378,7.3340
17714,40,24,3.276485,3.416965,1419,7.4835
17715,24,62,4.817558,5.067474,1446,7.5601
17716,62,21,1.609319,1.978489,1387,7.3852
17717,21,53,2.329238,2.175278,1425,7.5516
17718,53,21,1.866450,1.610111,1404,7.5033
17719,21,53,2.035835,2.021572,1438,7.5684
17720,53,21,1.748067,1.509628,1455,7.6245
17721,21,53,1.862018,1.875914,1434,7.5804
17722,53,37,3.038494,3.025769,1447,7.6112
17723,37,47,2.937407,3.190910,1418,7.5569
17724,47,37,2.507035,2.422200,1449,7.5866
17725,37,62,3.369905,3.605392,1437,7.6187
17726,62,21,1.594079,1.917320,1437,7.5768
17727,21,53,1.733290,1.813642,1451,7.5984
17728,53,45,2.977744,3.309554,1453,7.6230
17729,45,54,2.057597,1.796191,1437,7.6205
17730,54,43,3.504377,3.406487,1461,7.6075
17731,43,57,2.376681,2.593331,1416,7.4719
17732,57,22,3.176616,3.698613,1362,7.2886
17733,22,38,1.627478,1.803974,1460,7.6191
17734,38,0,4.672163,5.444111,1321,7.2395
17735,0,62,3.486776,3.646550,1408,7.4690
17736,62,46,2.518738,2.599744,1434,7.5669
17737,46,5,5.131982,5.527381,1480,7.6481
17738,5,13,3.202339,3.021897,1420,7.5636
17739,13,32,2.086709,1.967704,1464,7.6146
17740,32,29,2.951909,3.171026,1458,7.6548
17741,29,29,0.649218,0.331604,1438,7.6340
17742,29,4,5.815395,5.998543,1312,7.1711
17743,4,40,2.970102,3.001329,1397,7.4338
17744,40,23,3.600025,3.657925,1363,7.2281
17745,23,0,2.237024,2.273237,1324,7.2552
17746,0,57,1.807404,1.812180,1432,7.5531
17747,57,22,3.238861,3.563182,1448,7.5889
17748,22,2,3.231249,3.987558,1372,7.2381
17749,2,52,3.677345,3.849295,1403,7.4905
17750,52,54,4.128684,4.641089,1413,7.5500
17751,54,30,2.457793,2.498294,1454,7.6019
17752,30,40,5.082478,6.120783,1437,7.6044
17753,40,24,2.988240,3.332788,1278,6.9725
17754,24,62,4.449437,4.971789,1457,7.6058
17755,62,48,2.883633,2.863023,1423,7.5718
17756,48,20,3.220606,3.644302,1355,7.1487
17757,20,19,3.133348,3.181811,1440,7.5444
17758,19,50,4.052546,4.006833,1364,7.1844
17759,50,9,4.326953,4.520550,1442,7.6450
17760,9,13,4.209107,4.491507,1398,7.5121
17761,13,24,2.447441,2.500589,1406,7.4359
17762,24,62,4.419447,4.861815,1432,7.5558
17763,62,21,1.759591,2.017571,1445,7.5980
17764,21,53,1.760739,1.753002,1432,7.5710
17765,53,21,1.603284,1.552978,1382,7.3299
17766,21,54,3.000195,3.020350,1439,7.5872
17767,54,30,2.384495,2.431888,1449,7.5838
17768,30,31,1.959068,2.156746,1438,7.5737
17769,31,30,1.987649,1.613033,1446,7.5794
17770,30,31,2.036757,2.005084,1420,7.5431
17771,31,42,2.441815,2.971954,1460,7.5584
17772,42,55,4.391161,4.553040,1408,7.4878
17773,55,58,2.522035,2.383192,1423,7.5969
17774,58,15,2.880547,3.166515,1448,7.6002
17775,15,26,3.282456,3.450499,1303,6.9550
17776,26,13,4.554056,4.423697,1423,7.5727
17777,13,24,2.272355,2.373345,1381,7.3819
17778,24,41,2.455566,2.648355,1424,7.5601
17779,41,24,2.196239,2.160523,1453,7.6289
17780,24,41,2.238579,2.461812,1442,7.5580
17781,41,22,3.462224,3.796244,1423,7.6104
17782,22,60,2.493937,3.045324,1476,7.6157
17783,60,22,2.457766,2.151265,1444,7.5938
17784,22,38,1.694175,1.860164,1452,7.5789
17785,38,26,2.618883,3.014113,1381,7.3101
17786,26,13,4.478707,4.302872,1467,7.5968
17787,13,24,2.001938,2.244996,1382,7.3970
17788,24,62,4.291737,4.927324,1466,7.6086
17789,62,21,1.690045,1.923716,1450,7.6289
17790,21,53,1.803739,1.794715,1438,7.5849
17791,53,21,1.548009,1.470013,1351,7.2559
17792,21,54,2.908227,3.002547,1448,7.5951
17793,54,30,2.366343,2.400953,1453,7.6024
17794,30,31,1.634779,1.977578,1447,7.6224
17795,31,42,2.441648,2.932615,1468,7.5932
17796,42,55,4.225802,4.379061,1268,6.7688
17797,55,58,2.399852,2.258376,1432,7.5869
17798,58,4,4.571999,4.553307,1451,7.5985
17799,4,40,3.091766,2.956931,1195,6.4661
17800,40,24,3.219973,3.497294,1443,7.6014
17801,24,62,4.046112,4.667693,1378,7.3663
17802,62,48,2.752377,2.732092,1438,7.5929
17803,48,41,2.909848,3.329135,1439,7.5898
17804,41,55,3.107190,3.506274,1464,7.6277
17805,55,26,3.912238,4.493119,1441,7.6201
17806,26,17,2.986377,2.967281,1368,7.4371
17807,17,48,5.627168,5.667539,1414,7.5691
17808,48,20,3.139201,3.531984,1454,7.6014
17809,20,30,3.882034,4.170529,1459,7.5603
17810,30,31,1.631723,1.863977,1428,7.5621
17811,31,19,3.975483,4.408056,1446,7.5682
17812,19,17,5.043824,5.487512,1456,7.6243
17813,17,23,6.143573,6.411362,1339,7.2325
17814,23,0,2.305590,2.058921,1353,7.2144
17815,0,62,3.630025,3.770089,1470,7.5929
17816,62,21,1.764430,1.950582,1301,6.8551
17817,21,53,1.728977,1.804141,1358,7.2125
17818,53,45,3.018926,3.329718,1416,7.5042
17819,45,54,1.866061,1.684695,1439,7.6106
17820,54,59,3.842919,4.443288,1437,7.5908
17821,59,20,4.676496,5.386413,1440,7.5964
17822,20,19,3.154742,3.141133,1473,7.5824
17823,19,51,2.240189,2.348214,1372,7.3079
17824,51,4,4.218659,4.861898,1405,7.5371
17825,4,40,2.857139,2.833212,1371,7.4094
17826,40,24,3.197989,3.411852,1445,7.6039
17827,24,62,3.921896,4.512244,1438,7.5842
17828,62,46,2.803159,2.735623,1417,7.5505
17829,46,63,2.112151,2.249006,1437,7.5830
17830,63,37,3.235588,3.798019,1381,7.4025
17831,37,47,2.807280,2.880830,1406,7.4986
17832,47,35,2.368960,2.570321,1394,7.3766
17833,35,43,3.911808,4.194236,1431,7.5764
17834,43,57,2.245838,2.452981,1457,7.6092
17835,57,22,2.741435,3.537840,1444,7.5832
17836,22,2,3.150168,3.822795,1449,7.5754
17837,2,9,2.284573,2.670803,1416,7.5427
17838,9,13,4.241803,4.379315,1447,7.6048
17839,13,32,2.290683,2.097641,1447,7.5625
17840,32,29,2.842431,2.966259,1410,7.5472
17841,29,29,0.616945,0.296354,1418,7.5688
17842,29,29,0.485321,0.248277,1397,7.4981
17843,29,4,6.184160,6.176482,1429,7.5555
17844,4,40,2.744515,2.780108,1379,7.3132
17845,40,23,3.422891,3.645051,1422,7.5075
17846,23,0,1.997530,2.011698,1382,7.4102
17847,0,57,1.823422,1.836614,1425,7.5547
17848,57,22,2.817424,3.438614,1435,7.5890
17849,22,38,1.784875,1.930069,1430,7.5572
17850,38,0,4.913147,5.418962,1356,7.2156
17851,0,57,1.776570,1.700988,1433,7.5628
17852,57,2,2.508379,3.295450,1437,7.5909
17853,2,9,2.280013,2.621655,1425,7.5704
17854,9,13,3.914231,4.261246,1435,7.6397
17855,13,24,2.126757,2.469370,1415,7.5154
17856,24,62,3.814751,4.388606,1462,7.5859
17857,62,46,2.821626,2.626842,1436,7.5735
17858,46,5,5.024531,5.322008,1441,7.5897
17859,5,13,3.850615,3.300665,1440,7.6273
17860,13,24,2.082382,2.366496,1446,7.5985
17861,24,62,3.603634,4.302553,1446,7.5926
17862,62,21,1.911610,2.106023,1436,7.5863
17863,21,55,3.482027,3.963599,1438,7.5678
17864,55,58,2.371572,2.286226,1392,7.4506
17865,58,15,2.983613,3.209279,1406,7.5403
17866,15,1,3.421840,3.483620,1369,7.3437
17867,1,59,3.239699,3.540317,1424,7.4760
17868,59,21,3.216162,4.001299,1428,7.5584
17869,21,54,2.636803,2.769427,1403,7.4894
17870,54,30,2.426817,2.497613,1438,7.6029
17871,30,31,1.788633,1.858528,1430,7.5794
17872,31,30,1.984986,1.673298,1453,7.5680
17873,30,31,1.679571,1.751930,1432,7.5567
17874,31,19,3.823547,4.343910,1469,7.5865
17875,19,51,2.079394,2.356286,1443,7.6045
17876,51,54,6.924291,7.482111,1366,7.2507
17877,54,43,3.501192,3.501373,1441,7.5808
17878,43,23,3.540789,3.173074,1397,7.4278
17879,23,0,2.229135,2.063761,1434,7.5908
17880,0,62,3.672338,3.853945,1458,7.5755
17881,62,46,2.598997,2.564933,1425,7.5783
17882,46,63,2.243700,2.326102,1398,7.3595
17883,63,8,2.140359,2.105451,1430,7.5793
17884,8,27,2.448667,3.120002,1371,7.3616
17885,27,16,2.023408,2.459946,1452,7.5801
17886,16,4,4.896517,5.536542,1417,7.5894
17887,4,40,2.561092,2.685045,1458,7.6069
17888,40,23,3.502538,3.667406,1381,7.4055
17889,23,0,1.880456,2.015592,1326,7.0824
17890,0,62,3.340020,3.685741,1439,7.5624
17891,62,48,2.917133,2.880314,1386,7.3753
17892,48,13,4.701162,5.312550,1449,7.6305
17893,13,24,2.021090,2.245871,1452,7.5778
17894,24,41,2.379271,2.636302,1461,7.6262
17895,41,24,2.163427,2.038476,1427,7.6206
17896,24,62,3.897064,4.470681,1433,7.5656
17897,62,21,1.948784,2.276822,1443,7.5833
17898,21,53,1.929487,1.893914,1472,7.5910
17899,53,21,1.699165,1.559320,1451,7.6271
17900,21,54,2.978568,2.836100,1429,7.5472
17901,54,59,3.732164,4.378430,1471,7.5958
17902,59,20,4.844952,5.322538,1440,7.5369
17903,20,47,3.807960,3.776840,1454,7.5552
17904,47,35,2.268957,2.425328,1322,7.2176
17905,35,48,4.427803,4.572238,1355,7.2511
17906,48,41,2.750954,3.265212,1446,7.5992
17907,41,22,3.782827,3.874118,1451,7.6381
17908,22,60,2.662603,3.071831,1367,7.3446
17909,60,7,2.708596,2.835057,1454,7.5990
17910,7,45,4.998635,4.966048,1392,7.4992
17911,45,21,2.946842,3.259713,1418,7.5886
17912,21,53,1.879923,1.810907,1402,7.5264
17913,53,21,1.620382,1.424718,1447,7.6048
17914,21,54,2.775172,2.678971,1421,7.5481
17915,54,43,3.350771,3.517595,1455,7.5768
17916,43,23,3.565908,3.208488,1327,7.0156
17917,23,37,3.760480,4.013584,1450,7.5882
17918,37,28,2.255087,2.293627,1430,7.6021
17919,28,46,4.269087,4.329521,1363,7.3338
17920,46,63,2.307451,2.195584,1358,7.3058
17921,63,63,0.953333,0.680456,1464,7.6055
17922,63,37,3.470748,4.015865,1457,7.6469
17923,37,62,4.167744,4.449564,1423,7.5886
17924,62,46,2.688908,2.615911,1435,7.5835
17925,46,63,1.954094,2.113953,1460,7.6248
17926,63,37,3.461669,3.870545,1438,7.5828
17927,37,62,4.218409,4.293369,1327,7.1062
17928,62,46,2.452547,2.451022,1432,7.5672
17929,46,63,1.922337,2.125690,1474,7.6271
17930,63,63,0.770460,0.522932,1410,7.5035
17931,63,63,0.597956,0.438831,1460,7.6000
17932,63,8,2.646615,2.625187,1470,7.6249
17933,8,4,3.887312,4.485039,1412,7.5124
17934,4,40,2.507793,2.652730,1452,7.6104
17935,40,23,3.535743,3.702136,1372,7.4075
17936,23,62,3.050225,3.265316,1419,7.4973
17937,62,48,3.037224,2.955234,1429,7.5697
17938,48,20,3.055043,3.538850,1432,7.5824
17939,20,47,3.633010,3.707120,1447,7.5522
17940,47,63,3.296010,3.637868,1380,7.4029
17941,63,8,2.294120,2.372106,1376,7.2741
17942,8,2,5.411297,5.156714,1393,7.2661
17943,2,9,2.239832,2.450960,1451,7.6596
17944,9,13,4.097510,4.252807,1425,7.5907
17945,13,24,2.080526,2.211134,1432,7.5496
17946,24,62,3.644793,4.693280,1448,7.5746
17947,62,46,2.310648,2.457963,1465,7.6136
17948,46,63,1.769083,2.075719,1417,7.5705
17949,63,8,2.342702,2.300441,1408,7.4979
17950,8,27,2.779560,3.323907,1421,7.5003
17951,27,16,1.819242,2.387829,1461,7.5822
17952,16,40,4.510485,5.094685,1414,7.5844
17953,40,33,3.625739,3.168311,1411,7.3887
17954,33,62,3.539879,3.485404,1255,6.8536
17955,62,46,2.094897,2.310835,1437,7.5823
17956,46,63,1.705101,2.106593,1386,7.3429
17957,63,8,2.040086,2.230366,1395,7.4165
17958,8,2,5.306572,5.134240,1411,7.4945
17959,2,7,2.415239,3.008019,1424,7.5629
17960,7,45,4.669731,4.833668,1444,7.6108
17961,45,21,2.970136,3.157522,1367,7.2262
17962,21,55,3.595964,3.784248,1408,7.4812
17963,55,58,2.109120,2.226296,1386,7.3571
17964,58,4,4.680342,4.741399,1382,7.4651
17965,4,40,2.504569,2.549438,1454,7.6214
17966,40,33,3.260247,3.074946,1427,7.5525
17967,33,47,2.794869,3.136774,1459,7.6073
17968,47,63,3.142192,3.593229,1444,7.6137
17969,63,63,0.849893,0.529158,1404,7.4756
17970,63,63,0.683721,0.441102,1444,7.5851
17971,63,63,0.594383,0.368910,1423,7.5067
17972,63,8,2.457624,2.487390,1424,7.5608
17973,8,27,3.467949,3.359538,1443,7.5781
17974,27,16,1.896593,2.372662,1450,7.5782
17975,16,41,4.177860,4.884940,1422,7.6193
17976,41,22,3.408032,3.695044,1446,7.6538
17977,22,38,1.804349,1.875463,1227,6.7714
17978,38,49,3.890336,4.558830,1424,7.5225
17979,49,17,2.570146,2.613482,1352,7.2248
17980,17,0,4.689495,4.843475,1401,7.4899
17981,0,43,4.244027,4.193907,1395,7.4636
17982,43,23,3.307134,3.025281,1415,7.5037
17983,23,37,3.436382,3.977710,1367,7.3062
17984,37,62,4.276986,4.028849,1444,7.6231
17985,62,21,2.276197,2.490720,1441,7.6205
17986,21,53,1.826395,1.846550,1444,7.6244
17987,53,37,2.880960,3.123924,1444,7.6269
17988,37,47,2.577511,2.902538,1388,7.5010
17989,47,35,2.448473,2.474844,1456,7.6360
17990,35,49,5.040718,5.241886,1429,7.5898
17991,49,17,2.411377,2.546817,1351,7.2767
17992,17,48,5.367219,5.440969,1392,7.4916
17993,48,41,2.940107,3.160641,1444,7.6041
17994,41,24,2.179881,2.107708,1444,7.6285
17995,24,62,4.071942,4.667623,1394,7.4663
17996,62,48,2.949950,2.993561,1449,7.6198
17997,48,41,2.734998,3.081965,1442,7.6116
17998,41,55,3.354870,3.560828,1402,7.5730
17999,55,30,2.583377,2.571471,1457,7.6452
18000,30,31,1.628179,1.659863,1417,7.4544
18001,31,42,2.518812,3.165115,1425,7.5379
18002,42,55,4.402446,4.300230,1456,7.6030
18003,55,58,2.415388,2.159842,1444,7.6022
18004,58,4,4.626726,4.620965,1470,7.5960
18005,4,40,2.395656,2.470712,1234,6.9858
18006,40,24,3.648682,3.790990,1400,7.4561
18007,24,62,4.005303,4.368509,1425,7.5925
18008,62,46,2.241952,2.339309,1408,7.4871
18009,46,63,1.584241,1.974444,1414,7.5847
18010,63,8,2.220763,2.284483,1429,7.5684
18011,8,27,2.622744,3.268276,1387,7.4645
18012,27,16,1.712653,2.375049,1458,7.5711
18013,16,4,4.973600,5.596227,1436,7.6128
18014,4,15,2.583298,2.401769,1284,7.0394
18015,15,1,3.340339,3.336149,1311,7.1552
18016,1,46,3.787466,3.723152,1176,6.5246
18017,46,63,1.646883,1.917187,1429,7.5499
18018,63,37,3.434266,4.144231,1467,7.6490
18019,37,28,2.400824,2.449848,1393,7.4988
18020,28,10,3.390404,3.123425,1431,7.5930
18021,10,61,2.557519,2.463415,1424,7.5571
18022,61,6,2.710795,3.116805,1402,7.5113
18023,6,12,2.492656,2.564570,1461,7.5985
18024,12,46,6.549371,6.707981,1423,7.5691
18025,46,63,1.489180,1.853406,1327,7.2389
18026,63,8,2.204577,2.265392,1437,7.5845
18027,8,4,4.099893,4.942170,1423,7.5331
18028,4,40,2.325060,2.441134,1424,7.5760
18029,40,23,3.535898,3.871474,1429,7.5305
18030,23,0,2.372301,2.233616,1369,7.2305
18031,0,62,3.690909,3.749691,1446,7.5865
18032,62,46,2.451568,2.366004,1441,7.5928
18033,46,63,1.667761,1.894457,1462,7.6212
18034,63,8,2.070840,2.176507,1439,7.5504
18035,8,2,5.309102,5.170993,1435,7.5319
18036,2,52,3.609996,3.698763,1425,7.5706
18037,52,8,4.574888,4.815362,1449,7.5933
18038,8,2,4.978683,4.698625,1451,7.5781
18039,2,9,2.317781,2.462574,1428,7.5644
18040,9,13,3.916246,4.052673,1406,7.5692
18041,13,31,5.365443,5.937954,1463,7.6151
18042,31,30,1.873006,1.622285,1449,7.5831
18043,30,31,1.454213,1.660077,1392,7.4603
18044,31,42,2.748488,3.035553,1446,7.5744
18045,42,55,3.949768,4.139184,1374,7.3381
18046,55,58,2.192931,2.039729,1432,7.5868
18047,58,4,4.789309,4.684129,1446,7.5836
18048,4,15,2.678725,2.310709,1234,6.8032
18049,15,1,3.178123,3.223306,1452,7.5787
18050,1,59,3.414612,3.626741,1435,7.5055
18051,59,21,3.318551,3.970516,1439,7.6157
18052,21,53,1.812727,1.737898,1441,7.5887
18053,53,21,1.716642,1.588618,1330,7.2414
18054,21,53,1.688220,1.638267,1452,7.6038
18055,53,37,2.927742,3.038446,1435,7.5848
18056,37,28,2.295686,2.396719,1444,7.5872
18057,28,10,3.364341,3.026454,1393,7.5398
18058,10,61,2.568916,2.390357,1424,7.5575
18059,61,33,4.232463,4.163074,1334,7.1218
18060,33,47,2.763515,3.050159,1463,7.6470
18061,47,37,2.207866,2.426368,1447,7.6484
18062,37,47,2.818682,2.871345,1428,7.5965
18063,47,63,3.198379,3.604091,1418,7.5087
18064,63,63,0.750940,0.507107,1411,7.5030
18065,63,37,3.302564,3.830462,1444,7.5874
18066,37,62,4.440622,4.405868,1451,7.6290
18067,62,46,2.105656,2.236023,1426,7.5996
18068,46,63,1.717337,1.956323,1442,7.5857
18069,63,37,3.138775,3.621968,1468,7.6360
18070,37,62,4.157644,4.242938,1383,7.4652
18071,62,21,2.301968,2.631576,1430,7.5841
18072,21,55,3.470821,3.778410,1337,7.2472
18073,55,26,3.716303,4.449501,1447,7.6166
18074,26,13,4.174486,4.073901,1435,7.5771
18075,13,32,2.319986,2.267789,1432,7.5430
18076,32,5,2.895284,2.852797,1434,7.6158
18077,5,13,3.696203,3.361696,1257,6.7267
18078,13,32,2.349094,2.098133,1296,6.9793
18079,32,10,5.013096,5.666042,1467,7.6611
18080,10,61,2.513109,2.233434,1263,6.8796
18081,61,53,4.044898,4.326697,1451,7.6170
18082,53,45,3.471278,3.353496,1411,7.4846
18083,45,21,2.964414,3.037858,1456,7.6446
18084,21,53,1.774720,1.678735,1372,7.3553
18085,53,21,1.627563,1.536676,1448,7.5957
18086,21,53,1.584051,1.593226,1436,7.5734
18087,53,37,2.909925,2.922939,1440,7.6051
18088,37,62,3.916152,4.080436,1427,7.5849
18089,62,21,2.269295,2.545000,1402,7.4163
18090,21,54,2.733734,2.735842,1447,7.5789
18091,54,30,2.609986,2.515362,1454,7.6262
18092,30,31,1.565070,1.674727,1452,7.6030
18093,31,42,2.492781,2.898943,1468,7.6037
18094,42,40,4.764199,4.820120,1445,7.5899
18095,40,33,3.229639,3.010827,1392,7.3787
18096,33,62,3.230264,3.413798,1443,7.5988
18097,62,21,2.216693,2.461741,1448,7.5954
18098,21,53,1.650461,1.702776,1427,7.5767
18099,53,21,1.541139,1.473318,1415,7.5343
18100,21,55,3.371082,3.883101,1411,7.5376
18101,55,26,3.602680,4.407913,1455,7.6304
18102,26,13,4.160128,4.010947,1295,7.0221
18103,13,24,2.179038,2.365675,1393,7.3730
18104,24,62,4.158739,4.663921,1450,7.5742
18105,62,48,3.123987,3.065784,1431,7.5839
18106,48,41,2.778352,2.999720,1434,7.5738
18107,41,22,3.427208,3.642094,1434,7.6091
18108,22,38,1.627924,1.799181,1464,7.6002
18109,38,49,3.662687,4.450319,1451,7.6183
18110,49,17,2.379299,2.489761,1310,7.1703
18111,17,23,5.918673,6.464028,1392,7.4256
18112,23,0,2.026806,2.019710,1323,7.1095
18113,0,62,3.792146,3.761028,1441,7.5554
18114,62,21,2.117249,2.394773,1449,7.6206
18115,21,54,2.635146,2.802401,1440,7.5881
18116,54,30,2.443078,2.450201,1419,7.5406
18117,30,10,3.994045,4.541361,1332,7.2379
18118,10,37,3.289946,3.254625,1412,7.4516
18119,37,28,2.560408,2.512874,1388,7.3560
18120,28,10,3.239417,3.041527,1324,7.1702
18121,10,61,2.479481,2.252034,1349,7.2187
18122,61,33,4.205859,4.187264,1438,7.6028
18123,33,47,2.565581,3.032657,1428,7.5446
18124,47,63,3.208546,3.546835,1440,7.6085
18125,63,8,2.197801,2.221064,1444,7.5785
18126,8,2,4.485975,4.326112,1440,7.5665
18127,2,7,2.459381,3.076076,1384,7.4907
18128,7,45,4.931396,4.651992,1418,7.6006
18129,45,21,2.904527,3.128757,1311,6.9779
18130,21,54,2.436229,2.565888,1460,7.6029
18131,54,43,3.666856,3.516586,1450,7.5883
18132,43,23,3.362094,3.091494,1446,7.5771
18133,23,62,2.955440,3.251216,1434,7.5680
18134,62,21,2.064595,2.422527,1331,6.9918
18135,21,53,1.787954,1.901542,1383,7.4296
18136,53,21,1.455741,1.397503,1442,7.5892
18137,21,53,1.707872,1.795839,1449,7.5873
18138,53,45,3.635507,3.692052,1437,7.5982
18139,45,54,2.040289,1.894911,1444,7.6125
18140,54,43,3.573358,3.339071,1451,7.5879
18141,43,23,3.178285,3.020082,1371,7.4015
18142,23,0,1.930820,2.006454,1426,7.5582
18143,0,57,1.974723,1.980922,1440,7.5565
18144,57,2,3.071847,3.580610,1453,7.5980
18145,2,9,2.130858,2.463938,1420,7.6085
18146,9,13,3.762672,4.021814,1434,7.6626
18147,13,32,2.185033,2.119133,1416,7.4982
18148,32,29,3.093261,2.932176,1438,7.6520
18149,29,23,5.928784,7.086718,1193,6.6507
18150,23,62,3.077295,3.218304,1459,7.6326
18151,62,48,3.096387,3.041074,1426,7.6117
18152,48,13,5.451663,5.489194,1441,7.5779
18153,13,24,2.223025,2.310271,1375,7.2639
18154,24,36,4.920251,5.448237,1433,7.5527
18155,36,37,5.948473,5.775111,1222,6.6838
18156,37,28,2.488093,2.302266,1447,7.6179
18157,28,46,4.203789,4.514930,1456,7.6697
18158,46,63,1.841188,1.976090,1428,7.5129
18159,63,8,2.063987,2.119950,1417,7.5289
18160,8,2,4.541190,4.318648,1457,7.5821
18161,2,7,2.537791,3.066346,1390,7.4749
18162,7,45,4.632527,4.563268,1420,7.5754
18163,45,54,2.003560,1.842496,1433,7.6332
18164,54,30,2.597510,2.502548,1460,7.6015
18165,30,31,1.793103,1.809131,1380,7.3669
18166,31,42,2.485964,2.771355,1442,7.5682
18167,42,40,4.588469,4.663094,1451,7.5692
18168,40,24,3.661675,3.673071,1401,7.5379
18169,24,62,4.531453,4.733008,1429,7.5681
18170,62,21,2.185855,2.426087,1449,7.6067
18171,21,54,2.529586,2.529278,1361,7.2632
18172,54,59,4.005116,4.587367,1446,7.5941
18173,59,20,4.691761,5.271696,1368,7.2878
18174,20,47,3.649000,3.764366,1424,7.4935
18175,47,37,2.495623,2.474043,1304,7.1322
18176,37,47,2.535965,2.740821,1449,7.6326
18177,47,37,2.279919,2.294827,1423,7.5630
18178,37,62,4.217417,4.116611,1433,7.6052
18179,62,46,2.597897,2.536939,1456,7.6420
18180,46,63,1.807043,2.027314,1441,7.6333
18181,63,37,3.099403,3.489214,1338,7.2109
18182,37,62,3.953111,3.974297,1471,7.6306
18183,62,21,2.077542,2.278986,1449,7.6263
18184,21,53,1.794938,1.897566,1351,7.2647
18185,53,21,1.602636,1.483991,1415,7.5305
18186,21,53,1.631517,1.785106,1360,7.2695
18187,53,21,1.458509,1.420671,1460,7.6012
18188,21,54,2.546615,2.646839,1428,7.5553
18189,54,30,2.550204,2.515631,1434,7.5893
18190,30,31,1.704794,1.798630,1427,7.5921
18191,31,30,2.089059,1.628091,1458,7.5718
18192,30,10,3.938575,4.556324,1401,7.5163
18193,10,37,3.477702,3.343104,1334,7.2969
18194,37,28,2.377583,2.297699,1386,7.4243
18195,28,10,3.221203,3.009174,1326,7.2649
18196,10,37,3.204924,3.125696,1461,7.6417
18197,37,28,2.077490,2.157727,1444,7.6374
18198,28,46,4.231086,4.477514,1430,7.6178
18199,46,63,1.902852,1.967822,1404,7.4447
18200,63,8,1.927431,2.172894,1455,7.5930
18201,8,2,3.826372,4.111402,1395,7.2988
18202,2,7,2.311821,2.989606,1390,7.4347
18203,7,45,4.349120,4.420982,1406,7.4915
18204,45,54,1.900618,1.838379,1447,7.6370
18205,54,43,3.558325,3.400946,1431,7.5787
18206,43,23,3.034193,3.001546,1433,7.5367
18207,23,0,2.091977,1.993027,1446,7.6200
18208,0,57,1.810471,1.898609,1468,7.6168
18209,57,22,3.480876,3.560242,1440,7.6159
18210,22,60,2.572793,3.062676,1445,7.5675
18211,60,7,2.720007,2.683961,1411,7.4330
18212,7,57,4.134258,4.581905,1396,7.4377
18213,57,22,3.192884,3.316451,1448,7.5645
18214,22,38,1.611633,1.880274,1392,7.3984
18215,38,26,2.600095,3.016398,1430,7.5806
18216,26,13,3.810128,3.913386,1451,7.6070
18217,13,32,2.033140,2.112851,1324,7.0989
18218,32,5,3.137465,2.895415,1304,6.9544
18219,5,13,3.990815,3.411425,1282,6.8532
18220,13,24,2.103282,2.329070,1442,7.5706
18221,24,36,4.651206,5.211899,1441,7.5908
18222,36,44,2.932493,3.165296,1335,7.2512
18223,44,1,5.154770,4.989940,1458,7.6064
18224,1,46,3.731936,3.764045,1454,7.5665
18225,46,5,4.693715,5.575626,1414,7.5765
18226,5,13,3.688508,3.314408,1419,7.5205
18227,13,24,1.966712,2.225239,1435,7.5574
18228,24,62,4.340592,4.944693,1432,7.5553
18229,62,48,3.008279,2.878496,1465,7.6486
18230,48,20,3.280338,3.739656,1455,7.6175
18231,20,19,3.100611,3.139805,1414,7.5010
18232,19,51,2.299784,2.261550,1428,7.5980
18233,51,56,2.799885,3.256774,1426,7.6137
18234,56,47,4.994426,5.357018,1420,7.5740
18235,47,63,3.042770,3.449147,1255,6.8345
18236,63,8,2.017831,2.062933,1361,7.1865
18237,8,27,3.166374,3.451844,1424,7.4623
18238,27,27,0.933604,0.562587,1463,7.5984
18239,27,27,0.756011,0.469474,1459,7.5712
18240,27,16,1.970100,2.503220,1496,7.6113
18241,16,4,4.761556,5.387392,1446,7.6158
18242,4,23,4.659421,5.336879,1422,7.5211
18243,23,62,3.284206,3.312249,1296,7.0558
18244,62,46,2.508287,2.487298,1432,7.6006
18245,46,62,2.442866,2.147390,1422,7.5007
18246,62,21,2.273150,2.347750,1444,7.5942
18247,21,53,1.798508,1.815281,1405,7.4556
18248,53,37,2.950679,3.140580,1402,7.4469
18249,37,47,2.624139,3.006639,1324,7.1796
18250,47,35,2.578473,2.612417,1415,7.5609
18251,35,43,4.458706,4.383610,1348,7.1007
18252,43,23,3.456697,2.913240,1430,7.5732
18253,23,0,2.053261,2.020937,1433,7.5952
18254,0,57,2.022939,1.908116,1368,7.3160
18255,57,22,2.812327,3.176032,1463,7.6136
18256,22,38,1.640415,1.852184,1394,7.4660
18257,38,26,2.401453,2.931669,1447,7.6058
18258,26,42,3.127161,3.820220,1458,7.6246
18259,42,40,4.359282,4.400229,1440,7.5560
18260,40,33,3.166046,2.844305,1444,7.5716
18261,33,47,2.610270,3.086036,1431,7.5645
18262,47,63,3.114481,3.408256,1086,5.9640
18263,63,8,2.028778,1.974891,1423,7.5851
18264,8,4,4.328268,4.925948,1427,7.5354
18265,4,40,2.578254,2.694161,1402,7.3782
18266,40,33,3.023820,2.749411,1446,7.6121
18267,33,48,4.287920,4.754178,1408,7.5626
18268,48,41,2.550138,3.027413,1432,7.5931
18269,41,24,2.333687,2.351858,1453,7.6704
18270,24,41,2.447056,2.730005,1380,7.4194
18271,41,55,3.326988,3.591195,1456,7.6347
18272,55,58,2.158352,2.196036,1437,7.6074
18273,58,4,4.437683,4.487906,1447,7.5929
18274,4,15,2.640648,2.352897,1451,7.5926
18275,15,1,2.983508,3.136261,1404,7.3027
18276,1,46,3.724895,3.719084,1404,7.3916
18277,46,63,2.094346,2.009467,1378,7.2804
18278,63,8,1.867740,1.949743,1452,7.6549
18279,8,2,4.028691,4.043235,1399,7.3523
18280,2,9,2.169156,2.641589,1446,7.6619
18281,9,13,3.964508,4.110662,1321,7.1309
18282,13,32,2.021450,2.012311,1405,7.4275
18283,32,5,2.844288,2.824066,1448,7.6234
18284,5,13,3.548115,3.232704,1430,7.5891
18285,13,32,1.961909,1.870679,1348,7.1549
18286,32,29,3.081089,3.075292,1424,7.5849
18287,29,23,5.747632,6.800978,1267,6.9743
18288,23,37,3.522904,4.151026,1417,7.4607
18289,37,47,2.847632,2.887425,1433,7.6183
18290,47,35,2.511448,2.655922,1389,7.3758
18291,35,48,4.219045,4.424182,1428,7.4900
18292,48,13,5.306929,5.428556,1456,7.6243
18293,13,24,2.057732,2.248335,1408,7.5258
18294,24,62,4.627857,4.893559,1454,7.6048
18295,62,21,2.163914,2.239591,1435,7.5923
18296,21,54,2.369027,2.529864,1442,7.6042
18297,54,43,3.221230,3.347932,1449,7.6158
18298,43,57,2.358233,2.854207,1325,7.0182
18299,57,2,3.675090,3.875678,1390,7.4490
18300,2,52,3.618688,3.850221,1400,7.5665
18301,52,8,4.447148,4.645982,1427,7.5751
18302,8,4,4.426149,4.682729,1430,7.5189
18303,4,23,4.632436,5.498219,1415,7.4955
18304,23,62,3.380939,3.344059,1441,7.5813
18305,62,46,2.567467,2.462601,1450,7.6200
18306,46,63,1.800154,2.034086,1364,7.2667
18307,63,8,2.061974,2.023243,1449,7.6470
18308,8,2,3.765505,3.814140,1428,7.5528
18309,2,9,2.202825,2.652052,1428,7.6256
18310,9,13,3.945560,4.121465,1413,7.5736
18311,13,24,1.853736,2.198730,1441,7.5740
18312,24,62,4.383638,4.918166,1412,7.5513
18313,62,46,2.352817,2.330431,1453,7.6174
18314,46,62,2.609263,2.155500,1459,7.6269
18315,62,48,2.984841,2.974421,1448,7.5996
18316,48,13,5.129083,5.406235,1455,7.6008
18317,13,31,5.348779,5.920491,1399,7.4914
18318,31,42,2.291113,2.663441,1437,7.5904
18319,42,22,3.930771,3.885231,1430,7.5437
18320,22,2,4.142719,4.643891,1385,7.4636
18321,2,52,3.512549,3.756541,1423,7.5947
18322,52,8,4.288826,4.511851,1368,7.2670
18323,8,27,2.664522,3.212728,1439,7.5761
18324,27,16,1.804323,2.396378,1454,7.5546
18325,16,4,4.496350,5.213657,1427,7.6188
18326,4,23,4.577792,5.341756,1358,7.2038
18327,23,62,3.287317,3.244512,1435,7.5741
18328,62,21,2.060959,2.316492,1386,7.4745
18329,21,53,1.810876,1.868874,1424,7.5636
18330,53,37,2.894482,3.011993,1427,7.6064
18331,37,62,3.777369,4.022742,1406,7.5243
18332,62,46,2.288289,2.247345,1340,7.2251
18333,46,5,4.701858,5.737923,1443,7.6124
18334,5,13,3.531708,3.238923,1385,7.4693
18335,13,31,5.028775,5.762359,1437,7.5281
18336,31,30,1.931694,1.519663,1436,7.5872
18337,30,40,5.415005,6.403857,1438,7.5816
18338,40,33,2.913929,2.616649,1304,7.1076
18339,33,62,3.217824,3.408173,1383,7.4250
18340,62,48,3.021434,2.930791,1432,7.5987
18341,48,13,4.968931,5.333734,1459,7.6246
18342,13,24,1.839368,2.095439,1422,7.4956
18343,24,62,4.558201,5.022679,1448,7.5831
18344,62,21,2.169572,2.321427,1444,7.5969
18345,21,54,2.305366,2.504426,1467,7.6077
18346,54,30,2.435471,2.510596,1348,7.2146
18347,30,31,1.673505,1.970246,1441,7.5779
18348,31,30,1.903049,1.403043,1464,7.5654
18349,30,31,1.641173,1.856087,1483,7.6097
18350,31,42,2.306438,2.804210,1447,7.5694
18351,42,55,3.800145,4.157640,1441,7.5706
18352,55,30,2.532219,2.465034,1456,7.6132
18353,30,31,1.468981,1.776320,1440,7.6034
18354,31,19,3.658325,4.455933,1431,7.5701
18355,19,51,2.377423,2.234809,1463,7.6347
18356,51,54,6.840274,7.479429,1427,7.5449
18357,54,30,2.179617,2.250852,1461,7.6116
18358,30,10,4.091374,4.640059,1456,7.6057
18359,10,61,2.613757,2.305798,1347,7.2742
18360,61,53,4.393919,4.289999,1401,7.5278
18361,53,45,3.749885,3.620370,1452,7.6051
18362,45,54,2.186123,1.878013,1436,7.6671
18363,54,59,3.878716,4.520577,1415,7.4934
18364,59,20,4.583396,5.201144,1427,7.5663
18365,20,47,3.687990,3.717594,1423,7.5225
18366,47,63,3.037260,3.305800,1425,7.6291
18367,63,37,3.258467,3.316097,1278,6.9187
18368,37,28,2.164455,2.298428,1218,6.6683
18369,28,53,4.044780,3.840754,1338,7.3703
18370,53,37,2.981609,2.603055,1425,7.5451
18371,37,62,3.934093,4.004952,1460,7.5845
18372,62,46,2.338458,2.204095,1401,7.4838
18373,46,5,4.649251,5.571625,1430,7.5728
18374,5,13,3.424697,3.135711,1463,7.6317
18375,13,31,4.720787,5.678570,1428,7.5149
18376,31,19,3.498350,4.152931,1429,7.5054
18377,19,50,4.254159,4.289932,1447,7.6035
18378,50,34,1.866825,1.688843,1376,7.2908
18379,34,5,4.303347,4.801529,1442,7.5572
18380,5,13,3.217076,3.006453,1391,7.4418
18381,13,24,1.863937,2.069138,1463,7.5792
18382,24,62,4.702355,5.000191,1428,7.5621
18383,62,21,2.124903,2.275619,1438,7.6129
18384,21,53,2.061090,2.013944,1384,7.3123
18385,53,21,1.851253,1.771910,1412,7.5010
18386,21,54,2.283324,2.665603,1430,7.5636
18387,54,59,3.728620,4.384693,1423,7.5667
18388,59,20,4.614578,5.123509,1402,7.4975
18389,20,47,3.440533,3.593207,1445,7.5679
18390,47,37,2.398803,2.431899,1308,7.1492
18391,37,62,3.846331,4.019958,1285,6.9537
18392,62,21,2.020197,2.099187,1438,7.6044
18393,21,53,1.836264,2.050193,1441,7.5721
18394,53,45,3.435679,3.645423,1447,7.6169
18395,45,21,3.567025,3.721398,1469,7.6442
18396,21,53,1.843432,1.872887,1431,7.5639
18397,53,45,3.278546,3.572228,1447,7.5826
18398,45,54,2.010989,1.800317,1423,7.6040
18399,54,30,2.323225,2.330817,1449,7.5807
18400,30,31,1.688061,1.880042,1422,7.5629
18401,31,42,2.420053,2.827556,1481,7.5887
18402,42,22,3.775294,3.724048,1454,7.5944
18403,22,38,1.670146,1.838084,1464,7.5948
18404,38,0,4.786704,5.362159,1349,7.2449
18405,0,62,3.818096,3.694560,1322,7.0761
18406,62,46,2.126228,2.172736,1414,7.5116
18407,46,62,2.297229,1.948762,1439,7.5963
18408,62,48,3.002667,2.944609,1447,7.6113
18409,48,41,2.771873,3.150461,1460,7.6120
18410,41,55,3.342855,3.493460,1445,7.6301
18411,55,58,2.179604,2.171327,1337,7.2664
18412,58,4,4.683421,4.386143,1445,7.5828
18413,4,40,2.850116,2.777492,1389,7.4627
18414,40,33,2.810502,2.523167,1370,7.2289
18415,33,62,3.072474,3.305572,1375,7.3105
18416,62,21,2.056180,2.266884,1435,7.6000
18417,21,53,1.848870,1.829954,1445,7.5994
18418,53,21,1.821081,1.721560,1458,7.6105
18419,21,53,1.742990,1.722508,1428,7.5484
18420,53,37,2.882688,2.902607,1448,7.5868
18421,37,62,3.657144,3.859623,1414,7.4916
18422,62,21,1.890515,2.110190,1402,7.4927
18423,21,54,2.736020,2.919196,1440,7.5866
18424,54,30,2.233779,2.288932,1455,7.6344
18425,30,31,1.583564,1.855777,1376,7.3116
18426,31,42,2.395031,2.775494,1439,7.5557
18427,42,55,3.766723,4.080694,1438,7.5413
18428,55,58,2.175535,2.086458,1466,7.6223
18429,58,4,4.366395,4.280645,1440,7.5643
18430,4,15,2.597427,2.315056,1455,7.6185
18431,15,1,2.763529,3.030185,1470,7.6049
18432,1,46,3.826705,3.740892,1437,7.5119
18433,46,63,2.326720,2.393806,1365,7.3976
18434,63,37,3.065145,3.127389,1440,7.6247
18435,37,28,2.525524,2.420832,1445,7.6257
18436,28,10,3.203457,2.966985,1444,7.6832
18437,10,37,3.220180,3.079704,1411,7.5210
18438,37,62,3.600590,3.733167,1447,7.6190
18439,62,21,1.653526,1.999843,1441,7.6825
18440,21,53,1.700622,1.870587,1422,7.5789
18441,53,21,1.773483,1.665272,1429,7.5653
18442,21,54,2.763889,2.921601,1424,7.5457
18443,54,43,3.552798,3.414354,1430,7.5640
18444,43,57,2.700879,2.758546,1214,6.4981
18445,57,35,4.326902,4.618682,1425,7.5370
18446,35,43,4.322640,4.197458,1362,7.3447
18447,43,57,2.585686,2.589854,1388,7.3082
18448,57,22,3.116663,3.264552,1436,7.5826
18449,22,38,1.620436,1.794613,1458,7.5925
18450,38,26,2.420785,2.922366,1426,7.5617
18451,26,17,2.802925,2.989501,1295,7.0267
18452,17,0,4.303084,4.815649,1421,7.5666
18453,0,62,3.570661,3.618296,1447,7.5857
18454,62,48,2.825152,2.945918,1273,6.9357
18455,48,41,2.631097,3.072671,1450,7.6304
18456,41,22,3.964145,3.997998,1453,7.6408
18457,22,38,1.470078,1.714166,1466,7.6124
18458,38,49,4.137401,4.506974,1446,7.6206
18459,49,17,2.400299,2.436325,1254,6.9344
18460,17,0,4.321244,4.660703,1388,7.4236
18461,0,57,2.012266,1.793731,1397,7.4362
18462,57,22,2.960415,3.230556,1432,7.5964
18463,22,38,1.479724,1.703238,1395,7.3098
18464,38,0,4.649143,5.181448,1321,7.1274
18465,0,57,1.765796,1.710207,1449,7.5756
18466,57,35,4.418127,4.587779,1435,7.5523
18467,35,43,4.007139,3.901458,1358,7.2716
18468,43,57,2.561819,2.474006,1407,7.4889
18469,57,22,2.792448,3.192315,1415,7.5469
18470,22,60,3.047772,3.444655,1374,7.2607
18471,60,7,2.506492,2.749874,1264,7.0181
18472,7,45,4.321292,4.372699,1431,7.5853
18473,45,54,1.953428,1.800697,1276,7.0048
18474,54,43,3.650520,3.436703,1452,7.6093
18475,43,23,3.554809,3.207652,1405,7.3448
18476,23,0,2.581448,2.490352,1409,7.5435
18477,0,57,1.841940,1.699710,1401,7.4609
18478,57,35,4.004611,4.450608,1452,7.6065
18479,35,43,3.905783,3.737446,1388,7.3902
18480,43,57,2.645102,2.481344,1404,7.4990
18481,57,2,3.757077,4.053227,1440,7.6185
18482,2,9,2.195442,2.592866,1402,7.5056
18483,9,13,4.099735,4.303505,1366,7.5052
18484,13,24,1.893385,2.033999,1440,7.5705
18485,24,62,5.023218,5.446935,1434,7.5773
18486,62,48,2.566962,2.741793,1454,7.6349
18487,48,13,5.016091,5.485201,1448,7.6167
18488,13,24,1.655622,1.926449,1445,7.5753
18489,24,62,4.828519,5.327017,1430,7.5716
18490,62,46,2.354579,2.329527,1434,7.5868
18491,46,5,4.566773,5.459409,1455,7.5978
18492,5,13,3.240670,2.981915,1380,7.4157
18493,13,24,1.707319,1.882745,1429,7.5334
18494,24,41,2.714020,2.977184,1443,7.5683
18495,41,22,3.922926,4.029148,1441,7.6205
18496,22,38,1.507747,1.760177,1442,7.5394
18497,38,26,2.557693,2.970631,1421,7.5291
18498,26,17,2.817198,2.899425,1436,7.5655
18499,17,23,5.912720,6.469814,1329,7.2366
18500,23,0,2.381781,2.302419,1438,7.5810
18501,0,57,1.665479,1.681958,1441,7.5712
18502,57,2,3.562241,3.895260,1357,7.2691
18503,2,9,2.124979,2.522574,1431,7.6156
18504,9,13,4.240113,4.352563,1441,7.6412
18505,13,24,1.580272,1.851760,1455,7.5926
18506,24,41,2.502528,2.857298,1450,7.5763
18507,41,55,3.411575,3.557642,1404,7.5915
18508,55,58,1.979458,2.039178,1447,7.6099
18509,58,4,4.227683,4.158822,1464,7.6328
18510,4,15,2.480171,2.175306,1314,7.0638
18511,15,1,2.632546,2.963991,1377,7.4741
18512,1,46,3.623712,3.643232,1397,7.4506
18513,46,63,2.273053,2.364455,1373,7.4459
18514,63,63,1.129453,0.846381,1342,7.1126
18515,63,63,0.966885,0.717908,1444,7.6154
18516,63,63,0.822771,0.603964,1428,7.5494
18517,63,8,2.406158,2.438772,1394,7.3851
18518,8,27,2.979825,3.051951,1454,7.5629
18519,27,16,1.926614,2.359350,1448,7.5648
18520,16,40,4.787584,5.194297,1435,7.5959
18521,40,33,2.819685,2.473801,1399,7.5390
18522,33,62,2.833739,3.233233,1429,7.5763
18523,62,46,2.138614,2.232891,1437,7.6266
18524,46,63,1.833142,2.114827,1462,7.6351
18525,63,37,3.168726,3.435290,1450,7.6271
18526,37,47,2.820145,3.077651,1412,7.5738
18527,47,35,2.660826,2.678281,1416,7.5417
18528,35,48,4.168919,4.300135,1417,7.5550
18529,48,20,3.658836,4.046012,1437,7.6125
18530,20,30,3.843367,4.072275,1453,7.5966
18531,30,10,3.611235,4.351869,1416,7.5958
18532,10,1,4.304406,4.711099,1443,7.6202
18533,1,46,3.404720,3.498107,1419,7.5031
18534,46,63,1.868488,2.059923,1445,7.6116
18535,63,37,2.913711,3.296383,1393,7.4583
18536,37,28,2.461206,2.379332,1380,7.4100
18537,28,10,3.052984,2.830015,1386,7.4132
18538,10,37,3.141738,3.024201,1298,7.1468
18539,37,47,2.756471,3.040720,1461,7.6278
18540,47,63,2.594380,3.098542,1420,7.4847
18541,63,37,2.743943,3.129466,1424,7.5741
18542,37,28,2.304531,2.319163,1476,7.6534
18543,28,53,3.825142,3.780184,1408,7.5615
18544,53,21,1.834093,1.763883,1459,7.6037
18545,21,53,1.767026,1.799466,1433,7.5965
18546,53,21,1.780859,1.648672,1444,7.5972
18547,21,53,1.609091,1.698517,1433,7.5724
18548,53,37,2.464353,2.760249,1444,7.5746
18549,37,62,3.959123,4.041812,1415,7.5533
18550,62,46,2.158797,2.169522,1372,7.3969
18551,46,62,2.136407,1.961428,1433,7.5996
18552,62,46,2.073603,2.024525,1423,7.5981
18553,46,62,2.070044,1.832181,1435,7.5933
18554,62,46,1.963464,1.883864,1425,7.5888
18555,46,63,2.118386,2.373190,1421,7.5231
18556,63,8,2.235782,2.559755,1473,7.6697
18557,8,4,4.622813,4.385674,1394,7.4635
18558,4,23,4.689275,5.402493,1329,7.1934
18559,23,0,2.167141,2.241820,1225,6.7212
18560,0,62,3.420310,3.779307,1411,7.5432
18561,62,21,2.019648,2.411878,1403,7.5463
18562,21,53,1.574953,1.661883,1445,7.5874
18563,53,21,1.700733,1.619604,1454,7.6073
18564,21,55,3.695680,4.349902,1448,7.5738
18565,55,30,2.732876,2.647805,1423,7.6107
18566,30,40,5.998894,6.388868,1382,7.3891
18567,40,33,2.652704,2.383981,1442,7.5963
18568,33,47,3.090596,3.560105,1384,7.3796
18569,47,63,2.605485,3.067580,1462,7.6514
18570,63,37,2.769248,3.024081,1457,7.6396
18571,37,62,3.752625,3.840732,1411,7.4671
18572,62,21,2.066003,2.212143,1433,7.5988
18573,21,54,2.678047,2.958661,1441,7.5752
18574,54,30,2.356732,2.385068,1429,7.5561
18575,30,31,1.780356,1.890944,1434,7.5880
18576,31,19,3.458109,4.107259,1453,7.5923
18577,19,51,2.293454,2.316946,1458,7.5973
18578,51,56,2.793144,3.239245,1347,7.3643
18579,56,54,6.422687,7.049136,1437,7.6553
18580,54,30,2.148057,2.248503,1442,7.5956
18581,30,31,1.682611,1.852935,1437,7.5884
18582,31,42,2.415804,2.779356,1445,7.5761
18583,42,55,3.600166,3.931754,1431,7.5428
18584,55,58,1.894692,2.054675,1428,7.5578
18585,58,4,4.160266,4.064952,1428,7.5653
18586,4,15,2.444433,2.130334,1329,7.2578
18587,15,1,2.808127,2.945288,1357,7.1743
18588,1,59,3.633547,3.983612,1380,7.3764
18589,59,43,2.867820,2.747619,1400,7.5013
18590,43,57,2.297706,2.413401,1417,7.5218
18591,57,2,3.230241,3.645706,1435,7.5789
18592,2,52,3.367438,3.688607,1435,7.5939
18593,52,58,6.031825,6.142503,1430,7.5423
18594,58,4,4.009353,3.787339,1328,7.0389
18595,4,40,2.935325,2.919500,1386,7.3783
18596,40,23,3.753361,3.898892,1399,7.3890
18597,23,62,2.990865,3.091208,1327,7.2349
18598,62,21,1.963040,2.133500,1364,7.4105
18599,21,55,3.701031,4.307310,1433,7.5929
18600,55,58,1.910028,2.129873,1450,7.6074
18601,58,4,3.818730,3.695244,1452,7.5836
18602,4,40,2.648900,2.823255,1384,7.3391
18603,40,24,4.155412,4.151356,1460,7.6019
18604,24,62,5.555563,5.494108,1318,7.0759
18605,62,21,1.750997,1.999583,1446,7.6585
18606,21,53,1.889158,1.993290,1441,7.5759
18607,53,21,1.625990,1.479072,1447,7.6308
18608,21,54,2.925769,3.228589,1454,7.5767
18609,54,43,3.617491,3.288227,1462,7.5997
18610,43,57,2.293525,2.394962,1457,7.5904
18611,57,22,3.122678,3.382811,1434,7.5931
18612,22,60,2.888498,3.341764,1428,7.5592
18613,60,7,2.564428,2.715768,1450,7.5928
18614,7,57,4.323611,4.652423,1398,7.5241
18615,57,2,3.010752,3.362355,1417,7.5416
18616,2,7,2.627381,3.353067,1400,7.4665
18617,7,45,4.017842,4.240087,1406,7.4856
18618,45,54,2.185366,1.990078,1427,7.5932
18619,54,59,3.701851,4.473109,1417,7.5785
18620,59,43,2.719604,2.599515,1428,7.5816
18621,43,23,3.712502,3.442625,1402,7.4162
18622,23,62,3.197366,3.146426,1425,7.5866
18623,62,21,1.712630,1.912965,1380,7.4920
18624,21,53,1.948996,2.033149,1391,7.5133
18625,53,21,1.561981,1.418057,1448,7.6079
18626,21,53,1.779567,1.909961,1423,7.5762
18627,53,37,2.890698,2.928817,1451,7.5913
18628,37,62,3.847880,3.825938,1292,6.9315
18629,62,21,1.442129,1.822185,1436,7.5779
18630,21,53,1.552861,1.841305,1448,7.6045
18631,53,45,4.228498,4.374805,1435,7.5930
18632,45,21,3.982959,3.948457,1265,6.8592
18633,21,53,1.535145,1.637570,1419,7.5467
18634,53,21,1.593941,1.470918,1446,7.5684
18635,21,53,1.344187,1.548108,1425,7.5431
18636,53,37,3.029969,3.055212,1477,7.6275
18637,37,62,3.609528,3.709849,1352,7.3554
18638,62,46,2.168788,2.164061,1431,7.5901
18639,46,5,4.793105,5.624830,1442,7.6218
18640,5,13,3.302629,2.959615,1429,7.6104
18641,13,32,2.331475,2.155263,1450,7.6073
18642,32,29,2.770143,2.787650,1425,7.5817
18643,29,23,5.564365,6.512037,1085,6.2421
18644,23,62,2.960599,3.036489,1440,7.5853
18645,62,46,2.079537,2.055812,1437,7.5889
18646,46,62,2.116276,1.766389,1451,7.6301
18647,62,48,3.160186,3.292398,1380,7.4175
18648,48,41,2.766822,3.152029,1423,7.5450
18649,41,55,3.210353,3.415159,1433,7.6097
18650,55,26,3.501770,4.105816,1430,7.5538
18651,26,17,2.395877,2.792267,1279,7.0851
18652,17,48,5.189799,5.533853,1340,7.2311
18653,48,41,2.778427,2.988088,1465,7.6309
18654,41,22,3.926117,4.071486,1466,7.6380
18655,22,38,1.592874,1.839031,1402,7.3953
18656,38,26,2.440745,2.810480,1449,7.5941
18657,26,13,4.822760,4.645909,1400,7.4198
18658,13,24,1.778965,1.958984,1412,7.5191
18659,24,36,4.802828,5.249074,1452,7.5687
18660,36,44,2.988950,3.102018,1247,6.8076
18661,44,1,5.415277,4.939460,1333,7.1133
18662,1,59,3.493029,3.811553,1353,7.1954
18663,59,43,2.565643,2.555099,1378,7.4812
18664,43,23,3.582060,3.353531,1404,7.3860
18665,23,62,2.639276,2.984920,1257,6.8564
18666,62,46,1.994826,1.993412,1437,7.6359
18667,46,62,1.998255,1.663607,1413,7.5545
18668,62,21,2.065944,2.255455,1420,7.5937
18669,21,53,1.362445,1.495099,1414,7.5176
18670,53,21,1.656149,1.575548,1428,7.5882
18671,21,53,1.328309,1.434670,1420,7.5477
18672,53,21,1.451231,1.497331,1454,7.5851
18673,21,55,3.624899,4.569808,1449,7.5857
18674,55,30,2.759344,2.701677,1444,7.6165
18675,30,10,3.696053,4.339661,1437,7.5810
18676,10,1,4.224629,4.727852,1345,7.3025
18677,1,46,3.605281,3.437710,1293,7.0452
18678,46,62,1.891483,1.612363,1404,7.4911
18679,62,21,1.808176,2.092507,1363,7.3214
18680,21,53,1.328478,1.535761,1427,7.5925
18681,53,45,4.276068,4.549689,1418,7.5900
18682,45,54,2.134561,1.921466,1391,7.4594
18683,54,43,3.013828,3.023111,1451,7.5765
18684,43,23,3.431276,3.269005,1437,7.5597
18685,23,62,2.611301,2.959113,1363,7.1772
18686,62,48,3.245653,3.439030,1434,7.6101
18687,48,41,2.566723,2.957890,1472,7.6253
18688,41,24,2.516407,2.533267,1319,7.1906
18689,24,41,2.528436,2.711063,1350,7.2232
18690,41,24,2.463053,2.347979,1448,7.6123
18691,24,62,5.572168,5.759003,1448,7.5871
18692,62,46,2.051090,2.041962,1432,7.6163
18693,46,5,4.503416,5.646290,1410,7.5024
18694,5,13,3.176782,2.971180,1435,7.5996
18695,13,31,4.967954,5.700929,1426,7.5617
18696,31,42,2.474139,2.552406,1452,7.5717
18697,42,55,3.577715,3.828615,1417,7.5424
18698,55,30,2.590719,2.611424,1451,7.6125
18699,30,31,1.838538,1.867419,1437,7.5919
18700,31,30,1.995411,1.586258,1454,7.5953
18701,30,40,5.630897,6.231941,1449,7.5933
18702,40,24,3.890107,3.990900,1343,7.3865
18703,24,41,2.468006,2.436574,1448,7.5851
18704,41,22,3.906627,4.100190,1429,7.5972
18705,22,38,1.413660,1.793809,1459,7.5547
18706,38,0,4.737977,5.052708,1429,7.5764
18707,0,62,3.442410,3.512186,1390,7.4256
18708,62,21,2.056853,2.124818,1357,7.3439
18709,21,53,1.336865,1.492654,1391,7.4014
18710,53,21,1.535069,1.484092,1414,7.5254
18711,21,53,1.289827,1.447622,1444,7.5795
18712,53,21,1.427733,1.414208,1447,7.5784
18713,21,54,3.515967,3.715250,1458,7.6027
18714,54,30,2.371342,2.456003,1456,7.6120
18715,30,10,3.739296,4.348801,1412,7.5655
18716,10,1,4.350630,4.630169,1334,7.1474
18717,1,46,3.702183,3.254897,1279,6.9762
18718,46,5,4.377963,5.389870,1449,7.6252
18719,5,13,3.073779,2.891555,1450,7.6406
18720,13,32,2.244378,2.077782,1434,7.5793
18721,32,10,5.284813,5.718676,1368,7.3416
18722,10,61,3.009796,2.420255,1451,7.6289
18723,61,6,2.985940,3.287611,1434,7.6084
18724,6,12,2.335444,2.493172,1344,7.2756
18725,12,62,5.995925,6.281109,1460,7.5996
18726,62,46,1.985309,1.959116,1448,7.6337
18727,46,63,2.419561,2.703160,1426,7.5898
18728,63,37,2.735016,2.941661,1449,7.6160
18729,37,28,2.668441,2.453909,1359,7.2276
18730,28,10,3.172570,2.911462,1416,7.6145
18731,10,37,3.243974,3.147185,1432,7.5887
18732,37,62,3.718381,3.825161,1422,7.5780
18733,62,21,1.850352,1.987201,1387,7.4713
18734,21,55,3.952680,4.533578,1423,7.5517
18735,55,58,2.129132,2.303592,1387,7.3385
18736,58,51,5.228070,5.915052,1383,7.4304
18737,51,56,2.591390,3.070634,1462,7.6121
18738,56,54,6.285551,6.946881,1399,7.5160
18739,54,59,3.970868,4.329980,1415,7.5697
18740,59,21,3.625743,4.246308,1396,7.4495
18741,21,53,1.372652,1.609630,1432,7.5745
18742,53,37,3.076931,3.064086,1408,7.5034
18743,37,62,3.639962,3.688978,1325,7.2023
18744,62,48,3.037997,3.203527,1415,7.5621
18745,48,20,3.503204,4.041059,1411,7.5412
18746,20,30,3.862554,4.092047,1434,7.5758
18747,30,10,3.727828,4.181564,1210,6.6201
18748,10,37,2.828621,3.009053,1377,7.3595
18749,37,28,2.661245,2.434357,1451,7.6315
18750,28,10,2.969090,2.851902,1407,7.4453
18751,10,1,4.534120,4.644386,1381,7.4836
18752,1,59,3.561612,3.629237,1398,7.4604
18753,59,20,4.565183,5.158686,1424,7.5965
18754,20,30,3.626118,3.879434,1394,7.4121
18755,30,31,1.922505,1.900193,1436,7.5873
18756,31,19,3.540230,3.979467,1462,7.6120
18757,19,50,4.129089,4.159718,1448,7.5970
18758,50,34,1.785769,1.688276,1271,6.9258
18759,34,5,4.518674,4.934729,1431,7.5658
18760,5,13,2.973588,2.762932,1432,7.6102
18761,13,24,1.775633,2.152672,1428,7.5593
18762,24,36,4.382256,5.008342,1427,7.5929
18763,36,20,4.951088,4.379893,1399,7.4679
18764,20,47,3.628243,3.581639,1387,7.2245
18765,47,63,2.578870,3.078048,1446,7.5858
18766,63,37,2.589376,2.841557,1432,7.6147
18767,37,28,2.584084,2.344777,1386,7.4254
18768,28,53,3.692026,3.643698,1375,7.3311
18769,53,45,3.715577,4.184653,1440,7.6065
18770,45,54,2.224213,1.924386,1404,7.5209
18771,54,43,3.191929,2.922457,1428,7.5541
18772,43,57,2.458065,2.608411,1380,7.3304
18773,57,22,2.911064,3.321731,1400,7.5455
18774,22,60,2.772604,3.350189,1435,7.5744
18775,60,61,4.568675,5.095541,1346,7.2556
18776,61,6,2.393493,3.056470,1339,7.2549
18777,6,56,3.923613,4.233217,1465,7.6191
18778,56,47,5.266555,5.406791,1434,7.5883
18779,47,37,2.324972,2.553934,1441,7.6086
18780,37,28,2.357569,2.211110,1440,7.6047
18781,28,10,2.835207,2.833744,1456,7.6708
18782,10,61,3.120055,2.662823,1395,7.4301
18783,61,53,4.426436,4.249281,1450,7.6202
18784,53,37,2.225173,2.639493,1405,7.5169
18785,37,62,3.472152,3.645196,1444,7.5873
18786,62,21,1.890504,2.031304,1426,7.6129
18787,21,55,3.617437,4.154701,1430,7.5777
18788,55,30,2.388744,2.508833,1438,7.5803
18789,30,31,1.784810,1.823064,1434,7.5883
18790,31,30,1.880431,1.527981,1450,7.5860
18791,30,40,5.352312,6.082366,1424,7.5564
18792,40,23,4.064704,4.104330,1205,6.7732
18793,23,0,2.657888,2.508745,1293,6.9402
18794,0,57,1.902558,1.867448,1371,7.4100
18795,57,22,3.038412,3.164058,1450,7.6421
18796,22,2,3.646342,4.092802,1462,7.6062
18797,2,9,2.334406,2.577630,1374,7.3990
18798,9,13,4.197335,4.491559,1419,7.5746
18799,13,24,1.811219,2.095249,1401,7.4443
18800,24,41,2.247311,2.422491,1462,7.6255
18801,41,24,2.244338,2.147905,1451,7.6490
18802,24,41,2.185537,2.233521,1430,7.5688
18803,41,55,3.106411,3.587504,1447,7.6310
18804,55,58,2.335905,2.328010,1452,7.6004
18805,58,4,3.634823,3.552974,1445,7.5935
18806,4,40,2.564624,2.775393,1408,7.4404
18807,40,23,3.899713,4.024513,1449,7.6010
18808,23,0,2.588204,2.429513,1313,7.1837
18809,0,43,4.273066,4.426846,1427,7.5307
18810,43,23,3.534945,3.246424,1413,7.5093
18811,23,0,2.487153,2.374187,1440,7.5490
18812,0,57,2.062405,1.880483,1412,7.5067
18813,57,2,2.645684,3.257724,1455,7.6057
18814,2,9,1.957986,2.503885,1323,7.2324
18815,9,13,4.050758,4.382759,1428,7.5910
18816,13,24,1.668222,2.073202,1410,7.4704
18817,24,62,5.383530,5.977324,1413,7.4875
18818,62,46,1.973629,2.009819,1332,7.3073
18819,46,62,1.911075,1.768113,1435,7.6114
18820,62,48,3.365679,3.105345,1313,7.0349
18821,48,41,2.983287,3.109300,1387,7.4395
18822,41,55,2.976004,3.397680,1465,7.6739
18823,55,30,2.470471,2.501304,1455,7.6134
18824,30,10,3.622603,4.282236,1435,7.5905
18825,10,61,2.958812,2.571358,1415,7.5967
18826,61,53,4.073461,4.072921,1326,7.2281
18827,53,21,1.653465,1.611599,1442,7.6137
18828,21,55,3.234745,3.909468,1445,7.5752
18829,55,58,2.308149,2.375104,1422,7.5799
18830,58,4,3.548768,3.472887,1427,7.5175
18831,4,23,5.065895,5.476635,1436,7.5830
18832,23,0,2.344356,2.313573,1392,7.4322
18833,0,43,4.277831,4.255018,1448,7.5879
18834,43,23,3.441788,3.110224,1462,7.5800
18835,23,62,2.830054,3.001550,1380,7.3686
18836,62,48,2.926081,2.946429,1365,7.2787
18837,48,20,3.656314,4.137126,1458,7.6164
18838,20,19,3.507827,3.211693,1449,7.5661
18839,19,51,2.457049,2.334528,1409,7.5157
18840,51,4,4.547199,5.119078,1362,7.2848
18841,4,40,2.725096,2.682569,1399,7.4522
18842,40,33,2.829878,2.609388,1450,7.5693
18843,33,47,3.097667,3.513191,1428,7.5404
18844,47,63,2.770441,3.057998,1354,7.3521
18845,63,8,2.547546,2.420191,1424,7.5260
18846,8,2,3.760414,3.853063,1347,7.3300
18847,2,9,2.132759,2.407540,1345,7.3625
18848,9,41,5.596655,6.224463,1447,7.6500
18849,41,24,2.153909,2.037985,1423,7.6241
18850,24,62,5.504526,5.859458,1357,7.1806
18851,62,46,2.041824,2.001830,1423,7.5554
18852,46,5,4.657114,5.288411,1398,7.3397
18853,5,30,4.860980,5.656526,1328,7.2273
18854,30,31,1.764222,1.823276,1308,7.0975
18855,31,19,3.385688,3.890343,1462,7.6050
18856,19,50,4.055152,4.148941,1419,7.5512
18857,50,34,1.817545,1.692827,1422,7.5783
18858,34,13,4.745474,5.272598,1432,7.6118
18859,13,32,2.186902,2.127271,1358,7.2547
18860,32,29,2.726775,2.747258,1353,7.3050
18861,29,29,0.679560,0.348537,1291,6.9506
18862,29,29,0.485056,0.291282,1444,7.6411
18863,29,4,6.332334,6.417141,1468,7.6708
18864,4,23,4.802923,5.359955,1436,7.6147
18865,23,0,2.256677,2.307398,1351,7.1439
18866,0,57,1.852460,1.861759,1450,7.6069
18867,57,22,3.073382,3.019033,1432,7.5828
18868,22,38,1.646371,2.018341,1462,7.6036
18869,38,0,4.666484,5.129763,1441,7.6302
18870,0,43,4.026409,4.115583,1434,7.5842
18871,43,57,2.555405,2.258625,1284,6.9333
18872,57,35,4.042120,4.279957,1456,7.6058
18873,35,48,4.064026,4.085500,1417,7.6081
18874,48,20,3.325454,3.885108,1438,7.6354
18875,20,30,3.417955,3.950231,1439,7.5623
18876,30,31,1.646200,1.724961,1321,7.0454
18877,31,42,2.442255,2.858539,1427,7.6113
18878,42,22,4.239636,3.983938,1396,7.3946
18879,22,60,2.758150,3.284799,1403,7.4555
18880,60,22,2.722451,2.455499,1390,7.4527
18881,22,60,2.650917,3.072175,1448,7.5662
18882,60,61,4.899543,5.257699,1408,7.5173
18883,61,6,2.965551,3.100881,1443,7.6150
18884,6,56,3.969605,4.092699,1296,7.2054
18885,56,47,4.960786,5.163979,1433,7.6345
18886,47,37,2.528442,2.592789,1246,6.8985
18887,37,28,2.324691,2.142714,1443,7.5998
18888,28,46,3.869355,4.323226,1343,7.2961
18889,46,63,2.503087,2.684415,1336,7.1962
18890,63,8,2.220068,2.380938,1448,7.6212
18891,8,27,2.774719,2.953508,1412,7.4776
18892,27,27,0.963580,0.548620,1404,7.4461
18893,27,16,1.978515,2.385752,1449,7.5596
18894,16,40,4.697232,5.080176,1433,7.5863
18895,40,24,3.777649,3.930636,1366,7.3263
18896,24,62,4.981272,5.412417,1398,7.4342
18897,62,46,1.856367,1.856374,1443,7.6113
18898,46,62,2.170570,1.873790,1446,7.6084
18899,62,46,1.797586,1.745801,1421,7.5909
18900,46,63,2.335799,2.760618,1442,7.6445
18901,63,63,1.154832,0.775158,1372,7.4500
18902,63,63,0.977481,0.653217,1437,7.6206
18903,63,8,2.421297,2.562110,1457,7.6043
18904,8,27,2.704126,2.842248,1336,7.2259
18905,27,53,5.666752,6.688188,1383,7.2863
18906,53,37,2.292144,2.496010,1448,7.6237
18907,37,62,3.693025,3.792764,1436,7.6123
18908,62,48,2.998062,2.897080,1428,7.5920
18909,48,13,5.653189,5.777133,1460,7.6241
18910,13,32,2.008475,2.049789,1300,7.0916
18911,32,5,3.106426,3.184483,1376,7.3843
18912,5,13,3.186357,2.829029,1420,7.5585
18913,13,32,1.997751,1.943615,1417,7.5343
18914,32,10,5.314712,5.930778,1455,7.6468
18915,10,37,2.699205,2.987536,1336,7.1734
18916,37,47,3.454000,3.614278,1439,7.6020
18917,47,37,2.627260,2.490463,1410,7.5205
18918,37,28,2.309952,2.155322,1463,7.6443
18919,28,10,3.328144,2.924347,1431,7.6291
18920,10,1,4.464196,4.535117,1315,7.1680
18921,1,46,3.174665,3.174399,1292,6.9709
18922,46,62,2.050971,1.751491,1440,7.6171
18923,62,21,2.278505,2.358154,1430,7.5689
18924,21,54,3.075694,3.252456,1401,7.5336
18925,54,30,2.610905,2.536809,1458,7.6205
18926,30,31,1.696947,1.703347,1449,7.6302
18927,31,19,3.066814,3.888791,1456,7.5913
18928,19,17,5.274436,5.687090,1453,7.5898
18929,17,23,6.087870,6.361055,1352,7.3297
18930,23,62,2.773221,3.043131,1453,7.5990
18931,62,21,1.992647,2.244475,1411,7.5896
18932,21,53,1.961960,2.003604,1437,7.5722
18933,53,37,2.377817,2.446555,1441,7.5540
18934,37,62,3.454018,3.693009,1439,7.5911
18935,62,21,1.934513,2.124485,1408,7.4994
18936,21,53,1.805139,1.977526,1438,7.6128
18937,53,21,1.850989,1.630158,1456,7.5977
18938,21,54,3.471470,3.451590,1453,7.6127
18939,54,30,2.427454,2.478918,1447,7.5778
18940,30,10,3.593459,4.253365,1449,7.6215
18941,10,61,2.711837,2.586880,1432,7.6288
18942,61,6,2.338942,3.013308,1391,7.4883
18943,6,12,2.337272,2.680489,1346,7.2758
18944,12,40,5.726484,6.185504,1337,7.1349
18945,40,23,3.782147,3.816550,1385,7.3875
18946,23,0,2.545532,2.277714,1441,7.5933
18947,0,62,3.841012,3.685350,1417,7.5631
18948,62,21,1.677341,1.995831,1452,7.6595
18949,21,54,2.705071,3.337748,1443,7.5899
18950,54,30,2.235895,2.398485,1417,7.5468
18951,30,10,3.471884,4.139215,1433,7.5958
18952,10,37,2.805357,2.959027,1416,7.5245
18953,37,28,2.256122,2.100354,1418,7.4816
18954,28,10,2.908668,2.895801,1445,7.6228
18955,10,37,2.741123,2.783029,1454,7.6211
18956,37,62,3.554162,3.707464,1454,7.6251
18957,62,46,2.028177,2.004921,1349,7.2253
18958,46,62,1.674969,1.607116,1430,7.5724
18959,62,48,3.105837,3.043263,1440,7.6179
18960,48,41,2.911220,3.351377,1378,7.3201
18961,41,24,1.971059,2.088814,1432,7.6600
18962,24,62,5.118414,5.634396,1436,7.6074
18963,62,46,1.960014,1.905639,1427,7.5961
18964,46,63,2.613338,2.699893,1387,7.3957
18965,63,8,2.210381,2.397097,1446,7.6277
18966,8,2,3.880722,3.880812,1343,7.3046
18967,2,9,1.862629,2.318141,1423,7.5981
18968,9,13,4.326070,4.509495,1444,7.6605
18969,13,24,2.007007,2.227971,1450,7.6114
18970,24,62,5.145775,5.509039,1408,7.5253
18971,62,21,1.979492,2.053881,1423,7.5835
18972,21,54,2.877841,3.129217,1422,7.5702
18973,54,59,4.067495,4.549514,1448,7.6083
18974,59,21,4.102758,4.345259,1422,7.6050
18975,21,54,2.546364,2.876237,1434,7.6078
18976,54,59,3.877755,4.478402,1443,7.5522
18977,59,21,3.883243,4.134791,1436,7.6009
18978,21,53,2.048160,2.165082,1436,7.5799
18979,53,45,3.446903,3.763496,1470,7.6214
18980,45,54,2.116988,1.798989,1441,7.6289
18981,54,30,2.448198,2.483765,1457,7.5888
18982,30,10,3.413264,4.041877,1422,7.5763
18983,10,1,4.418755,4.669761,1437,7.6059
18984,1,46,3.263751,3.055148,1148,6.4683
18985,46,5,4.116648,5.345167,1349,7.2592
18986,5,25,4.720949,4.925217,1418,7.5157
18987,25,44,2.663301,2.565334,1423,7.5156
18988,44,1,5.418762,5.175201,1432,7.5150
18989,1,33,3.240686,2.869048,1343,7.2075
18990,33,62,2.957341,3.419569,1363,7.2620
18991,62,48,2.929490,2.790738,1342,7.3147
18992,48,41,2.828034,3.236926,1450,7.6182
18993,41,55,2.788044,3.322237,1443,7.6127
18994,55,58,2.357343,2.296555,1367,7.2998
18995,58,4,3.338335,3.373561,1415,7.5749
18996,4,40,2.747525,2.763755,1446,7.5749
18997,40,23,3.598544,3.734688,1343,7.2153
18998,23,62,2.890777,2.976703,1448,7.6117
18999,62,21,1.876980,2.122263,1436,7.6282
19000,21,54,2.246403,2.759049,1422,7.5368
19001,54,30,2.165050,2.410677,1424,7.5800
19002,30,31,2.017652,2.061378,1430,7.5834
19003,31,30,1.946399,1.547076,1479,7.6166
19004,30,31,1.875449,1.932522,1435,7.5720
19005,31,42,2.657394,2.957744,1447,7.5948
19006,42,22,3.677141,3.767457,1426,7.5365
19007,22,2,3.753396,4.163897,1387,7.3037
19008,2,9,1.711678,2.214211,1276,7.0349
19009,9,13,4.122748,4.362617,1378,7.3105
19010,13,31,4.965900,5.805892,1305,7.0361
19011,31,30,1.778325,1.459315,1467,7.5917
19012,30,31,1.679227,1.854702,1449,7.5827
19013,31,42,2.624296,2.935737,1487,7.6193
19014,42,40,4.636423,4.578807,1435,7.5314
19015,40,23,3.394347,3.572067,1241,6.7795
19016,23,0,2.180853,2.273356,1305,7.1940
19017,0,62,4.074214,3.675875,1444,7.5689
19018,62,21,1.786898,2.026706,1327,7.2140
19019,21,54,2.259714,2.743831,1436,7.5952
19020,54,30,2.037293,2.360136,1431,7.5618
19021,30,31,1.540991,1.837839,1446,7.5809
19022,31,30,1.698127,1.413989,1480,7.6226
19023,30,31,1.506149,1.754778,1430,7.5654
19024,31,30,1.564911,1.343313,1473,7.5952
19025,30,31,1.483522,1.676507,1424,7.5561
19026,31,30,1.513126,1.287417,1441,7.5933
19027,30,10,3.885504,4.405853,1440,7.5907
19028,10,61,3.234773,2.760721,1432,7.5570
19029,61,53,4.327679,4.072613,1338,7.2194
19030,53,37,2.747226,2.497608,1378,7.4226
19031,37,62,3.600661,3.862900,1245,6.7657
19032,62,46,1.996293,1.986283,1412,7.6313
19033,46,63,2.438115,2.600634,1353,7.2577
19034,63,37,3.043924,3.174346,1416,7.5047
19035,37,47,3.480061,3.541894,1425,7.5879
19036,47,37,2.662542,2.458941,1410,7.5288
19037,37,62,3.503417,3.744138,1451,7.6401
19038,62,48,2.970842,2.787280,1447,7.6335
19039,48,41,2.969846,3.174256,1425,7.5586
19040,41,22,4.077393,4.328269,1448,7.6410
19041,22,60,2.345852,2.886323,1381,7.3720
19042,60,22,2.681001,2.263155,1463,7.6069
19043,22,60,2.156827,2.699500,1444,7.5539
19044,60,7,2.698010,2.934724,1441,7.6092
19045,7,45,4.155322,4.248896,1434,7.5546
19046,45,54,2.028021,1.838308,1446,7.6643
19047,54,30,1.920405,2.233210,1441,7.5907
19048,30,31,1.453418,1.719769,1437,7.5938
19049,31,19,3.809777,4.373568,1458,7.6012
19050,19,51,2.531990,2.512703,1439,7.5977
19051,51,4,4.297559,4.977355,1392,7.4590
19052,4,40,2.652698,2.660531,1425,7.5212
19053,40,33,2.729623,2.595081,1354,7.2180
19054,33,48,3.767981,4.596717,1453,7.6204
19055,48,41,2.769171,3.078138,1418,7.5412
19056,41,24,2.035482,2.303508,1442,7.6421
19057,24,41,2.306844,2.292166,1449,7.6106
19058,41,22,4.305641,4.375544,1427,7.6092
19059,22,38,1.958060,2.135362,1438,7.5763
19060,38,0,4.629407,4.923152,1415,7.5886
19061,0,62,3.664576,3.692464,1309,7.0894
19062,62,21,1.846457,2.057755,1405,7.5593
19063,21,55,3.675662,4.199034,1460,7.6223
19064,55,30,2.496682,2.291885,1423,7.5808
19065,30,40,6.013561,6.800412,1420,7.5622
19066,40,24,3.640721,3.821094,1466,7.6188
19067,24,62,5.386634,5.612301,1408,7.4695
19068,62,46,2.015453,1.982998,1432,7.5904
19069,46,63,2.459287,2.534599,1457,7.6213
19070,63,8,2.264408,2.413757,1357,7.2633
19071,8,4,4.529780,4.628341,1428,7.5230
19072,4,40,2.503298,2.625479,1406,7.5390
19073,40,33,2.795568,2.556999,1433,7.5161
19074,33,62,3.175905,3.464552,1398,7.5206
19075,62,21,1.965892,2.023804,1435,7.6053
19076,21,54,2.569644,2.774933,1447,7.5851
19077,54,59,3.899991,4.526921,1317,7.0697
19078,59,20,4.670338,5.302523,1444,7.6390
19079,20,19,3.174393,3.145001,1473,7.6111
19080,19,51,2.598195,2.462376,1430,7.4885
19081,51,56,2.994091,3.296263,1438,7.5498
19082,56,54,6.528457,7.023176,1420,7.6228
19083,54,30,1.721055,2.204360,1472,7.6163
19084,30,10,3.659046,4.279319,1423,7.5512
19085,10,1,4.435347,4.702065,1456,7.6305
19086,1,46,3.055614,2.973083,1423,7.5652
19087,46,5,4.045822,5.200830,1449,7.6268
19088,5,13,3.310026,3.005622,1431,7.6167
19089,13,24,2.087672,2.324959,1427,7.6086
19090,24,62,4.720709,5.495498,1441,7.5930
19091,62,21,1.772520,1.914579,1441,7.6252
19092,21,53,2.367901,2.542315,1406,7.4767
19093,53,45,3.736870,3.658622,1441,7.5984
19094,45,21,4.103554,4.196383,1428,7.6144
19095,21,53,2.231717,2.307524,1440,7.6036
19096,53,45,3.369501,3.618442,1429,7.5639
19097,45,54,2.106831,1.813179,1449,7.6361
19098,54,43,3.806753,3.570997,1455,7.5753
19099,43,23,3.811487,3.375445,1448,7.5665
19100,23,37,3.974830,4.706952,1401,7.3930
19101,37,62,3.843618,3.814383,1462,7.6204
19102,62,21,1.722546,1.894416,1402,7.5270
19103,21,53,2.152011,2.253859,1420,7.4971
19104,53,21,2.015509,1.790425,1443,7.5709
19105,21,55,3.820793,4.265631,1375,7.4152
19106,55,58,2.397564,2.423308,1436,7.5922
19107,58,4,3.419340,3.268998,1405,7.5052
19108,4,15,2.440499,2.330220,1452,7.5963
19109,15,1,2.995814,3.177571,1405,7.4040
19110,1,46,2.861717,2.880990,1342,7.2400
19111,46,63,2.055374,2.434533,1391,7.4150
19112,63,8,2.120151,2.334243,1438,7.6000
19113,8,2,3.935980,3.898011,1400,7.4169
19114,2,52,3.316457,3.731748,1429,7.6747
19115,52,8,4.073995,4.415345,1392,7.3563
19116,8,27,2.484042,2.842321,1459,7.6266
19117,27,16,1.873183,2.453689,1447,7.5942
19118,16,40,4.769577,5.091994,1449,7.6312
19119,40,24,3.589940,3.724734,1355,7.3410
19120,24,41,2.124472,2.268898,1398,7.4852
19121,41,22,3.721556,4.158878,1440,7.6354
19122,22,38,1.755706,2.052262,1373,7.4083
19123,38,26,2.654152,2.926953,1333,7.1037
19124,26,13,5.022300,4.722202,1371,7.4599
19125,13,31,4.836250,5.639008,1428,7.5707
19126,31,30,1.576644,1.272587,1456,7.6263
19127,30,40,5.673068,6.481034,1447,7.5873
19128,40,23,3.493568,3.625907,1437,7.5733
19129,23,37,3.768520,4.592879,1377,7.4233
19130,37,62,3.626204,3.596021,1379,7.3873
19131,62,21,1.634561,1.771169,1409,7.5478
19132,21,54,2.826318,3.088424,1445,7.5956
19133,54,30,1.940700,2.282021,1458,7.5939
19134,30,31,1.678455,1.929060,1417,7.5691
19135,31,42,2.896404,3.155824,1452,7.5968
19136,42,22,3.631055,3.762572,1479,7.5795
19137,22,60,2.127224,2.764462,1437,7.5679
19138,60,61,4.867680,5.350127,1403,7.4955
19139,61,6,2.640019,2.890891,1356,7.3020
19140,6,12,2.222116,2.650588,1370,7.4062
19141,12,46,6.059730,6.624999,1401,7.4751
19142,46,63,1.984760,2.316161,1301,7.0917
19143,63,8,2.304933,2.388923,1428,7.5768
19144,8,4,4.657021,4.595057,1444,7.5462
19145,4,40,2.650352,2.698432,1259,6.8523
19146,40,23,3.418607,3.562555,1456,7.5947
19147,23,37,3.682517,4.492013,1409,7.5038
19148,37,62,3.419869,3.387883,1451,7.6225
19149,62,21,1.618174,1.688860,1446,7.6372
19150,21,55,3.230259,4.197173,1403,7.5285
19151,55,58,2.291425,2.418920,1417,7.5554
19152,58,4,3.357375,3.265808,1453,7.5957
19153,4,23,4.380410,5.096240,1345,7.2546
19154,23,0,2.661165,2.461699,1446,7.6061
19155,0,57,2.046223,1.976459,1438,7.6047
19156,57,2,2.955798,3.309952,1446,7.5954
19157,2,9,1.920533,2.258351,1295,7.1958
19158,9,16,3.794839,3.949420,1428,7.6195
19159,16,40,4.461820,5.009834,1428,7.5990
19160,40,33,2.846878,2.665327,1455,7.6448
19161,33,47,3.329866,3.634219,1345,7.1877
19162,47,63,2.802605,3.011124,1435,7.5866
19163,63,8,2.129966,2.286463,1449,7.6349
19164,8,4,4.342962,4.503753,1379,7.3338
19165,4,40,2.696336,2.703383,1421,7.5694
19166,40,33,2.718080,2.580419,1465,7.6307
19167,33,47,3.118096,3.549130,1298,6.9509
19168,47,37,2.582994,2.551025,1370,7.2968
19169,37,28,2.298818,2.133035,1409,7.5162
19170,28,53,3.511892,3.540948,1397,7.4722
19171,53,37,2.713801,2.657107,1370,7.2869
19172,37,47,3.000459,3.216911,1396,7.4353
19173,47,35,3.007738,2.929294,1445,7.5379
19174,35,48,4.065835,3.959476,1429,7.6024
19175,48,41,2.484180,2.924018,1436,7.5931
19176,41,22,3.688418,4.058238,1454,7.6383
19177,22,38,1.758535,2.076673,1348,7.1488
19178,38,0,4.401507,4.846692,1326,7.0541
19179,0,62,3.765121,3.918348,1403,7.3562
19180,62,21,1.555034,1.660888,1400,7.5290
19181,21,53,2.073528,2.373408,1346,7.2830
19182,53,21,1.930363,1.747528,1444,7.5870
19183,21,53,2.070048,2.207704,1447,7.6218
19184,53,37,2.437950,2.681841,1443,7.5966
19185,37,28,2.188247,2.193411,1465,7.6337
19186,28,53,3.366924,3.346806,1424,7.5418
19187,53,45,3.902472,3.851751,1446,7.6127
19188,45,54,2.054016,1.773683,1438,7.6513
19189,54,43,3.649326,3.404150,1440,7.5749
19190,43,23,3.885515,3.519351,1413,7.4728
19191,23,0,2.695552,2.446664,1429,7.5843
19192,0,62,4.032331,3.705829,1402,7.4950
19193,62,46,2.336567,2.256741,1343,7.2698
19194,46,63,2.217665,2.324368,1443,7.6129
19195,63,63,1.092806,0.722125,1413,7.5345
19196,63,8,2.146543,2.329307,1466,7.6192
19197,8,4,4.241795,4.360240,1425,7.5333
19198,4,40,2.548580,2.649743,1467,7.6181
19199,40,23,3.342912,3.599353,1429,7.5581
19200,23,0,2.259770,2.397648,1434,7.5380
19201,0,62,3.387955,3.526744,1438,7.5925
19202,62,21,1.479007,1.761361,1440,7.6750
19203,21,53,1.867750,2.069402,1428,7.5811
19204,53,45,3.619772,3.741984,1428,7.5186
19205,45,21,3.834750,4.017599,1429,7.6212
19206,21,54,2.851785,3.107994,1427,7.5842
19207,54,59,3.621169,4.409554,1444,7.5980
19208,59,43,2.781683,2.625090,1461,7.6518
19209,43,57,2.432955,2.428269,1437,7.5392
19210,57,22,3.347209,3.353528,1348,7.1898
19211,22,2,4.015933,4.272445,1377,7.3537
19212,2,7,2.926773,3.480684,1410,7.5737
19213,7,45,4.486453,4.460479,1322,7.0669
19214,45,54,1.955161,1.708341,1432,7.6038
19215,54,30,2.152749,2.450083,1438,7.5669
19216,30,31,1.689118,1.797440,1423,7.5714
19217,31,42,2.723911,3.041777,1451,7.5951
19218,42,22,3.458441,3.743407,1457,7.5800
19219,22,38,1.775736,2.064931,1464,7.5744
19220,38,0,4.326167,4.875566,1390,7.4433
19221,0,57,2.098682,2.049576,1408,7.5121
19222,57,2,2.630049,3.202965,1397,7.5240
19223,2,9,1.917166,2.238461,1434,7.6095
19224,9,13,4.160205,4.255746,1331,7.2094
19225,13,24,2.067794,2.349656,1280,6.8910
19226,24,41,2.115334,2.231385,1466,7.6177
19227,41,24,2.266672,2.257130,1453,7.6434
19228,24,62,5.687239,5.835985,1455,7.6440
19229,62,48,2.912535,2.742531,1439,7.6281
19230,48,20,3.719535,4.054537,1482,7.6594
19231,20,47,3.668505,3.701856,1444,7.5528
19232,47,35,2.822982,2.755963,1351,7.3344
19233,35,43,3.807261,4.037021,1428,7.5945
19234,43,23,3.980080,3.494153,1430,7.5238
19235,23,0,2.692182,2.420333,1462,7.6186
19236,0,62,3.647142,3.487499,1405,7.5043
19237,62,46,2.275414,2.208142,1435,7.6524
19238,46,63,2.095887,2.214674,1361,7.3741
19239,63,8,1.950229,2.242675,1431,7.5771
19240,8,2,4.153349,4.153673,1310,7.0684
19241,2,9,2.016773,2.155013,1397,7.4879
19242,9,13,3.996766,4.134566,1269,6.8033
19243,13,31,4.546181,5.557730,1432,7.5371
19244,31,30,1.823656,1.347710,1455,7.6076
19245,30,40,5.276971,6.223159,1434,7.5645
19246,40,33,2.569497,2.577574,1295,7.0160
19247,33,47,3.028137,3.538573,1189,6.5479
19248,47,37,2.543029,2.554664,1245,6.8517
19249,37,28,2.168401,2.061729,1419,7.5856
19250,28,10,3.362966,2.930259,1467,7.6732
19251,10,1,4.257523,4.424134,1371,7.3598
19252,1,33,3.034226,2.891620,1439,7.5823
19253,33,62,3.345750,3.647187,1438,7.5366
19254,62,21,1.778896,1.917112,1430,7.5945
19255,21,53,1.811719,2.001756,1426,7.5902
19256,53,37,2.491341,2.683280,1321,7.1113
19257,37,28,1.925004,2.029621,1434,7.6133
19258,28,10,3.219607,2.849196,1429,7.5968
19259,10,61,3.104402,2.768719,1446,7.6047
19260,61,33,4.607884,4.516506,1425,7.5607
19261,33,62,3.183701,3.461707,1371,7.4301
19262,62,46,2.279236,2.111228,1449,7.6464
19263,46,63,2.002558,2.224375,1440,7.6107
19264,63,8,1.951333,2.216595,1381,7.3587
19265,8,4,4.025425,4.285535,1429,7.5285
19266,4,23,4.537187,5.166638,1345,7.3802
19267,23,62,2.697941,2.856592,1359,7.3193
19268,62,46,2.018312,2.033228,1369,7.3522
19269,46,63,2.144355,2.213557,1468,7.6306
19270,63,8,1.874444,2.194157,1438,7.6106
19271,8,27,3.041944,3.312893,1462,7.6066
19272,27,16,1.749500,2.404715,1451,7.5835
19273,16,4,5.396888,6.009715,1423,7.5742
19274,4,40,2.574088,2.595253,1391,7.5251
19275,40,23,3.250800,3.503047,1440,7.6141
19276,23,0,2.459409,2.441237,1322,7.1667
19277,0,62,3.549975,3.237456,1437,7.5924
19278,62,21,2.007940,2.075636,1442,7.6423
19279,21,55,3.467009,4.063380,1358,7.3067
19280,55,30,2.543005,2.386463,1442,7.6117
19281,30,31,1.601704,1.797456,1448,7.6224
19282,31,30,1.636466,1.272006,1456,7.6161
19283,30,31,1.433421,1.700249,1431,7.5843
19284,31,42,2.694580,3.105014,1454,7.5823
19285,42,22,3.605528,3.617531,1450,7.5563
19286,22,60,2.306630,2.856794,1458,7.5585
19287,60,7,2.629088,2.893077,1408,7.4799
19288,7,1,5.383581,5.422867,1461,7.6140
19289,1,46,2.809241,3.026159,1300,7.1586
19290,46,63,1.960801,2.115894,1395,7.4804
19291,63,63,0.975727,0.642488,1445,7.6041
19292,63,8,2.040168,2.293217,1446,7.6371
19293,8,2,4.230270,4.184437,1384,7.2727
19294,2,9,1.749322,2.092561,1384,7.3040
19295,9,16,3.801997,3.990716,1434,7.6378
19296,16,41,4.156483,5.158388,1430,7.5941
19297,41,24,2.164666,2.107666,1373,7.3552
19298,24,62,5.382365,5.766498,1427,7.6123
19299,62,46,1.939561,2.023784,1394,7.5019
19300,46,63,1.909292,2.026899,1447,7.6465
19301,63,8,1.959749,2.263871,1347,7.1592
19302,8,4,4.129269,4.308775,1384,7.3121
19303,4,15,2.628497,2.699766,1412,7.4854
19304,15,33,2.950319,3.245044,1412,7.5230
19305,33,62,3.053863,3.417762,1459,7.6273
19306,62,46,1.911428,1.911766,1411,7.5837
19307,46,62,2.379194,1.967735,1432,7.6135
19308,62,48,2.902098,2.978531,1447,7.6379
19309,48,20,3.481918,3.946712,1424,7.5421
19310,20,19,3.217161,3.167256,1413,7.4838
19311,19,51,2.322952,2.354223,1372,7.2620
19312,51,4,4.492359,5.253483,1449,7.6049
19313,4,40,2.464765,2.567357,1373,7.3642
19314,40,33,2.578695,2.614313,1381,7.3564
19315,33,48,4.212136,4.950412,1440,7.5991
19316,48,41,2.497697,3.063562,1392,7.5166
19317,41,22,3.642691,4.181687,1430,7.6246
19318,22,60,2.036009,2.738339,1417,7.4355
19319,60,22,2.725609,2.271224,1428,7.6079
19320,22,38,1.799749,2.117993,1455,7.5751
19321,38,0,4.408310,4.838263,1378,7.2926
19322,0,57,2.091569,2.054913,1427,7.5869
19323,57,22,3.213530,3.346876,1425,7.5846
19324,22,38,1.747013,2.041691,1434,7.5267
19325,38,0,4.307030,4.715362,1454,7.6034
19326,0,57,1.963738,1.933200,1464,7.5977
19327,57,2,2.921670,3.437229,1443,7.5978
19328,2,9,1.711160,2.047361,1406,7.5875
19329,9,16,3.740412,3.862231,1432,7.6246
19330,16,40,4.420069,5.121227,1374,7.4560
19331,40,23,3.118460,3.421118,1448,7.6015
19332,23,37,3.837041,4.450878,1391,7.4431
19333,37,28,2.046410,1.925552,1434,7.5953
19334,28,46,3.917951,4.352843,1471,7.6704
19335,46,62,2.307798,1.896378,1403,7.4193
19336,62,46,1.937325,1.822091,1439,7.6822
19337,46,63,2.035239,2.196374,1440,7.5936
19338,63,37,3.307216,3.782237,1442,7.6286
19339,37,62,3.858140,3.869327,1414,7.5155
19340,62,46,1.770261,1.729751,1400,7.5728
19341,46,63,1.794901,2.172853,1443,7.6193
19342,63,63,0.830734,0.585815,1452,7.5968
19343,63,8,2.020136,2.429528,1435,7.5998
19344,8,2,4.218501,4.137906,1437,7.5446
19345,2,52,3.505998,3.860488,1453,7.6741
19346,52,54,4.544777,4.970320,1423,7.5256
19347,54,30,2.147103,2.306009,1445,7.6370
19348,30,40,5.133295,6.151806,1411,7.5714
19349,40,23,2.893511,3.249231,1426,7.6015
19350,23,0,2.664834,2.700846,1370,7.2658
19351,0,57,1.854853,1.873692,1424,7.5641
19352,57,22,3.157358,3.259441,1429,7.5646
19353,22,60,2.158172,2.783230,1267,6.9377
19354,60,61,4.815687,5.327344,1338,7.1396
19355,61,53,3.645142,3.916992,1412,7.5096
19356,53,45,3.582400,3.467777,1433,7.6213
19357,45,21,3.919606,3.984032,1432,7.5752
19358,21,55,3.317028,3.687636,1435,7.6074
19359,55,58,2.492809,2.490841,1430,7.6087
19360,58,4,3.452744,3.507419,1354,7.1541
19361,4,15,2.650212,2.597160,1445,7.5996
19362,15,1,2.962482,3.247790,1276,6.6815
19363,1,46,3.018009,3.035080,1357,7.3473
19364,46,63,1.662040,1.997342,1404,7.5047
19365,63,63,0.751002,0.504467,1405,7.5015
19366,63,37,3.609962,3.966973,1430,7.5384
19367,37,47,3.027670,3.197248,1359,7.3839
19368,47,63,2.554971,2.887100,1375,7.3331
19369,63,63,0.684618,0.445556,1464,7.6382
19370,63,37,3.146173,3.797823,1450,7.6159
19371,37,47,2.805380,3.061450,1424,7.5820
19372,47,35,2.720148,2.815014,1420,7.4718
19373,35,49,4.421340,4.731249,1472,7.6589
19374,49,24,4.831136,4.848674,1203,6.5458
19375,24,36,4.294919,4.763893,1269,6.8982
19376,36,37,6.117753,6.081542,1424,7.5188
19377,37,62,3.855989,3.667412,1435,7.6602
19378,62,46,1.736923,1.719636,1407,7.5714
19379,46,62,2.175729,1.796621,1440,7.6463
19380,62,46,1.595752,1.615116,1444,7.6596
19381,46,63,1.763197,2.054472,1450,7.5804
19382,63,8,2.197866,2.670159,1448,7.6111
19383,8,27,2.999136,3.360934,1466,7.6096
19384,27,16,1.762370,2.420725,1441,7.5726
19385,16,40,4.513876,5.002377,1440,7.6044
19386,40,23,2.799332,3.096720,1257,6.8765
19387,23,62,2.641419,2.811394,1326,7.2167
19388,62,46,1.565918,1.569322,1447,7.6699
19389,46,63,1.790461,2.060747,1435,7.5998
19390,63,63,0.722990,0.449405,1427,7.6149
19391,63,37,3.232376,3.858338,1427,7.5828
19392,37,62,3.732796,3.472363,1362,7.2811
19393,62,21,2.577265,2.543082,1428,7.6023
19394,21,55,3.200593,3.554712,1426,7.5774
19395,55,26,4.105630,4.896616,1388,7.4551
19396,26,13,4.555640,4.351750,1412,7.5551
19397,13,24,2.175941,2.338903,1452,7.5906
19398,24,62,5.490779,5.934896,1440,7.6023
19399,62,46,1.593625,1.574320,1462,7.6711
19400,46,62,1.939417,1.784413,1430,7.6142
19401,62,46,1.449176,1.487640,1425,7.6380
19402,46,62,1.815025,1.659736,1444,7.6284
19403,62,21,2.429448,2.583308,1445,7.6653
19404,21,53,2.353963,2.184452,1446,7.5923
19405,53,45,3.256869,3.266440,1466,7.6185
19406,45,54,1.922819,1.709930,1423,7.6244
19407,54,43,3.480744,3.278137,1449,7.5753
19408,43,23,4.047931,3.795881,1308,7.0375
19409,23,0,3.091830,2.656296,1416,7.5359
19410,0,57,1.743862,1.835863,1402,7.5142
19411,57,35,3.980777,4.354723,1426,7.5714
19412,35,49,4.165428,4.498501,1421,7.5252
19413,49,17,2.398590,2.518962,1417,7.5526
19414,17,0,4.375083,4.779666,1387,7.3863
19415,0,62,3.587440,3.474348,1446,7.5938
19416,62,46,1.401511,1.497491,1431,7.6464
19417,46,62,1.728747,1.565691,1393,7.5277
19418,62,21,2.428088,2.572649,1449,7.6674
19419,21,54,2.680596,3.135376,1421,7.4890
19420,54,30,2.117380,2.346700,1440,7.6004
19421,30,40,4.800856,5.940706,1395,7.5039
19422,40,24,3.452771,3.737113,1441,7.6108
19423,24,62,5.841903,5.770367,1439,7.6050
19424,62,21,2.103552,2.329046,1441,7.6330
19425,21,54,2.471663,3.116576,1427,7.5544
19426,54,59,3.591417,4.353508,1417,7.4908
19427,59,21,3.964553,4.220000,1400,7.5015
19428,21,53,2.068421,2.323311,1426,7.5824
19429,53,21,2.097861,1.969305,1456,7.6142
19430,21,53,2.137867,2.158234,1432,7.5837
19431,53,37,2.706225,2.840070,1423,7.5261
19432,37,28,2.217789,2.175623,1414,7.5932
19433,28,53,3.476746,3.302330,1439,7.6280
19434,53,21,1.952932,1.907931,1447,7.5741
19435,21,54,3.211331,3.029852,1432,7.5859
19436,54,30,2.094071,2.384571,1457,7.6011
19437,30,31,1.737705,1.891549,1427,7.5899
19438,31,42,2.451613,2.922578,1425,7.5801
19439,42,40,4.328804,4.416425,1442,7.5822
19440,40,23,2.869962,3.094266,1430,7.5320
19441,23,62,2.642686,2.790620,1327,7.1791
19442,62,46,1.645835,1.583146,1412,7.5962
19443,46,63,2.059309,2.233746,1373,7.3363
19444,63,63,0.772119,0.465563,1425,7.6075
19445,63,37,3.122843,3.729912,1421,7.5821
19446,37,62,3.677718,3.625249,1422,7.6088
19447,62,46,1.532398,1.520977,1419,7.6115
19448,46,62,1.930447,1.567825,1449,7.6162
19449,62,46,1.428250,1.441854,1437,7.6438
19450,46,63,1.991334,2.319431,1443,7.6097
19451,63,8,2.129881,2.797582,1423,7.5789
19452,8,27,2.686668,3.179674,1428,7.5509
19453,27,27,1.041162,0.550445,1451,7.5707
19454,27,16,1.962989,2.554317,1478,7.5894
19455,16,40,4.590146,4.986337,1370,7.3931
19456,40,24,3.124692,3.570478,1353,7.2703
19457,24,62,5.113356,5.598324,1410,7.5324
19458,62,21,2.132967,2.360772,1423,7.6288
19459,21,53,1.991385,2.099907,1400,7.5319
19460,53,37,2.616416,2.683813,1463,7.6057
19461,37,47,3.033039,3.115060,1439,7.5790
19462,47,35,2.757849,2.765999,1342,7.0882
19463,35,48,3.928576,3.871080,1281,6.9137
19464,48,41,2.428617,2.860897,1404,7.4828
19465,41,22,3.812706,4.089156,1480,7.6876
19466,22,38,1.802601,2.080749,1260,6.9021
19467,38,0,4.430729,4.633579,1432,7.5801
19468,0,62,3.501838,3.549691,1375,7.4158
19469,62,21,1.989202,2.254266,1452,7.6475
19470,21,53,2.002159,2.066425,1377,7.3413
19471,53,37,2.332116,2.589198,1468,7.6331
19472,37,28,2.300869,2.300151,1396,7.4409
19473,28,10,3.127079,2.775634,1446,7.6125
19474,10,1,4.119256,4.352693,1406,7.5235
19475,1,33,3.089840,2.835267,1404,7.5018
19476,33,47,3.409321,3.570994,1416,7.4625
19477,47,35,2.639357,2.718751,1426,7.5838
19478,35,48,3.702557,3.685060,1460,7.6206
19479,48,41,2.408497,2.814589,1376,7.3782
19480,41,55,2.804862,3.621523,1355,7.4075
19481,55,58,2.279898,2.477847,1381,7.4190
19482,58,4,3.408063,3.408490,1439,7.5917
19483,4,40,2.703442,2.689861,1450,7.5918
19484,40,23,2.919202,3.041800,1456,7.6087
19485,23,62,2.430007,2.724333,1391,7.4491
19486,62,46,1.491951,1.544446,1450,7.6568
19487,46,62,1.785196,1.562635,1418,7.5845
19488,62,21,2.237868,2.303972,1447,7.6478
19489,21,54,3.021909,3.171283,1305,7.0237
19490,54,30,2.104592,2.347859,1464,7.5962
19491,30,31,1.543967,1.859849,1436,7.5749
19492,31,19,3.510160,4.229056,1434,7.5709
19493,19,17,4.966168,5.558203,1407,7.4599
19494,17,23,6.026875,6.187919,1238,6.7530
19495,23,0,3.097004,2.755554,1409,7.5273
19496,0,62,3.076588,3.230881,1436,7.5619
19497,62,48,3.620263,3.580051,1389,7.5433
19498,48,20,3.480718,3.840293,1413,7.5163
19499,20,30,4.316270,4.280602,1423,7.5126
19500,30,40,4.583842,5.716744,1454,7.6235
19501,40,23,2.873188,3.006463,1440,7.5919
19502,23,0,2.708707,2.712005,1376,7.4216
19503,0,57,1.953190,1.901388,1432,7.5559
19504,57,2,3.269430,3.574923,1427,7.5255
19505,2,7,3.083101,3.668712,1428,7.6370
19506,7,45,4.350764,4.394213,1385,7.5058
19507,45,54,1.887521,1.708217,1391,7.4825
19508,54,30,2.062509,2.326152,1436,7.5778
19509,30,10,3.852873,4.530130,1448,7.6074
19510,10,61,2.873728,2.731085,1404,7.4689
19511,61,6,2.497345,2.889795,1237,6.8905
19512,6,23,5.891973,6.399037,1230,6.7822
19513,23,37,4.352516,4.752803,1442,7.6266
19514,37,47,2.967469,3.039162,1434,7.5994
19515,47,63,2.743219,2.974532,1405,7.5711
19516,63,63,0.870088,0.525839,1388,7.4119
19517,63,8,2.325163,2.638987,1421,7.5400
19518,8,2,4.215594,3.988606,1323,7.1201
19519,2,7,2.883309,3.556038,1395,7.5240
19520,7,57,4.155843,4.595052,1382,7.3737
19521,57,2,2.939915,3.452821,1440,7.6267
19522,2,9,2.034044,2.226170,1438,7.6284
19523,9,41,6.249767,6.551498,1384,7.4639
19524,41,22,3.734050,3.764806,1421,7.6219
19525,22,38,1.605638,2.022296,1345,7.1920
19526,38,26,2.628858,3.141569,1446,7.6241
19527,26,13,4.385049,4.224266,1456,7.6139
19528,13,32,2.255949,2.150362,1435,7.5631
19529,32,29,2.474364,2.571816,1432,7.5969
19530,29,4,6.338044,6.185383,1355,7.3806
19531,4,40,2.490715,2.614995,1415,7.5235
19532,40,24,3.262981,3.509215,1388,7.4039
19533,24,36,4.204171,4.577318,1455,7.6038
19534,36,20,4.697817,4.244327,1336,7.2834
19535,20,19,3.207641,3.136532,1253,6.7371
19536,19,51,2.157050,2.410869,1371,7.3387
19537,51,56,3.136252,3.227666,1436,7.5759
19538,56,54,6.241798,7.024141,1428,7.6252
19539,54,43,3.494673,3.347667,1430,7.5481
19540,43,23,4.251332,3.921203,1431,7.5576
19541,23,62,2.502787,2.593207,1417,7.4741
19542,62,21,2.004699,2.265692,1428,7.6146
19543,21,53,1.927626,2.184631,1342,7.2507
19544,53,21,2.036798,1.857629,1354,7.2359
19545,21,53,2.009631,2.047493,1420,7.5737
19546,53,45,3.603794,3.874765,1449,7.6388
19547,45,21,3.882474,4.035328,1437,7.6485
19548,21,54,3.284576,3.128809,1365,7.3245
19549,54,43,3.222312,3.239100,1436,7.5514
19550,43,57,2.599482,2.705170,1411,7.4656
19551,57,22,3.194281,3.305532,1308,7.0345
19552,22,2,4.153628,4.451318,1457,7.5924
19553,2,9,1.866507,2.088463,1127,6.5250
19554,9,13,3.864002,4.016875,1215,6.7582
19555,13,24,2.381340,2.541637,1440,7.5729
19556,24,62,4.862992,5.551905,1371,7.2172
19557,62,21,1.861885,2.168109,1404,7.5146
19558,21,54,2.714341,3.057384,1427,7.5712
19559,54,30,2.010020,2.402103,1436,7.5575
19560,30,31,1.624772,1.973496,1444,7.6350
19561,31,42,2.182286,2.845873,1420,7.5786
19562,42,22,3.730719,3.798219,1457,7.5510
19563,22,60,2.260613,2.909979,1474,7.5910
19564,60,7,2.560730,2.959684,1420,7.5162
19565,7,45,4.285884,4.395409,1367,7.3414
19566,45,21,3.683476,4.064219,1305,7.2152
19567,21,53,2.004276,1.994685,1374,7.4706
19568,53,21,1.851762,1.666914,1440,7.5852
19569,21,53,1.747385,1.875604,1445,7.6065
19570,53,21,1.691344,1.562159,1454,7.5939
19571,21,54,2.697012,2.959609,1384,7.4707
19572,54,30,2.065498,2.401690,1433,7.5499
19573,30,31,1.696713,1.953881,1426,7.5672
19574,31,19,3.252960,4.086459,1433,7.5776
19575,19,51,2.397021,2.403647,1466,7.6052
19576,51,4,4.472295,5.179711,1330,7.1500
19577,4,40,2.600111,2.501213,1398,7.4472
19578,40,24,2.871165,3.442056,1434,7.5820
19579,24,62,5.299686,5.326255,1451,7.6215
19580,62,21,1.595513,2.051009,1388,7.4287
19581,21,54,2.502695,2.855676,1405,7.5719
19582,54,43,3.437672,3.401209,1456,7.5674
19583,43,57,2.653649,2.679077,1438,7.5461
19584,57,2,2.964120,3.314007,1310,7.1721
19585,2,9,1.834516,2.036790,1372,7.4452
19586,9,13,3.456157,3.887304,1420,7.5131
19587,13,32,2.266133,2.200133,1352,7.2435
19588,32,5,2.991920,3.114991,1275,6.9637
19589,5,13,3.733186,3.320929,1323,7.0974
19590,13,32,2.296478,2.048865,1260,6.8060
19591,32,10,5.413938,5.841764,1467,7.6213
19592,10,61,2.951230,2.497570,1360,7.3611
19593,61,33,4.421987,4.458921,1451,7.5855
19594,33,47,2.933029,3.428748,1462,7.6452
19595,47,63,2.501769,2.843178,1392,7.4164
19596,63,8,2.039992,2.423295,1462,7.6345
19597,8,2,4.339687,4.189347,1430,7.5960
19598,2,7,3.082096,3.526199,1383,7.3952
19599,7,1,5.292544,5.341431,1427,7.5034
19600,1,46,3.017864,3.270057,1460,7.5896
19601,46,62,1.942761,1.664798,1446,7.6235
19602,62,21,1.747869,2.005674,1368,7.3765
19603,21,55,3.616531,4.559529,1435,7.6109
19604,55,58,2.597940,2.482953,1317,6.9964
19605,58,15,3.940511,3.981328,1449,7.5934
19606,15,26,3.616867,3.581336,1398,7.4716
19607,26,17,2.614609,2.699485,1426,7.5673
19608,17,23,6.003298,6.009749,1367,7.2841
19609,23,37,3.948351,4.644466,1400,7.5475
19610,37,62,3.932562,3.805586,1442,7.6463
19611,62,46,1.963931,1.858058,1404,7.5524
19612,46,63,2.138085,2.195285,1339,7.2660
19613,63,63,0.844305,0.514189,1365,7.2897
19614,63,8,2.018467,2.498392,1424,7.6069
19615,8,27,2.961214,3.197086,1320,7.2539
19616,27,27,0.939702,0.481248,1429,7.5483
19617,27,53,5.354269,6.665885,1460,7.5928
19618,53,45,3.849556,3.849478,1331,7.1064
19619,45,21,3.789998,3.833068,1434,7.6095
19620,21,54,2.574720,2.590248,1428,7.5930
19621,54,30,2.102754,2.474626,1317,6.9988
19622,30,31,1.675197,1.917004,1434,7.5726
19623,31,42,2.491237,2.909302,1416,7.5759
19624,42,55,4.089420,4.320726,1453,7.5617
19625,55,30,2.521591,2.413641,1443,7.6164
19626,30,31,1.547963,1.870598,1422,7.5469
19627,31,42,2.405733,2.848714,1463,7.6037
19628,42,40,4.285927,4.422826,1467,7.5663
19629,40,24,3.026568,3.314170,1438,7.6063
19630,24,62,4.832147,5.115552,1407,7.5489
19631,62,48,3.076548,3.286587,1448,7.6474
19632,48,41,2.831299,2.904485,1434,7.5116
19633,41,22,3.562209,3.704408,1461,7.6499
19634,22,2,4.137339,4.411563,1447,7.6020
19635,2,9,1.866833,2.030108,1363,7.3971
19636,9,13,3.518001,3.838652,1311,7.1069
19637,13,31,4.517323,5.548773,1437,7.5535
19638,31,30,1.971725,1.519304,1436,7.5948
19639,30,31,1.468354,1.834482,1424,7.5707
19640,31,30,1.887242,1.422749,1456,7.5855
19641,30,31,1.395109,1.760763,1403,7.5249
19642,31,42,2.500480,2.949101,1433,7.5757
19643,42,40,4.147450,4.269153,1483,7.5934
19644,40,23,3.319602,3.329072,1403,7.4042
19645,23,0,2.734483,2.532746,1257,7.0107
19646,0,62,3.345019,3.224136,1418,7.5343
19647,62,21,2.095080,2.114487,1424,7.6129
19648,21,55,3.311616,4.249300,1423,7.6147
19649,55,58,2.494196,2.487984,1457,7.6094
19650,58,15,3.901059,3.889539,1435,7.5902
19651,15,1,3.168392,3.307959,1338,7.2614
19652,1,33,2.912254,2.720377,1441,7.5390
19653,33,62,2.975080,3.366239,1426,7.5575
19654,62,21,1.872860,2.051946,1456,7.6598
19655,21,53,2.043917,2.253512,1394,7.4869
19656,53,37,2.501784,2.862649,1453,7.5993
19657,37,62,4.121446,3.909009,1410,7.5720
19658,62,21,1.898166,1.932596,1425,7.6036
19659,21,55,3.448897,4.199374,1433,7.6015
19660,55,30,2.284590,2.353632,1420,7.5501
19661,30,31,1.436748,1.724202,1445,7.6036
19662,31,30,1.763315,1.379296,1447,7.6146
19663,30,31,1.310992,1.654677,1423,7.5460
19664,31,30,1.600160,1.307224,1454,7.5851
19665,30,31,1.302068,1.596744,1462,7.6003
19666,31,42,2.486183,3.140422,1442,7.5797
19667,42,55,3.857108,4.289007,1469,7.5814
19668,55,58,2.587985,2.515359,1451,7.6173
19669,58,51,4.966959,5.679519,1437,7.5864
19670,51,54,6.251571,6.978275,1409,7.5158
19671,54,43,3.126037,3.169526,1455,7.6115
19672,43,57,2.748051,2.618883,1435,7.5185
19673,57,22,3.569186,3.371239,1388,7.4976
19674,22,38,2.150615,2.192216,1471,7.5969
19675,38,0,4.390080,4.606016,1444,7.5983
19676,0,62,3.147228,3.239896,1439,7.5719
19677,62,46,2.089096,1.918491,1381,7.4235
19678,46,63,2.039867,2.096701,1401,7.5424
19679,63,8,2.082599,2.388620,1447,7.6113
19680,8,2,4.240435,4.220472,1374,7.2649
19681,2,9,1.715514,1.966354,1405,7.5454
19682,9,16,3.800857,3.880137,1394,7.5077
19683,16,4,5.388955,5.912577,1393,7.4157
19684,4,40,2.385566,2.478967,1429,7.6075
19685,40,23,3.355317,3.237584,1458,7.6005
19686,23,0,2.791160,2.597476,1429,7.5521
19687,0,57,2.086764,2.017355,1392,7.3966
19688,57,2,2.948228,3.391594,1465,7.6438
19689,2,9,1.568596,1.924260,1432,7.6473
19690,9,13,3.515193,3.781900,1429,7.6166
19691,13,24,2.585715,2.888970,1467,7.6191
19692,24,62,4.676089,5.238378,1438,7.5553
19693,62,48,3.211696,3.194880,1448,7.6475
19694,48,20,3.433266,3.828565,1436,7.5971
19695,20,19,3.308303,3.118598,1335,7.2298
19696,19,50,4.351906,4.296897,1439,7.5849
19697,50,34,1.760214,1.666060,1347,7.2472
19698,34,5,4.144331,4.785357,1438,7.5942
19699,5,13,3.849287,3.328573,1356,7.3770
19700,13,32,2.071781,2.096201,1404,7.5139
19701,32,29,2.600830,2.724003,1417,7.5532
19702,29,4,6.081987,5.826677,1447,7.6943
19703,4,40,2.344699,2.432128,1420,7.5843
19704,40,33,3.636740,3.242310,1326,7.1054
19705,33,62,2.972177,3.291722,1446,7.5990
19706,62,48,3.182186,3.063727,1436,7.6459
19707,48,13,6.166799,6.328536,1388,7.4242
19708,13,32,1.898077,1.998696,1400,7.4417
19709,32,10,5.328320,5.741086,1468,7.6615
19710,10,37,3.015396,3.108693,1403,7.5085
19711,37,62,3.870934,3.968288,1448,7.6758
19712,62,21,1.919988,2.045838,1448,7.6384
19713,21,53,2.113573,2.230506,1449,7.6429
19714,53,37,2.569989,2.676804,1440,7.5941
19715,37,28,2.340207,2.308870,1427,7.6208
19716,28,10,2.989540,2.856443,1409,7.5394
19717,10,61,2.624653,2.374889,1361,7.1648
19718,61,6,2.691497,2.890511,1411,7.5445
19719,6,23,5.706862,6.293473,1424,7.5658
19720,23,62,2.320485,2.645827,1396,7.4480
19721,62,21,1.745561,1.998494,1439,7.6299
19722,21,54,2.670115,3.053285,1438,7.6142
19723,54,43,3.134018,3.084654,1431,7.5354
19724,43,23,4.634003,4.200663,1452,7.5879
19725,23,0,2.898143,2.491018,1462,7.6482
19726,0,62,3.254589,3.096957,1413,7.5346
19727,62,21,1.635279,1.937507,1438,7.6361
19728,21,53,2.084036,2.331782,1394,7.4667
19729,53,21,1.980300,1.670626,1395,7.4372
19730,21,53,1.896449,2.169997,1405,7.5061
19731,53,45,3.736158,3.997349,1451,7.6256
19732,45,54,2.215577,1.922797,1452,7.6403
19733,54,43,2.940814,2.934177,1448,7.5550
19734,43,23,4.382863,4.105828,1459,7.5753
19735,23,0,2.612973,2.399097,1423,7.5364
19736,0,62,2.790312,2.925660,1366,7.4375
19737,62,48,2.956907,3.035710,1411,7.5259
19738,48,41,2.661494,2.995118,1274,7.0178
19739,41,22,3.306681,3.644544,1436,7.6549
19740,22,2,4.044116,4.264686,1314,7.1432
19741,2,7,2.943073,3.473147,1368,7.3940
19742,7,57,4.060649,4.466469,1396,7.4735
19743,57,22,3.272469,3.215089,1442,7.6364
19744,22,38,1.781154,2.196297,1450,7.5985
19745,38,0,4.417825,4.692570,1415,7.5520
19746,0,62,3.003219,2.845464,1415,7.5237
19747,62,46,2.195067,2.145182,1445,7.6406
19748,46,63,2.039767,2.100383,1370,7.3174
19749,63,63,0.810149,0.520745,1444,7.5946
19750,63,8,2.081824,2.398972,1443,7.6439
19751,8,4,4.436284,4.684831,1431,7.4709
19752,4,40,2.185574,2.396507,1441,7.5875
19753,40,33,3.161719,3.131008,1460,7.5930
19754,33,47,3.216769,3.489726,1269,7.0161
19755,47,63,2.491694,2.808156,1388,7.4608
19756,63,8,1.748642,2.286386,1440,7.6343
19757,8,27,2.920660,3.193634,1449,7.5857
19758,27,27,0.761249,0.410883,1436,7.5701
19759,27,16,2.142907,2.874930,1470,7.6011
19760,16,4,5.041667,5.672801,1438,7.6203
19761,4,40,2.296414,2.297079,1394,7.4567
19762,40,24,3.007475,3.364293,1334,7.1792
19763,24,62,5.300843,5.254045,1433,7.6192
19764,62,48,2.648564,2.893592,1421,7.6078
19765,48,13,6.110491,6.343623,1439,7.5665
19766,13,24,2.749464,2.706229,1313,7.0921
19767,24,62,4.524882,5.189529,1446,7.6004
19768,62,48,2.471123,2.743312,1425,7.5960
19769,48,13,6.032577,6.314554,1430,7.6010
19770,13,24,2.251037,2.528729,1441,7.5896
19771,24,36,4.107631,4.589784,1452,7.6029
19772,36,20,4.677144,4.144863,1311,7.1642
19773,20,47,3.683145,3.831040,1338,7.1117
19774,47,35,2.783745,2.731377,1320,7.0495
19775,35,49,3.892587,4.498710,1360,7.1920
19776,49,24,5.047720,5.001755,1383,7.4356
19777,24,41,2.820833,2.767625,1467,7.6251
19778,41,22,3.251692,3.582853,1439,7.5984
19779,22,38,1.659661,2.123838,1265,6.7009
19780,38,49,4.255111,4.818447,1461,7.6002
19781,49,17,2.518958,2.544092,1432,7.5726
19782,17,23,5.415842,5.929960,1405,7.4925
19783,23,0,2.591653,2.330392,1338,7.2055
19784,0,43,4.686294,4.429917,1443,7.6058
19785,43,23,4.204597,3.869580,1304,7.1150
19786,23,0,2.472326,2.265297,1443,7.6008
19787,0,57,2.216916,2.228458,1446,7.5815
19788,57,2,2.575505,3.113996,1398,7.4076
19789,2,9,1.640788,1.972139,1414,7.6120
19790,9,13,3.689103,3.915499,1409,7.4963
19791,13,24,2.306017,2.536567,1388,7.4006
19792,24,62,4.791664,5.197832,1407,7.4174
19793,62,21,2.015276,2.135136,1281,6.9216
19794,21,54,2.702135,2.949131,1404,7.4812
19795,54,59,4.300259,4.752085,1445,7.5837
19796,59,43,2.400918,2.409889,1436,7.6044
19797,43,3,5.569806,5.745432,1457,7.5881
19798,3,12,2.621972,2.927583,1081,6.0973
19799,12,46,5.711400,6.398937,1411,7.4140
19800,46,62,2.180828,1.873161,1408,7.5225
19801,62,46,2.341277,2.208357,1453,7.6454
19802,46,5,4.851286,5.570706,1407,7.4694
19803,5,13,3.731930,3.369692,1458,7.6491
19804,13,32,2.267603,2.110174,1378,7.3814
19805,32,10,5.183939,5.538400,1439,7.6223
19806,10,61,2.451862,2.212616,1337,7.1020
19807,61,6,2.728344,2.820224,1462,7.6072
19808,6,12,2.407173,2.850358,1447,7.5830
19809,12,62,6.203456,6.864555,1432,7.5871
19810,62,48,2.749478,2.602178,1437,7.6250
19811,48,41,2.897750,3.099329,1464,7.6493
19812,41,22,3.210197,3.479861,1429,7.5958
19813,22,2,3.674744,4.106370,1398,7.4535
19814,2,7,2.910199,3.353162,1435,7.6655
19815,7,45,4.282137,4.398869,1430,7.5982
19816,45,54,2.042759,1.889171,1240,6.8058
19817,54,30,2.176971,2.597019,1422,7.5116
19818,30,31,1.363337,1.558499,1435,7.5964
19819,31,19,3.848456,4.517457,1453,7.6113
19820,19,51,2.409234,2.425174,1439,7.5719
19821,51,54,6.270260,6.868535,1407,7.4774
19822,54,43,2.913855,2.900348,1471,7.5998
19823,43,23,3.909716,3.779308,1440,7.5735
19824,23,37,3.862694,4.510828,1403,7.4916
19825,37,62,4.495821,4.327384,1261,6.8221
19826,62,48,2.462436,2.443183,1319,7.1730
19827,48,41,2.549099,3.026969,1423,7.5762
19828,41,22,3.009947,3.383265,1444,7.6638
19829,22,38,1.801797,2.200357,1432,7.5300
19830,38,26,2.917481,3.254235,1448,7.5983
19831,26,17,2.497299,2.596724,1377,7.4144
19832,17,23,5.612882,5.917529,1343,7.2264
19833,23,0,2.324428,2.180414,1301,6.9711
19834,0,57,2.134137,2.130380,1439,7.5824
19835,57,22,3.317525,3.367805,1389,7.4014
19836,22,38,1.639936,2.116655,1445,7.5619
19837,38,0,4.508028,4.894737,1456,7.6116
19838,0,62,2.786846,3.111368,1445,7.6035
19839,62,46,2.230898,2.075904,1437,7.6062
19840,46,63,2.092651,2.144447,1446,7.6304
19841,63,8,1.794965,2.147087,1308,7.1240
19842,8,27,2.826374,3.032933,1441,7.5545
19843,27,27,0.711883,0.367869,1406,7.5074
19844,27,16,2.310456,2.971771,1432,7.5655
19845,16,40,4.702520,5.204184,1420,7.5293
19846,40,23,3.862734,3.799772,1368,7.4106
19847,23,0,2.031869,2.220106,1370,7.3829
19848,0,57,2.179349,2.054682,1329,7.0657
19849,57,2,2.574312,3.114103,1420,7.5481
19850,2,9,1.724112,2.011421,1445,7.6559
19851,9,13,3.696733,3.798127,1440,7.6640
19852,13,24,2.339793,2.540761,1442,7.6018
19853,24,36,3.805693,4.377815,1444,7.6178
19854,36,37,6.079621,6.139609,1342,7.2633
19855,37,28,2.183388,2.199368,1450,7.6621
19856,28,10,3.173922,2.814638,1424,7.5961
19857,10,61,2.433908,2.154651,1415,7.5582
19858,61,6,2.450947,2.756800,1422,7.5753
19859,6,23,5.589682,6.112183,1431,7.5370
19860,23,0,2.051179,2.158919,1391,7.4699
19861,0,62,2.736762,3.009656,1378,7.4169
19862,62,21,2.118922,2.254058,1414,7.5572
19863,21,53,2.005228,2.054024,1355,7.3367
19864,53,21,2.076282,1.790695,1453,7.5928
19865,21,55,3.454371,4.012902,1401,7.5090
19866,55,30,2.469670,2.395617,1468,7.6408
19867,30,31,1.325154,1.512642,1455,7.6196
19868,31,42,2.519509,3.010495,1433,7.5780
19869,42,22,4.073376,4.285001,1447,7.5662
19870,22,38,1.504443,2.017395,1428,7.4743
19871,38,0,4.617358,4.881439,1429,7.5352
19872,0,62,2.611840,2.923757,1427,7.5520
19873,62,21,1.968103,2.204854,1444,7.6208
19874,21,53,1.915299,2.050106,1338,7.2939
19875,53,37,2.865644,2.926686,1422,7.5516
19876,37,62,4.320085,4.308395,1326,7.1779
19877,62,46,2.069975,2.110949,1443,7.6035
19878,46,63,2.051837,2.143903,1360,7.2882
19879,63,37,3.291044,3.878954,1415,7.5384
19880,37,62,4.441584,4.182836,1382,7.4480
19881,62,21,2.219551,2.049942,1280,7.0293
19882,21,54,2.922926,3.093652,1443,7.6258
19883,54,30,2.103679,2.474701,1464,7.5999
19884,30,31,1.265308,1.528574,1418,7.5717
19885,31,42,2.408980,2.918774,1418,7.5504
19886,42,40,4.177051,4.489511,1464,7.5908
19887,40,24,3.198011,3.497872,1402,7.3459
19888,24,62,5.350618,5.582843,1437,7.5875
19889,62,21,2.156950,1.896210,1458,7.6442
19890,21,54,3.136423,3.035324,1458,7.6391
19891,54,30,1.947507,2.431237,1389,7.4266
19892,30,40,4.489332,5.830307,1445,7.5824
19893,40,24,2.926132,3.382380,1452,7.5709
19894,24,62,4.950040,5.341457,1421,7.5536
19895,62,21,1.785319,1.769133,1406,7.5648
19896,21,53,2.100208,2.335801,1445,7.6265
19897,53,45,3.864886,4.019687,1440,7.5983
19898,45,21,4.240366,4.311850,1443,7.6396
19899,21,53,2.019407,2.091994,1434,7.5835
19900,53,21,2.065220,1.751319,1413,7.5388
19901,21,55,3.694148,4.152545,1445,7.6328
19902,55,58,2.573500,2.573329,1440,7.6036
19903,58,51,4.552530,5.450023,1416,7.5490
19904,51,56,3.066349,3.276760,1389,7.4614
19905,56,32,4.556291,4.961410,1276,7.1142
19906,32,5,3.251871,3.151584,1350,7.2951
19907,5,13,3.645647,3.267708,1426,7.6339
19908,13,24,2.294100,2.570490,1371,7.2803
19909,24,41,2.816549,2.938614,1430,7.5689
19910,41,22,3.384382,3.384002,1446,7.6727
19911,22,38,1.478033,2.003943,1440,7.5716
19912,38,0,4.496453,4.694962,1450,7.6031
19913,0,57,1.932410,1.961886,1368,7.3976
19914,57,35,3.951106,4.418199,1420,7.5651
19915,35,49,4.041308,4.303835,1405,7.5261
19916,49,42,5.811180,5.882815,1441,7.6039
19917,42,40,3.745770,4.074456,1262,6.7439
19918,40,24,3.121921,3.341015,1390,7.3294
19919,24,62,4.817359,5.194759,1446,7.5740
19920,62,46,2.184338,2.127420,1439,7.5970
19921,46,62,2.404165,1.981434,1449,7.5943
19922,62,21,1.765249,1.865264,1447,7.6295
19923,21,53,1.835909,2.015884,1378,7.4333
19924,53,21,1.741602,1.688553,1434,7.5727
19925,21,53,1.707188,1.884531,1446,7.6261
19926,53,21,1.768997,1.611168,1421,7.5232
19927,21,53,1.501731,1.752160,1430,7.6054
19928,53,45,4.044093,4.381066,1425,7.5506
19929,45,21,3.894360,3.929676,1151,6.3207
19930,21,53,1.356213,1.580251,1441,7.6446
19931,53,45,3.765496,4.254918,1402,7.4260
19932,45,54,2.198936,1.936490,1358,7.4685
19933,54,59,4.292959,4.625182,1434,7.5718
19934,59,20,4.788052,5.484707,1442,7.6225
19935,20,30,4.387109,4.282753,1452,7.5721
19936,30,10,4.451218,4.729826,1442,7.5888
19937,10,37,3.093079,3.100837,1410,7.5628
19938,37,28,2.199021,2.203362,1399,7.5172
19939,28,53,3.348577,3.251012,1457,7.6453
19940,53,45,3.555401,3.969495,1462,7.6177
19941,45,21,3.631182,3.698380,1421,7.6052
19942,21,54,2.785146,2.900379,1408,7.5528
19943,54,30,2.223647,2.593881,1418,7.5380
19944,30,10,4.070983,4.591704,1426,7.5641
19945,10,37,2.879573,3.002350,1419,7.5738
19946,37,62,4.386887,4.453341,1449,7.6318
19947,62,46,1.991926,1.994085,1347,7.2506
19948,46,62,2.090447,1.827995,1366,7.3709
19949,62,46,1.885210,1.867535,1450,7.6342
19950,46,63,2.317107,2.278270,1447,7.6431
19951,63,8,1.730093,2.194511,1457,7.6203
19952,8,4,4.430658,4.523429,1394,7.3822
19953,4,40,2.454709,2.499912,1331,7.2296
19954,40,24,2.894956,3.220234,1452,7.5843
19955,24,41,3.116937,2.901342,1432,7.5777
19956,41,22,2.912208,3.222740,1378,7.3954
19957,22,60,2.809532,3.694516,1404,7.4242
19958,60,22,3.111592,2.668324,1430,7.5806
19959,22,60,2.715374,3.456502,1436,7.5431
19960,60,61,4.962385,5.121144,1429,7.5581
19961,61,6,2.391348,2.546612,1438,7.5703
19962,6,23,5.283864,5.954424,1344,7.1720
19963,23,62,2.739815,2.976374,1399,7.4300
19964,62,21,2.031659,2.106155,1428,7.6393
19965,21,53,1.635230,1.652583,1394,7.5126
19966,53,21,1.928631,1.637551,1441,7.6052
19967,21,53,1.500638,1.562066,1422,7.6034
19968,53,21,1.704247,1.543617,1453,7.6024
19969,21,53,1.336476,1.488958,1438,7.6282
19970,53,21,1.597605,1.466808,1444,7.5932
19971,21,55,3.484585,4.305186,1439,7.6096
19972,55,26,4.674266,4.994875,1331,7.0790
19973,26,17,2.129816,2.529328,1358,7.4255
19974,17,0,4.433355,4.697420,1430,7.5618
19975,0,62,3.283622,3.271060,1435,7.5938
19976,62,21,1.880910,1.997200,1394,7.4403
19977,21,55,3.008370,4.101532,1448,7.6696
19978,55,30,2.236273,2.463779,1445,7.5984
19979,30,10,3.918291,4.433678,1435,7.5984
19980,10,61,2.589066,2.388092,1329,7.1335
19981,61,6,2.236891,2.503212,1440,7.5958
19982,6,23,5.095226,5.810340,1263,7.0400
19983,23,62,2.852645,2.849381,1460,7.6226
19984,62,21,1.678708,1.934035,1430,7.6161
19985,21,54,2.822234,3.239788,1444,7.6359
19986,54,30,2.023231,2.500831,1447,7.5903
19987,30,31,1.788959,1.932569,1431,7.5718
19988,31,42,2.441620,2.805322,1423,7.5837
19989,42,40,3.814792,3.986835,1469,7.5879
19990,40,24,2.714195,3.112726,1407,7.4969
19991,24,41,2.873549,2.807938,1417,7.5620
19992,41,22,2.909440,3.142815,1432,7.6413
19993,22,38,1.693428,2.206887,1443,7.5261
19994,38,49,4.429463,4.901490,1421,7.5055
19995,49,24,5.620204,5.199461,1178,6.6835
19996,24,36,3.982602,4.283279,1430,7.5820
19997,36,44,3.104751,3.276010,1276,7.0552
19998,44,1,5.123068,5.003439,1423,7.5290
