position,token,target,loss_nats,passthrough_nats,visits,mean_hops
0,25,36,4.147457,4.166067,1458,7.6493
1,36,21,4.139936,4.102290,1338,7.1709
2,21,9,4.192360,4.235015,1417,7.5944
3,9,15,4.098382,4.072171,1458,7.6241
4,15,49,4.186385,4.201362,1403,7.4963
5,49,43,4.235252,4.241467,1431,7.5628
6,43,11,4.204482,4.186507,1345,7.1100
7,11,42,4.081557,4.133718,1466,7.6079
8,42,54,4.176966,4.237615,1421,7.5118
9,54,25,3.957456,3.970216,1427,7.5706
10,25,36,4.087575,4.118660,1423,7.5734
11,36,29,4.197500,4.230160,1398,7.4031
12,29,11,4.243567,4.252870,1410,7.5315
13,11,42,4.070420,4.097406,1309,7.2012
14,42,0,4.089029,4.080607,1355,7.2256
15,0,21,4.035567,4.114669,1171,6.4435
16,21,48,4.220405,4.220383,1191,6.4857
17,48,25,4.196627,4.218515,1331,7.1598
18,25,2,4.205856,4.165197,1437,7.5983
19,2,45,4.378151,4.363360,1434,7.5429
20,45,62,3.992079,3.986562,1464,7.6092
21,62,21,4.252693,4.238395,1363,7.2430
22,21,48,4.173009,4.187192,1407,7.4347
23,48,25,4.105788,4.175841,1429,7.5888
24,25,36,4.006319,4.069016,1427,7.5737
25,36,29,4.135093,4.184501,1318,7.2238
26,29,11,4.219588,4.213359,1377,7.2972
27,11,42,3.965999,4.063796,1419,7.4563
28,42,54,4.141273,4.191441,1405,7.4850
29,54,44,4.397923,4.399716,1455,7.5934
30,44,36,4.095642,4.077143,1445,7.5725
31,36,34,4.097796,4.022354,1439,7.5622
32,34,7,4.228425,4.321193,1429,7.5262
33,7,22,4.046316,4.070314,1426,7.5416
34,22,47,4.093206,4.201549,1331,7.0040
35,47,51,4.200144,4.241969,1426,7.4873
36,51,16,4.211792,4.175691,1444,7.5934
37,16,53,4.314640,4.294815,1416,7.4884
38,53,0,4.238676,4.199254,1340,7.1494
39,0,60,4.162608,4.129467,1445,7.5494
40,60,38,4.308821,4.335761,1256,6.8371
41,38,2,4.156487,4.186620,1312,7.0258
42,2,12,4.266883,4.267486,1400,7.4118
43,12,35,4.136989,4.155701,1376,7.3184
44,35,8,4.113576,4.227833,1451,7.5750
45,8,56,4.246607,4.228857,1329,7.1841
46,56,1,4.084009,4.117952,1455,7.5590
47,1,47,4.267976,4.324662,1414,7.5142
48,47,22,4.122288,4.174163,1450,7.5549
49,22,20,4.367376,4.357554,1339,7.2246
50,20,10,4.070939,4.009621,1413,7.5160
51,10,2,4.137677,4.106541,1465,7.6019
52,2,12,4.178963,4.237628,1429,7.5212
53,12,20,4.129736,4.101991,1402,7.4985
54,20,10,4.021891,3.976847,1262,6.8791
55,10,2,4.088789,4.071616,1414,7.5456
56,2,54,4.308813,4.255612,1446,7.5487
57,54,0,4.252097,4.251586,1424,7.5133
58,0,60,4.117049,4.093358,1345,7.1202
59,60,38,4.317240,4.303587,1264,6.9738
60,38,50,4.158353,4.136033,1393,7.4351
61,50,54,4.120362,4.169381,1447,7.5801
62,54,25,3.934601,3.936373,1437,7.5371
63,25,36,4.012269,4.030186,1408,7.5077
64,36,34,4.069123,3.987610,1361,7.3391
65,34,35,4.164179,4.207234,1325,7.1696
66,35,0,4.290092,4.313106,1455,7.6096
67,0,25,4.295764,4.307773,1423,7.4228
68,25,2,4.181181,4.132740,1451,7.5758
69,2,45,4.358544,4.314864,1492,7.6038
70,45,30,4.078051,4.155545,1333,7.1183
71,30,46,4.282149,4.349050,1441,7.6011
72,46,1,4.182600,4.059809,1378,7.3300
73,1,32,4.156904,4.139254,1427,7.5266
74,32,9,4.088866,4.236041,1384,7.2662
75,9,15,4.010549,4.017813,1302,7.0360
76,15,49,4.104491,4.161923,1434,7.5596
77,49,48,4.229223,4.160461,1361,7.2861
78,48,6,4.257801,4.261676,1424,7.5319
79,6,22,3.991843,4.041182,1339,7.2021
80,22,47,3.990608,4.116719,1434,7.5428
81,47,56,4.252753,4.290224,1408,7.4444
82,56,6,4.217352,4.213676,1462,7.5969
83,6,56,4.258541,4.213320,1321,7.1198
84,56,6,4.196302,4.152057,1446,7.5475
85,6,32,3.966928,3.966854,1449,7.5756
86,32,61,4.207391,4.260778,1369,7.3397
87,61,2,4.302917,4.236594,1417,7.5283
88,2,54,4.203571,4.206343,1434,7.5383
89,54,25,3.863000,3.900718,1389,7.3295
90,25,36,3.970968,3.985873,1458,7.5989
91,36,29,4.108819,4.145833,1439,7.5071
92,29,23,4.351588,4.348196,1344,7.1595
93,23,18,4.197633,4.244794,1356,7.1921
94,18,12,4.374076,4.354529,1424,7.4952
95,12,35,4.077380,4.121455,1411,7.5392
96,35,8,4.139354,4.195095,1425,7.5264
97,8,52,4.150811,4.137397,1399,7.4523
98,52,22,4.331669,4.272628,1452,7.5821
99,22,35,4.160526,4.208165,1388,7.3079
100,35,0,4.243495,4.285493,1455,7.5882
101,0,21,3.990766,4.096175,1443,7.5963
102,21,9,4.110312,4.198517,1422,7.5060
103,9,15,4.033436,3.972929,1424,7.5349
104,15,49,4.122508,4.125307,1454,7.5842
105,49,50,4.083111,4.132743,1332,7.2827
106,50,53,4.138483,4.133763,1447,7.5938
107,53,11,4.067533,4.076352,1449,7.5807
108,11,42,3.976759,4.036428,1425,7.5438
109,42,54,4.102374,4.150808,1372,7.3820
110,54,25,3.801334,3.872146,1295,6.9613
111,25,36,3.900579,3.944578,1402,7.5189
112,36,34,4.032767,3.958201,1412,7.4740
113,34,40,4.169999,4.148182,1425,7.5413
114,40,25,4.123114,4.138815,1360,7.2396
115,25,36,3.817305,3.904125,1410,7.5014
116,36,34,4.031808,3.920447,1437,7.5891
117,34,35,4.092170,4.169543,1419,7.5003
118,35,8,4.023248,4.153797,1301,6.9547
119,8,41,4.235109,4.237715,1352,7.2079
120,41,6,4.098003,4.094699,1383,7.2942
121,6,22,3.932054,4.016564,1400,7.4721
122,22,35,4.040617,4.178061,1438,7.4902
123,35,53,4.003747,4.056477,1445,7.5794
124,53,11,3.996082,4.048126,1447,7.5894
125,11,45,4.214486,4.176704,1398,7.5013
126,45,30,4.054502,4.125362,1342,7.0667
127,30,46,4.162157,4.309355,1404,7.4823
128,46,1,4.137828,4.022344,1293,6.9571
129,1,47,4.214157,4.304681,1266,6.7951
130,47,56,4.217168,4.248466,1425,7.4981
131,56,1,4.053097,4.089574,1428,7.5607
132,1,19,4.383322,4.261347,1454,7.5692
133,19,24,4.039609,4.114755,1415,7.5053
134,24,54,4.115840,4.134441,1441,7.5359
135,54,25,3.787878,3.834905,1411,7.4945
136,25,29,4.064819,4.124177,1448,7.5865
137,29,23,4.312504,4.317074,1443,7.5574
138,23,29,4.336587,4.289868,1454,7.5736
139,29,11,4.155580,4.200145,1448,7.5781
140,11,42,3.887702,4.005996,1458,7.5852
141,42,54,4.025926,4.112205,1442,7.5490
142,54,25,3.769060,3.802252,1398,7.3873
143,25,36,3.766740,3.851233,1446,7.5841
144,36,34,4.012529,3.881539,1464,7.6191
145,34,40,4.194613,4.114511,1371,7.2804
146,40,57,4.227153,4.293552,1449,7.5252
147,57,59,4.170261,4.212203,1416,7.4588
148,59,10,4.143897,4.162515,1442,7.5715
149,10,11,3.917365,4.062569,1306,6.9087
150,11,42,3.839085,3.972384,1354,7.2822
151,42,54,3.978559,4.071747,1438,7.5392
152,54,0,4.229988,4.208378,1429,7.5168
153,0,60,4.053210,4.057124,1248,6.8373
154,60,36,4.269294,4.145181,1330,7.1572
155,36,34,3.961989,3.845354,1365,7.3551
156,34,40,4.143989,4.076041,1405,7.4589
157,40,21,3.954192,4.121486,1416,7.5079
158,21,47,4.171894,4.204214,1297,7.0147
159,47,56,4.146271,4.207635,1464,7.6038
160,56,6,4.164691,4.125969,1443,7.5524
161,6,56,4.132829,4.121578,1431,7.5556
162,56,34,4.224506,4.164691,1469,7.6129
163,34,35,4.091239,4.133738,1404,7.4038
164,35,53,4.023583,4.014530,1402,7.4335
165,53,17,4.184275,4.182979,1457,7.6063
166,17,7,4.151323,4.099236,1416,7.5549
167,7,22,4.032811,4.028582,1343,7.2303
168,22,35,4.101497,4.139966,1361,7.2849
169,35,53,3.967746,3.974766,1430,7.5683
170,53,11,3.995565,4.022591,1381,7.3817
171,11,45,4.157244,4.147238,1414,7.5108
172,45,63,4.285816,4.367236,1284,6.9960
173,63,18,4.013853,4.066975,1405,7.4364
174,18,38,4.082331,4.232145,1446,7.5305
175,38,2,4.182607,4.141190,1458,7.5809
176,2,54,4.176596,4.168192,1369,7.2563
177,54,25,3.767611,3.773873,1254,6.9274
178,25,36,3.728126,3.804510,1400,7.5041
179,36,34,3.914744,3.806341,1409,7.4957
180,34,40,4.075558,4.039618,1393,7.4456
181,40,25,4.058482,4.096889,1452,7.5754
182,25,29,4.008918,4.093009,1396,7.4764
183,29,23,4.262026,4.249781,1383,7.3760
184,23,29,4.304150,4.224253,1440,7.5681
185,29,23,4.238285,4.179326,1425,7.5026
186,23,29,4.247298,4.152109,1432,7.6038
187,29,48,4.111640,4.125626,1432,7.5465
188,48,6,4.241870,4.248122,1421,7.5141
189,6,32,3.995626,3.929112,1411,7.5059
190,32,61,4.252924,4.230467,1370,7.3453
191,61,2,4.230218,4.203508,1331,7.1165
192,2,54,4.133636,4.142192,1443,7.5655
193,54,25,3.682041,3.727687,1411,7.5253
194,25,36,3.685781,3.754883,1435,7.5728
195,36,21,4.119350,4.024728,1436,7.5584
196,21,9,4.136712,4.175906,1445,7.6099
197,9,3,4.050347,4.150354,1404,7.5063
198,3,39,4.115015,4.159332,1442,7.6037
199,39,59,4.231046,4.222488,1439,7.5749
200,59,15,4.119822,4.197171,1435,7.5487
201,15,19,4.145804,4.161295,1348,7.1418
202,19,24,3.978413,4.085386,1425,7.5242
203,24,4,4.165130,4.127117,1417,7.4852
204,4,23,4.367354,4.263898,1377,7.2911
205,23,29,4.161527,4.114066,1424,7.4922
206,29,48,4.073225,4.088282,1434,7.5499
207,48,25,4.053784,4.126611,1444,7.5736
208,25,2,4.133292,4.141390,1439,7.5628
209,2,12,4.128474,4.217497,1214,6.6896
210,12,35,4.061985,4.108820,1438,7.5872
211,35,0,4.229324,4.264325,1389,7.3053
212,0,25,4.204489,4.244354,1437,7.4879
213,25,2,4.091058,4.093020,1427,7.5936
214,2,12,4.081988,4.188292,1433,7.5400
215,12,35,4.005205,4.075158,1452,7.6181
216,35,53,3.909436,3.928124,1459,7.5974
217,53,17,4.144695,4.157919,1451,7.6070
218,17,7,4.180418,4.067413,1374,7.3661
219,7,31,4.209888,4.276389,1436,7.5840
220,31,30,4.271712,4.262449,1419,7.5153
221,30,31,4.289590,4.246144,1343,7.2063
222,31,12,4.293800,4.255268,1423,7.5399
223,12,35,3.915353,4.053220,1437,7.5847
224,35,8,4.055079,4.122808,1397,7.4402
225,8,56,4.207572,4.186015,1247,6.7524
226,56,1,4.015557,4.070180,1419,7.4865
227,1,32,3.959253,4.070165,1374,7.3167
228,32,61,4.235451,4.199638,1454,7.5880
229,61,2,4.177876,4.177413,1430,7.5203
230,2,12,4.015755,4.163799,1409,7.4944
231,12,35,3.896629,4.019472,1419,7.5453
232,35,53,3.821544,3.877140,1414,7.4857
233,53,11,3.945444,3.997870,1451,7.5537
234,11,42,3.835843,3.951069,1467,7.6406
235,42,45,4.213047,4.096042,1430,7.5512
236,45,63,4.284234,4.338972,1415,7.5238
237,63,18,3.998394,4.028553,1350,7.1550
238,18,38,4.095494,4.196634,1444,7.5720
239,38,50,4.103374,4.113924,1448,7.5641
240,50,53,4.134023,4.088604,1403,7.4569
241,53,11,3.946502,3.967270,1327,7.1235
242,11,42,3.760192,3.926092,1439,7.5729
243,42,45,4.154748,4.054035,1437,7.5768
244,45,63,4.251642,4.318261,1333,7.1107
245,63,6,4.326232,4.240965,1435,7.5717
246,6,32,3.921578,3.881749,1407,7.4287
247,32,9,4.033535,4.238867,1336,7.1750
248,9,3,4.047431,4.108290,1368,7.3751
249,3,41,4.224292,4.273538,1401,7.4152
250,41,30,4.047051,4.031835,1444,7.5620
251,30,46,4.112405,4.274464,1340,7.2459
252,46,47,4.412303,4.389191,1362,7.3010
253,47,51,4.227545,4.208929,1288,6.9158
254,51,29,4.093006,4.272612,1413,7.5229
255,29,48,4.045731,4.052082,1337,7.1259
256,48,6,4.226651,4.233684,1362,7.1451
257,6,56,4.102981,4.109415,1346,7.0849
258,56,34,4.145118,4.137194,1434,7.5114
259,34,40,4.014085,4.000643,1424,7.5476
260,40,21,4.023244,4.084713,1453,7.5766
261,21,48,4.082761,4.132219,1447,7.5935
262,48,25,4.001699,4.069434,1425,7.5547
263,25,29,4.029884,4.073843,1439,7.5740
264,29,23,4.112348,4.071546,1441,7.5816
265,23,29,4.037587,4.041137,1419,7.4552
266,29,11,4.166657,4.219830,1438,7.5690
267,11,24,4.134183,4.100937,1407,7.4749
268,24,4,4.127030,4.087350,1444,7.6166
269,4,19,4.230184,4.141532,1380,7.3908
270,19,38,4.223660,4.097999,1419,7.5512
271,38,2,4.186181,4.105847,1457,7.5348
272,2,12,3.989296,4.133815,1440,7.4894
273,12,20,4.190431,4.097684,1312,6.9544
274,20,10,4.035963,3.949024,1338,7.1885
275,10,2,4.121550,4.014074,1453,7.5905
276,2,45,4.262779,4.244893,1438,7.5353
277,45,30,4.063092,4.109147,1456,7.6013
278,30,46,4.125661,4.235103,1427,7.5671
279,46,47,4.343074,4.347522,1423,7.5374
280,47,22,4.089153,4.087327,1429,7.5014
281,22,35,4.007030,4.111564,1404,7.4592
282,35,0,4.189783,4.237835,1410,7.4595
283,0,60,4.041546,4.027520,1400,7.4796
284,60,38,4.237678,4.282590,1435,7.5419
285,38,2,4.101610,4.063100,1422,7.5140
286,2,45,4.207951,4.206583,1409,7.4258
287,45,30,4.009380,4.078380,1450,7.5856
288,30,46,4.042595,4.196356,1297,6.9297
289,46,47,4.306819,4.310084,1324,7.1209
290,47,56,4.108744,4.157555,1380,7.3687
291,56,1,3.968128,4.032803,1433,7.5704
292,1,32,3.916636,4.014903,1249,6.7445
293,32,61,4.210741,4.177115,1410,7.5049
294,61,34,4.184962,4.243674,1393,7.5284
295,34,35,4.064847,4.114931,1409,7.4834
296,35,8,4.027989,4.082517,1370,7.3552
297,8,41,4.209155,4.193550,1416,7.4298
298,41,6,4.041020,4.069596,1369,7.2422
299,6,32,3.821450,3.841723,1445,7.5636
300,32,27,4.140162,4.159272,1443,7.5915
301,27,2,4.121961,4.113387,1312,7.1918
302,2,12,3.956203,4.112222,1412,7.5080
303,12,35,3.916727,3.996922,1320,7.0529
304,35,53,3.819675,3.824922,1447,7.6019
305,53,17,4.171088,4.134122,1403,7.4734
306,17,1,4.149184,4.100702,1461,7.5705
307,1,47,4.209788,4.242545,1301,7.1053
308,47,22,3.979325,4.041563,1422,7.5071
309,22,20,4.226429,4.341463,1356,7.2528
310,20,3,4.186772,4.173946,1411,7.5444
311,3,41,4.194837,4.242782,1220,6.6776
312,41,6,4.047646,4.043764,1449,7.5824
313,6,32,3.791281,3.810328,1389,7.3513
314,32,9,4.059700,4.223891,1428,7.5403
315,9,15,3.972901,3.916142,1317,6.9915
316,15,19,4.133737,4.136117,1319,7.0143
317,19,51,4.198861,4.159004,1355,7.3700
318,51,16,4.235131,4.127520,1439,7.6043
319,16,21,4.160429,4.036217,1334,7.0708
320,21,47,4.237247,4.179462,1287,6.9299
321,47,22,3.945544,4.015531,1300,6.8834
322,22,20,4.195714,4.308772,1360,7.2170
323,20,10,4.038655,3.904172,1402,7.4137
324,10,2,4.068012,3.986450,1354,7.1379
325,2,45,4.142669,4.178215,1325,7.0489
326,45,63,4.270730,4.307068,1465,7.5788
327,63,18,3.984900,3.995053,1422,7.5489
328,18,38,4.109936,4.163694,1442,7.5347
329,38,54,4.091687,4.192985,1447,7.5624
330,54,25,3.704558,3.695452,1431,7.5825
331,25,2,4.061236,4.065469,1364,7.3329
332,2,45,4.107679,4.146877,1395,7.3169
333,45,30,4.000592,4.046382,1461,7.6113
334,30,46,3.966221,4.157199,1368,7.4092
335,46,1,4.144922,3.990103,1358,7.2356
336,1,19,4.369337,4.234475,1397,7.4391
337,19,51,4.180287,4.123410,1305,7.1037
338,51,29,4.166003,4.227138,1363,7.2576
339,29,23,4.007976,3.995409,1363,7.3841
340,23,29,3.899723,3.962475,1316,6.9957
341,29,23,3.979038,3.922384,1445,7.6293
342,23,18,4.208701,4.225872,1416,7.5354
343,18,38,4.052351,4.130148,1306,7.1212
344,38,50,4.041083,4.087286,1430,7.5323
345,50,54,4.077862,4.140104,1460,7.6132
346,54,25,3.643093,3.657569,1402,7.4117
347,25,29,3.960414,4.033525,1386,7.4419
348,29,11,4.158138,4.204215,1247,6.9200
349,11,42,3.754088,3.892083,1396,7.5105
350,42,54,3.917293,4.024720,1416,7.4814
351,54,0,4.087967,4.177032,1349,7.0774
352,0,60,4.010040,3.999220,1440,7.5637
353,60,44,4.180603,4.110794,1434,7.6098
354,44,35,4.114048,4.162440,1396,7.4380
355,35,8,3.914453,4.042029,1454,7.6397
356,8,41,4.108212,4.151176,1337,7.3143
357,41,36,4.233852,4.285866,1445,7.5814
358,36,29,3.860264,4.041804,1333,7.2015
359,29,11,4.223935,4.171579,1422,7.5396
360,11,45,4.043627,4.073591,1356,7.2134
361,45,63,4.287612,4.290962,1347,7.1980
362,63,47,4.218195,4.118524,1454,7.6015
363,47,51,4.226515,4.168759,1436,7.5642
364,51,29,4.096802,4.183915,1448,7.6080
365,29,11,4.181089,4.127551,1280,6.9875
366,11,45,3.975659,4.044515,1434,7.5500
367,45,62,4.064157,3.981005,1431,7.5615
368,62,60,4.156410,4.199903,1335,7.1039
369,60,38,4.213995,4.252639,1455,7.6186
370,38,50,3.997524,4.044666,1452,7.5717
371,50,54,4.029118,4.102946,1406,7.4652
372,54,0,4.110113,4.130469,1453,7.5459
373,0,60,3.971336,3.977740,1418,7.4523
374,60,38,4.175417,4.221633,1455,7.5956
375,38,2,3.970336,4.034436,1439,7.5706
376,2,54,4.029982,4.032647,1358,7.2283
377,54,0,4.046011,4.088832,1342,7.1561
378,0,60,3.893653,3.947030,1443,7.5574
379,60,38,4.131416,4.185250,1454,7.5823
380,38,2,3.933400,3.990059,1472,7.5964
381,2,54,4.046588,3.995398,1358,7.2314
382,54,25,3.597436,3.620159,1433,7.5587
383,25,36,3.672771,3.713518,1448,7.5795
384,36,21,4.078883,3.993677,1384,7.3775
385,21,9,4.098533,4.170530,1448,7.5115
386,9,15,3.923749,3.868157,1339,7.1744
387,15,49,4.048113,4.069971,1349,7.2127
388,49,50,4.112725,4.110656,1367,7.3947
389,50,53,4.012507,4.060054,1460,7.6070
390,53,11,3.921312,3.950098,1407,7.4998
391,11,42,3.690935,3.870071,1441,7.5755
392,42,54,3.915640,3.978078,1400,7.4885
393,54,25,3.569527,3.585104,1349,7.1573
394,25,36,3.619659,3.654405,1424,7.4451
395,36,29,3.858136,3.971304,1445,7.5801
396,29,11,4.120023,4.097171,1448,7.5702
397,11,42,3.672292,3.840369,1383,7.3727
398,42,54,3.832475,3.926763,1462,7.5703
399,54,0,4.016595,4.043653,1470,7.6277
400,0,25,4.096957,4.076705,1447,7.5528
401,25,2,3.969397,4.008940,1416,7.5737
402,2,45,4.009984,4.097748,1409,7.4467
403,45,30,3.977344,4.020892,1445,7.5788
404,30,46,3.964431,4.121033,1252,6.8079
405,46,1,4.114282,3.950267,1426,7.4622
406,1,47,4.129040,4.229782,1413,7.4662
407,47,56,4.045767,4.114005,1425,7.5361
408,56,34,4.092927,4.120729,1447,7.5647
409,34,7,4.202623,4.271454,1469,7.6161
410,7,22,3.928642,3.984940,1418,7.4970
411,22,35,3.929740,4.052839,1402,7.4602
412,35,53,3.772657,3.781180,1273,6.9397
413,53,0,4.096783,4.157218,1425,7.5233
414,0,25,3.953167,4.058065,1428,7.4556
415,25,36,3.525528,3.607582,1395,7.3917
416,36,29,3.813547,3.911496,1439,7.5623
417,29,23,3.921681,3.905336,1389,7.3656
418,23,29,3.768482,3.853660,1419,7.4997
419,29,23,3.845963,3.828070,1405,7.4524
420,23,29,3.695644,3.774982,1412,7.5141
421,29,48,3.916371,3.965801,1444,7.5645
422,48,51,4.064858,4.044186,1441,7.5596
423,51,16,4.201716,4.091388,1432,7.5747
424,16,21,4.082342,3.997928,1435,7.5870
425,21,9,4.139278,4.141335,1439,7.5764
426,9,44,4.383314,4.410718,1434,7.5355
427,44,35,3.999762,4.122784,1428,7.5338
428,35,53,3.656383,3.735760,1327,7.0260
429,53,11,3.893354,3.917367,1291,6.9278
430,11,45,3.979313,4.012117,1425,7.5609
431,45,30,3.991361,3.988752,1365,7.2700
432,30,31,4.262026,4.245282,1419,7.5401
433,31,54,4.180651,4.175466,1369,7.2978
434,54,25,3.517336,3.547428,1446,7.5882
435,25,2,3.936538,3.943582,1334,7.2335
436,2,45,3.955598,4.062994,1356,7.3051
437,45,62,4.025835,3.961183,1441,7.5983
438,62,21,4.259297,4.220960,1397,7.4803
439,21,47,4.172478,4.159352,1442,7.4762
440,47,51,4.147852,4.145326,1378,7.3003
441,51,16,4.163378,4.051089,1394,7.3872
442,16,23,4.213999,4.181415,1387,7.4271
443,23,29,3.651021,3.755396,1313,7.0828
444,29,48,3.890895,3.918109,1346,7.1771
445,48,25,3.862177,3.977713,1439,7.5786
446,25,29,3.684828,3.877535,1453,7.6178
447,29,11,4.106872,4.088553,1454,7.5741
448,11,45,3.898022,3.980107,1402,7.4104
449,45,30,3.977855,3.950924,1465,7.5784
450,30,46,3.980633,4.085815,1424,7.5208
451,46,46,3.372531,3.091582,1420,7.5530
452,46,47,4.223584,4.284218,1448,7.5769
453,47,51,4.137529,4.115118,1423,7.5106
454,51,29,3.994212,4.123202,1453,7.5678
455,29,23,3.818537,3.738079,1389,7.3329
456,23,29,3.597355,3.665450,1460,7.5942
457,29,11,4.030661,4.037044,1435,7.5552
458,11,45,3.893831,3.952422,1396,7.4504
459,45,63,4.289363,4.306339,1373,7.3876
460,63,18,3.914609,3.966308,1394,7.4548
461,18,12,4.363304,4.346013,1379,7.3137
462,12,20,4.168927,4.077626,1448,7.5889
463,20,10,3.994950,3.873422,1457,7.5954
464,10,11,4.034649,4.080644,1257,6.7922
465,11,45,3.848617,3.913250,1398,7.4670
466,45,30,3.907424,3.914378,1362,7.2252
467,30,31,4.209322,4.219349,1445,7.6065
468,31,12,4.250435,4.214469,1388,7.3552
469,12,35,3.955078,3.983418,1435,7.5765
470,35,8,3.873948,3.997603,1431,7.5776
471,8,41,4.013135,4.104485,1423,7.5358
472,41,30,4.012936,3.991027,1453,7.5683
473,30,31,4.184976,4.186707,1468,7.6203
474,31,54,4.244968,4.134379,1433,7.5861
475,54,25,3.448117,3.518357,1411,7.4947
476,25,29,3.576094,3.807381,1370,7.2160
477,29,23,3.739937,3.657027,1439,7.5383
478,23,29,3.490855,3.575535,1380,7.3888
479,29,23,3.660044,3.567489,1346,7.1427
480,23,29,3.382163,3.479564,1424,7.4919
481,29,11,4.000025,4.009282,1452,7.5810
482,11,42,3.681925,3.828749,1357,7.2430
483,42,54,3.759282,3.888689,1408,7.5231
484,54,25,3.410153,3.482723,1335,7.3430
485,25,2,3.823935,3.879558,1433,7.5604
486,2,45,3.859197,4.021748,1415,7.4914
487,45,30,3.885080,3.872044,1336,7.2101
488,30,31,4.139079,4.148649,1404,7.5113
489,31,12,4.185126,4.172669,1270,6.9351
490,12,20,4.116318,4.051688,1371,7.4144
491,20,10,3.989886,3.844311,1455,7.6180
492,10,2,4.058836,3.968009,1425,7.4924
493,2,12,3.945566,4.119746,1403,7.3957
494,12,35,4.018052,3.958806,1408,7.5299
495,35,53,3.652746,3.687696,1358,7.4043
496,53,17,4.130602,4.110563,1449,7.5853
497,17,7,4.043863,4.027360,1404,7.3963
498,7,31,4.139615,4.178252,1404,7.4203
499,31,12,4.126883,4.143788,1465,7.5748
500,12,43,4.283482,4.303477,1464,7.6409
501,43,11,4.194135,4.156917,1423,7.5433
502,11,42,3.633024,3.802375,1456,7.5947
503,42,54,3.712711,3.833687,1456,7.5681
504,54,0,3.942295,4.017099,1361,7.2502
505,0,60,3.897582,3.929091,1468,7.5778
506,60,38,4.167242,4.154973,1432,7.5568
507,38,2,3.940402,3.962189,1355,7.2929
508,2,45,3.810545,3.976539,1359,7.2415
509,45,30,3.906778,3.831567,1457,7.5677
510,30,31,4.059356,4.106572,1284,6.9450
511,31,30,4.020405,4.028994,1386,7.4035
512,30,46,3.817493,4.022642,1437,7.5610
513,46,47,4.170572,4.239007,1375,7.2990
514,47,22,3.960286,3.993952,1429,7.5409
515,22,47,3.953746,3.943593,1446,7.5755
516,47,56,3.979070,4.079887,1440,7.5741
517,56,6,4.089489,4.046619,1451,7.5845
518,6,32,3.750559,3.761571,1441,7.5710
519,32,9,4.060029,4.188633,1403,7.4614
520,9,3,3.907202,4.070854,1224,6.7479
521,3,39,4.071499,4.114281,1385,7.3388
522,39,15,4.170729,4.195825,1412,7.4038
523,15,19,4.056485,4.092858,1424,7.5645
524,19,51,4.156377,4.115360,1399,7.4152
525,51,29,3.940164,4.074252,1463,7.6241
526,29,11,3.931714,3.947519,1353,7.3014
527,11,45,3.764127,3.885664,1418,7.4765
528,45,30,3.839669,3.788918,1351,7.2849
529,30,31,3.974684,4.038031,1430,7.5329
530,31,12,4.080517,4.104484,1394,7.4271
531,12,35,3.966033,3.938477,1459,7.5763
532,35,0,4.209235,4.229871,1369,7.4170
533,0,25,3.863723,3.963952,1294,7.1413
534,25,36,3.593380,3.549700,1345,7.2506
535,36,29,3.592312,3.785140,1441,7.5645
536,29,23,3.558717,3.478495,1418,7.4794
537,23,29,3.278320,3.376539,1267,6.8388
538,29,48,3.749451,3.832357,1476,7.6099
539,48,25,3.697145,3.909162,1433,7.5818
540,25,36,3.506499,3.483090,1379,7.4375
541,36,34,3.952558,3.810312,1382,7.2268
542,34,40,3.980607,3.963628,1327,7.2803
543,40,57,4.150468,4.243358,1407,7.4971
544,57,52,3.978870,4.073445,1360,7.3068
545,52,22,4.304074,4.261477,1402,7.4333
546,22,35,3.843797,4.012953,1353,7.2046
547,35,0,4.144177,4.195844,1420,7.5885
548,0,21,4.011799,4.087569,1379,7.3649
549,21,48,4.038945,4.096363,1383,7.3256
550,48,25,3.737664,3.856626,1337,7.2532
551,25,2,3.752737,3.841012,1397,7.3945
552,2,12,3.963991,4.088529,1388,7.4407
553,12,43,4.278867,4.276096,1377,7.3733
554,43,51,4.119145,4.139165,1372,7.3246
555,51,16,4.153560,4.013159,1441,7.5741
556,16,21,4.041618,3.956361,1291,7.2180
557,21,48,3.987683,4.071536,1358,7.3663
558,48,25,3.556155,3.800701,1460,7.6265
559,25,36,3.451050,3.410870,1407,7.5064
560,36,21,4.019824,3.928764,1457,7.6328
561,21,48,3.942129,4.027138,1447,7.5959
562,48,6,4.247645,4.262864,1460,7.6978
563,6,32,3.775907,3.724805,1415,7.4630
564,32,9,3.973741,4.151853,1414,7.5262
565,9,3,3.863780,4.023259,1445,7.6144
566,3,39,4.035381,4.081941,1342,7.1592
567,39,44,4.057443,4.099285,1328,7.0605
568,44,35,3.989823,4.079377,1404,7.3918
569,35,53,3.610929,3.641740,1457,7.6212
570,53,17,4.093539,4.069671,1472,7.6306
571,17,2,4.365294,4.369528,1325,7.0663
572,2,12,3.931390,4.053160,1385,7.3103
573,12,20,4.192695,4.041863,1448,7.5878
574,20,10,3.968751,3.816070,1416,7.5272
575,10,21,4.386949,4.314465,1290,6.9973
576,21,47,4.203549,4.152873,1396,7.3865
577,47,56,3.959533,4.045388,1358,7.2251
578,56,34,4.046628,4.087112,1250,6.8935
579,34,40,3.914339,3.919413,1331,7.1149
580,40,57,4.156086,4.204078,1279,6.8676
581,57,52,3.917751,4.025450,1471,7.6125
582,52,21,3.970362,4.045064,1352,7.2540
583,21,9,4.060423,4.131785,1284,6.9572
584,9,3,3.813823,3.985657,1449,7.5838
585,3,39,4.010348,4.049813,1455,7.5783
586,39,44,3.990053,4.056826,1423,7.5143
587,44,27,4.345705,4.299367,1418,7.5258
588,27,2,4.202123,4.115937,1349,7.1967
589,2,54,3.794400,3.870500,1418,7.6075
590,54,0,3.987676,4.010214,1470,7.5932
591,0,25,3.765601,3.877338,1451,7.5636
592,25,2,3.691884,3.792810,1273,6.9306
593,2,54,3.817088,3.803041,1437,7.5621
594,54,25,3.323745,3.400236,1418,7.5182
595,25,2,3.595887,3.712572,1334,7.1700
596,2,12,3.938860,4.019109,1438,7.5626
597,12,35,3.947442,3.908961,1454,7.5968
598,35,53,3.570451,3.594343,1388,7.4704
599,53,11,3.891484,3.863517,1413,7.5068
600,11,45,3.771725,3.855045,1434,7.5652
601,45,30,3.821898,3.747416,1447,7.6084
602,30,46,3.817553,3.979440,1346,7.3447
603,46,46,3.281508,2.947496,1423,7.5461
604,46,46,3.170285,2.861378,1432,7.5444
605,46,1,4.059308,3.920699,1418,7.5457
606,1,32,3.819617,3.944911,1442,7.5447
607,32,27,4.083400,4.100950,1373,7.3382
608,27,20,4.183882,4.248561,1428,7.5779
609,20,10,3.879722,3.790525,1389,7.3424
610,10,2,4.074381,3.957465,1439,7.5653
611,2,45,3.889450,3.942274,1451,7.5917
612,45,30,3.778123,3.705486,1434,7.5373
613,30,31,3.946603,4.005483,1336,7.1048
614,31,12,4.182623,4.090439,1365,7.2817
615,12,20,4.108982,4.015353,1413,7.5040
616,20,10,3.839874,3.761270,1280,6.9935
617,10,11,4.061824,4.060347,1405,7.3867
618,11,42,3.616815,3.790861,1400,7.4594
619,42,45,3.608693,3.721874,1457,7.6053
620,45,30,3.724827,3.657198,1423,7.5573
621,30,31,3.903319,3.962502,1409,7.5153
622,31,30,3.895573,3.869017,1423,7.5403
623,30,31,3.794644,3.873990,1439,7.5617
624,31,54,4.251275,4.127892,1444,7.6037
625,54,44,4.503435,4.397324,1444,7.5963
626,44,36,4.370386,4.158397,1393,7.3999
627,36,34,3.930729,3.767077,1410,7.5262
628,34,35,4.166059,4.145510,1438,7.5871
629,35,53,3.567948,3.549748,1402,7.4830
630,53,17,4.052551,4.026437,1444,7.6031
631,17,2,4.353942,4.358708,1354,7.1634
632,2,12,3.907854,4.003492,1374,7.4024
633,12,20,4.077856,3.982773,1333,7.1696
634,20,10,3.799402,3.733760,1312,7.0139
635,10,2,4.062182,3.929218,1445,7.5584
636,2,12,3.886139,3.966126,1447,7.5829
637,12,35,3.888270,3.902276,1400,7.3886
638,35,0,4.151984,4.172670,1423,7.5087
639,0,60,3.921227,3.918149,1445,7.5717
640,60,38,4.117315,4.126876,1454,7.5929
641,38,54,4.006505,4.121766,1176,6.5187
642,54,25,3.277774,3.388409,1373,7.3015
643,25,36,3.485891,3.378952,1436,7.6252
644,36,34,3.879231,3.719607,1396,7.3371
645,34,40,3.912195,3.881868,1426,7.5575
646,40,25,3.798821,4.035906,1391,7.5195
647,25,29,3.501574,3.664345,1439,7.5737
648,29,11,3.941168,3.940419,1309,7.2829
649,11,45,3.659189,3.801238,1401,7.4860
650,45,63,4.374826,4.343072,1443,7.5575
651,63,6,4.311940,4.222262,1389,7.4151
652,6,56,4.033525,4.048885,1295,7.0347
653,56,1,4.002746,3.991601,1327,7.2993
654,1,19,4.328918,4.181408,1380,7.3591
655,19,51,4.115501,4.079919,1378,7.4450
656,51,16,4.086002,3.970750,1461,7.6216
657,16,21,3.960728,3.922542,1414,7.5186
658,21,48,3.921844,4.014509,1480,7.6333
659,48,51,4.049308,4.051057,1364,7.3298
660,51,29,3.903944,4.011753,1440,7.5758
661,29,11,3.853128,3.866895,1444,7.5590
662,11,45,3.668150,3.761512,1444,7.5754
663,45,63,4.316031,4.300571,1294,6.9984
664,63,6,4.219055,4.189631,1407,7.4499
665,6,32,3.713122,3.688437,1343,7.1290
666,32,9,3.938625,4.121335,1425,7.5489
667,9,3,3.860517,3.937314,1386,7.3632
668,3,41,4.169028,4.206537,1446,7.5752
669,41,30,4.002036,3.990776,1360,7.3775
670,30,46,3.746888,3.875330,1302,7.0125
671,46,46,3.111035,2.734702,1436,7.5458
672,46,46,2.980978,2.633714,1409,7.4648
673,46,47,4.132440,4.203677,1417,7.4952
674,47,56,3.910878,4.012393,1432,7.5317
675,56,34,4.021995,4.043529,1403,7.4530
676,34,35,4.094407,4.109035,1386,7.3125
677,35,53,3.497724,3.506408,1393,7.4235
678,53,17,3.954764,3.976827,1462,7.5729
679,17,2,4.470083,4.334249,1453,7.5858
680,2,12,3.821530,3.936910,1344,7.3293
681,12,20,4.056871,3.945977,1273,6.9031
682,20,10,3.731513,3.706661,1312,7.1878
683,10,2,4.050678,3.891336,1436,7.5326
684,2,12,3.770552,3.900019,1383,7.3682
685,12,35,3.901122,3.882790,1388,7.4296
686,35,8,3.885493,3.991976,1426,7.5455
687,8,41,4.000173,4.062161,1427,7.4524
688,41,6,4.009597,4.019025,1391,7.4420
689,6,56,4.013717,4.018836,1329,7.1890
690,56,34,4.016566,4.006171,1460,7.5462
691,34,7,4.136514,4.245596,1439,7.5604
692,7,31,4.038579,4.096745,1378,7.2972
693,31,12,4.126229,4.105997,1395,7.3800
694,12,35,3.825120,3.841558,1455,7.5586
695,35,8,3.835693,3.948197,1439,7.5900
696,8,56,4.139639,4.148160,1387,7.4080
697,56,1,3.952169,3.969545,1428,7.5367
698,1,19,4.258240,4.142786,1454,7.5953
699,19,24,4.038530,4.085616,1433,7.5878
700,24,0,4.273136,4.282819,1367,7.2962
701,0,60,3.885115,3.898748,1312,7.0886
702,60,36,4.117996,4.133764,1387,7.4197
703,36,29,3.504378,3.645071,1291,6.9515
704,29,23,3.535293,3.413578,1402,7.3468
705,23,29,3.193238,3.280782,1416,7.5353
706,29,11,3.798869,3.801787,1357,7.2622
707,11,24,4.149964,4.069325,1411,7.5714
708,24,0,4.217474,4.237412,1401,7.4233
709,0,25,3.731099,3.884873,1425,7.4878
710,25,2,3.657087,3.726036,1380,7.4231
711,2,45,3.884414,3.909101,1407,7.5213
712,45,30,3.716679,3.629508,1307,7.0414
713,30,27,4.451379,4.398065,1318,7.1107
714,27,2,4.214442,4.121223,1401,7.4900
715,2,12,3.777210,3.863948,1457,7.6284
716,12,35,3.758957,3.805221,1346,7.1706
717,35,0,4.031586,4.077248,1399,7.4887
718,0,25,3.666623,3.868669,1468,7.5643
719,25,2,3.580188,3.654864,1410,7.5018
720,2,12,3.741160,3.807884,1430,7.5749
721,12,43,4.350301,4.315753,1319,7.1082
722,43,51,4.082739,4.108826,1175,6.5101
723,51,16,4.048663,3.926428,1368,7.2606
724,16,23,4.129735,4.167547,1384,7.4463
725,23,0,4.062652,4.140228,1450,7.5964
726,0,25,3.701791,3.823146,1437,7.5671
727,25,29,3.328463,3.528616,1365,7.2956
728,29,48,3.644581,3.713547,1353,7.2451
729,48,25,3.405604,3.649035,1461,7.5926
730,25,2,3.481123,3.578241,1409,7.4775
731,2,45,3.931434,3.862080,1378,7.4071
732,45,30,3.676356,3.588045,1452,7.5867
733,30,46,3.712260,3.776241,1381,7.3545
734,46,47,4.062795,4.133148,1199,6.7213
735,47,56,3.837053,3.973219,1360,7.3253
736,56,6,4.024367,3.972151,1316,7.0423
737,6,56,3.943592,3.947701,1441,7.5472
738,56,1,3.936359,3.924843,1448,7.5568
739,1,47,4.061942,4.115379,1440,7.5893
740,47,56,3.795804,3.925053,1491,7.6096
741,56,34,3.962531,3.967629,1387,7.3629
742,34,40,3.862063,3.844912,1432,7.5756
743,40,57,3.993876,4.153472,1460,7.5890
744,57,52,3.882421,3.969336,1378,7.3998
745,52,21,3.925134,4.002133,1437,7.5718
746,21,47,4.255347,4.171747,1414,7.5352
747,47,56,3.742978,3.899767,1433,7.4954
748,56,1,3.850167,3.881301,1445,7.5919
749,1,32,3.789214,3.892437,1434,7.5870
750,32,9,3.865338,4.071929,1433,7.5760
751,9,44,4.325285,4.372290,1407,7.4828
752,44,35,4.001902,4.081974,1281,6.9008
753,35,8,3.789515,3.909051,1355,7.2865
754,8,41,3.939984,4.009556,1438,7.5654
755,41,6,4.005041,3.991321,1434,7.5365
756,6,22,3.943866,4.011934,1430,7.5559
757,22,35,3.721067,3.994912,1421,7.5366
758,35,53,3.521446,3.477960,1440,7.5898
759,53,17,3.889400,3.929161,1444,7.5981
760,17,7,3.992111,3.986708,1419,7.4825
761,7,31,3.977224,4.058157,1372,7.3404
762,31,54,4.246563,4.127245,1462,7.6237
763,54,25,3.217226,3.365536,1423,7.5278
764,25,2,3.395958,3.481079,1430,7.5404
765,2,12,3.645832,3.741096,1442,7.5744
766,12,35,3.754295,3.768053,1432,7.5683
767,35,53,3.440730,3.432823,1404,7.5721
768,53,11,3.914720,3.817536,1460,7.5791
769,11,45,3.607936,3.735398,1409,7.4971
770,45,30,3.623676,3.535794,1449,7.5798
771,30,46,3.627279,3.731389,1449,7.5905
772,46,47,3.996049,4.075011,1333,7.1898
773,47,56,3.759380,3.865884,1436,7.4868
774,56,34,3.928439,3.931547,1429,7.5373
775,34,40,3.825884,3.801614,1392,7.3832
776,40,25,3.775656,4.008267,1442,7.5474
777,25,29,3.187547,3.450220,1264,7.0195
778,29,11,3.709687,3.752397,1341,7.2755
779,11,45,3.673164,3.691695,1403,7.4904
780,45,30,3.512018,3.484539,1362,7.3893
781,30,46,3.548050,3.680288,1431,7.5723
782,46,1,4.026915,3.878414,1453,7.5149
783,1,32,3.762273,3.865833,1276,7.1017
784,32,9,3.827225,4.024399,1338,7.1857
785,9,3,3.764281,3.877784,1382,7.4306
786,3,39,3.967529,3.999279,1456,7.6269
787,39,44,3.946425,4.011094,1404,7.5101
788,44,27,4.274655,4.251881,1408,7.5027
789,27,20,4.164380,4.242777,1432,7.5876
790,20,3,4.166332,4.139285,1466,7.6302
791,3,39,3.896608,3.968028,1441,7.5972
792,39,44,3.871771,3.969885,1397,7.4747
793,44,35,3.910968,4.049644,1295,7.0077
794,35,8,3.823350,3.866049,1437,7.6517
795,8,56,4.062845,4.074817,1439,7.5795
796,56,34,3.888725,3.890627,1450,7.5497
797,34,40,3.761471,3.758685,1415,7.4959
798,40,25,3.676996,3.966498,1456,7.6164
799,25,36,3.371006,3.344654,1386,7.2784
800,36,29,3.317034,3.488378,1429,7.5657
801,29,11,3.657709,3.675128,1399,7.4515
802,11,42,3.779329,3.805629,1451,7.5844
803,42,45,3.461322,3.576955,1384,7.4320
804,45,62,4.220299,4.075853,1387,7.3389
805,62,21,4.132462,4.183941,1357,7.2274
806,21,47,4.226154,4.152075,1418,7.5452
807,47,51,4.154238,4.126031,1408,7.4565
808,51,16,3.968641,3.884527,1385,7.5276
809,16,21,3.841346,3.878420,1357,7.1595
810,21,9,3.952391,4.085207,1318,7.1926
811,9,3,3.625718,3.842177,1438,7.6012
812,3,39,3.859761,3.924751,1340,7.0654
813,39,44,3.823948,3.925315,1331,7.2090
814,44,35,3.902905,4.017435,1431,7.5601
815,35,53,3.406621,3.379640,1407,7.5290
816,53,0,3.910587,3.997106,1393,7.4044
817,0,25,3.652543,3.805961,1433,7.6143
818,25,36,3.279531,3.264416,1456,7.6191
819,36,29,3.177256,3.391417,1443,7.5769
820,29,11,3.566310,3.601764,1352,7.2920
821,11,24,4.080026,4.039205,1471,7.6042
822,24,4,4.117625,4.054355,1372,7.4271
823,4,19,4.081098,4.095799,1346,7.3586
824,19,51,4.034224,4.066560,1397,7.3842
825,51,51,3.364578,3.005413,1384,7.3014
826,51,16,3.890635,3.842049,1463,7.6037
827,16,21,3.874512,3.842581,1465,7.5937
828,21,9,3.909846,4.051027,1435,7.5554
829,9,15,3.866470,3.758053,1320,7.2460
830,15,49,4.012449,3.997452,1396,7.5005
831,49,43,4.116572,4.163563,1446,7.5931
832,43,51,3.977259,4.064806,1372,7.2474
833,51,16,3.857641,3.789629,1378,7.2852
834,16,21,3.808420,3.809870,1448,7.5902
835,21,9,3.829834,4.017289,1320,7.2467
836,9,44,4.262970,4.347574,1320,7.2917
837,44,35,3.835623,4.002477,1411,7.3948
838,35,8,3.808595,3.809593,1374,7.3922
839,8,41,3.909009,3.965368,1331,7.1717
840,41,6,3.953398,3.965964,1441,7.5967
841,6,56,3.814971,3.901478,1431,7.4892
842,56,6,3.984278,3.866402,1439,7.6242
843,6,32,3.687207,3.636465,1428,7.5546
844,32,61,4.175094,4.142873,1444,7.5874
845,61,34,4.154688,4.240840,1448,7.5931
846,34,7,4.019200,4.193587,1442,7.5897
847,7,16,4.014308,4.035628,1454,7.6070
848,16,21,3.757445,3.775640,1426,7.5656
849,21,48,3.851950,3.996599,1401,7.4404
850,48,6,4.415122,4.332809,1405,7.4982
851,6,32,3.678582,3.609026,1438,7.5391
852,32,27,3.996257,4.057331,1398,7.4283
853,27,20,4.131440,4.216323,1408,7.5015
854,20,10,3.734991,3.673841,1323,7.1312
855,10,2,4.015046,3.886321,1400,7.5002
856,2,12,3.610316,3.705036,1381,7.4672
857,12,35,3.897047,3.734855,1384,7.3803
858,35,0,3.978072,4.040233,1429,7.5762
859,0,21,4.228069,4.188453,1389,7.3074
860,21,9,3.794535,3.989525,1395,7.4681
861,9,44,4.215511,4.302951,1376,7.4027
862,44,36,4.511987,4.242437,1411,7.4853
863,36,29,3.158714,3.355145,1234,6.6900
864,29,11,3.452857,3.519780,1369,7.3088
865,11,45,3.574542,3.618724,1423,7.5572
866,45,30,3.489371,3.424663,1450,7.5739
867,30,46,3.551044,3.623888,1376,7.3425
868,46,47,3.937362,4.024915,1143,6.5591
869,47,22,3.896212,3.939294,1280,7.0028
870,22,35,3.636767,3.922617,1386,7.4643
871,35,0,3.878921,3.986216,1441,7.5934
872,0,25,3.618826,3.796871,1463,7.5874
873,25,29,2.949225,3.226954,1387,7.5357
874,29,11,3.379601,3.437808,1394,7.4548
875,11,24,4.115987,4.000881,1390,7.3923
876,24,54,4.079760,4.133371,1409,7.4535
877,54,25,3.161925,3.345036,1396,7.5036
878,25,36,3.253805,3.240331,1415,7.5542
879,36,29,3.003852,3.210429,1467,7.6215
880,29,23,3.527262,3.459623,1428,7.5202
881,23,18,4.174142,4.235024,1461,7.5898
882,18,12,4.482187,4.329605,1421,7.5278
883,12,35,3.845695,3.715055,1407,7.4269
884,35,8,3.765379,3.769263,1264,6.8461
885,8,41,3.850440,3.918598,1468,7.6369
886,41,6,3.919498,3.940706,1342,7.1511
887,6,22,3.861959,3.966170,1435,7.5968
888,22,47,3.910628,3.878258,1455,7.6086
889,47,51,4.093753,4.094710,1317,7.1147
890,51,16,3.856091,3.747583,1425,7.5820
891,16,21,3.738263,3.738893,1404,7.5084
892,21,48,3.851667,3.957621,1323,7.2737
893,48,6,4.375506,4.311715,1459,7.6775
894,6,32,3.681576,3.583040,1408,7.5375
895,32,9,3.705819,4.027784,1416,7.4933
896,9,44,4.138362,4.249924,1431,7.5524
897,44,35,3.907928,4.007948,1405,7.5083
898,35,0,3.923221,3.931379,1363,7.2921
899,0,25,3.575960,3.781887,1413,7.4953
900,25,36,3.162317,3.158470,1400,7.3568
901,36,29,2.913044,3.109069,1424,7.5580
902,29,23,3.433306,3.383105,1472,7.5889
903,23,29,2.984587,3.084015,1433,7.5891
904,29,48,3.574053,3.656011,1470,7.6075
905,48,51,4.133336,4.065210,1370,7.1497
906,51,51,3.255966,2.901051,1406,7.5411
907,51,51,3.147905,2.812138,1421,7.4782
908,51,16,3.760571,3.675076,1447,7.5832
909,16,53,4.200972,4.333066,1402,7.5195
910,53,11,3.897681,3.804398,1440,7.5420
911,11,42,3.878839,3.797761,1382,7.3373
912,42,54,3.644723,3.828293,1404,7.4688
913,54,25,3.216455,3.304246,1381,7.4520
914,25,36,3.078373,3.087025,1430,7.5669
915,36,21,4.089380,3.976942,1423,7.4766
916,21,9,3.711393,3.973922,1370,7.3996
917,9,3,3.672081,3.810241,1434,7.5960
918,3,41,4.130399,4.182658,1311,7.1628
919,41,30,4.066654,4.011081,1228,6.5626
920,30,31,3.878454,3.895816,1402,7.4963
921,31,30,3.839717,3.764889,1146,6.2892
922,30,31,3.790647,3.789188,1391,7.4351
923,31,54,4.227655,4.055446,1400,7.5180
924,54,0,4.118807,4.080351,1390,7.4105
925,0,25,3.892453,3.708123,1396,7.3827
926,25,29,2.749266,3.083208,1410,7.5805
927,29,23,3.363235,3.283134,1413,7.5277
928,23,29,2.859012,2.941291,1437,7.5687
929,29,11,3.358217,3.432251,1468,7.6124
930,11,42,3.735909,3.753042,1466,7.6078
931,42,0,4.018408,4.017141,1406,7.4530
932,0,60,3.937750,3.926533,1393,7.3963
933,60,38,4.055398,4.101704,1454,7.6022
934,38,2,4.090419,3.955362,1216,6.7363
935,2,45,3.741381,3.821995,1465,7.5850
936,45,30,3.476355,3.411491,1415,7.4954
937,30,46,3.383231,3.532846,1381,7.4532
938,46,47,3.850815,3.938527,1360,7.3758
939,47,56,3.716079,3.810182,1161,6.6754
940,56,1,3.882069,3.825840,1436,7.5449
941,1,47,3.891784,3.983805,1383,7.3406
942,47,56,3.605190,3.752001,1452,7.6057
943,56,34,3.813347,3.842835,1488,7.6285
944,34,40,3.752165,3.713324,1306,7.0393
945,40,25,3.690194,3.992061,1442,7.6079
946,25,36,2.977980,3.024339,1434,7.6207
947,36,21,3.950119,3.905053,1480,7.6602
948,21,47,4.319275,4.187177,1438,7.6062
949,47,51,4.056477,4.060705,1271,7.0555
950,51,16,3.681067,3.619952,1412,7.4794
951,16,53,4.183998,4.290421,1465,7.6157
952,53,11,3.931902,3.758492,1441,7.5915
953,11,42,3.754367,3.709457,1442,7.5783
954,42,54,3.582311,3.783143,1437,7.5058
955,54,0,4.007681,4.004766,1473,7.6035
956,0,21,4.120889,4.176237,1460,7.6220
957,21,47,4.249759,4.153156,1351,7.3826
958,47,51,4.006273,4.019232,1375,7.4259
959,51,16,3.587014,3.571476,1417,7.5021
960,16,21,3.843450,3.713108,1419,7.4739
961,21,48,3.733477,3.863893,1332,7.1242
962,48,51,4.090045,4.050765,1419,7.4258
963,51,29,3.910772,3.934380,1442,7.5498
964,29,23,3.298640,3.162158,1435,7.6213
965,23,29,2.765726,2.820365,1433,7.5885
966,29,48,3.447875,3.570942,1463,7.6230
967,48,25,3.270260,3.460196,1456,7.6008
968,25,36,2.867166,2.950204,1431,7.5903
969,36,29,2.670079,2.918964,1441,7.5766
970,29,11,3.319433,3.375127,1474,7.6401
971,11,42,3.685216,3.665701,1439,7.5626
972,42,54,3.592725,3.727486,1454,7.6136
973,54,0,3.974153,3.952196,1339,7.2940
974,0,25,3.442771,3.594428,1449,7.5957
975,25,29,2.609368,2.992224,1436,7.5670
976,29,23,3.142059,3.096086,1443,7.5857
977,23,29,2.608227,2.669041,1429,7.5452
978,29,11,3.202369,3.291367,1394,7.4708
979,11,45,3.680268,3.622597,1432,7.5474
980,45,30,3.393350,3.370350,1441,7.5806
981,30,46,3.335429,3.476779,1340,7.2396
982,46,1,3.963479,3.821828,1331,7.1423
983,1,19,4.167931,4.082504,1151,6.6840
984,19,24,3.947311,4.056624,1464,7.6850
985,24,4,4.129851,4.016465,1431,7.6113
986,4,6,3.998114,4.093523,1415,7.5629
987,6,32,3.613023,3.529217,1400,7.4280
988,32,27,3.998587,3.996671,1401,7.4573
989,27,20,4.129517,4.183308,1339,7.1597
990,20,10,3.724129,3.637221,1460,7.6828
991,10,2,3.989810,3.842017,1460,7.6220
992,2,54,3.955704,3.756839,1256,6.8547
993,54,25,3.331773,3.264800,1417,7.5086
994,25,36,2.826951,2.902084,1350,7.2019
995,36,29,2.528461,2.774883,1407,7.4617
996,29,23,3.068517,2.998120,1410,7.5152
997,23,29,2.458790,2.522827,1446,7.5876
998,29,23,2.913503,2.854284,1437,7.5969
999,23,18,4.286170,4.341389,1410,7.4260
1000,18,18,3.463826,3.081858,1394,7.3909
1001,18,12,4.360331,4.306183,1464,7.6207
1002,12,35,3.727761,3.696811,1401,7.5225
1003,35,0,3.876412,3.886473,1447,7.6419
1004,0,21,4.072375,4.177428,1451,7.6123
1005,21,48,3.632827,3.807352,1432,7.5902
1006,48,51,4.059473,4.024464,1361,7.2969
1007,51,51,3.124816,2.676233,1452,7.6509
1008,51,51,2.979047,2.576318,1453,7.6104
1009,51,29,3.658786,3.785211,1441,7.5849
1010,29,23,2.777461,2.729831,1467,7.6410
1011,23,29,2.229452,2.290002,1338,7.1087
1012,29,11,3.233266,3.257635,1466,7.6089
1013,11,42,3.664075,3.645433,1356,7.2801
1014,42,54,3.539274,3.673496,1359,7.3505
1015,54,0,3.913601,3.905631,1398,7.3903
1016,0,25,3.412225,3.551089,1482,7.6313
1017,25,29,2.480550,2.913025,1371,7.4558
1018,29,23,2.817462,2.632425,1468,7.5889
1019,23,29,2.113019,2.139423,1501,7.6639
1020,29,11,3.207645,3.173165,1436,7.5781
1021,11,45,3.657180,3.594799,1426,7.6261
1022,45,30,3.347079,3.330643,1418,7.5263
1023,30,46,3.238664,3.412229,1365,7.4778
1024,46,46,2.579859,2.149551,1375,7.4396
1025,46,47,3.835469,3.886760,1439,7.5496
1026,47,56,3.558202,3.731506,1214,6.8087
1027,56,6,3.916838,3.848827,1247,6.8773
1028,6,32,3.581629,3.480365,1229,6.8929
1029,32,9,3.679429,4.001014,1247,6.8660
1030,9,15,3.780267,3.670007,1419,7.5932
1031,15,19,3.963360,4.036055,1443,7.5739
1032,19,24,3.988982,4.021062,1414,7.4794
1033,24,0,4.043189,4.169970,1435,7.6016
1034,0,25,3.380148,3.526913,1444,7.5771
1035,25,2,3.574321,3.619732,1373,7.4268
1036,2,12,3.682012,3.736211,1372,7.3736
1037,12,43,4.393790,4.318404,1410,7.5617
1038,43,51,3.854075,4.010683,1415,7.5001
1039,51,51,2.907783,2.447414,1409,7.4590
1040,51,16,3.557550,3.460079,1389,7.4820
1041,16,23,3.960887,4.132398,1442,7.6160
1042,23,29,2.040934,2.123359,1463,7.6094
1043,29,48,3.525508,3.680708,1455,7.6433
1044,48,51,4.061324,3.970359,1456,7.6327
1045,51,29,3.580856,3.652842,1452,7.6160
1046,29,11,3.014779,3.047642,1465,7.6423
1047,11,42,3.646128,3.624116,1450,7.5167
1048,42,0,3.825954,3.851719,1421,7.5155
1049,0,25,3.341495,3.475547,1431,7.6145
1050,25,2,3.489356,3.519866,1415,7.6156
1051,2,54,3.876356,3.676754,1451,7.6414
1052,54,0,3.813852,3.814056,1415,7.5764
1053,0,60,3.939990,3.940653,1338,7.2472
1054,60,44,4.199213,4.094222,1363,7.2295
1055,44,27,4.177374,4.199546,1420,7.5426
1056,27,20,4.101390,4.144194,1332,7.2574
1057,20,3,4.058383,4.076201,1413,7.5805
1058,3,41,4.059769,4.125724,1405,7.5152
1059,41,6,3.855783,3.885721,1332,7.3088
1060,6,32,3.531638,3.434658,1350,7.2491
1061,32,9,3.633778,3.962151,1238,6.8874
1062,9,3,3.603538,3.730652,1446,7.5756
1063,3,39,3.771925,3.862184,1374,7.4404
1064,39,59,4.155446,4.135641,1317,7.2824
1065,59,10,4.247372,4.207398,1288,7.1143
1066,10,11,4.243608,4.200379,1438,7.5658
1067,11,42,3.513504,3.546421,1335,7.0858
1068,42,0,3.729715,3.738346,1354,7.3485
1069,0,25,3.355504,3.376934,1442,7.6020
1070,25,36,2.902089,2.933796,1473,7.6216
1071,36,34,4.222823,3.936208,1427,7.5669
1072,34,40,3.678036,3.665361,1398,7.4530
1073,40,57,4.027717,4.094108,1461,7.5945
1074,57,32,4.206483,4.060681,1271,6.8571
1075,32,9,3.564520,3.896147,1448,7.5713
1076,9,15,3.740375,3.598981,1435,7.5940
1077,15,49,3.925035,3.935565,1436,7.5360
1078,49,43,4.069558,4.119549,1453,7.6397
1079,43,51,3.822367,3.974937,1435,7.5768
1080,51,29,3.552880,3.605251,1332,7.2001
1081,29,11,2.802362,2.932382,1409,7.6046
1082,11,45,3.632130,3.557786,1421,7.5437
1083,45,30,3.304092,3.297958,1400,7.3742
1084,30,31,3.803422,3.800639,1443,7.5702
1085,31,12,4.317061,4.153609,1302,7.0419
1086,12,35,3.737255,3.655131,1412,7.5004
1087,35,0,3.798013,3.826248,1410,7.5746
1088,0,60,3.909200,3.902678,1442,7.5745
1089,60,38,4.042639,4.081550,1403,7.4564
1090,38,2,4.089491,3.916717,1394,7.4849
1091,2,12,3.657778,3.714326,1417,7.5047
1092,12,35,3.636922,3.607228,1452,7.5966
1093,35,0,3.746502,3.743456,1448,7.6248
1094,0,60,3.816920,3.857795,1418,7.5585
1095,60,38,3.983240,4.046714,1437,7.5398
1096,38,54,4.119284,4.110779,1315,6.9528
1097,54,25,3.176891,3.181303,1278,6.9385
1098,25,36,2.784260,2.856956,1360,7.3510
1099,36,29,2.538778,2.750916,1460,7.6084
1100,29,23,2.677871,2.596733,1411,7.4924
1101,23,29,2.090661,2.070688,1455,7.6041
1102,29,48,3.413200,3.612015,1402,7.4792
1103,48,25,3.164736,3.390383,1435,7.5418
1104,25,36,2.692824,2.774559,1468,7.6297
1105,36,21,3.968425,3.908303,1462,7.6108
1106,21,47,4.257100,4.136418,1145,6.2507
1107,47,56,3.558540,3.699404,905,5.1564
1108,56,34,3.765238,3.781633,1338,7.1646
1109,34,7,3.950004,4.141716,1347,7.3343
1110,7,22,3.914728,3.928740,1263,6.8930
1111,22,35,3.612618,3.925116,1403,7.4890
1112,35,0,3.694731,3.687451,1413,7.5355
1113,0,21,4.192400,4.229400,1435,7.5779
1114,21,48,3.522481,3.709558,1400,7.4945
1115,48,51,3.989677,3.926379,1328,7.1708
1116,51,29,3.431724,3.476691,1422,7.4807
1117,29,23,2.531614,2.476110,1450,7.6274
1118,23,29,1.947316,1.967285,1427,7.5833
1119,29,48,3.219767,3.459546,1420,7.4781
1120,48,6,4.601057,4.573185,1445,7.6002
1121,6,56,3.816125,3.800522,1278,7.0432
1122,56,34,3.699430,3.721536,1322,7.2222
1123,34,35,4.303533,4.189618,1348,7.2467
1124,35,8,3.715410,3.731882,1395,7.4338
1125,8,41,3.780810,3.854895,1412,7.4414
1126,41,30,4.077843,4.026679,1429,7.4900
1127,30,31,3.744772,3.728517,1298,7.1039
1128,31,54,4.164832,4.029560,1379,7.3149
1129,54,0,3.756030,3.787792,1451,7.5861
1130,0,21,4.207374,4.175774,1451,7.5802
1131,21,47,4.220476,4.092784,1350,7.3306
1132,47,22,3.866081,3.909564,1379,7.2818
1133,22,35,3.472863,3.862860,1420,7.5286
1134,35,0,3.647793,3.643339,1375,7.4173
1135,0,21,4.123846,4.138924,1417,7.5389
1136,21,9,4.109959,4.082251,1399,7.4884
1137,9,15,3.584128,3.537390,1350,7.2867
1138,15,49,3.870637,3.881993,1332,7.2880
1139,49,43,4.045872,4.069853,1425,7.5960
1140,43,11,4.296131,4.302463,1393,7.3835
1141,11,42,3.466591,3.517474,1301,7.0833
1142,42,0,3.664951,3.704830,1395,7.3335
1143,0,21,4.074605,4.081396,1397,7.5459
1144,21,9,4.050710,4.052843,1329,7.3196
1145,9,15,3.502731,3.481631,1464,7.6383
1146,15,49,3.840340,3.832446,1462,7.6115
1147,49,43,4.046856,4.023745,1430,7.6044
1148,43,46,3.922603,4.058363,1400,7.4689
1149,46,1,3.899631,3.763651,1442,7.5549
1150,1,32,3.747384,3.801769,1439,7.6189
1151,32,9,3.510691,3.876131,1335,7.0888
1152,9,44,4.074213,4.214364,1446,7.5987
1153,44,35,3.846827,4.003064,1328,7.1257
1154,35,0,3.634221,3.599358,1401,7.4788
1155,0,25,3.343898,3.379605,1430,7.6095
1156,25,36,2.671527,2.722513,1304,7.2415
1157,36,34,4.199021,3.969805,1341,7.3983
1158,34,40,3.646608,3.621077,1400,7.5277
1159,40,21,4.080340,4.180684,1445,7.5677
1160,21,48,3.471327,3.626965,1464,7.6145
1161,48,6,4.607799,4.523095,1375,7.3959
1162,6,32,3.545104,3.437149,1359,7.2153
1163,32,9,3.448126,3.834570,1301,7.0252
1164,9,15,3.468330,3.397638,1443,7.5573
1165,15,49,3.827794,3.784385,1240,6.6179
1166,49,50,4.191401,4.085568,1348,7.2977
1167,50,54,4.168127,4.134219,1255,6.8934
1168,54,0,3.694376,3.735734,1419,7.5747
1169,0,60,3.751229,3.847713,1384,7.4178
1170,60,36,3.686306,3.991750,1375,7.3034
1171,36,21,3.700624,3.693777,1436,7.5867
1172,21,48,3.405406,3.547070,1330,7.1911
1173,48,25,3.048612,3.255044,1299,7.0234
1174,25,36,2.577894,2.609802,1409,7.5885
1175,36,29,2.482907,2.718438,1451,7.5878
1176,29,11,2.843167,2.987402,1447,7.5992
1177,11,42,3.382812,3.457685,1375,7.3919
1178,42,0,3.574783,3.621950,1395,7.4070
1179,0,21,3.948173,4.019168,1380,7.3837
1180,21,47,4.199781,4.063015,1420,7.4060
1181,47,22,3.808190,3.884540,1200,6.6549
1182,22,20,4.186593,4.342023,1374,7.3583
1183,20,10,3.702906,3.590962,1347,7.1538
1184,10,11,4.240904,4.184512,1428,7.5852
1185,11,42,3.298550,3.371275,1380,7.3991
1186,42,45,3.246065,3.309018,1401,7.5105
1187,45,30,3.315934,3.269931,1409,7.5498
1188,30,27,4.530017,4.505645,1370,7.4502
1189,27,53,4.163915,4.245987,1445,7.5903
1190,53,11,3.889775,3.800666,1376,7.4586
1191,11,45,3.546779,3.516175,1447,7.5896
1192,45,30,3.222858,3.219909,1450,7.6226
1193,30,31,3.652894,3.690889,1426,7.5407
1194,31,30,3.573997,3.497583,1421,7.6319
1195,30,31,3.537885,3.568527,1376,7.4054
1196,31,54,4.015937,3.936133,1345,7.2846
1197,54,25,3.204271,3.255531,1410,7.4822
1198,25,29,2.600881,3.056817,1328,7.1836
1199,29,11,2.790676,2.923230,1414,7.5071
1200,11,42,3.290281,3.324338,1437,7.5527
1201,42,54,3.661359,3.754701,1355,7.1870
1202,54,25,3.157922,3.186322,1451,7.5759
1203,25,36,2.499240,2.573413,1443,7.6452
1204,36,29,2.310015,2.599882,1435,7.6155
1205,29,11,2.721924,2.819674,1468,7.6289
1206,11,42,3.206821,3.252910,1431,7.5875
1207,42,54,3.584471,3.693285,1406,7.4791
1208,54,25,3.093486,3.116643,1251,7.1218
1209,25,36,2.375062,2.504315,1400,7.6510
1210,36,29,2.226146,2.525980,1439,7.5914
1211,29,11,2.572644,2.715363,1418,7.5535
1212,11,45,3.645480,3.528447,1445,7.6265
1213,45,30,3.229815,3.214442,1401,7.5392
1214,30,31,3.456040,3.503568,1362,7.4049
1215,31,12,4.092999,4.093046,1467,7.5945
1216,12,35,3.707655,3.578862,1431,7.5768
1217,35,0,3.602003,3.552690,1267,6.9489
1218,0,21,3.927556,3.997363,1419,7.5116
1219,21,9,4.217094,4.121824,1413,7.5041
1220,9,3,3.600193,3.698074,1245,6.7485
1221,3,39,3.741827,3.806554,1219,6.6373
1222,39,59,4.080798,4.083027,1443,7.6002
1223,59,10,4.137307,4.170677,1427,7.6167
1224,10,2,4.066014,3.841645,1460,7.6180
1225,2,12,3.656798,3.730677,1473,7.7190
1226,12,35,3.609612,3.530482,1444,7.5626
1227,35,8,3.648794,3.689294,1438,7.5864
1228,8,41,3.714046,3.794362,1436,7.5801
1229,41,30,4.120519,4.041196,1418,7.5341
1230,30,31,3.357554,3.420739,1454,7.6195
1231,31,54,3.949854,3.846567,1314,7.0425
1232,54,25,3.035630,3.110555,1431,7.6211
1233,25,29,2.528612,3.018932,1460,7.6555
1234,29,48,3.152172,3.359227,1476,7.6462
1235,48,25,3.017518,3.240937,1397,7.5338
1236,25,36,2.334645,2.455593,1422,7.6352
1237,36,34,4.371990,4.096456,1401,7.4043
1238,34,7,3.895190,4.121163,1364,7.3553
1239,7,31,4.117099,4.018476,1319,7.1644
1240,31,12,3.865414,4.065246,1386,7.4042
1241,12,20,4.184925,3.998150,1462,7.6178
1242,20,10,3.597355,3.565549,1427,7.6022
1243,10,21,4.482905,4.445535,1453,7.6201
1244,21,48,3.339402,3.534978,1464,7.6180
1245,48,51,4.018717,3.925385,1312,7.0603
1246,51,16,3.495630,3.411864,1432,7.5868
1247,16,53,4.122045,4.254564,1424,7.5371
1248,53,17,3.847715,3.874976,1409,7.4491
1249,17,7,3.840875,3.905150,1409,7.5706
1250,7,31,3.939610,3.980467,1331,7.0911
1251,31,12,3.868299,4.021195,1469,7.6841
1252,12,43,4.457554,4.338341,1438,7.5868
1253,43,51,3.868151,3.962172,1364,7.2136
1254,51,16,3.361544,3.341559,1438,7.5334
1255,16,21,3.985768,3.795898,1342,7.1726
1256,21,9,4.182471,4.085160,1419,7.5474
1257,9,15,3.403132,3.350606,1456,7.5985
1258,15,19,4.058620,4.042254,1445,7.5762
1259,19,51,4.006099,4.104955,1443,7.6291
1260,51,29,3.371100,3.453208,1405,7.4534
1261,29,48,2.869396,3.137509,1255,6.8988
1262,48,51,3.989006,3.902288,1450,7.5964
1263,51,16,3.365571,3.278467,1429,7.5265
1264,16,53,4.146321,4.211463,1363,7.3411
1265,53,17,3.775547,3.820487,1455,7.5816
1266,17,2,4.512053,4.415481,1387,7.3652
1267,2,45,3.800854,3.855681,1416,7.5314
1268,45,63,4.493320,4.462936,1440,7.5651
1269,63,6,4.198321,4.166861,1429,7.5786
1270,6,32,3.451865,3.393027,1434,7.5412
1271,32,27,3.891449,3.953049,1456,7.5411
1272,27,20,4.056320,4.112379,1417,7.5603
1273,20,3,4.008170,4.024117,1450,7.6254
1274,3,10,4.057771,3.983315,1405,7.5305
1275,10,2,4.048203,3.787733,1357,7.1746
1276,2,12,3.651813,3.713985,1452,7.5898
1277,12,35,3.392925,3.430425,1448,7.6072
1278,35,0,3.508598,3.453967,1365,7.3130
1279,0,25,3.108748,3.305191,1472,7.6656
1280,25,36,2.256328,2.403395,1439,7.6159
1281,36,29,2.236565,2.499757,1468,7.6195
1282,29,23,2.732078,2.731955,1450,7.6039
1283,23,29,2.089029,2.022480,1489,7.6718
1284,29,11,2.907019,2.730378,1443,7.6159
1285,11,45,3.507939,3.451982,1460,7.5879
1286,45,62,4.380844,4.250485,1343,7.1709
1287,62,60,4.341575,4.246203,1373,7.3993
1288,60,38,4.022182,4.020262,1461,7.5968
1289,38,50,3.999512,4.005124,1334,7.2883
1290,50,53,4.135720,4.072831,1322,7.2201
1291,53,11,3.885597,3.845128,1460,7.6047
1292,11,42,3.209227,3.271326,1351,7.2222
1293,42,45,2.999429,3.065730,1457,7.6068
1294,45,63,4.428874,4.440400,1407,7.4379
1295,63,47,4.197044,4.157297,1285,7.0166
1296,47,56,3.558769,3.708923,1278,7.0162
1297,56,6,3.927421,3.824229,1265,7.0274
1298,6,32,3.421370,3.343657,1400,7.4671
1299,32,9,3.455312,3.860246,1331,7.1776
1300,9,3,3.475865,3.647954,1333,7.0981
1301,3,41,4.037006,4.103136,1380,7.3959
1302,41,30,4.080702,4.015608,1385,7.2714
1303,30,31,3.323371,3.374499,1435,7.6226
1304,31,30,3.247719,3.214910,1364,7.2713
1305,30,31,3.184575,3.246078,1428,7.5791
1306,31,30,3.075901,3.081300,1419,7.4711
1307,30,46,3.243171,3.244018,1379,7.4087
1308,46,46,2.542462,2.035978,1428,7.5490
1309,46,47,3.842125,3.879549,1459,7.6041
1310,47,22,3.771414,3.853033,1363,7.3309
1311,22,47,3.962556,3.787649,1316,7.2422
1312,47,22,3.704888,3.762079,1441,7.5612
1313,22,35,3.452163,3.821688,1440,7.5685
1314,35,0,3.383179,3.400491,1430,7.5543
1315,0,21,3.927259,4.022479,1371,7.3352
1316,21,48,3.264806,3.467934,1438,7.5617
1317,48,51,3.893725,3.832569,1408,7.4832
1318,51,51,2.718904,2.201226,1416,7.5009
1319,51,16,3.280680,3.193991,1442,7.5907
1320,16,21,4.036322,3.758756,1376,7.3007
1321,21,9,4.221060,4.082767,1359,7.3126
1322,9,15,3.285896,3.290068,1363,7.2784
1323,15,19,3.961867,3.994656,1394,7.5069
1324,19,24,3.974083,3.989042,1320,7.1074
1325,24,54,4.159393,4.190869,1399,7.4829
1326,54,0,3.664079,3.706855,1353,7.2053
1327,0,25,3.061506,3.245154,1423,7.5947
1328,25,36,2.269883,2.370489,1428,7.5726
1329,36,29,2.210755,2.469005,1412,7.5417
1330,29,23,2.703649,2.642895,1441,7.6054
1331,23,29,1.961701,1.925546,1425,7.5661
1332,29,11,2.619140,2.693259,1400,7.4569
1333,11,45,3.328468,3.354434,1377,7.3518
1334,45,30,3.294339,3.274150,1380,7.4308
1335,30,46,3.055724,3.116164,1463,7.6343
1336,46,1,3.828916,3.737028,1365,7.3218
1337,1,47,3.806471,3.887618,1066,6.0843
1338,47,22,3.635666,3.708142,1422,7.5145
1339,22,35,3.416974,3.756547,1255,6.9031
1340,35,0,3.291815,3.342666,1425,7.6150
1341,0,60,3.868710,3.904213,1432,7.5842
1342,60,36,3.586919,3.945732,1453,7.5860
1343,36,21,3.674198,3.730931,1443,7.6069
1344,21,9,4.103465,4.051408,1358,7.2314
1345,9,44,4.025504,4.189605,1318,7.0742
1346,44,35,3.762752,3.988873,1288,7.0822
1347,35,8,3.553915,3.630730,1386,7.3739
1348,8,52,4.261113,4.211024,1440,7.6079
1349,52,21,4.022095,4.082145,1379,7.2995
1350,21,47,4.289625,4.091976,1434,7.5729
1351,47,51,3.996677,3.997463,1412,7.5278
1352,51,29,3.226981,3.252270,1221,6.7844
1353,29,11,2.358903,2.532996,1421,7.5663
1354,11,45,3.228069,3.274709,1420,7.5210
1355,45,30,3.213442,3.232028,1463,7.6065
1356,30,27,4.540471,4.596651,1427,7.5679
1357,27,20,4.024157,4.082286,1371,7.3560
1358,20,10,3.633065,3.513863,1462,7.6546
1359,10,11,4.505269,4.312127,1412,7.5517
1360,11,42,3.159200,3.268241,1416,7.4785
1361,42,45,2.776335,2.866126,1438,7.5941
1362,45,63,4.418056,4.446288,1420,7.4843
1363,63,18,3.889959,3.949895,1391,7.4506
1364,18,18,3.349513,2.968024,1411,7.3660
1365,18,38,3.968870,4.062240,1468,7.6344
1366,38,50,3.979120,3.966261,1326,7.2139
1367,50,33,4.080022,4.098591,1460,7.6279
1368,33,55,3.998579,4.032257,1400,7.4538
1369,55,63,4.280526,4.266284,1408,7.4767
1370,63,18,3.849630,3.908134,1408,7.5132
1371,18,12,4.485658,4.361253,1279,6.8625
1372,12,43,4.400642,4.285913,1452,7.5986
1373,43,46,3.960919,4.056153,1437,7.5641
1374,46,47,3.696843,3.756661,1433,7.6202
1375,47,56,3.530527,3.625946,1355,7.1831
1376,56,34,3.661057,3.683016,1458,7.6906
1377,34,35,4.200320,4.176005,1435,7.5251
1378,35,8,3.485190,3.538596,1345,7.3555
1379,8,41,3.652399,3.735539,1366,7.2699
1380,41,6,3.846343,3.870590,1366,7.3184
1381,6,22,3.855005,3.917608,1428,7.5731
1382,22,20,4.193011,4.340447,1316,7.2209
1383,20,10,3.589393,3.475161,1437,7.5940
1384,10,11,4.495492,4.245533,1322,7.1315
1385,11,42,3.075519,3.155074,1407,7.4788
1386,42,0,3.736683,3.748361,1428,7.6221
1387,0,25,3.130728,3.199840,1403,7.5420
1388,25,36,2.289572,2.332999,1474,7.6327
1389,36,34,4.467958,4.096769,1427,7.6403
1390,34,7,3.840341,4.084151,1393,7.4614
1391,7,31,4.028540,3.957328,1406,7.5089
1392,31,12,3.879788,4.015496,1394,7.4595
1393,12,35,3.487533,3.423827,1438,7.6357
1394,35,0,3.387289,3.309931,1420,7.5956
1395,0,25,2.987897,3.164500,1358,7.2944
1396,25,29,2.736509,3.200678,1463,7.6372
1397,29,11,2.347386,2.530981,1444,7.6681
1398,11,42,2.954662,3.073824,1438,7.5518
1399,42,0,3.699254,3.724790,1440,7.5154
1400,0,25,2.924682,3.061075,1444,7.6301
1401,25,2,3.818651,3.765697,1415,7.5450
1402,2,45,3.742429,3.793337,1452,7.6217
1403,45,30,3.169542,3.192400,1429,7.5805
1404,30,31,3.214714,3.247484,1433,7.6598
1405,31,12,4.013494,3.936835,1424,7.5288
1406,12,35,3.370407,3.358782,1439,7.5708
1407,35,8,3.381818,3.490745,1404,7.5557
1408,8,41,3.589314,3.676346,1306,7.0882
1409,41,6,3.818747,3.827660,1311,7.2333
1410,6,56,3.763922,3.735544,1308,6.9782
1411,56,34,3.655399,3.646737,1434,7.5486
1412,34,40,3.673823,3.575106,1360,7.3485
1413,40,25,3.853138,4.203455,1454,7.5555
1414,25,36,2.153355,2.320310,1424,7.5768
1415,36,34,4.320104,4.019698,1369,7.3152
1416,34,7,3.786205,4.053901,1429,7.5912
1417,7,22,3.839648,3.852566,1393,7.4993
1418,22,35,3.309587,3.749653,1435,7.5772
1419,35,0,3.321886,3.249239,1424,7.5712
1420,0,21,4.017209,4.098093,1389,7.5195
1421,21,9,4.114742,4.001266,1434,7.5519
1422,9,15,3.240359,3.246590,1395,7.5183
1423,15,49,3.704532,3.694219,1404,7.4754
1424,49,50,4.110363,4.016652,1382,7.4372
1425,50,53,4.090854,4.041663,1434,7.6138
1426,53,17,3.795125,3.773573,1404,7.4371
1427,17,7,3.751800,3.856188,1417,7.4662
1428,7,31,4.021598,3.928718,1417,7.4977
1429,31,30,3.102271,3.043882,1423,7.6136
1430,30,46,3.073441,3.068528,1354,7.2837
1431,46,46,2.258227,1.792904,1457,7.6354
1432,46,47,3.632965,3.697808,1404,7.5015
1433,47,51,3.970182,3.964952,1443,7.5776
1434,51,29,3.265890,3.246977,1458,7.6388
1435,29,11,2.303333,2.412702,1428,7.6365
1436,11,45,3.107992,3.200079,1472,7.6029
1437,45,30,3.150281,3.156098,1395,7.4919
1438,30,27,4.502836,4.590209,1439,7.6049
1439,27,2,4.172115,4.156395,1459,7.6429
1440,2,12,3.680209,3.738839,1437,7.5485
1441,12,43,4.322475,4.248715,1446,7.6212
1442,43,11,4.393003,4.333722,1371,7.4044
1443,11,45,2.955831,3.078797,1405,7.4283
1444,45,30,3.075509,3.104099,1390,7.3926
1445,30,31,3.240971,3.237516,1432,7.5882
1446,31,12,3.815113,3.907074,1459,7.5997
1447,12,35,3.184154,3.281681,1432,7.5913
1448,35,53,3.693930,3.645855,1276,6.7706
1449,53,17,3.674499,3.715261,1376,7.3082
1450,17,1,4.248403,4.117296,1449,7.5678
1451,1,47,3.716590,3.818869,1320,7.0183
1452,47,56,3.490144,3.573609,1457,7.6185
1453,56,34,3.597565,3.617521,1396,7.3909
1454,34,7,3.778086,3.984117,1321,7.1245
1455,7,31,4.002577,3.901330,1452,7.5982
1456,31,12,3.695490,3.851313,1469,7.5945
1457,12,35,3.216711,3.196109,1416,7.5160
1458,35,0,3.144183,3.153129,1439,7.6317
1459,0,21,3.996305,4.042031,1321,7.0880
1460,21,48,3.280380,3.454922,1394,7.3502
1461,48,25,3.038285,3.277753,1482,7.6452
1462,25,36,2.078567,2.251286,1429,7.5698
1463,36,21,3.506935,3.614759,1407,7.4872
1464,21,47,4.339627,4.128439,1465,7.6406
1465,47,56,3.376948,3.549967,1441,7.5845
1466,56,34,3.489676,3.554142,1439,7.5206
1467,34,40,3.555090,3.523884,1429,7.5438
1468,40,57,3.954418,4.031929,1391,7.3923
1469,57,59,4.035783,4.083606,1427,7.5464
1470,59,15,3.855794,4.006662,1443,7.6263
1471,15,49,3.661543,3.615121,1483,7.6844
1472,49,50,4.026973,3.968811,1361,7.3257
1473,50,33,3.985278,4.040907,1455,7.6766
1474,33,55,3.947380,3.994174,1394,7.3899
1475,55,63,4.222558,4.229582,1443,7.5770
1476,63,6,4.258003,4.152778,1268,6.9702
1477,6,56,3.725064,3.711654,1341,7.2175
1478,56,34,3.452298,3.489552,1451,7.5922
1479,34,7,3.706222,3.910725,1457,7.6081
1480,7,31,3.922535,3.848167,1394,7.2763
1481,31,54,3.866898,3.901240,1447,7.6282
1482,54,25,3.015798,3.120592,1273,6.9522
1483,25,36,1.965922,2.185029,1380,7.4611
1484,36,29,2.404199,2.694452,1423,7.5600
1485,29,23,2.711639,2.640077,1415,7.7120
1486,23,29,2.098834,1.988320,1183,6.7235
1487,29,23,2.571953,2.479888,1364,7.4716
1488,23,29,1.941642,1.845988,1396,7.4916
1489,29,23,2.394935,2.323521,1418,7.5679
1490,23,29,1.783896,1.717093,1341,7.2344
1491,29,23,2.224021,2.174946,1452,7.6116
1492,23,29,1.664069,1.600563,1457,7.6464
1493,29,48,3.148705,3.358700,1454,7.6782
1494,48,25,3.086445,3.271718,1421,7.5896
1495,25,29,2.575975,3.214332,1440,7.6290
1496,29,23,2.159679,2.103458,1387,7.4469
1497,23,29,1.555531,1.513362,1444,7.6834
1498,29,23,2.029839,1.966038,1426,7.5811
1499,23,29,1.442755,1.423644,1432,7.6191
1500,29,23,1.977614,1.840155,1436,7.5774
1501,23,29,1.355619,1.344616,1454,7.6229
1502,29,11,2.812530,2.828542,1428,7.6070
1503,11,42,3.124863,3.190313,1360,7.1893
1504,42,54,3.885626,3.889451,1422,7.5682
1505,54,25,2.917492,3.042944,1422,7.5448
1506,25,29,2.407598,3.169178,1380,7.4178
1507,29,11,2.677217,2.656996,1396,7.5072
1508,11,24,4.730503,4.682915,1424,7.5403
1509,24,54,4.222956,4.148427,1247,6.8590
1510,54,25,2.888341,3.015374,1440,7.6562
1511,25,36,2.028107,2.240734,1371,7.3474
1512,36,29,2.113922,2.531000,1446,7.5789
1513,29,23,1.903937,1.876336,1367,7.4568
1514,23,18,5.029316,5.223382,1471,7.6734
1515,18,38,3.872188,4.005767,1413,7.5216
1516,38,2,4.104073,3.900639,1411,7.4844
1517,2,54,4.061993,3.809977,1458,7.5878
1518,54,0,3.639708,3.666993,1353,7.3274
1519,0,25,3.269652,3.050580,1431,7.6257
1520,25,36,1.976265,2.180644,1430,7.6427
1521,36,34,4.434514,4.088199,1399,7.3825
1522,34,40,3.516383,3.475523,1250,7.0207
1523,40,57,3.873229,3.990494,1416,7.3716
1524,57,52,3.748245,3.868253,1455,7.6145
1525,52,21,4.115691,4.108406,1445,7.6223
1526,21,9,4.143361,3.987797,1404,7.4844
1527,9,44,3.935342,4.124237,1407,7.5560
1528,44,35,3.727097,3.996019,1279,7.0535
1529,35,8,3.383021,3.447693,1427,7.5427
1530,8,41,3.534291,3.622470,1398,7.4747
1531,41,6,3.801918,3.789625,1331,7.2366
1532,6,32,3.411920,3.275191,1260,7.0315
1533,32,61,4.072666,4.059529,1446,7.5386
1534,61,33,3.998137,4.008002,1228,7.0023
1535,33,11,5.096422,4.510883,1391,7.4587
1536,11,42,3.005064,3.118124,1433,7.5514
1537,42,54,3.754441,3.806227,1439,7.6341
1538,54,25,2.874991,2.879227,1364,7.2793
1539,25,36,1.885267,2.124310,1386,7.5447
1540,36,34,4.256445,3.984079,1418,7.5905
1541,34,35,4.183749,4.123653,1381,7.4240
1542,35,0,3.106780,3.110593,1375,7.5073
1543,0,60,3.954760,3.959607,1427,7.6308
1544,60,38,3.926474,4.003778,1461,7.7117
1545,38,2,4.025855,3.848844,1388,7.4558
1546,2,12,3.688332,3.751483,1411,7.4864
1547,12,35,3.078263,3.149484,1415,7.5701
1548,35,53,3.650358,3.633165,1420,7.4634
1549,53,17,3.584385,3.654716,1447,7.6238
1550,17,7,3.769320,3.824862,1340,7.2333
1551,7,31,3.853194,3.793651,1226,6.5995
1552,31,30,3.041185,3.034526,1384,7.3108
1553,30,31,3.350681,3.167419,1376,7.3866
1554,31,12,3.871190,3.838601,1423,7.5813
1555,12,35,3.028212,3.081716,1408,7.5023
1556,35,8,3.308727,3.401464,1460,7.7143
1557,8,41,3.479125,3.564846,1451,7.6199
1558,41,30,4.156157,4.073037,1447,7.5899
1559,30,46,2.873312,2.964256,1445,7.6262
1560,46,46,2.107959,1.633269,1430,7.6485
1561,46,46,1.907289,1.477492,1435,7.6111
1562,46,47,3.562923,3.649478,1356,7.1895
1563,47,56,3.401431,3.511214,1438,7.5524
1564,56,6,3.857563,3.728857,1449,7.6022
1565,6,32,3.383681,3.224342,1385,7.4297
1566,32,9,3.791204,3.944131,1358,7.2078
1567,9,15,3.183019,3.167007,1435,7.5968
1568,15,39,3.812925,3.956345,1413,7.5817
1569,39,44,3.711718,3.751601,1446,7.6679
1570,44,35,3.738052,3.980475,1443,7.6249
1571,35,8,3.198493,3.313267,1433,7.6565
1572,8,41,3.395346,3.499243,1393,7.5230
1573,41,6,3.716664,3.734380,1382,7.4771
1574,6,32,3.342654,3.173851,1431,7.5411
1575,32,27,3.874220,3.955073,1454,7.6076
1576,27,20,3.982258,4.046646,1374,7.3240
1577,20,3,3.857709,3.950678,1394,7.4653
1578,3,10,3.979942,3.891145,1395,7.4973
1579,10,2,4.001883,3.711309,1444,7.6054
1580,2,45,3.695672,3.808990,1448,7.5804
1581,45,63,4.382071,4.466283,1438,7.5579
1582,63,6,4.276515,4.141601,1437,7.6050
1583,6,32,3.233512,3.143028,1424,7.5392
1584,32,61,3.891376,4.006198,1435,7.5581
1585,61,2,4.349864,4.234537,1282,6.9718
1586,2,12,3.667807,3.747309,1426,7.5437
1587,12,35,2.976309,3.027226,1449,7.6322
1588,35,0,2.990905,3.037398,1343,7.2233
1589,0,25,3.022292,3.039540,1460,7.7006
1590,25,36,1.811816,2.074186,1403,7.4834
1591,36,29,2.191545,2.640919,1436,7.6052
1592,29,23,1.788520,1.767119,1386,7.4299
1593,23,0,5.426979,5.617536,1431,7.6214
1594,0,25,2.971180,2.914850,1420,7.5817
1595,25,36,1.697420,2.031386,1382,7.3940
1596,36,34,4.156073,3.940605,1461,7.6417
1597,34,40,3.475787,3.445842,1379,7.4858
1598,40,25,3.996200,4.190973,1298,6.9400
1599,25,36,1.606652,1.960995,1423,7.5248
1600,36,29,2.178114,2.678824,1471,7.6426
1601,29,23,1.727070,1.697013,1460,7.6886
1602,23,29,1.441187,1.413933,1417,7.5829
1603,29,48,3.305123,3.546997,1455,7.6745
1604,48,25,3.192895,3.457733,1358,7.3970
1605,25,36,1.600257,1.895478,1325,7.2427
1606,36,29,2.054899,2.635504,1440,7.6052
1607,29,11,2.799570,2.851663,1452,7.7503
1608,11,45,3.182656,3.252407,1363,7.3507
1609,45,63,4.370999,4.395968,1422,7.5504
1610,63,18,3.842166,3.884224,1307,7.2600
1611,18,38,3.788231,3.951992,1383,7.3523
1612,38,54,4.192782,4.166966,1389,7.5363
1613,54,25,2.759830,2.874531,1428,7.4880
1614,25,2,4.147486,4.082035,1429,7.6485
1615,2,12,3.639272,3.702483,1458,7.6734
1616,12,35,2.911519,2.975080,1396,7.4889
1617,35,0,2.946426,2.983607,1324,6.9942
1618,0,25,2.921858,2.904540,1400,7.5351
1619,25,36,1.566713,1.916855,1386,7.5685
1620,36,21,3.767255,3.967991,1456,7.7155
1621,21,9,4.142214,3.983277,1352,7.2964
1622,9,15,3.135832,3.119847,1267,6.9653
1623,15,19,4.020319,3.954875,1373,7.4970
1624,19,51,4.103557,4.134399,1376,7.4107
1625,51,51,2.549205,2.094785,1417,7.5979
1626,51,16,3.184255,3.077835,1461,7.6255
1627,16,21,4.024326,3.765600,1363,7.3468
1628,21,9,4.124735,3.937372,1438,7.5879
1629,9,15,3.045761,3.077815,1459,7.6230
1630,15,49,3.548856,3.545702,1366,7.3919
1631,49,48,4.566070,4.352468,1359,7.2832
1632,48,51,4.029731,3.858437,1389,7.4927
1633,51,16,3.027141,3.006888,1461,7.6208
1634,16,21,3.949361,3.702497,1404,7.5273
1635,21,48,3.301668,3.407351,1337,7.1439
1636,48,25,3.243861,3.454318,1453,7.6167
1637,25,36,1.552800,1.861409,1377,7.3762
1638,36,29,2.144544,2.722846,1412,7.6139
1639,29,23,1.942715,1.790384,1395,7.4789
1640,23,29,1.469745,1.413421,1392,7.5413
1641,29,23,1.881096,1.679902,1445,7.6641
1642,23,18,5.025612,5.323517,1429,7.6115
1643,18,38,3.727771,3.913785,1252,6.9662
1644,38,54,4.152850,4.136026,1308,7.1697
1645,54,25,2.679043,2.867870,1409,7.5430
1646,25,36,1.525595,1.836772,1460,7.6694
1647,36,29,2.080516,2.685966,1420,7.5495
1648,29,23,1.668939,1.609500,1403,7.5826
1649,23,18,4.968717,5.234769,1353,7.2290
1650,18,38,3.689573,3.875086,1185,6.4106
1651,38,54,4.141526,4.100433,1311,7.1865
1652,54,25,2.668143,2.852744,1341,7.2994
1653,25,2,4.091028,4.046200,1350,7.3676
1654,2,45,3.690065,3.734143,1462,7.6327
1655,45,62,4.514106,4.434005,1443,7.6866
1656,62,60,4.319747,4.216948,1364,7.3131
1657,60,44,4.123377,4.073573,1359,7.2451
1658,44,27,4.068176,4.108392,1129,6.3977
1659,27,20,3.962530,4.004247,1248,6.9785
1660,20,3,3.796536,3.904696,1462,7.6668
1661,3,39,3.642341,3.705382,1424,7.5497
1662,39,44,3.645290,3.698470,1459,7.6575
1663,44,27,4.014965,4.060863,1413,7.5363
1664,27,20,3.917843,3.967892,1381,7.3964
1665,20,3,3.684027,3.854712,1442,7.6402
1666,3,41,4.007389,4.043736,1444,7.5505
1667,41,6,3.697573,3.690801,1348,7.1713
1668,6,32,3.225960,3.087513,1459,7.6239
1669,32,27,3.813698,3.884727,1468,7.5955
1670,27,20,3.873902,3.930347,1467,7.6348
1671,20,3,3.811908,3.800725,1469,7.6541
1672,3,41,3.937600,3.985820,1473,7.6371
1673,41,30,4.095777,4.057126,1453,7.6728
1674,30,46,2.515796,2.735215,1304,7.1331
1675,46,47,3.391180,3.539853,1426,7.5609
1676,47,56,3.331709,3.439717,1460,7.6055
1677,56,1,3.717854,3.676182,1459,7.6070
1678,1,32,3.645554,3.673073,1439,7.5949
1679,32,9,4.441627,4.077284,1385,7.4424
1680,9,3,3.665009,3.707523,1452,7.6454
1681,3,41,3.882472,3.961401,1197,6.7389
1682,41,30,4.028802,4.026451,1313,7.1199
1683,30,31,2.987284,3.086164,1276,6.8691
1684,31,54,4.076733,3.929139,1436,7.5705
1685,54,25,2.682035,2.817082,1190,6.6330
1686,25,36,1.554561,1.861473,1369,7.4606
1687,36,34,4.206585,4.026001,1346,7.3135
1688,34,40,3.398603,3.396021,1279,7.1011
1689,40,25,3.776053,4.130861,1333,7.1937
1690,25,36,1.458391,1.795971,1413,7.5949
1691,36,29,2.078727,2.733229,1432,7.5453
1692,29,11,2.923360,2.887377,1450,7.5967
1693,11,45,3.134482,3.188853,1414,7.4878
1694,45,30,3.298262,3.300513,1451,7.6051
1695,30,46,2.539177,2.684749,1446,7.6194
1696,46,47,3.290006,3.445863,1445,7.5940
1697,47,22,3.696372,3.707900,1441,7.6027
1698,22,35,3.266413,3.771789,1375,7.2545
1699,35,53,3.699470,3.658131,1353,7.3992
1700,53,17,3.546730,3.606556,1302,7.0051
1701,17,2,4.581141,4.493915,1411,7.5022
1702,2,12,3.620491,3.677187,1474,7.6319
1703,12,35,2.899633,2.937858,1451,7.6503
1704,35,0,2.992706,2.912632,1443,7.6440
1705,0,21,4.145980,4.167802,1431,7.6412
1706,21,47,4.375476,4.082859,1434,7.6294
1707,47,51,3.976067,3.938065,1411,7.4826
1708,51,51,2.493195,1.930795,1424,7.5148
1709,51,29,3.238228,3.317112,1454,7.5881
1710,29,23,1.813947,1.591441,1432,7.5564
1711,23,29,1.444621,1.452186,1389,7.4816
1712,29,23,1.560921,1.496725,1450,7.6740
1713,23,18,4.755367,5.161830,1452,7.6689
1714,18,18,3.118991,2.688732,1354,7.2390
1715,18,12,4.489225,4.443205,1462,7.6108
1716,12,35,2.855139,2.928888,1392,7.4241
1717,35,8,3.153629,3.318900,1370,7.3670
1718,8,52,4.365942,4.349558,1367,7.3493
1719,52,21,4.147656,4.105970,1238,6.6675
1720,21,48,3.351946,3.438544,1262,6.9289
1721,48,25,3.338081,3.493923,1403,7.5858
1722,25,36,1.509293,1.777944,1342,7.2907
1723,36,29,2.059238,2.793187,1455,7.6416
1724,29,11,2.750025,2.838477,1410,7.5179
1725,11,45,3.011995,3.126786,1447,7.6120
1726,45,63,4.239885,4.367319,1427,7.4445
1727,63,6,4.236532,4.156274,1419,7.4346
1728,6,22,3.767036,3.865286,1318,6.9965
1729,22,47,3.750002,3.601585,1314,7.1730
1730,47,56,3.312024,3.380282,1380,7.4667
1731,56,34,3.587415,3.547610,1449,7.6253
1732,34,7,3.837418,3.990936,1413,7.5381
1733,7,31,3.816863,3.780169,1260,7.0349
1734,31,12,3.741968,3.909559,1446,7.5997
1735,12,35,2.835783,2.839417,1435,7.7035
1736,35,0,2.849561,2.814374,1322,7.3070
1737,0,60,4.079209,4.021642,1426,7.6408
1738,60,38,3.913292,3.989516,1423,7.6170
1739,38,50,3.943966,3.909676,1302,7.1069
1740,50,54,4.244930,4.182566,1433,7.6341
1741,54,25,2.809643,2.850666,1397,7.3360
1742,25,2,4.044482,3.991526,1427,7.6071
1743,2,54,4.061633,3.751549,1466,7.5922
1744,54,25,2.849371,2.760608,1459,7.5996
1745,25,29,2.855666,3.397238,1411,7.5693
1746,29,23,1.761079,1.563967,1369,7.4400
1747,23,29,1.444577,1.448682,1424,7.5864
1748,29,48,3.262720,3.585717,1355,7.3742
1749,48,25,3.244570,3.483997,1426,7.5919
1750,25,36,1.550354,1.852725,1412,7.4927
1751,36,34,3.892845,3.899962,1427,7.6704
1752,34,35,4.148988,4.109338,1450,7.6149
1753,35,8,3.100904,3.257029,1209,6.6167
1754,8,56,3.690009,3.749239,1182,6.7193
1755,56,34,3.477346,3.525736,1372,7.5110
1756,34,35,4.093913,3.997829,1379,7.4044
1757,35,0,2.802273,2.718931,1415,7.5036
1758,0,60,3.993156,3.948428,1351,7.5227
1759,60,38,3.991694,3.971662,1435,7.6253
1760,38,2,4.072355,3.812245,1361,7.2641
1761,2,12,3.606826,3.670435,1447,7.6212
1762,12,35,2.732265,2.818291,1425,7.6148
1763,35,0,2.487842,2.612959,1445,7.6531
1764,0,25,3.250351,3.102980,1436,7.6416
1765,25,2,3.888559,3.905273,1419,7.6556
1766,2,12,3.498923,3.616082,1448,7.5742
1767,12,35,2.648127,2.767633,1430,7.5911
1768,35,0,2.372105,2.509450,1424,7.6078
1769,0,25,3.148173,3.039192,1422,7.5979
1770,25,36,1.478914,1.898265,1416,7.5702
1771,36,34,3.702373,3.749471,1422,7.6087
1772,34,7,3.962224,3.985408,1372,7.2896
1773,7,31,3.754709,3.724123,1443,7.6246
1774,31,54,3.919021,3.918483,1444,7.5905
1775,54,25,2.779174,2.762003,1381,7.4207
1776,25,2,3.713535,3.781493,1453,7.6552
1777,2,12,3.472731,3.559854,1427,7.4189
1778,12,20,4.359972,4.187039,1423,7.6040
1779,20,3,3.639920,3.756686,1393,7.5067
1780,3,39,3.567623,3.646443,1253,6.9838
1781,39,44,3.612387,3.632472,1416,7.5437
1782,44,36,5.266730,4.704700,1469,7.6127
1783,36,21,3.820581,3.950911,1435,7.6493
1784,21,47,4.391203,4.078410,1315,7.0170
1785,47,51,3.871060,3.844068,1304,7.1963
1786,51,29,3.359956,3.319604,1409,7.5020
1787,29,23,1.626743,1.472848,1452,7.6494
1788,23,18,4.489569,4.952050,1468,7.6665
1789,18,12,4.508765,4.409489,1369,7.3921
1790,12,35,2.567691,2.775598,1422,7.6531
1791,35,8,3.195141,3.282513,1412,7.5782
1792,8,41,3.411197,3.468217,1383,7.4104
1793,41,6,3.619721,3.651954,1436,7.6561
1794,6,32,3.212678,3.033124,1447,7.5905
1795,32,61,3.795567,3.938026,1447,7.5777
1796,61,33,3.937123,3.938643,1391,7.5190
1797,33,18,4.149440,4.073995,1359,7.3524
1798,18,12,4.340571,4.367143,1461,7.5906
1799,12,20,4.300030,4.106599,1460,7.6797
1800,20,10,3.564394,3.424399,1458,7.6384
1801,10,11,4.169241,4.301660,1467,7.6578
1802,11,24,4.615946,4.476492,1452,7.5889
1803,24,4,4.047087,3.964804,1447,7.6190
1804,4,19,3.921240,4.002293,1440,7.5911
1805,19,38,3.949747,3.965876,1444,7.6138
1806,38,50,3.857816,3.854905,1459,7.6282
1807,50,53,4.069309,4.037348,1462,7.6321
1808,53,11,4.074662,4.009570,1460,7.6190
1809,11,45,2.920716,3.025083,1410,7.4762
1810,45,30,3.311366,3.297475,1444,7.5330
1811,30,46,2.528763,2.671571,1383,7.3743
1812,46,1,3.906014,3.899712,1436,7.6172
1813,1,32,3.528782,3.633949,1384,7.4390
1814,32,27,3.735589,3.805931,1390,7.5245
1815,27,20,3.890928,3.909530,1455,7.6051
1816,20,3,3.814618,3.707240,1393,7.5048
1817,3,39,3.494231,3.601275,1377,7.4062
1818,39,59,3.986641,3.995642,1310,7.1473
1819,59,26,4.087176,4.130562,1394,7.4030
1820,26,52,4.036423,4.038177,1425,7.5585
1821,52,21,4.231689,4.072532,1200,6.8066
1822,21,9,4.180344,3.956381,1392,7.4794
1823,9,15,3.035589,3.020025,1334,7.2312
1824,15,49,3.531304,3.479351,1451,7.6300
1825,49,48,4.358367,4.308488,1337,7.3179
1826,48,51,4.010348,3.840307,1296,7.0641
1827,51,16,2.936805,2.918074,1262,6.9041
1828,16,53,4.049351,4.236185,1417,7.4601
1829,53,0,3.547002,3.581836,1461,7.6214
1830,0,21,4.324415,4.345343,1443,7.6603
1831,21,47,4.234857,4.006275,1382,7.3948
1832,47,56,3.256095,3.390050,1341,7.1846
1833,56,34,3.508250,3.481046,1419,7.5568
1834,34,40,3.686101,3.327232,1452,7.5767
1835,40,57,3.855605,3.965588,1406,7.4921
1836,57,52,3.693945,3.811035,1361,7.3530
1837,52,21,4.276084,4.068022,1452,7.5937
1838,21,48,3.279247,3.374242,1436,7.6027
1839,48,51,3.769501,3.765321,1261,7.0631
1840,51,16,2.877483,2.838972,1419,7.5405
1841,16,21,3.980226,3.691081,1363,7.3114
1842,21,47,4.134697,3.927993,1385,7.4181
1843,47,56,3.174992,3.362688,1460,7.6063
1844,56,1,3.660253,3.573236,1450,7.5680
1845,1,32,3.493739,3.573851,1430,7.5597
1846,32,9,4.372316,4.095821,1428,7.5275
1847,9,3,3.585602,3.639861,1469,7.6741
1848,3,39,3.449435,3.539485,1438,7.5774
1849,39,15,3.480117,3.641639,1437,7.6118
1850,15,49,3.463214,3.398393,1408,7.5487
1851,49,48,4.106185,4.265008,1402,7.5491
1852,48,51,3.679253,3.678393,1444,7.6330
1853,51,16,2.766955,2.770323,1413,7.5710
1854,16,23,3.669358,3.892663,1411,7.4658
1855,23,29,1.529086,1.529899,1440,7.6381
1856,29,23,1.631761,1.461379,1450,7.6299
1857,23,29,1.454467,1.452335,1429,7.6314
1858,29,11,2.781090,2.891069,1368,7.3805
1859,11,42,3.207812,3.309292,1433,7.5519
1860,42,45,2.610540,2.615356,1456,7.6377
1861,45,63,4.172031,4.288963,1436,7.5509
1862,63,47,4.069434,4.165395,1376,7.3567
1863,47,22,3.682553,3.736011,1271,7.1956
1864,22,20,4.154677,4.332098,1313,7.1082
1865,20,3,3.690759,3.677786,1240,6.6739
1866,3,41,3.977481,3.925607,1472,7.6545
1867,41,6,3.553712,3.607108,1425,7.6042
1868,6,32,3.096236,2.967512,1394,7.3834
1869,32,9,4.395862,4.037003,1294,7.1922
1870,9,3,3.350099,3.568183,1414,7.5056
1871,3,39,3.363390,3.475890,1344,7.3970
1872,39,15,3.375058,3.558904,1367,7.1226
1873,15,49,3.369748,3.319816,1436,7.6204
1874,49,48,4.206446,4.200993,1374,7.4584
1875,48,25,3.573638,3.667099,1326,7.2002
1876,25,36,1.725568,2.044154,1423,7.6612
1877,36,29,2.537833,2.867792,1388,7.4904
1878,29,11,2.565628,2.740880,1451,7.7136
1879,11,42,3.094662,3.235387,1418,7.5188
1880,42,45,2.520298,2.514344,1398,7.3914
1881,45,30,3.389312,3.236317,1430,7.5168
1882,30,31,3.295510,3.227567,1463,7.6836
1883,31,12,3.979894,4.023433,1457,7.6489
1884,12,20,4.210890,4.061660,1407,7.5550
1885,20,10,3.548642,3.384476,1382,7.3771
1886,10,2,3.990315,3.756386,1454,7.6067
1887,2,54,4.024768,3.665264,1409,7.4509
1888,54,0,3.869089,3.848010,1433,7.6342
1889,0,60,3.962718,3.928387,1433,7.6485
1890,60,38,3.974539,3.967575,1369,7.1765
1891,38,2,3.976440,3.766803,1362,7.3023
1892,2,12,3.450478,3.544078,1437,7.5473
1893,12,43,4.395507,4.331190,1423,7.5039
1894,43,51,3.837501,3.911243,1461,7.6056
1895,51,16,2.703436,2.672961,1416,7.4650
1896,16,53,4.003253,4.231230,1333,7.1917
1897,53,11,3.963566,3.947489,1395,7.4894
1898,11,45,2.707026,2.876567,1430,7.5747
1899,45,63,4.097675,4.252862,1385,7.4256
1900,63,6,4.288082,4.187641,1410,7.5517
1901,6,32,3.082317,2.941423,1356,7.3186
1902,32,9,4.200070,3.974211,1263,6.9639
1903,9,15,2.824427,2.898598,1389,7.4587
1904,15,49,3.252838,3.234431,1462,7.6781
1905,49,50,4.051446,3.899401,1412,7.4915
1906,50,54,4.202959,4.172543,1373,7.2539
1907,54,25,2.839952,2.758492,1435,7.6709
1908,25,29,2.872112,3.527541,1429,7.6430
1909,29,11,2.560781,2.650214,1360,7.3852
1910,11,45,2.653300,2.785037,1433,7.5789
1911,45,30,3.078467,3.257967,1358,7.2810
1912,30,46,2.408928,2.673354,1407,7.5664
1913,46,1,3.782435,3.753571,1404,7.5261
1914,1,32,3.327362,3.522311,1444,7.6220
1915,32,9,4.261943,3.897580,1426,7.5545
1916,9,15,2.758533,2.827440,1414,7.5157
1917,15,49,3.159991,3.147411,1368,7.4569
1918,49,50,3.977658,3.837092,1251,7.1457
1919,50,53,4.078107,4.016735,1379,7.3860
1920,53,17,3.471811,3.540350,1438,7.6063
1921,17,2,4.679310,4.555984,1497,7.6349
1922,2,45,3.346588,3.591897,1316,7.1097
1923,45,63,4.172383,4.200633,1367,7.2201
1924,63,18,3.914133,3.808810,1292,7.0654
1925,18,12,4.369279,4.334310,1465,7.6468
1926,12,35,2.717270,2.791977,1426,7.5356
1927,35,0,2.392424,2.485732,1394,7.5811
1928,0,21,4.399595,4.349695,1404,7.5665
1929,21,9,4.381006,4.177685,1335,7.0635
1930,9,44,3.895281,4.099882,1381,7.4368
1931,44,35,3.674049,4.026102,1426,7.6363
1932,35,8,3.115728,3.205849,1450,7.6835
1933,8,41,3.419393,3.435121,1387,7.4313
1934,41,6,3.542247,3.568459,1159,6.6274
1935,6,32,3.014484,2.873983,1466,7.5809
1936,32,27,3.684445,3.767190,1390,7.3987
1937,27,20,3.854019,3.888040,1321,7.0841
1938,20,3,3.723648,3.633859,1416,7.5832
1939,3,10,3.842648,3.675128,1433,7.5782
1940,10,2,4.044936,3.691494,1338,7.2824
1941,2,45,3.496767,3.544494,1458,7.6127
1942,45,30,3.477340,3.202785,1324,7.2320
1943,30,31,3.379246,3.249767,1295,7.0909
1944,31,12,3.850883,4.010509,1432,7.6134
1945,12,35,2.725028,2.708810,1440,7.5841
1946,35,0,2.341246,2.438430,1394,7.5885
1947,0,25,3.458486,3.088098,1401,7.5247
1948,25,36,1.718610,2.098401,1439,7.6234
1949,36,29,2.543968,2.736128,1450,7.6757
1950,29,11,2.600105,2.548398,1421,7.6034
1951,11,45,2.487388,2.690886,1312,6.9723
1952,45,63,4.111512,4.131777,1411,7.5119
1953,63,47,4.124163,4.137752,1343,7.2797
1954,47,22,3.642922,3.697112,1422,7.5446
1955,22,35,3.362380,3.828780,1289,7.0020
1956,35,8,3.131081,3.119840,1436,7.7053
1957,8,52,4.608257,4.472051,1236,6.5913
1958,52,22,4.318965,4.171739,1271,6.8323
1959,22,20,4.105001,4.295404,1374,7.4314
1960,20,10,3.463612,3.323519,1432,7.5756
1961,10,11,4.348211,4.386909,1317,7.0827
1962,11,24,4.583910,4.532158,1471,7.6364
1963,24,0,4.229742,4.242431,1333,7.1067
1964,0,21,4.302347,4.242454,1450,7.7222
1965,21,9,4.353591,4.131586,1357,7.3183
1966,9,44,3.810540,4.036688,1367,7.3650
1967,44,36,5.147427,4.583146,1377,7.3353
1968,36,29,2.372556,2.645719,1355,7.2364
1969,29,23,2.016143,1.811066,1415,7.5924
1970,23,29,1.554100,1.508066,1350,7.3960
1971,29,48,3.240604,3.517599,1400,7.4903
1972,48,51,3.611364,3.620037,1360,7.3537
1973,51,51,2.220950,1.678122,1446,7.5783
1974,51,16,2.497874,2.569199,1317,7.2766
1975,16,23,3.403825,3.803839,1302,7.0493
1976,23,29,1.450869,1.471370,1366,7.3877
1977,29,23,1.979639,1.754806,1479,7.6591
1978,23,0,5.861878,6.023183,1409,7.5639
1979,0,60,3.919759,3.875071,1254,7.0572
1980,60,36,3.707411,3.829733,1428,7.5725
1981,36,34,3.527606,3.418680,1388,7.3586
1982,34,35,3.988599,3.986789,1381,7.4999
1983,35,53,4.115064,4.072869,1312,7.3069
1984,53,17,3.398632,3.497454,1396,7.4619
1985,17,7,3.709729,3.797625,1332,7.1943
1986,7,31,3.648000,3.708387,1273,7.1649
1987,31,12,3.799679,3.957159,1428,7.6123
1988,12,43,4.354682,4.249545,1433,7.6024
1989,43,51,3.701747,3.878016,1420,7.5469
1990,51,29,3.201860,3.114449,1438,7.6394
1991,29,23,1.824054,1.604276,1412,7.5521
1992,23,29,1.413042,1.424834,1382,7.4106
1993,29,23,1.697599,1.513586,1403,7.5484
1994,23,29,1.322186,1.361721,1427,7.6038
1995,29,11,2.820892,2.816521,1456,7.5960
1996,11,42,3.198012,3.348632,1378,7.4068
1997,42,54,4.116276,4.002037,1385,7.4372
1998,54,25,2.794604,2.736201,1283,7.0600
1999,25,2,3.752887,3.747912,1402,7.5012
2000,2,12,3.510113,3.572989,1432,7.5625
2001,12,35,2.517288,2.677666,1433,7.5823
2002,35,0,2.323380,2.492051,1433,7.5999
2003,0,21,4.141948,4.090655,1377,7.4501
2004,21,9,4.324419,4.094642,1456,7.5863
2005,9,3,3.370573,3.602505,1239,6.8846
2006,3,39,3.348769,3.431641,1342,7.3367
2007,39,44,3.447317,3.481388,1369,7.3770
2008,44,35,3.790509,4.056770,1381,7.4724
2009,35,0,2.278081,2.414525,1444,7.6905
2010,0,21,3.941114,3.992106,1343,7.3016
2011,21,48,3.403189,3.562299,1372,7.2863
2012,48,51,3.513550,3.544749,1442,7.6079
2013,51,51,2.020506,1.506429,1333,7.2775
2014,51,16,2.536719,2.492385,1426,7.5682
2015,16,21,4.056252,3.793788,1172,6.5836
2016,21,9,4.236732,4.091878,1438,7.5953
2017,9,44,3.677362,3.981960,1219,6.9501
2018,44,35,3.742229,4.032349,1456,7.6471
2019,35,8,3.054412,3.081143,1421,7.6060
2020,8,41,3.367054,3.413226,1466,7.6102
2021,41,6,3.505985,3.511540,1312,7.1979
2022,6,32,2.946246,2.813491,1436,7.5709
2023,32,9,4.432159,4.100372,1222,6.7926
2024,9,3,3.275660,3.555427,1428,7.5895
2025,3,39,3.252956,3.360928,1434,7.5897
2026,39,44,3.365184,3.375797,1466,7.6249
2027,44,36,4.882693,4.576313,1287,7.1785
2028,36,29,2.348843,2.756149,1385,7.4467
2029,29,48,3.125294,3.437157,1444,7.6269
2030,48,51,3.374129,3.445782,1426,7.6502
2031,51,29,3.101809,2.914579,1435,7.5738
2032,29,11,2.502283,2.654172,1436,7.5971
2033,11,42,3.114532,3.241024,1380,7.3990
2034,42,0,4.424718,4.210873,1427,7.5388
2035,0,21,3.919597,3.860972,1384,7.4727
2036,21,9,4.330922,4.114287,1444,7.5766
2037,9,44,3.612786,3.915954,1439,7.6190
2038,44,35,3.846725,4.013087,1393,7.3414
2039,35,8,2.791297,2.967354,1457,7.7248
2040,8,41,3.276043,3.336947,1445,7.6095
2041,41,36,5.273107,5.078854,1330,7.3170
2042,36,34,3.448366,3.212792,1389,7.3285
2043,34,7,3.798911,3.941433,1411,7.5621
2044,7,31,3.657109,3.649218,1370,7.4530
2045,31,54,3.857193,3.902670,1466,7.6663
2046,54,25,2.744240,2.710741,1358,7.2410
2047,25,2,3.583845,3.598047,1465,7.6829
2048,2,12,3.463935,3.520365,1467,7.6187
2049,12,20,4.168577,4.076745,1453,7.6763
2050,20,10,3.424402,3.287400,1418,7.5842
2051,10,2,4.028350,3.696449,1448,7.6160
2052,2,54,3.902872,3.596901,1427,7.5476
2053,54,25,2.688887,2.614406,1413,7.5255
2054,25,29,3.266628,3.698200,1447,7.6760
2055,29,23,1.856081,1.652715,1423,7.6156
2056,23,29,1.452513,1.418221,1428,7.6288
2057,29,11,2.533140,2.572632,1413,7.5766
2058,11,45,2.728301,2.832747,1398,7.5145
2059,45,63,3.938208,3.980825,1354,7.3763
2060,63,47,4.067483,4.102490,1367,7.4142
2061,47,22,3.588216,3.677413,1404,7.5300
2062,22,47,3.855887,3.556511,1374,7.3757
2063,47,56,3.283701,3.363893,1371,7.3679
2064,56,34,3.493491,3.458444,1361,7.4229
2065,34,40,3.558788,3.252908,1332,7.1542
2066,40,21,4.280509,4.356225,1228,6.8222
2067,21,47,4.050553,3.843361,1457,7.6282
2068,47,22,3.550288,3.584017,1212,6.7522
2069,22,35,3.531371,3.830205,1381,7.3471
2070,35,8,2.690678,2.841140,1458,7.7334
2071,8,41,3.197846,3.256793,1269,6.9477
2072,41,36,5.200317,5.011955,1426,7.6102
2073,36,29,2.227243,2.811866,1448,7.6091
2074,29,23,1.804306,1.649295,1413,7.5815
2075,23,18,4.327799,4.807089,1434,7.6106
2076,18,12,4.358081,4.342024,1414,7.6081
2077,12,35,2.589302,2.763616,1453,7.6568
2078,35,53,3.988012,4.045671,1419,7.6470
2079,53,17,3.321856,3.453254,1341,7.2818
2080,17,1,4.235933,4.105566,1441,7.5646
2081,1,19,4.020565,4.046598,1449,7.6409
2082,19,24,4.074975,3.983358,1357,7.4966
2083,24,0,4.018794,4.227153,1392,7.3913
2084,0,21,3.737252,3.743195,1336,7.2737
2085,21,48,3.383896,3.560898,1466,7.6443
2086,48,25,3.790060,3.844551,1467,7.7251
2087,25,36,2.286565,2.529195,1465,7.6786
2088,36,34,3.391665,3.144242,1370,7.4473
2089,34,35,4.047110,4.035110,1384,7.4911
2090,35,0,2.573050,2.581437,1415,7.6156
2091,0,25,3.322330,3.079957,1414,7.5605
2092,25,36,2.097918,2.436999,1300,7.0948
2093,36,29,2.513945,2.818453,1382,7.5103
2094,29,23,1.736305,1.578361,1313,7.2123
2095,23,29,1.416048,1.454819,1425,7.5587
2096,29,11,2.610097,2.596893,1365,7.4177
2097,11,42,3.073663,3.244300,1421,7.4899
2098,42,54,4.077608,4.020213,1310,7.1179
2099,54,25,2.568474,2.595470,1315,7.1052
2100,25,29,2.934832,3.550857,1311,7.0935
2101,29,11,2.417059,2.448200,1321,7.1861
2102,11,42,2.996638,3.162013,1340,7.3260
2103,42,0,4.387810,4.227224,1383,7.4217
2104,0,60,3.906005,3.862936,1422,7.5780
2105,60,36,3.566513,3.793763,1419,7.5175
2106,36,29,2.339962,2.701421,1380,7.3236
2107,29,48,3.047460,3.313156,1416,7.5171
2108,48,51,3.332997,3.401538,1284,6.9944
2109,51,29,3.011416,2.948166,1390,7.2920
2110,29,11,2.287171,2.352694,1449,7.7420
2111,11,42,2.889397,3.054249,1250,7.1388
2112,42,54,4.085903,4.044868,1398,7.4311
2113,54,0,3.722685,3.795801,1414,7.4623
2114,0,25,3.064385,2.863915,1352,7.3279
2115,25,36,2.074294,2.424539,1383,7.5384
2116,36,29,2.358739,2.723809,1442,7.6344
2117,29,11,2.164622,2.245750,1374,7.4908
2118,11,42,2.782746,2.962463,1282,7.0726
2119,42,45,2.329875,2.316248,1316,7.2675
2120,45,62,4.856429,4.761997,1423,7.5711
2121,62,60,4.283291,4.234672,1124,6.3141
2122,60,38,4.048471,3.979315,1432,7.6005
2123,38,2,3.952668,3.709765,1365,7.3833
2124,2,54,3.782288,3.526425,1474,7.6705
2125,54,25,2.564646,2.508367,1432,7.5988
2126,25,36,2.033909,2.362610,1440,7.6183
2127,36,29,2.297250,2.684082,1420,7.5823
2128,29,23,2.123509,1.934498,1402,7.5408
2129,23,29,1.720942,1.567347,1427,7.6059
2130,29,48,2.932467,3.221003,1446,7.5752
2131,48,6,5.568881,5.494077,1268,7.0879
2132,6,56,3.706888,3.673441,1308,7.2155
2133,56,1,3.566196,3.456358,1239,6.8251
2134,1,47,3.540800,3.642640,1282,7.1324
2135,47,56,3.131381,3.303399,1428,7.6007
2136,56,1,3.377952,3.361014,1399,7.5204
2137,1,32,3.200489,3.393004,1298,7.2428
2138,32,9,4.361620,4.044723,1374,7.5101
2139,9,15,2.884587,2.874575,1350,7.4073
2140,15,49,3.090178,3.076988,1366,7.3577
2141,49,43,4.191106,4.106943,1462,7.7045
2142,43,11,4.403953,4.374216,1406,7.4937
2143,11,45,2.640283,2.905419,1374,7.4103
2144,45,30,3.591860,3.291061,1318,7.0214
2145,30,46,2.757525,2.733600,1367,7.4395
2146,46,46,1.674357,1.222982,1390,7.5404
2147,46,47,3.256675,3.396704,1413,7.5614
2148,47,51,3.870926,3.885027,1392,7.3645
2149,51,29,3.138276,2.952018,1414,7.5645
2150,29,48,2.645299,2.979954,1482,7.6892
2151,48,6,5.550696,5.485398,1407,7.6042
2152,6,56,3.607438,3.675141,1440,7.5996
2153,56,34,3.430313,3.443767,1412,7.5990
2154,34,40,3.422036,3.179791,1349,7.1521
2155,40,57,3.733839,3.919653,1399,7.4882
2156,57,32,3.959216,3.842714,1450,7.5722
2157,32,9,4.262666,3.912781,1401,7.4818
2158,9,15,2.738200,2.802198,1459,7.6801
2159,15,19,4.117409,4.043520,1435,7.6075
2160,19,24,4.006864,3.960167,1313,7.2865
2161,24,4,4.034082,3.897094,1368,7.5321
2162,4,23,4.929935,4.339568,1354,7.2365
2163,23,29,1.602801,1.551017,1429,7.6208
2164,29,48,2.522682,2.821392,1382,7.4746
2165,48,25,3.732300,4.014501,1424,7.6274
2166,25,29,3.274481,3.492601,1360,7.2494
2167,29,11,2.325276,2.393330,1418,7.5376
2168,11,42,2.654981,2.881686,1421,7.5609
2169,42,0,4.410666,4.266124,1406,7.4874
2170,0,25,2.942528,2.756529,1379,7.5442
2171,25,29,2.916730,3.424137,1388,7.4304
2172,29,23,2.286184,2.116609,1423,7.6157
2173,23,18,4.158042,4.437005,1378,7.3747
2174,18,38,3.629821,3.887144,1426,7.5739
2175,38,50,3.747352,3.788071,1450,7.6412
2176,50,53,4.061922,4.010368,1386,7.4279
2177,53,17,3.255359,3.385131,1349,7.3521
2178,17,7,3.627492,3.751887,1458,7.6667
2179,7,31,3.610154,3.597396,1290,7.0437
2180,31,12,4.239567,4.036638,1408,7.4853
2181,12,35,2.843153,2.746935,1440,7.6306
2182,35,0,2.618815,2.645292,1345,7.2698
2183,0,21,3.595945,3.719584,1450,7.7022
2184,21,9,4.562802,4.244526,1370,7.3559
2185,9,15,2.682339,2.769986,1402,7.5146
2186,15,49,3.008323,2.988196,1203,6.6926
2187,49,43,4.112349,4.042519,1412,7.6136
2188,43,11,4.745318,4.383589,1449,7.5638
2189,11,24,4.807552,4.787019,1435,7.6050
2190,24,4,3.940473,3.868243,1432,7.5915
2191,4,6,3.784329,4.007633,1400,7.4958
2192,6,32,2.920324,2.881151,1461,7.6199
2193,32,27,3.569111,3.698220,1359,7.2096
2194,27,53,4.052111,4.206482,1441,7.5551
2195,53,17,3.220134,3.321621,1443,7.6335
2196,17,7,3.622658,3.695491,1408,7.4916
2197,7,31,3.371527,3.536838,1417,7.5551
2198,31,54,3.924106,3.969416,1469,7.6192
2199,54,25,2.505376,2.492966,1442,7.5995
2200,25,36,2.162477,2.372102,1442,7.6233
2201,36,34,3.296658,3.275201,1401,7.3960
2202,34,40,3.279899,3.100044,1451,7.6162
2203,40,25,3.805659,4.074722,1232,6.8070
2204,25,36,1.938121,2.246019,1301,7.2257
2205,36,29,2.320763,2.724513,1383,7.4250
2206,29,48,2.410979,2.711075,1428,7.5087
2207,48,25,3.851030,4.001139,1438,7.6895
2208,25,2,3.760338,3.818298,1424,7.6117
2209,2,12,3.505596,3.564217,1332,7.2072
2210,12,35,2.644028,2.695927,1426,7.5130
2211,35,0,2.566566,2.560224,1475,7.7347
2212,0,25,2.986555,2.826742,1413,7.6267
2213,25,29,3.008194,3.274289,1409,7.6519
2214,29,23,2.286820,2.103757,1464,7.6620
2215,23,29,1.744203,1.657926,1413,7.6277
2216,29,23,2.163855,1.964889,1447,7.6660
2217,23,29,1.490981,1.552769,1450,7.6893
2218,29,23,1.989210,1.840055,1397,7.5705
2219,23,29,1.514861,1.470259,1406,7.6002
2220,29,23,1.838806,1.720587,1444,7.6638
2221,23,29,1.442215,1.398738,1432,7.6174
2222,29,48,2.583412,2.929947,1447,7.6317
2223,48,25,3.820254,3.987423,1400,7.5912
2224,25,36,1.996334,2.215667,1310,7.2402
2225,36,34,3.256384,3.255335,1349,7.3558
2226,34,40,3.159673,3.026709,1294,7.0316
2227,40,57,3.767293,3.897692,1382,7.4971
2228,57,52,3.683836,3.763290,1419,7.5934
2229,52,22,4.088226,4.138939,1441,7.6162
2230,22,47,3.318257,3.428481,1393,7.5079
2231,47,56,3.079299,3.202680,1369,7.3915
2232,56,34,3.401355,3.435391,1430,7.6115
2233,34,35,3.981225,3.977571,1443,7.6550
2234,35,53,3.987164,4.072411,1441,7.6462
2235,53,17,3.119242,3.268210,1398,7.4670
2236,17,7,3.554099,3.632454,1421,7.5916
2237,7,31,3.414805,3.477208,1454,7.6464
2238,31,12,4.210166,4.041121,1407,7.4745
2239,12,35,2.666250,2.654687,1462,7.6637
2240,35,0,2.441629,2.488583,1304,7.2517
2241,0,25,2.843234,2.796469,1399,7.5214
2242,25,36,1.852887,2.156211,1452,7.7676
2243,36,29,2.295363,2.730913,1447,7.6300
2244,29,23,1.784539,1.690437,1433,7.5883
2245,23,29,1.354400,1.382173,1447,7.6543
2246,29,11,2.850075,2.899075,1375,7.3301
2247,11,42,2.688479,2.860060,1423,7.5768
2248,42,45,2.260725,2.244638,1455,7.6131
2249,45,30,3.446700,3.181296,1379,7.3677
2250,30,31,3.759616,3.405870,1428,7.6690
2251,31,12,3.996250,3.933863,1433,7.6099
2252,12,35,2.497566,2.594618,1435,7.6592
2253,35,0,2.276232,2.403745,1325,7.2664
2254,0,25,2.463720,2.734807,1415,7.6393
2255,25,36,1.850851,2.117494,1441,7.6357
2256,36,34,3.186778,3.285821,1445,7.6277
2257,34,7,4.028772,4.117547,1421,7.5653
2258,7,31,3.431117,3.454340,1183,6.7101
2259,31,30,3.263648,3.148893,1367,7.3531
2260,30,46,2.742148,2.612276,1413,7.5731
2261,46,47,3.036625,3.238069,1398,7.5931
2262,47,56,2.964096,3.128276,1438,7.5997
2263,56,34,3.355633,3.394208,1239,7.0640
2264,34,35,3.859552,3.882644,1322,7.3457
2265,35,0,2.206590,2.318413,1349,7.4232
2266,0,25,2.615979,2.687165,1411,7.6467
2267,25,36,1.789286,2.075497,1415,7.6358
2268,36,21,3.984984,4.172536,1286,7.0419
2269,21,9,4.582618,4.166632,1422,7.5539
2270,9,44,3.623872,3.864421,1450,7.6626
2271,44,35,3.936295,4.084250,1426,7.6048
2272,35,8,2.906064,3.092401,1456,7.7351
2273,8,41,3.145203,3.211464,1413,7.5808
2274,41,6,3.649494,3.569957,1429,7.6631
2275,6,32,2.838519,2.831126,1448,7.6498
2276,32,27,3.474546,3.594964,1401,7.5000
2277,27,53,3.990215,4.160642,1273,7.0407
2278,53,11,4.349343,4.294670,1430,7.5594
2279,11,42,2.494307,2.742628,1410,7.5727
2280,42,45,2.097138,2.164318,1394,7.2656
2281,45,63,3.906802,3.978640,1442,7.5825
2282,63,18,3.861538,3.697683,1431,7.5424
2283,18,38,3.584516,3.812466,1400,7.4870
2284,38,2,3.879462,3.684648,1432,7.6234
2285,2,12,3.605622,3.593488,1315,7.1790
2286,12,20,4.126958,4.034006,1377,7.4074
2287,20,10,3.334069,3.245174,1272,6.9327
2288,10,2,3.970479,3.622945,1448,7.6131
2289,2,54,3.786137,3.514835,1452,7.6359
2290,54,25,2.659464,2.547199,1442,7.6480
2291,25,2,3.866880,3.985985,1428,7.6228
2292,2,12,3.472250,3.528939,1452,7.6100
2293,12,20,4.004999,3.957883,1428,7.6228
2294,20,10,3.343049,3.206282,1431,7.5880
2295,10,2,4.181166,3.584214,1418,7.5537
2296,2,45,3.453687,3.526351,1453,7.6540
2297,45,63,3.780006,3.843762,1382,7.4318
2298,63,6,4.468481,4.341189,1447,7.6040
2299,6,22,3.821537,3.932351,1445,7.5539
2300,22,47,3.436327,3.371260,1340,7.2861
2301,47,22,3.520160,3.446441,1418,7.5332
2302,22,20,4.218139,4.319752,1372,7.3629
2303,20,10,3.344550,3.171330,1439,7.6252
2304,10,2,4.112229,3.503124,1455,7.6051
2305,2,12,3.364060,3.462748,1423,7.5901
2306,12,20,3.879397,3.887887,1448,7.6534
2307,20,10,3.243477,3.128833,1419,7.5627
2308,10,2,3.845674,3.418483,1443,7.5842
2309,2,54,3.705046,3.472335,1467,7.6224
2310,54,25,2.582712,2.472736,1424,7.5489
2311,25,2,3.824513,3.994173,1383,7.4501
2312,2,12,3.245036,3.381603,1446,7.5836
2313,12,43,4.433443,4.348301,1449,7.6452
2314,43,46,4.387740,4.221350,1386,7.3767
2315,46,46,1.616982,1.178434,1428,7.5444
2316,46,46,1.396990,1.025860,1425,7.5388
2317,46,1,3.846644,3.783377,1416,7.5964
2318,1,32,3.200918,3.388220,1165,6.8630
2319,32,9,4.362725,3.996371,1406,7.5439
2320,9,15,2.628511,2.734110,1462,7.6854
2321,15,49,2.853791,2.890215,1446,7.6338
2322,49,48,4.155519,4.354354,1299,7.0881
2323,48,25,3.823481,4.075736,1440,7.6428
2324,25,29,2.947321,3.479832,1437,7.6442
2325,29,11,2.638722,2.728448,1385,7.4832
2326,11,45,2.608971,2.845612,1440,7.6064
2327,45,30,3.620390,3.278291,1441,7.5764
2328,30,31,3.869574,3.342975,1429,7.6995
2329,31,12,4.240404,4.028457,1197,6.7021
2330,12,35,2.693338,2.602088,1422,7.5960
2331,35,53,3.995164,4.126927,1219,6.7698
2332,53,11,4.298218,4.269400,1304,7.2039
2333,11,42,2.463198,2.723222,1381,7.4870
2334,42,45,1.914435,2.020823,1426,7.5659
2335,45,62,4.897515,4.894099,1391,7.2762
2336,62,20,4.335504,4.272343,1306,7.2277
2337,20,10,3.236075,3.096200,1454,7.6449
2338,10,2,3.857102,3.362277,1426,7.5868
2339,2,54,3.649529,3.383792,1428,7.5715
2340,54,0,3.720276,3.815479,1329,7.1430
2341,0,21,3.711293,3.744756,1383,7.5132
2342,21,48,3.455135,3.507607,1439,7.6010
2343,48,25,3.850886,3.923804,1429,7.6647
2344,25,36,1.912908,2.140327,1451,7.7178
2345,36,29,2.401327,2.799364,1413,7.5575
2346,29,48,2.460853,2.774259,1332,7.1582
2347,48,51,3.516588,3.507628,1403,7.6045
2348,51,29,3.236191,3.025950,1443,7.5715
2349,29,48,2.258447,2.585934,1362,7.3648
2350,48,51,3.402665,3.436135,1396,7.6441
2351,51,29,2.936262,2.852022,1367,7.3406
2352,29,11,2.698152,2.716454,1437,7.6131
2353,11,45,2.402776,2.707017,1345,7.2649
2354,45,30,3.500591,3.259124,1440,7.5714
2355,30,31,3.887017,3.299348,1460,7.6658
2356,31,12,4.270005,3.915810,1381,7.4759
2357,12,43,4.330274,4.272010,1345,7.3185
2358,43,51,3.887320,3.881989,1348,7.3349
2359,51,16,2.696735,2.534270,1462,7.6967
2360,16,23,3.493609,3.799827,1431,7.5805
2361,23,29,1.639379,1.599043,1334,7.2398
2362,29,23,2.138822,1.924771,1459,7.6240
2363,23,29,1.525099,1.497793,1406,7.5279
2364,29,11,2.615976,2.665988,1465,7.6385
2365,11,42,2.519046,2.772006,1468,7.6338
2366,42,54,4.265403,4.310043,1382,7.3894
2367,54,25,2.581482,2.445642,1453,7.6536
2368,25,2,3.835910,3.915781,1385,7.4809
2369,2,12,3.276956,3.392875,1451,7.6090
2370,12,35,2.467376,2.561235,1364,7.3911
2371,35,8,2.852685,3.035748,1229,6.9629
2372,8,56,3.511982,3.653076,1281,7.1193
2373,56,1,3.345319,3.278555,1359,7.4669
2374,1,47,3.326125,3.329932,1257,7.0777
2375,47,56,2.919996,2.992894,1330,7.2468
2376,56,34,3.404777,3.329822,1430,7.5939
2377,34,7,3.898236,3.948396,1282,7.1491
2378,7,31,3.470313,3.487575,1177,6.6318
2379,31,12,4.253352,3.870984,1300,7.1902
2380,12,35,2.486825,2.510890,1418,7.6829
2381,35,8,2.692628,2.946979,1406,7.6354
2382,8,52,4.690081,4.657094,1302,7.1170
2383,52,21,4.457381,4.234845,1374,7.3831
2384,21,48,3.442103,3.400252,1297,6.9796
2385,48,25,3.792660,3.862710,1280,7.1264
2386,25,29,2.533466,3.334684,1344,7.2718
2387,29,11,2.417053,2.522393,1477,7.6383
2388,11,24,4.692879,4.813635,1440,7.6233
2389,24,0,4.158527,4.291821,1429,7.6540
2390,0,25,2.855633,2.724003,1462,7.7640
2391,25,2,3.651288,3.805808,1409,7.6210
2392,2,12,3.220871,3.355533,1383,7.4105
2393,12,20,3.868887,3.873048,1439,7.6892
2394,20,10,3.154825,3.053179,1419,7.5902
2395,10,21,4.646854,4.756300,1455,7.6070
2396,21,9,4.557715,4.145101,1298,7.0196
2397,9,44,3.506253,3.811327,1289,6.9692
2398,44,35,3.840333,4.079547,1433,7.6036
2399,35,0,2.370513,2.561568,1451,7.7509
2400,0,21,3.576621,3.679232,1438,7.7217
2401,21,48,3.387102,3.433401,1449,7.6054
2402,48,51,3.487463,3.330705,1433,7.7422
2403,51,29,2.913375,2.726768,1418,7.5565
2404,29,23,2.163227,1.943762,1380,7.4142
2405,23,29,1.552651,1.505662,1423,7.6251
2406,29,23,2.001474,1.817354,1425,7.5336
2407,23,29,1.427206,1.419982,1366,7.5021
2408,29,11,2.426859,2.539143,1350,7.4068
2409,11,45,2.563136,2.852057,1404,7.5480
2410,45,30,3.369654,3.156132,1462,7.6085
2411,30,31,3.965244,3.286777,1461,7.6672
2412,31,12,4.254871,3.800566,1406,7.4754
2413,12,35,2.417082,2.515128,1450,7.6924
2414,35,8,2.603481,2.886228,1392,7.5792
2415,8,52,4.624898,4.584845,1397,7.5497
2416,52,22,3.960881,4.017085,1210,6.8437
2417,22,35,3.635451,4.036270,1284,7.1234
2418,35,53,3.953163,4.126315,1482,7.7358
2419,53,17,3.184619,3.244929,1399,7.4323
2420,17,2,4.904885,4.836763,1415,7.4934
2421,2,54,3.431137,3.261292,1456,7.6459
2422,54,0,3.704978,3.794643,1367,7.3870
2423,0,21,3.445628,3.548448,1374,7.3479
2424,21,9,4.467462,4.157409,1455,7.6366
2425,9,3,3.445119,3.632850,1457,7.6771
2426,3,41,4.005667,3.991741,1394,7.4541
2427,41,6,3.585783,3.530068,1320,7.2062
2428,6,56,3.590792,3.659374,1377,7.4345
2429,56,1,3.243404,3.179988,1337,7.2147
2430,1,32,3.066446,3.304582,1412,7.5931
2431,32,9,4.298573,3.988118,1433,7.5930
2432,9,15,2.905158,2.747339,1447,7.6574
2433,15,49,2.763180,2.800933,1376,7.4299
2434,49,43,4.053382,4.031211,1421,7.5801
2435,43,51,3.939683,3.869532,1465,7.6352
2436,51,29,2.721427,2.626144,1450,7.6462
2437,29,48,2.351672,2.751102,1431,7.6226
2438,48,51,3.420166,3.291357,1436,7.6776
2439,51,16,2.569957,2.552009,1346,7.3504
2440,16,53,4.240481,4.356527,1406,7.5395
2441,53,17,3.325773,3.176418,1410,7.5636
2442,17,7,3.608859,3.642819,1432,7.5818
2443,7,16,4.051951,4.132514,1406,7.4799
2444,16,23,3.389713,3.732147,1339,7.3371
2445,23,29,1.374588,1.413247,1432,7.6584
2446,29,23,1.957568,1.804876,1411,7.5908
2447,23,29,1.329898,1.340542,1422,7.6415
2448,29,11,2.413819,2.544429,1445,7.6353
2449,11,45,2.482321,2.783529,1410,7.5323
2450,45,62,4.857956,4.858323,1409,7.4591
2451,62,60,4.271545,4.183872,1438,7.6002
2452,60,38,4.079633,3.939111,1432,7.5368
2453,38,2,3.922600,3.659584,1420,7.5753
2454,2,12,3.222772,3.348796,1423,7.5668
2455,12,35,2.364173,2.479969,1385,7.5411
2456,35,53,3.848524,4.052008,1405,7.4827
2457,53,11,4.750140,4.361280,1324,7.3760
2458,11,45,2.291794,2.647314,1371,7.4531
2459,45,30,3.507084,3.149655,1441,7.5473
2460,30,46,2.791828,2.770758,1373,7.3462
2461,46,46,1.373175,0.943501,1413,7.6281
2462,46,47,2.974129,3.226634,1431,7.6493
2463,47,22,3.446153,3.398985,1364,7.3816
2464,22,35,3.841136,3.987582,1325,7.2356
2465,35,8,2.530381,2.805822,1425,7.6444
2466,8,41,3.152942,3.271259,1414,7.5875
2467,41,6,3.500145,3.470640,1387,7.5359
2468,6,56,3.537032,3.607041,1427,7.4986
2469,56,34,3.207919,3.272589,1429,7.6314
2470,34,35,3.751396,3.830379,1408,7.5848
2471,35,53,3.703564,3.928588,1292,7.0066
2472,53,11,4.674832,4.304106,1327,7.2781
2473,11,42,2.665268,2.955068,1392,7.5135
2474,42,0,4.708741,4.585754,1365,7.3387
2475,0,60,4.015243,4.038575,1458,7.6976
2476,60,38,4.044228,3.927945,1425,7.6006
2477,38,54,4.069851,3.973335,1251,6.7599
2478,54,0,3.604839,3.734057,1432,7.6894
2479,0,60,3.809301,3.913774,1422,7.6353
2480,60,38,3.964570,3.910123,1470,7.6596
2481,38,2,3.659904,3.569971,1363,7.2116
2482,2,54,3.315200,3.159535,1448,7.6045
2483,54,25,2.499166,2.451689,1444,7.6943
2484,25,29,3.088503,3.518882,1422,7.5245
2485,29,48,2.326170,2.715560,1368,7.3633
2486,48,25,3.758721,3.849009,1323,7.2620
2487,25,29,2.830919,3.289324,1433,7.5610
2488,29,23,2.013580,1.886276,1360,7.2291
2489,23,29,1.449557,1.404312,1407,7.6859
2490,29,23,1.913772,1.765869,1452,7.5986
2491,23,29,1.321068,1.334039,1374,7.3461
2492,29,11,2.638776,2.772697,1380,7.4583
2493,11,42,2.582505,2.898054,1418,7.5954
2494,42,0,4.542346,4.487524,1418,7.5951
2495,0,21,3.349474,3.416469,1401,7.5464
2496,21,47,4.024906,3.927587,1312,6.9872
2497,47,56,2.927025,2.977716,1157,6.6311
2498,56,34,3.121794,3.189468,1335,7.2998
2499,34,40,3.072076,2.952293,1418,7.5884
2500,40,21,4.414558,4.487398,1360,7.2619
2501,21,47,4.098660,3.829409,1348,7.4050
2502,47,56,2.754871,2.905100,1422,7.5752
2503,56,34,3.031003,3.114334,1456,7.6175
2504,34,35,3.626710,3.730319,1460,7.7176
2505,35,0,2.632227,2.787894,1400,7.6649
2506,0,25,2.735482,2.606554,1429,7.6257
2507,25,36,2.085569,2.392931,1393,7.5044
2508,36,21,3.777477,3.812889,1440,7.6545
2509,21,47,4.010905,3.796487,1428,7.6357
2510,47,56,2.609652,2.849928,1392,7.5175
2511,56,34,2.854515,3.022058,1455,7.6122
2512,34,7,3.599642,3.881836,1360,7.2444
2513,7,31,3.524325,3.475512,1301,7.0727
2514,31,30,3.264065,3.043292,1308,6.9977
2515,30,46,2.694561,2.581148,1342,7.2620
2516,46,47,2.933736,3.150219,1412,7.5613
2517,47,56,2.572393,2.777743,1407,7.5474
2518,56,34,2.918153,2.940555,1394,7.4225
2519,34,40,3.049055,2.925048,1453,7.6231
2520,40,21,4.244038,4.373015,1413,7.5226
2521,21,9,4.480237,4.179615,1439,7.6262
2522,9,44,3.560778,3.780463,1430,7.6165
2523,44,36,4.558454,4.501230,1375,7.4395
2524,36,29,2.508465,2.996376,1416,7.5822
2525,29,23,1.864643,1.735375,1412,7.5184
2526,23,29,1.292712,1.332671,1404,7.6150
2527,29,48,2.495549,2.870096,1443,7.5966
2528,48,6,5.959942,5.962924,1433,7.6862
2529,6,32,2.794346,2.861515,1412,7.4764
2530,32,9,4.202687,3.933965,1314,7.0011
2531,9,44,3.490562,3.704792,1272,7.1069
2532,44,35,4.241237,4.182855,1425,7.6420
2533,35,0,2.569087,2.724040,1389,7.6232
2534,0,25,2.520456,2.560093,1446,7.5922
2535,25,36,2.107983,2.396629,1429,7.6781
2536,36,21,3.674784,3.681038,1450,7.5471
2537,21,9,4.409983,4.156507,1376,7.5104
2538,9,3,3.343826,3.621716,1367,7.3505
2539,3,39,3.267167,3.338011,1274,7.0029
2540,39,15,3.088927,3.322308,1339,7.2543
2541,15,49,2.690510,2.713788,1406,7.5846
2542,49,48,4.313688,4.487094,1372,7.5556
2543,48,51,3.343733,3.252699,1345,7.3008
2544,51,29,2.532906,2.491565,1329,7.3388
2545,29,11,2.544848,2.671600,1430,7.5794
2546,11,45,2.414495,2.760994,1411,7.5553
2547,45,63,3.845291,4.022349,1386,7.4166
2548,63,18,3.913053,3.636598,1393,7.5162
2549,18,38,3.501387,3.773313,1408,7.4858
2550,38,50,3.693211,3.741661,1436,7.5116
2551,50,53,4.163501,4.011212,1177,6.5053
2552,53,11,4.577824,4.283157,1461,7.6554
2553,11,24,4.609285,4.678868,1422,7.5818
2554,24,0,4.087179,4.247252,1373,7.3681
2555,0,21,3.260291,3.340172,1376,7.3806
2556,21,9,4.387272,4.109350,1390,7.4565
2557,9,3,3.465920,3.601695,1369,7.2965
2558,3,39,3.236457,3.278959,1437,7.6322
2559,39,59,3.926213,3.951105,1416,7.5380
2560,59,26,3.965237,4.056514,1359,7.4528
2561,26,43,3.979253,4.117948,1414,7.5190
2562,43,46,4.730799,4.282275,1306,7.1527
2563,46,47,2.764423,2.988675,1432,7.6447
2564,47,56,2.597957,2.698439,1458,7.6427
2565,56,6,4.280113,4.097387,1428,7.5638
2566,6,56,3.487327,3.524353,1458,7.5696
2567,56,34,2.844073,2.881188,1458,7.6350
2568,34,40,2.900077,2.822942,1375,7.3480
2569,40,25,3.843132,4.212984,1447,7.5807
2570,25,36,2.000482,2.277260,1439,7.6201
2571,36,29,2.566980,3.093643,1439,7.5981
2572,29,11,2.491050,2.599557,1432,7.6034
2573,11,45,2.367854,2.717459,1419,7.5811
2574,45,63,3.732826,3.899430,1329,7.1687
2575,63,6,4.517347,4.365917,1455,7.5569
2576,6,32,2.742674,2.835967,1395,7.4796
2577,32,9,4.232723,3.950640,1455,7.6190
2578,9,44,3.481666,3.709806,1439,7.6281
2579,44,35,4.156611,4.123218,1440,7.6116
2580,35,53,3.576703,3.837965,1434,7.6688
2581,53,11,4.585778,4.261816,1381,7.4741
2582,11,42,2.752192,2.972448,1380,7.4552
2583,42,45,1.696358,1.768566,1443,7.6177
2584,45,30,3.546902,3.208513,1359,7.3512
2585,30,46,2.569449,2.636370,1351,7.2681
2586,46,47,2.724272,2.894766,1407,7.5301
2587,47,51,4.379923,4.237173,1406,7.6209
2588,51,29,2.532291,2.516529,1370,7.3261
2589,29,48,2.332007,2.713009,1282,6.9556
2590,48,51,3.157762,3.182698,1407,7.6003
2591,51,16,2.496948,2.549805,1372,7.3877
2592,16,53,4.200861,4.322231,1414,7.5002
2593,53,17,3.367593,3.160002,1399,7.5965
2594,17,2,4.800321,4.765329,1430,7.6396
2595,2,12,3.237091,3.337927,1385,7.4914
2596,12,35,2.520353,2.608055,1412,7.6766
2597,35,0,2.594615,2.738663,1452,7.7928
2598,0,25,2.639733,2.595505,1449,7.7070
2599,25,2,3.820913,3.888506,1433,7.5469
2600,2,45,3.304759,3.417366,1416,7.6056
2601,45,63,3.600598,3.772918,1434,7.6217
2602,63,6,4.485634,4.351612,1415,7.5414
2603,6,32,2.721642,2.827657,1345,7.2636
2604,32,27,3.376080,3.580312,1367,7.4738
2605,27,2,4.631718,4.420147,1192,6.6807
2606,2,12,3.124333,3.268706,1429,7.6222
2607,12,35,2.456422,2.549602,1456,7.7146
2608,35,8,2.722346,2.961689,1457,7.7474
2609,8,41,3.137321,3.189586,1360,7.4745
2610,41,6,3.536185,3.509283,1372,7.5764
2611,6,56,3.402590,3.520010,1327,7.2277
2612,56,1,3.210608,3.164458,1386,7.4652
2613,1,19,4.013961,4.148199,1429,7.5507
2614,19,24,4.066645,3.980872,1264,6.8172
2615,24,4,4.015187,3.824279,1450,7.6695
2616,4,6,3.760046,3.971978,1420,7.5623
2617,6,32,2.696244,2.750298,1433,7.5224
2618,32,9,4.205744,3.897676,1407,7.4746
2619,9,15,2.856898,2.816431,1369,7.2880
2620,15,49,2.602611,2.648233,1329,7.2683
2621,49,43,3.964439,3.940278,1429,7.6275
2622,43,51,4.083783,3.867504,1451,7.6158
2623,51,16,2.472960,2.419855,1293,6.7932
2624,16,21,4.624165,4.245207,1446,7.6359
2625,21,47,3.919016,3.725562,1425,7.5619
2626,47,56,2.523171,2.717847,1432,7.6325
2627,56,6,4.124518,3.940532,1408,7.5752
2628,6,32,2.614521,2.683025,1469,7.6135
2629,32,9,4.058539,3.804061,1353,7.2849
2630,9,3,3.306832,3.528672,1359,7.3043
2631,3,39,3.167258,3.224394,1222,6.8254
2632,39,44,3.145302,3.167153,1415,7.5609
2633,44,35,4.081858,4.079617,1376,7.3963
2634,35,0,2.496399,2.703501,1408,7.5468
2635,0,25,2.650278,2.527305,1423,7.6059
2636,25,36,1.920791,2.312540,1439,7.7326
2637,36,29,2.653282,3.129770,1421,7.5652
2638,29,23,2.076866,1.910008,1447,7.6064
2639,23,29,1.487242,1.442020,1351,7.4879
2640,29,11,2.559497,2.681133,1436,7.6638
2641,11,42,2.614541,2.927841,1441,7.6879
2642,42,54,4.166321,4.323787,1437,7.5796
2643,54,25,2.527119,2.526272,1413,7.5643
2644,25,29,2.876204,3.593176,1424,7.6504
2645,29,23,1.971988,1.894594,1402,7.4926
2646,23,29,1.411168,1.411454,1412,7.5508
2647,29,11,2.454537,2.625047,1431,7.6143
2648,11,45,2.760707,2.764697,1433,7.6344
2649,45,30,3.400643,3.114162,1422,7.5721
2650,30,31,4.074559,3.407884,1283,7.0583
2651,31,54,4.330619,4.073294,1372,7.3924
2652,54,0,3.652370,3.724029,1440,7.6375
2653,0,25,2.759353,2.369156,1455,7.7681
2654,25,2,3.766269,3.905304,1450,7.7163
2655,2,45,3.335038,3.367427,1467,7.6627
2656,45,30,3.353162,2.962745,1432,7.5991
2657,30,46,2.599392,2.740906,1381,7.6466
2658,46,46,1.289649,0.884223,1227,6.9371
2659,46,46,1.073947,0.752021,1268,7.0840
2660,46,46,0.910982,0.634114,1251,6.9771
2661,46,46,0.779149,0.532586,1281,7.0932
2662,46,47,2.868382,3.162706,1358,7.4796
2663,47,51,4.401572,4.250634,1368,7.4707
2664,51,51,1.858045,1.324587,1404,7.5978
2665,51,29,2.473167,2.511167,1461,7.6918
2666,29,11,2.276436,2.471857,1434,7.6186
2667,11,45,2.620289,2.706298,1437,7.6370
2668,45,30,3.094523,2.897799,1446,7.5820
2669,30,46,2.292076,2.526231,1396,7.5157
2670,46,47,2.627790,2.979700,1430,7.6348
2671,47,51,4.308667,4.185925,1257,7.1382
2672,51,16,2.327980,2.304872,1414,7.4695
2673,16,21,4.487143,4.163835,1240,6.8367
2674,21,9,4.611192,4.189214,1412,7.5815
2675,9,3,3.240751,3.489980,1354,7.4123
2676,3,39,3.097280,3.152364,1453,7.6523
2677,39,15,2.924659,3.152255,1226,6.9395
2678,15,19,4.136453,4.065958,1263,6.8786
2679,19,24,4.068064,3.956158,1218,6.8512
2680,24,4,3.829677,3.751264,1386,7.3841
2681,4,6,3.728741,3.927393,1352,7.3012
2682,6,32,2.554735,2.617443,1402,7.5831
2683,32,9,4.027259,3.768161,1333,7.3400
2684,9,15,2.750886,2.815678,1424,7.6287
2685,15,49,2.522424,2.592676,1405,7.5578
2686,49,50,3.889379,3.821551,1450,7.6789
2687,50,53,4.295588,4.001898,1425,7.5326
2688,53,11,4.538010,4.236351,1353,7.2201
2689,11,42,2.998644,3.004912,1427,7.5672
2690,42,54,4.058718,4.225003,1455,7.6849
2691,54,0,3.723659,3.685474,1386,7.3951
2692,0,25,2.455104,2.239988,1477,7.7057
2693,25,36,2.046316,2.424417,1453,7.6951
2694,36,34,3.657447,3.619527,1423,7.6107
2695,34,35,3.547437,3.831981,1457,7.6428
2696,35,0,2.465795,2.662113,1468,7.7315
2697,0,21,3.354486,3.524561,1474,7.6975
2698,21,48,3.439520,3.532365,1396,7.5096
2699,48,25,4.071622,4.061375,1323,7.3699
2700,25,36,1.991362,2.281005,1426,7.6438
2701,36,29,2.725538,3.168582,1444,7.5866
2702,29,23,2.085601,1.927693,1338,6.9733
2703,23,29,1.539543,1.459797,1392,7.5480
2704,29,23,1.908868,1.808091,1260,6.8558
2705,23,29,1.403124,1.382087,1460,7.7216
2706,29,23,1.748097,1.698761,1320,6.9829
2707,23,18,4.810498,4.899014,1471,7.7061
2708,18,18,2.737065,2.317891,1478,7.6575
2709,18,12,4.564074,4.526101,1457,7.6635
2710,12,35,2.457360,2.628709,1448,7.6792
2711,35,8,2.624814,2.950866,1392,7.4958
2712,8,56,3.261174,3.533554,1372,7.3627
2713,56,1,3.128346,3.093686,1405,7.4793
2714,1,32,2.936654,3.211278,1338,7.1254
2715,32,9,3.785617,3.652360,1456,7.6221
2716,9,3,3.146633,3.440037,1419,7.5966
2717,3,39,3.054525,3.101991,1366,7.3512
2718,39,44,3.054318,3.058750,1395,7.4127
2719,44,35,4.057084,4.054906,1386,7.5118
2720,35,53,3.678868,3.999422,1375,7.4675
2721,53,11,4.193375,4.140699,1397,7.5106
2722,11,42,3.163438,2.866734,1379,7.4563
2723,42,54,3.932678,4.118090,1414,7.5320
2724,54,0,3.751723,3.666102,1400,7.5309
2725,0,21,3.349275,3.392683,1425,7.6355
2726,21,48,3.415203,3.546259,1436,7.5950
2727,48,51,3.279852,3.200425,1425,7.6146
2728,51,16,2.246869,2.232797,1421,7.6331
2729,16,21,4.357000,4.133058,1434,7.6655
2730,21,9,4.799935,4.353585,1429,7.6153
2731,9,15,2.713311,2.817718,1261,6.9124
2732,15,49,2.431019,2.526639,1433,7.6292
2733,49,43,3.910109,3.898163,1422,7.6312
2734,43,11,4.809159,4.483906,1295,6.9660
2735,11,42,2.878400,2.722237,1443,7.6651
2736,42,54,3.902616,4.016506,1443,7.6134
2737,54,0,3.590693,3.601159,1426,7.6237
2738,0,21,3.203324,3.333131,1393,7.5134
2739,21,48,3.386402,3.500781,1404,7.5432
2740,48,25,3.738995,3.865349,1431,7.6527
2741,25,2,3.655792,3.774684,1429,7.6891
2742,2,45,3.221585,3.322528,1269,6.9948
2743,45,30,2.993539,2.733392,1319,6.9698
2744,30,27,5.188219,5.498701,1381,7.4906
2745,27,2,4.759785,4.382242,1340,7.4180
2746,2,12,3.102016,3.239664,1384,7.4857
2747,12,35,2.534597,2.604700,1445,7.7111
2748,35,53,3.598981,3.888295,1319,7.2819
2749,53,11,4.129839,4.060085,1161,6.2969
2750,11,24,4.796819,4.555115,1447,7.6554
2751,24,0,4.384287,4.318352,1439,7.6633
2752,0,60,3.987804,4.048812,1442,7.6811
2753,60,38,4.136316,3.888660,1341,7.2541
2754,38,50,3.571007,3.675399,1344,7.2081
2755,50,33,3.840254,3.908911,1390,7.4711
2756,33,11,5.228890,4.610808,1354,7.3714
2757,11,42,2.467171,2.641306,1456,7.6793
2758,42,54,3.672865,3.905351,1439,7.6251
2759,54,25,2.880550,2.598814,1323,7.1599
2760,25,36,1.913644,2.232090,1407,7.5450
2761,36,34,3.507657,3.575955,1394,7.3824
2762,34,7,3.585200,3.875758,1371,7.5205
2763,7,22,3.678449,3.687312,1272,6.8028
2764,22,20,4.225509,4.338954,1333,7.2729
2765,20,10,3.267367,3.046251,1440,7.6369
2766,10,11,4.593272,4.693362,1366,7.3622
2767,11,24,4.521006,4.274728,1429,7.6217
2768,24,54,3.894940,3.978944,1451,7.6595
2769,54,25,2.898714,2.573413,1440,7.6678
2770,25,36,1.797061,2.137213,1347,7.2037
2771,36,29,2.797985,3.280023,1347,7.1780
2772,29,11,2.901863,3.018498,1335,7.2415
2773,11,45,2.714963,2.812710,1460,7.6403
2774,45,30,2.936083,2.657915,1431,7.5796
2775,30,31,4.113599,3.691195,1186,6.7116
2776,31,54,4.229082,3.991549,1294,7.1477
2777,54,25,2.763638,2.527662,1359,7.4771
2778,25,36,1.727294,2.069675,1420,7.6941
2779,36,29,2.622606,3.203719,1326,7.1927
2780,29,23,1.885553,1.776314,1412,7.5344
2781,23,29,1.472326,1.492601,1470,7.6814
2782,29,11,2.793492,2.994730,1241,6.8242
2783,11,45,2.739492,2.752419,1450,7.7010
2784,45,63,3.590652,3.800931,1420,7.5666
2785,63,6,4.494914,4.337118,1391,7.5265
2786,6,56,3.263410,3.375394,1414,7.4912
2787,56,34,2.906073,3.009499,1420,7.5641
2788,34,7,3.469452,3.750913,1316,7.2761
2789,7,31,3.496337,3.500488,1368,7.2849
2790,31,54,4.059047,3.911355,1409,7.4818
2791,54,25,2.734022,2.478632,1408,7.6087
2792,25,36,1.636497,2.018867,1396,7.5672
2793,36,29,2.434647,3.123804,1411,7.4863
2794,29,11,2.675060,2.871561,1399,7.5300
2795,11,42,2.701170,2.708415,1357,7.4529
2796,42,45,1.922883,1.926876,1342,7.4168
2797,45,63,3.477582,3.679118,1408,7.4667
2798,63,47,4.089391,4.258102,1413,7.4223
2799,47,22,3.799634,3.729624,1315,7.2075
2800,22,35,4.127258,4.090934,1378,7.3885
2801,35,0,2.596554,2.841316,1279,7.1310
2802,0,21,3.191347,3.253493,1371,7.4245
2803,21,9,4.568156,4.334158,1389,7.5613
2804,9,15,2.725578,2.793745,1446,7.6015
2805,15,49,2.325512,2.438876,1439,7.6221
2806,49,50,3.756762,3.742084,1382,7.5426
2807,50,53,4.219223,4.028083,1353,7.3438
2808,53,11,4.384850,4.132471,1410,7.5878
2809,11,42,2.626133,2.612915,1390,7.5845
2810,42,54,3.754253,3.901537,1472,7.6109
2811,54,25,2.640422,2.424342,1435,7.6242
2812,25,36,1.653270,1.976950,1430,7.6192
2813,36,29,2.441443,3.086002,1480,7.6530
2814,29,23,2.002070,1.905001,1399,7.4247
2815,23,18,4.346259,4.468504,1411,7.5640
2816,18,12,4.513707,4.444469,1401,7.5568
2817,12,35,2.464001,2.667226,1387,7.4218
2818,35,8,2.599072,2.945127,1398,7.6006
2819,8,41,3.061042,3.137590,1397,7.5957
2820,41,30,4.550657,4.590018,1303,7.1747
2821,30,46,2.527610,2.620537,1372,7.4452
2822,46,47,2.407823,2.780285,1324,7.2671
2823,47,51,4.282218,4.137987,1357,7.4052
2824,51,29,2.825583,2.793676,1190,6.4836
2825,29,23,1.877886,1.776850,1377,7.3455
2826,23,0,5.722811,6.067050,1401,7.5657
2827,0,25,2.566739,2.355680,1465,7.7130
2828,25,36,1.575768,1.953109,1420,7.5956
2829,36,29,2.493240,3.102521,1459,7.6230
2830,29,11,2.722590,2.993558,1376,7.3099
2831,11,45,2.730655,2.744269,1429,7.6359
2832,45,63,3.307104,3.545702,1462,7.7012
2833,63,18,3.677710,3.503380,1402,7.5133
2834,18,38,3.713221,3.796966,1360,7.1623
2835,38,2,3.749429,3.605134,1436,7.6214
2836,2,45,3.140230,3.375518,1436,7.5998
2837,45,63,3.153403,3.386935,1435,7.5747
2838,63,18,3.628470,3.428952,1415,7.4841
2839,18,38,3.744997,3.721827,1293,6.9193
2840,38,2,3.736832,3.558626,1462,7.6564
2841,2,54,3.474569,3.184636,1422,7.5247
2842,54,25,2.604501,2.365037,1329,7.1274
2843,25,29,2.869553,3.618141,1434,7.6808
2844,29,23,1.860349,1.842913,1422,7.5821
2845,23,0,5.426760,5.879784,1385,7.5545
2846,0,25,2.356306,2.250372,1465,7.6996
2847,25,29,2.913882,3.566965,1458,7.7159
2848,29,48,2.808812,3.142645,1362,7.4199
2849,48,51,3.334894,3.194655,1403,7.6033
2850,51,29,2.854923,2.782769,1446,7.5810
2851,29,23,1.843175,1.843135,1395,7.4972
2852,23,29,1.522619,1.589003,1448,7.6761
2853,29,11,2.770211,3.061346,1415,7.5666
2854,11,24,4.628911,4.490739,1427,7.6373
2855,24,0,4.076932,4.188172,1385,7.3951
2856,0,21,3.038038,3.118408,1411,7.5718
2857,21,48,3.572592,3.635924,1268,7.1904
2858,48,25,3.829965,3.953030,1451,7.6669
2859,25,29,2.889199,3.372357,1440,7.6595
2860,29,11,2.576820,2.911094,1345,7.3071
2861,11,42,2.731187,2.736991,1395,7.5437
2862,42,0,4.418098,4.408699,1372,7.4312
2863,0,25,2.278780,2.208043,1491,7.7319
2864,25,29,2.628229,3.303674,1241,6.6950
2865,29,23,1.942831,1.995049,1344,7.2126
2866,23,29,1.585419,1.596516,1378,7.4853
2867,29,11,2.557237,2.879488,1306,6.8611
2868,11,45,2.855312,2.870944,1412,7.6223
2869,45,30,3.227794,2.906292,1475,7.5728
2870,30,31,4.121322,3.547668,1311,7.2490
2871,31,54,3.954024,3.811800,1004,6.1894
2872,54,0,3.575525,3.580963,1315,7.3133
2873,0,60,4.041397,4.041652,1455,7.7005
2874,60,44,4.334034,4.182599,1403,7.5108
2875,44,35,3.973767,3.961103,1372,7.2979
2876,35,53,3.468229,3.772034,1188,6.8431
2877,53,11,4.176369,4.207936,1261,7.2090
2878,11,24,4.719282,4.469111,1435,7.6421
2879,24,4,3.908127,3.791727,1344,7.1550
2880,4,23,4.559651,4.349711,1193,6.7694
2881,23,29,1.464025,1.575628,1422,7.6711
2882,29,48,2.818058,3.171415,1288,6.9193
2883,48,25,3.784262,3.889347,1448,7.7377
2884,25,29,2.456360,3.101097,1460,7.7104
2885,29,11,2.536935,2.880168,1314,7.3091
2886,11,24,4.398711,4.353300,1356,7.4745
2887,24,54,3.696349,3.943005,1414,7.4016
2888,54,0,3.540175,3.484412,1418,7.6345
2889,0,21,3.086386,3.108605,1404,7.4812
2890,21,9,4.631945,4.314769,1440,7.6464
2891,9,3,3.183069,3.506086,1395,7.4956
2892,3,10,3.762670,3.573640,1430,7.5716
2893,10,2,3.783743,3.353814,1347,7.3225
2894,2,54,3.448286,3.192600,1425,7.5320
2895,54,0,3.474700,3.367685,1408,7.5923
2896,0,21,2.865730,3.024452,1450,7.7247
2897,21,48,3.348341,3.621490,1443,7.5956
2898,48,25,3.723920,3.744606,1347,7.4675
2899,25,29,2.410761,2.901021,1440,7.6474
2900,29,48,2.532237,2.960028,1243,6.7203
2901,48,51,3.298443,3.228518,1318,7.3251
2902,51,51,1.708899,1.216772,1433,7.5658
2903,51,16,2.092755,2.210627,1478,7.6194
2904,16,53,4.212130,4.441584,1394,7.4493
2905,53,17,3.251912,3.157321,1328,7.2864
2906,17,1,4.237254,4.095813,1269,7.0025
2907,1,47,3.103938,3.120734,1204,6.7938
2908,47,22,3.768632,3.624524,1310,7.1449
2909,22,20,4.195317,4.317830,1403,7.5218
2910,20,10,3.123725,2.999956,1377,7.3197
2911,10,21,4.913026,4.824486,1407,7.4839
2912,21,9,4.648208,4.237672,1445,7.6523
2913,9,15,2.834834,2.841648,1446,7.6243
2914,15,19,4.069619,4.049323,1310,7.2121
2915,19,24,4.491915,4.152031,1351,7.2499
2916,24,54,3.741990,3.899003,1342,7.2560
2917,54,25,2.632263,2.419182,1336,7.2448
2918,25,36,2.042805,2.301486,1356,7.4237
2919,36,34,3.559791,3.691478,1434,7.5954
2920,34,7,3.196690,3.613833,1415,7.6226
2921,7,31,3.381198,3.468822,1418,7.5856
2922,31,12,4.505596,4.021286,1433,7.5825
2923,12,20,3.910553,3.864602,1425,7.6084
2924,20,3,4.055281,3.811847,1384,7.4155
2925,3,41,4.153293,4.021263,1398,7.4237
2926,41,30,4.481513,4.512777,1376,7.3815
2927,30,46,2.555105,2.632503,1339,7.0943
2928,46,47,2.290250,2.610449,1417,7.5685
2929,47,22,3.541857,3.553749,1420,7.5845
2930,22,35,3.853575,4.115596,1428,7.5903
2931,35,0,2.983304,3.167343,1467,7.7067
2932,0,25,2.137040,2.159841,1306,7.2411
2933,25,36,1.879032,2.240295,1366,7.4558
2934,36,21,3.977733,3.959775,1267,7.2078
2935,21,9,4.225818,4.128179,1349,7.3177
2936,9,3,3.383091,3.545895,1453,7.6418
2937,3,39,2.997306,3.072964,1363,7.3746
2938,39,44,3.006872,3.011208,1456,7.6349
2939,44,35,3.870808,3.907456,1434,7.5648
2940,35,8,2.519196,2.888843,1373,7.4817
2941,8,52,4.548274,4.513731,1361,7.2594
2942,52,21,4.837846,4.318164,1358,7.2568
2943,21,48,3.393708,3.485342,1354,7.3304
2944,48,6,5.987230,5.930126,1404,7.5655
2945,6,32,2.558491,2.718029,1324,7.2297
2946,32,9,4.060271,3.822924,1407,7.5137
2947,9,15,2.918023,2.840044,1417,7.4887
2948,15,39,2.976657,3.330280,1466,7.7063
2949,39,59,3.919895,3.954897,1366,7.3765
2950,59,10,4.040537,4.068118,1347,7.3160
2951,10,21,4.812129,4.760230,1430,7.5772
2952,21,9,4.329288,4.009907,1389,7.4647
2953,9,3,3.238511,3.520440,1469,7.6540
2954,3,41,4.099386,3.959565,1461,7.6198
2955,41,30,4.542686,4.445729,1464,7.6813
2956,30,31,4.065779,3.358457,1420,7.5386
2957,31,12,4.489460,3.909257,1352,7.2603
2958,12,35,2.671402,2.819358,1390,7.5317
2959,35,53,3.347880,3.717375,1448,7.7012
2960,53,11,4.362412,4.118495,1443,7.6418
2961,11,45,2.869228,2.811501,1453,7.7403
2962,45,30,3.128454,2.937685,1434,7.5477
2963,30,46,2.532836,2.640770,1398,7.3474
2964,46,46,0.979255,0.625022,1370,7.5094
2965,46,46,0.820688,0.523275,1343,7.2734
2966,46,47,2.319277,2.695477,1401,7.5247
2967,47,51,4.277369,4.227304,1373,7.3763
2968,51,16,1.978733,2.090731,1438,7.5748
2969,16,21,4.501053,4.345105,1410,7.5070
2970,21,9,3.980943,3.897725,1340,7.3377
2971,9,3,3.376308,3.476662,1480,7.6842
2972,3,41,3.945623,3.868357,1416,7.5277
2973,41,30,4.657512,4.426922,1400,7.5472
2974,30,31,3.833283,3.317825,1280,7.0247
2975,31,12,4.291720,3.814665,1341,7.0305
2976,12,20,3.907348,3.793879,1354,7.3754
2977,20,10,3.215406,2.964725,1449,7.5516
2978,10,2,3.824562,3.299700,1416,7.5226
2979,2,45,3.197539,3.436055,1384,7.4790
2980,45,63,3.100166,3.340090,1459,7.6429
2981,63,6,4.555980,4.355291,1394,7.4377
2982,6,32,2.544394,2.733268,1443,7.5895
2983,32,61,3.963968,4.288082,1454,7.6739
2984,61,2,4.507952,4.307204,1466,7.6515
2985,2,45,3.085080,3.397428,1436,7.5846
2986,45,62,4.863317,4.937171,1422,7.5403
2987,62,20,4.505258,4.296390,1423,7.5242
2988,20,3,4.007315,3.841642,1363,7.2841
2989,3,41,3.780512,3.740355,1434,7.6691
2990,41,6,3.682852,3.611932,1334,7.2614
2991,6,32,2.488079,2.663225,1433,7.5385
2992,32,61,3.772912,4.172908,1433,7.6547
2993,61,2,4.474427,4.299915,1451,7.6100
2994,2,54,3.454841,3.207053,1442,7.6669
2995,54,25,2.666034,2.363869,1447,7.6648
2996,25,29,2.275652,3.048740,1451,7.7870
2997,29,11,2.656344,2.899036,1465,7.6430
2998,11,24,4.288337,4.186348,1388,7.4931
2999,24,54,3.583632,3.852993,1299,7.0460
3000,54,0,3.289330,3.384639,1312,7.2034
3001,0,21,2.917462,3.117789,1474,7.7337
3002,21,48,3.287616,3.452593,1444,7.7044
3003,48,25,3.519633,3.640186,1375,7.4525
3004,25,36,1.876241,2.224325,1437,7.6084
3005,36,34,3.513838,3.636749,1445,7.6385
3006,34,40,2.818934,2.805813,1404,7.6468
3007,40,57,3.826973,3.909693,1438,7.5872
3008,57,32,3.745812,3.699069,1401,7.4583
3009,32,9,4.074039,3.879524,1428,7.5486
3010,9,44,3.963852,4.011600,1313,7.1327
3011,44,35,3.813081,3.836497,1446,7.6677
3012,35,8,2.459618,2.851611,1373,7.5098
3013,8,56,3.216037,3.541290,1359,7.3599
3014,56,6,4.069735,3.847204,1419,7.4540
3015,6,56,3.229949,3.319881,1463,7.5841
3016,56,34,2.956195,3.059322,1445,7.5949
3017,34,40,2.706433,2.700229,1435,7.5993
3018,40,21,4.295751,4.667797,1391,7.4636
3019,21,48,3.093481,3.336376,1228,6.8657
3020,48,25,3.353755,3.491817,1365,7.4011
3021,25,36,1.790141,2.136459,1456,7.7154
3022,36,34,3.426254,3.619893,1400,7.3434
3023,34,40,2.562338,2.605405,1416,7.6614
3024,40,21,4.239983,4.583593,1445,7.5647
3025,21,9,4.139493,3.882964,1388,7.5683
3026,9,3,3.243763,3.455672,1316,7.1500
3027,3,39,2.832194,2.970485,1356,7.3713
3028,39,59,3.837531,3.876387,1338,7.3256
3029,59,26,3.929858,3.984164,1448,7.6005
3030,26,43,3.876098,4.025663,1404,7.4507
3031,43,51,4.132170,3.914212,1426,7.5733
3032,51,29,3.029633,2.985967,1466,7.6516
3033,29,48,2.271594,2.600809,1423,7.5714
3034,48,6,5.970489,5.987664,1423,7.5587
3035,6,32,2.488817,2.720934,1458,7.6102
3036,32,61,3.658892,4.031428,1367,7.2580
3037,61,33,3.819246,3.817411,1280,7.1076
3038,33,11,5.290242,4.692911,1404,7.5443
3039,11,45,2.773866,2.744283,1369,7.4406
3040,45,62,4.633037,4.779893,1257,7.0280
3041,62,20,4.535185,4.278085,1388,7.4423
3042,20,10,3.261671,2.957251,1356,7.3825
3043,10,21,4.782552,4.762839,1397,7.5478
3044,21,47,3.869547,3.689540,1421,7.5964
3045,47,56,2.682070,2.999511,1398,7.5510
3046,56,34,2.976837,3.052862,1473,7.6513
3047,34,35,3.621980,4.004608,1451,7.6718
3048,35,53,3.230108,3.658276,1469,7.8244
3049,53,17,3.213114,3.161590,1454,7.6475
3050,17,7,3.638518,3.722723,1439,7.6049
3051,7,31,3.584397,3.506343,1487,7.7564
3052,31,54,4.023699,3.776987,1413,7.5200
3053,54,0,3.193177,3.290076,1309,7.1338
3054,0,21,2.930798,3.126406,1168,6.6816
3055,21,48,3.164550,3.291260,1443,7.6516
3056,48,6,5.788091,5.828377,1410,7.6004
3057,6,32,2.652980,2.797859,1348,7.2544
3058,32,9,3.950697,3.850567,1429,7.5655
3059,9,44,3.828585,3.980989,1448,7.6074
3060,44,27,3.922433,4.039360,1427,7.5809
3061,27,20,4.024608,3.951937,1449,7.6130
3062,20,10,3.211102,2.897507,1381,7.4194
3063,10,11,5.056843,5.000018,1432,7.5968
3064,11,45,2.589830,2.582736,1310,7.2405
3065,45,30,3.165869,3.062766,1438,7.5387
3066,30,46,2.299173,2.585247,1423,7.5880
3067,46,46,0.862466,0.505567,1410,7.5419
3068,46,46,0.670894,0.421313,1358,7.3061
3069,46,46,0.585807,0.353730,1417,7.5562
3070,46,46,0.502091,0.298491,1439,7.6334
3071,46,46,0.408433,0.254007,1450,7.6399
3072,46,1,4.884012,5.085990,1424,7.5947
3073,1,47,3.102427,2.999600,1452,7.6455
3074,47,56,2.687607,2.869702,1426,7.6061
3075,56,34,2.978448,2.982808,1367,7.2686
3076,34,40,2.548706,2.550547,1374,7.3337
3077,40,57,3.758668,3.970771,1451,7.6270
3078,57,52,3.804428,3.767378,1411,7.5624
3079,52,21,4.800214,4.305598,1439,7.6388
3080,21,9,4.115234,3.828128,1429,7.6749
3081,9,44,3.703390,3.931724,1468,7.6817
3082,44,35,3.725309,3.784482,1418,7.4785
3083,35,0,3.206685,3.379966,1333,7.4587
3084,0,25,2.208082,2.221297,1424,7.6721
3085,25,29,2.398099,3.046682,1457,7.7275
3086,29,11,2.775925,2.966197,1417,7.5821
3087,11,45,2.480407,2.491918,1448,7.6583
3088,45,30,3.148375,3.001433,1465,7.6604
3089,30,46,2.110661,2.451191,1358,7.2715
3090,46,1,4.399329,4.729802,1386,7.5430
3091,1,19,4.052311,4.220719,1420,7.5768
3092,19,24,4.460932,4.128790,1418,7.6061
3093,24,0,3.833965,4.107617,1456,7.6824
3094,0,21,2.897709,3.088245,1382,7.4535
3095,21,9,3.936328,3.765000,1456,7.6832
3096,9,3,3.453250,3.472623,1414,7.6154
3097,3,39,2.820824,2.927112,1437,7.6732
3098,39,44,2.855232,2.886658,1446,7.6868
3099,44,36,4.635158,4.606567,1416,7.5286
3100,36,21,3.900273,3.892548,1411,7.5683
3101,21,9,3.888491,3.676449,1438,7.6856
3102,9,3,3.207605,3.443710,1440,7.6242
3103,3,41,3.579945,3.683140,1485,7.6639
3104,41,30,4.769948,4.437079,1440,7.6971
3105,30,31,3.986460,3.409522,1462,7.6563
3106,31,54,3.942291,3.632037,1414,7.5798
3107,54,25,2.606327,2.413473,1459,7.6812
3108,25,29,2.347756,2.976125,1457,7.7261
3109,29,23,2.597291,2.475890,1388,7.4478
3110,23,18,3.958786,4.002715,1447,7.6370
3111,18,38,3.401302,3.636214,1435,7.5690
3112,38,54,3.955702,3.920446,1358,7.3841
3113,54,0,3.296933,3.270317,1439,7.7272
3114,0,25,2.273592,2.130051,1414,7.6204
3115,25,29,2.262371,2.932588,1458,7.7238
3116,29,11,2.725116,2.965879,1472,7.6232
3117,11,45,2.441617,2.443357,1437,7.6760
3118,45,30,3.117313,3.020499,1453,7.6494
3119,30,46,2.177612,2.512299,1434,7.5945
3120,46,46,0.537527,0.291550,1389,7.5495
3121,46,46,0.426894,0.246442,1450,7.6068
3122,46,46,0.354682,0.211584,1429,7.6260
3123,46,1,4.493025,4.801131,1417,7.6240
3124,1,19,3.929645,4.186825,1390,7.5102
3125,19,24,4.308248,4.089836,1302,7.0453
3126,24,0,3.768816,4.082859,1331,7.1311
3127,0,21,2.769559,2.987672,1439,7.6967
3128,21,47,3.803354,3.771048,1469,7.7232
3129,47,51,4.233713,4.019079,1444,7.6173
3130,51,51,1.750450,1.189861,1472,7.6309
3131,51,29,3.063089,3.071735,1495,7.6686
3132,29,23,2.583073,2.429104,1463,7.5980
3133,23,18,3.815196,3.927885,1448,7.6533
3134,18,12,4.449459,4.499741,1408,7.6131
3135,12,35,2.704515,2.960532,1345,7.3369
3136,35,8,2.497028,2.870650,1464,7.7699
3137,8,41,3.157100,3.184347,1395,7.3785
3138,41,36,5.297934,5.139903,1222,6.5526
3139,36,34,3.322862,3.368296,1390,7.3565
3140,34,40,2.436662,2.434501,1435,7.6426
3141,40,25,3.745328,4.468338,1326,7.1887
3142,25,36,2.129040,2.458568,1446,7.7598
3143,36,34,3.088202,3.314156,1459,7.6609
3144,34,40,2.243448,2.346159,1417,7.5638
3145,40,25,3.695247,4.382032,1439,7.5699
3146,25,2,4.279733,4.358617,1410,7.6870
3147,2,45,3.216171,3.415532,1454,7.6300
3148,45,63,3.203597,3.480374,1419,7.4630
3149,63,6,4.446662,4.254854,1245,6.6487
3150,6,32,2.762000,2.814502,1468,7.5954
3151,32,27,3.601076,3.793725,1445,7.6131
3152,27,53,4.186438,4.264763,1367,7.2139
3153,53,11,4.276808,4.158081,1335,7.2859
3154,11,45,2.358685,2.404286,1373,7.4158
3155,45,30,2.981388,2.952039,1439,7.5212
3156,30,31,4.149674,3.482493,1444,7.5976
3157,31,12,4.323785,3.777645,1427,7.6076
3158,12,35,2.662062,2.952212,1438,7.6321
3159,35,0,3.239216,3.422528,1449,7.7213
3160,0,60,4.065233,4.133235,1381,7.5522
3161,60,36,3.562323,3.584809,1459,7.6221
3162,36,21,3.716571,3.609811,1303,7.1045
3163,21,47,3.541111,3.685404,1323,7.3115
3164,47,51,4.010108,3.828544,1422,7.5840
3165,51,29,3.006440,3.004126,1367,7.4049
3166,29,11,2.711982,2.871136,1474,7.6301
3167,11,42,3.296153,3.123805,1440,7.6953
3168,42,54,3.413259,3.650751,1420,7.5480
3169,54,25,2.661199,2.438141,1357,7.3464
3170,25,2,4.092223,4.159902,1425,7.6254
3171,2,45,3.079755,3.335120,1437,7.6543
3172,45,62,4.658063,4.797120,1453,7.5931
3173,62,60,4.374758,4.201178,1355,7.3526
3174,60,38,4.127711,3.875436,1444,7.5691
3175,38,50,3.444346,3.595215,1434,7.5918
3176,50,54,4.207041,4.380620,1439,7.5576
3177,54,0,3.173262,3.323633,1434,7.6321
3178,0,21,2.667610,2.889023,1432,7.6614
3179,21,9,3.722393,3.665526,1426,7.6517
3180,9,44,3.918954,3.996094,1403,7.4923
3181,44,35,3.671389,3.738864,1432,7.5617
3182,35,8,2.434395,2.823714,1439,7.6975
3183,8,41,3.008945,3.093040,1471,7.6112
3184,41,6,3.955273,3.747534,1419,7.6086
3185,6,32,2.811191,2.733615,1426,7.5319
3186,32,61,3.630599,3.947945,1306,7.2198
3187,61,2,4.631357,4.393169,1296,6.8837
3188,2,12,3.504238,3.505147,1336,7.2873
3189,12,35,2.678843,2.911936,1354,7.3457
3190,35,8,2.346971,2.731814,1394,7.5257
3191,8,56,3.293624,3.565254,1346,7.4339
3192,56,1,2.889379,2.973084,1392,7.4870
3193,1,19,4.019320,4.124953,1372,7.3114
3194,19,24,4.329877,4.034758,1457,7.6695
3195,24,4,3.860253,3.681543,1417,7.5633
3196,4,23,4.333307,4.198547,1407,7.4956
3197,23,29,1.813810,1.894749,1435,7.6616
3198,29,11,2.562444,2.740649,1396,7.4907
3199,11,45,2.325460,2.420840,1417,7.5906
3200,45,62,4.466556,4.674950,1449,7.5775
3201,62,21,4.780054,4.529272,1432,7.6114
3202,21,48,3.133326,3.411987,1416,7.6610
3203,48,6,5.455763,5.414746,1472,7.7222
3204,6,32,2.824250,2.804386,1387,7.4539
3205,32,27,3.534643,3.692871,1379,7.3418
3206,27,20,3.979223,3.920502,1392,7.4435
3207,20,10,2.998887,2.854308,1410,7.5959
3208,10,11,5.026917,5.040561,1419,7.5344
3209,11,42,3.199941,3.028026,1387,7.5393
3210,42,54,3.421904,3.613437,1450,7.5492
3211,54,25,2.625590,2.432145,1422,7.6028
3212,25,29,2.475835,3.110703,1445,7.6868
3213,29,48,2.384978,2.717255,1322,7.1351
3214,48,6,5.344945,5.365516,1446,7.6274
3215,6,56,3.106091,3.581709,1393,7.4525
3216,56,1,2.828767,2.860068,1375,7.5031
3217,1,32,3.359665,3.321070,1346,7.3652
3218,32,9,3.977989,4.011439,1375,7.3497
3219,9,15,3.729427,3.283196,1423,7.4953
3220,15,49,2.406984,2.586062,1377,7.4420
3221,49,48,4.737723,4.855089,1383,7.5203
3222,48,51,3.451272,3.223627,1448,7.5854
3223,51,16,2.022719,2.085603,1316,7.1059
3224,16,53,4.019502,4.435867,1386,7.5091
3225,53,17,3.162247,3.090284,1274,7.0876
3226,17,7,3.553615,3.656958,1358,7.3485
3227,7,22,3.600092,3.637824,1340,7.2709
3228,22,47,2.752979,3.081088,1446,7.6468
3229,47,51,3.984918,3.733523,1406,7.5832
3230,51,16,1.948623,2.007569,1448,7.6271
3231,16,53,3.897571,4.361054,1444,7.6243
3232,53,17,3.070228,3.013116,1395,7.5609
3233,17,7,3.440560,3.593165,1454,7.6144
3234,7,31,3.627324,3.542018,1454,7.6414
3235,31,30,3.478628,3.020060,1314,6.9345
3236,30,46,2.100221,2.423876,1413,7.5051
3237,46,47,2.649289,3.278483,1391,7.5108
3238,47,56,2.623733,2.910873,1434,7.5980
3239,56,34,3.097675,3.103228,1362,7.2632
3240,34,40,2.300615,2.242646,1392,7.3604
3241,40,25,3.497251,4.269431,1466,7.6884
3242,25,29,2.658741,2.999651,1404,7.5824
3243,29,11,2.608874,2.851992,1409,7.5084
3244,11,42,3.043448,2.914946,1388,7.5275
3245,42,45,2.035394,2.037244,1316,7.0500
3246,45,30,2.979666,2.969046,1467,7.6264
3247,30,31,3.729459,3.366712,1396,7.4094
3248,31,12,4.172469,3.742724,1423,7.6146
3249,12,35,2.573708,2.906828,1336,7.2861
3250,35,53,3.346390,3.835562,1437,7.7590
3251,53,17,2.955505,2.954350,1463,7.7096
3252,17,7,3.465360,3.528929,1446,7.6654
3253,7,31,3.661716,3.508447,1275,7.0375
3254,31,54,3.783632,3.570726,1446,7.5491
3255,54,25,2.562318,2.387878,1409,7.5382
3256,25,36,2.446935,2.554970,1338,7.2542
3257,36,29,2.770486,2.702694,1445,7.6327
3258,29,23,2.634402,2.626068,1384,7.5777
3259,23,29,2.052070,1.957620,1359,7.3503
3260,29,23,2.447760,2.457708,1398,7.4874
3261,23,29,1.872573,1.823952,1423,7.5762
3262,29,23,2.260550,2.296280,1445,7.5696
3263,23,29,1.718405,1.708020,1421,7.6061
3264,29,23,2.124300,2.149415,1411,7.5330
3265,23,18,3.797651,4.052208,1481,7.6799
3266,18,18,2.307378,1.873163,1458,7.6083
3267,18,18,2.161932,1.720681,1307,7.2868
3268,18,38,3.637817,3.685593,1477,7.6506
3269,38,2,3.631220,3.526683,1426,7.4797
3270,2,12,3.468278,3.473193,1421,7.5448
3271,12,20,3.965585,3.839782,1422,7.7679
3272,20,8,3.293145,3.754562,1414,7.5094
3273,8,56,3.209451,3.462725,1362,7.5142
3274,56,34,2.931637,3.010023,1031,6.2023
3275,34,35,3.619376,4.020054,1306,7.2369
3276,35,8,2.179182,2.676224,1451,7.7596
3277,8,56,3.296493,3.389811,1439,7.5968
3278,56,34,2.866073,2.924188,1404,7.5286
3279,34,40,2.295842,2.221326,1458,7.6333
3280,40,57,3.842165,4.121553,1448,7.5596
3281,57,59,4.024864,4.051670,1446,7.5952
3282,59,10,4.000785,4.054989,1442,7.6127
3283,10,11,4.993185,4.930123,1387,7.5061
3284,11,45,2.331939,2.366439,1309,7.3775
3285,45,63,3.185845,3.557762,1443,7.5867
3286,63,18,3.248124,3.174610,1437,7.6313
3287,18,38,3.602055,3.586805,1317,7.0891
3288,38,2,3.538372,3.476773,1350,7.2632
3289,2,54,3.497368,3.153997,1386,7.4704
3290,54,0,3.250378,3.284364,1416,7.5997
3291,0,25,2.367608,2.277323,1402,7.6325
3292,25,2,4.052553,4.106735,1448,7.7166
3293,2,54,3.389061,3.015184,1465,7.6178
3294,54,25,2.412596,2.279786,1411,7.5421
3295,25,2,3.839850,3.954522,1417,7.7052
3296,2,45,3.326521,3.321793,1453,7.6075
3297,45,30,2.970174,2.903454,1454,7.6208
3298,30,46,2.513061,2.596737,1452,7.6305
3299,46,46,0.600722,0.329038,1418,7.6044
3300,46,1,3.953849,4.286720,1429,7.6571
3301,1,19,3.953502,4.109013,1408,7.5561
3302,19,51,4.673260,4.365340,1270,7.0340
3303,51,16,1.858282,1.894693,1450,7.6216
3304,16,23,3.485713,3.882452,1289,7.2041
3305,23,29,1.647407,1.679673,1426,7.6138
3306,29,23,2.036619,2.011254,1396,7.3002
3307,23,29,1.644980,1.585441,1395,7.5968
3308,29,11,2.909457,3.173539,1437,7.4771
3309,11,45,2.277940,2.361588,1413,7.5524
3310,45,63,3.126471,3.486343,1487,7.6849
3311,63,47,4.799612,4.659190,1447,7.5506
3312,47,51,3.752922,3.650210,1396,7.5654
3313,51,16,1.751142,1.847300,1389,7.4677
3314,16,21,4.894422,4.776315,1412,7.6017
3315,21,48,3.101955,3.345546,1435,7.6738
3316,48,25,3.623159,3.690261,1357,7.3518
3317,25,36,2.654342,2.571217,1449,7.7290
3318,36,29,2.567165,2.735303,1240,6.8355
3319,29,23,1.958038,2.006157,1361,7.4893
3320,23,0,5.096065,5.647057,1426,7.6424
3321,0,25,2.262460,2.209101,1440,7.6617
3322,25,29,2.764897,3.055997,1309,7.2909
3323,29,11,2.786243,3.115746,1374,7.4018
3324,11,45,2.284918,2.305451,1406,7.5903
3325,45,63,3.058513,3.374910,1462,7.6119
3326,63,6,4.327938,4.235211,1432,7.6083
3327,6,32,2.836225,2.932954,1289,7.0988
3328,32,9,3.779760,3.853336,1294,6.9875
3329,9,15,3.480484,3.186513,1250,6.8493
3330,15,49,2.334070,2.522889,1437,7.6023
3331,49,50,3.634805,3.613694,1359,7.3893
3332,50,53,4.286589,3.998628,1306,7.0555
3333,53,11,4.202940,4.114519,1403,7.5614
3334,11,42,3.208543,3.039562,1451,7.6759
3335,42,54,3.501762,3.696770,1419,7.5509
3336,54,25,2.362478,2.256680,1397,7.5361
3337,25,2,3.766771,3.839852,1430,7.7443
3338,2,12,3.414656,3.394409,1459,7.6443
3339,12,35,2.566888,2.845590,1336,7.2439
3340,35,0,3.335469,3.565780,1379,7.5058
3341,0,60,4.160857,4.111841,1459,7.7031
3342,60,44,4.221200,4.094034,1389,7.4763
3343,44,35,3.593883,3.728986,1359,7.3921
3344,35,53,3.391726,3.822248,1369,7.5958
3345,53,17,2.880748,2.906624,1417,7.6366
3346,17,2,4.922668,4.931699,1451,7.6267
3347,2,45,3.313333,3.266954,1434,7.6150
3348,45,63,2.963302,3.198925,1475,7.5994
3349,63,18,3.238676,3.142000,1469,7.6338
3350,18,12,4.850514,4.673042,1448,7.6191
3351,12,35,2.553196,2.886793,1436,7.6047
3352,35,53,3.229795,3.708070,1460,7.7651
3353,53,11,4.302996,4.058106,1427,7.6844
3354,11,42,3.039750,2.928885,1410,7.6248
3355,42,54,3.383471,3.621925,1337,7.1029
3356,54,25,2.308023,2.220851,1370,7.2671
3357,25,36,2.556824,2.606809,1402,7.5353
3358,36,29,2.556103,2.627077,1400,7.3899
3359,29,11,2.800635,3.154117,1398,7.4585
3360,11,45,2.321283,2.392474,1449,7.6521
3361,45,63,2.697840,3.108371,1450,7.6507
3362,63,18,3.095218,3.064273,1398,7.4776
3363,18,12,4.690999,4.574916,1435,7.5599
3364,12,35,2.584709,2.898024,1364,7.4290
3365,35,8,2.217184,2.711976,1398,7.6496
3366,8,56,3.162827,3.310391,1329,7.1735
3367,56,34,2.786938,2.831903,1306,7.1882
3368,34,7,3.803889,4.113360,1478,7.7046
3369,7,31,3.595247,3.414230,1330,7.3512
3370,31,12,4.227688,3.804554,1413,7.5717
3371,12,35,2.465240,2.884432,1460,7.6577
3372,35,8,2.138617,2.627985,1414,7.7053
3373,8,41,3.137455,3.171525,1387,7.5928
3374,41,30,4.816008,4.462835,1414,7.6383
3375,30,31,3.972019,3.289614,1332,7.3686
3376,31,54,3.806955,3.528589,1447,7.6035
3377,54,25,2.242017,2.161574,1415,7.5812
3378,25,29,2.745293,3.059478,1446,7.7558
3379,29,23,2.098538,2.191262,1430,7.4056
3380,23,18,3.448611,3.671725,1460,7.7594
3381,18,12,4.677550,4.533976,1426,7.4489
3382,12,20,3.953317,3.873413,1431,7.6603
3383,20,3,4.041395,3.860870,1359,7.3411
3384,3,41,3.294887,3.567479,1442,7.6106
3385,41,30,4.737917,4.413773,1435,7.6881
3386,30,31,3.901530,3.135332,1423,7.5658
3387,31,12,4.112333,3.720947,1420,7.5306
3388,12,35,2.669028,2.964751,1447,7.6699
3389,35,53,3.262795,3.727329,1399,7.6221
3390,53,11,4.270210,3.993923,1421,7.6591
3391,11,45,2.211890,2.341390,1426,7.6435
3392,45,30,3.214428,3.273672,1476,7.6141
3393,30,46,2.585015,2.604721,1433,7.6001
3394,46,47,2.570278,3.126647,1440,7.6231
3395,47,56,2.653308,2.945539,1396,7.5376
3396,56,1,2.809737,2.875508,1415,7.5567
3397,1,19,4.057319,4.025154,1265,7.0115
3398,19,24,4.301483,3.975288,1381,7.5080
3399,24,54,3.716095,3.850058,1391,7.5478
3400,54,0,3.409349,3.398575,1363,7.3989
3401,0,25,2.273577,2.164990,1455,7.7122
3402,25,36,2.565102,2.564724,1392,7.6522
3403,36,34,3.451730,3.510481,1355,7.3920
3404,34,7,3.621577,4.007866,1287,7.0513
3405,7,31,3.549126,3.438652,1433,7.6486
3406,31,12,4.026279,3.626682,1417,7.5750
3407,12,43,4.615709,4.489621,1372,7.5038
3408,43,11,4.611877,4.348649,1326,7.1416
3409,11,42,3.058494,2.926661,1449,7.6502
3410,42,54,3.324845,3.561667,1397,7.4358
3411,54,25,2.225156,2.157738,1313,7.1673
3412,25,36,2.360827,2.474812,1444,7.7555
3413,36,29,2.492332,2.535464,1355,7.4451
3414,29,11,2.922671,3.286177,1318,7.1860
3415,11,45,2.167216,2.307254,1427,7.6259
3416,45,63,2.891752,3.128037,1460,7.6236
3417,63,47,4.990733,4.841873,1426,7.5637
3418,47,56,2.486836,2.912722,1265,7.0722
3419,56,34,2.736561,2.850345,1276,7.0934
3420,34,35,3.622449,4.047080,1259,6.9531
3421,35,0,3.362612,3.574804,1421,7.7207
3422,0,21,3.128404,3.171330,1412,7.5754
3423,21,48,3.161762,3.356733,1457,7.6931
3424,48,51,3.644194,3.347566,1453,7.6931
3425,51,29,3.330041,3.203709,1447,7.6430
3426,29,11,2.731557,3.095912,1372,7.2887
3427,11,45,2.086374,2.241051,1436,7.6213
3428,45,63,2.820604,3.029622,1471,7.5938
3429,63,18,3.031609,2.978869,1414,7.4805
3430,18,12,4.637651,4.501183,1394,7.4536
3431,12,20,4.059244,3.849087,1309,7.0920
3432,20,10,3.028289,2.836447,1447,7.6261
3433,10,2,3.809124,3.476511,1412,7.5831
3434,2,45,3.203776,3.322331,1452,7.6363
3435,45,30,3.407453,3.311489,1431,7.4810
3436,30,31,3.807749,3.220757,1398,7.5240
3437,31,12,3.833450,3.531490,1393,7.5858
3438,12,35,3.503713,3.117091,1357,7.3491
3439,35,0,3.148410,3.392020,1433,7.6733
3440,0,60,4.018306,4.050875,1421,7.6424
3441,60,36,3.481925,3.468914,1445,7.6183
3442,36,34,3.347482,3.475451,1441,7.6416
3443,34,40,2.463521,2.285464,1364,7.3891
3444,40,57,3.621299,3.999382,1438,7.6845
3445,57,59,3.973905,3.993109,1383,7.4387
3446,59,26,3.850496,3.914316,1423,7.6522
3447,26,43,3.826055,3.983219,1416,7.5074
3448,43,51,4.259549,3.995336,1313,7.0575
3449,51,29,3.248028,3.104285,1431,7.5316
3450,29,23,2.163234,2.192672,1356,7.3460
3451,23,29,1.885016,1.802288,1449,7.6474
3452,29,11,2.691273,2.987143,1402,7.3682
3453,11,42,3.062785,2.995644,1406,7.6225
3454,42,54,3.434730,3.518043,1369,7.3336
3455,54,0,3.515983,3.464205,1428,7.6178
3456,0,60,3.902360,3.957212,1398,7.5558
3457,60,38,4.214343,3.921071,1450,7.6252
3458,38,50,3.448100,3.531255,1255,6.8647
3459,50,54,4.256460,4.450407,1389,7.3009
3460,54,25,2.337078,2.217330,1449,7.6335
3461,25,2,3.747047,3.873616,1436,7.7103
3462,2,45,3.385316,3.238512,1453,7.6410
3463,45,62,4.652174,4.728296,1451,7.5952
3464,62,60,4.383841,4.169246,1376,7.4398
3465,60,36,3.331059,3.373356,1443,7.5753
3466,36,29,2.596590,2.697680,1449,7.6474
3467,29,11,2.487430,2.884776,1257,6.6583
3468,11,42,2.915343,2.902039,1403,7.5999
3469,42,54,3.271691,3.499131,1304,6.9188
3470,54,0,3.501653,3.424509,1376,7.5427
3471,0,21,2.891358,3.163078,1460,7.7182
3472,21,9,4.214598,3.632619,1419,7.6572
3473,9,44,3.762150,3.933583,1136,6.4093
3474,44,35,3.695991,3.866357,1320,7.1038
3475,35,53,3.013832,3.606323,1301,7.2152
3476,53,11,4.201695,4.043122,1272,7.0660
3477,11,42,2.717461,2.766141,1329,7.3321
3478,42,0,3.937041,4.114083,1408,7.4109
3479,0,60,3.735222,3.893526,1291,6.9836
3480,60,36,3.399351,3.283657,1409,7.4404
3481,36,34,3.309782,3.384269,1457,7.5858
3482,34,35,3.400410,3.930194,1390,7.4606
3483,35,0,3.370170,3.537637,1436,7.6013
3484,0,21,2.750369,3.066253,1409,7.6622
3485,21,48,3.305104,3.421596,1457,7.6822
3486,48,6,4.991984,4.960268,1423,7.5956
3487,6,32,2.834063,2.965650,1386,7.2521
3488,32,9,3.744885,3.785270,1311,7.2084
3489,9,3,3.306516,3.475535,1400,7.3473
3490,3,41,3.142268,3.477062,1427,7.5768
3491,41,36,5.159478,5.172030,1401,7.6753
3492,36,29,2.556539,2.712669,1244,6.9682
3493,29,23,2.171318,2.275114,1302,7.1234
3494,23,29,1.949595,1.821915,1448,7.6451
3495,29,11,2.583119,2.958611,1257,6.7330
3496,11,45,2.429220,2.532451,1446,7.7231
3497,45,62,4.394008,4.549277,1406,7.4586
3498,62,21,4.513814,4.471956,1335,7.2028
3499,21,9,4.270019,3.653931,1422,7.6663
3500,9,3,3.338110,3.421081,1334,7.2365
3501,3,41,3.107655,3.390978,1437,7.6093
3502,41,6,4.218116,4.002408,1410,7.6652
3503,6,32,3.242375,2.885969,1367,7.2617
3504,32,9,3.702284,3.715484,1396,7.4779
3505,9,15,3.457218,3.245759,1355,7.2467
3506,15,19,4.165922,4.089171,1320,7.2115
3507,19,51,4.546138,4.304703,1277,7.0453
3508,51,16,1.779477,1.814944,1413,7.5456
3509,16,53,3.808155,4.450693,1345,7.3347
3510,53,0,3.962546,4.066215,1470,7.7019
3511,0,21,2.735020,2.931326,1417,7.6118
3512,21,47,3.795198,3.657570,1446,7.6576
3513,47,22,3.721403,3.746707,1415,7.5735
3514,22,47,3.228376,3.125848,1433,7.6145
3515,47,51,3.816690,3.637771,1452,7.6744
3516,51,29,3.232454,3.153544,1464,7.6514
3517,29,23,2.094679,2.160730,1439,7.5646
3518,23,0,5.155842,5.455488,1304,7.1533
3519,0,60,3.653550,3.781035,1492,7.6954
3520,60,38,4.016981,3.907816,1346,7.3081
3521,38,50,3.328051,3.470249,1323,7.1870
3522,50,54,4.138207,4.351936,1355,7.2615
3523,54,25,2.450065,2.268100,1343,7.2302
3524,25,2,3.625602,3.643627,1419,7.6346
3525,2,45,3.414277,3.203962,1424,7.5701
3526,45,63,2.893714,3.026159,1472,7.6002
3527,63,18,2.994117,2.923002,1408,7.5215
3528,18,18,1.709792,1.271845,1342,7.1683
3529,18,12,4.634231,4.491377,1352,7.1463
3530,12,35,3.522910,3.212891,1381,7.4410
3531,35,8,2.340040,2.759845,1390,7.6487
3532,8,41,2.914151,2.999709,1334,7.1727
3533,41,6,4.185283,3.914057,1414,7.6670
3534,6,32,3.050617,2.791250,1443,7.5761
3535,32,61,3.563547,3.924333,1381,7.4407
3536,61,33,3.759802,3.745958,1354,7.3768
3537,33,11,5.374812,4.796356,1416,7.5159
3538,11,45,2.269480,2.451324,1467,7.6468
3539,45,30,3.446131,3.297502,1440,7.5566
3540,30,46,2.844759,2.733245,1421,7.4990
3541,46,47,2.336598,2.936153,1309,7.3195
3542,47,22,3.562775,3.631061,1444,7.6398
3543,22,47,2.819730,2.939099,1443,7.5670
3544,47,56,2.473996,2.845225,1428,7.6222
3545,56,34,2.866517,2.913809,1423,7.5937
3546,34,7,3.712498,4.023793,1360,7.3096
3547,7,31,3.572480,3.407673,1373,7.5088
3548,31,12,3.870732,3.462133,1309,7.1570
3549,12,35,3.352491,3.179082,1463,7.7366
3550,35,0,3.186961,3.300040,1447,7.7426
3551,0,25,2.437286,2.403545,1359,7.4090
3552,25,2,3.440592,3.504081,1381,7.5779
3553,2,45,3.293776,3.125133,1334,7.2546
3554,45,30,3.336247,3.153237,1477,7.6414
3555,30,46,2.781380,2.745729,1391,7.4708
3556,46,47,2.233187,2.824808,1440,7.7316
3557,47,51,3.615828,3.651251,1411,7.6004
3558,51,29,3.172490,3.098427,1433,7.6028
3559,29,23,1.992365,2.026395,1453,7.6740
3560,23,29,1.886251,1.719496,1403,7.4778
3561,29,48,3.039155,3.345788,1445,7.6180
3562,48,6,5.027930,4.969435,1393,7.5303
3563,6,32,3.151026,2.844422,1444,7.6142
3564,32,9,3.427441,3.597411,1424,7.5711
3565,9,15,3.248654,3.151998,1397,7.4302
3566,15,19,3.998040,3.985633,1343,7.4486
3567,19,51,4.683466,4.295892,1413,7.5149
3568,51,51,1.812935,1.284226,1432,7.6525
3569,51,16,1.727454,1.838185,1434,7.6120
3570,16,21,4.748178,4.769135,1464,7.6305
3571,21,48,3.279777,3.273783,1453,7.7814
3572,48,51,3.799622,3.495482,1459,7.7128
3573,51,29,3.188907,2.986158,1446,7.6701
3574,29,11,2.653924,2.988586,1379,7.5474
3575,11,45,2.261595,2.436288,1428,7.6377
3576,45,30,3.121923,3.054014,1471,7.6231
3577,30,31,4.101133,3.405385,1473,7.6654
3578,31,30,3.791594,2.917666,1343,7.3402
3579,30,31,3.921533,3.140786,1445,7.6035
3580,31,54,3.706765,3.468822,1453,7.6547
3581,54,0,3.615136,3.538699,1438,7.7083
3582,0,21,2.630454,2.977226,1455,7.7227
3583,21,47,3.606587,3.523150,1464,7.6861
3584,47,56,2.545608,2.841067,1317,7.1324
3585,56,6,4.626903,4.413889,1341,7.3550
3586,6,56,4.042199,3.544021,1334,7.1719
3587,56,1,2.733315,2.845436,1306,7.1074
3588,1,32,3.486255,3.409989,1058,6.0052
3589,32,27,3.467778,3.676000,1438,7.5085
3590,27,2,4.722237,4.466335,1402,7.5310
3591,2,12,3.525095,3.554695,1453,7.6580
3592,12,20,4.084647,3.831798,1440,7.5962
3593,20,10,2.903262,2.816530,1392,7.4409
3594,10,11,4.977576,5.058768,1471,7.6493
3595,11,42,2.889058,2.823117,1442,7.6585
3596,42,54,3.317095,3.566260,1341,7.1436
3597,54,25,2.349002,2.246213,1336,7.3221
3598,25,36,2.900017,2.708742,1424,7.6318
3599,36,29,2.900023,2.966647,1456,7.6115
3600,29,23,1.964861,2.064300,1428,7.5680
3601,23,29,1.789264,1.696308,1371,7.4887
3602,29,23,1.805681,1.948102,1381,7.4451
3603,23,18,3.428603,3.720327,1281,7.1588
3604,18,18,1.547183,1.084365,1424,7.5136
3605,18,12,4.634055,4.537878,1402,7.4748
3606,12,35,3.589640,3.158813,1418,7.5352
3607,35,8,2.548459,2.721373,1394,7.4731
3608,8,52,4.774901,4.791133,1373,7.3811
3609,52,22,3.948068,3.937520,1404,7.5227
3610,22,35,4.304320,4.456428,1398,7.4260
3611,35,53,3.533749,3.656563,1433,7.6488
3612,53,17,2.988683,3.041659,1443,7.6298
3613,17,7,3.502215,3.591343,1458,7.6943
3614,7,22,3.478640,3.532927,1386,7.5286
3615,22,47,2.742956,3.045627,1473,7.6586
3616,47,56,2.388657,2.760618,1452,7.6807
3617,56,1,2.661625,2.732824,1421,7.6149
3618,1,47,2.400057,2.620461,1465,7.6230
3619,47,56,2.264059,2.635630,1440,7.6207
3620,56,1,2.488611,2.611662,1467,7.5754
3621,1,47,2.342300,2.536995,1440,7.6268
3622,47,56,2.107618,2.518049,1458,7.6461
3623,56,34,3.072753,3.037287,1430,7.6240
3624,34,40,2.278636,2.286350,1454,7.6949
3625,40,25,3.835526,4.507246,1446,7.6409
3626,25,36,2.926564,2.546164,1363,7.3565
3627,36,29,2.657345,2.897409,1452,7.6540
3628,29,23,1.661072,1.894847,1351,7.2188
3629,23,29,1.777176,1.665725,1395,7.5688
3630,29,23,1.620051,1.795337,1318,7.1581
3631,23,29,1.670107,1.583034,1454,7.6585
3632,29,23,1.529869,1.700116,1278,7.0568
3633,23,29,1.573619,1.509287,1415,7.6204
3634,29,23,1.430191,1.618647,1298,7.0090
3635,23,29,1.508525,1.444944,1398,7.5747
3636,29,23,1.356772,1.545630,1397,7.4971
3637,23,29,1.432003,1.387126,1431,7.6505
3638,29,23,1.282405,1.487370,1433,7.5821
3639,23,29,1.377782,1.340606,1434,7.6949
3640,29,23,1.235948,1.432394,1422,7.6009
3641,23,29,1.314807,1.300497,1400,7.6115
3642,29,11,3.355388,3.735759,1341,7.3281
3643,11,45,2.404063,2.522947,1460,7.7169
3644,45,63,2.968487,3.143521,1473,7.6599
3645,63,47,5.156902,4.987025,1448,7.6240
3646,47,56,1.959621,2.456038,1435,7.6155
3647,56,34,2.970186,2.941070,1314,7.2720
3648,34,35,3.389045,3.873742,1390,7.4907
3649,35,8,2.484348,2.602960,1436,7.6978
3650,8,41,2.898191,2.967760,1395,7.5000
3651,41,36,5.181872,5.177174,1376,7.5184
3652,36,21,3.581561,3.440477,1292,7.2018
3653,21,9,4.186957,3.755749,1400,7.5411
3654,9,3,3.233369,3.397637,1423,7.5639
3655,3,41,2.958002,3.329560,1437,7.6423
3656,41,30,5.365377,4.666675,1381,7.5611
3657,30,46,3.175225,2.700921,1431,7.5771
3658,46,1,3.456542,3.833908,1356,7.3272
3659,1,47,2.388480,2.531280,1371,7.4575
3660,47,22,3.667739,3.722673,1458,7.7148
3661,22,47,2.689734,2.865536,1459,7.6202
3662,47,56,2.033387,2.358990,1455,7.6624
3663,56,6,4.624034,4.507104,1475,7.7103
3664,6,32,3.010956,2.735990,1404,7.5664
3665,32,9,3.334712,3.573380,1437,7.5643
3666,9,3,2.938772,3.313737,1369,7.2949
3667,3,41,2.847611,3.226433,1438,7.5896
3668,41,30,4.998574,4.605293,1424,7.7314
3669,30,31,3.636332,2.928771,1404,7.4360
3670,31,30,3.707314,2.656613,1348,7.1708
3671,30,46,2.681904,2.566326,1328,7.1391
3672,46,47,2.204413,2.796891,1442,7.6738
3673,47,22,3.521123,3.628037,1391,7.4393
3674,22,20,4.597959,4.580829,1455,7.6698
3675,20,10,2.895254,2.794628,1358,7.4046
3676,10,21,4.998722,4.871265,1361,7.3217
3677,21,47,3.559310,3.549475,1453,7.7483
3678,47,51,3.696787,3.715372,1416,7.5928
3679,51,29,2.797564,2.833330,1428,7.6271
3680,29,23,1.289931,1.456190,1433,7.6421
3681,23,29,1.312068,1.264900,1380,7.4169
3682,29,23,1.211355,1.405330,1439,7.6163
3683,23,29,1.250071,1.236169,1430,7.5953
3684,29,48,3.667942,4.052244,1444,7.6039
3685,48,51,3.931944,3.517365,1403,7.5489
3686,51,16,1.823419,1.936015,1338,7.3993
3687,16,21,4.879565,4.751531,1461,7.6400
3688,21,9,4.111227,3.678594,1453,7.7353
3689,9,3,2.864924,3.247904,1454,7.6800
3690,3,10,3.721644,3.751764,1407,7.5193
3691,10,2,4.010204,3.533898,1385,7.4296
3692,2,12,3.400434,3.467242,1454,7.7211
3693,12,35,3.697927,3.108418,1426,7.6114
3694,35,0,3.005378,3.245431,1366,7.5831
3695,0,60,3.592929,3.715813,1456,7.7057
3696,60,38,3.921217,3.855390,1377,7.2958
3697,38,54,3.564700,3.714183,1445,7.5675
3698,54,25,2.351084,2.275931,1419,7.6482
3699,25,36,2.981355,2.578482,1434,7.7281
3700,36,34,3.351161,3.459079,1395,7.4646
3701,34,7,3.670817,3.995961,1363,7.4027
3702,7,31,3.688295,3.513033,1387,7.5132
3703,31,54,3.679070,3.393086,1429,7.6557
3704,54,25,2.221352,2.183957,1444,7.6968
3705,25,2,3.494733,3.546685,1437,7.6958
3706,2,45,3.495299,3.226298,1456,7.6513
3707,45,62,4.312249,4.407944,1471,7.6006
3708,62,21,4.321117,4.433371,1437,7.6180
3709,21,48,3.248090,3.204119,1283,6.9862
3710,48,6,5.162257,5.056357,1410,7.6208
3711,6,32,3.107030,2.786536,1385,7.3814
3712,32,9,3.226655,3.520381,1439,7.6234
3713,9,15,3.278922,3.251089,1406,7.5296
3714,15,19,3.847948,3.869838,1407,7.4745
3715,19,51,4.672029,4.364132,1394,7.6272
3716,51,16,1.737281,1.830103,1424,7.5915
3717,16,21,4.809858,4.657867,1402,7.5212
3718,21,9,4.066072,3.657918,1450,7.6839
3719,9,15,3.224542,3.188254,1432,7.5782
3720,15,49,2.416533,2.683120,1460,7.6612
3721,49,43,3.716287,3.774549,1423,7.6704
3722,43,51,4.329439,4.070341,1330,7.2874
3723,51,16,1.683490,1.747521,1371,7.4919
3724,16,23,3.555662,3.986162,1430,7.6213
3725,23,29,1.230575,1.175717,1324,7.1721
3726,29,48,3.185729,3.697460,1250,6.6960
3727,48,6,5.062257,5.039295,1476,7.6731
3728,6,56,3.490553,3.500125,1418,7.5483
3729,56,1,2.450918,2.600899,1391,7.5221
3730,1,19,4.181707,4.235274,1420,7.5514
3731,19,24,4.163309,3.984657,1354,7.2579
3732,24,0,4.505818,4.317349,1363,7.2081
3733,0,21,2.811299,3.067420,1464,7.7537
3734,21,48,2.902231,3.056459,1417,7.5842
3735,48,25,3.764515,3.869532,1454,7.6392
3736,25,2,3.372386,3.401757,1364,7.3509
3737,2,45,3.390617,3.136752,1386,7.4910
3738,45,30,3.441693,3.281463,1463,7.6276
3739,30,46,2.544454,2.551435,1437,7.6301
3740,46,46,0.947015,0.605527,1398,7.5483
3741,46,1,3.691945,3.895646,1437,7.6225
3742,1,47,2.232059,2.405453,1431,7.6369
3743,47,51,3.687206,3.695158,1451,7.6715
3744,51,51,1.806995,1.272961,1289,7.1281
3745,51,16,1.659862,1.728136,1415,7.4643
3746,16,23,3.344951,3.908434,1447,7.6062
3747,23,18,3.770779,4.108122,1339,7.2218
3748,18,12,4.456901,4.393960,1348,7.2746
3749,12,35,3.542503,3.130496,1286,6.9160
3750,35,0,2.993127,3.177274,1452,7.8103
3751,0,25,2.684439,2.526644,1366,7.5227
3752,25,2,3.221349,3.254523,1357,7.4678
3753,2,12,3.388415,3.406773,1416,7.5624
3754,12,20,4.117193,3.852114,1442,7.7058
3755,20,10,2.900721,2.767514,1336,7.0886
3756,10,11,5.044692,5.009735,1436,7.5837
3757,11,42,2.994684,2.887659,1363,7.3492
3758,42,45,2.418664,2.375470,1461,7.5891
3759,45,63,2.913530,3.053686,1426,7.5421
3760,63,18,2.772291,2.718537,1471,7.6020
3761,18,18,1.355440,0.925881,1431,7.5589
3762,18,12,4.431345,4.381104,1416,7.5267
3763,12,20,3.976068,3.798750,1385,7.4572
3764,20,10,2.872071,2.736701,1374,7.3951
3765,10,11,4.894977,4.932270,1444,7.6362
3766,11,45,2.325836,2.486094,1415,7.5842
3767,45,62,4.177199,4.344784,1418,7.4873
3768,62,60,4.227802,4.113591,1388,7.3910
3769,60,36,3.099530,3.243467,1398,7.4188
3770,36,34,3.183714,3.344647,1462,7.6244
3771,34,40,2.397554,2.281811,1136,6.5699
3772,40,25,3.580121,4.468345,1323,7.1492
3773,25,36,2.837719,2.513029,1378,7.4807
3774,36,29,3.084448,3.239180,1408,7.5653
3775,29,48,2.734646,3.238042,1423,7.5910
3776,48,51,4.049954,3.588843,1375,7.2600
3777,51,29,3.202987,2.888691,1224,6.5997
3778,29,48,2.574957,3.024278,1362,7.3940
3779,48,25,3.605793,3.807016,1416,7.5590
3780,25,29,3.458146,3.447371,1372,7.4556
3781,29,23,1.630489,1.671127,1369,7.3097
3782,23,29,1.442083,1.315717,1398,7.5388
3783,29,48,2.476405,2.919391,1399,7.4048
3784,48,25,3.518177,3.726370,1446,7.6354
3785,25,36,2.507599,2.403167,1438,7.7328
3786,36,21,3.722755,3.628697,1375,7.5706
3787,21,47,3.896600,3.478846,1436,7.6430
3788,47,22,3.441099,3.509176,1364,7.4990
3789,22,47,2.479741,2.671983,1243,7.0209
3790,47,56,2.178129,2.530211,1395,7.5266
3791,56,1,2.362623,2.498347,1424,7.5125
3792,1,32,3.681984,3.552017,1430,7.5990
3793,32,9,3.168670,3.473091,1392,7.3541
3794,9,44,3.948561,4.278813,1441,7.5888
3795,44,35,3.991487,4.148217,1441,7.6140
3796,35,0,2.844051,3.121764,1417,7.5528
3797,0,25,2.800980,2.554264,1457,7.6775
3798,25,36,2.268554,2.288765,1420,7.7108
3799,36,21,3.527381,3.531787,1363,7.3897
3800,21,9,4.111355,3.678143,1448,7.7204
3801,9,15,3.215524,3.151203,1370,7.3055
3802,15,19,3.782145,3.839325,1365,7.4800
3803,19,24,4.028768,3.940693,1065,6.1272
3804,24,0,4.752961,4.404394,1449,7.6679
3805,0,60,3.532905,3.676910,1431,7.6735
3806,60,36,3.068179,3.098414,1441,7.5981
3807,36,34,3.266454,3.532685,1360,7.3977
3808,34,7,3.680411,3.953236,1386,7.3893
3809,7,31,3.530083,3.430419,1420,7.5557
3810,31,12,3.772356,3.551006,1306,7.0896
3811,12,43,4.667738,4.561424,1468,7.7161
3812,43,51,4.353041,4.073770,1338,7.2783
3813,51,29,2.988063,2.797392,1434,7.5986
3814,29,11,3.388571,3.732135,1434,7.6089
3815,11,42,2.919653,2.850210,1455,7.7009
3816,42,54,3.274602,3.600092,1443,7.5918
3817,54,25,2.333402,2.312085,1318,7.1670
3818,25,36,2.178201,2.210240,1442,7.7209
3819,36,29,3.279375,3.462301,1400,7.4833
3820,29,48,2.224553,2.750205,1431,7.5685
3821,48,25,3.438380,3.699531,1439,7.6094
3822,25,29,3.108009,3.315924,1373,7.5685
3823,29,48,2.094973,2.579931,1361,7.3315
3824,48,25,3.353163,3.615814,1282,7.0200
3825,25,29,2.970386,3.106353,1454,7.7199
3826,29,23,1.803591,1.928999,1347,7.2884
3827,23,29,1.565389,1.386413,1442,7.6625
3828,29,48,2.094200,2.541044,1374,7.4159
3829,48,51,4.095825,3.766634,1374,7.4605
3830,51,29,2.895061,2.704942,1392,7.5229
3831,29,48,1.944025,2.385214,1239,6.5475
3832,48,51,3.937645,3.661654,1412,7.5694
3833,51,51,1.587136,1.132615,1426,7.5703
3834,51,51,1.394401,0.985016,1456,7.6399
3835,51,29,2.474543,2.609427,1456,7.6410
3836,29,48,1.783630,2.267385,1224,6.7737
3837,48,25,3.340186,3.655568,1416,7.5892
3838,25,36,2.243262,2.203507,1396,7.5980
3839,36,29,3.225789,3.405374,1360,7.3334
3840,29,48,1.707774,2.133357,1363,7.4575
3841,48,51,3.701481,3.460420,1424,7.6482
3842,51,29,2.499652,2.516760,1421,7.5891
3843,29,23,2.070097,2.135343,1401,7.5371
3844,23,29,1.624212,1.439844,1370,7.4725
3845,29,48,1.753620,2.168800,1361,7.4076
3846,48,25,3.321164,3.618729,1416,7.6261
3847,25,36,2.185646,2.119062,1334,7.3550
3848,36,29,3.255487,3.430613,1430,7.6919
3849,29,23,1.950040,2.079444,1449,7.6525
3850,23,18,3.303749,3.748914,1416,7.6230
3851,18,12,4.307168,4.245693,1424,7.4710
3852,12,43,4.790944,4.444774,1420,7.6181
3853,43,51,4.303684,4.068830,1300,6.9432
3854,51,51,1.285625,0.905164,1313,7.2392
3855,51,16,1.967174,2.087747,1378,7.3494
3856,16,21,4.707643,4.703678,1167,6.4640
3857,21,48,2.943567,2.797217,1475,7.7456
3858,48,25,3.072576,3.337506,1453,7.7001
3859,25,36,2.088080,2.044166,1415,7.7174
3860,36,29,3.116321,3.329798,1446,7.6041
3861,29,23,1.849250,1.986941,1439,7.6257
3862,23,29,1.701470,1.517759,1426,7.6081
3863,29,23,1.764319,1.868931,1445,7.6049
3864,23,29,1.587492,1.441650,1381,7.5116
3865,29,11,3.744649,4.078858,1449,7.6257
3866,11,45,2.582860,2.591642,1453,7.6697
3867,45,30,3.365550,3.245799,1451,7.6159
3868,30,46,2.484648,2.520504,1447,7.6320
3869,46,46,0.891777,0.550549,1343,7.2950
3870,46,47,2.610896,3.041304,1363,7.4940
3871,47,22,3.239274,3.397980,1396,7.5468
3872,22,47,2.390658,2.565028,1352,7.3267
3873,47,56,2.184482,2.509430,1326,7.2073
3874,56,1,2.283803,2.423677,1403,7.5503
3875,1,47,2.076197,2.313385,1387,7.5851
3876,47,22,3.163707,3.265320,1372,7.5025
3877,22,20,4.578026,4.634091,1268,7.1064
3878,20,10,2.838396,2.705370,1373,7.4439
3879,10,11,4.937641,4.897486,1447,7.6929
3880,11,42,2.948716,2.871841,1460,7.6674
3881,42,0,4.140423,4.198507,1407,7.5715
3882,0,25,2.860989,2.561625,1448,7.7005
3883,25,29,2.329573,2.880060,1456,7.7321
3884,29,23,1.789018,1.865166,1442,7.7106
3885,23,29,1.492022,1.354063,1443,7.6592
3886,29,11,3.647438,4.101203,1367,7.5115
3887,11,42,2.799025,2.796309,1417,7.6168
3888,42,54,3.734751,3.610280,1448,7.5802
3889,54,25,2.288092,2.337188,1322,7.4147
3890,25,2,3.998400,3.728986,1406,7.6126
3891,2,12,3.272066,3.365561,1431,7.6208
3892,12,35,3.947908,3.319790,1379,7.5172
3893,35,53,3.258333,3.600106,1403,7.6073
3894,53,17,2.994608,3.002901,1375,7.4580
3895,17,2,5.152349,4.983856,1393,7.4584
3896,2,54,3.396555,2.926833,1451,7.6826
3897,54,0,3.677663,3.726539,1471,7.7382
3898,0,25,2.902278,2.414615,1385,7.6181
3899,25,2,3.850299,3.634279,1362,7.5174
3900,2,12,3.169466,3.281802,1433,7.6211
3901,12,35,3.904709,3.218878,1399,7.5646
3902,35,0,3.036564,3.138236,1417,7.6008
3903,0,21,2.919037,3.167026,1437,7.6908
3904,21,48,2.652978,2.884814,1442,7.7510
3905,48,25,2.893282,3.198993,1467,7.6294
3906,25,2,3.532200,3.527982,1448,7.7045
3907,2,12,3.079348,3.188547,1376,7.4755
3908,12,35,3.566080,3.118523,1409,7.5606
3909,35,8,2.520525,2.776655,1422,7.6658
3910,8,52,4.631643,4.635716,1289,6.9279
3911,52,52,3.254869,2.911279,1313,7.2698
3912,52,21,4.833597,4.374895,1439,7.5949
3913,21,47,3.718359,3.472978,1433,7.6191
3914,47,56,1.995856,2.450106,1377,7.5026
3915,56,1,2.202909,2.350840,1451,7.6370
3916,1,47,2.090238,2.315091,1389,7.4692
3917,47,56,1.936825,2.350175,1438,7.5624
3918,56,34,3.412681,3.269303,1422,7.6476
3919,34,40,2.325113,2.237358,1340,7.4821
3920,40,57,3.730636,3.985367,1334,7.2970
3921,57,52,3.838799,3.756264,1440,7.5507
3922,52,21,4.853427,4.371145,1378,7.4301
3923,21,48,2.798775,2.845844,1380,7.4927
3924,48,25,2.733745,3.045644,1338,7.0820
3925,25,2,3.591705,3.410365,1432,7.6482
3926,2,54,3.332484,2.814359,1470,7.6636
3927,54,25,2.168461,2.277357,1435,7.6232
3928,25,36,2.301362,2.310055,1416,7.6215
3929,36,29,2.951260,3.171353,1406,7.5478
3930,29,11,3.361292,3.790647,1418,7.5887
3931,11,42,2.761285,2.709489,1438,7.6203
3932,42,54,3.682390,3.602509,1476,7.6535
3933,54,25,2.088004,2.172629,1176,6.5170
3934,25,29,2.540254,2.956142,1317,7.1447
3935,29,11,3.140024,3.639738,1389,7.6498
3936,11,42,2.625189,2.632737,1446,7.6482
3937,42,45,2.447840,2.407422,1412,7.4543
3938,45,62,4.012520,4.129985,1474,7.5672
3939,62,60,4.137877,4.070901,1432,7.5073
3940,60,36,2.900318,3.075893,1460,7.6120
3941,36,29,2.665662,2.972700,1315,7.1879
3942,29,23,1.946684,2.049884,1392,7.5193
3943,23,29,1.615791,1.422421,1360,7.4115
3944,29,48,2.330029,2.760475,1146,6.2171
3945,48,25,2.746633,3.078772,1409,7.5099
3946,25,36,2.279885,2.272238,1345,7.2254
3947,36,29,2.615612,2.923392,1307,7.2269
3948,29,11,3.081684,3.623204,1145,6.2774
3949,11,42,2.604735,2.584444,1399,7.4632
3950,42,45,2.292385,2.314739,1396,7.4584
3951,45,30,3.398853,3.239330,1471,7.6396
3952,30,46,2.426709,2.494934,1386,7.5299
3953,46,47,2.417511,2.929680,1037,6.3273
3954,47,51,3.886562,3.901365,1186,6.9427
3955,51,16,1.746490,1.942697,1321,7.1727
3956,16,23,3.455510,3.878219,1256,7.1193
3957,23,29,1.632390,1.470170,1430,7.6356
3958,29,48,2.244275,2.674408,1248,6.5357
3959,48,51,3.662229,3.295078,1384,7.3642
3960,51,16,1.635160,1.922295,1439,7.6056
3961,16,21,4.682873,4.674313,1433,7.6219
3962,21,9,3.961653,3.511504,1435,7.6464
3963,9,15,2.983396,3.046969,1374,7.4034
3964,15,49,2.502974,2.702357,1418,7.5939
3965,49,48,4.938985,5.212198,1359,7.3704
3966,48,51,3.472269,3.127111,1383,7.4589
3967,51,29,2.796538,2.744758,1394,7.4605
3968,29,23,2.065284,2.099307,1267,6.7493
3969,23,29,1.629232,1.427562,1443,7.6649
3970,29,11,3.174539,3.509202,1172,6.7537
3971,11,45,2.597751,2.665308,1403,7.4946
3972,45,30,3.208488,3.158530,1440,7.5612
3973,30,31,3.864714,3.144317,1450,7.6266
3974,31,12,3.940127,3.500183,1223,7.0312
3975,12,20,4.080239,3.805132,1336,7.3670
3976,20,10,2.887404,2.676652,1402,7.5311
3977,10,2,4.545621,3.889666,1408,7.5271
3978,2,45,3.143062,3.182123,1408,7.5191
3979,45,30,3.104358,3.040023,1442,7.5907
3980,30,31,3.617412,3.105165,1405,7.4461
3981,31,54,3.743796,3.418779,1412,7.5470
3982,54,25,2.144369,2.204029,1433,7.5866
3983,25,2,3.518020,3.390466,1416,7.6658
3984,2,12,3.172812,3.173509,1429,7.6472
3985,12,35,3.390693,3.049031,1432,7.5790
3986,35,8,2.537114,2.713568,1456,7.6957
3987,8,41,2.800968,2.863812,1418,7.5463
3988,41,36,5.528217,5.515916,1426,7.6744
3989,36,21,3.948352,3.835701,1376,7.3870
3990,21,47,3.430900,3.376349,1362,7.4533
3991,47,56,1.877924,2.335679,1385,7.4621
3992,56,1,2.187958,2.332022,1390,7.5260
3993,1,19,4.666690,4.416007,1275,7.0458
3994,19,24,4.009194,3.848868,1208,6.8735
3995,24,54,3.670269,3.749104,1376,7.4762
3996,54,0,3.715363,3.771250,1475,7.7322
3997,0,25,2.861584,2.483337,1498,7.7472
3998,25,29,2.435566,2.898230,1447,7.6878
3999,29,23,1.982725,2.024930,1428,7.5574
4000,23,29,1.543649,1.378078,1431,7.5886
4001,29,48,2.345509,2.784176,1418,7.6086
4002,48,51,3.394152,3.025523,1408,7.5861
4003,51,16,1.760665,2.024489,1386,7.4480
4004,16,21,4.624264,4.609319,1295,7.0181
4005,21,9,3.739040,3.451820,1440,7.6621
4006,9,44,3.883944,4.232366,1441,7.6915
4007,44,36,4.888346,4.633211,1418,7.5412
4008,36,29,2.468359,2.930137,1317,7.1954
4009,29,11,2.907218,3.435964,1437,7.6121
4010,11,42,2.685590,2.669045,1383,7.5154
4011,42,45,2.101836,2.196751,1414,7.4768
4012,45,63,3.202825,3.367711,1482,7.5955
4013,63,18,2.846471,2.739058,1394,7.4865
4014,18,12,4.203647,4.129031,1364,7.3068
4015,12,35,3.348976,3.026807,1374,7.5010
4016,35,0,2.852665,3.053680,1454,7.7121
4017,0,60,3.597734,3.739683,1461,7.7476
4018,60,38,3.855279,3.797828,1437,7.6178
4019,38,50,3.272685,3.409161,1349,7.2946
4020,50,54,3.988022,4.253426,1429,7.5206
4021,54,25,2.092889,2.270392,1420,7.6112
4022,25,36,2.569813,2.537607,1366,7.4278
4023,36,21,3.772556,3.789488,1358,7.2972
4024,21,9,3.757356,3.362319,1409,7.4787
4025,9,44,3.650118,4.143343,1211,6.7793
4026,44,35,4.493702,4.382474,1401,7.4526
4027,35,53,3.440355,3.673516,1416,7.6690
4028,53,17,2.981816,2.958762,1407,7.6230
4029,17,1,4.339939,4.140695,1384,7.4574
4030,1,32,3.641785,3.478906,1271,7.1549
4031,32,9,3.236173,3.653136,1368,7.3716
4032,9,3,3.064374,3.536532,1402,7.5130
4033,3,39,3.177062,3.302555,1345,7.3657
4034,39,44,2.895932,2.966271,1356,7.3949
4035,44,35,4.423867,4.308661,1407,7.5144
4036,35,8,2.558272,2.633388,1300,7.2149
4037,8,56,3.572782,3.691534,1349,7.3644
4038,56,6,4.657133,4.474048,1404,7.5281
4039,6,56,3.646361,3.313070,1416,7.4458
4040,56,34,3.202244,3.132640,1437,7.5778
4041,34,7,3.417760,3.738719,1452,7.7022
4042,7,31,3.622071,3.467109,1415,7.5716
4043,31,12,3.871006,3.480861,1452,7.6295
4044,12,20,4.018760,3.754012,1409,7.5999
4045,20,3,4.577853,4.343349,1454,7.6740
4046,3,10,3.601585,3.636178,1377,7.5026
4047,10,2,4.285072,3.873621,1368,7.3870
4048,2,12,3.091319,3.079173,1423,7.5887
4049,12,20,3.722934,3.658961,1425,7.6377
4050,20,10,3.086805,2.702341,1460,7.6225
4051,10,11,5.358846,5.303488,1440,7.6383
4052,11,45,2.500817,2.536547,1419,7.5611
4053,45,30,3.031193,3.046400,1429,7.4863
4054,30,46,2.701496,2.712309,1433,7.5769
4055,46,1,3.705411,3.886398,1338,7.2233
4056,1,47,2.193158,2.342409,1421,7.5714
4057,47,56,1.931371,2.337581,1421,7.5619
4058,56,34,3.118044,3.046903,1487,7.6278
4059,34,40,2.347518,2.242944,1388,7.5010
4060,40,57,3.504107,3.869105,1397,7.5195
4061,57,32,3.845004,3.867718,1395,7.4142
4062,32,61,3.529688,3.893116,1445,7.5691
4063,61,33,3.667382,3.675237,1438,7.5694
4064,33,11,5.459261,4.817729,1317,7.1708
4065,11,45,2.262928,2.420217,1416,7.5606
4066,45,30,2.907257,2.973077,1411,7.5513
4067,30,46,2.935509,2.703210,1393,7.4121
4068,46,1,3.535082,3.812153,1353,7.3910
4069,1,47,2.118523,2.232883,1301,7.0610
4070,47,56,1.818600,2.240551,1370,7.5136
4071,56,1,2.125473,2.359011,1474,7.6465
4072,1,32,3.662625,3.546667,1319,7.0826
4073,32,9,3.192241,3.567093,1441,7.5644
4074,9,15,2.982458,3.150087,1461,7.5903
4075,15,19,3.739402,3.826924,1297,7.3031
4076,19,24,3.962905,3.799310,1444,7.7561
4077,24,54,3.643657,3.695078,1446,7.6530
4078,54,0,3.713990,3.764802,1446,7.7716
4079,0,60,3.469003,3.646057,1432,7.7297
4080,60,38,3.928130,3.752725,1384,7.4784
4081,38,50,3.171326,3.362855,1366,7.4128
4082,50,33,3.723876,3.724851,1387,7.4280
4083,33,55,3.795729,3.767588,1398,7.4995
4084,55,42,4.725782,4.526416,1457,7.6580
4085,42,54,4.120772,3.734087,1441,7.6585
4086,54,25,2.140217,2.238637,1411,7.5713
4087,25,2,3.378602,3.324178,1439,7.7041
4088,2,54,3.022002,2.825186,1423,7.6224
4089,54,0,3.566090,3.651367,1316,7.1588
4090,0,60,3.314844,3.556817,1455,7.7391
4091,60,38,3.913183,3.710064,1438,7.6058
4092,38,50,3.153169,3.326713,1314,7.0740
4093,50,54,3.827399,4.099332,1092,6.1687
4094,54,0,3.377471,3.545062,1408,7.5708
4095,0,21,3.112205,3.442133,1438,7.7175
4096,21,9,3.874606,3.392403,1356,7.3992
4097,9,44,4.047291,4.179763,1419,7.6063
4098,44,35,4.245298,4.187043,1367,7.4776
4099,35,8,2.311679,2.513268,1426,7.6648
4100,8,41,2.761980,2.857765,1428,7.6965
4101,41,36,5.372650,5.306385,1420,7.6723
4102,36,29,2.553092,2.880046,1339,7.2433
4103,29,48,2.196716,2.642420,1385,7.5773
4104,48,51,3.207299,2.853089,1425,7.6390
4105,51,51,1.387204,0.859977,1417,7.6489
4106,51,51,1.110020,0.731550,1444,7.6281
4107,51,51,0.961084,0.615582,1298,7.0692
4108,51,51,0.823125,0.514430,1393,7.4971
4109,51,51,0.740770,0.429128,1456,7.6632
4110,51,51,0.625218,0.357640,1424,7.5959
4111,51,16,2.202144,2.617361,1471,7.7240
4112,16,21,4.669241,4.611528,1418,7.4667
4113,21,48,2.845118,2.850183,1452,7.7502
4114,48,25,3.035586,3.343311,1435,7.6764
4115,25,36,2.845247,2.658479,1426,7.7799
4116,36,21,3.659766,3.658276,1434,7.5916
4117,21,9,4.068402,3.334708,1452,7.6415
4118,9,15,3.352965,3.154618,1438,7.5554
4119,15,49,2.637431,2.767004,1254,6.8276
4120,49,50,3.310849,3.460676,1370,7.4021
4121,50,53,4.174139,4.093492,1397,7.4818
4122,53,17,2.920526,2.860589,1411,7.6097
4123,17,2,5.299286,5.106833,1380,7.4385
4124,2,45,2.846683,3.126350,1348,7.2381
4125,45,30,2.812994,2.849881,1438,7.6179
4126,30,46,3.048297,2.679823,1392,7.4405
4127,46,47,2.563596,3.073942,1402,7.5183
4128,47,22,3.274284,3.421404,1308,7.1354
4129,22,35,5.024091,4.751474,1338,7.3054
4130,35,8,2.029560,2.419961,1437,7.6660
4131,8,41,2.706887,2.771131,1351,7.3660
4132,41,6,4.320581,4.076166,1229,6.9290
4133,6,22,3.988277,4.006777,1401,7.5483
4134,22,35,4.847243,4.653285,1426,7.6014
4135,35,8,2.006977,2.338032,1410,7.5608
4136,8,41,2.550014,2.691459,1371,7.5044
4137,41,6,4.217560,3.991669,1375,7.4428
4138,6,56,3.166494,3.284563,1411,7.5645
4139,56,34,3.013016,2.960290,1379,7.3532
4140,34,7,3.289907,3.667756,1432,7.6409
4141,7,31,3.629600,3.385362,1382,7.3971
4142,31,12,3.831221,3.428032,1390,7.5384
4143,12,20,3.698696,3.508831,1467,7.6907
4144,20,10,2.919635,2.698575,1453,7.6243
4145,10,2,4.281353,3.774077,1432,7.6368
4146,2,12,3.136786,3.061141,1456,7.6481
4147,12,35,3.553571,3.266517,1431,7.6511
4148,35,8,1.923995,2.320793,1456,7.6989
4149,8,41,2.413212,2.612132,1428,7.6498
4150,41,6,3.956925,3.899546,1357,7.4745
4151,6,32,2.855132,2.686998,1430,7.5990
4152,32,9,3.342456,3.624172,1390,7.3715
4153,9,3,3.528180,3.635329,1375,7.3301
4154,3,10,3.615510,3.633212,1347,7.2984
4155,10,11,5.215098,5.153347,1461,7.6339
4156,11,42,2.765654,2.661188,1427,7.6128
4157,42,54,3.583772,3.703320,1354,7.3212
4158,54,0,3.349898,3.433478,1444,7.6872
4159,0,21,3.102898,3.407942,1424,7.7158
4160,21,47,3.573641,3.417771,1365,7.3491
4161,47,22,3.067184,3.270825,1450,7.6549
4162,22,35,4.681419,4.604810,1383,7.4735
4163,35,53,3.215500,3.615766,1441,7.6511
4164,53,11,4.240525,4.089468,1445,7.6859
4165,11,45,2.249685,2.398127,1442,7.6031
4166,45,63,3.189283,3.464369,1450,7.5796
4167,63,47,5.013911,4.921126,1451,7.5786
4168,47,51,3.720045,3.541905,1370,7.2638
4169,51,51,0.702786,0.374783,1450,7.6816
4170,51,16,2.070682,2.475204,1376,7.4052
4171,16,53,4.552569,4.900545,1362,7.3720
4172,53,17,2.901552,2.814862,1448,7.6521
4173,17,2,5.170390,4.977914,1435,7.6461
4174,2,12,3.086191,2.978240,1428,7.6044
4175,12,35,3.528137,3.185130,1389,7.4340
4176,35,0,3.409135,3.282412,1417,7.6030
4177,0,25,2.804000,2.411275,1449,7.6589
4178,25,29,2.592454,2.877518,1437,7.7147
4179,29,23,2.143869,2.187198,1387,7.4885
4180,23,18,3.415909,3.791137,1307,7.2870
4181,18,38,3.953191,3.960606,1285,7.0421
4182,38,2,3.500140,3.441468,1464,7.6064
4183,2,45,2.883606,3.075282,1417,7.5857
4184,45,30,2.751413,2.829769,1409,7.5223
4185,30,31,4.199165,3.449682,1434,7.5901
4186,31,12,3.658448,3.336239,1397,7.5671
4187,12,35,3.273024,3.077907,1419,7.5734
4188,35,0,3.219499,3.130523,1370,7.4639
4189,0,60,3.375761,3.581104,1463,7.7095
4190,60,38,3.785875,3.688378,1397,7.4568
4191,38,2,3.319172,3.332331,1388,7.4609
4192,2,12,3.124088,2.916739,1356,7.2407
4193,12,35,3.285228,2.982276,1255,6.9761
4194,35,0,2.934668,2.991291,1442,7.6731
4195,0,21,2.965517,3.347207,1416,7.6444
4196,21,48,2.644551,2.872588,1419,7.6179
4197,48,51,2.756645,2.407325,1267,6.9129
4198,51,29,3.140879,3.309874,1431,7.6097
4199,29,23,2.040125,2.065058,1421,7.5694
4200,23,29,1.746910,1.539844,1447,7.6213
4201,29,48,2.216459,2.620429,1410,7.5823
4202,48,25,3.015238,3.326318,1396,7.5238
4203,25,2,3.771796,3.570830,1382,7.5345
4204,2,45,2.540696,2.978904,1386,7.2652
4205,45,63,3.146421,3.370866,1450,7.6070
4206,63,18,2.911114,2.740630,1415,7.5517
4207,18,38,3.760534,3.822862,1459,7.5927
4208,38,2,3.244048,3.286299,1368,7.4751
4209,2,12,2.994667,2.834752,1400,7.3146
4210,12,43,4.880704,4.812086,1422,7.6333
4211,43,51,4.292903,4.124315,1181,6.6658
4212,51,16,1.881307,2.191271,1437,7.6423
4213,16,23,3.701370,3.991400,1411,7.5922
4214,23,29,1.704137,1.526529,1349,7.4483
4215,29,23,1.949022,1.986490,1363,7.4671
4216,23,29,1.653186,1.443427,1384,7.4961
4217,29,11,3.509633,3.922776,1325,7.0853
4218,11,45,2.395286,2.429629,1387,7.4510
4219,45,63,2.953678,3.276706,1435,7.6013
4220,63,6,4.530162,4.571072,1341,7.2576
4221,6,56,3.181153,3.300199,1300,7.2270
4222,56,34,2.775246,2.807750,1341,7.3212
4223,34,40,2.312969,2.260089,1364,7.4643
4224,40,25,3.840093,4.720451,1434,7.6088
4225,25,36,2.689868,2.596159,1247,6.9061
4226,36,29,2.523007,2.866279,1319,7.0887
4227,29,11,3.257737,3.716877,1188,6.3492
4228,11,45,2.238977,2.365633,1395,7.5196
4229,45,62,4.196798,4.498372,1441,7.5597
4230,62,60,4.055285,4.037781,1328,7.0661
4231,60,38,3.781674,3.620972,1374,7.4468
4232,38,54,3.314978,3.551510,1411,7.4702
4233,54,0,3.388833,3.570488,1403,7.5582
4234,0,25,2.902628,2.508837,1441,7.7281
4235,25,29,2.306503,2.771513,1382,7.6060
4236,29,23,1.983046,2.051125,1329,7.1612
4237,23,18,3.414712,3.923262,1454,7.6622
4238,18,12,4.278660,4.264759,1392,7.4346
4239,12,35,3.255526,2.981474,1363,7.4992
4240,35,0,2.821266,2.890338,1413,7.6301
4241,0,60,3.315227,3.558652,1433,7.6677
4242,60,36,3.137231,3.054762,1416,7.5534
4243,36,21,3.462289,3.443309,1310,7.1920
4244,21,48,2.735727,2.832781,1438,7.6347
4245,48,51,2.866076,2.534969,1424,7.5486
4246,51,29,2.837853,2.922983,1431,7.6470
4247,29,48,2.230421,2.681400,1432,7.6745
4248,48,25,2.945509,3.286749,1381,7.4276
4249,25,2,3.761317,3.521441,1414,7.6675
4250,2,12,2.828003,2.762769,1444,7.6464
4251,12,20,3.626608,3.644205,1327,7.2215
4252,20,10,2.991662,2.718743,1405,7.5175
4253,10,2,4.152360,3.838268,1417,7.5572
4254,2,45,2.547410,2.992961,1452,7.7562
4255,45,63,2.920544,3.222679,1434,7.5673
4256,63,18,2.829085,2.718829,1386,7.4324
4257,18,12,4.125137,4.083945,1350,7.2747
4258,12,35,3.354058,3.008223,1452,7.6315
4259,35,0,2.724266,2.770895,1283,6.9761
4260,0,25,2.834369,2.546972,1414,7.5662
4261,25,29,2.451356,2.793882,1429,7.6609
4262,29,11,3.175590,3.617078,1244,6.7288
4263,11,42,2.919271,2.864060,1425,7.5794
4264,42,0,4.096270,4.472711,1442,7.5839
4265,0,21,2.958604,3.331775,1444,7.6543
4266,21,47,3.618681,3.415771,1455,7.6509
4267,47,22,2.927418,3.125544,1222,7.0059
4268,22,35,4.576716,4.591164,1337,7.2484
4269,35,8,2.698382,2.719424,1409,7.4786
4270,8,41,2.365830,2.516619,1345,7.3200
4271,41,6,3.873770,3.802233,1420,7.6298
4272,6,56,3.181655,3.234841,1437,7.5475
4273,56,34,2.756458,2.704076,1321,7.2128
4274,34,35,3.756569,4.325265,1410,7.6042
4275,35,0,2.735188,2.745320,1439,7.5964
4276,0,21,2.830284,3.233453,1409,7.5891
4277,21,9,3.921771,3.458221,1367,7.4830
4278,9,44,4.057753,4.164844,1365,7.3029
4279,44,35,4.734788,4.680080,1376,7.4981
4280,35,8,2.595270,2.572272,1352,7.2931
4281,8,41,2.219740,2.478231,1396,7.5024
4282,41,6,3.806739,3.702283,1436,7.7524
4283,6,32,2.972366,2.624326,1419,7.5595
4284,32,9,3.198140,3.597066,1259,6.9720
4285,9,15,3.283958,3.130019,1360,7.1497
4286,15,19,3.615933,3.744795,1401,7.5397
4287,19,38,4.505244,4.346757,1400,7.5538
4288,38,50,3.136451,3.253468,1310,7.1064
4289,50,54,3.649134,3.992710,1392,7.4967
4290,54,25,2.379809,2.566731,1438,7.6682
4291,25,36,2.636836,2.599548,1428,7.6828
4292,36,21,3.216150,3.237203,1455,7.5660
4293,21,48,2.952670,2.842078,1451,7.6802
4294,48,25,2.907941,3.200044,1465,7.6548
4295,25,36,2.488170,2.500937,1391,7.6212
4296,36,29,2.583914,2.857041,1263,6.9733
4297,29,23,2.081099,2.084614,1085,6.1747
4298,23,18,3.261970,3.768721,1280,6.9335
4299,18,12,3.871852,3.983989,1369,7.2528
4300,12,43,4.780369,4.698135,1419,7.5314
4301,43,51,4.425275,4.101864,1447,7.5918
4302,51,29,2.798090,2.874710,1431,7.6381
4303,29,23,1.943212,1.950777,1074,6.0604
4304,23,18,3.123615,3.707317,1434,7.6002
4305,18,38,3.901588,4.006090,1433,7.5334
4306,38,2,3.325195,3.283181,1196,6.8361
4307,2,45,2.628322,2.958189,1451,7.6314
4308,45,63,2.798312,3.103586,1468,7.6569
4309,63,6,4.542740,4.627843,1436,7.5385
4310,6,32,2.912109,2.598468,1407,7.4989
4311,32,9,2.975997,3.481140,1204,6.8533
4312,9,15,3.104300,3.022528,1272,6.9805
4313,15,49,2.570777,2.816241,1392,7.5503
4314,49,50,3.199677,3.362564,1212,6.7070
4315,50,54,3.517035,3.959537,1283,6.9477
4316,54,0,3.460553,3.700136,1428,7.6522
4317,0,25,2.781501,2.431786,1427,7.6279
4318,25,36,2.390394,2.381942,1459,7.7960
4319,36,29,2.514390,2.836986,1449,7.6220
4320,29,23,1.768819,1.873209,1343,7.5348
4321,23,18,3.035578,3.630974,1348,7.2447
4322,18,38,3.795287,3.926919,1310,7.2313
4323,38,50,2.988380,3.183139,1277,6.9069
4324,50,53,4.288395,4.085872,1291,7.2376
4325,53,11,4.118842,4.038098,1237,6.8216
4326,11,45,2.319132,2.466885,1464,7.6808
4327,45,30,2.931357,3.053691,1458,7.6990
4328,30,31,3.975452,3.267954,1458,7.6626
4329,31,54,3.984142,3.613645,1419,7.6530
4330,54,25,2.545532,2.575678,1430,7.5856
4331,25,36,2.252379,2.304480,1381,7.6353
4332,36,29,2.413709,2.762704,1443,7.6524
4333,29,23,1.719031,1.836949,1436,7.6641
4334,23,0,5.602591,6.011649,1468,7.6661
4335,0,25,2.610995,2.271977,1453,7.6566
4336,25,36,2.141679,2.208287,1428,7.6920
4337,36,29,2.338384,2.692232,1439,7.6647
4338,29,23,1.635632,1.799867,1370,7.3830
4339,23,18,2.981937,3.637624,1346,7.4504
4340,18,38,3.605031,3.828598,1298,7.1523
4341,38,2,3.288699,3.275233,1358,7.2328
4342,2,12,2.835197,2.758895,1437,7.6346
4343,12,35,3.735818,3.189594,1356,7.5107
4344,35,8,2.540827,2.534672,1321,7.3087
4345,8,41,2.128544,2.433184,1340,7.2369
4346,41,36,5.692120,5.802700,1244,6.8668
4347,36,29,2.170939,2.589411,1435,7.6396
4348,29,23,1.495116,1.774554,1324,7.3383
4349,23,18,2.886479,3.542301,1419,7.6493
4350,18,38,3.524125,3.760841,1439,7.5580
4351,38,50,3.041093,3.140115,1370,7.4322
4352,50,33,3.688851,3.733269,1132,6.3348
4353,33,11,5.360401,4.801529,1292,7.0835
4354,11,45,2.266505,2.416159,1355,7.3418
4355,45,63,2.719690,3.114289,1428,7.5567
4356,63,6,4.394667,4.504498,1436,7.5508
4357,6,32,2.904612,2.570276,1418,7.4292
4358,32,61,3.384491,3.962453,1442,7.6043
4359,61,34,4.696508,4.554206,1285,7.1669
4360,34,35,3.727588,4.251144,1340,7.1376
4361,35,0,2.692111,2.789922,1408,7.5289
4362,0,21,2.797774,3.210910,1390,7.4974
4363,21,47,3.574019,3.412743,1406,7.5553
4364,47,22,2.801491,3.001262,1394,7.4867
4365,22,35,4.371571,4.405348,1443,7.6744
4366,35,0,2.504003,2.687257,1392,7.5064
4367,0,25,2.308020,2.329170,1400,7.6526
4368,25,36,2.261400,2.281675,1466,7.8190
4369,36,29,2.133438,2.525575,1419,7.5364
4370,29,11,3.526292,4.020295,1447,7.6728
4371,11,45,2.280304,2.347146,1375,7.3267
4372,45,30,2.887585,3.062949,1446,7.5692
4373,30,31,3.878457,3.198410,1476,7.6599
4374,31,54,3.760468,3.475624,1412,7.5522
4375,54,25,2.415462,2.486213,1417,7.5992
4376,25,29,2.312258,2.903559,1462,7.7911
4377,29,23,1.659232,1.903299,1471,7.7505
4378,23,29,1.923493,1.701123,1438,7.6709
4379,29,11,3.455164,3.968367,1430,7.6963
4380,11,42,2.999031,2.943909,1423,7.5698
4381,42,54,3.865279,3.899530,1365,7.3103
4382,54,25,2.194516,2.350923,1367,7.4718
4383,25,36,2.134169,2.326140,1429,7.7194
4384,36,29,1.957622,2.370566,1397,7.5011
4385,29,11,3.167278,3.794289,1434,7.6896
4386,11,45,2.291480,2.366938,1398,7.5491
4387,45,62,4.191795,4.491022,1432,7.6093
4388,62,21,4.343217,4.444232,1416,7.5091
4389,21,48,3.120525,2.998179,1422,7.6044
4390,48,51,3.092779,2.670289,1405,7.5137
4391,51,29,3.200341,3.092349,1435,7.6588
4392,29,48,2.698779,3.066156,1469,7.6913
4393,48,25,3.048514,3.403579,1432,7.5648
4394,25,29,2.584154,2.880030,1289,7.2136
4395,29,23,1.891171,2.088521,1416,7.6515
4396,23,29,1.810881,1.623364,1179,6.3720
4397,29,11,3.362169,3.638702,1447,7.6452
4398,11,42,2.964607,2.973714,1408,7.5524
4399,42,45,2.082699,2.124746,1427,7.5568
4400,45,62,4.062520,4.343023,1440,7.5518
4401,62,21,4.164274,4.358018,1314,7.1285
4402,21,48,2.994225,2.852112,1445,7.6816
4403,48,25,2.963826,3.288289,1423,7.5740
4404,25,29,2.310391,2.725326,1350,7.4809
4405,29,48,2.525699,2.925971,1288,7.1174
4406,48,51,3.105828,2.736190,1377,7.4530
4407,51,29,2.936240,2.948968,1324,7.3363
4408,29,11,3.056295,3.439278,1306,7.0949
4409,11,24,5.760627,5.564312,1344,7.1755
4410,24,54,3.605919,3.566620,1098,6.3595
4411,54,25,2.257704,2.372120,1313,7.2709
4412,25,29,2.252061,2.751957,1387,7.5728
4413,29,11,2.664259,3.269993,1435,7.6286
4414,11,45,2.275894,2.452562,1452,7.6048
4415,45,30,2.840247,3.126976,1445,7.5400
4416,30,31,3.638300,3.122796,1459,7.5991
4417,31,54,3.385822,3.373525,1435,7.6429
4418,54,25,2.107187,2.269497,1363,7.3964
4419,25,29,2.082710,2.724074,1434,7.6690
4420,29,23,2.115563,2.315862,1428,7.5956
4421,23,29,1.748418,1.564396,1308,7.1645
4422,29,11,2.650220,3.214263,1418,7.5493
4423,11,42,3.125523,3.126518,1415,7.4799
4424,42,0,4.339272,4.601550,1354,7.3836
4425,0,21,2.770108,3.193431,1372,7.4361
4426,21,47,3.341925,3.364454,1454,7.6261
4427,47,51,3.765694,3.577125,1456,7.6258
4428,51,51,1.220066,0.726025,1414,7.5702
4429,51,16,1.984116,2.192633,1455,7.6473
4430,16,21,5.234502,4.993441,1228,6.5858
4431,21,48,2.879601,2.794173,1439,7.6445
4432,48,6,5.712913,5.807410,1421,7.6009
4433,6,56,3.418143,3.345475,1394,7.3751
4434,56,34,2.685916,2.643654,1359,7.2858
4435,34,7,3.287548,3.537407,1367,7.4316
4436,7,31,3.758345,3.520300,1352,7.4728
4437,31,30,3.572372,2.731347,1430,7.5776
4438,30,46,3.482959,2.843124,1463,7.6165
4439,46,46,1.135180,0.678503,1377,7.4409
4440,46,46,0.871024,0.567820,1442,7.6460
4441,46,47,2.800025,3.254250,1393,7.5872
4442,47,51,3.460599,3.463806,1452,7.6536
4443,51,16,1.670576,2.084435,1411,7.5609
4444,16,21,5.030419,4.875830,1419,7.4942
4445,21,9,3.973022,3.562761,1456,7.6554
4446,9,3,3.551710,3.646812,1463,7.6121
4447,3,41,2.928068,3.305814,1455,7.5800
4448,41,36,5.475243,5.644495,1417,7.6933
4449,36,29,1.846488,2.352994,1338,7.3052
4450,29,11,2.421601,3.062128,1436,7.6119
4451,11,45,2.320944,2.513366,1436,7.5583
4452,45,63,2.905783,3.360224,1444,7.5902
4453,63,18,2.930136,2.829585,1421,7.5569
4454,18,38,3.336866,3.452260,1435,7.5355
4455,38,50,2.796971,3.043665,1466,7.5937
4456,50,53,4.161029,4.047915,1398,7.4970
4457,53,11,4.372585,4.321398,1399,7.5010
4458,11,42,2.957520,3.032964,1426,7.5212
4459,42,45,2.052770,2.005412,1420,7.6042
4460,45,63,2.757421,3.245122,1453,7.6175
4461,63,6,4.227036,4.367975,1399,7.4263
4462,6,56,3.576785,3.343223,1448,7.6077
4463,56,34,2.551769,2.547663,1337,7.2783
4464,34,40,2.398484,2.351339,1324,7.2233
4465,40,25,3.926677,4.856656,1378,7.4499
4466,25,36,2.829070,2.616319,1425,7.7003
4467,36,34,4.147598,4.414105,1392,7.4538
4468,34,40,2.415968,2.228089,1418,7.6368
4469,40,25,4.207160,4.772631,1263,6.8570
4470,25,29,2.535128,2.600162,1378,7.4896
4471,29,11,2.382784,3.025308,1454,7.6784
4472,11,42,2.854742,2.958065,1317,7.0573
4473,42,0,4.262030,4.594983,1443,7.5812
4474,0,60,3.507417,3.808689,1466,7.7372
4475,60,38,3.798517,3.789251,1441,7.6377
4476,38,54,3.528696,3.560536,1438,7.5851
4477,54,25,2.159447,2.346255,1447,7.6906
4478,25,36,2.609367,2.515406,1456,7.7266
4479,36,21,3.434197,3.495464,1465,7.6485
4480,21,48,2.810161,2.698343,1378,7.3970
4481,48,6,5.353875,5.548093,1481,7.6283
4482,6,56,3.561642,3.304997,1279,6.9307
4483,56,6,4.345469,3.886504,1427,7.6280
4484,6,32,3.252081,2.708394,1419,7.5644
4485,32,27,3.552057,3.812969,1354,7.3554
4486,27,20,4.092219,4.048063,1327,7.2626
4487,20,3,4.732764,4.436009,1422,7.5750
4488,3,41,2.723172,3.175033,1419,7.5867
4489,41,36,5.403103,5.664539,1430,7.7367
4490,36,21,3.203066,3.266955,1425,7.6096
4491,21,47,3.488866,3.267533,1437,7.6303
4492,47,22,2.870962,3.055687,1411,7.4691
4493,22,20,4.540841,4.695198,1339,7.2863
4494,20,8,3.614650,3.743512,1450,7.6060
4495,8,41,2.089643,2.346410,1420,7.6255
4496,41,30,5.171980,4.971724,1414,7.7050
4497,30,31,3.536168,2.875312,1443,7.5149
4498,31,12,3.870764,3.472547,1386,7.4813
4499,12,35,3.595628,3.114013,1435,7.6278
4500,35,53,3.905613,4.073305,1389,7.5320
4501,53,11,4.336954,4.241003,1413,7.5948
4502,11,42,2.642653,2.759760,1320,7.2909
4503,42,54,4.504636,4.297232,1342,7.3004
4504,54,44,6.316551,6.141080,1417,7.5374
4505,44,35,4.806437,4.664902,1407,7.4483
4506,35,8,2.301979,2.492572,1407,7.5570
4507,8,41,1.992225,2.316988,1275,7.0739
4508,41,30,4.877358,4.822525,1302,7.2230
4509,30,46,3.428755,2.598269,1367,7.2438
4510,46,1,3.628542,4.002387,1426,7.5518
4511,1,32,3.338940,3.319974,1350,7.3929
4512,32,9,3.079837,3.528574,1417,7.5280
4513,9,3,3.401325,3.529388,1376,7.4078
4514,3,39,3.296517,3.444662,1417,7.4614
4515,39,15,3.110485,3.352627,1313,7.2509
4516,15,19,3.508080,3.650123,1410,7.5780
4517,19,24,3.936546,3.820194,1360,7.4505
4518,24,0,4.855147,4.549394,1389,7.3834
4519,0,21,2.562603,3.150077,1377,7.5402
4520,21,48,2.627685,2.618397,1405,7.5868
4521,48,25,3.139664,3.429770,1437,7.5751
4522,25,2,3.748449,3.775925,1430,7.6308
4523,2,12,2.667858,2.777105,1408,7.6409
4524,12,20,3.839624,3.634375,1420,7.5661
4525,20,10,2.964357,2.686432,1302,7.1662
4526,10,2,3.956807,3.705847,1459,7.6836
4527,2,54,2.958618,2.913582,1483,7.6906
4528,54,44,6.287498,6.019420,1362,7.4589
4529,44,35,4.663999,4.525038,1437,7.5595
4530,35,8,2.198828,2.372768,1385,7.4994
4531,8,41,1.942249,2.302310,1419,7.6061
4532,41,6,4.143557,4.032405,1428,7.7144
4533,6,32,3.296020,2.648045,1400,7.4159
4534,32,9,2.911685,3.398064,1344,7.2541
4535,9,15,3.191739,3.044745,1349,7.1506
4536,15,49,2.501595,2.777581,1446,7.6315
4537,49,48,5.114261,5.305339,1420,7.6542
4538,48,25,2.949597,3.339697,1376,7.3852
4539,25,29,2.541739,2.536724,1419,7.6547
4540,29,23,2.183627,2.353381,1392,7.5137
4541,23,29,2.043874,1.715799,1370,7.4027
4542,29,48,2.626718,2.907962,1422,7.5537
4543,48,51,3.043897,2.792491,1403,7.4542
4544,51,29,3.274743,3.073510,1475,7.6573
4545,29,23,2.104856,2.225380,1380,7.4826
4546,23,18,3.149379,3.522212,1308,7.0207
4547,18,38,3.161591,3.367964,1438,7.4761
4548,38,2,3.436890,3.346765,1454,7.5923
4549,2,45,2.971634,3.246157,1417,7.6167
4550,45,63,2.627653,3.080367,1442,7.6137
4551,63,18,2.894204,2.820918,1356,7.2839
4552,18,12,4.095371,4.209096,1376,7.4252
4553,12,20,3.589644,3.528120,1352,7.3644
4554,20,10,2.916807,2.657149,1439,7.6211
4555,10,2,3.899614,3.584177,1390,7.4460
4556,2,12,2.510963,2.724732,1459,7.6696
4557,12,20,3.519235,3.434819,1471,7.6970
4558,20,10,2.839966,2.644265,1443,7.5764
4559,10,2,3.400785,3.459315,1466,7.6770
4560,2,12,2.347116,2.626023,1444,7.6251
4561,12,20,3.274334,3.338019,1465,7.6543
4562,20,10,2.862941,2.627039,1425,7.5352
4563,10,11,5.912823,5.705001,1410,7.5379
4564,11,42,2.618505,2.628852,1459,7.6228
4565,42,54,4.223752,4.191020,1383,7.2413
4566,54,25,2.292279,2.354178,1421,7.5929
4567,25,29,2.446690,2.524941,1342,7.4423
4568,29,11,2.782013,3.320485,1281,6.8944
4569,11,45,2.330079,2.540491,1396,7.4187
4570,45,30,3.131783,3.411209,1458,7.5919
4571,30,46,3.131098,2.569514,1407,7.4939
4572,46,1,3.508858,3.873095,1414,7.6175
4573,1,47,2.457032,2.549560,1425,7.6627
4574,47,51,3.361868,3.347764,1261,6.9309
4575,51,29,3.143501,2.981514,1299,7.1462
4576,29,23,2.009491,2.192013,1388,7.4823
4577,23,29,1.861854,1.596010,1442,7.7160
4578,29,23,1.812820,2.046301,1318,7.2360
4579,23,18,3.015217,3.596187,1440,7.6688
4580,18,12,3.856961,4.087731,1397,7.4571
4581,12,35,3.856366,3.496368,1443,7.6276
4582,35,0,3.040357,2.948520,1447,7.6405
4583,0,25,2.650373,2.537230,1397,7.5096
4584,25,2,3.995630,3.985569,1407,7.6571
4585,2,45,3.123402,3.264975,1379,7.3785
4586,45,30,2.974711,3.238940,1448,7.6322
4587,30,46,3.262904,2.545547,1439,7.5928
4588,46,46,0.982012,0.556646,1353,7.4031
4589,46,47,2.881842,3.394026,1425,7.5827
4590,47,56,2.875591,2.992691,1338,7.3367
4591,56,1,2.504151,2.649406,1288,7.1600
4592,1,47,2.277364,2.436330,1410,7.5270
4593,47,51,3.371428,3.348593,1466,7.6279
4594,51,29,2.896105,2.822815,1440,7.6832
4595,29,23,1.826711,1.908690,1328,7.3686
4596,23,29,1.746912,1.532772,1382,7.5401
4597,29,11,2.944000,3.293170,1427,7.6610
4598,11,42,2.634141,2.703026,1402,7.4347
4599,42,0,4.210389,4.584862,1447,7.5825
4600,0,25,2.565694,2.429818,1252,6.9392
4601,25,29,2.480698,2.589048,1413,7.6328
4602,29,23,1.736448,1.903843,1375,7.4755
4603,23,29,1.670776,1.481559,1315,7.3812
4604,29,11,2.689934,3.225840,1329,7.4152
4605,11,42,2.559810,2.644336,1274,6.9106
4606,42,54,4.333797,4.223284,1338,7.3760
4607,54,25,2.161383,2.307656,1452,7.6820
4608,25,29,2.440403,2.548777,1391,7.6241
4609,29,11,2.455418,3.080014,1139,6.3873
4610,11,42,2.417602,2.571210,1290,6.8085
4611,42,54,4.222757,4.173268,1437,7.6917
4612,54,25,2.245189,2.204117,1411,7.5767
4613,25,36,3.098462,2.813958,1377,7.5850
4614,36,34,3.902687,4.161367,1372,7.4652
4615,34,35,3.734436,4.233798,1229,6.9342
4616,35,0,2.880724,2.916844,1310,7.2427
4617,0,60,3.575882,3.781886,1399,7.5391
4618,60,38,3.910581,3.800910,1344,7.1578
4619,38,2,3.337805,3.252868,1379,7.2370
4620,2,45,2.907800,3.175650,1403,7.4278
4621,45,30,2.822547,3.094213,1442,7.5936
4622,30,46,3.107021,2.473317,1466,7.6617
4623,46,47,2.538121,3.270304,1446,7.6806
4624,47,22,3.022406,3.064154,1420,7.5896
4625,22,35,4.363526,4.403524,1218,6.8981
4626,35,8,2.201489,2.394575,1443,7.6482
4627,8,41,1.885273,2.270768,1303,7.2910
4628,41,36,5.223740,5.562969,1329,7.3571
4629,36,34,3.719806,3.959992,1411,7.5569
4630,34,40,2.565013,2.123978,1396,7.5629
4631,40,57,3.435214,3.914159,1441,7.6330
4632,57,32,4.077520,4.050059,1361,7.3862
4633,32,61,3.354210,3.864367,1275,7.0738
4634,61,2,4.647662,4.585440,1366,7.4489
4635,2,12,2.377350,2.603869,1420,7.5094
4636,12,35,3.566817,3.481413,1291,6.9949
4637,35,0,2.894372,2.812790,1455,7.6798
4638,0,25,2.570839,2.488150,1294,7.2088
4639,25,2,3.925836,3.935460,1362,7.5767
4640,2,45,2.979327,3.126362,1482,7.7067
4641,45,30,2.715470,2.976046,1427,7.5541
4642,30,46,3.294956,2.444570,1478,7.6368
4643,46,1,3.534749,4.096659,1343,7.4668
4644,1,32,3.373981,3.363327,1349,7.4711
4645,32,27,3.405945,3.739693,1362,7.4658
4646,27,2,4.716156,4.478549,1268,6.9971
4647,2,45,2.716673,3.064570,1444,7.6599
4648,45,62,4.012482,4.296638,1441,7.5781
4649,62,21,4.259735,4.385190,1449,7.5504
4650,21,9,4.101225,3.555549,1365,7.3665
4651,9,15,3.053535,2.915469,1250,6.7665
4652,15,49,2.441031,2.739966,1452,7.7402
4653,49,43,3.869196,4.037832,1409,7.6816
4654,43,11,4.613483,4.399911,1422,7.5692
4655,11,45,2.626436,2.890367,1389,7.4527
4656,45,30,2.578779,2.947431,1458,7.5621
4657,30,31,3.954399,3.259052,1401,7.5007
4658,31,12,3.959234,3.509251,1442,7.6811
4659,12,35,3.733417,3.300985,1414,7.5788
4660,35,0,2.626598,2.690240,1280,7.2109
4661,0,21,2.708501,3.275705,1444,7.6301
4662,21,47,3.605177,3.294988,1446,7.6535
4663,47,22,3.006642,2.943547,1356,7.2715
4664,22,35,4.288417,4.390500,1294,7.0371
4665,35,0,2.418748,2.595323,1325,7.1234
4666,0,21,2.520876,3.190893,1405,7.5512
4667,21,48,2.927523,2.788079,1434,7.6183
4668,48,51,3.116310,2.766722,1424,7.5903
4669,51,16,1.765944,2.199385,1451,7.6689
4670,16,21,5.250981,4.913747,1369,7.4378
4671,21,9,3.962445,3.562962,1430,7.6005
4672,9,3,3.329485,3.533097,1355,7.2345
4673,3,41,2.691297,3.178061,1386,7.4508
4674,41,30,4.561555,4.806171,1393,7.5937
4675,30,31,3.849088,3.081392,1401,7.5651
4676,31,30,3.288622,2.541126,1396,7.5222
4677,30,31,3.725236,2.819130,1454,7.5663
4678,31,54,3.464813,3.507362,1416,7.5740
4679,54,25,2.084936,2.218488,1444,7.6643
4680,25,36,3.085315,2.860512,1448,7.7053
4681,36,29,2.499509,2.734198,1358,7.2271
4682,29,11,2.421676,2.948004,1402,7.4988
4683,11,45,2.557295,2.844807,1374,7.3798
4684,45,63,2.853040,3.320283,1315,7.1318
4685,63,6,4.115152,4.224787,1429,7.5205
4686,6,56,3.369235,3.188490,1469,7.6287
4687,56,6,4.098565,3.639255,1292,7.2223
4688,6,32,3.200990,2.617604,1460,7.6392
4689,32,9,2.901021,3.520186,1392,7.4708
4690,9,44,4.270550,4.411211,1374,7.2552
4691,44,36,4.900449,4.511458,1401,7.3853
4692,36,34,3.640109,3.821358,1279,7.3137
4693,34,40,2.155060,2.033026,1443,7.6548
4694,40,25,3.976883,4.854790,1299,7.1790
4695,25,36,3.067190,2.781000,1368,7.4768
4696,36,29,2.490710,2.674037,1384,7.5052
4697,29,11,2.191674,2.795761,1456,7.8169
4698,11,45,2.490810,2.788237,1422,7.6140
4699,45,63,2.694372,3.236111,1368,7.4036
4700,63,18,2.955791,2.884344,1462,7.5639
4701,18,38,3.122065,3.300337,1445,7.6264
4702,38,54,3.424742,3.512239,1294,7.1465
4703,54,25,2.074366,2.258364,1448,7.6464
4704,25,36,2.848414,2.681614,1323,7.3820
4705,36,29,2.262788,2.577690,1326,7.3595
4706,29,11,2.074291,2.690289,1418,7.6658
4707,11,45,2.390452,2.732130,1346,7.2943
4708,45,63,2.555720,3.172983,1416,7.5514
4709,63,6,4.150877,4.292917,1394,7.3695
4710,6,32,3.045517,2.585246,1385,7.4080
4711,32,61,3.184157,3.856412,1150,6.7510
4712,61,33,3.556312,3.570467,1250,6.7624
4713,33,11,5.644604,5.132954,1420,7.6214
4714,11,42,2.563399,2.728594,1403,7.5596
4715,42,54,4.178639,4.031983,1420,7.5488
4716,54,25,2.083880,2.166662,1404,7.6218
4717,25,29,2.549882,2.711269,1341,7.4070
4718,29,11,2.117750,2.729021,1332,7.2468
4719,11,24,6.088594,6.137604,1439,7.5657
4720,24,54,3.449264,3.497659,1341,7.3165
4721,54,25,1.928703,2.122789,1258,6.6546
4722,25,2,3.950198,3.933002,1453,7.7325
4723,2,12,2.334410,2.606372,1455,7.6975
4724,12,20,3.348841,3.266597,1403,7.5342
4725,20,10,2.900958,2.607150,1453,7.6568
4726,10,11,6.371955,6.042078,1359,7.4195
4727,11,42,2.428637,2.605901,1469,7.6776
4728,42,54,4.048610,3.943685,1396,7.5167
4729,54,0,4.201145,4.355746,1427,7.6433
4730,0,60,3.633232,3.835976,1402,7.6060
4731,60,38,3.957457,3.830849,1402,7.4171
4732,38,2,3.280898,3.245581,1463,7.6022
4733,2,12,2.333004,2.521688,1463,7.6341
4734,12,35,3.595064,3.306811,1376,7.4073
4735,35,8,2.282488,2.618594,1401,7.5456
4736,8,56,3.771993,3.931619,1326,7.3824
4737,56,1,2.452613,2.678624,1381,7.5055
4738,1,32,3.298903,3.273115,1277,7.1084
4739,32,9,2.844033,3.474434,1440,7.5750
4740,9,44,4.131531,4.288958,1395,7.5568
4741,44,27,3.773719,3.934159,1193,6.7521
4742,27,53,4.127307,4.346896,1429,7.4727
4743,53,17,2.824539,2.775400,1375,7.4365
4744,17,7,3.661048,3.841587,1420,7.5991
4745,7,31,3.970782,3.566638,1381,7.5317
4746,31,12,3.797760,3.486995,1386,7.4312
4747,12,35,3.593614,3.169954,1339,7.1868
4748,35,8,2.173152,2.616204,1407,7.4992
4749,8,41,1.940015,2.356903,1446,7.6598
4750,41,6,4.007386,3.973983,1463,7.8165
4751,6,32,2.959781,2.522645,1381,7.4626
4752,32,61,3.347327,3.820995,1401,7.4611
4753,61,33,3.510454,3.509542,1343,7.1285
4754,33,11,5.678539,5.157394,1401,7.4698
4755,11,42,2.167691,2.426456,1447,7.6192
4756,42,45,2.064799,2.181150,1437,7.5829
4757,45,63,2.407082,3.066242,1422,7.5915
4758,63,6,4.017546,4.221866,1369,7.4669
4759,6,32,3.180202,2.497772,1465,7.6215
4760,32,9,2.746855,3.412118,1427,7.5506
4761,9,3,3.216684,3.505587,1442,7.6120
4762,3,39,3.262552,3.512120,1444,7.6223
4763,39,59,3.771520,3.766318,1417,7.5968
4764,59,26,3.767642,3.796670,1318,7.1909
4765,26,43,3.689373,3.910001,1386,7.4407
4766,43,46,4.970018,4.443682,1436,7.5827
4767,46,47,2.775212,3.174227,1381,7.4987
4768,47,51,3.282987,3.345941,1445,7.6314
4769,51,16,1.590122,2.077720,1361,7.4188
4770,16,53,3.967268,4.596359,1448,7.6556
4771,53,0,4.085407,4.082994,1419,7.5394
4772,0,60,3.424079,3.678703,1412,7.6774
4773,60,38,3.943565,3.808933,1452,7.6528
4774,38,2,3.214884,3.108397,1397,7.4669
4775,2,45,3.059666,3.157388,1384,7.4656
4776,45,63,2.293256,2.921490,1451,7.6243
4777,63,6,3.918165,4.148861,1476,7.6059
4778,6,32,3.207877,2.472527,1416,7.5767
4779,32,61,3.028129,3.771039,1433,7.6208
4780,61,33,3.394682,3.449635,1422,7.5279
4781,33,18,4.821268,4.485012,1445,7.6570
4782,18,12,3.726980,3.929885,1374,7.4411
4783,12,20,3.282860,3.235935,1358,7.3470
4784,20,10,2.985349,2.600325,1356,7.3868
4785,10,11,6.168944,5.806356,1271,7.0064
4786,11,45,2.251953,2.469439,1431,7.6615
4787,45,30,2.934634,3.489216,1400,7.4899
4788,30,31,3.527216,2.778603,1435,7.6558
4789,31,12,3.675996,3.405574,1447,7.6023
4790,12,43,4.885995,4.847409,1384,7.4777
4791,43,51,4.578307,4.285165,1440,7.6669
4792,51,29,3.127424,2.954102,1463,7.6932
4793,29,11,2.496584,2.975798,1367,7.4935
4794,11,42,2.266727,2.419688,1411,7.4625
4795,42,0,4.750257,4.932610,1422,7.5735
4796,0,25,2.808577,2.671806,1264,7.0032
4797,25,36,2.938750,2.673814,1396,7.5953
4798,36,29,2.291662,2.540490,1410,7.5784
4799,29,48,2.927134,3.201361,1315,7.1158
4800,48,51,3.076925,2.731337,1448,7.6578
4801,51,16,1.538655,2.028305,1456,7.6833
4802,16,23,3.890870,4.130682,1391,7.5349
4803,23,29,1.975184,1.738251,1380,7.5909
4804,29,11,2.514086,2.935617,1430,7.7156
4805,11,45,2.247819,2.528006,1323,7.1176
4806,45,30,2.793829,3.379007,1407,7.4961
4807,30,31,3.368502,2.732553,1494,7.6029
4808,31,30,2.526240,2.298236,1341,7.2588
4809,30,46,3.306248,2.660844,1501,7.6118
4810,46,1,3.579392,3.840177,1476,7.7049
4811,1,19,4.648145,4.370049,1418,7.5714
4812,19,51,5.324579,4.718699,1399,7.6314
4813,51,16,1.583617,1.895756,1451,7.6388
4814,16,21,4.873694,4.797013,1326,7.1331
4815,21,48,2.911809,2.689137,1401,7.4981
4816,48,51,3.156360,2.754236,1442,7.6222
4817,51,16,1.585035,1.894384,1395,7.5354
4818,16,23,3.824017,4.026924,1442,7.6268
4819,23,0,4.917001,5.301455,1421,7.6394
4820,0,21,2.826335,3.356353,1460,7.6719
4821,21,48,2.712019,2.613811,1442,7.6128
4822,48,25,3.238721,3.637166,1415,7.5506
4823,25,36,2.708760,2.531786,1375,7.5707
4824,36,21,3.299645,3.439494,1410,7.5779
4825,21,9,4.248493,3.606550,1425,7.4570
4826,9,15,3.315641,3.052044,1392,7.4516
4827,15,49,2.351674,2.734062,1331,7.1744
4828,49,43,3.747754,3.916323,1435,7.7106
4829,43,51,4.639800,4.313220,1343,7.3089
4830,51,29,2.972937,2.833270,1360,7.3942
4831,29,11,2.249783,2.767297,1444,7.7104
4832,11,42,2.303205,2.507369,1443,7.6478
4833,42,54,4.070763,3.952342,1416,7.5770
4834,54,0,4.030675,4.156909,1437,7.6794
4835,0,60,3.403808,3.657426,1414,7.5630
4836,60,38,3.913149,3.780887,1443,7.6013
4837,38,2,3.037593,2.990268,1469,7.6305
4838,2,12,2.266488,2.563958,1448,7.6446
4839,12,35,3.761517,3.178992,1447,7.6502
4840,35,8,2.087967,2.628003,1433,7.5889
4841,8,41,1.909801,2.334511,1403,7.5764
4842,41,36,5.420434,5.751550,1390,7.5777
4843,36,29,2.302123,2.694489,1410,7.5762
4844,29,11,2.084790,2.676054,1389,7.5553
4845,11,45,2.306152,2.594624,1426,7.5653
4846,45,30,2.732441,3.326468,1460,7.6057
4847,30,46,3.420198,2.601451,1433,7.5349
4848,46,46,1.078244,0.669489,1406,7.5226
4849,46,47,3.070821,3.322047,1441,7.5822
4850,47,22,2.790369,2.927087,1344,7.3408
4851,22,35,4.352921,4.423524,1378,7.5090
4852,35,53,4.030358,4.389834,1278,6.9113
4853,53,17,2.654809,2.748900,1332,7.1602
4854,17,7,3.658570,3.769462,1379,7.4874
4855,7,16,4.022636,4.391063,1323,7.3272
4856,16,21,4.576489,4.618385,1388,7.4758
4857,21,9,3.731423,3.491834,1336,7.1808
4858,9,3,3.182246,3.467921,1444,7.5786
4859,3,39,3.192720,3.484293,1452,7.5635
4860,39,44,3.150240,3.120340,1405,7.5161
4861,44,35,4.956983,4.815809,1440,7.5814
4862,35,0,2.632666,2.823909,1322,7.1590
4863,0,21,2.680828,3.329830,1439,7.6159
4864,21,9,3.708815,3.420576,1401,7.5181
4865,9,15,3.120413,3.071066,1435,7.5632
4866,15,39,3.222275,3.841028,1242,7.0422
4867,39,15,3.097292,3.273388,1408,7.4816
4868,15,49,2.534859,2.717201,1401,7.4599
4869,49,43,3.565231,3.816175,1335,7.2961
4870,43,11,4.682448,4.393270,1416,7.5299
4871,11,42,2.173426,2.474932,1406,7.4730
4872,42,54,3.976940,3.854617,1463,7.6711
4873,54,25,2.258283,2.237085,1403,7.5166
4874,25,36,2.695357,2.589982,1427,7.6938
4875,36,29,2.414327,2.623935,1371,7.3679
4876,29,48,2.734786,3.012678,1404,7.5972
4877,48,25,3.321914,3.611309,1405,7.5438
4878,25,36,2.519152,2.453700,1429,7.6417
4879,36,29,2.377567,2.556837,1442,7.6149
4880,29,11,2.247468,2.777341,1460,7.6587
4881,11,42,2.142663,2.414012,1395,7.5410
4882,42,0,4.364723,4.741596,1404,7.4233
4883,0,25,2.694330,2.564026,1310,7.0799
4884,25,29,2.635014,2.729714,1360,7.4306
4885,29,48,2.591740,2.945735,1444,7.6329
4886,48,51,3.299144,2.829936,1356,7.1945
4887,51,29,3.089268,2.859461,1434,7.6305
4888,29,11,2.414805,2.725777,1366,7.5282
4889,11,45,2.371169,2.700010,1372,7.5020
4890,45,30,2.615237,3.234461,1459,7.6184
4891,30,46,3.028923,2.489748,1486,7.6275
4892,46,47,2.936660,3.240132,1363,7.3311
4893,47,22,2.883088,2.854391,1432,7.5872
4894,22,35,4.172228,4.354766,1326,7.3996
4895,35,8,2.073128,2.559872,1430,7.5403
4896,8,41,1.884490,2.314866,1094,6.1915
4897,41,36,5.355901,5.732581,1375,7.5870
4898,36,29,2.375586,2.535334,1448,7.6774
4899,29,48,2.459981,2.786855,1401,7.6779
4900,48,51,2.875771,2.753507,1308,7.2606
4901,51,16,1.604455,2.015282,1447,7.7041
4902,16,23,3.426946,3.833514,1375,7.4663
4903,23,29,2.280612,2.061936,1434,7.6367
4904,29,11,2.318556,2.663610,1429,7.6475
4905,11,45,2.344264,2.635271,1461,7.7137
4906,45,62,4.195760,4.641721,1459,7.6333
4907,62,21,4.336018,4.462485,1431,7.5484
4908,21,9,4.021203,3.284255,1431,7.5962
4909,9,44,4.099212,4.398381,1369,7.5216
4910,44,35,4.914226,4.729580,1294,7.0449
4911,35,8,2.164356,2.446380,1450,7.6849
4912,8,41,1.774683,2.307300,1427,7.7381
4913,41,6,3.917779,4.006441,1211,7.0280
4914,6,32,3.102894,2.388646,1421,7.5066
4915,32,27,3.426643,3.933456,1414,7.5371
4916,27,20,4.216206,4.181632,1406,7.5352
4917,20,3,4.829151,4.763442,1410,7.4543
4918,3,39,2.991665,3.288309,1362,7.3782
4919,39,59,3.702898,3.740518,1399,7.6047
4920,59,10,4.045499,4.050976,1450,7.6514
4921,10,2,3.486757,3.477112,1424,7.6602
4922,2,54,3.031134,3.110457,1440,7.6539
4923,54,0,3.906174,4.018600,1363,7.3890
4924,0,25,2.680477,2.423575,1333,7.2971
4925,25,36,2.633381,2.498681,1419,7.6650
4926,36,29,2.238782,2.511788,1445,7.5831
4927,29,23,2.820388,3.030811,1423,7.5079
4928,23,29,2.319109,1.986468,1394,7.4974
4929,29,11,2.105956,2.597285,1379,7.4671
4930,11,45,2.236145,2.585855,1464,7.6380
4931,45,30,2.888227,3.320164,1445,7.5089
4932,30,46,3.077115,2.441252,1455,7.6527
4933,46,1,3.775889,4.135481,1429,7.5168
4934,1,19,4.415208,4.210274,1326,7.3898
4935,19,51,4.775777,4.681099,1023,5.9086
4936,51,16,1.657721,1.897937,1357,7.3908
4937,16,23,3.316987,3.680676,1417,7.5545
4938,23,0,4.719518,5.158407,1425,7.6581
4939,0,25,2.404366,2.334096,1451,7.6318
4940,25,2,4.110391,4.054845,1297,7.0473
4941,2,12,2.149555,2.512045,1461,7.6714
4942,12,20,3.408190,3.174602,1371,7.3551
4943,20,10,2.842948,2.552197,1443,7.5985
4944,10,2,3.391819,3.424597,1454,7.6874
4945,2,45,3.475544,3.420121,1414,7.5248
4946,45,30,2.843267,3.145637,1433,7.6068
4947,30,31,3.621396,2.926869,1482,7.6204
4948,31,12,3.572490,3.397352,1449,7.6621
4949,12,35,3.915682,3.319936,1360,7.4087
4950,35,0,2.850120,2.949444,1392,7.5208
4951,0,21,2.790570,3.387134,1392,7.5790
4952,21,47,3.487131,3.341580,1436,7.6193
4953,47,56,3.235448,3.277301,1180,6.6335
4954,56,34,3.044089,2.958141,1485,7.6761
4955,34,7,3.608450,3.712580,1369,7.5026
4956,7,22,3.705251,3.752292,1331,7.2972
4957,22,20,4.563722,4.861810,1290,7.2882
4958,20,10,2.816702,2.504165,1370,7.2362
4959,10,21,5.362542,5.415150,1425,7.6124
4960,21,48,2.752064,2.651739,1438,7.6058
4961,48,51,3.045868,2.755018,1395,7.4150
4962,51,16,1.550080,1.890502,1366,7.2691
4963,16,53,4.082461,4.659366,1396,7.5667
4964,53,17,2.579691,2.661758,1438,7.6560
4965,17,2,5.005758,4.855722,1468,7.6513
4966,2,45,3.032280,3.263896,1452,7.6296
4967,45,30,2.415727,2.983492,1459,7.6044
4968,30,46,3.127730,2.504434,1436,7.5918
4969,46,47,2.974310,3.298476,1471,7.6297
4970,47,56,2.988625,3.174673,1407,7.3985
4971,56,34,2.993436,2.880460,1441,7.6016
4972,34,35,3.815351,4.376427,1452,7.6818
4973,35,53,4.119285,4.328968,1445,7.6500
4974,53,11,4.695490,4.427511,1316,7.0686
4975,11,42,2.369992,2.693721,1428,7.6331
4976,42,54,3.873775,3.737151,1450,7.6007
4977,54,25,2.338501,2.298896,1438,7.6321
4978,25,36,2.523844,2.464536,1352,7.4983
4979,36,34,3.899665,4.168701,1434,7.5314
4980,34,35,3.645987,4.210246,1430,7.6295
4981,35,53,4.326142,4.239842,1397,7.5488
4982,53,11,4.600507,4.307357,1457,7.6915
4983,11,42,2.223349,2.551195,1439,7.6568
4984,42,0,3.955926,4.405526,1423,7.5898
4985,0,60,3.558997,3.819294,1348,7.1451
4986,60,38,3.934110,3.739062,1455,7.6210
4987,38,54,3.123548,3.451010,1472,7.6748
4988,54,25,2.292191,2.267318,1299,7.1836
4989,25,36,2.397717,2.392723,1435,7.7128
4990,36,21,3.453826,3.544911,1352,7.2985
4991,21,47,3.396121,3.283531,1437,7.6134
4992,47,56,2.917078,3.062224,1464,7.6685
4993,56,1,2.510055,2.643326,1282,7.0863
4994,1,32,3.303566,3.248697,1314,7.3226
4995,32,9,3.088119,3.727871,1411,7.4887
4996,9,15,2.951874,3.027488,1425,7.5371
4997,15,49,2.344721,2.685523,1447,7.6281
4998,49,50,3.208256,3.537489,1332,7.3987
4999,50,33,3.358645,3.533767,1452,7.6683
5000,33,55,3.710924,3.652856,1415,7.5942
5001,55,4,3.800559,3.812138,1444,7.5803
5002,4,23,4.651688,4.375161,1385,7.4239
5003,23,29,2.537153,2.091740,1357,7.3422
5004,29,11,2.218435,2.627389,1214,6.9244
5005,11,42,2.146351,2.503271,1445,7.6468
5006,42,0,3.995272,4.277058,1435,7.5875
5007,0,25,2.494747,2.339483,1460,7.7277
5008,25,36,2.356657,2.279767,1451,7.7464
5009,36,34,4.057818,4.226847,1316,7.2170
5010,34,7,3.412996,3.683475,1393,7.5049
5011,7,31,3.865796,3.640354,1276,7.0668
5012,31,30,2.370970,2.307695,1441,7.6148
5013,30,31,3.556185,2.855489,1426,7.5973
5014,31,12,3.415597,3.390980,1336,7.1609
5015,12,35,3.888220,3.306774,1427,7.5895
5016,35,8,2.284264,2.537508,1442,7.6493
5017,8,41,1.758593,2.285126,1410,7.5871
5018,41,30,4.564708,4.890016,1353,7.5632
5019,30,46,2.908946,2.359362,1475,7.6555
5020,46,47,2.936459,3.243773,1419,7.5783
5021,47,22,3.055229,3.105355,1413,7.5656
5022,22,47,2.703834,2.588303,1447,7.5730
5023,47,56,2.870930,2.975746,1427,7.5925
5024,56,6,4.123726,3.728844,1362,7.3097
5025,6,56,3.598703,3.088601,1421,7.5274
5026,56,34,2.993686,3.034781,1384,7.5594
5027,34,40,2.228727,2.211113,1333,7.3391
5028,40,21,4.931944,5.564487,1402,7.4898
5029,21,48,2.760254,2.564107,1469,7.6928
5030,48,6,5.277323,5.555784,1402,7.6279
5031,6,56,3.372846,3.007578,1462,7.6498
5032,56,1,2.418962,2.658025,1403,7.5487
5033,1,47,2.278111,2.387647,1405,7.5375
5034,47,56,2.568002,2.849325,1411,7.5480
5035,56,34,2.921424,3.007756,1415,7.5683
5036,34,35,3.710986,4.198479,1222,6.6704
5037,35,53,4.223833,4.227405,1422,7.6401
5038,53,17,2.675597,2.774678,1270,6.9382
5039,17,2,4.835312,4.720678,1424,7.5833
5040,2,45,2.981109,3.166393,1417,7.5846
5041,45,63,2.807555,3.346133,1388,7.3626
5042,63,47,4.668347,4.822724,1377,7.3829
5043,47,51,3.820757,3.863835,1401,7.5763
5044,51,51,1.639126,1.038422,1441,7.6705
5045,51,29,3.062789,2.892008,1446,7.6681
5046,29,11,2.182768,2.484935,1443,7.6871
5047,11,45,2.455781,2.851397,1378,7.4506
5048,45,30,2.616760,3.105417,1491,7.6281
5049,30,46,2.878883,2.297537,1459,7.6441
5050,46,47,2.671293,3.185406,1428,7.5963
5051,47,56,2.637309,2.801985,1333,7.4443
5052,56,34,2.834889,2.927593,1311,7.3549
5053,34,40,2.488674,2.257401,1419,7.6401
5054,40,25,4.079632,4.871322,1374,7.4535
5055,25,2,4.180387,4.175913,1402,7.6188
5056,2,45,2.993605,3.058222,1314,7.1174
5057,45,63,2.916899,3.296847,1466,7.6067
5058,63,47,4.531080,4.672261,1405,7.4674
5059,47,51,3.664231,3.766436,1428,7.6026
5060,51,16,1.590639,1.964958,1432,7.5938
5061,16,53,3.897719,4.603718,1371,7.4103
5062,53,17,2.624311,2.666502,1414,7.5929
5063,17,1,4.932318,4.563803,1360,7.4004
5064,1,47,2.408866,2.545650,1458,7.6777
5065,47,22,3.369440,3.175175,1450,7.6367
5066,22,47,2.712324,2.550418,1424,7.5369
5067,47,56,2.685753,2.676658,1385,7.4312
5068,56,34,2.766424,2.867526,1279,7.1780
5069,34,40,2.637682,2.209535,1413,7.5781
5070,40,57,3.488328,3.953961,1427,7.5472
5071,57,52,3.751437,3.687802,1436,7.6215
5072,52,21,5.184037,4.590630,1451,7.6209
5073,21,48,2.566529,2.504842,1432,7.6032
5074,48,25,3.154717,3.580137,1397,7.4014
5075,25,36,2.190095,2.177466,1470,7.7781
5076,36,34,4.247249,4.194038,1473,7.7053
5077,34,40,2.468980,2.094101,1489,7.6728
5078,40,21,4.879434,5.447352,1436,7.6558
5079,21,47,3.645908,3.476092,1362,7.3503
5080,47,56,2.568310,2.543331,1425,7.5467
5081,56,6,4.040192,3.671829,1377,7.4274
5082,6,56,3.446839,2.798696,1386,7.4623
5083,56,34,2.702325,2.900662,1412,7.6372
5084,34,40,2.354861,2.053565,1355,7.2468
5085,40,25,4.178466,4.863107,1409,7.5078
5086,25,36,2.049018,2.041598,1361,7.3672
5087,36,29,2.439338,2.984525,1428,7.6371
5088,29,23,2.730925,2.815402,1448,7.6541
5089,23,0,4.284994,4.825484,1349,7.5153
5090,0,21,2.965939,3.494300,1453,7.7532
5091,21,9,3.796549,3.204083,1371,7.5176
5092,9,3,3.162768,3.511241,1160,6.5984
5093,3,41,2.863607,3.273844,1415,7.5603
5094,41,6,3.715928,3.809034,1452,7.8108
5095,6,32,2.900869,2.390037,1452,7.6644
5096,32,9,3.057395,3.702849,1362,7.3887
5097,9,44,3.957952,4.283771,1448,7.6154
5098,44,36,5.627857,5.003875,1409,7.5261
5099,36,34,4.241257,4.040129,1438,7.7066
5100,34,7,3.820532,3.935424,1428,7.6335
5101,7,16,4.213218,4.464551,1418,7.6366
5102,16,23,3.081756,3.511089,1413,7.5072
5103,23,29,2.402314,2.067163,1455,7.7058
5104,29,48,2.466681,2.783429,1380,7.5019
5105,48,51,3.038556,2.668616,1434,7.5985
5106,51,29,2.704257,2.755384,1451,7.6534
5107,29,48,2.320606,2.627832,1416,7.5956
5108,48,51,2.893636,2.592393,1446,7.6215
5109,51,29,2.516236,2.608133,1427,7.7212
5110,29,23,2.637701,2.672246,1443,7.6895
5111,23,18,3.201097,3.691975,1392,7.5898
5112,18,38,3.107418,3.283270,1368,7.2397
5113,38,2,3.013603,3.013157,1426,7.5917
5114,2,54,2.941117,3.003232,1320,7.1666
5115,54,0,3.911816,3.891958,1470,7.6956
5116,0,60,3.764536,3.851782,1455,7.6628
5117,60,38,3.878750,3.707331,1386,7.3702
5118,38,54,3.007736,3.328489,1446,7.6123
5119,54,25,2.714650,2.528659,1451,7.6390
5120,25,36,2.172592,2.135294,1440,7.7257
5121,36,21,3.256790,3.514515,1434,7.6856
5122,21,9,3.925896,3.171507,1460,7.6908
5123,9,44,3.733027,4.162443,1454,7.6215
5124,44,27,3.729420,3.863660,1237,6.9239
5125,27,20,4.155508,4.166902,1362,7.3407
5126,20,3,4.749746,4.639993,1390,7.4809
5127,3,41,2.990878,3.191549,1451,7.6207
5128,41,30,4.480662,4.763502,1457,7.8067
5129,30,46,2.642312,2.161853,1482,7.6166
5130,46,47,2.742723,3.180827,1448,7.6275
5131,47,56,2.415795,2.475296,1450,7.6359
5132,56,34,2.738876,2.904339,1329,7.2666
5133,34,7,3.653533,3.811020,1326,7.2047
5134,7,31,3.957876,3.591000,1445,7.6767
5135,31,12,3.480791,3.323801,1333,7.1773
5136,12,43,4.715216,4.696352,1431,7.6148
5137,43,51,4.857903,4.421152,1396,7.5957
5138,51,16,2.205387,2.086707,1330,7.1284
5139,16,21,4.774863,4.721068,1413,7.5910
5140,21,48,2.506374,2.380136,1422,7.7078
5141,48,51,2.811033,2.568618,1376,7.3347
5142,51,16,2.128827,2.061197,1447,7.6628
5143,16,23,3.017719,3.396080,1422,7.6271
5144,23,29,2.262958,1.966907,1212,6.6749
5145,29,23,2.485480,2.422961,1435,7.6591
5146,23,29,2.180125,1.829225,1348,7.3704
5147,29,11,2.379487,2.753975,1404,7.5665
5148,11,42,2.325412,2.720739,1308,6.8480
5149,42,45,2.142350,2.299563,1411,7.5411
5150,45,30,2.878358,3.133195,1375,7.2047
5151,30,31,3.418386,2.895319,1463,7.5976
5152,31,12,3.361333,3.227816,1462,7.6869
5153,12,35,3.745644,3.224042,1412,7.5201
5154,35,53,4.011684,4.191996,1383,7.5035
5155,53,11,4.606625,4.238454,1173,6.4953
5156,11,45,2.401972,2.792815,1443,7.6314
5157,45,30,2.730968,3.064040,1439,7.6418
5158,30,31,3.379753,2.848426,1493,7.6387
5159,31,30,2.541516,2.229077,1422,7.6260
5160,30,46,2.667540,2.237833,1371,7.2132
5161,46,47,2.714817,3.115677,1398,7.4449
5162,47,56,2.128419,2.398561,1451,7.6969
5163,56,34,2.634639,2.838112,1311,7.2299
5164,34,35,3.720191,4.270849,1390,7.5675
5165,35,8,2.561079,2.555397,1437,7.6368
5166,8,41,1.798261,2.387166,1443,7.7242
5167,41,6,3.594390,3.690386,1368,7.4456
5168,6,56,2.831238,2.763224,1421,7.6271
5169,56,34,2.465068,2.735688,1437,7.6535
5170,34,35,3.467901,4.149542,1416,7.6419
5171,35,8,2.375192,2.445039,1445,7.6567
5172,8,41,1.827962,2.409515,1443,7.6979
5173,41,6,3.399616,3.565912,1432,7.7984
5174,6,22,4.733362,4.674095,1457,7.6502
5175,22,35,3.987458,4.136527,1415,7.5891
5176,35,0,3.209526,3.273984,1469,7.7157
5177,0,25,2.457789,2.432187,1308,7.1054
5178,25,2,4.016255,4.054836,1334,7.3963
5179,2,45,2.992654,3.040494,1472,7.7029
5180,45,63,2.827230,3.288952,1462,7.6409
5181,63,6,4.044133,4.248885,1446,7.6934
5182,6,32,3.093034,2.414345,1462,7.6552
5183,32,61,3.021095,3.799615,1470,7.6758
5184,61,33,3.283237,3.358380,1305,7.2193
5185,33,55,3.567973,3.564253,1452,7.6837
5186,55,42,4.972398,4.703752,1354,7.2812
5187,42,54,3.750369,3.608690,1453,7.6162
5188,54,0,4.326288,3.890449,1407,7.5765
5189,0,25,2.338388,2.291553,1416,7.5777
5190,25,2,3.814691,3.959330,1403,7.5792
5191,2,12,2.515314,2.740117,1430,7.6018
5192,12,20,3.457501,3.186013,1449,7.7121
5193,20,3,4.244670,4.595078,1415,7.6196
5194,3,41,2.881451,3.109245,1286,7.0946
5195,41,36,5.645697,6.027135,1263,7.0060
5196,36,29,2.548305,3.108039,1422,7.5905
5197,29,11,2.330728,2.708817,1368,7.4917
5198,11,45,2.411318,2.828981,1443,7.6005
5199,45,63,2.557090,3.180427,1446,7.6453
5200,63,18,3.604988,3.253161,1481,7.6350
5201,18,12,3.686968,3.945109,1392,7.4494
5202,12,20,3.251557,3.070614,1464,7.6787
5203,20,10,2.675077,2.464687,1378,7.4716
5204,10,2,3.660800,3.482262,1227,6.7880
5205,2,54,3.036315,2.894009,1364,7.3169
5206,54,25,3.213643,2.470149,1378,7.4559
5207,25,2,3.873307,3.846449,1384,7.5741
5208,2,54,2.794229,2.736163,1401,7.4104
5209,54,25,2.790709,2.370355,1379,7.4913
5210,25,29,2.849488,3.189503,1423,7.6802
5211,29,11,2.123005,2.605291,1315,7.2424
5212,11,42,2.501810,2.905282,1331,7.2239
5213,42,54,3.629072,3.620007,1434,7.5791
5214,54,25,2.787417,2.256832,1402,7.4995
5215,25,36,2.431207,2.545668,1382,7.6089
5216,36,21,3.302065,3.414508,1446,7.6825
5217,21,48,2.497531,2.367164,1395,7.4895
5218,48,25,3.147110,3.754921,1403,7.5807
5219,25,2,3.653741,3.733701,1336,7.3850
5220,2,54,2.515212,2.625635,1329,7.3662
5221,54,0,3.917471,3.905826,1382,7.4813
5222,0,25,2.255992,2.172183,1377,7.4219
5223,25,36,2.358605,2.481457,1346,7.4558
5224,36,34,4.035158,3.937248,1405,7.6450
5225,34,7,3.587920,3.750692,1404,7.6140
5226,7,31,3.937231,3.579375,1335,7.4013
5227,31,12,3.301703,3.292765,1373,7.3301
5228,12,35,3.914495,3.382271,1293,7.0714
5229,35,0,3.510942,3.257580,1416,7.6039
5230,0,25,2.260337,2.141592,1467,7.6447
5231,25,29,2.882406,3.224272,1376,7.4311
5232,29,48,2.365674,2.744034,1307,7.4003
5233,48,51,3.000165,2.566867,1439,7.5894
5234,51,29,2.587847,2.529484,1475,7.7162
5235,29,11,2.201151,2.585375,1381,7.5766
5236,11,42,2.429053,2.840013,1406,7.5494
5237,42,0,3.541289,4.014033,1323,7.0307
5238,0,25,2.154620,2.075533,1389,7.5269
5239,25,2,3.691860,3.740535,1321,7.4415
5240,2,12,2.537080,2.791725,1450,7.6270
5241,12,43,4.605644,4.712591,1403,7.5283
5242,43,46,4.773182,4.269601,1377,7.3924
5243,46,1,4.212358,4.469002,1290,7.1448
5244,1,32,3.213431,3.151691,1327,7.0828
5245,32,9,3.431288,3.725548,1311,7.1650
5246,9,3,3.046782,3.438620,1295,7.1515
5247,3,41,2.464034,3.018748,1389,7.5626
5248,41,36,5.436674,5.943057,1441,7.7812
5249,36,29,2.438147,3.008539,1308,6.9505
5250,29,48,2.308533,2.647493,1347,7.4170
5251,48,51,2.742532,2.497284,1366,7.4175
5252,51,16,1.970318,2.114487,1396,7.5407
5253,16,53,3.561645,4.497742,1339,7.2800
5254,53,11,4.548588,4.128138,1445,7.6671
5255,11,42,2.339740,2.711043,1364,7.3676
5256,42,0,3.427689,3.890088,1413,7.4506
5257,0,21,3.013974,3.746771,1459,7.6509
5258,21,47,3.546815,3.647687,1437,7.6761
5259,47,51,3.821872,3.813605,1436,7.5374
5260,51,16,2.313267,2.064289,1429,7.6886
5261,16,53,3.509827,4.399410,1355,7.4116
5262,53,11,4.350833,3.976270,1373,7.4528
5263,11,42,2.106874,2.599375,1451,7.6983
5264,42,0,3.160045,3.779856,1437,7.5599
5265,0,25,2.090243,2.050820,1469,7.6831
5266,25,36,2.485819,2.631871,1194,6.9254
5267,36,34,3.840907,3.756935,1461,7.7050
5268,34,35,3.385160,3.943271,1311,7.3384
5269,35,0,3.484477,3.291749,1311,7.3458
5270,0,60,3.866876,4.102652,1381,7.4978
5271,60,38,3.823267,3.672037,1385,7.4264
5272,38,2,2.909998,2.947693,1323,7.0259
5273,2,12,2.443683,2.687691,1442,7.5523
5274,12,35,3.901945,3.439276,1392,7.5647
5275,35,53,4.361638,4.507796,1309,7.3719
5276,53,17,2.541140,2.724205,1243,6.8595
5277,17,1,4.717956,4.482662,1445,7.7155
5278,1,47,2.520616,2.587711,1408,7.5837
5279,47,22,3.427375,3.208433,1438,7.6566
5280,22,47,2.684601,2.516231,1396,7.5512
5281,47,56,2.309787,2.359709,1455,7.6479
5282,56,34,2.658557,2.858510,1270,6.8474
5283,34,40,2.756199,2.342966,1453,7.7082
5284,40,57,3.490739,3.936338,1373,7.3694
5285,57,32,4.456986,4.475336,1339,7.2930
5286,32,9,3.128580,3.520515,1435,7.6003
5287,9,15,2.909987,3.102257,1425,7.4973
5288,15,19,3.625753,3.881017,1367,7.4865
5289,19,51,5.109507,4.847849,1175,6.5549
5290,51,29,2.313428,2.542910,1293,7.0326
5291,29,48,2.241690,2.541870,1367,7.3460
5292,48,51,2.913859,2.519213,1419,7.6083
5293,51,16,2.038004,1.995909,1407,7.4771
5294,16,53,3.365015,4.321231,1451,7.6009
5295,53,11,4.155819,3.829305,1425,7.7222
5296,11,45,2.589193,2.984302,1386,7.6328
5297,45,63,2.609710,3.102187,1417,7.5731
5298,63,6,3.951315,4.184332,1449,7.6532
5299,6,32,3.169359,2.479522,1460,7.6893
5300,32,9,3.303330,3.401842,1416,7.5587
5301,9,15,2.851648,3.027343,1431,7.5672
5302,15,19,3.474087,3.794611,1414,7.6456
5303,19,24,3.959136,3.796697,1375,7.4573
5304,24,0,4.769300,4.461133,1331,7.2561
5305,0,25,2.070309,2.029908,1289,7.0094
5306,25,36,2.426431,2.520598,1413,7.6739
5307,36,29,2.739556,3.032946,1378,7.4811
5308,29,11,2.534494,2.868567,1413,7.5823
5309,11,45,2.468823,2.933072,1373,7.4812
5310,45,30,2.985644,3.269598,1430,7.5241
5311,30,31,3.225173,2.711013,1438,7.6041
5312,31,30,2.590291,2.242350,1401,7.5057
5313,30,46,2.629660,2.266011,1420,7.5685
5314,46,46,1.152564,0.737978,1325,7.0559
5315,46,46,0.956337,0.622019,1404,7.4858
5316,46,1,4.538186,4.707341,1408,7.5096
5317,1,47,2.417778,2.413355,1164,6.9331
5318,47,22,3.073700,2.982764,1307,7.1497
5319,22,20,4.542336,4.751062,1374,7.2939
5320,20,10,2.660692,2.423281,1457,7.6437
5321,10,21,5.408683,5.452442,1333,7.2337
5322,21,48,2.442928,2.418680,1428,7.6346
5323,48,51,2.697360,2.425178,1354,7.3174
5324,51,51,1.442087,0.934516,1434,7.6309
5325,51,29,2.460094,2.555771,1446,7.6504
5326,29,23,2.826582,2.852991,1439,7.7286
5327,23,29,2.384282,1.945400,1271,6.9431
5328,29,11,2.418540,2.804719,1435,7.6373
5329,11,45,2.450720,2.895815,1448,7.7147
5330,45,30,3.278011,3.274378,1431,7.5497
5331,30,46,2.385913,2.056689,1447,7.6451
5332,46,47,3.175533,3.465424,1414,7.4921
5333,47,56,1.968745,2.323679,1282,7.0280
5334,56,1,2.706114,2.953650,1384,7.5162
5335,1,32,3.189105,3.128200,1415,7.5764
5336,32,27,3.893329,3.900173,1430,7.5436
5337,27,2,4.903604,4.726268,1147,6.4765
5338,2,12,2.180421,2.573823,1430,7.5738
5339,12,35,3.731320,3.334114,1302,7.0167
5340,35,8,2.309341,2.678921,1445,7.7107
5341,8,56,4.086206,4.088402,1269,6.9604
5342,56,6,3.904276,3.520063,1388,7.4627
5343,6,32,3.074099,2.376388,1477,7.6666
5344,32,27,3.718547,3.788245,1424,7.5722
5345,27,20,4.070557,4.124966,1306,6.9953
5346,20,3,4.595335,4.509439,1409,7.4850
5347,3,41,2.838658,3.010868,1391,7.4516
5348,41,6,3.460696,3.458760,1461,7.8397
5349,6,32,3.038654,2.325311,1322,7.2448
5350,32,9,3.186182,3.369488,1422,7.4718
5351,9,3,2.836290,3.400073,1411,7.5195
5352,3,41,2.916434,2.930725,1364,7.3545
5353,41,36,5.379391,5.817249,1379,7.6500
5354,36,29,2.502636,3.009554,1401,7.5333
5355,29,11,2.235651,2.685710,1406,7.7057
5356,11,42,2.332773,2.855061,1412,7.6210
5357,42,54,3.783430,3.797405,1431,7.5355
5358,54,0,4.136687,3.635496,1399,7.5539
5359,0,21,3.036106,3.881380,1393,7.4822
5360,21,47,3.338798,3.627473,1433,7.6223
5361,47,51,3.824738,3.808576,1445,7.6703
5362,51,29,2.395409,2.397745,1491,7.6996
5363,29,11,2.120260,2.578123,1404,7.5187
5364,11,42,2.191118,2.796318,1395,7.6143
5365,42,0,3.585115,3.798179,1439,7.5241
5366,0,25,2.117022,2.029166,1444,7.6613
5367,25,36,2.463361,2.562480,1420,7.6399
5368,36,29,2.606438,2.972242,1449,7.7118
5369,29,48,2.379128,2.694991,1283,7.0751
5370,48,51,2.597432,2.356129,1453,7.6899
5371,51,29,2.040675,2.326600,1376,7.3545
5372,29,23,2.914936,3.032554,1313,7.1245
5373,23,18,3.274061,3.749222,1378,7.4419
5374,18,38,3.236550,3.329594,1137,6.5181
5375,38,2,2.883768,2.942788,1356,7.3528
5376,2,45,3.469980,3.333510,1382,7.4620
5377,45,63,2.777274,3.141166,1426,7.5678
5378,63,18,3.602140,3.213207,1471,7.5868
5379,18,12,3.672360,3.923504,1210,6.7310
5380,12,43,4.649698,4.608013,1443,7.6089
5381,43,51,5.023720,4.499607,1311,7.2901
5382,51,29,1.912973,2.212770,1215,6.7407
5383,29,11,2.183391,2.690789,1157,6.6225
5384,11,24,5.910545,6.152957,1304,7.3802
5385,24,0,4.653415,4.221227,1237,6.8321
5386,0,25,2.014618,1.985455,1363,7.2263
5387,25,36,2.317575,2.465552,1406,7.5958
5388,36,29,2.433995,2.908514,1454,7.7002
5389,29,23,2.818181,3.003829,1392,7.5327
5390,23,29,2.229494,1.846966,1163,6.6531
5391,29,11,2.187809,2.641367,1438,7.6587
5392,11,45,2.724974,3.264084,1375,7.4958
5393,45,63,2.634199,3.057884,1318,7.1364
5394,63,18,3.499580,3.129826,1481,7.6188
5395,18,12,3.494692,3.782700,1344,7.2072
5396,12,20,3.524715,3.230906,1419,7.5389
5397,20,10,2.771846,2.362254,1453,7.6136
5398,10,11,6.757449,6.313098,1388,7.5375
5399,11,24,5.814722,5.870727,1422,7.6052
5400,24,0,4.464232,4.043794,1296,7.0911
5401,0,60,3.865517,4.081817,1454,7.6738
5402,60,38,3.933982,3.660246,1410,7.5211
5403,38,50,3.043419,3.223446,1448,7.6100
5404,50,53,4.269303,4.217595,1195,6.7494
5405,53,11,3.781561,3.871636,1336,7.3574
5406,11,24,5.490345,5.634769,1347,7.3901
5407,24,54,3.238913,3.455928,1430,7.5791
5408,54,25,2.909495,2.381394,1467,7.6786
5409,25,29,2.696276,3.157277,1420,7.6806
5410,29,23,2.626876,2.855143,1420,7.6325
5411,23,29,2.092796,1.764768,1238,6.7588
5412,29,11,2.362835,2.779928,1420,7.6935
5413,11,42,2.416454,3.051632,1323,7.2463
5414,42,54,3.677377,3.721808,1415,7.5301
5415,54,0,3.684987,3.376723,1451,7.6460
5416,0,60,3.712249,3.998505,1410,7.5266
5417,60,44,4.802727,4.629813,1431,7.6237
5418,44,35,5.107574,4.771615,1334,7.1512
5419,35,53,4.231474,4.443141,1336,7.2288
5420,53,11,3.890450,3.788592,1440,7.6074
5421,11,45,2.676207,3.178933,1444,7.6835
5422,45,62,4.406715,4.640790,1449,7.6514
5423,62,21,4.415044,4.559412,1284,7.0270
5424,21,9,3.889263,3.306938,1438,7.5881
5425,9,44,3.934622,4.168495,1245,6.7530
5426,44,35,4.938450,4.655864,1418,7.5473
5427,35,53,3.954738,4.237314,1401,7.5361
5428,53,17,2.542887,2.765290,1356,7.2710
5429,17,1,4.764097,4.397778,1433,7.6996
5430,1,19,4.295329,4.046574,1357,7.4375
5431,19,24,4.035779,3.868435,1435,7.7103
5432,24,54,3.114900,3.436691,1444,7.5866
5433,54,25,2.835771,2.318478,1340,7.3680
5434,25,29,2.566732,3.150086,1418,7.6674
5435,29,11,2.234983,2.711274,1279,6.9338
5436,11,42,2.292451,3.024653,1435,7.6573
5437,42,54,3.469643,3.617223,1400,7.3972
5438,54,25,2.624100,2.208664,1386,7.4887
5439,25,2,3.765673,3.678181,1440,7.7182
5440,2,12,2.262570,2.567156,1304,7.2450
5441,12,35,3.952436,3.510470,1403,7.5719
5442,35,8,2.475192,2.580759,1286,7.0432
5443,8,41,1.912738,2.610616,1346,7.3715
5444,41,6,3.323479,3.334416,1464,7.9053
5445,6,32,3.011255,2.264054,1430,7.6143
5446,32,9,3.210540,3.319574,1387,7.5522
5447,9,3,2.853845,3.361842,1338,7.1807
5448,3,39,3.692097,3.619517,1410,7.5717
5449,39,44,3.167157,3.141264,1288,6.8174
5450,44,35,4.854750,4.666218,1405,7.4574
5451,35,0,3.893824,3.639447,1437,7.6307
5452,0,21,3.222857,3.984043,1359,7.2013
5453,21,48,2.713930,2.547261,1401,7.5562
5454,48,25,3.285714,3.868805,1441,7.6081
5455,25,36,2.267272,2.621165,1363,7.4878
5456,36,34,3.916182,3.780150,1413,7.5996
5457,34,40,2.671963,2.177474,1437,7.6520
5458,40,25,4.709898,5.186379,1427,7.6025
5459,25,2,3.484218,3.595029,1442,7.7265
5460,2,45,3.463487,3.310237,1321,7.1670
5461,45,63,2.681239,3.003755,1390,7.5309
5462,63,18,3.463848,3.069059,1473,7.6587
5463,18,38,3.264359,3.285257,1429,7.5544
5464,38,2,2.904911,2.907296,1459,7.6268
5465,2,12,2.238614,2.497399,1311,7.2839
5466,12,35,3.748846,3.487520,1369,7.4706
5467,35,8,2.356235,2.540014,1430,7.6818
5468,8,41,1.848007,2.602829,1405,7.6030
5469,41,36,5.495317,5.807772,1401,7.7046
5470,36,29,2.257838,2.836468,1431,7.7039
5471,29,11,2.078849,2.571617,1436,7.6279
5472,11,42,2.189771,2.956444,1377,7.4947
5473,42,54,3.455167,3.554533,1379,7.3176
5474,54,25,2.542851,2.277837,1374,7.3859
5475,25,36,2.356582,2.675335,1432,7.7151
5476,36,29,2.248713,2.743645,1421,7.6944
5477,29,23,2.656641,2.891806,1416,7.6221
5478,23,29,2.247693,1.857316,1314,7.3597
5479,29,11,2.180089,2.556975,1429,7.6144
5480,11,42,2.211299,2.926159,1372,7.3992
5481,42,54,3.342737,3.480406,1411,7.4090
5482,54,0,3.473273,3.385140,1377,7.5396
5483,0,25,2.196540,1.973784,1450,7.6319
5484,25,2,3.427142,3.507289,1465,7.7353
5485,2,45,3.324675,3.222946,1316,7.2176
5486,45,62,4.178454,4.428787,1409,7.4603
5487,62,60,4.104204,4.149738,1441,7.6423
5488,60,38,3.803454,3.618293,1356,7.1538
5489,38,50,2.943890,3.180731,1274,6.9499
5490,50,33,3.275890,3.447926,1373,7.4058
5491,33,11,6.025874,5.431080,1426,7.5964
5492,11,45,2.880873,3.425661,1350,7.3378
5493,45,30,3.086793,3.411384,1392,7.3929
5494,30,31,3.118957,2.635608,1440,7.6217
5495,31,12,3.456001,3.429431,1301,7.3456
5496,12,35,3.487870,3.279745,1300,6.9856
5497,35,0,3.743983,3.567847,1371,7.4876
5498,0,25,2.156725,1.937087,1458,7.6594
5499,25,36,2.485086,2.665875,1397,7.5197
5500,36,34,3.730618,3.663669,1407,7.6233
5501,34,35,3.817695,4.267980,1364,7.5293
5502,35,53,4.298794,4.415130,1340,7.3103
5503,53,17,2.731899,2.728104,1193,6.8781
5504,17,2,5.124135,5.129740,1370,7.3479
5505,2,45,3.187348,3.061528,1429,7.6895
5506,45,30,3.311071,3.284842,1446,7.6086
5507,30,31,3.012880,2.607157,1446,7.6404
5508,31,12,3.141294,3.346986,1427,7.5403
5509,12,20,3.312286,3.162234,1376,7.4391
5510,20,10,2.526880,2.330165,1371,7.4455
5511,10,11,6.540779,6.283767,1424,7.5749
5512,11,42,2.109960,2.766911,1456,7.7422
5513,42,54,3.226547,3.371371,1412,7.5615
5514,54,25,2.329772,2.222750,1443,7.6206
5515,25,36,2.277692,2.602349,1425,7.6849
5516,36,29,2.259586,2.792637,1253,7.1039
5517,29,11,2.285127,2.719324,1377,7.3931
5518,11,42,2.051880,2.720159,1391,7.5090
5519,42,54,3.117989,3.290407,1432,7.5959
5520,54,0,3.100768,3.384115,1459,7.6674
5521,0,21,3.242274,4.099459,1453,7.6723
5522,21,48,2.712971,2.578843,1296,7.0454
5523,48,6,5.592594,5.514313,1422,7.5825
5524,6,56,2.921820,2.881717,1428,7.5817
5525,56,34,2.723490,2.984665,1355,7.3577
5526,34,35,3.673539,4.145945,1066,6.5166
5527,35,8,2.361566,2.522702,1347,7.3316
5528,8,41,1.819245,2.588696,1458,7.6813
5529,41,36,5.477461,5.875797,1254,7.1024
5530,36,29,2.259513,2.726572,1364,7.4338
5531,29,23,2.634064,2.841297,1427,7.6455
5532,23,18,3.358830,3.961195,1306,7.2166
5533,18,18,1.627119,1.121781,1342,7.2758
5534,18,38,3.239591,3.320104,1265,6.9866
5535,38,2,2.869477,2.902901,1453,7.6461
5536,2,45,3.084467,2.943567,1358,7.4195
5537,45,63,2.690493,3.088718,1433,7.5698
5538,63,18,3.311369,2.966642,1480,7.5873
5539,18,12,3.641086,3.919677,1288,7.1116
5540,12,35,3.601360,3.336369,1423,7.6085
5541,35,53,3.944382,4.382991,1380,7.5740
5542,53,17,2.648160,2.697232,1123,6.1965
5543,17,7,3.800168,4.093475,1480,7.6903
5544,7,22,3.859052,3.880064,1302,7.2423
5545,22,47,2.589249,2.555777,1269,7.0833
5546,47,56,2.104515,2.313280,1457,7.6733
5547,56,34,2.699689,2.935032,1322,7.3305
5548,34,40,2.594065,2.264815,1355,7.3213
5549,40,57,3.555548,3.861392,1417,7.5664
5550,57,32,4.746431,4.625109,1403,7.4931
5551,32,9,3.098572,3.150243,1434,7.6084
5552,9,15,3.089298,3.147398,1272,7.0160
5553,15,39,3.255896,3.794754,1428,7.6404
5554,39,44,3.067739,2.991525,1433,7.6710
5555,44,35,5.074092,4.826950,1297,7.0018
5556,35,53,3.948542,4.169386,1441,7.6869
5557,53,11,3.499145,3.777458,1240,6.7350
5558,11,42,1.970670,2.666241,1434,7.7257
5559,42,54,3.042699,3.200524,1383,7.3793
5560,54,0,3.115170,3.242488,1410,7.5309
5561,0,25,2.055477,1.890531,1383,7.5055
5562,25,29,2.541177,3.159810,1436,7.8005
5563,29,11,2.326577,2.769099,1476,7.6871
5564,11,45,2.881822,3.549964,1400,7.6212
5565,45,30,2.950073,3.252680,1379,7.3742
5566,30,31,2.887801,2.550177,1442,7.6251
5567,31,12,3.144858,3.325623,1457,7.6503
5568,12,43,4.479082,4.578825,1391,7.5458
5569,43,46,4.476333,4.054881,1205,6.8659
5570,46,46,1.138289,0.711830,1472,7.6685
5571,46,47,3.105978,3.330748,1378,7.3520
5572,47,22,3.028684,3.068082,1445,7.6640
5573,22,35,4.178518,4.462520,1405,7.4822
5574,35,53,3.617678,3.974083,1460,7.7263
5575,53,17,2.926036,2.772141,1411,7.5943
5576,17,7,3.722840,3.972371,1181,6.4401
5577,7,16,3.868710,4.331840,1456,7.6464
5578,16,53,3.444989,4.182540,1298,7.3310
5579,53,0,4.496786,4.301736,1349,7.4388
5580,0,21,3.092942,4.029648,1460,7.6428
5581,21,47,3.815891,3.650857,1368,7.3613
5582,47,51,3.801643,3.804628,1416,7.6027
5583,51,29,2.460937,2.541866,1466,7.6875
5584,29,23,2.542355,2.777932,1347,7.4100
5585,23,29,2.385400,1.879058,1335,7.2297
5586,29,48,2.691864,3.125380,1426,7.5873
5587,48,6,5.513239,5.427787,1365,7.3910
5588,6,56,2.848556,2.807015,1466,7.6542
5589,56,34,2.524863,2.849461,1455,7.6606
5590,34,40,2.551847,2.211586,1424,7.5409
5591,40,57,3.521390,3.770199,1402,7.4534
5592,57,59,3.965524,4.041238,1392,7.4340
5593,59,26,3.658116,3.701876,1368,7.3862
5594,26,43,3.684792,3.902485,1470,7.6952
5595,43,51,4.948896,4.482444,1440,7.6215
5596,51,51,1.891649,1.147943,1425,7.5924
5597,51,16,2.134495,2.164944,1453,7.6538
5598,16,21,4.766750,4.577923,1460,7.6903
5599,21,48,2.701355,2.483570,1440,7.6125
5600,48,6,5.347285,5.306387,1410,7.4893
5601,6,32,3.329977,2.533368,1371,7.3573
5602,32,9,2.833082,3.018014,1413,7.5031
5603,9,15,2.791155,3.048200,1408,7.5554
5604,15,19,3.571708,3.782227,1451,7.7011
5605,19,51,4.755121,4.772815,1459,7.6986
5606,51,29,2.433585,2.532038,1420,7.6580
5607,29,11,2.310465,2.705680,1444,7.6990
5608,11,24,5.532859,5.674885,1317,7.1303
5609,24,0,4.190971,3.854328,1419,7.5648
5610,0,21,2.965993,3.979937,1371,7.5499
5611,21,9,4.382676,3.635985,1442,7.6469
5612,9,15,2.682839,2.956902,1438,7.5895
5613,15,19,3.431195,3.688743,1376,7.4098
5614,19,51,4.643213,4.710395,1363,7.4177
5615,51,29,2.254905,2.477437,1458,7.6881
5616,29,48,2.507423,2.886117,1375,7.4677
5617,48,6,5.127967,5.242718,1439,7.5678
5618,6,56,2.863903,2.783369,1318,7.0818
5619,56,34,2.450808,2.774689,1462,7.7006
5620,34,7,3.778478,3.998558,1470,7.7316
5621,7,31,3.983961,3.592077,1302,7.1821
5622,31,12,2.943044,3.236882,1422,7.5647
5623,12,20,3.325925,3.116992,1378,7.3111
5624,20,10,2.624299,2.281140,1436,7.5827
5625,10,11,6.398772,6.246026,1359,7.4242
5626,11,45,2.779979,3.304856,1424,7.7709
5627,45,30,2.759188,3.158137,1409,7.6118
5628,30,46,2.710239,2.286963,1450,7.6722
5629,46,46,1.008342,0.605608,1435,7.5796
5630,46,46,0.810521,0.506650,1449,7.5808
5631,46,47,3.193731,3.498967,1467,7.6218
5632,47,56,2.226878,2.387140,1438,7.6695
5633,56,1,2.785090,3.124089,1337,7.3019
5634,1,19,3.839748,3.963255,1442,7.6482
5635,19,24,3.982042,3.936684,1418,7.5987
5636,24,0,4.004945,3.854275,1445,7.6353
5637,0,21,2.887197,3.920087,1388,7.4252
5638,21,9,4.268742,3.592247,1289,7.0765
5639,9,3,2.921568,3.423192,1430,7.5469
5640,3,10,3.771024,3.774322,1399,7.4734
5641,10,2,3.515704,3.772080,1448,7.6102
5642,2,12,2.381140,2.700200,1218,6.6933
5643,12,20,3.213285,2.986726,1265,6.8131
5644,20,10,2.489856,2.286028,1373,7.4977
5645,10,11,6.335104,6.189518,1434,7.6087
5646,11,45,2.489324,3.092618,1402,7.5862
5647,45,62,4.066757,4.541988,1438,7.6542
5648,62,21,4.507611,4.476779,1478,7.6243
5649,21,48,2.588552,2.397730,1342,7.2821
5650,48,51,3.178417,2.816359,1372,7.5167
5651,51,29,2.520358,2.393809,1448,7.6351
5652,29,11,2.595524,2.871782,1207,6.6886
5653,11,42,2.369837,2.945403,1281,7.0595
5654,42,0,3.712231,3.739716,1370,7.3485
5655,0,21,2.965470,3.822525,1412,7.5310
5656,21,48,2.480985,2.347774,1409,7.5232
5657,48,25,3.348597,3.958800,1415,7.5538
5658,25,36,2.411654,2.707820,1459,7.6788
5659,36,21,2.724896,3.245172,1441,7.7225
5660,21,48,2.363931,2.247151,1460,7.6225
5661,48,51,3.213626,2.791179,1355,7.3320
5662,51,29,2.505644,2.306315,1423,7.6088
5663,29,23,2.525407,2.635558,1087,5.9603
5664,23,29,2.282723,1.799389,1282,6.9900
5665,29,23,2.380406,2.441846,1199,6.4030
5666,23,29,2.061478,1.683627,1154,6.4484
5667,29,48,2.342694,2.719316,1341,7.3457
5668,48,51,3.044062,2.718207,1449,7.6899
5669,51,29,2.030330,2.125132,1447,7.6933
5670,29,11,2.625068,2.913213,1463,7.7267
5671,11,45,2.574026,3.178918,1346,7.2671
5672,45,30,2.841269,3.139780,1431,7.5689
5673,30,46,2.439498,2.131091,1434,7.6014
5674,46,46,0.754788,0.445684,1359,7.2983
5675,46,46,0.754365,0.373379,1442,7.5550
5676,46,47,3.746538,3.635862,1435,7.6165
5677,47,51,3.834428,3.877537,1330,7.2203
5678,51,51,1.587309,1.003383,1435,7.6934
5679,51,29,1.888313,2.105030,1478,7.7229
5680,29,48,2.165759,2.662484,1347,7.3942
5681,48,25,3.301058,3.974798,1352,7.3174
5682,25,36,2.314096,2.601170,1414,7.6120
5683,36,34,3.750270,3.616539,1360,7.4435
5684,34,35,3.618338,4.111265,1333,7.3087
5685,35,53,3.585402,3.910789,1345,7.4010
5686,53,11,3.365137,3.754309,1457,7.7509
5687,11,42,2.441521,3.038222,1424,7.6434
5688,42,45,2.208785,2.425818,1453,7.5986
5689,45,30,2.891022,3.074922,1464,7.6228
5690,30,31,3.082300,2.834974,1423,7.5605
5691,31,54,4.124500,4.412299,1376,7.3874
5692,54,25,2.352919,2.333336,1394,7.4871
5693,25,36,2.220104,2.567213,1369,7.5659
5694,36,29,2.924522,3.303407,1366,7.3459
5695,29,11,2.558266,2.818646,1412,7.6191
5696,11,42,2.541161,2.987671,1411,7.6708
5697,42,45,2.112299,2.355392,1462,7.6516
5698,45,30,2.641692,2.975096,1367,7.3775
5699,30,31,2.985204,2.797703,1459,7.6193
5700,31,12,2.895443,3.261349,1400,7.4868
5701,12,20,3.007468,2.833750,1324,7.0015
5702,20,10,2.362691,2.252352,1242,6.9306
5703,10,11,6.258493,6.226988,1262,6.8357
5704,11,42,2.548762,2.869789,1416,7.6199
5705,42,45,2.036045,2.269631,1347,7.2422
5706,45,30,2.578612,2.882716,1416,7.6173
5707,30,46,2.414815,2.220802,1468,7.6240
5708,46,47,3.026383,3.420946,1410,7.5362
5709,47,56,2.453257,2.401133,1184,6.7072
5710,56,34,2.465488,2.829825,1285,7.1015
5711,34,35,3.334450,3.980928,1283,7.2631
5712,35,8,2.716155,2.540091,1451,7.6675
5713,8,52,4.924989,5.080715,1314,7.0987
5714,52,22,4.132683,4.067517,1381,7.4198
5715,22,20,4.426924,4.773481,1287,7.0711
5716,20,3,4.332568,4.688253,1413,7.5336
5717,3,41,2.721918,3.048496,1418,7.5884
5718,41,6,3.481240,3.480518,1394,7.6741
5719,6,56,2.821233,2.749936,1420,7.5422
5720,56,34,2.342720,2.744255,1316,7.0424
5721,34,40,2.620448,2.374383,1288,7.0535
5722,40,21,4.676057,5.313667,1402,7.5305
5723,21,48,2.381229,2.198840,1306,7.0641
5724,48,6,5.218859,5.379538,1409,7.6347
5725,6,32,3.317677,2.681577,1422,7.5931
5726,32,9,2.832003,3.069176,1234,6.8663
5727,9,3,2.601329,3.293208,1452,7.6397
5728,3,41,2.548054,2.977585,1395,7.5013
5729,41,36,5.401115,5.774470,1342,7.1782
5730,36,21,2.820126,3.156924,1474,7.8036
5731,21,9,4.230750,3.596855,1435,7.5876
5732,9,3,2.452085,3.214501,1419,7.5382
5733,3,10,3.550568,3.691618,1408,7.6159
5734,10,11,5.976647,6.037384,1453,7.6696
5735,11,42,2.368837,2.789331,1404,7.5476
5736,42,45,1.982344,2.193090,1391,7.5015
5737,45,30,2.458809,2.786841,1473,7.6681
5738,30,27,6.701005,7.077825,1464,7.6645
5739,27,2,4.736955,4.570379,1310,7.0976
5740,2,12,2.433312,2.668249,1404,7.5281
5741,12,20,2.846707,2.742127,1361,7.2516
5742,20,3,4.337667,4.643746,1454,7.6454
5743,3,10,3.337109,3.458470,1464,7.6349
5744,10,2,3.592250,3.684830,1414,7.5716
5745,2,12,2.236610,2.563078,1443,7.6237
5746,12,20,2.677681,2.623667,1391,7.5251
5747,20,8,4.103436,4.327302,1425,7.5364
5748,8,41,1.887868,2.708386,1451,7.6800
5749,41,36,5.224172,5.562759,1417,7.6856
5750,36,29,2.947240,3.251627,1398,7.6543
5751,29,11,2.652659,2.939423,1449,7.6718
5752,11,45,2.317682,2.913393,1422,7.5953
5753,45,30,2.331785,2.722345,1450,7.6233
5754,30,46,2.395029,2.339495,1462,7.5832
5755,46,1,5.315478,5.170765,1468,7.6241
5756,1,32,3.247980,3.174534,1280,7.1798
5757,32,9,2.920353,3.039907,1296,7.1929
5758,9,3,2.333700,3.122197,1318,7.2688
5759,3,39,3.690505,3.844683,1437,7.6605
5760,39,44,2.924415,2.886828,1438,7.5399
5761,44,27,3.660662,3.874968,1450,7.6195
5762,27,2,4.451813,4.480578,1250,7.0610
5763,2,12,2.232396,2.486920,1316,7.1358
5764,12,35,4.058459,3.830487,1391,7.4171
5765,35,0,4.307890,3.838018,1442,7.6838
5766,0,25,2.162196,2.067015,1451,7.6081
5767,25,29,2.754872,3.349543,1313,7.1897
5768,29,23,2.482699,2.635464,1416,7.5927
5769,23,29,2.124032,1.746415,1449,7.7723
5770,29,48,2.271165,2.654382,1436,7.6524
5771,48,6,4.955224,5.219655,1446,7.6310
5772,6,56,2.747201,2.732982,1441,7.6151
5773,56,34,2.311500,2.679182,1412,7.5226
5774,34,7,3.803221,4.044313,1364,7.5030
5775,7,16,3.809890,4.292181,1350,7.3990
5776,16,21,4.729731,4.531073,1359,7.3382
5777,21,48,2.213389,2.089885,1427,7.5733
5778,48,51,3.010141,2.707800,1375,7.4553
5779,51,29,2.050358,2.189072,1453,7.6998
5780,29,11,2.813801,2.976366,1463,7.7120
5781,11,45,2.483050,2.881276,1445,7.7164
5782,45,63,3.221527,3.773714,1462,7.6455
5783,63,47,4.477721,4.519389,1460,7.6009
5784,47,22,3.687017,3.430869,1439,7.6187
5785,22,47,3.118740,2.769799,1434,7.5376
5786,47,56,2.301691,2.336040,1437,7.6227
5787,56,1,2.848904,3.153797,1361,7.3834
5788,1,32,3.153513,3.092815,1430,7.6858
5789,32,9,2.725656,2.944793,1415,7.5647
5790,9,44,4.466296,4.563464,1434,7.6177
5791,44,35,5.077945,4.816770,1421,7.5475
5792,35,0,3.966075,3.725529,1434,7.6914
5793,0,60,3.959515,4.187824,1420,7.5996
5794,60,38,3.807758,3.586538,1429,7.5261
5795,38,50,2.923358,3.058685,1399,7.5124
5796,50,54,3.877293,4.106950,1412,7.5930
5797,54,25,2.168462,2.311766,1394,7.4283
5798,25,36,2.490030,2.890909,1441,7.7330
5799,36,29,3.321355,3.137200,1443,7.7190
5800,29,11,2.567705,2.790628,1398,7.5364
5801,11,42,2.566252,2.912793,1426,7.6604
5802,42,54,3.475815,3.578022,1440,7.6318
5803,54,25,2.288419,2.229528,1287,6.9368
5804,25,29,2.590618,3.405924,1402,7.6117
5805,29,11,2.411009,2.692357,1302,7.1163
5806,11,24,5.645432,5.801499,1356,7.3984
5807,24,0,4.156648,3.795322,1246,7.0949
5808,0,21,2.985283,3.874593,1382,7.4429
5809,21,9,4.324057,3.564749,1412,7.4891
5810,9,3,2.361913,3.086279,1357,7.3912
5811,3,39,3.765657,3.808008,1295,7.0838
5812,39,44,2.805115,2.792335,1445,7.6472
5813,44,36,5.575743,5.149174,1324,7.2245
5814,36,29,2.864484,2.916633,1350,7.3721
5815,29,11,2.227786,2.564417,1329,7.0960
5816,11,45,2.497047,3.040380,1444,7.7159
5817,45,62,4.196699,4.782224,1391,7.4436
5818,62,60,4.305054,4.159605,1341,7.0518
5819,60,38,3.752954,3.466286,1454,7.5931
5820,38,2,2.685673,2.989301,1104,6.1839
5821,2,45,3.625721,3.527540,1355,7.1809
5822,45,63,3.086461,3.619357,1410,7.5138
5823,63,18,3.448312,3.029180,1429,7.6204
5824,18,18,1.727202,1.083588,1389,7.4284
5825,18,38,3.279952,3.329128,1354,7.3511
5826,38,50,2.714792,3.024653,1300,7.0817
5827,50,53,4.477649,4.634702,1102,6.0616
5828,53,17,2.809075,2.704863,1403,7.6524
5829,17,2,4.919408,4.894862,1346,7.2883
5830,2,12,2.314535,2.466407,1398,7.3857
5831,12,35,3.957529,3.730478,1294,7.0739
5832,35,8,2.505368,2.546873,1416,7.6503
5833,8,52,4.726990,4.894689,1338,7.3512
5834,52,22,4.161815,4.027326,1432,7.5992
5835,22,35,3.951766,4.402018,1411,7.5707
5836,35,8,2.794670,2.439739,1458,7.7173
5837,8,41,2.249756,2.781762,1388,7.5327
5838,41,6,3.512608,3.519386,1434,7.8057
5839,6,56,2.720785,2.691980,1383,7.4354
5840,56,1,2.695410,3.052115,1350,7.3862
5841,1,19,4.077852,4.021858,1317,7.2352
5842,19,24,3.949850,3.841112,1471,7.6824
5843,24,4,3.780065,3.579134,1438,7.5966
5844,4,23,4.819485,4.303053,1469,7.6737
5845,23,29,2.230479,1.885480,1258,7.1813
5846,29,23,2.706632,2.863331,1327,7.2352
5847,23,29,2.128708,1.742511,1474,7.7711
5848,29,23,2.448002,2.652602,1379,7.4790
5849,23,18,3.570299,4.081775,1425,7.7730
5850,18,18,1.496491,0.916514,1404,7.5227
5851,18,18,1.212728,0.779526,1391,7.3130
5852,18,38,3.294290,3.405054,1323,7.0933
5853,38,2,2.644053,3.058535,1307,7.2739
5854,2,54,3.325617,3.390694,1420,7.6524
5855,54,0,3.494001,3.289621,1445,7.6527
5856,0,21,2.994430,3.854746,1421,7.5841
5857,21,48,2.319731,2.225134,1384,7.4730
5858,48,51,3.033394,2.644478,1446,7.7376
5859,51,29,2.087842,2.206491,1427,7.6045
5860,29,48,2.291737,2.725467,1254,6.7610
5861,48,6,4.894270,5.105890,1448,7.6923
5862,6,32,3.549665,2.898843,1364,7.2544
5863,32,9,2.569394,2.910282,1336,7.3474
5864,9,3,2.309801,3.001597,1367,7.4403
5865,3,41,2.985791,3.102901,1259,6.9500
5866,41,6,3.369576,3.447009,1426,7.7490
5867,6,56,2.775573,2.661736,1434,7.5772
5868,56,6,3.509125,3.174742,1447,7.7084
5869,6,32,3.540449,2.817802,1455,7.6058
5870,32,61,3.793929,4.078570,1292,7.0099
5871,61,33,3.174053,3.301911,1355,7.2988
5872,33,55,3.464142,3.466327,1374,7.4620
5873,55,63,4.808040,4.692349,1419,7.6578
5874,63,18,3.141244,2.741772,1420,7.5642
5875,18,38,3.141129,3.222587,1407,7.4718
5876,38,2,2.962161,3.027819,1397,7.5311
5877,2,45,3.439338,3.420673,1370,7.4047
5878,45,63,2.917441,3.479267,1392,7.4973
5879,63,18,2.923575,2.666150,1469,7.5881
5880,18,18,1.184284,0.672127,1401,7.5332
5881,18,18,0.903434,0.560312,1423,7.5175
5882,18,38,3.128726,3.300156,1380,7.4134
5883,38,2,2.923425,3.000992,1386,7.5057
5884,2,54,3.223094,3.276924,1356,7.3325
5885,54,0,3.297497,3.176453,1419,7.6048
5886,0,25,2.061762,2.010732,1395,7.4272
5887,25,36,2.707190,3.015285,1444,7.7297
5888,36,34,3.655694,3.461924,1328,7.3226
5889,34,35,3.339678,3.998278,1406,7.5771
5890,35,53,3.851168,4.047998,1426,7.7541
5891,53,17,2.890166,2.677700,1458,7.7394
5892,17,7,3.522536,3.924205,1421,7.6062
5893,7,31,3.919293,3.540362,1422,7.5949
5894,31,54,4.491454,4.407073,1441,7.6012
5895,54,25,2.311219,2.204272,1443,7.6122
5896,25,2,4.165857,4.011653,1415,7.6219
5897,2,12,2.188425,2.467366,1415,7.6080
5898,12,43,4.342942,4.592126,1430,7.5868
5899,43,51,4.958229,4.478132,1468,7.6997
5900,51,29,2.042751,2.139107,1427,7.6460
5901,29,23,2.480799,2.568271,1408,7.5367
5902,23,29,2.001042,1.603003,1434,7.7579
5903,29,11,2.456568,2.743683,1375,7.4817
5904,11,42,2.707589,3.061384,1411,7.5748
5905,42,54,3.425238,3.623432,1433,7.6089
5906,54,0,3.123844,3.087300,1393,7.5428
5907,0,25,2.081857,1.880471,1466,7.6859
5908,25,36,2.727980,3.046547,1398,7.5421
5909,36,29,2.827586,3.036699,1430,7.6647
5910,29,11,2.230161,2.571362,1450,7.6850
5911,11,45,2.750032,3.238002,1309,7.1557
5912,45,63,2.779929,3.405162,1440,7.6542
5913,63,18,2.580862,2.532533,1385,7.4193
5914,18,38,2.991807,3.090240,1336,7.3028
5915,38,2,2.545835,2.962790,1362,7.4086
5916,2,12,2.062949,2.399436,1321,7.0398
5917,12,20,2.655767,2.624683,1369,7.3856
5918,20,3,3.898997,4.610768,1321,7.3286
5919,3,41,2.846353,3.013137,1368,7.5224
5920,41,6,3.251970,3.293294,1410,7.7161
5921,6,32,3.349788,2.728356,1399,7.4212
5922,32,9,2.548612,2.834102,1350,7.3104
5923,9,44,4.044361,4.598378,1390,7.4052
5924,44,35,5.106166,4.851530,1389,7.4340
5925,35,53,3.580064,3.848858,1435,7.6762
5926,53,11,3.275370,3.833829,1410,7.6384
5927,11,24,5.595652,5.804181,1404,7.5913
5928,24,0,3.761477,3.613912,1446,7.6323
5929,0,21,3.201242,4.054826,1331,7.0329
5930,21,48,2.328395,2.215894,1370,7.4043
5931,48,25,3.283263,4.090491,1453,7.6516
5932,25,36,2.503513,2.883722,1415,7.5885
5933,36,21,2.678816,3.167301,1431,7.7184
5934,21,48,2.233320,2.124700,1382,7.3772
5935,48,25,3.410451,3.975367,1366,7.4575
5936,25,29,2.656741,3.413053,1442,7.6965
5937,29,23,2.428282,2.491066,1379,7.5075
5938,23,18,3.071142,4.007682,1351,7.3555
5939,18,38,2.657131,2.974453,1420,7.5203
5940,38,2,2.637624,2.943272,1358,7.2006
5941,2,12,2.060161,2.345165,1185,6.6615
5942,12,20,2.466115,2.500606,1381,7.4547
5943,20,10,2.643653,2.514942,1345,7.2338
5944,10,2,3.591604,3.707204,1383,7.5567
5945,2,12,2.032829,2.239089,1408,7.5874
5946,12,35,4.105917,4.007291,1407,7.5639
5947,35,8,2.467482,2.398943,1417,7.6065
5948,8,41,2.038262,2.798420,1287,7.0556
5949,41,30,5.574493,5.623129,1214,6.8018
5950,30,46,2.434279,2.126678,1383,7.4009
5951,46,46,0.889478,0.430914,1434,7.5877
5952,46,1,4.927164,4.841955,1442,7.5718
5953,1,19,3.871488,3.914394,1340,7.3697
5954,19,24,3.866695,3.787409,1369,7.5067
5955,24,0,3.550551,3.614753,1372,7.3818
5956,0,25,1.806382,1.871400,1374,7.4666
5957,25,36,2.533464,2.844734,1299,7.1818
5958,36,34,3.752895,3.527105,1325,7.3571
5959,34,40,2.669301,2.316303,1367,7.4954
5960,40,25,5.113527,5.204201,1387,7.5129
5961,25,29,2.600132,3.291039,1412,7.5451
5962,29,11,2.328609,2.577988,1308,6.8220
5963,11,42,2.778919,3.126995,1449,7.6396
5964,42,54,3.351349,3.580046,1441,7.6162
5965,54,0,2.840234,2.870564,1365,7.2777
5966,0,60,4.226762,4.528774,1348,7.3127
5967,60,36,2.962181,2.970295,1386,7.4184
5968,36,34,3.612688,3.367983,1285,7.0536
5969,34,7,3.751748,3.931698,1326,7.3956
5970,7,16,3.696042,4.157461,1165,6.6372
5971,16,23,3.240275,3.432353,1289,6.9924
5972,23,18,3.133639,3.888981,1454,7.7227
5973,18,12,3.959149,4.538157,1346,7.2837
5974,12,35,3.968082,3.851349,1400,7.4820
5975,35,8,2.441829,2.368251,1435,7.6529
5976,8,52,4.646835,4.918797,1347,7.3049
5977,52,22,3.861910,3.960062,1421,7.5892
5978,22,35,3.855543,4.386727,1392,7.4832
5979,35,8,2.246495,2.255803,1439,7.6863
5980,8,52,4.502446,4.853992,1281,6.9289
5981,52,22,3.950811,3.898986,1427,7.5896
5982,22,47,3.116837,2.913589,1424,7.4946
5983,47,56,2.368904,2.327767,1314,7.2839
5984,56,34,2.955271,3.004294,1370,7.4819
5985,34,7,3.545729,3.839005,1441,7.7111
5986,7,31,3.798025,3.466315,1442,7.6300
5987,31,12,3.425624,3.674313,1419,7.5596
5988,12,20,2.292236,2.472202,1464,7.6759
5989,20,10,2.593655,2.475509,1437,7.6061
5990,10,2,3.389842,3.566633,1430,7.5859
5991,2,12,1.910656,2.264385,1464,7.6769
5992,12,20,2.115613,2.375207,1428,7.6111
5993,20,10,2.741780,2.456959,1425,7.5899
5994,10,2,3.132630,3.420628,1454,7.6346
5995,2,12,1.788104,2.220352,1411,7.5545
5996,12,35,3.719514,3.849927,1419,7.5677
5997,35,0,4.329842,4.083834,1473,7.7055
5998,0,21,3.079007,4.084787,1338,7.2458
5999,21,9,4.351596,3.680663,1366,7.5337
6000,9,44,3.980088,4.413360,1279,7.0315
6001,44,36,5.815353,5.213065,1430,7.5743
6002,36,29,2.484670,2.891589,1444,7.7264
6003,29,48,2.322946,2.718532,1392,7.4322
6004,48,51,3.062823,2.793572,1442,7.6285
6005,51,29,2.284551,2.259123,1340,7.3207
6006,29,11,2.238871,2.534602,1460,7.6826
6007,11,42,2.602785,3.021066,1431,7.7273
6008,42,54,3.264090,3.502012,1289,6.9550
6009,54,25,3.101590,2.322425,1428,7.5714
6010,25,2,4.563329,4.365698,1446,7.6999
6011,2,45,3.668029,3.625790,1360,7.2430
6012,45,30,2.902289,3.084593,1449,7.6163
6013,30,46,2.203678,2.052280,1444,7.5813
6014,46,46,0.662775,0.361849,1437,7.5620
6015,46,1,4.742977,4.796740,1406,7.5355
6016,1,32,3.024537,3.107363,1230,6.9413
6017,32,9,2.818584,2.834596,1391,7.3343
6018,9,15,3.463460,3.581289,1432,7.5809
6019,15,49,2.860005,3.198881,1437,7.6741
6020,49,50,2.967273,3.341994,1237,7.1408
6021,50,54,3.897338,4.166587,1415,7.5694
6022,54,25,2.654340,2.249367,1429,7.6107
6023,25,2,4.376959,4.228249,1412,7.5915
6024,2,12,1.907568,2.137114,1465,7.6770
6025,12,35,3.493639,3.695245,1429,7.5786
6026,35,0,4.109049,3.942155,1459,7.7102
6027,0,21,3.017992,3.960125,1417,7.5963
6028,21,9,4.232704,3.616420,1381,7.5218
6029,9,44,3.872709,4.367172,1412,7.5059
6030,44,36,5.574995,5.038217,1446,7.5779
6031,36,29,2.292181,2.870521,1419,7.6854
6032,29,48,2.283876,2.652940,1216,6.6638
6033,48,51,2.982464,2.679915,1450,7.6857
6034,51,51,1.621883,0.984732,1421,7.5806
6035,51,16,2.962561,2.740251,1419,7.5694
6036,16,23,3.180170,3.342526,1349,7.3349
6037,23,29,2.228533,1.915440,1405,7.7341
6038,29,23,2.573958,2.598271,1377,7.4613
6039,23,29,2.079466,1.777094,1433,7.7500
6040,29,23,2.403389,2.406250,1350,7.3319
6041,23,18,3.262283,4.012706,1406,7.7105
6042,18,18,1.073212,0.561285,1380,7.3428
6043,18,38,2.808764,3.044611,1398,7.3669
6044,38,54,2.972972,3.522016,1405,7.4800
6045,54,25,2.812606,2.214165,1409,7.5652
6046,25,36,2.811157,3.225471,1347,7.3880
6047,36,34,3.382509,3.158345,1410,7.5755
6048,34,40,2.645279,2.380565,1275,7.1610
6049,40,57,3.345302,3.688725,1255,6.9274
6050,57,52,3.797520,3.689667,1336,7.2381
6051,52,22,3.887770,3.837715,1418,7.5687
6052,22,47,3.084677,2.891733,1432,7.5364
6053,47,22,3.652281,3.254126,1418,7.5747
6054,22,35,4.159082,4.439585,1432,7.5586
6055,35,8,2.315816,2.363266,1415,7.5993
6056,8,56,3.902406,4.172402,1331,7.1653
6057,56,34,2.874599,2.908834,1257,7.1476
6058,34,40,2.497385,2.348002,1409,7.5619
6059,40,25,5.382264,5.299131,1434,7.6128
6060,25,2,3.974692,4.064935,1464,7.7235
6061,2,54,3.381818,3.397856,1260,6.9825
6062,54,25,2.647341,2.231124,1444,7.6314
6063,25,36,2.623808,3.126961,1446,7.7338
6064,36,34,3.516158,3.111384,1419,7.6719
6065,34,40,2.409379,2.275617,1325,7.3293
6066,40,57,3.386747,3.726178,1298,7.0881
6067,57,32,5.008145,4.868750,1414,7.5393
6068,32,9,2.660919,2.771397,1318,7.0103
6069,9,3,2.372055,3.221811,1417,7.5949
6070,3,41,2.813430,3.034551,1372,7.4829
6071,41,6,3.082520,3.157465,1438,7.7367
6072,6,56,2.517526,2.637654,1404,7.4691
6073,56,6,3.205122,2.923390,1367,7.4288
6074,6,32,3.330204,2.788389,1242,6.8330
6075,32,9,2.478991,2.663424,1371,7.2142
6076,9,44,3.891399,4.321768,1348,7.2960
6077,44,35,5.258694,4.885884,1459,7.6991
6078,35,8,2.180432,2.230602,1452,7.6864
6079,8,52,4.449428,4.788966,1337,7.0493
6080,52,22,3.868359,3.811042,1431,7.5319
6081,22,47,2.989999,2.762777,1374,7.1676
6082,47,56,2.329314,2.333413,1351,7.2594
6083,56,34,2.957884,2.915370,1450,7.6840
6084,34,7,3.645984,3.963906,1468,7.7678
6085,7,31,3.638794,3.333854,1455,7.6708
6086,31,12,3.387828,3.754765,1349,7.3432
6087,12,35,3.577819,3.566994,1338,7.4334
6088,35,0,3.987270,3.831889,1417,7.6692
6089,0,60,3.979135,4.321641,1276,6.8928
6090,60,38,3.961498,3.618685,1412,7.5752
6091,38,50,3.231106,3.292222,1420,7.5669
6092,50,53,4.451214,4.657306,1448,7.5530
6093,53,17,2.729970,2.627641,1468,7.7378
6094,17,1,4.674788,4.501163,1425,7.6306
6095,1,47,2.323046,2.401795,1455,7.6670
6096,47,51,3.799039,3.822722,1441,7.6270
6097,51,16,2.981659,2.610740,1430,7.6018
6098,16,21,4.572796,4.476344,1452,7.6958
6099,21,47,3.990443,4.067867,1336,7.3285
6100,47,56,2.192370,2.264222,1459,7.6472
6101,56,34,2.890489,2.822871,1365,7.5508
6102,34,40,2.563747,2.349769,1429,7.7319
6103,40,57,3.159438,3.596447,1219,6.6068
6104,57,32,5.059712,4.828551,1397,7.4286
6105,32,9,2.400304,2.543046,1369,7.2504
6106,9,3,2.618434,3.200964,1387,7.3739
6107,3,41,2.818804,2.998044,1402,7.5467
6108,41,6,2.916984,3.030816,1355,7.5137
6109,6,32,3.395514,2.808878,1174,6.6575
6110,32,27,3.952002,3.940108,1456,7.5835
6111,27,20,4.432930,4.357481,1469,7.5987
6112,20,10,2.892825,2.285277,1381,7.5159
6113,10,2,3.109499,3.453165,1407,7.4887
6114,2,45,3.357805,3.471630,1431,7.6420
6115,45,30,2.696737,2.978037,1364,7.2212
6116,30,31,3.299567,3.134826,1439,7.5945
6117,31,54,4.316293,4.452812,1411,7.4373
6118,54,25,2.582591,2.112856,1428,7.6290
6119,25,36,2.541369,3.089187,1446,7.6966
6120,36,29,2.878408,2.897853,1376,7.6389
6121,29,23,2.046224,2.256978,1453,7.7301
6122,23,29,2.079625,1.750283,1394,7.7420
6123,29,23,2.009796,2.114449,1405,7.5580
6124,23,29,1.900928,1.644610,1439,7.7359
6125,29,23,1.883474,1.985413,1439,7.6551
6126,23,0,4.736537,5.525270,1404,7.6877
6127,0,25,1.943616,1.902214,1449,7.6079
6128,25,36,2.607934,3.028155,1419,7.5769
6129,36,34,3.294966,3.178359,1423,7.5861
6130,34,7,3.544806,3.948725,1216,6.8554
6131,7,31,3.581193,3.297096,1323,7.0964
6132,31,12,3.819642,3.731218,1354,7.2830
6133,12,35,3.348870,3.296626,1427,7.5449
6134,35,0,3.870201,3.763779,1456,7.7738
6135,0,25,1.989394,1.871598,1449,7.6396
6136,25,36,2.340837,2.918205,1469,7.7319
6137,36,29,2.398850,2.920655,1406,7.6771
6138,29,48,2.556149,2.926614,1344,7.2716
6139,48,51,2.837634,2.508362,1459,7.7619
6140,51,29,2.135631,2.301949,1439,7.6843
6141,29,48,2.288819,2.770169,1208,6.4794
6142,48,6,5.051852,5.145199,1446,7.6208
6143,6,32,3.351136,2.759024,1407,7.4682
6144,32,9,2.352644,2.468304,1376,7.3627
6145,9,3,2.725137,3.101168,1313,7.1840
6146,3,39,3.931049,4.085805,1412,7.6162
6147,39,15,3.261208,3.258432,1228,6.8358
6148,15,49,2.933880,2.999388,1447,7.6341
6149,49,50,2.908713,3.263157,1418,7.6379
6150,50,53,4.363814,4.579303,1288,6.8199
6151,53,11,3.207123,3.792914,1415,7.6452
6152,11,42,2.557960,2.914502,1427,7.6629
6153,42,54,3.293729,3.545520,1448,7.6344
6154,54,44,6.538992,6.715317,1421,7.5786
6155,44,35,5.284057,4.818923,1420,7.5839
6156,35,8,2.223681,2.331736,1413,7.6043
6157,8,41,2.917346,3.178282,1447,7.6638
6158,41,6,2.883325,2.970113,1386,7.5503
6159,6,32,3.268629,2.684244,1318,7.2888
6160,32,27,3.811991,3.921628,1386,7.4354
6161,27,2,4.637363,4.538881,1416,7.4968
6162,2,12,1.940388,2.326931,1451,7.6546
6163,12,35,3.374514,3.252138,1415,7.6512
6164,35,0,4.072312,3.680200,1462,7.7620
6165,0,25,2.051044,1.865219,1407,7.5561
6166,25,2,4.206695,4.329970,1423,7.6430
6167,2,12,1.847438,2.240351,1400,7.5414
6168,12,35,3.117061,3.135857,1430,7.6062
6169,35,8,2.437459,2.459997,1445,7.6648
6170,8,52,4.275737,4.654395,1453,7.6323
6171,52,21,4.708725,4.299826,1467,7.6610
6172,21,48,2.292586,2.236150,1395,7.4328
6173,48,51,2.657215,2.483318,1434,7.6142
6174,51,29,2.098732,2.264400,1402,7.5253
6175,29,11,2.695035,2.931367,1291,7.0021
6176,11,45,3.030577,3.464244,1376,7.5776
6177,45,30,2.732558,2.897551,1447,7.6349
6178,30,46,2.281529,2.126815,1452,7.6262
6179,46,1,4.088626,4.571864,1463,7.6067
6180,1,32,3.253110,3.201799,1441,7.6718
6181,32,61,4.125242,4.210813,1433,7.5472
6182,61,33,3.136230,3.275984,1383,7.5074
6183,33,11,5.774765,5.342731,1449,7.6178
6184,11,45,2.959981,3.247481,1440,7.6708
6185,45,63,3.118134,3.500255,1390,7.4950
6186,63,18,2.919847,2.638760,1452,7.6088
6187,18,38,2.685146,2.876337,1321,7.2658
6188,38,2,3.160959,3.321795,1442,7.5735
6189,2,45,3.416904,3.415018,1299,7.1858
6190,45,63,2.770284,3.351217,1415,7.5745
6191,63,18,2.709407,2.580090,1350,7.2915
6192,18,12,4.082713,4.566488,1278,7.0641
6193,12,35,2.967512,2.998708,1346,7.1528
6194,35,0,3.840404,3.594830,1383,7.4922
6195,0,25,1.917138,1.874515,1437,7.6001
6196,25,29,2.772133,3.666136,1412,7.6195
6197,29,23,2.084777,2.186153,1370,7.3587
6198,23,29,1.882639,1.592452,1272,7.0855
6199,29,23,1.976839,2.043415,1246,6.8550
6200,23,18,3.509713,4.345812,1246,7.0137
6201,18,12,3.849164,4.484903,1392,7.5431
6202,12,20,2.610438,2.696980,1319,7.1650
6203,20,10,2.562116,2.269043,1388,7.5070
6204,10,2,3.175601,3.397380,1319,7.2933
6205,2,45,3.212696,3.322464,1478,7.6956
6206,45,30,2.607211,2.986402,1442,7.6140
6207,30,46,2.182464,2.129071,1448,7.5202
6208,46,1,3.877751,4.373393,1444,7.6344
6209,1,32,2.926459,3.128156,1296,7.1308
6210,32,27,3.783925,3.815867,1427,7.5655
6211,27,2,4.698644,4.534749,1381,7.3299
6212,2,12,2.051401,2.328684,1367,7.2661
6213,12,20,2.415179,2.564253,1332,7.2427
6214,20,3,4.499704,4.750809,1444,7.6020
6215,3,10,3.235684,3.548428,1108,6.4833
6216,10,2,3.010983,3.297775,1459,7.6861
6217,2,12,2.064245,2.273523,1480,7.7030
6218,12,35,2.987454,3.042413,1355,7.4252
6219,35,53,4.066444,4.468953,1441,7.7022
6220,53,17,2.767834,2.566684,1449,7.6832
6221,17,7,3.741519,3.980240,1447,7.6176
6222,7,16,3.674933,4.192194,1360,7.3651
6223,16,21,4.287304,4.256878,1411,7.5764
6224,21,48,2.320108,2.227666,1433,7.5824
6225,48,25,3.238452,4.206807,1442,7.6472
6226,25,29,2.601839,3.443495,1419,7.6004
6227,29,23,1.817447,1.951184,1452,7.7102
6228,23,29,1.690769,1.539616,1441,7.7183
6229,29,23,1.732449,1.844281,1285,7.1924
6230,23,29,1.554008,1.470764,1329,7.3703
6231,29,48,2.450068,2.969428,1455,7.7203
6232,48,6,5.023193,5.055732,1424,7.5847
6233,6,56,2.565055,2.759377,1274,6.8650
6234,56,34,2.713070,2.793864,1418,7.6128
6235,34,7,3.457319,3.870652,1457,7.7469
6236,7,16,3.470476,4.128908,1342,7.3563
6237,16,53,3.645447,4.225816,1346,7.3377
6238,53,17,2.392123,2.455186,1357,7.4582
6239,17,2,4.936583,5.075998,1358,7.2926
6240,2,12,1.827650,2.184136,1334,7.2345
6241,12,20,2.370179,2.523122,1461,7.6835
6242,20,3,4.412778,4.719147,1468,7.7041
6243,3,41,2.806427,3.055217,1354,7.3372
6244,41,30,5.560998,5.690086,1269,7.1075
6245,30,46,2.093394,2.012242,1437,7.5205
6246,46,46,0.720413,0.376694,1465,7.6623
6247,46,46,0.582891,0.313854,1458,7.6032
6248,46,47,3.903556,4.273960,1464,7.6234
6249,47,56,2.111140,2.280134,1407,7.4948
6250,56,34,2.664955,2.698017,1407,7.6515
6251,34,7,3.333875,3.789782,1450,7.8034
6252,7,31,3.436809,3.276214,1367,7.4806
6253,31,30,3.162276,3.085197,1359,7.3622
6254,30,46,1.886979,1.840914,1401,7.4706
6255,46,46,0.525736,0.288139,1418,7.6108
6256,46,1,4.583182,4.676035,1467,7.6641
6257,1,32,2.880051,3.080486,1415,7.6299
6258,32,9,2.552201,2.545792,1455,7.5953
6259,9,15,4.314768,3.848396,1457,7.6694
6260,15,19,3.239143,3.639861,1463,7.6988
6261,19,24,3.631106,3.645253,1429,7.6270
6262,24,4,3.645839,3.511513,1451,7.6590
6263,4,19,3.570130,3.664798,1371,7.3304
6264,19,51,4.838663,4.802102,1465,7.6788
6265,51,29,1.965314,2.199875,1448,7.6704
6266,29,48,2.251007,2.771350,1420,7.6610
6267,48,25,3.216577,4.186345,1436,7.5962
6268,25,36,2.474030,2.947231,1390,7.6044
6269,36,34,3.245540,3.164891,1371,7.4903
6270,34,40,2.713888,2.544760,1448,7.6906
6271,40,25,5.041526,5.195288,1418,7.5693
6272,25,36,2.337432,2.705499,1411,7.6231
6273,36,29,2.507923,2.890264,1405,7.6540
6274,29,23,1.696100,1.910655,1405,7.6837
6275,23,29,1.559690,1.433676,1422,7.6891
6276,29,11,3.142483,3.402447,1392,7.5699
6277,11,45,3.131496,3.280958,1427,7.6446
6278,45,30,2.904391,3.086503,1280,7.1847
6279,30,27,6.038593,6.349898,1477,7.6106
6280,27,2,4.492713,4.331378,1203,6.8331
6281,2,12,1.788515,2.140770,1417,7.5244
6282,12,43,4.350319,4.711437,1449,7.6690
6283,43,51,4.866962,4.463350,1356,7.3770
6284,51,16,2.860020,2.535868,1258,6.8145
6285,16,21,4.067680,4.108348,1362,7.3321
6286,21,47,4.057658,4.028802,1405,7.4691
6287,47,56,2.143210,2.229698,1346,7.2716
6288,56,1,2.846900,3.018657,1421,7.6574
6289,1,47,2.340063,2.335690,1411,7.5540
6290,47,56,2.202350,2.135534,1343,7.2961
6291,56,1,2.696148,2.890974,1397,7.5336
6292,1,19,4.103685,4.255670,1423,7.6433
6293,19,24,3.494893,3.533451,1420,7.5915
6294,24,4,3.516449,3.426672,1293,7.1241
6295,4,19,3.471984,3.596901,1433,7.5666
6296,19,51,4.554448,4.689259,1433,7.6251
6297,51,16,2.894479,2.363906,1392,7.5680
6298,16,53,3.393433,4.259773,1438,7.6138
6299,53,17,2.346260,2.351084,1428,7.6539
6300,17,1,4.735308,4.659449,1420,7.5738
6301,1,32,2.758086,3.032678,1398,7.5851
6302,32,27,3.597931,3.705355,1478,7.6247
6303,27,2,4.411768,4.293554,1377,7.4008
6304,2,12,1.786575,2.090054,1409,7.4922
6305,12,35,3.246045,3.023947,1415,7.4982
6306,35,0,3.682986,3.494945,1440,7.6588
6307,0,60,3.938723,4.243984,1422,7.5805
6308,60,44,4.600718,4.578667,1389,7.3833
6309,44,36,5.817687,5.076484,1413,7.5577
6310,36,29,2.243954,2.769283,1297,7.1621
6311,29,23,1.630199,1.907401,1404,7.5501
6312,23,29,1.573642,1.423182,1473,7.7835
6313,29,11,2.948338,3.278446,1441,7.6846
6314,11,45,3.075907,3.211170,1466,7.7239
6315,45,63,3.175629,3.429290,1467,7.6589
6316,63,47,4.941739,4.838226,1411,7.4383
6317,47,56,2.069869,2.101661,1436,7.6223
6318,56,34,2.689066,2.741386,1427,7.5953
6319,34,35,4.401811,4.913328,1435,7.7670
6320,35,8,2.718415,2.635350,1443,7.6751
6321,8,41,2.469559,3.144059,1437,7.6741
6322,41,6,2.878415,2.981344,1398,7.6814
6323,6,32,3.238597,2.750228,1389,7.4955
6324,32,9,2.340735,2.509656,1327,7.0742
6325,9,3,2.519456,3.092245,1454,7.6113
6326,3,39,3.998168,4.078499,1390,7.4765
6327,39,44,2.959176,2.897087,1438,7.5748
6328,44,36,5.608787,5.053944,1413,7.5702
6329,36,29,2.118313,2.679466,1336,7.3597
6330,29,23,1.673095,1.931122,1386,7.4564
6331,23,18,3.680603,4.432882,1436,7.7175
6332,18,18,1.060868,0.571818,1443,7.6271
6333,18,12,4.132884,4.627117,1443,7.6097
6334,12,35,3.099917,3.002438,1303,7.1885
6335,35,8,2.613450,2.613174,1455,7.7215
6336,8,41,2.679789,3.129099,1349,7.3529
6337,41,6,2.657803,2.870465,1307,7.3453
6338,6,32,3.105580,2.686369,1397,7.4793
6339,32,61,4.073915,4.366263,1428,7.6037
6340,61,33,3.122813,3.268108,1357,7.4336
6341,33,11,5.681226,5.297459,1401,7.4469
6342,11,42,3.118321,3.067891,1254,6.9923
6343,42,45,2.450567,2.534980,1305,7.1148
6344,45,63,3.024704,3.286654,1319,7.2198
6345,63,18,2.653241,2.561815,1444,7.5875
6346,18,38,2.819062,3.006614,1445,7.6229
6347,38,50,3.026501,3.222496,1288,7.2533
6348,50,53,4.422680,4.551728,1326,7.2932
6349,53,17,2.241452,2.266227,1320,7.3274
6350,17,2,4.693024,4.985729,1447,7.7238
6351,2,12,1.844761,2.139241,1319,7.2325
6352,12,20,2.351523,2.557471,1425,7.6068
6353,20,10,2.962969,2.429848,1461,7.6721
6354,10,11,6.175558,6.300124,1456,7.6638
6355,11,42,3.050416,2.920609,1347,7.3234
6356,42,54,3.336169,3.585847,1437,7.6022
6357,54,25,2.740786,2.209856,1451,7.6140
6358,25,36,2.464611,2.892790,1395,7.5590
6359,36,29,2.336501,2.606276,1386,7.5358
6360,29,23,1.643868,1.877046,1447,7.7010
6361,23,29,1.714155,1.493288,1259,7.1742
6362,29,11,3.114783,3.465105,1333,7.2420
6363,11,45,2.974673,2.977702,1342,7.3806
6364,45,30,3.153928,3.126290,1299,7.0981
6365,30,46,1.936732,1.945613,1453,7.5846
6366,46,46,0.618070,0.293910,1462,7.6310
6367,46,47,4.079954,4.212553,1437,7.6152
6368,47,56,1.999049,2.060271,1369,7.4075
6369,56,34,2.612746,2.665599,1424,7.6930
6370,34,40,2.703072,2.561944,1376,7.5544
6371,40,21,4.416506,5.167480,1208,6.6280
6372,21,48,2.407014,2.289848,1432,7.5717
6373,48,6,4.955467,4.721319,1406,7.5388
6374,6,56,2.812303,3.041160,1376,7.3942
6375,56,6,3.622477,3.387449,1376,7.5872
6376,6,32,2.981277,2.641537,1312,7.0913
6377,32,61,3.808245,4.255040,1329,7.0776
6378,61,33,3.065697,3.238466,1198,6.6514
6379,33,11,5.588110,5.279187,1282,7.0824
6380,11,42,2.982320,2.854267,1375,7.4955
6381,42,0,4.390027,4.321729,1415,7.4922
6382,0,21,3.391485,4.191022,1413,7.6119
6383,21,48,2.348159,2.230769,1337,7.1865
6384,48,51,3.296424,2.870428,1285,6.9512
6385,51,16,2.214107,2.267196,1446,7.6610
6386,16,23,3.139149,3.239660,1443,7.7048
6387,23,29,1.545949,1.494094,1445,7.7650
6388,29,23,1.747565,1.866793,1364,7.2483
6389,23,29,1.532107,1.428531,1354,7.3279
6390,29,48,2.468653,3.057842,1365,7.4168
6391,48,51,3.108401,2.797837,1294,6.9385
6392,51,51,1.669548,1.043654,1433,7.6291
6393,51,51,1.465121,0.899393,1391,7.4854
6394,51,51,1.192860,0.764898,1432,7.5875
6395,51,16,2.592056,2.465882,1434,7.5905
6396,16,21,3.946457,4.144493,1437,7.6376
6397,21,9,4.208337,3.691050,1423,7.5304
6398,9,44,4.359592,4.346105,1403,7.4219
6399,44,35,5.302791,4.879918,1347,7.3808
6400,35,8,2.370792,2.427983,1403,7.5662
6401,8,52,4.116354,4.641326,1458,7.6658
6402,52,21,4.361774,4.113933,1377,7.3815
6403,21,48,2.223385,2.180615,1401,7.4943
6404,48,25,3.341341,4.195054,1442,7.6448
6405,25,36,2.367294,2.767427,1434,7.6715
6406,36,34,3.345392,3.173010,1399,7.6699
6407,34,35,4.456701,4.879349,1392,7.5489
6408,35,8,2.201469,2.260218,1422,7.6430
6409,8,41,2.175034,3.198299,1341,7.1831
6410,41,36,5.378172,5.734097,1463,7.7463
6411,36,34,3.060254,2.949083,1447,7.7634
6412,34,35,4.202552,4.697204,1233,7.0119
6413,35,0,3.605871,3.491335,1471,7.6856
6414,0,60,3.759302,4.143778,1454,7.6899
6415,60,38,3.942639,3.637610,1432,7.5960
6416,38,2,3.617293,3.647439,1358,7.3070
6417,2,45,3.781728,3.594378,1359,7.3235
6418,45,30,2.897501,2.963687,1353,7.3297
6419,30,46,1.816326,1.943058,1469,7.5706
6420,46,47,3.868867,3.995293,1456,7.6154
6421,47,22,3.813941,3.563340,1422,7.6171
6422,22,35,4.544760,4.610943,1251,6.9414
6423,35,53,4.658633,4.507776,1453,7.6884
6424,53,17,2.142720,2.255819,1407,7.5251
6425,17,7,4.003480,4.097514,1336,7.3857
6426,7,31,3.264391,3.121907,1428,7.6443
6427,31,12,4.658307,4.262456,1452,7.6568
6428,12,35,3.433159,3.150113,1441,7.5847
6429,35,53,4.257399,4.398360,1457,7.6948
6430,53,17,2.220624,2.252944,1385,7.5971
6431,17,2,4.646291,4.966861,1451,7.7214
6432,2,45,3.431854,3.458703,1454,7.6388
6433,45,30,2.747585,2.846851,1459,7.6401
6434,30,31,3.708071,3.643241,1464,7.5972
6435,31,54,4.526297,4.463752,1434,7.6172
6436,54,25,2.664418,2.171622,1414,7.5692
6437,25,36,2.401636,2.872129,1446,7.6927
6438,36,34,3.000348,2.861803,1447,7.7117
6439,34,40,2.520398,2.569752,1385,7.4938
6440,40,57,2.989554,3.593540,1473,7.6636
6441,57,52,3.751879,3.631180,1422,7.5534
6442,52,22,3.995270,3.802963,1433,7.5734
6443,22,20,4.709029,4.823223,1367,7.2981
6444,20,10,2.823280,2.296919,1448,7.6291
6445,10,2,3.006125,3.259890,1460,7.6364
6446,2,45,3.367501,3.400837,1444,7.6434
6447,45,63,2.923010,3.259194,1458,7.6790
6448,63,6,4.595906,5.023898,1442,7.6063
6449,6,32,2.897063,2.518458,1444,7.6378
6450,32,61,3.804934,4.148796,1404,7.3095
6451,61,33,2.970285,3.217113,1441,7.5962
6452,33,18,5.108559,4.897803,1361,7.2933
6453,18,38,2.644019,2.781727,1360,7.2697
6454,38,54,3.234019,3.720790,1417,7.5022
6455,54,0,3.630243,3.478949,1361,7.3775
6456,0,21,3.585780,4.249706,1234,6.7587
6457,21,47,4.159595,4.123073,1467,7.6678
6458,47,22,3.932056,3.448251,1441,7.6518
6459,22,35,4.599678,4.529826,1399,7.4634
6460,35,0,3.462298,3.324513,1381,7.4344
6461,0,25,2.205257,2.142730,1415,7.4464
6462,25,29,2.801521,3.269756,1455,7.7137
6463,29,11,3.047379,3.347817,1321,7.1835
6464,11,42,3.017568,2.805539,1462,7.7024
6465,42,0,3.904794,4.284155,1451,7.6896
6466,0,21,3.213957,4.141340,1429,7.6050
6467,21,47,3.974425,4.002359,1269,6.7294
6468,47,51,3.904634,3.635864,1421,7.5476
6469,51,51,1.196989,0.688284,1428,7.6228
6470,51,29,2.497780,2.772955,1434,7.5789
6471,29,11,2.886779,3.166055,1327,7.0294
6472,11,42,2.920097,2.729771,1342,7.2427
6473,42,54,3.251719,3.702127,1427,7.5860
6474,54,44,6.140358,6.266203,1380,7.3583
6475,44,35,5.323388,4.791466,1433,7.5991
6476,35,0,3.554811,3.277044,1430,7.7142
6477,0,25,2.249295,2.117865,1454,7.7056
6478,25,2,4.795363,4.926863,1461,7.7435
6479,2,45,3.286065,3.178181,1429,7.5845
6480,45,63,2.829585,3.140226,1454,7.6208
6481,63,18,2.867663,2.742382,1437,7.5916
6482,18,12,3.906499,4.277178,1357,7.3939
6483,12,20,2.435752,2.517255,1411,7.4183
6484,20,10,2.812677,2.239019,1454,7.6642
6485,10,11,6.035420,6.268182,1442,7.6396
6486,11,42,2.621425,2.617877,1400,7.6017
6487,42,45,2.820158,2.972641,1467,7.6847
6488,45,63,2.637347,3.006082,1295,7.1190
6489,63,18,2.667541,2.689171,1352,7.4028
6490,18,18,1.139137,0.631777,1391,7.4650
6491,18,18,0.890062,0.525145,1380,7.4562
6492,18,38,2.608324,2.896832,1421,7.5794
6493,38,2,3.623847,3.836461,1346,7.1360
6494,2,54,3.876788,3.788001,1369,7.3997
6495,54,25,2.479050,2.199960,1352,7.2041
6496,25,36,2.409492,2.865275,1394,7.5032
6497,36,29,2.698522,2.809894,1412,7.6697
6498,29,11,2.825719,3.102969,1374,7.4949
6499,11,45,3.236892,3.216664,1371,7.3953
6500,45,63,2.587519,2.951212,1261,7.0475
6501,63,18,2.430809,2.537541,1423,7.5455
6502,18,12,3.781783,4.401010,1430,7.5614
6503,12,20,2.412583,2.432318,1398,7.5629
6504,20,3,4.579129,4.630473,1434,7.5939
6505,3,39,3.905228,3.890028,1298,7.3046
6506,39,44,2.968912,2.857461,1396,7.4764
6507,44,35,5.095921,4.732135,1376,7.4774
6508,35,8,2.208077,2.202739,1415,7.6630
6509,8,41,2.354897,3.037224,1303,7.2146
6510,41,6,2.897305,2.959482,1420,7.7142
6511,6,32,2.797363,2.429459,1440,7.5716
6512,32,9,2.490730,2.666911,1341,7.2191
6513,9,3,2.591010,3.059840,1426,7.5707
6514,3,41,2.741259,3.141438,1414,7.5506
6515,41,36,5.392462,5.671729,1435,7.6951
6516,36,21,3.451203,3.795097,1313,7.3092
6517,21,47,3.917293,3.921423,1278,6.9665
6518,47,22,3.648704,3.290892,1419,7.6034
6519,22,35,4.259164,4.471169,1347,7.3478
6520,35,0,3.370546,3.197307,1446,7.7315
6521,0,25,2.166038,2.117581,1445,7.6363
6522,25,2,4.829539,4.748574,1416,7.4819
6523,2,54,3.714868,3.553677,1362,7.5079
6524,54,25,2.670192,2.144147,1457,7.6920
6525,25,29,2.490685,3.383487,1424,7.6573
6526,29,11,2.530299,2.954573,1448,7.6610
6527,11,45,3.123426,3.171431,1451,7.6702
6528,45,62,4.528324,4.924840,1395,7.5700
6529,62,60,4.378717,4.115226,1414,7.5584
6530,60,36,3.056797,3.075834,1435,7.5842
6531,36,34,2.873365,2.728510,1419,7.7582
6532,34,40,2.397736,2.455813,1472,7.8253
6533,40,57,2.966213,3.520341,1386,7.3665
6534,57,52,3.620690,3.544387,1459,7.6566
6535,52,21,4.516981,4.120544,1235,6.6734
6536,21,9,4.348756,3.711523,1379,7.5060
6537,9,15,4.255710,3.766813,1364,7.2751
6538,15,49,2.979832,3.098740,1449,7.6512
6539,49,50,3.090471,3.158865,1376,7.5530
6540,50,53,4.568950,4.487717,1432,7.6411
6541,53,11,3.700508,4.149794,1393,7.4103
6542,11,24,5.331149,5.365505,1364,7.4049
6543,24,4,3.390726,3.384467,1459,7.6577
6544,4,6,5.489864,5.149131,1358,7.2695
6545,6,22,5.481424,5.514396,1392,7.4197
6546,22,35,3.988176,4.310197,1423,7.5437
6547,35,53,3.953281,3.982245,1391,7.4913
6548,53,11,3.628623,4.097179,1432,7.6252
6549,11,45,2.978410,3.029675,1448,7.6515
6550,45,63,2.510720,2.980865,1401,7.4997
6551,63,6,4.973765,5.322799,1450,7.5910
6552,6,32,2.656210,2.312422,1440,7.5381
6553,32,9,2.495000,2.652658,1428,7.5783
6554,9,44,4.338845,4.388824,1343,7.2365
6555,44,35,4.901395,4.599308,1369,7.3280
6556,35,53,3.831991,3.809272,1459,7.6832
6557,53,11,3.390781,4.043957,1428,7.6651
6558,11,45,2.765808,2.893647,1452,7.6787
6559,45,63,2.389699,2.930440,1336,7.2325
6560,63,18,2.408220,2.573164,1432,7.5972
6561,18,12,3.723104,4.218486,1351,7.2514
6562,12,35,4.154664,3.635149,1351,7.3030
6563,35,53,3.509201,3.711909,1244,6.8899
6564,53,0,4.199209,3.807894,1442,7.6716
6565,0,25,2.186868,2.113692,1466,7.6351
6566,25,2,4.712457,4.544176,1414,7.6788
6567,2,45,3.265877,3.184948,1425,7.6134
6568,45,30,3.138451,3.366155,1377,7.2753
6569,30,46,2.094175,2.103662,1493,7.6793
6570,46,1,4.319083,4.266291,1331,7.2253
6571,1,32,2.701603,2.902263,1440,7.7158
6572,32,9,2.410688,2.566641,1386,7.3594
6573,9,15,4.242080,3.762179,1436,7.6345
6574,15,49,3.048759,3.108288,1444,7.6223
6575,49,48,5.802956,5.485495,1442,7.6890
6576,48,6,4.554205,4.315999,1429,7.6286
6577,6,56,2.803049,3.035437,1452,7.6121
6578,56,1,2.746247,2.886511,1409,7.5828
6579,1,47,2.547189,2.417549,1418,7.6525
6580,47,22,3.419488,3.109634,1456,7.6939
6581,22,35,4.051041,4.302347,1404,7.4309
6582,35,8,2.410819,2.265500,1359,7.2789
6583,8,52,3.997857,4.490055,1452,7.5925
6584,52,21,4.343721,4.004285,1439,7.5664
6585,21,48,2.603190,2.475195,1380,7.4174
6586,48,6,4.402730,4.216334,1304,7.2112
6587,6,32,2.664228,2.435309,1423,7.5563
6588,32,27,3.716846,4.048919,1439,7.5795
6589,27,20,4.465444,4.374716,1348,7.2233
6590,20,10,2.663981,2.173013,1434,7.6131
6591,10,21,5.261877,5.615491,1436,7.5991
6592,21,9,3.965067,3.628493,1309,7.2288
6593,9,3,2.688894,3.162648,1456,7.6231
6594,3,10,3.134491,3.483426,1396,7.5462
6595,10,11,6.002868,6.210320,1463,7.6653
6596,11,42,2.721029,2.746383,1331,7.3552
6597,42,54,3.522680,3.930756,1354,7.4019
6598,54,25,2.680366,2.074079,1323,7.1619
6599,25,2,4.467095,4.298354,1432,7.6781
6600,2,45,3.030512,2.993547,1428,7.7071
6601,45,63,2.284679,2.857475,1355,7.3809
6602,63,6,4.905138,5.260795,1440,7.5946
6603,6,32,2.600554,2.365345,1445,7.6251
6604,32,61,3.900513,4.384437,1416,7.4940
6605,61,34,5.138272,4.801748,1450,7.5871
6606,34,35,4.080766,4.563112,1438,7.7805
6607,35,53,3.428506,3.614610,1354,7.4097
6608,53,11,4.048178,4.050220,1451,7.7336
6609,11,24,5.040505,5.028185,1373,7.4164
6610,24,54,3.531630,3.685227,1339,7.2376
6611,54,25,2.385560,1.988718,1363,7.2851
6612,25,2,4.246857,4.120979,1448,7.6778
6613,2,45,2.958646,2.847039,1402,7.6054
6614,45,30,3.008115,3.312290,1340,7.3192
6615,30,46,2.140802,2.142653,1422,7.5785
6616,46,1,4.213836,4.022423,1437,7.6174
6617,1,47,2.385551,2.312267,1381,7.4149
6618,47,22,3.320741,2.971441,1417,7.4863
6619,22,20,4.639222,4.868748,1196,6.7831
6620,20,10,2.440410,2.093787,1423,7.6030
6621,10,2,3.033521,3.455515,1348,7.2874
6622,2,45,2.666779,2.786862,1410,7.5915
6623,45,63,2.316743,2.820867,1358,7.4221
6624,63,6,4.756688,5.151970,1409,7.5267
6625,6,32,2.513730,2.305593,1453,7.6335
6626,32,27,3.568822,4.034797,1321,7.1371
6627,27,20,4.342509,4.314962,1327,7.2990
6628,20,3,4.204165,4.258956,1436,7.6403
6629,3,41,2.733352,3.181143,1435,7.5602
6630,41,6,3.200950,3.405502,1383,7.5314
6631,6,32,2.444858,2.209925,1427,7.5877
6632,32,9,2.462600,2.730383,1380,7.4125
6633,9,44,4.324391,4.319912,1367,7.3673
6634,44,35,4.843930,4.511387,1447,7.5676
6635,35,8,2.260716,2.180767,1459,7.6890
6636,8,41,2.136429,3.022814,1364,7.4491
6637,41,36,5.037166,5.309830,1403,7.6494
6638,36,34,2.855197,2.622529,1329,7.4468
6639,34,40,2.498355,2.333861,1322,7.2826
6640,40,25,5.546428,5.485401,1423,7.6573
6641,25,36,2.842747,3.290491,1389,7.5068
6642,36,29,2.734028,2.882323,1387,7.5121
6643,29,11,3.104294,3.093214,1385,7.4630
6644,11,45,3.253394,2.954724,1466,7.7267
6645,45,30,2.946045,3.292358,1453,7.6689
6646,30,46,2.028520,2.173292,1284,7.0148
6647,46,1,3.971454,3.854726,1444,7.6558
6648,1,32,2.643847,2.863419,1464,7.6744
6649,32,27,3.799859,3.962475,1462,7.6311
6650,27,2,4.749889,4.688935,1412,7.5911
6651,2,12,2.286712,2.579919,1431,7.5989
6652,12,35,4.231937,3.652673,1427,7.5498
6653,35,0,3.682281,3.163034,1436,7.6482
6654,0,25,2.127531,2.211666,1459,7.6043
6655,25,29,2.616911,3.439834,1471,7.7069
6656,29,11,2.888825,2.969248,1455,7.7121
6657,11,45,2.901421,2.887475,1438,7.6754
6658,45,30,2.888258,3.205242,1434,7.6741
6659,30,46,2.060646,2.213514,1446,7.6129
6660,46,47,4.112702,3.874845,1459,7.6104
6661,47,56,2.236951,2.384775,1421,7.6528
6662,56,34,2.973343,3.060919,1417,7.6532
6663,34,35,3.798103,4.585183,1327,7.4053
6664,35,8,2.288416,2.155053,1322,7.2547
6665,8,52,3.773486,4.457286,1468,7.6905
6666,52,21,4.157194,3.864056,1359,7.2770
6667,21,47,3.861382,3.998342,1424,7.5945
6668,47,56,2.171166,2.285193,1430,7.5959
6669,56,34,2.911128,2.974398,1415,7.6115
6670,34,7,3.896748,4.169409,1414,7.6325
6671,7,31,3.210240,3.044825,1386,7.5792
6672,31,12,4.662625,4.279674,1433,7.6128
6673,12,35,4.243319,3.495587,1302,6.8745
6674,35,0,3.418712,3.046796,1418,7.6122
6675,0,25,2.111024,2.222752,1454,7.6081
6676,25,2,4.385124,4.134496,1450,7.7019
6677,2,12,2.215228,2.545490,1383,7.5031
6678,12,20,2.754444,2.661593,1362,7.1742
6679,20,10,2.259340,2.072403,1349,7.1901
6680,10,11,5.828548,6.149040,1417,7.6105
6681,11,42,2.752996,2.815591,1328,7.2414
6682,42,0,4.646263,4.767256,1404,7.5622
6683,0,60,3.840123,4.195100,1435,7.5733
6684,60,36,3.104040,3.088308,1413,7.5165
6685,36,29,2.647735,2.766788,1419,7.7118
6686,29,11,2.887097,2.934645,1430,7.6217
6687,11,45,2.659650,2.743553,1369,7.3216
6688,45,30,2.705170,3.123300,1373,7.4875
6689,30,46,2.115997,2.241860,1398,7.3704
6690,46,1,3.764616,3.772297,1448,7.5993
6691,1,32,2.679723,2.813182,1410,7.6121
6692,32,9,2.504847,2.702580,1067,5.9345
6693,9,15,4.154776,3.672982,1358,7.2770
6694,15,19,3.459815,3.662639,1447,7.6188
6695,19,24,3.395921,3.476948,1459,7.6635
6696,24,0,4.517289,4.218313,1418,7.5810
6697,0,25,2.026265,2.076180,1351,7.3513
6698,25,29,2.399202,3.392960,1410,7.4986
6699,29,11,2.689531,2.849949,1425,7.4979
6700,11,42,2.716282,2.776799,1439,7.6015
6701,42,0,4.517524,4.646419,1415,7.6036
6702,0,25,2.034452,1.955469,1451,7.6129
6703,25,2,4.164629,4.010992,1448,7.5891
6704,2,12,2.116429,2.467910,1413,7.5314
6705,12,43,3.969609,4.274296,1280,6.9647
6706,43,46,4.262452,3.844551,1404,7.5400
6707,46,47,3.810945,3.747391,1468,7.6157
6708,47,56,2.158331,2.234756,1436,7.6390
6709,56,34,2.771119,2.896027,1428,7.6676
6710,34,7,3.773432,4.054052,1364,7.6233
6711,7,31,3.052038,2.968978,1368,7.4107
6712,31,12,4.676064,4.333488,1415,7.5378
6713,12,20,2.689935,2.574912,1362,7.4220
6714,20,10,2.234962,2.030165,1438,7.6310
6715,10,21,4.939661,5.568809,1480,7.6435
6716,21,9,4.014987,3.560418,1364,7.4038
6717,9,15,3.801193,3.501316,1393,7.4962
6718,15,49,2.840535,3.235517,1336,7.2238
6719,49,50,2.945016,3.134354,1388,7.5774
6720,50,53,4.877555,4.577698,1325,7.0929
6721,53,11,4.319953,4.098681,1428,7.6098
6722,11,45,2.692581,2.690949,1437,7.6152
6723,45,63,2.395338,3.156935,1443,7.6544
6724,63,47,4.477553,4.705333,1330,7.0854
6725,47,22,3.457161,3.151403,1401,7.5243
6726,22,35,3.983986,4.282060,1182,6.5719
6727,35,53,3.758580,3.644938,1384,7.5489
6728,53,11,3.787437,4.031809,1440,7.6695
6729,11,42,2.624352,2.710777,1440,7.6335
6730,42,54,3.456992,4.077036,1429,7.6399
6731,54,25,2.623776,2.111161,1441,7.6708
6732,25,2,3.809607,3.812033,1391,7.5102
6733,2,12,2.082779,2.489101,1431,7.6393
6734,12,35,3.910595,3.558490,1427,7.5668
6735,35,0,3.558192,3.178228,1421,7.6117
6736,0,25,1.808029,1.979422,1423,7.5886
6737,25,36,2.985031,3.516297,1450,7.6491
6738,36,29,2.604893,2.628875,1431,7.7305
6739,29,11,2.657675,2.849789,1441,7.6210
6740,11,45,2.609489,2.655006,1395,7.5293
6741,45,63,2.355442,3.116498,1342,7.2788
6742,63,18,2.585918,2.827112,1448,7.6292
6743,18,18,0.990220,0.553247,1243,6.9495
6744,18,38,2.778593,2.889008,1263,6.8810
6745,38,50,3.041643,3.309545,1354,7.2476
6746,50,53,4.645951,4.557688,1409,7.6265
6747,53,11,4.297289,3.991977,1332,7.3602
6748,11,45,2.244725,2.490788,1368,7.5068
6749,45,63,2.361775,3.080484,1397,7.5383
6750,63,6,4.834681,5.190789,1437,7.5455
6751,6,56,2.930949,3.177065,1322,7.2396
6752,56,34,2.605628,2.789391,1349,7.3107
6753,34,40,2.585365,2.533835,1437,7.6470
6754,40,57,3.035696,3.406446,1382,7.3518
6755,57,59,4.263313,4.228049,1422,7.5714
6756,59,26,3.582778,3.626123,1309,7.1540
6757,26,52,3.792297,3.759154,1347,7.3281
6758,52,21,4.194552,3.794446,1448,7.6053
6759,21,9,3.812522,3.453796,1332,7.4062
6760,9,15,3.681420,3.321324,1396,7.4990
6761,15,19,3.387115,3.672410,1437,7.5936
6762,19,24,3.319290,3.422470,1481,7.6461
6763,24,54,3.601064,3.708366,1377,7.3784
6764,54,25,2.414768,2.036399,1387,7.4931
6765,25,29,2.735064,3.590913,1376,7.3713
6766,29,48,3.362523,3.224076,1362,7.3311
6767,48,51,2.957348,2.423985,1444,7.6773
6768,51,29,2.924493,3.140662,1428,7.5021
6769,29,11,2.848404,2.888737,1447,7.6729
6770,11,24,5.041330,5.331268,1408,7.5431
6771,24,0,4.448752,4.190208,1446,7.6325
6772,0,21,3.396501,4.351127,1381,7.4631
6773,21,48,2.787349,2.728591,1303,7.0954
6774,48,25,3.553667,4.385803,1385,7.4928
6775,25,2,3.693195,3.702760,1420,7.5787
6776,2,45,3.114888,3.009989,1407,7.6178
6777,45,62,4.809214,5.385058,1350,7.1840
6778,62,20,3.715853,4.244745,1403,7.4244
6779,20,10,2.298781,1.994429,1419,7.6411
6780,10,11,5.757748,6.157825,1405,7.5900
6781,11,45,2.502446,2.409420,1440,7.6103
6782,45,62,4.632118,5.272998,1421,7.6136
6783,62,60,4.205330,4.039950,1478,7.5909
6784,60,44,4.677653,4.481317,1452,7.5817
6785,44,35,4.987736,4.455468,1417,7.5290
6786,35,8,2.405933,2.272971,1427,7.6198
6787,8,41,2.161585,2.979875,1354,7.2927
6788,41,6,3.228175,3.424310,1341,7.4357
6789,6,32,2.535927,2.312342,1400,7.5065
6790,32,27,3.488608,3.767180,1207,6.7544
6791,27,20,4.365233,4.370326,1307,7.0187
6792,20,10,2.230214,1.889220,1325,7.1953
6793,10,2,3.203764,3.548516,1442,7.6537
6794,2,45,2.979187,2.964462,1435,7.7196
6795,45,63,2.270900,3.089591,1351,7.3859
6796,63,18,2.418651,2.850505,1453,7.6715
6797,18,18,0.907770,0.499463,1376,7.3571
6798,18,12,4.118858,4.391663,1415,7.5797
6799,12,35,4.135644,3.517275,1460,7.6284
6800,35,0,3.431329,3.168089,1420,7.6145
6801,0,25,2.101437,2.050646,1456,7.5820
6802,25,29,2.694943,3.440753,1413,7.5827
6803,29,23,2.633823,2.657991,1318,7.2514
6804,23,29,2.218865,1.814265,1370,7.6193
6805,29,11,2.936505,2.950553,1452,7.6694
6806,11,42,2.836709,2.885848,1423,7.5529
6807,42,45,2.925663,2.739677,1446,7.6904
6808,45,30,3.141878,3.525233,1431,7.6449
6809,30,31,4.601706,3.827124,1443,7.5508
6810,31,30,3.709890,3.396110,1273,6.9628
6811,30,31,4.369100,3.524849,1440,7.5762
6812,31,54,4.510954,4.411276,1429,7.5412
6813,54,0,3.927668,3.750904,1400,7.5180
6814,0,25,2.108403,1.934542,1457,7.6125
6815,25,2,3.576207,3.625524,1477,7.6898
6816,2,45,3.014001,2.937765,1432,7.6268
6817,45,63,2.200787,3.003531,1404,7.5627
6818,63,47,4.361590,4.740500,1436,7.5831
6819,47,56,2.142095,2.268051,1425,7.5854
6820,56,6,3.736634,3.527005,1410,7.6010
6821,6,56,2.795695,3.003564,1479,7.6395
6822,56,6,3.467935,3.292847,1397,7.5556
6823,6,56,2.602646,2.778871,1435,7.5816
6824,56,1,2.744633,2.963112,1397,7.5806
6825,1,47,2.554507,2.370647,1412,7.6320
6826,47,56,2.023740,2.154816,1444,7.6299
6827,56,34,2.789562,2.856981,1400,7.6086
6828,34,40,2.547345,2.463971,1223,6.8947
6829,40,57,2.839276,3.311418,1302,7.1122
6830,57,59,4.265436,4.165485,1416,7.5925
6831,59,26,3.512611,3.572696,1460,7.6839
6832,26,52,3.726236,3.682942,1435,7.5602
6833,52,21,4.076514,3.761516,1443,7.6034
6834,21,48,2.723726,2.686683,1354,7.2650
6835,48,6,4.215606,4.010654,1365,7.2956
6836,6,32,2.404336,2.309793,1441,7.6707
6837,32,9,2.492150,2.780670,1391,7.4895
6838,9,44,3.974741,4.168496,1361,7.2701
6839,44,35,4.703182,4.360025,1376,7.3842
6840,35,53,3.765697,3.597376,1246,6.9375
6841,53,17,2.272797,2.631588,1448,7.7058
6842,17,1,4.757466,4.732789,1442,7.7272
6843,1,32,2.665166,2.791289,1411,7.5338
6844,32,9,2.482556,2.690043,1356,7.2481
6845,9,15,3.415709,3.292780,1369,7.3834
6846,15,49,3.032874,3.399798,1452,7.6254
6847,49,50,2.976231,3.064663,1385,7.5204
6848,50,54,3.892902,4.328700,1433,7.5989
6849,54,25,2.726313,2.159366,1453,7.6597
6850,25,29,2.248622,3.396191,1423,7.5868
6851,29,11,2.881788,2.851598,1413,7.5740
6852,11,42,2.697897,2.792235,1441,7.6228
6853,42,54,3.555837,4.143452,1419,7.6214
6854,54,0,4.161250,3.728418,1420,7.5921
6855,0,21,3.896965,4.448612,1427,7.5577
6856,21,48,2.683682,2.625962,1299,7.0860
6857,48,6,4.011131,3.877110,1449,7.6424
6858,6,32,2.391824,2.316452,1438,7.6432
6859,32,27,3.556639,3.743678,1268,6.8188
6860,27,2,5.060699,5.001715,1360,7.3124
6861,2,54,4.048562,3.688356,1430,7.6323
6862,54,0,4.021120,3.569176,1437,7.5884
6863,0,25,1.989368,1.812662,1455,7.6290
6864,25,29,2.843571,3.332148,1430,7.6258
6865,29,23,2.584335,2.607937,1435,7.6386
6866,23,29,2.087252,1.750370,1452,7.7353
6867,29,23,2.488255,2.416310,1402,7.5516
6868,23,29,1.863574,1.623635,1451,7.7128
6869,29,11,2.876624,2.854862,1466,7.6766
6870,11,24,5.055426,5.245146,1424,7.6091
6871,24,0,4.199946,4.012572,1244,6.8745
6872,0,25,1.868286,1.766211,1352,7.3428
6873,25,36,3.413402,3.668431,1431,7.6310
6874,36,34,2.873445,2.822544,1425,7.7230
6875,34,40,2.461225,2.387654,1332,7.3550
6876,40,57,3.148748,3.233414,1343,7.2980
6877,57,32,5.947285,5.694107,1311,7.2236
6878,32,61,4.485122,4.478571,1436,7.5854
6879,61,2,4.503529,4.629195,1357,7.3037
6880,2,45,2.895713,2.961064,1283,7.0571
6881,45,63,2.203357,2.843875,1435,7.6620
6882,63,6,4.638290,5.108583,1362,7.1665
6883,6,56,2.564341,2.808485,1418,7.5968
6884,56,6,3.142706,3.111481,1347,7.3937
6885,6,32,2.452632,2.353792,1391,7.5237
6886,32,27,3.269074,3.512713,1413,7.4307
6887,27,2,4.840744,4.886763,1416,7.5663
6888,2,45,2.811298,2.908381,1298,7.1878
6889,45,30,2.997799,3.541978,1372,7.3949
6890,30,31,3.543492,3.422815,1443,7.5570
6891,31,30,3.314223,3.017453,1422,7.5608
6892,30,31,3.759393,3.166477,1443,7.5647
6893,31,12,4.394957,3.980805,1424,7.5957
6894,12,20,2.620629,2.612608,1427,7.5822
6895,20,10,2.222560,1.875984,1355,7.3653
6896,10,11,5.659925,6.163793,1415,7.5602
6897,11,42,2.435003,2.785612,1377,7.3980
6898,42,54,3.518227,4.126415,1421,7.6653
6899,54,25,2.525035,2.105719,1341,7.2822
6900,25,36,2.991553,3.534428,1355,7.3469
6901,36,29,2.653170,2.530085,1432,7.7811
6902,29,11,2.831041,2.782113,1266,6.9935
6903,11,42,2.528029,2.700311,1402,7.5606
6904,42,45,3.048126,2.996525,1313,7.3193
6905,45,63,2.108436,2.776080,1298,7.0456
6906,63,6,4.507307,4.970012,1390,7.3770
6907,6,32,2.367438,2.295435,1430,7.5837
6908,32,27,3.075682,3.424391,1369,7.4931
6909,27,20,4.420413,4.515893,1373,7.4968
6910,20,10,2.228898,1.776739,1377,7.3196
6911,10,11,5.845839,6.091398,1408,7.4943
6912,11,42,2.310992,2.600553,1415,7.5714
6913,42,45,2.946222,2.882699,1366,7.3202
6914,45,62,4.508805,5.097744,1365,7.5196
6915,62,60,4.151971,3.985353,1355,7.2778
6916,60,36,3.059718,3.130396,1420,7.5903
6917,36,34,2.852688,2.755825,1184,6.9065
6918,34,40,2.415924,2.337480,1182,6.6807
6919,40,57,2.646343,3.128205,1372,7.4654
6920,57,32,5.866100,5.637237,1373,7.4727
6921,32,61,4.193082,4.368247,1429,7.5751
6922,61,33,3.048177,3.369350,1432,7.5772
6923,33,55,3.429417,3.380378,1350,7.2803
6924,55,4,3.527554,3.549162,1397,7.4302
6925,4,23,3.875680,4.230672,1428,7.5691
6926,23,29,1.845096,1.700362,1267,7.0083
6927,29,48,3.376592,3.283345,1382,7.4619
6928,48,51,3.062487,2.550794,1356,7.3127
6929,51,16,3.165482,2.284181,1451,7.6277
6930,16,21,3.850631,4.248847,1435,7.5875
6931,21,47,3.991944,4.154465,1399,7.5425
6932,47,56,2.006545,2.154914,1440,7.6516
6933,56,34,2.732204,2.868750,1428,7.6614
6934,34,35,4.106898,4.915367,1458,7.7999
6935,35,8,2.499617,2.288845,1400,7.5710
6936,8,41,2.346804,2.885875,1447,7.6530
6937,41,30,5.499808,5.858721,1404,7.4636
6938,30,31,3.386556,2.915732,1492,7.6193
6939,31,12,3.950085,3.785212,1443,7.5851
6940,12,20,2.578859,2.593031,1379,7.2819
6941,20,10,2.086754,1.741814,1444,7.6738
6942,10,2,3.142079,3.442750,1459,7.6377
6943,2,12,2.519101,2.868376,1457,7.7135
6944,12,35,3.966284,3.446029,1451,7.5992
6945,35,53,3.568282,3.546611,1439,7.6466
6946,53,17,2.404356,2.604228,1442,7.6700
6947,17,7,4.168002,4.090176,1377,7.3916
6948,7,31,3.310179,3.243004,1440,7.6261
6949,31,12,3.777351,3.742620,1433,7.5433
6950,12,20,2.440047,2.557331,1482,7.6368
6951,20,10,1.933753,1.732830,1426,7.6466
6952,10,2,3.054087,3.310900,1421,7.5461
6953,2,12,2.682023,2.853219,1429,7.6634
6954,12,35,3.468267,3.340300,1432,7.5936
6955,35,0,3.717096,3.353488,1446,7.6957
6956,0,21,4.106306,4.431630,1319,7.1205
6957,21,47,3.867872,4.034156,1276,6.9032
6958,47,51,3.714201,3.596514,1449,7.6437
6959,51,16,2.607642,2.188303,1421,7.6252
6960,16,21,3.715785,4.162113,1443,7.6027
6961,21,47,3.685279,3.942726,1444,7.6122
6962,47,22,3.443315,3.034022,1423,7.5904
6963,22,47,3.077483,2.541156,1434,7.5634
6964,47,22,3.126354,2.809422,1445,7.6384
6965,22,20,4.791599,5.114539,1434,7.5338
6966,20,10,1.985287,1.705408,1428,7.6372
6967,10,11,5.456008,5.999587,1429,7.6090
6968,11,45,2.502560,2.438903,1439,7.6279
6969,45,30,3.105165,3.580797,1297,7.1119
6970,30,46,2.305247,2.513799,1424,7.4730
6971,46,1,3.592318,3.412068,1441,7.6123
6972,1,47,2.426905,2.418823,1418,7.6282
6973,47,22,3.130267,2.693424,1448,7.6717
6974,22,35,4.020677,4.556234,1456,7.5935
6975,35,0,3.549093,3.226863,1475,7.7150
6976,0,21,3.620379,4.340565,1470,7.6547
6977,21,9,3.767141,3.616142,1380,7.2813
6978,9,44,3.765077,3.974349,1449,7.5841
6979,44,27,3.180386,3.624146,1436,7.5042
6980,27,2,4.664493,4.832529,1320,7.0680
6981,2,12,2.593610,2.770957,1428,7.5826
6982,12,20,2.463194,2.581551,1424,7.5096
6983,20,10,1.995595,1.682270,1369,7.3970
6984,10,2,2.631043,3.203106,1443,7.6426
6985,2,45,3.119904,3.288809,1453,7.6433
6986,45,30,2.788899,3.435039,1390,7.4639
6987,30,31,3.595005,3.078930,1440,7.5717
6988,31,30,3.037026,2.732471,1423,7.5635
6989,30,31,3.229186,2.836738,1494,7.6643
6990,31,12,3.470878,3.651364,1451,7.6231
6991,12,35,3.443505,3.317909,1381,7.4122
6992,35,53,3.391547,3.535806,1436,7.6468
6993,53,11,3.969979,4.061251,1453,7.7489
6994,11,42,2.546056,2.661984,1422,7.6030
6995,42,54,3.711102,4.267339,1147,6.3279
6996,54,25,2.415949,2.075277,1341,7.2611
6997,25,36,2.997437,3.367643,1331,7.0426
6998,36,29,2.386273,2.532535,1377,7.5700
6999,29,11,2.971801,3.054173,1459,7.6956
7000,11,42,2.455396,2.584121,1378,7.2867
7001,42,54,3.523705,4.211181,1292,7.0279
7002,54,0,4.017696,3.668500,1356,7.4401
7003,0,21,3.738416,4.238528,1385,7.3407
7004,21,48,2.804522,2.704182,1311,7.0678
7005,48,25,3.847873,4.532580,1313,7.1787
7006,25,29,2.548715,3.284745,1430,7.5591
7007,29,23,2.460340,2.492202,1408,7.5777
7008,23,29,1.985478,1.686179,1417,7.6553
7009,29,23,2.287003,2.308609,1441,7.6908
7010,23,29,1.716887,1.570363,1412,7.6603
7011,29,23,2.100641,2.158474,1429,7.6214
7012,23,29,1.555130,1.484809,1434,7.7371
7013,29,23,2.028694,2.011449,1428,7.6465
7014,23,29,1.476048,1.410278,1432,7.7056
7015,29,23,1.839548,1.883335,1433,7.6333
7016,23,29,1.415880,1.355255,1463,7.7440
7017,29,11,3.120512,3.365157,1432,7.6310
7018,11,42,2.291920,2.579142,1394,7.4985
7019,42,0,5.017667,5.007061,1395,7.5403
7020,0,25,1.918582,1.914662,1459,7.6180
7021,25,2,3.994320,3.973199,1407,7.6079
7022,2,12,2.689538,2.773916,1308,7.0747
7023,12,35,3.334702,3.178100,1353,7.4021
7024,35,8,2.469665,2.572019,1418,7.6024
7025,8,41,2.161967,2.781150,1444,7.6129
7026,41,6,3.375673,3.722630,1453,7.6850
7027,6,32,2.471847,2.258957,1442,7.6494
7028,32,9,2.550954,2.699120,1343,7.0198
7029,9,3,3.154765,3.478032,1376,7.3547
7030,3,41,2.725223,3.187063,1459,7.6131
7031,41,6,3.242752,3.647052,1331,7.2604
7032,6,32,2.298519,2.172602,1385,7.5491
7033,32,27,2.929682,3.329764,1348,7.0657
7034,27,20,4.399033,4.643381,1286,7.1919
7035,20,10,2.037682,1.660545,1361,7.5038
7036,10,2,2.737118,3.117002,1409,7.5775
7037,2,54,4.414133,4.221382,1239,6.8764
7038,54,25,2.542143,2.003024,1416,7.5831
7039,25,36,2.802456,3.366001,1351,7.3616
7040,36,34,2.802085,2.773850,1245,7.0727
7041,34,40,2.337316,2.348417,1392,7.6811
7042,40,57,2.949994,3.008740,1402,7.4578
7043,57,52,3.584077,3.597380,1429,7.5579
7044,52,22,4.384589,4.218129,1468,7.6431
7045,22,35,4.423790,4.534405,1351,7.2484
7046,35,8,2.595452,2.457752,1459,7.7024
7047,8,56,4.136309,4.557461,1449,7.6599
7048,56,34,2.624513,2.801918,1298,7.1209
7049,34,40,2.366229,2.320596,1320,7.4363
7050,40,25,5.512022,5.758258,1444,7.6357
7051,25,36,2.688976,3.085836,1450,7.6560
7052,36,29,2.152761,2.558271,1360,7.4699
7053,29,23,1.765429,1.842701,1459,7.6886
7054,23,29,1.522457,1.366518,1352,7.3250
7055,29,11,3.031709,3.213122,1444,7.6542
7056,11,24,4.865753,5.124954,1328,7.2138
7057,24,54,3.525156,3.708090,1434,7.5882
7058,54,25,2.537234,2.031828,1367,7.4959
7059,25,36,2.407263,3.031958,1464,7.6515
7060,36,34,2.713306,2.843183,1461,7.7830
7061,34,40,2.391129,2.265082,1447,7.7819
7062,40,21,4.423300,5.217101,1339,7.2495
7063,21,48,2.740057,2.660118,1431,7.5663
7064,48,51,2.922748,2.608964,1417,7.5658
7065,51,29,2.860140,3.092483,1443,7.6023
7066,29,23,1.718980,1.749669,1420,7.6372
7067,23,29,1.475430,1.334447,1315,7.2086
7068,29,11,2.999912,3.060061,1435,7.6767
7069,11,45,2.642485,2.738555,1414,7.5856
7070,45,30,2.852725,3.365665,1377,7.4606
7071,30,46,2.436483,2.663632,1457,7.6047
7072,46,47,3.736984,3.523965,1446,7.5854
7073,47,51,3.485995,3.595990,1390,7.4965
7074,51,16,2.478390,2.149461,1343,7.2111
7075,16,21,3.648405,4.120955,1446,7.6235
7076,21,9,4.043639,3.556841,1285,6.9656
7077,9,15,3.314336,3.125467,1443,7.6145
7078,15,49,3.094598,3.362283,1367,7.2961
7079,49,50,2.770203,2.983957,1384,7.5495
7080,50,53,4.795227,4.593759,1443,7.6786
7081,53,11,4.235160,4.184786,1339,7.3567
7082,11,42,2.449355,2.699374,1357,7.3851
7083,42,45,2.638440,2.686643,1405,7.6081
7084,45,30,2.734914,3.245906,1387,7.5060
7085,30,31,3.200617,2.928700,1432,7.5255
7086,31,54,4.175994,4.171012,1404,7.4102
7087,54,25,2.200459,1.975227,1433,7.6217
7088,25,29,2.596935,3.438621,1431,7.5608
7089,29,48,3.508302,3.606997,1386,7.3821
7090,48,51,2.730711,2.536549,1477,7.6559
7091,51,29,2.801425,3.036078,1395,7.5157
7092,29,11,2.895590,3.009033,1418,7.7061
7093,11,45,2.736539,2.599711,1411,7.6309
7094,45,30,2.808129,3.184601,1420,7.6166
7095,30,31,3.040544,2.907425,1373,7.3912
7096,31,54,3.555373,3.991114,1423,7.5505
7097,54,25,2.310421,1.918542,1432,7.5880
7098,25,29,2.864675,3.396603,1420,7.5941
7099,29,48,3.103134,3.418461,1303,7.0615
7100,48,25,3.771506,4.562108,1413,7.6053
7101,25,36,2.764961,3.088579,1340,7.3288
7102,36,29,2.263719,2.595143,1430,7.7924
7103,29,23,1.959563,1.964341,1340,7.2504
7104,23,29,1.420618,1.343475,1452,7.6959
7105,29,48,2.969564,3.312109,1450,7.6562
7106,48,51,2.699853,2.506200,1326,7.2268
7107,51,29,2.558425,3.000605,1442,7.6068
7108,29,11,2.991159,2.979224,1464,7.6516
7109,11,45,2.468339,2.546413,1430,7.5955
7110,45,30,2.583846,3.121098,1316,7.2805
7111,30,46,2.527966,2.957501,1415,7.4570
7112,46,1,3.802577,3.343370,1450,7.6386
7113,1,32,2.808073,2.953637,1457,7.6800
7114,32,9,2.721702,2.769082,1422,7.5617
7115,9,15,3.152921,3.043071,1410,7.4741
7116,15,49,3.052448,3.371585,1350,7.2954
7117,49,43,4.133147,4.094396,1433,7.6528
7118,43,11,4.470550,4.388033,1205,6.7413
7119,11,45,2.168157,2.368155,1358,7.2565
7120,45,63,2.713251,3.523134,1446,7.6350
7121,63,18,2.768991,3.096576,1352,7.3249
7122,18,12,3.934761,4.217263,1340,7.3062
7123,12,35,3.317009,3.139933,1446,7.5631
7124,35,0,3.632762,3.333637,1395,7.5897
7125,0,21,3.923280,4.097908,1447,7.5794
7126,21,48,2.645644,2.609659,1305,7.0902
7127,48,25,3.690329,4.486198,1322,7.1487
7128,25,36,2.474945,2.882983,1429,7.6143
7129,36,29,2.244615,2.610414,1418,7.6626
7130,29,48,2.838692,3.053709,1430,7.6796
7131,48,6,3.915744,4.293288,1438,7.6204
7132,6,56,2.633820,2.895788,1459,7.6287
7133,56,1,2.833366,2.967333,1430,7.6459
7134,1,47,2.370459,2.297205,1285,7.0557
7135,47,56,2.177095,2.322958,1392,7.4376
7136,56,1,2.680224,2.857902,1399,7.5902
7137,1,32,2.701453,2.879970,1353,7.3180
7138,32,9,2.567684,2.665667,1296,6.9249
7139,9,44,3.735911,4.014307,1438,7.6507
7140,44,35,5.035038,4.472364,1256,6.9263
7141,35,0,3.512925,3.222745,1406,7.6257
7142,0,60,4.111561,4.320004,1421,7.5995
7143,60,36,3.052014,3.031712,1435,7.5782
7144,36,29,2.139166,2.543875,1468,7.8169
7145,29,23,2.131157,2.078715,1404,7.4855
7146,23,29,1.441605,1.370903,1458,7.7799
7147,29,48,2.823277,2.985373,1419,7.5433
7148,48,25,3.553502,4.405568,1402,7.4794
7149,25,29,2.174050,2.985825,1442,7.6698
7150,29,23,2.023203,2.021002,1456,7.6946
7151,23,29,1.394027,1.318008,1450,7.7467
7152,29,48,2.790072,2.935954,1452,7.6724
7153,48,6,4.033231,4.380154,1443,7.6437
7154,6,56,2.571351,2.820440,1336,7.3026
7155,56,34,2.683598,2.896960,1444,7.6929
7156,34,40,2.335868,2.201383,1475,7.7802
7157,40,25,5.687375,5.810782,1386,7.5119
7158,25,36,2.511266,2.678267,1394,7.5431
7159,36,34,2.690016,3.051003,1458,7.7975
7160,34,7,4.722839,4.601408,1460,7.7761
7161,7,31,3.514680,3.392005,1408,7.6044
7162,31,30,2.814282,2.655496,1422,7.5942
7163,30,46,2.398152,2.788178,1447,7.5795
7164,46,47,3.608001,3.450973,1439,7.6175
7165,47,56,1.980383,2.275197,1377,7.4822
7166,56,34,2.662905,2.828705,1298,7.0997
7167,34,35,4.341451,5.128355,1409,7.6732
7168,35,8,2.705797,2.424518,1199,6.4539
7169,8,41,2.187573,2.824066,1331,7.2767
7170,41,36,5.781992,6.021783,1404,7.7131
7171,36,29,2.188803,2.534497,1448,7.7645
7172,29,23,1.784774,1.948483,1441,7.6842
7173,23,0,5.131966,5.865116,1403,7.6598
7174,0,25,2.447779,2.209607,1414,7.5433
7175,25,36,2.726230,2.742502,1356,7.3764
7176,36,29,2.105572,2.456835,1456,7.8325
7177,29,11,3.094221,3.157759,1458,7.7060
7178,11,42,2.798432,2.882846,1412,7.5132
7179,42,45,2.470853,2.355692,1340,7.2848
7180,45,63,2.669029,3.383030,1406,7.6085
7181,63,47,4.276968,4.520014,1407,7.5193
7182,47,22,3.455742,2.953584,1412,7.5625
7183,22,47,3.141858,2.459621,1436,7.5490
7184,47,56,2.007009,2.251513,1376,7.4969
7185,56,1,2.637353,2.855334,1398,7.5394
7186,1,47,2.300305,2.216003,1308,7.2863
7187,47,56,1.954043,2.165108,1421,7.5927
7188,56,6,3.201170,3.179663,1405,7.6154
7189,6,32,2.378247,2.354272,1443,7.6186
7190,32,61,4.466082,4.432593,1395,7.4701
7191,61,33,3.093803,3.352475,967,5.6692
7192,33,11,5.683468,5.365469,1411,7.4790
7193,11,42,2.678970,2.731453,1385,7.3990
7194,42,54,4.262526,4.443215,1416,7.6548
7195,54,25,2.425045,2.069878,1459,7.6677
7196,25,36,2.300974,2.683976,1429,7.6197
7197,36,29,2.005415,2.407391,1427,7.7239
7198,29,11,3.042976,3.115441,1430,7.6550
7199,11,45,2.423445,2.397531,1362,7.3436
7200,45,62,4.684999,5.342963,1368,7.3595
7201,62,60,4.056052,3.943894,1317,7.0832
7202,60,38,3.850626,3.568435,1446,7.6036
7203,38,54,3.307044,3.966044,1452,7.6764
7204,54,25,2.218309,1.994695,1338,7.2004
7205,25,29,2.171483,3.022290,1448,7.6224
7206,29,23,1.943415,2.091940,1427,7.5974
7207,23,29,1.507136,1.464001,1294,6.9793
7208,29,11,2.863315,3.060930,1453,7.6575
7209,11,42,2.957608,2.756346,1437,7.5513
7210,42,54,3.994587,4.385549,1395,7.5514
7211,54,25,2.100446,1.908158,1469,7.6551
7212,25,2,4.630533,4.425457,1439,7.6519
7213,2,12,2.654764,2.791078,1382,7.5102
7214,12,35,3.270647,3.115431,1427,7.5230
7215,35,0,3.510538,3.198931,1357,7.4723
7216,0,25,2.133056,2.217319,1423,7.5458
7217,25,2,4.420524,4.253619,1444,7.6761
7218,2,45,3.334169,3.341413,1451,7.6573
7219,45,30,2.889594,3.344303,1426,7.6184
7220,30,31,3.158527,2.885755,1431,7.5545
7221,31,12,3.730495,3.713056,1300,7.0673
7222,12,35,3.152827,2.984786,1452,7.5850
7223,35,8,2.593731,2.491928,1448,7.7284
7224,8,52,4.165754,4.522949,1427,7.6222
7225,52,21,4.105974,3.801932,1338,7.3039
7226,21,48,2.688566,2.619600,1381,7.4477
7227,48,51,2.896940,2.629572,1466,7.6918
7228,51,29,2.960835,3.206073,1453,7.6425
7229,29,23,1.898623,1.966892,1435,7.5911
7230,23,18,4.205659,4.679241,1472,7.7242
7231,18,12,3.912477,4.131466,1271,6.9210
7232,12,20,2.706925,2.813416,1441,7.6447
7233,20,10,2.056015,1.691111,1330,7.1697
7234,10,21,5.220531,5.721756,1417,7.5987
7235,21,47,3.842964,4.074605,1408,7.5235
7236,47,51,3.613412,3.724070,1442,7.6224
7237,51,51,1.375723,0.827327,1381,7.3941
7238,51,51,1.138332,0.703093,1450,7.6026
7239,51,29,2.924334,3.314860,1462,7.6158
7240,29,23,1.777426,1.845417,1443,7.6433
7241,23,18,4.004451,4.585721,1442,7.6951
7242,18,12,3.586988,4.023431,1294,7.0852
7243,12,35,3.026538,3.019198,1433,7.5725
7244,35,0,3.171910,3.120884,1409,7.6377
7245,0,21,3.756843,4.169568,1442,7.6150
7246,21,48,2.620671,2.686839,1337,7.1550
7247,48,51,2.567830,2.385834,1299,7.1203
7248,51,16,2.410342,2.461720,1453,7.6312
7249,16,53,4.334118,5.146098,1435,7.6080
7250,53,11,4.394511,4.273723,1458,7.6756
7251,11,45,2.487933,2.378289,1421,7.5917
7252,45,30,2.815064,3.265854,1442,7.6130
7253,30,46,2.416986,2.889043,1291,6.9682
7254,46,47,3.461431,3.394708,1426,7.5824
7255,47,56,1.873665,2.141662,1359,7.4531
7256,56,34,2.724511,2.903241,1432,7.6624
7257,34,40,2.474684,2.280263,1454,7.8004
7258,40,25,5.722374,5.820701,1414,7.5338
7259,25,2,3.816637,3.930298,1477,7.6805
7260,2,54,4.265210,3.940698,1308,7.2736
7261,54,0,4.097888,3.799971,1324,7.1105
7262,0,25,2.521243,2.246250,1406,7.4325
7263,25,29,2.254785,3.103486,1438,7.6477
7264,29,48,2.882246,2.882764,1383,7.4885
7265,48,6,3.841911,4.148284,1359,7.4146
7266,6,32,2.240552,2.336800,1422,7.5929
7267,32,9,2.677903,2.636150,1334,7.0614
7268,9,3,3.335748,3.554113,1390,7.4035
7269,3,39,3.908115,4.009599,1431,7.5620
7270,39,15,3.562753,3.533765,1409,7.5734
7271,15,49,2.845176,3.143070,1261,6.9205
7272,49,43,3.993147,3.985214,1413,7.5336
7273,43,46,3.757490,3.817493,1449,7.6128
7274,46,47,3.320556,3.268584,1417,7.4716
7275,47,22,3.278835,3.000302,1439,7.6548
7276,22,35,4.393450,4.644717,1264,6.8321
7277,35,0,3.145819,3.029462,1402,7.6004
7278,0,25,2.260868,2.202757,1405,7.3645
7279,25,36,2.538680,2.817730,1422,7.6218
7280,36,34,2.694226,3.113102,1419,7.7333
7281,34,7,4.516487,4.538740,1436,7.7555
7282,7,16,3.983577,4.302404,1430,7.5908
7283,16,21,3.576999,4.119587,1413,7.5082
7284,21,9,3.962597,3.702748,1431,7.5823
7285,9,15,3.246649,3.076139,1380,7.5274
7286,15,49,2.567825,3.133879,1368,7.2375
7287,49,43,3.849647,3.899111,1466,7.6929
7288,43,46,3.819282,3.768694,1449,7.6332
7289,46,47,3.171632,3.149700,1432,7.5586
7290,47,51,3.405042,3.718338,1419,7.5948
7291,51,51,1.034015,0.611370,1442,7.6264
7292,51,29,2.619649,3.340109,1380,7.3339
7293,29,48,2.825204,2.702035,1475,7.6988
7294,48,6,3.925122,4.110198,1447,7.6248
7295,6,32,2.255861,2.360208,1444,7.6509
7296,32,9,2.805477,2.596770,1334,7.2075
7297,9,3,3.258626,3.493645,1357,7.3793
7298,3,10,3.477628,3.807905,1414,7.5218
7299,10,2,2.885492,3.176787,1362,7.3049
7300,2,12,2.612115,2.922703,1270,7.0110
7301,12,35,2.992965,2.991925,1459,7.6659
7302,35,0,2.927101,2.928090,1415,7.6649
7303,0,25,2.525576,2.189594,1437,7.5773
7304,25,36,2.455669,2.713375,1427,7.6666
7305,36,21,4.117191,4.555579,1394,7.6127
7306,21,48,2.474002,2.542730,1119,6.3192
7307,48,25,3.446392,4.364151,1368,7.4021
7308,25,29,2.468251,3.133799,1437,7.6087
7309,29,11,3.064954,3.097753,1439,7.7108
7310,11,42,3.028144,2.720372,1422,7.5968
7311,42,0,5.296753,5.226782,1372,7.4550
7312,0,21,3.736223,4.129768,1271,7.0248
7313,21,48,2.377414,2.484256,1369,7.3053
7314,48,51,2.565940,2.436623,1391,7.4548
7315,51,51,0.947447,0.516834,1439,7.6130
7316,51,29,3.021615,3.378474,1434,7.6023
7317,29,23,2.111165,1.993776,1457,7.6834
7318,23,29,1.628571,1.545502,1454,7.7534
7319,29,11,3.139795,3.011689,1438,7.6507
7320,11,42,2.849656,2.668942,1456,7.6413
7321,42,54,4.026393,4.346911,1453,7.6456
7322,54,25,2.202126,2.092978,1414,7.5760
7323,25,36,2.352087,2.672983,1465,7.6472
7324,36,34,2.634268,3.176342,1405,7.5921
7325,34,40,2.608968,2.277968,1462,7.7983
7326,40,57,3.017149,3.209317,1354,7.3067
7327,57,52,3.414396,3.417084,1438,7.5606
7328,52,22,4.283863,4.251523,1410,7.5559
7329,22,35,4.543745,4.542430,1381,7.3725
7330,35,0,2.813461,2.894343,1401,7.5778
7331,0,60,4.137941,4.416206,1361,7.3216
7332,60,38,3.777681,3.547134,1412,7.5340
7333,38,2,3.702613,3.995257,1460,7.6107
7334,2,54,4.084291,3.905263,1352,7.3583
7335,54,25,2.350219,1.996032,1391,7.4758
7336,25,36,2.259084,2.611018,1455,7.5943
7337,36,34,2.612682,3.151624,1352,7.5659
7338,34,7,4.491748,4.480379,1304,7.3021
7339,7,16,3.968360,4.226839,1353,7.4324
7340,16,23,3.504625,3.695226,1133,6.3461
7341,23,29,1.528955,1.542496,1442,7.6511
7342,29,23,2.150272,1.879330,1457,7.6913
7343,23,29,1.499934,1.455821,1450,7.6972
7344,29,48,2.610250,2.815538,1458,7.6801
7345,48,25,3.518997,4.357446,1448,7.5937
7346,25,36,2.208150,2.478396,1454,7.6664
7347,36,29,2.227431,2.762802,1456,7.7557
7348,29,11,2.860803,2.970091,1479,7.7038
7349,11,45,2.640339,2.573773,1448,7.6383
7350,45,30,2.486156,3.185985,1360,7.4226
7351,30,31,3.045632,2.978875,1290,7.0545
7352,31,12,3.681246,3.581525,1439,7.6107
7353,12,35,3.312947,2.975591,1432,7.5686
7354,35,8,2.879987,2.653601,1400,7.4581
7355,8,56,4.160538,4.571958,1383,7.3631
7356,56,34,2.590534,2.814967,1423,7.6748
7357,34,35,4.372215,5.202947,1440,7.7800
7358,35,53,4.315002,3.955694,1399,7.5410
7359,53,17,2.482826,2.617227,1410,7.5012
7360,17,1,4.279057,4.618102,1444,7.6371
7361,1,32,2.647338,2.824727,1414,7.5309
7362,32,9,2.709702,2.520533,1452,7.5900
7363,9,15,3.279520,3.073485,1440,7.6175
7364,15,49,2.665668,3.120434,1458,7.5806
7365,49,43,3.674324,3.804118,1419,7.6074
7366,43,11,4.704981,4.648334,1423,7.5955
7367,11,42,2.760796,2.600537,1428,7.6211
7368,42,54,3.998994,4.300955,1303,7.2815
7369,54,0,4.225308,3.771953,1385,7.4373
7370,0,25,2.255011,2.175537,1425,7.5142
7371,25,36,2.086066,2.380626,1419,7.5313
7372,36,29,2.126734,2.716940,1424,7.7210
7373,29,11,2.781337,2.894268,1395,7.5221
7374,11,42,2.725323,2.521048,1404,7.5568
7375,42,54,3.993347,4.203694,1439,7.6431
7376,54,25,2.127684,1.980557,1349,7.3214
7377,25,36,2.412172,2.327523,1372,7.3504
7378,36,29,2.026739,2.675657,1439,7.7064
7379,29,11,2.673157,2.780965,1411,7.5416
7380,11,42,2.382513,2.448373,1421,7.6012
7381,42,45,2.373224,2.392064,1405,7.6120
7382,45,63,2.788140,3.597410,1398,7.5360
7383,63,18,3.256471,3.254231,1441,7.6024
7384,18,18,1.144536,0.668899,1462,7.6431
7385,18,12,3.760645,4.016158,1458,7.6157
7386,12,35,3.093753,2.972910,1309,7.1035
7387,35,53,4.285532,3.860107,1331,7.3481
7388,53,17,2.321539,2.618786,1307,7.1158
7389,17,7,4.105241,4.153129,1435,7.5964
7390,7,31,3.810132,3.486882,1449,7.6591
7391,31,12,3.366476,3.483797,1478,7.6255
7392,12,43,4.260316,4.649104,1410,7.5505
7393,43,46,3.652301,3.638319,1396,7.5830
7394,46,46,1.239885,0.695544,1459,7.6441
7395,46,47,3.118579,3.155215,1445,7.5871
7396,47,56,2.032065,2.354210,1419,7.5406
7397,56,34,2.518183,2.757484,1426,7.6502
7398,34,40,2.678906,2.345840,1454,7.7711
7399,40,57,2.704971,3.095582,1348,7.3365
7400,57,52,3.260264,3.308933,1447,7.6009
7401,52,22,4.069570,4.168806,1399,7.5771
7402,22,35,4.510906,4.477438,1477,7.6502
7403,35,53,4.117411,3.643364,1405,7.6193
7404,53,11,4.475529,4.450786,1472,7.7076
7405,11,45,2.605421,2.514782,1455,7.6540
7406,45,63,2.574817,3.546608,1406,7.5177
7407,63,18,3.117789,3.171022,1398,7.4245
7408,18,18,1.004001,0.566381,1402,7.5214
7409,18,12,3.765252,3.980603,1429,7.5543
7410,12,35,3.274318,3.053226,1398,7.4855
7411,35,0,3.015380,2.912854,1420,7.6758
7412,0,25,2.134363,2.197058,1415,7.5214
7413,25,36,2.440880,2.215175,1370,7.4423
7414,36,34,2.668250,3.605099,1373,7.5602
7415,34,40,2.596415,2.281464,1409,7.6818
7416,40,57,2.762930,3.063098,1449,7.6776
7417,57,52,3.099670,3.212044,1456,7.6114
7418,52,21,4.101587,3.873108,1400,7.4364
7419,21,47,4.000201,4.338545,1436,7.6523
7420,47,56,1.944126,2.260076,1433,7.6298
7421,56,1,2.826597,2.896878,1436,7.6694
7422,1,32,2.432296,2.761966,1323,7.2865
7423,32,27,3.530493,3.439937,1431,7.6035
7424,27,20,4.283615,4.526828,1366,7.5023
7425,20,3,4.599053,4.368456,1318,7.1544
7426,3,41,2.737115,3.274877,1368,7.2505
7427,41,36,6.361582,6.515115,1413,7.6219
7428,36,21,4.007439,4.579039,1399,7.5939
7429,21,48,2.504079,2.511217,1445,7.6624
7430,48,51,2.539841,2.359225,1422,7.5579
7431,51,29,2.617062,3.332324,1401,7.4626
7432,29,11,2.649656,2.706232,1438,7.5765
7433,11,42,2.507364,2.438023,1373,7.4786
7434,42,45,2.271690,2.201962,1448,7.6838
7435,45,30,2.685355,3.349100,1362,7.3495
7436,30,31,3.066478,2.941014,1308,7.0362
7437,31,12,3.183908,3.338834,1435,7.5707
7438,12,35,3.223152,2.960358,1437,7.5749
7439,35,8,2.796040,2.807577,1402,7.5431
7440,8,41,2.162014,2.888918,1439,7.6384
7441,41,6,3.574525,3.845326,1426,7.6748
7442,6,32,2.159938,2.282554,1453,7.6331
7443,32,9,2.666394,2.515373,1420,7.4225
7444,9,3,3.358075,3.507790,1439,7.6194
7445,3,41,2.565511,3.154171,1385,7.4135
7446,41,6,3.452340,3.777729,1441,7.5848
7447,6,56,2.750357,2.969882,1400,7.6078
7448,56,34,2.453879,2.772485,1391,7.5975
7449,34,7,4.707780,4.551400,1427,7.7463
7450,7,16,3.823929,4.116732,1357,7.1648
7451,16,23,3.462995,3.592038,1107,6.1725
7452,23,29,1.587135,1.613677,1382,7.5064
7453,29,23,2.277962,2.134517,1465,7.7003
7454,23,29,1.550885,1.518402,1465,7.8032
7455,29,11,2.809970,2.676190,1443,7.6712
7456,11,45,2.386820,2.508146,1429,7.6139
7457,45,30,2.598613,3.294319,1330,7.2054
7458,30,31,2.877320,2.929443,1370,7.4211
7459,31,12,3.157471,3.201458,1438,7.6380
7460,12,35,2.853801,2.869406,1383,7.3675
7461,35,8,2.934122,2.780377,1345,7.1535
7462,8,41,2.286578,2.859681,1444,7.6525
7463,41,36,6.205866,6.439024,1454,7.7688
7464,36,29,2.134979,2.739849,1430,7.7230
7465,29,11,2.657507,2.530642,1389,7.5189
7466,11,42,2.425098,2.517281,1425,7.6011
7467,42,0,5.416420,5.374192,1461,7.6779
7468,0,21,3.786405,4.066839,1427,7.5500
7469,21,48,2.421333,2.501751,1451,7.6704
7470,48,51,2.506621,2.327537,1395,7.4566
7471,51,16,3.256475,2.705077,1443,7.6183
7472,16,21,3.661746,4.107911,1305,7.1117
7473,21,9,4.085713,3.834274,1438,7.6457
7474,9,15,3.204734,3.006211,1409,7.4451
7475,15,49,2.707519,3.088996,1415,7.5579
7476,49,43,3.590362,3.736986,1425,7.6444
7477,43,11,4.899420,4.881386,1364,7.4395
7478,11,42,2.453286,2.351144,1350,7.4686
7479,42,54,3.957297,4.372447,1458,7.7101
7480,54,0,4.011729,3.704851,1366,7.4658
7481,0,60,3.996812,4.314564,1408,7.5134
7482,60,36,3.135101,3.019929,1412,7.5327
7483,36,29,2.133932,2.721731,1457,7.8057
7484,29,11,2.379622,2.503190,1378,7.3406
7485,11,45,2.585951,2.604059,1419,7.6191
7486,45,30,2.496030,3.208548,1203,6.9403
7487,30,31,3.057052,2.893471,1392,7.4209
7488,31,12,2.688076,3.077611,1414,7.5005
7489,12,35,2.807323,2.803322,1286,7.0252
7490,35,0,2.990358,3.036735,1335,7.3871
7491,0,25,2.155246,2.129254,1451,7.5709
7492,25,29,2.340296,3.234246,1470,7.6641
7493,29,23,2.583265,2.286062,1223,6.6435
7494,23,29,1.595986,1.550514,1325,7.2540
7495,29,23,2.320530,2.110208,1446,7.7123
7496,23,29,1.463901,1.458943,1452,7.7410
7497,29,11,2.366763,2.580750,1446,7.6903
7498,11,42,2.540655,2.409820,1461,7.6612
7499,42,54,3.750007,4.256971,1422,7.6435
7500,54,0,3.824848,3.658425,1414,7.4819
7501,0,60,3.940103,4.237513,1407,7.4742
7502,60,38,3.713783,3.528525,1454,7.6143
7503,38,54,3.623928,4.157159,1386,7.3604
7504,54,25,2.283612,2.143871,1408,7.5511
7505,25,36,2.575430,2.593802,1312,7.2051
7506,36,21,3.688030,4.258376,1474,7.8228
7507,21,9,3.829447,3.712827,1406,7.5587
7508,9,15,3.101055,2.880821,1345,7.3043
7509,15,49,2.712829,3.086275,1415,7.5473
7510,49,43,3.457125,3.644550,1403,7.5168
7511,43,51,5.311192,4.995368,1400,7.5849
7512,51,16,3.228638,2.389293,1433,7.5832
7513,16,53,4.379528,5.183613,1450,7.6476
7514,53,11,4.504879,4.544450,1196,6.7930
7515,11,45,2.669218,2.518948,1388,7.5174
7516,45,30,2.444845,3.157902,1414,7.5630
7517,30,46,3.515895,3.344264,1427,7.5044
7518,46,46,1.165740,0.640131,1341,7.2524
7519,46,46,1.008735,0.534254,1402,7.4696
7520,46,1,3.859214,3.736661,1456,7.5802
7521,1,32,2.398214,2.722217,1261,6.7490
7522,32,27,3.472159,3.347856,1438,7.5397
7523,27,2,4.680298,4.976987,1424,7.6368
7524,2,54,4.185371,3.928606,1379,7.4813
7525,54,25,2.266016,2.052672,1427,7.6129
7526,25,2,4.445100,4.249261,1463,7.6104
7527,2,12,3.213268,3.313501,1411,7.5700
7528,12,35,2.521601,2.640499,1436,7.5895
7529,35,0,2.959311,2.988328,1412,7.6196
7530,0,25,2.160864,2.076537,1304,7.0157
7531,25,29,2.584265,3.363589,1446,7.6586
7532,29,11,2.308992,2.537828,1406,7.4824
7533,11,42,2.468004,2.358061,1401,7.5713
7534,42,54,3.943406,4.238156,1309,7.1225
7535,54,0,3.773261,3.611910,1441,7.6247
7536,0,60,3.787774,4.164815,1419,7.5860
7537,60,38,3.587628,3.495163,1363,7.2790
7538,38,2,3.555069,3.879055,1434,7.5858
7539,2,45,3.469407,3.426146,1423,7.6147
7540,45,63,3.126128,3.808659,1376,7.3132
7541,63,6,4.497544,4.739010,1339,7.1634
7542,6,32,2.077610,2.297249,1437,7.6422
7543,32,27,3.344422,3.246916,1372,7.4094
7544,27,2,4.677741,5.025051,1386,7.4867
7545,2,12,2.926087,3.194658,1424,7.6302
7546,12,35,2.484610,2.522674,1323,7.1787
7547,35,8,3.102489,2.944581,1398,7.5642
7548,8,52,4.080468,4.505215,1412,7.5676
7549,52,21,4.192480,3.850011,1420,7.5410
7550,21,47,3.956373,4.350926,1471,7.6563
7551,47,22,3.965430,3.082851,1394,7.4858
7552,22,35,4.856642,4.706509,1397,7.4423
7553,35,53,4.390050,3.941777,1428,7.6286
7554,53,17,2.238173,2.672977,1420,7.6355
7555,17,2,5.086756,5.365825,1399,7.5599
7556,2,54,4.315678,3.803250,1327,7.2711
7557,54,44,6.174870,6.305648,1367,7.3395
7558,44,35,5.405263,4.680127,1172,6.4794
7559,35,0,2.781343,2.916054,1420,7.6028
7560,0,25,2.083974,2.035286,1346,7.2467
7561,25,29,2.668004,3.260309,1425,7.5763
7562,29,23,1.953621,2.065446,1444,7.6756
7563,23,18,3.893953,4.352778,1415,7.6628
7564,18,38,3.096980,3.048805,1386,7.3561
7565,38,2,3.558840,3.937655,1443,7.6128
7566,2,45,3.406703,3.388918,1362,7.4769
7567,45,63,2.895542,3.625536,1414,7.5929
7568,63,18,3.147599,3.258745,1376,7.4027
7569,18,12,3.718887,3.960936,1434,7.5825
7570,12,35,2.626600,2.694248,1428,7.5934
7571,35,8,2.989036,2.793512,1446,7.6797
7572,8,52,3.984183,4.427910,1449,7.6433
7573,52,22,4.141419,4.183173,1325,7.1011
7574,22,47,3.161248,2.649280,1360,7.2569
7575,47,51,3.677328,3.580390,1253,6.9069
7576,51,16,2.491337,2.244765,1350,7.2733
7577,16,23,3.341247,3.517606,1397,7.4498
7578,23,29,1.553037,1.578656,1438,7.6445
7579,29,23,2.015673,1.935030,1396,7.5375
7580,23,29,1.492264,1.502686,1415,7.6793
7581,29,23,1.853515,1.802593,1424,7.6571
7582,23,29,1.415899,1.437604,1450,7.7148
7583,29,11,2.730700,2.721440,1468,7.6465
7584,11,24,5.076275,5.529412,1445,7.6299
7585,24,0,4.613136,4.259842,1428,7.6155
7586,0,60,3.658446,4.013224,1356,7.2895
7587,60,38,3.509980,3.450673,1410,7.5677
7588,38,50,3.173057,3.289958,1445,7.6667
7589,50,53,4.646579,4.483990,1416,7.6478
7590,53,17,2.143770,2.587537,1273,6.9558
7591,17,7,4.236966,4.141240,1398,7.4090
7592,7,31,3.972496,3.504511,1260,6.6397
7593,31,12,2.832813,3.147514,1460,7.6320
7594,12,35,2.538632,2.631515,1445,7.6074
7595,35,53,4.209714,3.845559,1470,7.7099
7596,53,17,2.180164,2.613612,1390,7.4660
7597,17,7,4.039815,4.007059,1320,7.2300
7598,7,31,3.886342,3.413893,1405,7.4502
7599,31,54,4.112927,4.179619,1473,7.6170
7600,54,25,2.180114,2.077694,1391,7.4579
7601,25,36,2.905611,2.713721,1461,7.6502
7602,36,29,2.155818,2.622104,1452,7.7719
7603,29,23,1.776543,1.790997,1446,7.6722
7604,23,29,1.424147,1.429346,1453,7.7205
7605,29,48,3.311798,3.522992,1453,7.6656
7606,48,51,2.613804,2.468865,1427,7.5824
7607,51,29,2.530465,3.275735,1446,7.6501
7608,29,23,1.838469,1.744231,1455,7.6674
7609,23,18,4.044265,4.663811,1454,7.7196
7610,18,12,3.566479,3.873633,1408,7.5079
7611,12,35,2.476425,2.579327,1428,7.5600
7612,35,8,2.909878,2.862356,1338,7.2380
7613,8,41,2.080491,3.033110,1455,7.6513
7614,41,6,3.292875,3.781218,1405,7.5329
7615,6,32,2.156463,2.208384,1405,7.5477
7616,32,9,2.723737,2.671880,1316,7.2147
7617,9,3,3.179913,3.472141,1312,7.0740
7618,3,41,2.462794,3.086720,1157,6.2504
7619,41,36,5.972596,6.229810,1338,7.4242
7620,36,29,2.126056,2.660957,1396,7.6073
7621,29,48,3.124087,3.270710,1455,7.6742
7622,48,51,2.597010,2.416535,1461,7.6583
7623,51,51,1.014608,0.627518,1441,7.6572
7624,51,29,2.525935,3.291016,1399,7.4291
7625,29,48,2.940659,3.042589,1403,7.4993
7626,48,51,2.341794,2.307722,1441,7.6596
7627,51,16,2.628088,2.392359,1393,7.4616
7628,16,21,3.686911,4.244907,1320,7.1559
7629,21,47,3.863478,4.184749,1351,7.2354
7630,47,56,2.055137,2.350913,1292,7.0530
7631,56,34,2.606392,2.780452,1445,7.6538
7632,34,40,2.550725,2.214833,1414,7.7425
7633,40,25,5.554768,5.890733,1441,7.6341
7634,25,2,4.043821,4.098995,1450,7.6514
7635,2,45,3.156296,3.206099,1447,7.6697
7636,45,30,2.401014,3.099738,1374,7.4773
7637,30,31,2.978752,3.046133,1407,7.3628
7638,31,30,3.137602,2.697210,1410,7.5548
7639,30,27,7.312422,7.355971,1345,7.1312
7640,27,20,4.203997,4.458113,1457,7.6793
7641,20,10,2.159973,1.877068,1440,7.6736
7642,10,11,5.709209,5.900130,1422,7.5936
7643,11,45,2.808459,2.497621,1404,7.5463
7644,45,30,2.355714,3.135770,1377,7.3749
7645,30,46,2.991193,3.206788,1401,7.3818
7646,46,1,3.622943,3.525264,1459,7.6336
7647,1,47,2.486976,2.303973,1446,7.6719
7648,47,56,1.983633,2.246530,1404,7.6039
7649,56,6,3.369468,3.354688,1457,7.6949
7650,6,56,2.703229,2.907351,1363,7.3397
7651,56,6,3.158282,3.128677,1438,7.6631
7652,6,56,2.632348,2.694548,1408,7.5654
7653,56,34,2.634154,2.784402,1420,7.6258
7654,34,7,4.480140,4.415543,1427,7.7159
7655,7,16,3.830005,4.132497,1302,7.2166
7656,16,21,3.341525,4.005773,1228,6.9092
7657,21,9,3.748660,3.648259,1353,7.3953
7658,9,15,2.934174,2.821704,1354,7.2518
7659,15,49,2.487620,3.045482,1373,7.4110
7660,49,43,3.284675,3.523254,1365,7.3861
7661,43,11,4.988668,4.966053,1278,7.1648
7662,11,24,4.665363,4.958889,1421,7.5556
7663,24,54,3.937156,3.660560,1428,7.6223
7664,54,25,2.302622,2.160238,1370,7.3274
7665,25,2,3.849867,3.951827,1418,7.5279
7666,2,12,3.185177,3.272504,1386,7.5025
7667,12,43,4.482795,4.800203,1434,7.6191
7668,43,51,5.488019,5.108557,1419,7.6314
7669,51,16,2.461407,2.138727,1382,7.4194
7670,16,21,3.219790,3.903796,1425,7.5559
7671,21,48,2.469658,2.461663,1407,7.4988
7672,48,25,3.608503,4.403241,1395,7.4834
7673,25,29,2.402039,3.099443,1421,7.6283
7674,29,23,1.829880,1.802424,1453,7.6839
7675,23,29,1.430882,1.471404,1419,7.7264
7676,29,11,2.891410,3.061634,1405,7.6000
7677,11,45,2.686581,2.410541,1435,7.6146
7678,45,62,4.803682,5.584277,1424,7.6096
7679,62,60,4.076527,3.928450,1448,7.5901
7680,60,38,3.547218,3.341932,1385,7.3758
7681,38,50,2.971431,3.223574,1320,7.2326
7682,50,53,4.510153,4.371668,1411,7.6119
7683,53,11,4.523799,4.504551,1368,7.3502
7684,11,42,2.722941,2.464680,1426,7.5854
7685,42,54,4.047708,4.004523,1400,7.5848
7686,54,0,3.778283,3.554536,1436,7.5904
7687,0,21,4.046726,4.427968,1438,7.5835
7688,21,47,3.868375,4.143683,1193,6.5677
7689,47,56,1.817503,2.184753,1360,7.3032
7690,56,34,2.539028,2.695083,1449,7.6522
7691,34,35,5.191594,5.741121,1335,7.3026
7692,35,8,2.968558,2.588643,1440,7.6262
7693,8,56,4.056638,4.747689,1352,7.4350
7694,56,34,2.286976,2.528323,1415,7.6125
7695,34,40,2.682473,2.347575,1501,7.8359
7696,40,57,2.987872,2.994314,1396,7.5683
7697,57,52,2.985152,3.093868,1386,7.5607
7698,52,21,3.908128,3.849336,1459,7.5718
7699,21,9,3.523001,3.575560,1375,7.4887
7700,9,44,4.107145,4.316006,1409,7.5318
7701,44,35,5.187758,4.651899,1357,7.4179
7702,35,0,3.047982,3.031032,1353,7.4028
7703,0,25,2.097056,2.116416,1395,7.5071
7704,25,36,2.609743,2.745060,1397,7.5162
7705,36,21,3.706562,4.282734,1336,7.3947
7706,21,48,2.482632,2.408982,1373,7.3661
7707,48,51,2.519892,2.461017,1223,6.6962
7708,51,29,2.932814,3.224725,1445,7.6583
7709,29,23,1.838808,1.727061,1428,7.6107
7710,23,18,3.792930,4.334229,1443,7.7212
7711,18,18,1.104144,0.619189,1421,7.5788
7712,18,18,0.897750,0.515135,1307,7.2612
7713,18,38,3.079587,3.247774,1354,7.3803
7714,38,50,2.915562,3.152331,1450,7.6503
7715,50,33,3.477325,3.565630,1432,7.6510
7716,33,55,3.310302,3.264175,1390,7.4901
7717,55,63,4.744032,4.725033,1432,7.6201
7718,63,47,4.165071,4.437348,1386,7.4548
7719,47,56,1.800000,2.178524,1395,7.5595
7720,56,34,2.251613,2.470804,1441,7.6826
7721,34,40,2.566071,2.303077,1306,7.0935
7722,40,25,5.339818,5.767755,1389,7.4359
7723,25,29,2.264596,3.055082,1469,7.6564
7724,29,23,1.674969,1.667508,1468,7.7071
7725,23,29,1.538025,1.495755,1288,6.8377
7726,29,11,2.967680,3.129800,1462,7.6928
7727,11,42,2.481803,2.412826,1444,7.6214
7728,42,45,2.411256,2.197676,1434,7.6466
7729,45,62,4.576055,5.386411,1446,7.6555
7730,62,21,4.959793,4.756430,1424,7.5148
7731,21,9,3.468550,3.480240,1423,7.6418
7732,9,44,3.917582,4.182565,1430,7.6256
7733,44,35,5.032670,4.568697,1407,7.4762
7734,35,8,2.766296,2.386381,1306,6.9187
7735,8,41,2.736408,3.144538,1447,7.6656
7736,41,6,3.307543,3.748664,1423,7.6689
7737,6,32,2.252118,2.246579,1412,7.5308
7738,32,61,4.731686,4.574057,1352,7.1505
7739,61,33,3.076542,3.325377,1422,7.4856
7740,33,11,5.800133,5.442368,1401,7.4153
7741,11,42,2.338164,2.283817,1373,7.4237
7742,42,0,5.099768,5.129154,1406,7.5803
7743,0,60,3.554838,3.880211,1289,7.0354
7744,60,38,3.311333,3.292947,1431,7.5438
7745,38,54,3.937649,4.306808,1433,7.5895
7746,54,0,3.658339,3.366463,1471,7.6480
7747,0,60,3.409697,3.754328,1349,7.3133
7748,60,38,3.253026,3.241911,1439,7.5863
7749,38,2,3.667709,3.793795,1416,7.5439
7750,2,54,3.789562,3.570973,1235,6.7311
7751,54,44,5.789119,6.098928,1362,7.4386
7752,44,35,4.844273,4.399108,1153,6.3613
7753,35,8,2.394487,2.252184,1341,7.3362
7754,8,41,2.549275,3.088626,1454,7.6742
7755,41,6,3.279385,3.655786,1422,7.6699
7756,6,32,2.177692,2.155676,1454,7.6452
7757,32,9,2.796908,2.773136,1416,7.5246
7758,9,15,2.887269,2.865345,1450,7.6191
7759,15,49,2.373692,3.047602,1450,7.5973
7760,49,50,3.375618,3.730961,1296,7.1858
7761,50,53,4.425614,4.282091,1214,6.4403
7762,53,11,4.364087,4.413495,1250,6.8999
7763,11,42,2.217869,2.172743,1328,7.2291
7764,42,54,3.995343,4.126559,1433,7.6410
7765,54,25,2.509244,2.324899,1354,7.2487
7766,25,36,2.474526,2.579805,1435,7.6195
7767,36,29,2.332850,2.781270,1443,7.7948
7768,29,11,3.037963,3.180704,1449,7.7113
7769,11,42,2.329600,2.105441,1326,7.0835
7770,42,45,2.455249,2.194134,1450,7.6534
7771,45,63,2.984985,3.889696,1394,7.4995
7772,63,6,4.777878,4.779219,1462,7.6392
7773,6,22,5.354978,5.504764,1451,7.6923
7774,22,35,4.805629,4.747650,1459,7.5605
7775,35,0,3.128719,3.109054,1426,7.6638
7776,0,25,2.213385,2.109282,1462,7.5722
7777,25,36,2.556558,2.477191,1257,6.7561
7778,36,29,2.150765,2.724475,1442,7.7963
7779,29,11,3.038473,3.034368,1462,7.6994
7780,11,45,2.683311,2.379039,1436,7.6162
7781,45,30,2.459871,3.338687,1444,7.6612
7782,30,46,3.264850,3.046806,1349,7.2989
7783,46,1,3.633765,3.399218,1403,7.3814
7784,1,32,2.540753,2.796364,1449,7.6215
7785,32,61,4.643990,4.515220,1415,7.5121
7786,61,33,3.163506,3.340884,1292,7.1593
7787,33,11,5.858904,5.510025,1425,7.5718
7788,11,42,2.104086,2.082755,1306,7.3203
7789,42,54,3.785896,4.085404,1368,7.4655
7790,54,25,2.263180,2.279400,1445,7.5876
7791,25,36,2.790091,2.385872,1486,7.6759
7792,36,21,3.705352,4.388971,1450,7.8086
7793,21,9,3.532047,3.396666,1443,7.6300
7794,9,15,2.768266,2.762437,1287,7.2397
7795,15,49,2.375054,3.072106,1346,7.3084
7796,49,43,3.203393,3.570798,1436,7.6444
7797,43,46,3.647069,3.583955,1244,7.0551
7798,46,46,1.065082,0.540084,1433,7.6278
7799,46,46,0.918129,0.447744,1454,7.6078
7800,46,47,3.923525,3.946714,1457,7.6071
7801,47,51,3.082725,3.621186,1361,7.3993
7802,51,51,1.101836,0.677792,1304,7.1599
7803,51,16,2.347556,2.152843,1320,7.1563
7804,16,53,4.766270,5.617780,1443,7.6278
7805,53,11,4.665740,4.347788,1296,7.1067
7806,11,42,1.998335,1.989401,1437,7.6595
7807,42,54,3.801238,3.945920,1314,7.1181
7808,54,25,2.147824,2.248863,1427,7.6138
7809,25,36,2.211711,2.285777,1331,7.0640
7810,36,29,2.069115,2.765995,1436,7.7927
7811,29,23,1.993435,1.894969,1444,7.6536
7812,23,29,1.589866,1.556197,1444,7.6531
7813,29,11,3.302545,3.235075,1461,7.6667
7814,11,42,1.956409,1.947879,1418,7.5810
7815,42,54,3.648214,3.817619,1422,7.6336
7816,54,25,2.073685,2.228368,1338,7.3246
7817,25,2,4.244134,4.000473,1441,7.5973
7818,2,12,3.072983,3.205464,1429,7.6728
7819,12,20,3.511289,3.538478,1440,7.6082
7820,20,3,4.043392,4.197483,1403,7.5707
7821,3,39,3.992713,4.052932,1468,7.6191
7822,39,44,3.439135,3.332703,1327,7.0806
7823,44,35,4.653911,4.298015,1438,7.6049
7824,35,53,3.971377,3.513043,1386,7.5249
7825,53,17,2.030037,2.615632,1336,7.1766
7826,17,2,5.175209,5.361350,1324,7.2002
7827,2,45,3.240917,3.224506,1436,7.6991
7828,45,63,2.850775,3.740405,1452,7.6880
7829,63,18,3.315476,3.348467,1431,7.6133
7830,18,38,3.008590,3.010191,1390,7.3279
7831,38,50,2.944185,3.255538,1461,7.6638
7832,50,53,4.587627,4.196375,1406,7.5886
7833,53,11,4.410571,4.367410,1421,7.6041
7834,11,45,2.367106,2.360910,1438,7.6141
7835,45,30,2.392079,3.291858,1363,7.4545
7836,30,31,3.174809,3.048710,1455,7.5928
7837,31,54,4.323616,4.140300,1434,7.5516
7838,54,0,3.531522,3.571848,1410,7.5293
7839,0,25,2.028281,1.970709,1248,6.6399
7840,25,36,2.134394,2.302319,1447,7.5662
7841,36,29,2.245378,2.734444,1476,7.8216
7842,29,23,2.017048,1.876254,1378,7.4367
7843,23,29,1.623461,1.523840,1150,6.1747
7844,29,23,1.888799,1.754711,1442,7.6536
7845,23,0,4.972258,5.862001,1307,7.1422
7846,0,21,4.252071,4.348575,1236,6.7577
7847,21,48,2.496629,2.498956,1367,7.3808
7848,48,51,2.532282,2.390778,1454,7.6628
7849,51,16,2.437714,2.010028,1448,7.6241
7850,16,53,4.868266,5.690698,1474,7.6429
7851,53,11,4.182677,4.188400,1356,7.4636
7852,11,24,4.555295,4.791168,1358,7.4358
7853,24,0,3.949798,4.033874,1268,6.7259
7854,0,60,3.338439,3.740115,1442,7.5647
7855,60,38,3.272664,3.212417,1365,7.2214
7856,38,2,3.562917,3.776806,1443,7.6101
7857,2,12,2.929316,3.099707,1437,7.6605
7858,12,43,4.308648,4.546291,1437,7.6008
7859,43,51,5.364758,5.116828,1341,7.4334
7860,51,29,2.429251,3.408978,1448,7.5816
7861,29,23,1.899173,1.675217,1431,7.6064
7862,23,29,1.511546,1.475859,1409,7.6466
7863,29,23,1.689977,1.574350,1456,7.6664
7864,23,29,1.412363,1.409431,1413,7.6037
7865,29,23,1.667140,1.489592,1329,7.0985
7866,23,0,4.791875,5.844300,1418,7.6392
7867,0,21,3.949454,4.184619,1359,7.4107
7868,21,9,3.245414,3.369517,1267,6.9655
7869,9,3,3.444334,3.624762,1280,7.0890
7870,3,39,3.825030,4.023643,1353,7.3495
7871,39,15,3.610031,3.630371,1452,7.5736
7872,15,49,2.291443,2.869253,1454,7.5759
7873,49,43,3.148711,3.547049,1423,7.6254
7874,43,51,5.218904,5.023775,1438,7.6395
7875,51,29,2.196371,3.258815,1443,7.5664
7876,29,11,3.460254,3.629951,1330,7.0706
7877,11,45,2.479072,2.296388,1388,7.4904
7878,45,63,3.024501,3.773640,1362,7.4763
7879,63,18,3.064240,3.345128,1308,7.0793
7880,18,12,3.829487,4.036611,1399,7.4979
7881,12,35,2.982318,3.040652,1449,7.6347
7882,35,8,2.347259,2.241223,1428,7.6440
7883,8,56,3.942191,4.759127,1421,7.6044
7884,56,34,2.172558,2.398733,1405,7.6060
7885,34,40,2.631093,2.208847,1324,7.4446
7886,40,25,5.235207,5.942495,1315,7.2965
7887,25,29,2.583315,3.127329,1437,7.5950
7888,29,11,3.337950,3.456494,1334,7.2750
7889,11,45,2.227948,2.261857,1427,7.5846
7890,45,63,3.104708,3.687170,1426,7.5381
7891,63,18,3.083310,3.341504,1401,7.5382
7892,18,12,3.576693,3.862721,1402,7.5738
7893,12,35,3.085434,2.988217,1274,6.9506
7894,35,8,2.246983,2.208888,1395,7.5180
7895,8,41,2.747133,3.092842,1439,7.6235
7896,41,30,5.658239,5.921209,1367,7.3239
7897,30,31,2.929790,2.781213,1417,7.5270
7898,31,12,3.261650,3.346005,1398,7.4643
7899,12,20,3.330058,3.603352,1415,7.4997
7900,20,3,3.983570,4.185998,1302,7.1135
7901,3,41,2.335513,3.077754,1387,7.4812
7902,41,30,5.254474,5.823078,1334,7.2428
7903,30,46,3.001705,2.816217,1462,7.6110
7904,46,1,3.506198,3.474211,1406,7.5069
7905,1,47,2.578689,2.356234,1317,7.3512
7906,47,51,3.503073,3.751074,1398,7.5482
7907,51,29,2.728737,3.192324,1442,7.6211
7908,29,48,3.140688,3.378168,1443,7.6947
7909,48,25,3.685971,4.407801,1390,7.5188
7910,25,2,3.997968,3.831270,1345,7.2117
7911,2,12,2.896824,3.103992,1416,7.6286
7912,12,35,2.966024,2.887142,1418,7.5893
7913,35,53,4.073577,3.617748,1465,7.6690
7914,53,17,1.985903,2.608519,1299,7.0454
7915,17,2,5.022295,5.269321,1415,7.5719
7916,2,45,3.155037,3.102428,1421,7.6310
7917,45,30,3.196821,3.455368,1287,7.1278
7918,30,46,2.778578,2.802409,1390,7.3557
7919,46,47,3.626523,3.647362,1381,7.3425
7920,47,51,3.325159,3.667741,1431,7.6518
7921,51,51,1.187852,0.737023,1384,7.3179
7922,51,16,2.254848,1.998698,1461,7.6271
7923,16,21,3.342233,4.244324,1405,7.5687
7924,21,48,2.480677,2.437241,1358,7.3391
7925,48,25,3.586782,4.259029,1427,7.6022
7926,25,36,2.602672,2.211846,1383,7.4752
7927,36,29,2.078854,2.737601,1424,7.7352
7928,29,11,3.407400,3.277482,1457,7.6581
7929,11,45,2.285121,2.258589,1440,7.6050
7930,45,63,2.824958,3.609464,1326,7.2036
7931,63,6,4.742298,4.923198,1408,7.5423
7932,6,32,2.180342,2.189853,1450,7.6165
7933,32,9,2.866787,2.834566,1351,7.2540
7934,9,15,2.854075,2.775409,1353,7.3134
7935,15,49,2.055328,2.885301,1385,7.4436
7936,49,50,3.519929,3.958053,1411,7.5189
7937,50,53,4.382923,4.120595,1427,7.6229
7938,53,11,4.340539,4.336779,1420,7.5907
7939,11,42,2.300094,2.291829,1408,7.4414
7940,42,45,2.026253,1.987820,1384,7.5587
7941,45,30,3.220385,3.451907,1390,7.3302
7942,30,46,2.825713,2.780661,1449,7.5622
7943,46,46,0.826269,0.429188,1401,7.3665
7944,46,46,0.647043,0.356645,1363,7.2748
7945,46,47,3.577100,3.762648,1434,7.5631
7946,47,51,3.335397,3.580798,1330,7.3340
7947,51,51,1.043736,0.647764,1442,7.6037
7948,51,29,2.616763,3.427052,1442,7.5804
7949,29,23,1.851879,1.745170,1452,7.6557
7950,23,18,3.842538,4.353343,1427,7.6660
7951,18,38,2.851024,2.953013,1423,7.5518
7952,38,50,3.244803,3.287537,1365,7.4204
7953,50,33,3.505506,3.524164,1463,7.7231
7954,33,11,5.855174,5.501937,1362,7.4028
7955,11,42,2.243793,2.176683,1435,7.6037
7956,42,54,3.716003,3.727729,1404,7.5166
7957,54,0,3.549028,3.363057,1438,7.6233
7958,0,25,2.038487,2.008502,1386,7.4025
7959,25,2,4.252070,3.841923,1415,7.5760
7960,2,45,3.227712,3.044360,1368,7.3060
7961,45,62,4.986218,5.497902,1364,7.4079
7962,62,60,3.931588,3.894125,1310,7.0285
7963,60,38,3.222957,3.151058,1356,7.3133
7964,38,2,3.597066,3.691131,1436,7.5883
7965,2,12,2.812942,3.037024,1428,7.6588
7966,12,20,3.228653,3.424255,1443,7.6172
7967,20,10,2.189725,1.959807,1372,7.3915
7968,10,2,3.579462,3.723881,1434,7.6393
7969,2,12,2.516353,2.936188,1406,7.5871
7970,12,35,2.893011,2.785405,1468,7.6150
7971,35,0,3.274117,3.416854,1472,7.6501
7972,0,25,2.013846,1.972188,1435,7.5185
7973,25,29,1.998414,3.055555,1448,7.6575
7974,29,23,1.935645,1.672906,1429,7.6087
7975,23,29,1.403219,1.427974,1419,7.6290
7976,29,48,3.106080,3.244580,1444,7.6404
7977,48,6,4.163102,4.336619,1343,7.4013
7978,6,56,2.633534,2.960114,1463,7.6562
7979,56,34,2.216953,2.348890,1432,7.6620
7980,34,7,4.491287,4.479968,1384,7.5825
7981,7,22,3.651872,3.875767,1310,7.1400
7982,22,35,4.883591,4.877244,924,5.5550
7983,35,0,3.051770,3.250057,1428,7.6607
7984,0,60,3.317595,3.730696,1426,7.4738
7985,60,38,3.207661,3.113694,1399,7.4374
7986,38,2,3.503248,3.621919,1356,7.3120
7987,2,12,2.405463,2.851591,1226,6.9109
7988,12,35,2.832163,2.798478,1451,7.6667
7989,35,8,2.484824,2.355662,1456,7.7062
7990,8,52,4.491936,4.810302,1400,7.5202
7991,52,21,3.940614,3.895113,1429,7.6194
7992,21,48,2.287394,2.349982,1449,7.7082
7993,48,25,3.419258,4.146859,1218,6.6911
7994,25,2,4.154681,3.759211,1446,7.6410
7995,2,54,4.032594,3.707418,1457,7.6764
7996,54,0,3.309414,3.294838,1358,7.3640
7997,0,25,1.864513,1.959330,1415,7.5031
7998,25,36,2.190729,2.348096,1444,7.6283
7999,36,21,3.631561,4.272052,1458,7.7747
8000,21,47,4.049353,4.468452,1356,7.4872
8001,47,56,2.031566,2.430174,1363,7.3072
8002,56,34,2.167224,2.296815,1467,7.7049
8003,34,7,4.332662,4.368155,1427,7.6609
8004,7,22,3.423578,3.742310,1198,6.8959
8005,22,20,5.364582,5.258960,1380,7.4460
8006,20,3,3.924788,4.069412,1278,7.0214
8007,3,41,2.272460,3.022057,1373,7.3291
8008,41,6,3.618801,3.935493,1337,7.4457
8009,6,56,2.535993,2.856006,1420,7.6226
8010,56,34,2.021226,2.216414,1429,7.6314
8011,34,7,4.223786,4.275469,1339,7.4151
8012,7,31,3.897301,3.543305,1432,7.5943
8013,31,12,3.307510,3.472562,1441,7.5392
8014,12,35,2.765574,2.708335,1381,7.4863
8015,35,0,3.132118,3.201503,1393,7.5875
8016,0,25,1.853342,1.919210,1427,7.5333
8017,25,36,2.194606,2.273681,1290,7.0339
8018,36,29,2.218816,2.842089,1446,7.7675
8019,29,23,1.696756,1.643951,1239,6.7040
8020,23,29,1.464696,1.450343,1227,6.6711
8021,29,23,1.663514,1.556639,1405,7.5397
8022,23,29,1.478973,1.382960,1409,7.6226
8023,29,11,3.771255,3.652260,1438,7.6508
8024,11,42,2.127550,2.137846,1338,7.1260
8025,42,54,3.293221,3.634037,1398,7.5601
8026,54,25,2.473624,2.435892,1377,7.4342
8027,25,2,4.007793,3.687627,1448,7.6342
8028,2,45,3.223225,3.075145,1322,7.1283
8029,45,63,2.808219,3.434970,1386,7.5115
8030,63,6,4.678383,4.810860,1353,7.3645
8031,6,22,4.929997,5.233794,1417,7.6305
8032,22,35,5.313775,4.944681,1392,7.4298
8033,35,0,2.935337,3.040188,1451,7.6705
8034,0,25,1.775206,1.911961,1425,7.4577
8035,25,36,2.389349,2.286424,1436,7.6641
8036,36,29,1.958906,2.792272,1400,7.6385
8037,29,48,2.899896,3.193624,1416,7.5638
8038,48,51,2.870696,2.715759,1441,7.6300
8039,51,16,2.269250,2.013490,1417,7.5577
8040,16,53,4.823664,5.620243,1377,7.3932
8041,53,17,1.995170,2.506902,1435,7.5905
8042,17,2,5.240392,5.374390,1387,7.4494
8043,2,45,3.119245,2.911909,1410,7.5641
8044,45,30,2.948024,3.285476,1419,7.5410
8045,30,46,3.086951,2.692993,1465,7.6040
8046,46,47,3.412475,3.556863,1414,7.4665
8047,47,56,1.930776,2.402821,1434,7.6851
8048,56,1,2.930958,3.194322,1326,7.3948
8049,1,47,2.397348,2.182830,1415,7.5659
8050,47,51,3.387818,3.565541,1431,7.6267
8051,51,29,2.791138,3.419383,1411,7.5278
8052,29,11,3.421586,3.452058,1455,7.6558
8053,11,45,2.338608,2.362297,1455,7.6057
8054,45,30,2.843400,3.215056,1377,7.3716
8055,30,46,3.083719,2.685812,1482,7.6180
8056,46,47,3.071325,3.339132,1461,7.6167
8057,47,56,2.003766,2.417688,1328,7.1901
8058,56,34,2.059053,2.262202,1321,7.2743
8059,34,40,2.663000,2.418209,1398,7.5888
8060,40,25,5.315423,5.717191,1430,7.6104
8061,25,36,2.039166,2.059133,1355,7.2783
8062,36,29,1.882045,2.816567,1439,7.7523
8063,29,11,3.279683,3.292927,1462,7.6590
8064,11,45,2.215901,2.344672,1379,7.4807
8065,45,30,2.783904,3.146447,1444,7.6326
8066,30,46,3.058219,2.667487,1326,7.2467
8067,46,47,3.072747,3.224207,1400,7.3564
8068,47,22,4.244953,3.734759,1485,7.7248
8069,22,35,5.201386,4.783543,1281,7.0948
8070,35,0,2.663217,2.899348,1296,6.9894
8071,0,25,1.831766,2.006299,1461,7.6575
8072,25,2,3.536840,3.652838,1432,7.6106
8073,2,45,3.015212,2.833886,1389,7.5245
8074,45,30,2.716251,3.010286,1413,7.5665
8075,30,46,3.007189,2.662715,1410,7.5848
8076,46,47,2.690482,3.097570,1343,7.2357
8077,47,51,3.446233,3.690612,1482,7.7138
8078,51,29,2.411566,3.318217,1337,7.0711
8079,29,48,2.741417,3.025292,1420,7.6162
8080,48,25,3.333379,4.103157,1348,7.2726
8081,25,36,2.001154,2.024915,1366,7.4224
8082,36,29,1.866967,2.847868,1425,7.7386
8083,29,23,2.011097,1.952866,1460,7.6562
8084,23,18,3.702782,4.237095,1431,7.6672
8085,18,18,1.209914,0.649302,1423,7.5475
8086,18,12,3.762523,4.107957,1438,7.5627
8087,12,43,4.065393,4.612285,1347,7.2950
8088,43,51,5.375443,5.073289,1372,7.5298
8089,51,16,2.555249,1.930297,1459,7.6363
8090,16,23,3.270634,3.739275,1409,7.4292
8091,23,29,1.436330,1.432261,1453,7.7671
8092,29,11,3.326028,3.215799,1428,7.6399
8093,11,42,2.230853,2.290999,1457,7.6340
8094,42,0,5.298468,4.974470,1393,7.4449
8095,0,25,1.818457,1.953992,1431,7.5515
8096,25,29,2.211678,3.110526,1452,7.6556
8097,29,23,2.023815,1.890561,1443,7.6509
8098,23,18,3.484689,4.122557,1418,7.6156
8099,18,18,0.936812,0.530013,1419,7.6147
8100,18,18,0.832537,0.440653,1401,7.4633
8101,18,12,3.965009,4.285121,1442,7.5637
8102,12,20,3.426874,3.612866,1361,7.3684
8103,20,10,2.226572,1.961871,1232,6.9063
8104,10,11,5.690045,5.773430,1368,7.4298
8105,11,42,2.267832,2.159577,1387,7.5349
8106,42,45,2.428462,2.181186,1193,6.7629
8107,45,62,4.519189,5.481167,1402,7.5014
8108,62,60,4.099780,3.865769,1376,7.3798
8109,60,38,3.156053,3.090872,1459,7.6271
8110,38,50,3.085056,3.353749,1463,7.6148
8111,50,54,4.683358,4.912817,1429,7.6797
8112,54,0,3.592215,3.381852,1421,7.5398
8113,0,25,1.792583,1.864339,1447,7.5742
8114,25,36,2.033883,2.035608,1386,7.3588
8115,36,29,1.889468,2.780078,1424,7.7294
8116,29,11,3.326932,3.257110,1420,7.5385
8117,11,42,2.102520,2.115766,1419,7.5716
8118,42,0,5.103322,4.796678,1104,6.1846
8119,0,25,1.590272,1.786334,1302,7.0141
8120,25,36,2.056647,1.981172,1472,7.6690
8121,36,21,4.116943,4.566620,1451,7.7536
8122,21,9,3.207855,3.356975,1230,6.6267
8123,9,15,2.651910,2.604355,1426,7.6042
8124,15,49,2.047084,2.877961,1463,7.5949
8125,49,43,3.200122,3.634441,1290,7.0409
8126,43,11,5.415277,5.393373,1329,7.4100
8127,11,45,2.340058,2.300612,1428,7.5702
8128,45,30,2.349970,2.989608,1448,7.6682
8129,30,31,3.771538,3.654833,1265,6.8433
8130,31,12,3.485142,3.375743,1460,7.6435
8131,12,35,3.138621,2.998925,1409,7.4935
8132,35,53,3.933654,3.518513,1353,7.3722
8133,53,17,1.834287,2.519339,1426,7.6353
8134,17,7,4.254747,4.207195,1364,7.4697
8135,7,22,3.299195,3.655189,1107,6.1466
8136,22,20,5.545548,5.311908,1350,7.1421
8137,20,10,2.130226,1.908966,1233,6.8994
8138,10,21,5.279890,5.352974,1433,7.6671
8139,21,9,3.162127,3.246193,1453,7.6374
8140,9,15,2.455904,2.530591,1404,7.4229
8141,15,49,2.149992,2.913476,1416,7.4990
8142,49,50,3.588627,4.135069,1364,7.3331
8143,50,54,4.225305,4.805191,1400,7.4626
8144,54,25,2.872378,2.638611,1445,7.6236
8145,25,29,2.077117,3.252851,1444,7.6447
8146,29,11,3.194763,3.178571,1429,7.6208
8147,11,42,2.004732,2.081156,1425,7.5799
8148,42,0,4.795618,4.623178,1338,7.3731
8149,0,21,4.232450,4.304293,1443,7.5727
8150,21,48,2.368068,2.493828,1451,7.6077
8151,48,51,3.110784,2.901174,1466,7.6217
8152,51,29,2.156477,3.376443,1453,7.6302
8153,29,11,2.976102,3.010471,1426,7.5519
8154,11,42,1.924913,2.048789,1445,7.6078
8155,42,54,3.661967,3.989466,1433,7.6396
8156,54,0,3.565550,3.211397,1443,7.6255
8157,0,25,1.656205,1.746068,1439,7.5987
8158,25,29,2.499206,3.247049,1438,7.4244
8159,29,11,2.810196,2.864642,1430,7.6373
8160,11,45,2.658625,2.553421,1454,7.6143
8161,45,62,4.483957,5.370793,1368,7.5252
8162,62,20,4.433517,4.329931,1007,5.8465
8163,20,10,2.025396,1.853826,1329,7.2786
8164,10,21,5.140324,5.220042,1448,7.6405
8165,21,9,3.163636,3.211784,1413,7.5920
8166,9,15,2.470662,2.454701,1460,7.6749
8167,15,49,2.113283,2.946361,1431,7.5535
8168,49,43,3.153314,3.666175,1377,7.4572
8169,43,51,5.262706,5.033406,1361,7.5297
8170,51,16,2.267887,1.815937,1452,7.6101
8171,16,23,3.063824,3.685121,1454,7.6577
8172,23,0,4.187742,5.376650,1462,7.7556
8173,0,25,1.599946,1.660087,1298,7.0417
8174,25,29,2.643913,3.226297,1456,7.6543
8175,29,11,2.647513,2.719770,1436,7.6613
8176,11,42,2.159963,2.129515,1402,7.5068
8177,42,0,4.313622,4.317843,1434,7.6404
8178,0,25,1.488863,1.617984,1380,7.3104
8179,25,2,3.790372,3.700465,1436,7.6034
8180,2,45,2.934946,2.847419,1409,7.5540
8181,45,62,4.417463,5.125742,1442,7.6450
8182,62,20,4.406046,4.288313,1380,7.3356
8183,20,10,2.126012,1.816912,1455,7.6638
8184,10,2,4.110093,4.038408,1449,7.6802
8185,2,12,2.753544,3.242185,1441,7.6304
8186,12,20,3.502509,3.577812,1231,6.9078
8187,20,10,1.978455,1.787334,1441,7.6649
8188,10,2,3.979280,3.905074,1423,7.6114
8189,2,12,2.687670,3.140523,1458,7.6519
8190,12,35,2.968222,2.939663,1423,7.5610
8191,35,0,3.228467,3.392279,1339,7.0667
8192,0,25,1.471605,1.604097,1442,7.5558
8193,25,36,2.425375,2.260447,1439,7.6276
8194,36,34,3.403984,4.771289,1422,7.6096
8195,34,35,5.263441,5.902001,1367,7.4898
8196,35,53,3.594113,3.417588,1457,7.6269
8197,53,11,4.843664,4.752834,1442,7.6184
8198,11,45,2.634370,2.480361,1449,7.6161
8199,45,63,3.226401,3.898503,1436,7.6267
8200,63,6,4.459906,4.603652,1455,7.6598
8201,6,32,2.516348,2.432035,1377,7.5019
8202,32,9,2.913234,2.862425,1373,7.4163
8203,9,15,2.492262,2.355101,1380,7.4418
8204,15,19,4.535732,4.951321,1455,7.5429
8205,19,24,3.261142,3.394647,1404,7.5325
8206,24,4,3.488308,3.411035,1406,7.5615
8207,4,23,4.432246,4.322841,1385,7.3507
8208,23,29,1.525351,1.660076,1443,7.6895
8209,29,48,2.910016,3.129414,1433,7.6265
8210,48,25,3.492344,4.136980,1289,7.0777
8211,25,36,2.199266,2.071075,1454,7.6399
8212,36,29,1.693614,2.751349,1301,7.0781
8213,29,11,2.810512,2.789109,1491,7.6904
8214,11,45,2.530973,2.438347,1441,7.6141
8215,45,63,3.212282,3.804639,1436,7.6295
8216,63,18,3.171395,3.586206,1427,7.6011
8217,18,38,2.822447,3.219160,1416,7.5434
8218,38,2,3.260378,3.716692,1466,7.6225
8219,2,45,2.852546,2.821418,1330,7.2755
8220,45,63,2.955531,3.608338,1430,7.5792
8221,63,6,4.494687,4.684753,1399,7.5081
8222,6,22,4.746096,4.986407,1399,7.5992
8223,22,20,5.630791,5.317472,1310,7.0907
8224,20,3,4.078988,4.081398,1376,7.3842
8225,3,41,2.325194,3.016079,1467,7.6175
8226,41,6,3.802536,4.062128,1377,7.5452
8227,6,32,2.700033,2.407676,1486,7.7345
8228,32,9,2.746422,2.757151,1317,7.0885
8229,9,44,4.513454,4.528768,1397,7.5463
8230,44,35,4.797026,4.423084,1344,7.3038
8231,35,8,2.798937,2.355794,1457,7.6503
8232,8,41,2.367758,2.868214,1373,7.4312
8233,41,6,3.711343,3.962123,1448,7.6735
8234,6,56,2.970488,3.002048,1332,7.2358
8235,56,34,2.043854,2.255415,1463,7.7148
8236,34,40,2.655545,2.371891,1284,7.0428
8237,40,21,4.873922,5.261164,1437,7.6554
8238,21,48,2.401058,2.505320,1372,7.4591
8239,48,25,3.185369,4.010182,1445,7.6857
8240,25,36,2.152319,1.932668,1389,7.3965
8241,36,34,3.767900,4.934036,1426,7.7224
8242,34,40,2.408643,2.261550,1028,5.9370
8243,40,57,3.018400,3.250106,1396,7.5569
8244,57,32,5.511085,5.509095,1246,6.8682
8245,32,61,4.326782,4.102735,1354,7.2718
8246,61,33,3.060017,3.355160,1310,7.1521
8247,33,55,3.187571,3.184272,1384,7.4397
8248,55,42,4.966844,5.012185,1408,7.5574
8249,42,54,3.466118,3.719040,1415,7.5729
8250,54,44,5.569307,5.923431,1436,7.6183
8251,44,35,4.693479,4.299692,1356,7.2643
8252,35,0,3.172480,3.367329,1408,7.5897
8253,0,25,1.559071,1.696278,1428,7.5718
8254,25,36,1.810928,1.867235,1431,7.5730
8255,36,29,1.948536,2.876617,1364,7.3347
8256,29,11,2.637118,2.685414,1419,7.5017
8257,11,42,2.375798,2.308127,1415,7.5052
8258,42,54,3.188977,3.616466,1433,7.6551
8259,54,25,2.941249,2.665768,1217,6.8014
8260,25,29,2.622509,3.153774,1419,7.5628
8261,29,23,2.630176,2.439347,1190,6.5822
8262,23,29,1.610512,1.653615,1360,7.3437
8263,29,11,2.674048,2.662127,1352,7.3635
8264,11,42,2.375814,2.277311,1445,7.6128
8265,42,54,3.317374,3.530000,1240,6.6330
8266,54,0,3.579559,3.259674,1360,7.2655
8267,0,25,1.569686,1.658299,1241,6.8246
8268,25,2,3.919919,3.811101,1447,7.6472
8269,2,12,2.663398,3.109384,1331,7.1864
8270,12,35,3.070037,3.059681,1402,7.4898
8271,35,0,3.194124,3.306022,1386,7.5181
8272,0,25,1.462150,1.618856,1384,7.3884
8273,25,36,2.006888,2.014302,1459,7.6273
8274,36,29,1.732039,2.688492,1326,7.3122
8275,29,23,2.504197,2.358092,1279,6.8801
8276,23,18,3.310683,3.796385,1218,6.7319
8277,18,18,0.945506,0.478735,1364,7.3473
8278,18,38,2.821644,3.196325,1391,7.3672
8279,38,54,4.459884,4.765269,1434,7.6228
8280,54,25,2.967187,2.565820,1294,7.0838
8281,25,2,3.851090,3.682717,1466,7.6695
8282,2,12,2.558645,3.050881,1395,7.4325
8283,12,35,2.947009,2.953948,1393,7.4648
8284,35,8,2.922884,2.391614,1282,6.9210
8285,8,41,2.237180,2.816318,1415,7.6024
8286,41,36,6.753149,6.879280,1311,7.1250
8287,36,29,1.534927,2.545141,1423,7.7185
8288,29,23,2.313577,2.240090,1413,7.5895
8289,23,18,3.158402,3.678105,1279,7.1056
8290,18,38,2.589713,3.070637,1449,7.5878
8291,38,2,3.370511,3.737117,1387,7.3567
8292,2,12,2.463411,2.925285,1432,7.6708
8293,12,35,2.870303,2.853238,1429,7.6118
8294,35,0,3.295109,3.226315,1389,7.3909
8295,0,21,4.589316,4.510048,1437,7.5152
8296,21,48,2.279698,2.502401,1422,7.6139
8297,48,51,3.131226,3.032259,1427,7.5598
8298,51,16,2.399478,1.720422,1346,7.1059
8299,16,53,5.099081,5.650343,1432,7.6189
8300,53,0,4.046322,3.610069,1423,7.5732
8301,0,21,4.052721,4.311127,1444,7.5093
8302,21,47,4.214219,4.654582,1436,7.6420
8303,47,56,2.316963,2.567919,1457,7.6795
8304,56,6,3.314590,3.365578,1449,7.6795
8305,6,56,2.970484,2.798046,1425,7.6478
8306,56,34,2.087188,2.316076,1364,7.3206
8307,34,35,5.302775,5.823952,1474,7.7741
8308,35,0,2.989356,3.033616,1444,7.6207
8309,0,25,1.659905,1.788622,1441,7.5554
8310,25,2,3.413772,3.389495,1318,7.1481
8311,2,54,3.745652,3.835403,1380,7.4761
8312,54,25,2.706543,2.448577,1366,7.4131
8313,25,36,2.299464,2.237548,1377,7.4325
8314,36,21,3.682050,4.128502,1451,7.7436
8315,21,47,4.086912,4.555478,1411,7.4870
8316,47,22,4.164919,3.483085,1413,7.6287
8317,22,47,3.559655,2.815889,1422,7.5086
8318,47,56,2.245478,2.460068,1421,7.6220
8319,56,6,3.149829,3.186179,1346,7.3122
8320,6,32,2.672222,2.372520,1396,7.5352
8321,32,9,2.672311,2.630761,1400,7.4160
8322,9,3,3.644898,3.876887,1306,7.2945
8323,3,41,2.208638,2.914450,1295,7.1180
8324,41,6,3.684949,3.900755,1426,7.6656
8325,6,32,2.426505,2.268794,1429,7.6087
8326,32,9,2.611011,2.541484,1403,7.4981
8327,9,3,3.422100,3.771703,1409,7.6047
8328,3,39,3.727146,4.051923,1439,7.5710
8329,39,44,3.385172,3.325364,1390,7.3653
8330,44,36,5.992992,5.280987,1434,7.6155
8331,36,34,3.301553,4.537844,1385,7.3760
8332,34,35,5.170601,5.574492,1421,7.6998
8333,35,53,3.689053,3.538533,1459,7.6305
8334,53,17,1.980494,2.598922,1358,7.2792
8335,17,7,3.912596,4.022185,1303,7.3324
8336,7,31,3.856868,3.388923,1336,7.2597
8337,31,54,4.416789,4.304806,1452,7.6254
8338,54,25,2.690432,2.358594,1382,7.2466
8339,25,2,2.971769,3.279638,1332,7.2880
8340,2,12,2.337008,2.956541,1459,7.6554
8341,12,20,3.643279,3.703700,1379,7.2228
8342,20,10,2.099369,1.875114,1461,7.6714
8343,10,11,6.233832,6.169062,1308,7.1764
8344,11,42,2.163747,2.085932,1358,7.3213
8345,42,45,2.180348,2.163556,1450,7.6776
8346,45,30,2.727634,3.258752,1374,7.4489
8347,30,31,3.376642,3.435784,1459,7.6433
8348,31,12,3.845118,3.555861,1436,7.5977
8349,12,20,3.292700,3.554586,1314,7.0958
8350,20,10,2.082907,1.834250,1384,7.3825
8351,10,2,3.993950,4.006499,1425,7.6221
8352,2,54,3.739494,3.761076,1438,7.6100
8353,54,25,2.450764,2.262840,1428,7.4944
8354,25,29,2.737292,3.336931,1458,7.7393
8355,29,11,2.760167,2.783255,1341,7.2506
8356,11,45,2.480552,2.532492,1433,7.6040
8357,45,63,3.020215,3.561563,1322,7.1088
8358,63,18,3.263051,3.748828,1308,7.2414
8359,18,18,0.926609,0.460214,1377,7.4446
8360,18,38,2.663890,3.024076,1435,7.6084
8361,38,50,3.220972,3.441605,1439,7.5777
8362,50,33,3.234934,3.445547,1440,7.6822
8363,33,11,6.446225,6.041681,1395,7.5139
8364,11,45,2.314827,2.349634,1419,7.6005
8365,45,30,2.672581,3.313077,1427,7.6093
8366,30,31,3.221096,3.389475,1442,7.6281
8367,31,12,3.432405,3.410157,1445,7.5982
8368,12,35,2.905419,2.956150,1413,7.5217
8369,35,53,3.661764,3.433016,1456,7.6354
8370,53,17,1.970883,2.618387,1403,7.5201
8371,17,7,3.881149,3.894418,1422,7.6019
8372,7,22,3.178297,3.600243,1334,7.2089
8373,22,35,5.386451,4.913064,1354,7.2344
8374,35,0,3.010064,2.998590,1457,7.6282
8375,0,60,3.855415,4.237106,1395,7.4263
8376,60,38,3.163024,3.143222,1424,7.5839
8377,38,2,3.181153,3.746246,1473,7.6441
8378,2,12,2.649489,3.040259,1392,7.3553
8379,12,20,3.189105,3.480378,1391,7.4320
8380,20,3,4.198614,4.295304,1301,7.0473
8381,3,39,3.683718,3.902806,1438,7.5893
8382,39,59,3.731804,3.835512,1351,7.2721
8383,59,26,3.447615,3.483853,1398,7.5098
8384,26,43,3.612665,3.558040,1442,7.6247
8385,43,11,5.565203,5.517759,1354,7.5307
8386,11,24,4.728036,5.082658,1309,7.0724
8387,24,0,4.197698,4.120103,1430,7.5567
8388,0,60,3.689806,4.073208,1362,7.2414
8389,60,38,3.093000,3.102389,1406,7.5083
8390,38,54,4.067820,4.617783,1447,7.6532
8391,54,25,2.586612,2.233080,1453,7.6690
8392,25,2,2.985985,3.202679,1329,7.2508
8393,2,45,3.266340,3.034389,1337,7.2239
8394,45,30,2.527890,3.135398,1358,7.3015
8395,30,46,3.241513,2.870570,1394,7.4857
8396,46,47,2.994050,3.176405,1462,7.5843
8397,47,51,3.463739,3.676520,1446,7.7013
8398,51,29,2.511204,3.776357,1407,7.4744
8399,29,11,2.812846,2.889816,1286,7.0306
8400,11,42,2.120127,2.169714,1433,7.5916
8401,42,54,3.280437,3.591629,1358,7.4383
8402,54,25,2.269858,2.205248,1391,7.4428
8403,25,29,2.271943,3.229127,1388,7.4746
8404,29,48,3.026928,3.230275,1418,7.5715
8405,48,51,3.007385,2.911176,1317,7.1286
8406,51,29,2.634275,3.641880,1479,7.6318
8407,29,11,2.776499,2.836551,1369,7.3893
8408,11,45,2.264156,2.456703,1431,7.5967
8409,45,63,2.800955,3.591684,1340,7.1377
8410,63,6,4.634415,4.760210,1423,7.6479
8411,6,32,2.342175,2.221674,1334,7.2591
8412,32,9,2.505855,2.453528,1373,7.3697
8413,9,44,4.221757,4.517488,1392,7.5123
8414,44,35,4.787873,4.365865,1363,7.2647
8415,35,53,3.570219,3.185594,1339,6.9763
8416,53,17,1.886763,2.631777,1442,7.6241
8417,17,7,3.730478,3.769113,1411,7.5973
8418,7,22,3.068352,3.508459,1430,7.6423
8419,22,35,5.266758,4.785460,1233,6.5137
8420,35,0,2.933488,3.028663,1333,7.0807
8421,0,60,3.518809,3.918565,1405,7.4394
8422,60,38,3.066958,3.075267,1388,7.3998
8423,38,50,3.366963,3.506536,1379,7.3839
8424,50,53,4.411185,4.099487,1426,7.6209
8425,53,11,5.187266,4.983901,1448,7.5813
8426,11,42,2.056167,2.182758,1407,7.5654
8427,42,45,1.905383,1.941209,1377,7.4522
8428,45,63,2.579103,3.483883,1302,7.1595
8429,63,47,4.674346,4.960318,1406,7.5935
8430,47,51,3.291330,3.471819,1389,7.3633
8431,51,16,2.205924,1.772053,1382,7.3897
8432,16,23,3.308460,3.723508,1279,7.0210
8433,23,29,1.715428,1.797698,1425,7.6105
8434,29,48,2.846945,3.095835,1421,7.5514
8435,48,6,4.308851,4.517808,1427,7.6014
8436,6,32,2.361158,2.178167,1422,7.5925
8437,32,27,3.576687,3.608570,1452,7.5697
8438,27,20,4.434027,4.577166,1314,7.1744
8439,20,3,4.286174,4.090105,1410,7.5502
8440,3,39,3.516750,3.746791,1332,7.4189
8441,39,15,3.900853,3.656572,1421,7.5536
8442,15,49,2.138056,2.836957,1397,7.4511
8443,49,48,6.155691,6.188272,1449,7.6354
8444,48,6,4.054456,4.231619,1456,7.6631
8445,6,56,3.063534,2.857877,1415,7.5627
8446,56,1,3.060045,3.238282,1443,7.6375
8447,1,47,2.468261,2.208138,1455,7.6751
8448,47,22,4.040051,3.376325,1453,7.6975
8449,22,20,5.775241,5.514563,1290,7.0995
8450,20,3,4.121692,3.919376,1380,7.4549
8451,3,41,2.308262,3.031859,1428,7.5337
8452,41,6,3.739368,3.972213,1400,7.5084
8453,6,56,2.671550,2.762549,1438,7.6736
8454,56,6,2.945571,2.940304,1413,7.5584
8455,6,32,2.288817,2.174452,1421,7.6360
8456,32,9,2.369662,2.452708,1400,7.4995
8457,9,15,2.415705,2.664166,1385,7.3558
8458,15,49,2.234904,2.862609,1428,7.5576
8459,49,50,4.165688,4.246394,1461,7.6528
8460,50,53,4.094213,3.973579,1453,7.6208
8461,53,17,1.914450,2.628172,1432,7.5922
8462,17,7,3.481129,3.634785,1437,7.7707
8463,7,31,3.648622,3.415727,1469,7.6365
8464,31,54,4.433162,4.199575,1411,7.5706
8465,54,25,2.229764,2.169507,1443,7.6502
8466,25,36,2.502719,2.459240,1321,7.2535
8467,36,29,1.716446,2.571343,1307,7.2503
8468,29,11,2.860261,2.881403,1443,7.6877
8469,11,24,4.679329,5.138301,1393,7.4020
8470,24,0,4.240843,4.047018,1326,7.2352
8471,0,60,3.286309,3.763240,1433,7.5971
8472,60,38,3.126555,3.032700,1446,7.5987
8473,38,2,3.257968,3.538807,1361,7.3732
8474,2,12,2.683982,3.028099,1393,7.4891
8475,12,35,3.198203,3.231167,1442,7.5931
8476,35,8,2.529406,2.406852,1396,7.5337
8477,8,41,2.170664,2.675954,1393,7.5186
8478,41,30,5.611046,5.768429,1449,7.6879
8479,30,46,2.971496,2.646761,1411,7.5862
8480,46,1,3.895942,3.939544,1444,7.5537
8481,1,47,2.369099,2.081910,1352,7.3254
8482,47,22,3.941007,3.233527,1419,7.5018
8483,22,47,3.354454,2.622831,1333,7.2438
8484,47,56,2.130115,2.565138,1403,7.4875
8485,56,34,2.258493,2.556245,1369,7.3931
8486,34,35,4.797610,5.233075,1419,7.7097
8487,35,8,2.367167,2.270538,1420,7.5614
8488,8,41,2.348641,2.659413,1399,7.4828
8489,41,36,6.502089,6.548689,1468,7.7020
8490,36,34,3.287828,4.182332,1459,7.7940
8491,34,40,2.674587,2.276460,1424,7.7269
8492,40,57,3.076202,3.043106,1332,7.2811
8493,57,59,4.433690,4.376707,1304,6.9052
8494,59,10,4.171922,4.078175,1431,7.6682
8495,10,21,4.822284,4.959311,1426,7.6739
8496,21,48,2.684538,2.684928,1417,7.5807
8497,48,51,2.945116,2.864949,1409,7.4621
8498,51,16,2.594363,1.696855,1432,7.5381
8499,16,21,4.278287,4.972546,1403,7.4853
8500,21,48,2.546375,2.521355,1432,7.5740
8501,48,25,3.530740,4.179109,1379,7.4461
8502,25,29,2.744833,3.084830,1351,7.4131
8503,29,11,2.618114,2.713674,1269,6.8387
8504,11,42,2.249991,2.238858,1442,7.6132
8505,42,54,3.318226,3.594960,1438,7.6584
8506,54,0,3.858612,3.492022,1416,7.5465
8507,0,21,3.700756,4.204939,1442,7.5572
8508,21,47,4.095546,4.463110,1456,7.6222
8509,47,51,3.280432,3.490866,1446,7.6790
8510,51,29,2.614735,3.697119,1466,7.6008
8511,29,11,2.449617,2.573924,1352,7.1870
8512,11,42,2.240131,2.203129,1414,7.5161
8513,42,0,4.232843,4.610786,1417,7.6524
8514,0,25,1.986688,2.048592,1428,7.5473
8515,25,29,2.373630,3.036164,1435,7.6537
8516,29,48,2.928677,3.151058,1442,7.6285
8517,48,6,4.015239,4.303759,1410,7.6114
8518,6,56,2.499417,2.656493,1248,6.9686
8519,56,34,2.211455,2.513386,1391,7.5183
8520,34,7,4.755502,4.643600,1369,7.4017
8521,7,31,3.516686,3.316840,1361,7.3228
8522,31,12,3.325994,3.511218,1451,7.6283
8523,12,35,3.095217,3.138392,1398,7.3953
8524,35,8,2.442146,2.237360,1430,7.5639
8525,8,52,4.853814,4.767087,1471,7.6557
8526,52,22,4.074425,4.084678,1373,7.4235
8527,22,47,3.078330,2.584673,1339,7.1437
8528,47,22,3.639478,2.919626,1464,7.7082
8529,22,47,2.937069,2.356018,1331,7.2498
8530,47,56,2.175136,2.517702,1368,7.4120
8531,56,1,3.090047,3.310374,1434,7.5663
8532,1,32,2.986826,3.193951,1363,7.3674
8533,32,9,2.394080,2.386231,1465,7.5669
8534,9,3,3.487089,3.894334,1389,7.4211
8535,3,41,2.411177,2.959879,1348,7.2379
8536,41,36,6.167523,6.291447,1332,7.2073
8537,36,34,3.135678,3.886227,1426,7.7458
8538,34,40,2.620597,2.255869,1303,7.2340
8539,40,57,2.875754,2.992598,1414,7.6358
8540,57,32,5.230248,5.295538,1414,7.5303
8541,32,9,2.185162,2.234639,1334,7.0397
8542,9,15,2.540708,2.668202,1392,7.4712
8543,15,19,4.293867,4.673686,1404,7.4965
8544,19,51,5.262707,4.885277,1243,6.9971
8545,51,51,1.435493,0.877955,1431,7.5704
8546,51,29,2.771185,3.656148,1440,7.6491
8547,29,23,2.681724,2.533903,1297,7.0687
8548,23,29,1.781021,1.823629,1381,7.4298
8549,29,11,2.574506,2.578694,1456,7.6415
8550,11,42,2.255642,2.164667,1431,7.5942
8551,42,54,3.231167,3.577849,1380,7.5739
8552,54,25,2.362936,2.247636,1352,7.3324
8553,25,36,2.858256,2.775675,1427,7.6070
8554,36,29,1.938901,2.647816,1455,7.7942
8555,29,11,2.355948,2.453434,1392,7.4038
8556,11,45,2.789240,2.826302,1441,7.6066
8557,45,63,2.414165,3.319339,1396,7.5364
8558,63,6,4.397634,4.743360,1296,7.1920
8559,6,56,2.397561,2.614448,1387,7.5015
8560,56,1,2.903500,3.206767,1433,7.6014
8561,1,47,2.260659,2.060130,1364,7.3569
8562,47,56,2.020297,2.470699,1386,7.4481
8563,56,1,2.809392,3.074528,1440,7.6326
8564,1,47,2.230322,1.978579,1355,7.3507
8565,47,22,3.164101,2.817141,1369,7.3903
8566,22,35,5.184787,4.751595,1370,7.3901
8567,35,53,3.146579,3.144450,1436,7.6499
8568,53,11,5.614054,5.203050,1373,7.4571
8569,11,42,2.309896,2.145672,1473,7.6168
8570,42,54,3.110453,3.456624,1381,7.5540
8571,54,0,3.587739,3.356921,1438,7.5421
8572,0,25,1.927724,1.937176,1335,7.1880
8573,25,29,2.227655,3.086923,1352,7.3526
8574,29,23,2.661129,2.524916,1349,7.1422
8575,23,18,3.114960,3.545914,1459,7.6951
8576,18,12,4.034702,4.485012,1406,7.5006
8577,12,35,3.033123,3.165798,1392,7.3788
8578,35,53,3.402381,3.046964,1421,7.5510
8579,53,17,1.990015,2.737787,1396,7.3941
8580,17,7,3.406185,3.578527,1433,7.6733
8581,7,31,3.461220,3.233465,1381,7.5352
8582,31,30,3.722033,3.167155,1405,7.5404
8583,30,31,3.643284,3.190946,1365,7.4104
8584,31,12,3.395086,3.453065,1437,7.5872
8585,12,35,3.001793,3.042737,1434,7.5598
8586,35,53,3.323240,2.954659,1362,7.3381
8587,53,17,1.972540,2.763600,1387,7.4635
8588,17,1,4.771633,4.935090,1419,7.6214
8589,1,47,2.177631,1.899502,1469,7.7060
8590,47,56,1.878715,2.430859,1462,7.7089
8591,56,1,2.785393,3.011993,1413,7.4313
8592,1,32,3.050587,3.293800,1390,7.4976
8593,32,9,2.220726,2.191515,1409,7.4940
8594,9,15,2.385858,2.555453,1388,7.4669
8595,15,49,2.578504,2.995206,1450,7.6343
8596,49,43,3.203907,3.598277,1352,7.3593
8597,43,11,5.756403,5.722166,1433,7.6160
8598,11,42,2.010664,2.016170,1454,7.6094
8599,42,0,3.932639,4.430739,1423,7.6892
8600,0,25,1.777790,1.857353,1332,7.2719
8601,25,2,3.307362,3.253608,1424,7.5609
8602,2,54,3.577180,3.613379,1357,7.3419
8603,54,0,3.318345,3.110861,1354,7.2841
8604,0,21,4.035191,4.228084,1455,7.5956
8605,21,9,3.787085,3.920542,1436,7.5714
8606,9,15,2.263634,2.431744,1378,7.4957
8607,15,49,2.357369,2.998193,1462,7.6191
8608,49,50,4.073525,4.194344,1377,7.4776
8609,50,53,3.947665,3.868021,1275,7.0074
8610,53,17,1.947200,2.709203,1413,7.5281
8611,17,1,4.630553,4.780434,1435,7.6448
8612,1,32,2.850375,3.195521,1366,7.4878
8613,32,9,2.228373,2.214869,1193,6.5447
8614,9,3,3.531677,3.985072,1282,7.1267
8615,3,39,3.288562,3.806688,1444,7.5989
8616,39,59,3.635440,3.796003,1362,7.4118
8617,59,10,4.226090,3.981412,1443,7.6308
8618,10,2,4.032117,4.011679,1450,7.6930
8619,2,12,2.857974,3.105025,1391,7.3906
8620,12,35,2.826541,2.953483,1446,7.6164
8621,35,53,3.110396,2.866388,1395,7.4671
8622,53,17,2.128846,2.737471,1360,7.2234
8623,17,2,5.007017,5.466622,1326,7.1139
8624,2,45,3.116373,3.004726,1470,7.6604
8625,45,63,2.477400,3.147643,1439,7.6233
8626,63,47,5.215766,5.264122,1439,7.6630
8627,47,51,3.351908,3.594847,1440,7.6671
8628,51,29,2.529649,3.642859,1437,7.6015
8629,29,23,2.470135,2.344029,1411,7.5375
8630,23,29,1.668350,1.771650,1318,7.2242
8631,29,11,2.622603,2.731535,1397,7.4756
8632,11,45,2.694887,2.720295,1412,7.5422
8633,45,63,2.325517,3.092110,1414,7.5200
8634,63,18,3.718853,4.202493,1450,7.6628
8635,18,12,3.936023,4.255049,1425,7.5411
8636,12,20,3.412945,3.724306,1406,7.5485
8637,20,10,2.504197,1.997658,1194,6.4330
8638,10,2,3.671788,3.870458,1424,7.5750
8639,2,45,2.965934,2.867845,1372,7.4940
8640,45,30,3.142184,3.567482,1412,7.5900
8641,30,31,3.197819,3.143735,1378,7.5248
8642,31,54,4.509922,4.165369,1387,7.4222
8643,54,25,2.370720,2.258091,1443,7.5979
8644,25,2,3.263766,3.338333,1445,7.6798
8645,2,12,2.791821,3.044066,1381,7.3872
8646,12,20,3.397961,3.588885,1414,7.5635
8647,20,10,2.371056,1.965629,1377,7.4689
8648,10,2,3.618450,3.776160,1446,7.6290
8649,2,54,3.700990,3.693794,1421,7.5841
8650,54,25,2.073762,2.138787,1365,7.3048
8651,25,29,2.557838,3.129156,1426,7.6449
8652,29,48,2.924219,3.205109,1400,7.5167
8653,48,51,3.010693,2.988965,1373,7.3838
8654,51,16,2.457342,1.792879,1372,7.3567
8655,16,53,5.485441,5.920998,1408,7.5056
8656,53,11,5.545942,5.076578,1366,7.2617
8657,11,45,2.737818,2.531731,1336,7.2208
8658,45,63,2.133708,3.085089,1418,7.6312
8659,63,18,3.674360,4.137487,1370,7.3714
8660,18,12,3.587224,4.040647,1460,7.5937
8661,12,20,3.111666,3.470113,1459,7.6538
8662,20,10,2.429345,1.934899,1431,7.6162
8663,10,11,5.973994,6.106613,1441,7.6557
8664,11,45,2.493124,2.334743,1384,7.4093
8665,45,63,2.029724,3.022426,1316,7.1045
8666,63,18,3.358371,4.088207,1294,7.2201
8667,18,18,1.026308,0.530612,1393,7.5044
8668,18,12,3.568482,3.993455,1448,7.5923
8669,12,35,3.082038,3.146479,1468,7.6218
8670,35,8,2.598746,2.435580,1429,7.4986
8671,8,41,2.139786,2.678650,1421,7.5826
8672,41,6,3.900276,4.183049,1392,7.5160
8673,6,56,2.628820,2.597497,1456,7.6825
8674,56,1,2.721318,2.982557,1441,7.5971
8675,1,19,5.099627,4.919496,1423,7.5642
8676,19,24,3.261644,3.412061,1213,6.7649
8677,24,0,3.452912,3.746551,1444,7.6330
8678,0,21,3.956004,4.052180,1404,7.4844
8679,21,48,2.564235,2.650984,1387,7.4720
8680,48,6,4.001853,4.240515,1463,7.6541
8681,6,22,4.404481,4.693574,1427,7.6433
8682,22,20,5.878664,5.637736,1377,7.4106
8683,20,3,4.238248,4.057544,1385,7.4811
8684,3,39,3.262294,3.673282,1464,7.6152
8685,39,44,3.618434,3.249153,1439,7.5725
8686,44,35,4.830162,4.471335,1347,7.0369
8687,35,0,3.488863,3.538803,1353,7.3131
8688,0,25,1.821866,1.905731,1367,7.4434
8689,25,36,3.523055,2.917679,1405,7.5633
8690,36,34,2.805803,3.903141,1459,7.8218
8691,34,35,4.799396,5.197298,1457,7.7615
8692,35,8,2.495588,2.279602,1449,7.6306
8693,8,41,2.340299,2.663456,1354,7.3090
8694,41,6,3.998922,4.154022,1330,7.3969
8695,6,32,2.789471,2.467606,1435,7.6428
8696,32,9,2.069354,2.140807,1389,7.3350
8697,9,44,4.258841,4.631541,1373,7.5627
8698,44,35,4.768481,4.386426,1440,7.6100
8699,35,53,3.145504,2.879928,1449,7.6311
8700,53,11,4.942028,4.866661,1440,7.5854
8701,11,42,2.236753,2.208968,1391,7.4809
8702,42,45,1.801962,1.936639,1436,7.6851
8703,45,30,3.217837,3.675177,1427,7.5608
8704,30,31,3.050143,3.081987,1433,7.5969
8705,31,54,4.366122,4.018346,1375,7.2467
8706,54,0,3.322122,3.054402,1447,7.5823
8707,0,60,3.839412,4.060354,1431,7.5789
8708,60,38,3.058908,3.069944,1430,7.6096
8709,38,50,3.468687,3.484882,1380,7.3877
8710,50,54,4.778751,5.065842,1396,7.5018
8711,54,25,2.120256,2.170489,1426,7.6114
8712,25,36,2.915428,2.775541,1335,7.4677
8713,36,34,2.857234,3.925262,1451,7.7592
8714,34,35,4.628140,5.091616,1362,7.5558
8715,35,8,2.604283,2.189276,1340,7.2166
8716,8,41,2.128684,2.621260,1403,7.5510
8717,41,36,6.228231,6.300349,1430,7.6857
8718,36,21,3.504074,3.623966,1446,7.7808
8719,21,48,2.551128,2.572384,1432,7.6059
8720,48,51,2.948994,2.976559,1438,7.6288
8721,51,16,2.499960,1.696981,1429,7.5355
8722,16,23,2.942517,3.679931,1429,7.5810
8723,23,18,3.206433,3.519383,1207,6.5571
8724,18,38,3.169567,3.227539,1276,7.0884
8725,38,50,3.390557,3.355824,1438,7.6128
8726,50,54,4.708910,4.887310,1426,7.6312
8727,54,0,3.260604,2.942128,1362,7.3184
8728,0,25,1.818943,1.784064,1268,6.8304
8729,25,36,2.867399,2.821129,1335,7.2412
8730,36,34,2.712777,3.796780,1422,7.7481
8731,34,40,2.516967,2.186611,1430,7.6355
8732,40,57,2.727819,2.867729,1421,7.6270
8733,57,32,5.494373,5.211621,1360,7.3479
8734,32,27,3.581278,3.459398,1353,7.2913
8735,27,20,4.368910,4.537813,1410,7.5365
8736,20,10,2.390927,1.893185,1424,7.6009
8737,10,2,3.255064,3.644409,1454,7.6474
8738,2,45,3.139548,2.887685,1399,7.4554
8739,45,30,2.880530,3.476025,1392,7.4877
8740,30,46,2.785812,2.795559,1393,7.4866
8741,46,47,3.646519,3.333446,1440,7.5622
8742,47,22,3.030211,2.763910,1448,7.6760
8743,22,35,5.154218,4.729261,1441,7.5531
8744,35,53,2.807189,2.820409,1432,7.5547
8745,53,17,2.313544,2.800052,1422,7.6089
8746,17,7,3.380404,3.630792,1389,7.5007
8747,7,31,3.447873,3.288082,1349,7.3314
8748,31,54,4.220488,4.059236,1433,7.5887
8749,54,25,2.095808,2.148108,1424,7.5604
8750,25,36,2.577560,2.705222,1386,7.5373
8751,36,29,2.217095,2.849590,1469,7.7929
8752,29,48,2.659098,2.886360,1427,7.5900
8753,48,51,2.955829,2.898303,1439,7.6343
8754,51,29,2.602702,3.680085,1447,7.6528
8755,29,23,2.450391,2.275067,1386,7.5052
8756,23,18,3.167469,3.431360,1403,7.5974
8757,18,12,3.502413,3.944106,1283,6.7974
8758,12,35,3.334950,3.472556,1452,7.6140
8759,35,0,3.769925,3.661769,1330,7.2391
8760,0,25,1.682811,1.737155,1312,7.1626
8761,25,36,2.629262,2.635955,1331,7.2715
8762,36,34,2.846348,3.960836,1426,7.7387
8763,34,7,4.830318,4.699363,1442,7.7355
8764,7,31,3.436843,3.197160,1268,7.0275
8765,31,30,3.502663,2.953972,1287,7.0110
8766,30,31,3.186870,3.028360,1365,7.3040
8767,31,12,3.833353,3.701546,1464,7.6094
8768,12,35,3.236383,3.328464,1442,7.5965
8769,35,53,2.851019,2.741269,1402,7.4298
8770,53,11,4.622740,4.817276,1438,7.5300
8771,11,42,2.213727,2.229964,1387,7.3875
8772,42,45,1.865579,1.944626,1388,7.5207
8773,45,30,2.934614,3.424993,1437,7.6212
8774,30,46,3.062614,2.768919,1431,7.5964
8775,46,46,1.153740,0.617419,1437,7.5782
8776,46,1,4.047710,3.956092,1385,7.2693
8777,1,32,2.833744,3.231415,1385,7.5314
8778,32,27,3.266454,3.307176,1442,7.5379
8779,27,53,4.840540,4.931217,1420,7.5727
8780,53,11,4.282690,4.680048,1333,7.1154
8781,11,42,2.213394,2.210059,1429,7.5648
8782,42,54,3.620236,3.813078,1424,7.6148
8783,54,25,2.065342,2.101625,1443,7.5963
8784,25,2,3.307058,3.658445,1326,7.2190
8785,2,45,2.959243,2.835464,1438,7.5861
8786,45,30,2.758778,3.248997,1308,7.0793
8787,30,31,3.013161,3.202887,1402,7.5234
8788,31,12,3.489077,3.552126,1401,7.5379
8789,12,20,3.632280,3.681994,1427,7.5822
8790,20,10,2.203759,1.885272,1427,7.5726
8791,10,21,4.760964,4.952803,1428,7.5016
8792,21,9,3.995192,4.034362,1451,7.6232
8793,9,15,2.323579,2.459911,1388,7.4527
8794,15,19,4.453719,4.722331,1443,7.5787
8795,19,24,3.155596,3.351070,1287,7.1203
8796,24,4,3.338676,3.325019,1276,6.8480
8797,4,23,4.756274,4.250170,1343,7.3254
8798,23,29,1.756704,1.976739,1409,7.6168
8799,29,11,3.239111,3.183136,1451,7.6214
8800,11,42,2.110731,2.164366,1341,7.1996
8801,42,54,3.423648,3.663944,1416,7.5766
8802,54,0,3.134634,3.008201,1443,7.5754
8803,0,25,1.754361,1.686235,1399,7.4920
8804,25,2,3.421238,3.490530,1357,7.3448
8805,2,12,3.094611,3.360639,1443,7.5910
8806,12,43,4.687151,5.321680,1371,7.3903
8807,43,11,5.402219,5.291628,1426,7.7006
8808,11,45,2.519721,2.312766,1451,7.5878
8809,45,62,4.718844,5.488558,1454,7.6717
8810,62,60,4.038151,3.887634,1297,6.9933
8811,60,38,3.126185,3.046787,1407,7.3797
8812,38,50,3.144485,3.251825,1350,7.2299
8813,50,53,3.952358,3.859849,1433,7.6358
8814,53,17,2.687119,2.848372,1418,7.5144
8815,17,7,3.218453,3.588998,1436,7.6400
8816,7,22,3.192534,3.602396,1337,7.2937
8817,22,20,5.747668,5.606634,1430,7.5496
8818,20,10,2.271989,1.869545,1429,7.6060
8819,10,11,5.574615,5.760083,1444,7.6467
8820,11,42,2.106908,2.153185,1303,7.0031
8821,42,45,1.992973,2.003359,1259,6.7265
8822,45,63,2.207653,3.304843,1344,7.1620
8823,63,6,4.235569,4.836530,1356,7.2923
8824,6,32,2.586912,2.444701,1430,7.6139
8825,32,9,2.147211,2.257312,1380,7.3347
8826,9,15,2.220138,2.417154,1375,7.3894
8827,15,19,4.336450,4.627436,1483,7.6308
8828,19,51,5.223470,4.798233,1325,7.2792
8829,51,16,2.001469,1.580609,1458,7.6189
8830,16,21,4.737547,5.059298,1422,7.5830
8831,21,48,2.728628,2.563508,1391,7.4155
8832,48,51,2.894596,2.907694,1441,7.5683
8833,51,29,2.835088,3.580375,1461,7.6095
8834,29,11,3.158448,3.254990,1432,7.6181
8835,11,42,2.361219,2.121169,1414,7.5168
8836,42,54,3.270711,3.580009,1401,7.5452
8837,54,25,2.028568,2.121258,1475,7.6209
8838,25,29,3.068407,3.700000,1255,6.8370
8839,29,11,3.073200,3.121532,1424,7.5505
8840,11,42,2.142816,2.060412,1431,7.4516
8841,42,45,1.920146,1.994699,1441,7.6659
8842,45,63,2.297444,3.219028,1361,7.2720
8843,63,6,4.205924,4.761955,1410,7.5463
8844,6,32,2.456781,2.414130,1318,7.1996
8845,32,61,4.430099,4.418504,1412,7.4585
8846,61,33,3.094800,3.353682,1357,7.2084
8847,33,11,5.976623,5.766838,1338,7.3142
8848,11,24,5.185726,4.986260,1435,7.5523
8849,24,4,3.230965,3.260606,1324,7.1285
8850,4,23,4.277287,4.119646,1435,7.5927
8851,23,29,1.734438,1.979910,1416,7.5803
8852,29,23,2.680115,2.413354,1440,7.6024
8853,23,29,1.770036,1.847340,1454,7.6638
8854,29,11,3.135968,3.182542,1459,7.6075
8855,11,24,4.777675,4.925848,1428,7.5477
8856,24,4,3.079410,3.201926,1402,7.4371
8857,4,6,5.856964,5.798891,1454,7.6173
8858,6,56,2.781220,2.761309,1456,7.6542
8859,56,1,2.697960,2.893602,1442,7.6136
8860,1,32,2.864651,3.160849,1454,7.6514
8861,32,61,4.243754,4.241173,1452,7.5723
8862,61,33,3.471990,3.376375,1412,7.4900
8863,33,18,5.127160,4.894465,1317,7.0403
8864,18,38,2.837603,3.041755,1373,7.3669
8865,38,2,3.547738,3.901552,1421,7.5956
8866,2,54,3.761248,3.728341,1388,7.4590
8867,54,0,2.947001,2.954299,1448,7.6087
8868,0,21,4.042722,4.164520,1442,7.5851
8869,21,47,4.239437,4.502087,1413,7.5889
8870,47,56,2.027826,2.654554,1440,7.6524
8871,56,34,2.817713,3.050292,1326,7.2475
8872,34,40,2.338973,2.159202,1471,7.7598
8873,40,25,6.174278,6.852178,1434,7.6572
8874,25,36,2.596938,2.535176,1440,7.6441
8875,36,21,3.351145,3.728968,1410,7.7132
8876,21,9,3.590876,4.021226,1323,7.2564
8877,9,44,4.192971,4.395067,1446,7.6497
8878,44,35,4.665070,4.339874,1421,7.5384
8879,35,53,2.784640,2.618712,1455,7.6593
8880,53,0,3.750397,3.684002,1435,7.6189
8881,0,25,1.788053,1.827389,1394,7.3857
8882,25,2,2.996891,3.296464,1448,7.6558
8883,2,45,3.078843,2.884813,1400,7.5488
8884,45,30,2.845220,3.328624,1412,7.5370
8885,30,46,3.143967,2.780302,1434,7.6319
8886,46,47,3.683552,3.452337,1427,7.5282
8887,47,22,2.804331,2.708019,1452,7.6829
8888,22,35,5.077258,4.721603,1447,7.5442
8889,35,0,3.639792,3.616673,1433,7.6100
8890,0,25,1.699017,1.793119,1269,6.9995
8891,25,29,2.925072,3.543076,1407,7.5669
8892,29,11,3.059682,3.013827,1406,7.5712
8893,11,42,2.224254,2.132318,1463,7.5575
8894,42,0,3.559655,4.199051,1449,7.6905
8895,0,21,3.813859,4.023502,1452,7.6316
8896,21,9,3.475580,4.001372,1437,7.6079
8897,9,3,3.505677,3.800049,1464,7.6812
8898,3,39,3.224159,3.616661,1275,6.9690
8899,39,59,3.592698,3.763786,1447,7.5883
8900,59,10,4.102690,3.919382,1388,7.4568
8901,10,2,3.618727,3.699312,1330,7.2040
8902,2,12,2.834352,3.287332,1446,7.6321
8903,12,35,3.296541,3.423475,1430,7.5870
8904,35,0,3.778020,3.528775,1447,7.6173
8905,0,60,3.776799,4.144443,1452,7.5848
8906,60,38,3.154844,3.038361,1452,7.6090
8907,38,2,3.344739,3.787553,1402,7.4590
8908,2,12,2.707192,3.150242,1445,7.6230
8909,12,35,3.163343,3.319398,1427,7.5948
8910,35,53,2.791572,2.597599,1455,7.6229
8911,53,17,2.753635,2.931378,1433,7.6124
8912,17,7,3.025970,3.464240,1473,7.7506
8913,7,31,3.223628,3.260608,1434,7.5980
8914,31,54,4.168354,4.075601,1334,7.3399
8915,54,0,3.024134,2.933373,1435,7.5867
8916,0,25,1.866289,1.819868,1425,7.5581
8917,25,36,2.800236,2.601344,1458,7.6240
8918,36,29,2.173462,2.906333,1463,7.7809
8919,29,23,2.435990,2.381443,1401,7.5389
8920,23,29,1.630722,1.809213,1382,7.3490
8921,29,11,2.951531,2.976081,1393,7.5219
8922,11,45,2.657984,2.537193,1403,7.5108
8923,45,63,2.472942,3.098309,1384,7.4555
8924,63,6,3.702895,4.644208,1343,7.3388
8925,6,32,2.682204,2.420926,1426,7.6572
8926,32,9,2.502782,2.484915,1371,7.2745
8927,9,15,2.475714,2.423286,1418,7.6236
8928,15,19,4.219443,4.443137,1428,7.5196
8929,19,51,4.893662,4.648097,1419,7.5098
8930,51,16,1.869201,1.522279,1398,7.4304
8931,16,53,5.596683,6.007775,1436,7.6225
8932,53,17,2.656266,2.799263,1435,7.6162
8933,17,2,4.717267,5.190411,1367,7.4385
8934,2,45,2.709500,2.818676,1444,7.6152
8935,45,30,2.964675,3.262105,1449,7.6453
8936,30,46,3.105522,2.730371,1354,7.3064
8937,46,47,3.509469,3.330422,1352,7.2028
8938,47,56,2.173769,2.669216,1445,7.6811
8939,56,1,2.715735,2.816929,1473,7.6436
8940,1,32,2.818673,3.084010,1276,6.9070
8941,32,9,2.415270,2.412363,1413,7.4109
8942,9,15,2.348150,2.355825,1340,7.1461
8943,15,19,4.017025,4.353985,1475,7.6115
8944,19,38,5.535847,5.364275,1251,7.1095
8945,38,2,3.400961,3.684234,1418,7.5490
8946,2,54,3.905646,3.798530,1464,7.6612
8947,54,44,6.252788,6.464586,1299,7.0657
8948,44,27,3.298573,3.713782,1379,7.3010
8949,27,20,4.528241,4.545548,1435,7.6276
8950,20,3,4.049007,3.845412,1333,7.1195
8951,3,10,3.486334,3.387867,1401,7.4525
8952,10,2,3.045914,3.683768,1442,7.6535
8953,2,12,2.812221,3.055937,1433,7.6037
8954,12,35,2.955113,3.215298,1403,7.5456
8955,35,8,2.901365,2.503561,1275,6.8627
8956,8,56,4.519968,5.068885,1452,7.6364
8957,56,6,3.082249,3.195625,1469,7.6472
8958,6,32,2.602820,2.352625,1363,7.4575
8959,32,9,2.198279,2.334374,1429,7.4932
8960,9,3,3.775620,3.952905,1449,7.7144
8961,3,41,2.468948,3.069716,1391,7.4382
8962,41,6,4.093978,4.292985,1350,7.3843
8963,6,32,2.433198,2.248272,1298,7.2670
8964,32,27,3.421668,3.548032,1427,7.4875
8965,27,53,4.690826,4.857172,1321,7.0435
8966,53,0,3.587827,3.553941,1351,7.1189
8967,0,21,3.615508,3.939735,1420,7.5302
8968,21,9,3.752192,4.181144,1419,7.5630
8969,9,3,3.449105,3.720255,1443,7.6594
8970,3,41,2.232856,2.993249,1470,7.6453
8971,41,30,5.461526,5.576607,1404,7.4569
8972,30,31,3.194494,3.208425,1340,7.3442
8973,31,54,4.165808,3.941493,1452,7.6286
8974,54,25,2.167381,2.251189,1388,7.4080
8975,25,29,2.891479,3.386691,1400,7.5449
8976,29,23,2.331771,2.278615,1337,7.2846
8977,23,18,3.101432,3.530788,1447,7.6586
8978,18,18,1.159006,0.630635,1451,7.5779
8979,18,18,0.919442,0.524563,1411,7.5192
8980,18,12,3.745574,4.126285,1455,7.5889
8981,12,43,4.656384,5.243685,1455,7.6231
8982,43,51,5.000146,4.882476,1439,7.7207
8983,51,29,2.837830,3.575511,1461,7.6690
8984,29,23,2.236515,2.165500,1337,7.2178
8985,23,18,2.929564,3.340048,1429,7.6014
8986,18,12,3.376352,3.988543,1431,7.5534
8987,12,20,3.934037,3.828055,1454,7.6379
8988,20,10,2.242381,1.963490,1449,7.6370
8989,10,2,3.295599,3.550903,1443,7.6528
8990,2,12,2.765872,3.022951,1342,7.2423
8991,12,20,3.638511,3.683296,1430,7.6497
8992,20,10,2.157433,1.950902,1439,7.5666
8993,10,11,5.851191,5.927439,1426,7.6150
8994,11,42,2.277536,2.183823,1385,7.4294
8995,42,54,3.317133,3.609825,1402,7.5651
8996,54,25,2.146891,2.204098,1415,7.5483
8997,25,36,2.609062,2.577596,1311,7.2742
8998,36,29,2.200847,2.851148,1415,7.6665
8999,29,23,2.198413,2.101781,1448,7.6149
9000,23,29,1.602018,1.786434,1444,7.6937
9001,29,11,3.038101,3.137450,1392,7.5266
9002,11,24,4.807315,4.902428,1435,7.5646
9003,24,0,3.919737,3.801851,1429,7.4768
9004,0,60,3.758945,4.051635,1365,7.3266
9005,60,44,5.085607,4.737724,1404,7.5683
9006,44,36,5.634124,4.886705,1403,7.4128
9007,36,29,1.775455,2.706534,1420,7.7157
9008,29,23,2.232745,2.062800,1440,7.6423
9009,23,29,1.554873,1.697607,1442,7.6534
9010,29,11,2.921756,3.066181,1400,7.4973
9011,11,42,2.361236,2.221264,1454,7.5777
9012,42,54,3.122039,3.493636,1466,7.6899
9013,54,25,2.038620,2.195215,1383,7.4114
9014,25,36,3.036953,2.600695,1396,7.5116
9015,36,29,1.843990,2.674960,1444,7.7828
9016,29,23,1.881356,2.034543,1443,7.6154
9017,23,29,1.491005,1.657544,1396,7.4466
9018,29,23,1.848704,1.917880,1464,7.6225
9019,23,0,5.282815,6.034034,1411,7.5211
9020,0,25,1.860686,1.799704,1323,7.1480
9021,25,36,2.760643,2.523164,1293,7.0965
9022,36,29,1.970813,2.649703,1430,7.7543
9023,29,11,2.892712,3.060071,1455,7.6431
9024,11,42,2.365848,2.200291,1455,7.5606
9025,42,54,2.980150,3.386636,1258,6.7610
9026,54,25,1.861347,2.119311,1380,7.3977
9027,25,29,2.986118,3.375344,1279,7.1065
9028,29,23,1.943758,1.957766,1451,7.6224
9029,23,29,1.559535,1.677645,1414,7.4730
9030,29,48,3.696253,3.741884,1385,7.4705
9031,48,51,3.149135,3.052287,1388,7.5108
9032,51,29,3.113060,3.596437,1314,7.0951
9033,29,23,1.862664,1.862299,1434,7.5970
9034,23,29,1.407929,1.610835,1275,6.7887
9035,29,23,1.767317,1.742338,1432,7.5953
9036,23,0,5.179617,6.037164,1436,7.6002
9037,0,60,3.630795,3.931410,1334,7.0414
9038,60,38,3.252586,3.166209,1400,7.4104
9039,38,2,3.238947,3.650635,1364,7.3955
9040,2,12,2.697321,2.912605,1280,7.2097
9041,12,20,3.541955,3.455096,1301,6.9695
9042,20,3,4.041268,4.059289,1382,7.5094
9043,3,41,2.211067,2.916302,1460,7.6381
9044,41,6,4.223154,4.249032,1443,7.6146
9045,6,56,2.909442,2.786282,1362,7.4110
9046,56,34,2.832343,3.034701,1420,7.5457
9047,34,40,2.380414,2.085983,1450,7.7524
9048,40,25,6.533492,6.999008,1284,7.1698
9049,25,36,2.660529,2.373222,1385,7.3557
9050,36,34,3.715031,4.495839,1443,7.7627
9051,34,35,4.500972,4.909219,1465,7.7605
9052,35,8,2.905260,2.365258,1440,7.5944
9053,8,41,2.048048,2.513494,1431,7.6239
9054,41,36,6.595190,6.809374,1333,7.3922
9055,36,34,4.208089,4.142726,1432,7.7284
9056,34,7,4.753838,4.619630,1303,7.0519
9057,7,22,3.287375,3.529412,1359,7.4546
9058,22,47,2.772861,2.525288,1193,6.8281
9059,47,56,2.092500,2.643780,1429,7.6119
9060,56,34,2.790899,3.077888,1401,7.4588
9061,34,7,4.691286,4.493331,1382,7.4025
9062,7,31,3.217247,3.191275,1395,7.4788
9063,31,12,4.133365,4.068334,1407,7.4945
9064,12,20,3.239358,3.267265,1413,7.5898
9065,20,10,2.332805,1.982978,1437,7.5833
9066,10,2,3.221202,3.448497,1428,7.6223
9067,2,45,3.086309,2.965382,1443,7.6090
9068,45,30,2.628588,3.069019,1220,6.7430
9069,30,46,2.849501,2.695893,1337,7.1583
9070,46,47,3.863831,3.261172,1356,7.1568
9071,47,22,3.026092,2.727885,1448,7.6536
9072,22,47,3.017872,2.404331,1436,7.5195
9073,47,22,2.673950,2.512336,1449,7.6783
9074,22,35,4.980446,4.701762,1443,7.5774
9075,35,0,3.668461,3.670187,1477,7.6637
9076,0,21,3.624489,3.788684,1345,7.2172
9077,21,9,3.784266,4.119915,1450,7.6379
9078,9,44,4.390180,4.427089,1400,7.5759
9079,44,27,3.115567,3.555653,1441,7.6568
9080,27,20,4.758236,4.750328,1122,6.3977
9081,20,10,2.272946,1.930551,1373,7.4452
9082,10,2,3.162636,3.290652,1375,7.5066
9083,2,12,2.784445,3.018763,1450,7.6100
9084,12,35,3.259205,3.502000,1450,7.6006
9085,35,8,2.698570,2.321342,1447,7.6108
9086,8,41,1.884681,2.482441,1433,7.6236
9087,41,6,4.129196,4.212363,1395,7.5414
9088,6,32,2.408285,2.210085,1414,7.6022
9089,32,27,3.297494,3.315799,1290,7.0807
9090,27,2,5.235156,5.327573,1381,7.4324
9091,2,54,4.310055,4.121408,1419,7.5862
9092,54,0,3.003210,3.018052,1334,7.2562
9093,0,25,2.043128,1.879776,1459,7.6440
9094,25,2,3.676395,3.899922,1427,7.7105
9095,2,12,2.613502,2.904835,1448,7.6186
9096,12,35,3.086675,3.377387,1449,7.6299
9097,35,0,3.788315,3.589218,1453,7.6350
9098,0,25,1.833928,1.817502,1448,7.5577
9099,25,29,2.671114,3.261233,1402,7.4648
9100,29,11,2.919140,3.039139,1417,7.6040
9101,11,42,2.364673,2.201798,1430,7.5776
9102,42,0,3.443205,4.077369,1356,7.3319
9103,0,25,1.721779,1.739754,1405,7.4869
9104,25,36,2.690496,2.618551,1407,7.4843
9105,36,29,2.338680,2.694882,1248,6.9804
9106,29,48,3.211169,3.527408,1387,7.4669
9107,48,51,2.991088,2.963942,1361,7.3336
9108,51,51,1.486505,0.906574,1458,7.6637
9109,51,29,3.060913,3.598224,1456,7.6323
9110,29,23,1.766679,1.818037,1411,7.4917
9111,23,29,1.447022,1.672314,1404,7.5827
9112,29,11,2.911106,3.019039,1475,7.6239
9113,11,45,3.284727,2.989902,1431,7.5566
9114,45,63,2.267359,3.034721,1376,7.3979
9115,63,18,4.391355,4.284371,1399,7.5390
9116,18,38,2.985494,3.260482,1410,7.4221
9117,38,50,2.999978,3.084434,1379,7.3900
9118,50,53,4.002680,3.826733,1472,7.7570
9119,53,17,2.909571,2.682178,1407,7.5435
9120,17,7,3.291461,3.629960,1448,7.6735
9121,7,31,3.150105,3.103886,1314,7.1896
9122,31,30,3.411652,2.995493,1387,7.3376
9123,30,31,3.132716,3.050090,1453,7.6100
9124,31,12,4.406709,4.143135,1410,7.4774
9125,12,35,2.934909,3.194548,1238,6.8333
9126,35,8,2.794001,2.342932,1435,7.5954
9127,8,41,1.921677,2.460772,1266,6.8866
9128,41,6,3.950519,4.091666,1384,7.5605
9129,6,32,2.282465,2.122221,1370,7.3046
9130,32,61,4.197897,4.359346,1293,7.0589
9131,61,33,3.341354,3.349361,1326,7.2713
9132,33,18,5.050915,4.733904,1418,7.5749
9133,18,38,2.803531,3.074537,1326,7.1785
9134,38,50,2.920604,2.971889,1463,7.6267
9135,50,54,4.916677,5.089631,1360,7.3170
9136,54,0,2.851741,2.900661,1434,7.5774
9137,0,25,1.762296,1.681579,1420,7.5695
9138,25,2,3.407996,3.883195,1410,7.4462
9139,2,12,2.563964,2.930977,1430,7.5905
9140,12,20,2.953097,3.266356,1385,7.3830
9141,20,10,2.311276,1.950684,1369,7.3098
9142,10,2,3.131668,3.259791,1371,7.5125
9143,2,45,3.204255,3.025835,1441,7.6191
9144,45,30,2.666666,3.102410,1398,7.5517
9145,30,46,2.855112,2.632861,1441,7.6158
9146,46,47,3.533617,3.208869,1443,7.5622
9147,47,56,1.966799,2.702515,1456,7.6481
9148,56,1,2.754259,2.851916,1443,7.5745
9149,1,47,2.356997,2.033384,1335,7.3615
9150,47,22,2.514065,2.537171,1471,7.6452
9151,22,35,5.057908,4.723779,1290,7.0573
9152,35,53,2.916500,2.905615,1473,7.6341
9153,53,17,2.378192,2.659352,1401,7.4074
9154,17,7,3.157171,3.530621,1428,7.6569
9155,7,31,3.086283,3.097599,1406,7.5675
9156,31,54,4.168033,4.134224,1428,7.6082
9157,54,25,2.042659,2.149614,1456,7.6075
9158,25,36,2.669414,2.601027,1367,7.4863
9159,36,34,2.892671,4.164888,1458,7.7820
9160,34,40,2.355311,2.202509,1388,7.6419
9161,40,57,2.813137,2.860256,1388,7.4963
9162,57,52,2.811885,3.222015,1446,7.6098
9163,52,21,4.531149,4.245197,1451,7.6043
9164,21,48,2.687921,2.785105,1403,7.4753
9165,48,25,3.961807,4.400639,1333,7.1524
9166,25,29,2.822086,3.239475,1444,7.6792
9167,29,48,3.035746,3.322644,1442,7.5920
9168,48,6,4.657219,4.628615,1466,7.6618
9169,6,32,2.185915,2.094588,1342,7.3662
9170,32,9,2.462443,2.702851,1399,7.4582
9171,9,3,3.395051,3.538500,1445,7.6528
9172,3,10,3.217237,3.460510,1415,7.5807
9173,10,2,2.732436,3.137367,1414,7.6349
9174,2,12,2.514555,2.917403,1458,7.6847
9175,12,43,4.442583,5.346497,1430,7.5602
9176,43,11,5.381863,5.281291,1455,7.8131
9177,11,42,2.440316,2.197153,1307,7.1739
9178,42,0,3.154028,3.865211,1386,7.3796
9179,0,25,1.621491,1.638835,1400,7.4574
9180,25,36,2.531225,2.487601,1332,7.3077
9181,36,21,3.493260,3.749870,1238,6.5289
9182,21,9,3.724998,4.068564,1363,7.3109
9183,9,15,2.749042,2.477185,1434,7.6412
9184,15,49,3.167587,3.251802,1437,7.6131
9185,49,50,3.831440,4.108607,1383,7.4308
9186,50,53,3.852826,3.737231,1418,7.6262
9187,53,17,1.995903,2.581082,1335,7.2195
9188,17,2,4.289829,4.852656,1362,7.4014
9189,2,45,3.339397,3.005896,1440,7.5717
9190,45,30,2.511120,2.971212,1404,7.4263
9191,30,31,3.238155,3.215571,1460,7.6692
9192,31,54,4.025895,3.906144,1342,7.1762
9193,54,44,5.885830,6.241618,1426,7.5565
9194,44,36,5.663490,4.752035,1461,7.6396
9195,36,21,3.158712,3.480863,1369,7.3543
9196,21,48,2.653357,2.721596,1466,7.6736
9197,48,25,3.771671,4.276568,1454,7.6708
9198,25,29,2.740008,3.132031,1279,6.9014
9199,29,23,1.999993,1.906108,1435,7.5586
9200,23,29,1.574797,1.708152,1437,7.6517
9201,29,11,2.867112,3.021760,1433,7.5786
9202,11,24,4.887376,4.954146,1444,7.5708
9203,24,54,4.171522,3.688150,1402,7.4718
9204,54,25,1.916998,2.175576,1416,7.5541
9205,25,36,2.639318,2.518540,1261,6.8166
9206,36,29,2.312872,2.708321,1266,7.1297
9207,29,11,2.608136,2.862219,1449,7.6289
9208,11,45,3.141496,3.075281,1436,7.5696
9209,45,30,2.310352,2.900339,1475,7.6988
9210,30,31,2.996839,3.184396,1455,7.6171
9211,31,54,3.692893,3.782759,1456,7.6501
9212,54,44,5.441289,6.071928,1435,7.5816
9213,44,35,4.542691,4.320833,1349,7.2419
9214,35,8,2.584439,2.255741,1389,7.4547
9215,8,41,2.165716,2.438634,1397,7.4928
9216,41,36,6.743339,6.741498,1361,7.3759
9217,36,34,2.906840,4.006419,1385,7.5962
9218,34,40,2.434072,2.147951,1420,7.6533
9219,40,57,2.869006,2.825248,1441,7.6465
9220,57,32,5.179072,5.168375,1434,7.5781
9221,32,9,2.563086,2.636709,1439,7.5753
9222,9,3,3.231451,3.446687,1454,7.6473
9223,3,39,3.710457,3.853983,1308,7.0747
9224,39,59,3.474891,3.642285,1365,7.3982
9225,59,15,4.451661,4.643843,1418,7.5418
9226,15,49,3.124479,2.990282,1427,7.5724
9227,49,43,3.445365,3.782081,1434,7.5991
9228,43,11,5.301436,5.282094,1414,7.6717
9229,11,42,2.388001,2.256350,1452,7.5969
9230,42,0,3.285807,3.769280,1333,7.2889
9231,0,25,1.829717,1.682186,1403,7.4159
9232,25,36,2.781495,2.562065,1445,7.6109
9233,36,34,2.627848,4.044071,1443,7.7250
9234,34,35,4.399369,4.787214,1421,7.6467
9235,35,0,3.878487,3.802606,1302,6.9865
9236,0,60,3.650063,4.062859,1441,7.5678
9237,60,44,4.853524,4.583730,1421,7.4297
9238,44,35,4.395539,4.156623,1323,7.1262
9239,35,53,3.025908,2.816047,1446,7.6412
9240,53,17,2.386573,2.569278,1435,7.6281
9241,17,2,4.037093,4.620342,1329,7.0556
9242,2,12,2.381753,2.864354,1198,6.5292
9243,12,20,2.901165,3.112074,1415,7.5588
9244,20,10,2.244730,1.975919,1329,7.0746
9245,10,2,2.622826,3.014395,1468,7.6767
9246,2,45,3.098888,3.004750,1425,7.5914
9247,45,30,2.375114,2.801643,1443,7.6426
9248,30,31,2.904437,3.153762,1449,7.6471
9249,31,12,4.122028,4.307058,1453,7.6814
9250,12,35,3.354856,3.469827,1438,7.5832
9251,35,0,3.870977,3.694192,1429,7.5943
9252,0,60,3.285026,3.884766,1412,7.4561
9253,60,36,2.903847,2.855473,1440,7.5680
9254,36,29,2.243689,2.748733,1444,7.7638
9255,29,23,2.116898,1.996938,1424,7.5795
9256,23,0,4.660694,5.438503,1436,7.6340
9257,0,60,3.259379,3.746480,1441,7.5728
9258,60,38,3.439555,3.304360,1281,7.0095
9259,38,54,4.763799,5.041056,1449,7.6201
9260,54,44,5.598967,5.825186,1390,7.4354
9261,44,35,4.492119,4.103580,1350,7.2670
9262,35,53,2.854483,2.710123,1414,7.5891
9263,53,11,4.844395,5.133188,1405,7.5150
9264,11,45,3.037715,2.915631,1435,7.5765
9265,45,63,2.329762,3.215627,1389,7.5502
9266,63,6,4.207932,4.455921,1421,7.5937
9267,6,32,2.148737,2.121522,1425,7.5846
9268,32,27,3.207405,3.363459,1432,7.5676
9269,27,53,4.487768,4.771414,1285,7.0439
9270,53,11,5.074766,5.015453,1425,7.6113
9271,11,42,2.400940,2.249656,1400,7.4833
9272,42,45,2.235762,2.369280,1416,7.5861
9273,45,63,2.295645,3.159791,1457,7.6671
9274,63,6,4.195404,4.406899,1413,7.5040
9275,6,32,2.161810,2.096579,1457,7.6440
9276,32,9,2.634603,2.612674,1441,7.5620
9277,9,44,4.495368,4.548252,1357,7.3944
9278,44,35,4.378737,4.022471,1409,7.5651
9279,35,8,2.920480,2.275017,1442,7.5983
9280,8,41,2.129697,2.376085,1372,7.3546
9281,41,6,4.035141,4.185305,1438,7.6133
9282,6,56,3.096167,3.008399,1424,7.4862
9283,56,34,2.791727,3.198781,1426,7.6003
9284,34,35,4.383357,4.714003,1463,7.7392
9285,35,53,2.745115,2.651822,1455,7.6096
9286,53,17,2.626116,2.686534,1447,7.6601
9287,17,2,3.680007,4.385197,1452,7.6456
9288,2,12,2.583212,2.979400,1378,7.3645
9289,12,20,2.702893,3.030134,1442,7.6359
9290,20,10,2.367929,1.972625,1324,7.2333
9291,10,2,2.467355,2.889284,1439,7.6621
9292,2,12,2.546062,2.920528,1449,7.6492
9293,12,35,3.493642,3.634988,1437,7.5832
9294,35,0,3.921116,3.701705,1437,7.5876
9295,0,25,1.859313,1.828533,1376,7.3032
9296,25,36,2.550146,2.386651,1323,7.2517
9297,36,21,3.022620,3.455543,1430,7.8063
9298,21,9,4.127830,4.168745,1468,7.6816
9299,9,3,3.135012,3.306309,1450,7.7097
9300,3,41,2.225778,2.902971,1413,7.5045
9301,41,36,6.401270,6.731098,1467,7.6848
9302,36,34,4.183204,3.920783,1426,7.7380
9303,34,35,4.168901,4.535708,1444,7.7016
9304,35,0,3.563967,3.596565,1448,7.6433
9305,0,25,1.989424,1.813032,1399,7.3911
9306,25,2,4.015119,4.328203,1311,7.1003
9307,2,12,2.483116,2.788126,1433,7.6485
9308,12,35,3.324600,3.533705,1410,7.5478
9309,35,0,3.488238,3.466291,1450,7.6490
9310,0,25,1.967338,1.783810,1438,7.5865
9311,25,36,2.492008,2.524173,1299,7.0876
9312,36,34,3.168679,3.837900,1455,7.7706
9313,34,35,3.921903,4.421865,1436,7.7089
9314,35,53,2.764287,2.762700,1423,7.6089
9315,53,11,4.642421,4.914487,1437,7.5924
9316,11,42,2.162680,2.202201,1436,7.5533
9317,42,54,3.602910,3.713281,1349,7.2368
9318,54,0,3.350865,3.112177,1412,7.5139
9319,0,60,3.142546,3.689295,1445,7.5866
9320,60,38,3.446996,3.290509,1429,7.5759
9321,38,2,3.854508,4.259024,1424,7.5122
9322,2,12,2.225193,2.644111,1313,7.2062
9323,12,43,4.700351,5.407409,1424,7.5744
9324,43,51,4.889884,4.822033,1195,6.6374
9325,51,16,2.050977,1.607545,1450,7.6363
9326,16,21,4.285205,5.037241,1417,7.4299
9327,21,9,3.957932,3.935361,1455,7.6366
9328,9,15,2.704705,2.613725,1409,7.5198
9329,15,49,2.895758,2.933163,1263,6.7440
9330,49,48,5.645867,5.656815,1337,7.2697
9331,48,25,3.771053,4.219278,1429,7.6063
9332,25,36,2.379660,2.373354,1306,7.0002
9333,36,29,2.524781,2.874405,1319,7.2694
9334,29,23,2.122983,1.914654,1444,7.6337
9335,23,18,3.456090,3.849682,1317,7.2287
9336,18,12,3.793306,4.115864,1335,7.1095
9337,12,35,3.425448,3.537905,1438,7.5878
9338,35,8,2.907893,2.354445,1435,7.6652
9339,8,52,4.814261,5.007205,1436,7.6227
9340,52,21,4.213752,4.170437,1439,7.5536
9341,21,48,2.602929,2.766126,1450,7.6354
9342,48,51,3.206407,3.014226,1410,7.5384
9343,51,29,2.750180,3.765985,1352,7.2192
9344,29,11,2.960420,3.165196,1437,7.6055
9345,11,42,2.251036,2.171788,1451,7.5623
9346,42,45,2.342943,2.359590,1446,7.6529
9347,45,63,2.545737,3.047070,1433,7.6190
9348,63,18,4.470785,4.322844,1447,7.6219
9349,18,12,3.416955,3.897288,1427,7.5434
9350,12,35,3.140491,3.433558,1342,7.3258
9351,35,0,3.290103,3.452802,1435,7.5791
9352,0,60,3.172731,3.547145,1434,7.5568
9353,60,38,3.354999,3.256785,1449,7.5993
9354,38,50,2.870093,3.094814,1381,7.4310
9355,50,53,3.746459,3.662376,1385,7.4603
9356,53,17,2.474327,2.657117,1370,7.4797
9357,17,2,3.524426,4.316099,1421,7.5642
9358,2,45,3.158563,3.096429,1436,7.6086
9359,45,63,2.609199,2.926386,1441,7.6551
9360,63,18,4.395424,4.219071,1452,7.5991
9361,18,12,3.300753,3.715651,1386,7.4735
9362,12,43,4.438102,5.120770,1433,7.6135
9363,43,46,3.309170,3.442560,1402,7.6490
9364,46,1,4.198557,3.899936,1406,7.3808
9365,1,32,3.223757,3.359130,1408,7.5748
9366,32,9,2.953663,2.714966,1455,7.6024
9367,9,44,4.440454,4.375397,1275,7.0358
9368,44,35,4.592003,4.164154,1430,7.6127
9369,35,53,2.757050,2.705511,1419,7.5671
9370,53,17,2.716001,2.652713,1436,7.5960
9371,17,7,3.122638,3.698029,1364,7.4041
9372,7,31,3.137894,3.166263,1364,7.3835
9373,31,54,3.520416,3.732853,1437,7.6546
9374,54,0,3.153554,3.091292,1419,7.5651
9375,0,60,2.989241,3.442354,1454,7.6178
9376,60,38,3.227801,3.221063,1444,7.5866
9377,38,54,4.611677,4.977638,1341,7.2662
9378,54,25,2.187926,2.367144,1424,7.5302
9379,25,36,2.362078,2.302131,1386,7.4451
9380,36,34,3.590680,3.900349,1426,7.7085
9381,34,35,4.026452,4.359663,1452,7.7188
9382,35,8,2.735767,2.320472,1435,7.6032
9383,8,41,1.948835,2.390396,1442,7.5851
9384,41,6,3.887523,4.093596,1399,7.5421
9385,6,56,2.962924,2.952961,1441,7.6166
9386,56,1,2.764198,2.866111,1377,7.3965
9387,1,47,2.280408,1.955916,1459,7.6688
9388,47,22,2.608374,2.409995,1473,7.7009
9389,22,35,4.808996,4.572971,1375,7.4063
9390,35,53,2.718010,2.686638,1447,7.6273
9391,53,17,2.777353,2.623586,1410,7.5647
9392,17,7,2.990117,3.614885,1387,7.4272
9393,7,31,3.158172,3.129609,1390,7.5768
9394,31,12,4.150567,4.592942,1279,7.0543
9395,12,20,2.809570,3.142822,1384,7.3066
9396,20,10,2.380583,1.991522,1413,7.4716
9397,10,21,5.018592,5.042793,1454,7.7508
9398,21,48,2.472139,2.732479,1183,6.6210
9399,48,25,3.655537,4.100109,1427,7.6251
9400,25,29,2.696671,3.111907,1390,7.5343
9401,29,48,3.064186,3.271574,1446,7.6218
9402,48,6,4.591777,4.606048,1420,7.5237
9403,6,32,2.247832,2.220709,1368,7.3660
9404,32,27,3.284641,3.277576,1295,7.0666
9405,27,20,4.949003,4.985642,1292,7.1373
9406,20,10,2.220544,1.911713,1451,7.5716
9407,10,2,2.626766,2.939135,1458,7.6916
9408,2,12,2.593461,2.957783,1447,7.6046
9409,12,35,3.401553,3.613194,1424,7.5757
9410,35,8,2.612734,2.286377,1467,7.6460
9411,8,56,4.119337,4.871496,1458,7.6547
9412,56,1,2.724887,2.777791,1446,7.6457
9413,1,32,2.831455,3.258872,1436,7.6089
9414,32,9,2.843334,2.656963,1426,7.4849
9415,9,3,3.092267,3.263956,1462,7.6994
9416,3,39,3.874881,3.844010,1396,7.4623
9417,39,44,3.859522,3.553395,1420,7.5825
9418,44,36,4.992901,4.485665,1421,7.5937
9419,36,21,3.277894,3.495867,1462,7.8070
9420,21,9,3.710723,3.990215,1351,7.2759
9421,9,44,4.140859,4.232705,1436,7.6089
9422,44,35,4.377341,4.192946,1424,7.5337
9423,35,8,2.553213,2.180045,1416,7.5827
9424,8,41,1.997509,2.520291,1288,6.9474
9425,41,6,3.672883,3.995424,1384,7.3892
9426,6,32,2.255381,2.235776,1447,7.6301
9427,32,61,4.284719,4.331845,1470,7.5995
9428,61,33,3.487751,3.279697,1428,7.5831
9429,33,55,3.104215,3.108108,1284,7.0688
9430,55,4,3.198948,3.226141,1374,7.4370
9431,4,19,3.341579,3.491667,1369,7.3560
9432,19,51,4.629207,4.380806,1413,7.5479
9433,51,51,1.469274,0.917998,1323,7.1771
9434,51,29,3.055907,3.761404,1454,7.6420
9435,29,11,2.849671,3.057288,1439,7.6487
9436,11,42,2.056506,2.158476,1468,7.6190
9437,42,0,3.388731,4.044491,1356,7.4399
9438,0,60,3.077725,3.333823,1396,7.4378
9439,60,38,3.234259,3.183235,1372,7.3001
9440,38,2,3.578344,4.214825,1288,6.8995
9441,2,12,2.489593,2.803289,1454,7.6341
9442,12,43,4.359573,4.993143,1296,7.1776
9443,43,11,4.917495,4.881489,1408,7.6470
9444,11,45,2.831771,2.830151,1421,7.4433
9445,45,30,2.753043,3.088230,1418,7.5854
9446,30,31,2.923441,3.053757,1421,7.6102
9447,31,12,4.586094,4.548446,1471,7.7056
9448,12,43,4.057829,4.782788,1410,7.5499
9449,43,11,4.676694,4.723524,1368,7.5616
9450,11,45,2.727403,2.698139,1463,7.5891
9451,45,30,2.826857,3.030730,1405,7.6003
9452,30,46,3.237274,2.965902,1448,7.6283
9453,46,46,1.097824,0.674076,1386,7.3167
9454,46,1,4.000337,3.828006,1432,7.5574
9455,1,47,2.231558,1.890565,1420,7.5804
9456,47,56,2.383146,2.899859,1469,7.7035
9457,56,34,3.008615,3.408513,1432,7.6138
9458,34,40,2.404553,2.365083,1388,7.5444
9459,40,25,5.983864,6.572429,1378,7.4553
9460,25,36,2.326581,2.245931,1422,7.5966
9461,36,34,3.060452,3.804480,1458,7.7642
9462,34,40,2.320963,2.333622,1359,7.4978
9463,40,57,2.651556,2.769619,1423,7.6225
9464,57,59,4.251991,4.361482,1415,7.5446
9465,59,15,4.483528,4.552088,1350,7.3273
9466,15,49,2.787482,2.688936,1298,7.0104
9467,49,43,3.878112,4.207831,1308,6.9841
9468,43,51,4.923980,4.856216,1400,7.6135
9469,51,29,2.697757,3.605896,1448,7.5985
9470,29,11,3.151079,3.049024,1447,7.6460
9471,11,45,2.656107,2.646329,1476,7.6100
9472,45,63,2.742363,3.116669,1327,7.2484
9473,63,18,3.879629,4.012041,1430,7.5847
9474,18,18,1.213653,0.716604,1373,7.3778
9475,18,18,0.955718,0.600910,1421,7.5369
9476,18,38,2.960373,3.264807,1419,7.5527
9477,38,50,3.267130,3.147882,1449,7.6866
9478,50,53,3.648718,3.563144,1455,7.6813
9479,53,17,2.942893,2.495271,1424,7.5898
9480,17,7,2.932163,3.501069,1445,7.6182
9481,7,31,3.154456,3.118205,1430,7.6030
9482,31,54,3.409881,3.730405,1411,7.5174
9483,54,25,2.310018,2.470086,1430,7.5973
9484,25,36,2.377067,2.163355,1430,7.6785
9485,36,29,2.557473,2.986135,1399,7.5238
9486,29,11,2.887990,2.933908,1460,7.6464
9487,11,45,2.615459,2.601639,1446,7.5987
9488,45,63,2.740143,3.069647,1228,6.7979
9489,63,18,3.901423,3.851945,1355,7.4727
9490,18,38,2.734895,3.079641,1351,7.4010
9491,38,50,3.070982,3.039477,1476,7.6394
9492,50,53,3.431250,3.453140,1422,7.6467
9493,53,17,2.608168,2.378961,1410,7.5765
9494,17,1,4.472406,4.677301,1444,7.6075
9495,1,32,2.815475,3.231792,1361,7.3108
9496,32,61,3.995964,4.141331,1362,7.3331
9497,61,33,3.371256,3.275303,1407,7.5042
9498,33,11,6.445739,5.986630,1439,7.6080
9499,11,45,2.574117,2.459295,1462,7.6413
9500,45,63,2.711363,3.006090,1351,7.3190
9501,63,18,3.775658,3.739480,1405,7.5225
9502,18,12,3.644097,3.905437,1313,7.2244
9503,12,35,3.202992,3.591716,1450,7.6106
9504,35,8,2.451058,2.127830,1387,7.3697
9505,8,41,2.029988,2.481543,1378,7.3077
9506,41,30,5.261896,5.528789,1431,7.6221
9507,30,46,2.924003,2.700221,1389,7.5104
9508,46,47,3.522730,3.228411,1367,7.3007
9509,47,51,3.709725,4.141843,1404,7.6014
9510,51,16,1.855113,1.651443,1424,7.5751
9511,16,53,5.299284,5.644918,1321,7.0891
9512,53,11,4.446738,4.916563,1440,7.6682
9513,11,42,2.334456,2.370200,1435,7.5564
9514,42,54,3.593129,3.657457,1459,7.6805
9515,54,25,2.128374,2.401095,1352,7.2482
9516,25,2,4.334155,4.450820,1380,7.4868
9517,2,12,2.513167,2.839716,1158,6.3701
9518,12,35,3.258338,3.468735,1417,7.5879
9519,35,0,3.478176,3.572324,1411,7.5871
9520,0,25,2.161277,2.036558,1431,7.5431
9521,25,36,2.108180,2.160841,1424,7.6342
9522,36,21,3.492760,3.536820,1240,6.8919
9523,21,48,2.730200,2.719251,1369,7.3705
9524,48,51,3.345274,3.212438,1409,7.5393
9525,51,16,1.712353,1.576993,1389,7.3947
9526,16,23,3.226705,3.722937,1347,7.2025
9527,23,29,1.934774,1.939673,1428,7.6139
9528,29,11,2.795219,3.037278,1418,7.5827
9529,11,42,2.246595,2.310599,1457,7.5803
9530,42,54,3.324058,3.554163,1439,7.6287
9531,54,25,1.992919,2.292379,1357,7.2123
9532,25,36,2.162759,2.118278,1342,7.1436
9533,36,21,3.428063,3.407782,1279,6.8673
9534,21,48,2.798073,2.689312,1428,7.6028
9535,48,6,4.523842,4.479206,1394,7.4906
9536,6,32,2.323455,2.264271,1408,7.4449
9537,32,9,2.597904,2.753140,1376,7.2933
9538,9,3,2.924061,3.146844,1409,7.6036
9539,3,41,2.385979,2.948856,1289,7.0459
9540,41,30,5.097655,5.383687,1434,7.6245
9541,30,31,3.172078,2.989257,1357,7.3792
9542,31,12,4.758219,4.525101,1452,7.6379
9543,12,20,2.975962,3.186616,1449,7.5899
9544,20,3,4.242306,4.359605,1457,7.6229
9545,3,39,3.832076,3.751684,1449,7.6196
9546,39,44,3.880024,3.425634,1421,7.5171
9547,44,35,4.480300,4.250816,1385,7.3896
9548,35,8,2.277400,2.099878,1305,7.0294
9549,8,56,4.217585,4.760537,1428,7.5887
9550,56,1,2.645466,2.740049,1443,7.6151
9551,1,47,2.149390,1.836625,1411,7.5628
9552,47,56,2.357379,2.883553,1463,7.6144
9553,56,1,2.587181,2.616478,1452,7.6455
9554,1,32,2.948630,3.159411,1344,7.1903
9555,32,61,3.832398,4.000702,1437,7.5811
9556,61,33,3.250684,3.253248,1481,7.6476
9557,33,55,2.919844,3.028230,1386,7.4400
9558,55,4,3.123158,3.133582,1442,7.5756
9559,4,6,5.633830,5.695013,1307,6.9124
9560,6,32,2.198909,2.283908,1449,7.6376
9561,32,9,2.694770,2.701307,1302,7.0182
9562,9,15,2.996691,2.823804,1429,7.6110
9563,15,19,3.734359,3.908535,1234,6.7342
9564,19,24,3.488716,3.619069,1428,7.6205
9565,24,54,4.180204,3.731121,1360,7.2478
9566,54,25,1.962502,2.206378,1461,7.6423
9567,25,29,2.587634,3.189599,1448,7.6916
9568,29,11,2.733119,2.928730,1459,7.6097
9569,11,42,2.247700,2.244383,1454,7.5706
9570,42,54,3.321528,3.409303,1437,7.6556
9571,54,25,1.735356,2.137845,1451,7.6420
9572,25,36,2.137594,2.175861,1442,7.6397
9573,36,29,2.541202,2.919405,1213,6.5397
9574,29,11,2.582732,2.845141,1457,7.6407
9575,11,42,2.243829,2.191353,1457,7.5836
9576,42,54,3.153152,3.294941,1439,7.6531
9577,54,25,1.822518,2.105392,1456,7.6402
9578,25,29,2.479722,3.081057,1396,7.5206
9579,29,11,2.511570,2.763188,1391,7.5365
9580,11,42,2.213768,2.143237,1476,7.5763
9581,42,0,3.597576,4.271305,1407,7.5220
9582,0,60,2.973538,3.331852,1404,7.4524
9583,60,38,3.228832,3.231516,1370,7.3808
9584,38,54,4.591122,4.860250,1388,7.5126
9585,54,25,1.835874,2.060039,1463,7.6137
9586,25,29,2.429882,2.990787,1257,6.8277
9587,29,23,2.635986,2.584102,1283,6.7370
9588,23,0,4.474255,5.180774,1427,7.5910
9589,0,60,2.813018,3.223147,1374,7.2964
9590,60,44,5.172979,4.920574,1444,7.5715
9591,44,36,4.959153,4.399570,1394,7.4404
9592,36,29,2.289165,2.528137,1275,6.9291
9593,29,23,2.466047,2.508878,1455,7.6702
9594,23,18,3.625711,3.845585,1417,7.5446
9595,18,38,2.808814,3.016123,1119,6.1088
9596,38,50,2.988294,2.964524,1436,7.6023
9597,50,53,3.364149,3.397714,1304,7.1679
9598,53,11,4.424573,4.921505,1360,7.3689
9599,11,45,3.072606,2.810754,1436,7.5447
9600,45,30,3.444311,3.332933,1380,7.5241
9601,30,46,3.008317,2.646449,1343,7.4166
9602,46,47,3.419170,3.084180,1358,7.2622
9603,47,56,2.138116,2.795348,1379,7.3122
9604,56,34,3.023439,3.478383,1420,7.4520
9605,34,40,2.297332,2.218648,1356,7.3694
9606,40,21,4.936642,5.592420,1367,7.4712
9607,21,47,5.028290,5.185075,1257,6.8885
9608,47,56,2.024422,2.660360,1437,7.6889
9609,56,6,3.565514,3.702636,1387,7.3995
9610,6,32,2.206468,2.201563,1433,7.6102
9611,32,9,2.470320,2.569443,1424,7.5041
9612,9,3,2.930700,3.223737,1339,7.3089
9613,3,39,3.595288,3.672148,1440,7.5821
9614,39,15,3.763259,3.427067,1337,7.0608
9615,15,49,2.722204,2.605533,1330,7.2043
9616,49,50,4.405618,4.382136,1107,6.1058
9617,50,54,4.966346,5.099307,1420,7.5935
9618,54,44,5.844942,6.162239,1356,7.2212
9619,44,35,4.335027,4.056116,1395,7.5188
9620,35,8,2.137446,2.010088,1443,7.6270
9621,8,41,2.144197,2.570885,1379,7.3189
9622,41,6,3.714032,4.033634,1371,7.3768
9623,6,56,3.022419,3.104535,1286,7.1064
9624,56,6,3.447054,3.476663,1432,7.6311
9625,6,56,3.024695,2.884304,1317,7.2286
9626,56,34,3.075452,3.488923,1469,7.6126
9627,34,40,2.287348,2.157073,1430,7.6746
9628,40,21,4.737812,5.434921,1411,7.5249
9629,21,48,2.366229,2.539905,1290,7.1663
9630,48,51,3.365442,3.238843,1430,7.6350
9631,51,29,3.028015,3.719166,1363,7.3338
9632,29,23,2.440601,2.348340,1465,7.6281
9633,23,29,1.935710,1.891603,1365,7.3582
9634,29,23,2.364627,2.191260,1476,7.6744
9635,23,29,1.804531,1.760930,1418,7.6110
9636,29,23,2.118733,2.035351,1464,7.6335
9637,23,29,1.647295,1.651042,1470,7.6842
9638,29,11,2.904160,3.149915,1479,7.6534
9639,11,24,5.002260,5.139725,1458,7.6061
9640,24,0,4.431958,4.118234,1366,7.4806
9641,0,25,2.331119,1.985215,1399,7.4121
9642,25,2,4.373048,4.595554,1405,7.5831
9643,2,45,3.123111,3.013631,1324,7.2285
9644,45,63,2.834210,2.936863,1431,7.6606
9645,63,18,3.707158,3.551900,1443,7.6919
9646,18,12,3.525639,3.878685,1411,7.5215
9647,12,35,3.255360,3.510537,1383,7.4613
9648,35,53,2.885084,2.878914,1419,7.5490
9649,53,17,2.435108,2.334726,1429,7.6328
9650,17,2,3.664948,4.244566,1389,7.4847
9651,2,45,2.817029,2.912243,1455,7.6406
9652,45,30,3.600818,3.276473,1425,7.6114
9653,30,31,3.256367,3.085018,1275,6.9237
9654,31,12,4.610864,4.344759,1425,7.5926
9655,12,35,3.153128,3.326821,1466,7.6257
9656,35,53,2.777660,2.797989,1429,7.5985
9657,53,17,2.341178,2.315568,1458,7.6558
9658,17,2,3.198130,4.097942,1435,7.5912
9659,2,45,2.659469,2.831320,1423,7.6197
9660,45,30,3.313219,3.160362,1473,7.6992
9661,30,31,3.231330,3.072560,1423,7.5504
9662,31,12,4.624372,4.174300,1369,7.3116
9663,12,20,3.105137,3.115776,1461,7.6555
9664,20,3,4.310934,4.332449,1379,7.3400
9665,3,39,3.483333,3.489420,1368,7.3513
9666,39,15,3.647353,3.276059,1368,7.4018
9667,15,49,2.384937,2.431627,1394,7.4219
9668,49,50,3.912148,4.277844,1447,7.6309
9669,50,53,3.160970,3.284776,1451,7.6901
9670,53,11,4.283837,4.881049,1393,7.4282
9671,11,42,2.396837,2.332923,1447,7.5791
9672,42,54,3.250659,3.212946,1416,7.5751
9673,54,25,1.807455,2.118932,1431,7.5687
9674,25,36,2.605223,2.481493,1370,7.4021
9675,36,29,2.116408,2.568439,1380,7.5943
9676,29,11,2.893286,3.091283,1431,7.5756
9677,11,24,4.928731,5.031711,1459,7.5886
9678,24,4,2.938250,3.172840,1412,7.5772
9679,4,19,3.290306,3.408121,1317,7.1375
9680,19,38,5.264892,5.394273,1384,7.3799
9681,38,2,4.123023,4.408093,1454,7.6214
9682,2,12,3.156062,3.237731,1353,7.3733
9683,12,35,2.931352,3.182787,1450,7.6412
9684,35,0,3.540306,3.765447,1457,7.6171
9685,0,25,2.104752,1.958488,1442,7.5796
9686,25,29,2.234080,2.877606,1416,7.6086
9687,29,23,2.046006,2.107677,1467,7.6476
9688,23,29,1.627248,1.633042,1448,7.6699
9689,29,11,2.780195,3.043003,1421,7.5982
9690,11,45,3.228970,3.024149,1462,7.5811
9691,45,63,2.561346,2.998444,1429,7.6788
9692,63,18,3.460347,3.402119,1376,7.4183
9693,18,18,1.135961,0.612211,1386,7.4281
9694,18,38,2.853009,3.077949,1466,7.6152
9695,38,50,2.836323,2.912346,1385,7.4431
9696,50,53,3.086682,3.187728,1474,7.7634
9697,53,11,4.507516,4.870710,1417,7.5815
9698,11,42,2.471351,2.425087,1443,7.6003
9699,42,54,3.219435,3.106016,1454,7.6308
9700,54,25,1.784621,2.087483,1360,7.4138
9701,25,2,4.523156,4.623460,1374,7.3836
9702,2,54,4.610193,4.314171,1438,7.6405
9703,54,25,1.612934,1.999271,1434,7.5959
9704,25,2,4.463356,4.505219,1411,7.5072
9705,2,54,4.241573,4.032875,1371,7.5115
9706,54,0,3.240998,3.307199,1412,7.4258
9707,0,25,2.246254,1.823748,1460,7.5919
9708,25,36,2.615142,2.609357,1362,7.3257
9709,36,34,3.509863,4.124381,1453,7.7468
9710,34,35,4.113406,4.375206,1379,7.3961
9711,35,53,2.630673,2.831295,1358,7.2225
9712,53,17,2.428850,2.366040,1455,7.6671
9713,17,2,3.066111,4.094492,1441,7.5892
9714,2,12,3.075111,3.107775,1458,7.6803
9715,12,35,2.809153,3.133748,1313,7.1191
9716,35,53,2.599146,2.767153,1430,7.5753
9717,53,17,2.399124,2.338086,1406,7.5678
9718,17,7,3.136143,3.791501,1426,7.5654
9719,7,31,3.049880,3.148621,1412,7.4545
9720,31,30,3.154906,2.910212,1330,7.2454
9721,30,46,3.103269,2.668424,1438,7.6124
9722,46,46,1.039926,0.610671,1414,7.5119
9723,46,47,3.453402,3.138918,1465,7.5891
9724,47,56,1.968108,2.653614,1443,7.5840
9725,56,34,3.169796,3.496671,1437,7.5915
9726,34,35,4.115502,4.253321,1329,7.2458
9727,35,0,3.708996,3.715766,1451,7.6000
9728,0,25,2.181068,1.821109,1455,7.5941
9729,25,36,2.468534,2.489124,1327,7.1966
9730,36,29,2.329039,2.576101,1408,7.5900
9731,29,23,1.977505,2.036703,1444,7.6176
9732,23,29,1.680634,1.647614,1361,7.4330
9733,29,11,2.885731,3.085125,1471,7.6412
9734,11,45,3.173435,2.976140,1445,7.5899
9735,45,63,2.498090,2.943471,1365,7.3881
9736,63,6,4.278752,4.912343,1315,7.1545
9737,6,32,2.131852,2.255568,1438,7.6027
9738,32,27,3.516548,3.424740,1357,7.4053
9739,27,20,4.862295,4.886085,1407,7.5787
9740,20,10,2.340167,2.005654,1337,7.1736
9741,10,11,6.002452,6.084850,1313,7.0313
9742,11,45,2.827277,2.737493,1443,7.6363
9743,45,63,2.461290,2.894166,1280,7.0688
9744,63,18,3.178018,3.318419,1391,7.5493
9745,18,38,2.618615,2.935250,1350,7.3310
9746,38,50,2.715554,2.820333,1374,7.3664
9747,50,33,3.840623,4.197437,1413,7.5877
9748,33,11,6.591117,6.119379,1388,7.3485
9749,11,42,2.420726,2.387010,1443,7.5462
9750,42,54,2.996702,3.084125,1381,7.5169
9751,54,25,1.754188,2.022740,1445,7.6163
9752,25,36,2.365316,2.390329,1424,7.6001
9753,36,21,3.521691,3.551279,1247,6.6979
9754,21,47,4.838879,5.068990,1404,7.4767
9755,47,22,3.002723,2.639237,1417,7.5276
9756,22,20,5.730417,5.525425,1419,7.5319
9757,20,10,2.225389,1.969796,1416,7.5416
9758,10,2,2.974880,3.206271,1462,7.6756
9759,2,12,2.922225,3.004999,1394,7.4192
9760,12,35,2.710683,3.072799,1401,7.4995
9761,35,8,2.387303,2.310109,1486,7.6610
9762,8,41,2.031106,2.445521,1463,7.6551
9763,41,6,3.755386,3.888160,1444,7.6378
9764,6,32,2.131088,2.214152,1424,7.5285
9765,32,27,3.406782,3.310708,1415,7.5337
9766,27,20,4.650827,4.830260,1437,7.5999
9767,20,10,2.185884,1.940841,1433,7.5661
9768,10,21,4.322847,5.053509,1333,7.1417
9769,21,9,4.000603,4.124264,1417,7.5773
9770,9,44,4.094586,4.192551,1424,7.6231
9771,44,35,4.687085,4.236070,1437,7.6414
9772,35,0,3.538984,3.612656,1434,7.5892
9773,0,21,3.884127,4.257264,1411,7.5412
9774,21,47,4.887361,4.910288,1440,7.6698
9775,47,51,3.842495,4.051457,1435,7.5680
9776,51,29,3.257857,3.678540,1315,7.0919
9777,29,11,2.754896,3.152758,1437,7.6407
9778,11,45,2.919218,2.684825,1455,7.5967
9779,45,30,3.488266,3.374016,1325,7.3343
9780,30,31,3.086905,2.936747,1432,7.5799
9781,31,12,4.638652,4.290876,1415,7.5715
9782,12,43,3.862045,4.698654,1413,7.5308
9783,43,51,4.865317,4.801602,1341,7.3621
9784,51,29,2.973594,3.532942,1418,7.5384
9785,29,11,2.700920,3.005567,1429,7.6190
9786,11,42,2.365135,2.393015,1445,7.5579
9787,42,54,2.895463,2.985186,1446,7.6543
9788,54,25,1.816065,2.041226,1424,7.5514
9789,25,29,2.314134,3.163644,1353,7.3540
9790,29,11,2.663201,2.902462,1456,7.6597
9791,11,42,2.298237,2.339495,1438,7.5522
9792,42,45,2.245176,2.283869,1434,7.5988
9793,45,30,3.170767,3.276221,1378,7.4381
9794,30,31,2.923515,2.936373,1389,7.3743
9795,31,12,4.055726,4.130029,1357,7.3082
9796,12,35,2.846605,3.043298,1371,7.3623
9797,35,0,3.262143,3.507876,1435,7.5720
9798,0,60,3.046713,3.354691,1433,7.5652
9799,60,38,3.486098,3.466914,1443,7.5990
9800,38,50,2.612711,2.744385,1387,7.3016
9801,50,54,4.869923,4.946859,1343,7.2758
9802,54,0,3.260804,3.409774,1449,7.5914
9803,0,25,2.248378,1.945673,1442,7.5647
9804,25,36,2.384344,2.373511,1443,7.5935
9805,36,29,2.339706,2.632359,1347,7.2934
9806,29,23,2.260829,2.223262,1417,7.5111
9807,23,29,1.631660,1.628444,1401,7.5681
9808,29,48,3.478024,3.825977,1459,7.6475
9809,48,6,4.258362,4.336002,1364,7.4519
9810,6,56,2.923766,2.952429,1179,6.6901
9811,56,1,2.697483,2.770974,1287,6.9079
9812,1,47,2.346208,2.098522,1379,7.4888
9813,47,56,2.354840,2.698770,1454,7.6516
9814,56,1,2.587862,2.637272,1315,7.0981
9815,1,47,2.328218,2.028047,1431,7.5487
9816,47,56,1.945565,2.590550,1387,7.3683
9817,56,6,3.204026,3.462812,1456,7.6327
9818,6,32,2.189939,2.211030,1412,7.4991
9819,32,9,2.709015,2.675679,1273,6.8173
9820,9,44,4.024595,4.049026,1402,7.5426
9821,44,35,4.518064,4.239050,1305,7.0412
9822,35,0,3.173418,3.375582,1433,7.5823
9823,0,21,3.982882,4.293951,1451,7.5826
9824,21,48,2.355197,2.669992,1436,7.6790
9825,48,25,3.680884,4.165669,1419,7.5534
9826,25,29,2.294138,2.901053,1365,7.3800
9827,29,11,2.853082,2.950630,1417,7.5763
9828,11,42,2.327485,2.313791,1460,7.5929
9829,42,0,3.521848,4.180063,1419,7.6182
9830,0,60,2.964925,3.315843,1413,7.5227
9831,60,38,3.430493,3.429828,1419,7.4623
9832,38,50,2.835789,2.678349,1423,7.5415
9833,50,53,3.225018,3.289160,1385,7.5660
9834,53,11,4.839494,5.020635,1424,7.6083
9835,11,45,3.069572,2.793376,1430,7.5455
9836,45,30,2.976398,3.164775,1408,7.5618
9837,30,31,2.842122,2.931042,1458,7.6167
9838,31,12,4.295798,3.974033,1236,6.8162
9839,12,20,3.282949,3.371414,1435,7.6089
9840,20,3,4.005464,4.034729,1429,7.5596
9841,3,39,3.331251,3.315433,1396,7.5151
9842,39,59,3.554835,3.843328,1416,7.5175
9843,59,15,4.211158,4.301066,1357,7.3188
9844,15,49,2.186701,2.277437,1364,7.2653
9845,49,50,4.613642,4.467155,1400,7.4268
9846,50,33,4.353113,4.148052,1445,7.6712
9847,33,55,2.855004,2.930608,1287,6.9891
9848,55,4,2.950537,3.012290,1442,7.5638
9849,4,23,4.444336,4.396325,1437,7.5516
9850,23,0,4.284716,5.199777,1203,6.6505
9851,0,60,2.787068,3.200001,1411,7.4893
9852,60,38,3.442242,3.391840,1391,7.3366
9853,38,50,2.823557,2.726196,1378,7.4968
9854,50,53,3.244633,3.159515,1338,7.2875
9855,53,17,2.409850,2.242762,1416,7.5658
9856,17,1,4.276816,4.541226,1448,7.6164
9857,1,32,2.860711,3.235724,1410,7.5237
9858,32,61,3.824657,3.993580,1273,6.9965
9859,61,33,3.364880,3.284486,1432,7.5961
9860,33,55,2.750008,2.833845,1307,7.3088
9861,55,42,5.682806,5.618911,1446,7.6021
9862,42,0,3.164257,3.830355,1439,7.6177
9863,0,25,2.509269,2.022928,1428,7.5385
9864,25,2,4.674645,4.478110,1378,7.4786
9865,2,12,3.270155,3.161434,1442,7.6457
9866,12,20,3.158077,3.217456,1383,7.3953
9867,20,10,2.194862,1.950744,1442,7.5885
9868,10,2,2.913744,3.196227,1426,7.6422
9869,2,45,3.054798,2.987622,1394,7.5343
9870,45,30,3.036196,3.028975,1445,7.6530
9871,30,31,2.843253,2.923713,1372,7.4007
9872,31,30,3.155984,2.682912,1420,7.5664
9873,30,31,2.822397,2.661083,1445,7.6199
9874,31,54,4.321484,4.289252,1424,7.6173
9875,54,0,3.003866,3.130007,1298,7.1293
9876,0,60,2.761190,3.166830,1449,7.5879
9877,60,38,3.339267,3.342190,1438,7.5613
9878,38,50,2.615254,2.685867,1421,7.5493
9879,50,33,3.881531,4.205931,1363,7.3778
9880,33,18,4.997480,4.650257,1408,7.5431
9881,18,12,3.596967,4.102310,1285,6.9990
9882,12,35,2.785470,3.176437,1408,7.5250
9883,35,8,2.449621,2.346652,1432,7.6028
9884,8,56,4.311207,4.558869,1453,7.6278
9885,56,6,3.091454,3.295551,1438,7.6094
9886,6,56,2.802498,2.745718,1222,6.7865
9887,56,6,2.945788,3.062289,1412,7.4801
9888,6,32,2.225402,2.173748,1198,6.6768
9889,32,9,2.824904,2.616786,1365,7.3618
9890,9,3,2.979763,3.305197,1382,7.5088
9891,3,39,3.247553,3.242807,1483,7.6085
9892,39,44,3.765036,3.438193,1405,7.4278
9893,44,35,4.349516,4.252157,1451,7.6111
9894,35,0,3.388802,3.479323,1358,7.3366
9895,0,60,2.575081,3.030625,1426,7.5572
9896,60,36,3.150839,2.927281,1429,7.5608
9897,36,34,4.593900,4.246212,1356,7.4127
9898,34,35,3.952838,4.198802,1438,7.6677
9899,35,8,2.300435,2.247226,1430,7.5989
9900,8,41,2.046891,2.465996,1453,7.6347
9901,41,6,3.739711,3.745145,1356,7.4041
9902,6,32,2.198851,2.133078,1433,7.5756
9903,32,9,2.757766,2.507209,1431,7.5805
9904,9,3,2.920118,3.241325,1426,7.5951
9905,3,41,2.701496,3.083993,1333,6.9997
9906,41,36,6.517396,6.755846,1388,7.5039
9907,36,34,3.862497,3.879930,1467,7.7585
9908,34,35,3.818936,4.073360,1429,7.6817
9909,35,8,2.178533,2.149115,1434,7.6000
9910,8,41,1.796552,2.432014,1438,7.5688
9911,41,6,3.506479,3.688738,1414,7.5734
9912,6,56,2.728687,2.725457,1378,7.5117
9913,56,34,3.273704,3.708664,1455,7.6330
9914,34,7,5.422415,5.016698,1381,7.4744
9915,7,31,3.294859,3.185918,1428,7.6115
9916,31,12,4.333525,3.956104,1429,7.5798
9917,12,35,2.941671,3.212028,1389,7.4667
9918,35,8,2.069479,2.109629,1454,7.6498
9919,8,41,2.106693,2.442745,1425,7.5912
9920,41,6,3.185677,3.554817,1445,7.6700
9921,6,56,2.652569,2.660992,1362,7.2787
9922,56,34,3.143878,3.594683,1351,7.3709
9923,34,40,2.528793,2.413716,1463,7.7123
9924,40,57,2.696123,2.752292,1367,7.4105
9925,57,32,4.683924,5.158313,1391,7.4724
9926,32,61,3.728810,3.800761,1352,7.3255
9927,61,33,3.349890,3.276747,1334,7.3005
9928,33,11,6.618153,6.130554,1321,7.1380
9929,11,45,2.932900,2.639543,1410,7.4501
9930,45,30,2.830270,3.019912,1445,7.6583
9931,30,46,3.147277,3.006105,1419,7.5949
9932,46,47,3.514729,3.090630,1365,7.3928
9933,47,51,3.841502,4.078339,1426,7.5967
9934,51,29,2.812866,3.548075,1417,7.4962
9935,29,11,2.691865,3.018835,1403,7.5002
9936,11,42,2.444491,2.405455,1404,7.4926
9937,42,45,2.128377,2.110811,1400,7.4503
9938,45,62,5.368041,6.061582,1376,7.3354
9939,62,20,4.202982,4.143036,1354,7.3503
9940,20,3,3.995826,4.113481,1397,7.4767
9941,3,39,3.206828,3.187511,1347,7.2635
9942,39,44,3.760296,3.306675,1310,7.2947
9943,44,35,4.528272,4.270860,1417,7.5542
9944,35,53,2.938058,3.129551,1439,7.6562
9945,53,17,2.330302,2.177969,1445,7.6363
9946,17,2,3.120025,4.109643,1417,7.5749
9947,2,54,4.357126,4.151566,1399,7.5893
9948,54,0,2.979488,3.073530,1458,7.6820
9949,0,25,2.541974,2.011161,1467,7.5920
9950,25,36,2.516150,2.489636,1385,7.4741
9951,36,29,2.355787,2.682015,1236,6.6992
9952,29,11,2.584446,2.912062,1457,7.6626
9953,11,45,2.780775,2.604153,1427,7.5367
9954,45,62,5.291806,5.931498,1425,7.5960
9955,62,60,4.164147,3.926072,1385,7.4397
9956,60,38,3.219562,3.260655,1370,7.3554
9957,38,2,4.118790,4.581733,1391,7.4702
9958,2,45,2.944972,2.946905,1247,6.8617
9959,45,63,2.917598,3.471002,1410,7.6056
9960,63,6,4.110194,4.786701,1435,7.6469
9961,6,56,2.622916,2.559386,1466,7.6923
9962,56,1,2.804810,2.900683,1433,7.5800
9963,1,32,3.137143,3.270845,1418,7.5819
9964,32,9,2.489850,2.412174,1407,7.5281
9965,9,15,3.251413,3.147197,1407,7.5677
9966,15,39,3.050538,3.520067,1273,7.0181
9967,39,59,3.583482,3.939409,1446,7.6125
9968,59,15,4.115885,4.206486,1402,7.4893
9969,15,19,3.594714,3.558537,1392,7.3863
9970,19,24,3.283539,3.574018,1436,7.6128
9971,24,4,2.912906,2.991016,1412,7.5124
9972,4,23,4.349395,4.189673,1438,7.6187
9973,23,18,3.744483,3.904897,1378,7.3246
9974,18,38,2.790201,2.955048,1445,7.6106
9975,38,50,2.762876,2.650725,1461,7.6363
9976,50,54,4.218167,4.839247,1399,7.5779
9977,54,25,2.032747,2.286322,1378,7.4278
9978,25,2,4.212924,4.315374,1454,7.6691
9979,2,45,2.870949,2.773619,1339,7.3373
9980,45,30,3.053289,3.179023,1357,7.3505
9981,30,46,3.023850,2.933244,1408,7.5512
9982,46,46,1.029810,0.596422,1254,7.0195
9983,46,47,3.242343,3.105026,1460,7.5610
9984,47,51,3.435364,3.968496,1457,7.6427
9985,51,16,1.969878,1.739352,1443,7.6009
9986,16,21,4.893021,5.202801,1339,7.2821
9987,21,47,4.696175,4.759035,1422,7.6238
9988,47,22,2.840807,2.777824,1421,7.5297
9989,22,47,3.043282,2.335340,1405,7.4336
9990,47,22,2.750610,2.559188,1471,7.6517
9991,22,47,2.452614,2.153712,1453,7.5958
9992,47,51,3.552033,3.867707,1387,7.4759
9993,51,51,1.423224,0.869228,1448,7.6230
9994,51,29,2.987586,3.729033,1450,7.6222
9995,29,48,2.995513,3.454243,1456,7.6689
9996,48,25,3.560946,4.087207,1418,7.5824
9997,25,2,4.019147,4.166206,1406,7.5223
9998,2,45,2.572570,2.616094,1436,7.6253
9999,45,63,2.998341,3.398554,1453,7.6282
10000,63,6,4.440589,4.730319,1369,7.3971
10001,6,56,2.492405,2.483830,1455,7.6201
10002,56,1,2.721256,2.892065,1387,7.3577
10003,1,19,4.954210,4.994511,1446,7.6078
10004,19,24,3.379945,3.499668,1418,7.5629
10005,24,54,3.828012,3.566836,1396,7.5407
10006,54,25,2.072187,2.252658,1441,7.6380
10007,25,36,2.497074,2.501347,1420,7.5696
10008,36,29,2.318814,2.689710,1458,7.7461
10009,29,23,2.495358,2.492572,1459,7.6727
10010,23,29,1.859429,1.774814,1449,7.6568
10011,29,23,2.374850,2.306222,1430,7.6164
10012,23,29,1.760602,1.661213,1452,7.6353
10013,29,48,3.329551,3.456741,1450,7.6128
10014,48,6,4.538402,4.524178,1369,7.3731
10015,6,32,2.277152,2.503878,1420,7.5451
10016,32,27,3.352284,3.293793,1333,7.2875
10017,27,2,6.109159,5.964371,1356,7.2634
10018,2,12,3.008430,3.252483,1467,7.7072
10019,12,35,2.786258,3.193233,1394,7.3977
10020,35,0,3.260899,3.547531,1443,7.5868
10021,0,21,4.164612,4.459720,1451,7.6019
10022,21,47,4.346660,4.599713,1393,7.5092
10023,47,51,3.539224,3.631166,1404,7.5555
10024,51,51,1.302778,0.722333,1338,7.3188
10025,51,16,2.047219,1.931970,1451,7.6232
10026,16,21,4.630836,5.099049,1363,7.3263
10027,21,47,4.282289,4.409670,1445,7.6402
10028,47,56,2.303419,3.042779,1474,7.6467
10029,56,1,2.696911,2.754435,1371,7.2988
10030,1,32,2.866566,3.113318,1276,6.9766
10031,32,9,2.448802,2.385724,1430,7.5732
10032,9,15,3.193942,3.084055,1436,7.6331
10033,15,49,2.017377,2.375604,1350,7.2922
10034,49,50,4.381121,4.450151,1313,6.9583
10035,50,53,2.971207,3.105992,1371,7.4049
10036,53,11,4.651875,4.936971,1402,7.4607
10037,11,45,2.844353,2.539816,1438,7.5395
10038,45,30,3.077190,3.138826,1378,7.3755
10039,30,46,2.902143,2.842748,1426,7.5126
10040,46,47,3.484849,3.240566,1292,6.9647
10041,47,56,2.273671,2.961444,1427,7.5660
10042,56,1,2.501074,2.629767,1358,7.1344
10043,1,19,4.882830,5.001707,1438,7.6365
10044,19,24,3.302672,3.423200,1438,7.6242
10045,24,54,3.720266,3.531749,1408,7.5503
10046,54,0,3.127586,3.202465,1445,7.6272
10047,0,25,2.447627,1.978407,1451,7.5673
10048,25,29,2.498794,3.020773,1265,6.8939
10049,29,48,3.026917,3.287851,1434,7.5997
10050,48,25,3.407944,3.970501,1461,7.6581
10051,25,2,3.825255,4.255043,1373,7.4225
10052,2,12,3.108399,3.117680,1241,6.9371
10053,12,35,2.766519,3.079626,1402,7.4559
10054,35,0,3.300160,3.482103,1426,7.5465
10055,0,25,2.190930,1.953036,1417,7.5156
10056,25,36,2.393882,2.563124,1429,7.5531
10057,36,29,2.485093,2.597538,1312,7.1217
10058,29,23,2.219355,2.298711,1418,7.6476
10059,23,29,1.698625,1.658152,1426,7.6252
10060,29,11,3.148536,3.243430,1436,7.6076
10061,11,42,2.591160,2.583424,1420,7.5615
10062,42,0,3.168429,3.737034,1432,7.6171
10063,0,21,4.069695,4.493251,1459,7.5945
10064,21,48,2.412067,2.467530,1457,7.6429
10065,48,25,3.256120,3.858948,1437,7.6169
10066,25,36,2.280205,2.454835,1486,7.6953
10067,36,29,2.296122,2.549797,1422,7.6404
10068,29,11,2.841086,3.083125,1458,7.6598
10069,11,42,2.535548,2.525391,1430,7.5616
10070,42,45,2.209488,2.172550,1427,7.5846
10071,45,30,2.848107,3.001427,1417,7.6059
10072,30,31,2.896877,3.181055,1358,7.4143
10073,31,54,4.419018,4.280079,1415,7.6275
10074,54,25,2.148474,2.352140,1395,7.4167
10075,25,2,3.722893,4.222043,1451,7.6456
10076,2,54,4.007645,3.811897,1208,6.6329
10077,54,0,3.056029,3.166480,1450,7.6525
10078,0,25,2.304875,1.883157,1488,7.6322
10079,25,29,2.344788,2.937674,1435,7.6100
10080,29,11,2.799211,2.946905,1465,7.6936
10081,11,45,2.563929,2.699062,1428,7.5488
10082,45,63,3.212211,3.435426,1391,7.4481
10083,63,6,4.127295,4.589074,1402,7.5646
10084,6,32,2.350764,2.512501,1452,7.6316
10085,32,9,2.306936,2.280124,1297,7.1428
10086,9,15,3.103993,2.984673,1383,7.4860
10087,15,49,2.298791,2.370775,1397,7.4743
10088,49,50,4.347730,4.367588,1408,7.4403
10089,50,53,2.765011,2.949470,1411,7.6190
10090,53,17,2.309144,2.169677,1447,7.6384
10091,17,7,3.097883,3.908792,1355,7.3067
10092,7,22,3.437387,3.860088,1260,6.8762
10093,22,47,2.599429,2.246644,1477,7.6362
10094,47,56,2.090563,2.867198,1388,7.4642
10095,56,34,3.181607,3.553314,1465,7.5955
10096,34,40,2.320916,2.306107,1405,7.5488
10097,40,57,2.554973,2.688052,1400,7.5077
10098,57,59,4.115509,4.228461,1430,7.5613
10099,59,15,4.134739,4.195073,1380,7.4776
10100,15,49,2.308871,2.226439,1420,7.5304
10101,49,50,4.146678,4.298495,1449,7.5804
10102,50,33,3.678348,3.946818,1382,7.5205
10103,33,11,6.533123,6.027172,1414,7.5115
10104,11,42,2.368292,2.485533,1444,7.5642
10105,42,54,3.354689,3.310582,1321,7.1630
10106,54,25,2.011836,2.281949,1445,7.6431
10107,25,36,2.497717,2.560228,1437,7.6420
10108,36,34,4.705322,4.277410,1407,7.5866
10109,34,40,2.325683,2.282061,1444,7.7078
10110,40,57,2.472129,2.663163,1363,7.4530
10111,57,52,3.039384,3.440204,1396,7.4871
10112,52,22,4.239461,4.222257,1369,7.2987
10113,22,20,5.259860,5.208325,1190,6.5590
10114,20,10,2.224750,1.993794,1371,7.3007
10115,10,2,3.108672,3.364770,1445,7.6404
10116,2,12,2.855567,3.021345,1448,7.6832
10117,12,35,2.672299,2.979405,1439,7.5901
10118,35,0,3.194361,3.480092,1442,7.6053
10119,0,21,4.004514,4.428298,1449,7.5695
10120,21,9,4.041834,4.534361,1380,7.2960
10121,9,3,3.163764,3.381279,1342,7.2933
10122,3,39,2.914256,3.002396,1343,7.1165
10123,39,44,3.691239,3.217025,1270,6.9662
10124,44,35,4.606003,4.411422,1435,7.6160
10125,35,0,3.152082,3.331101,1332,7.0649
10126,0,60,2.893839,3.319550,1434,7.5277
10127,60,38,3.352997,3.262512,1434,7.5261
10128,38,50,2.879320,2.843058,1427,7.6163
10129,50,33,3.792392,3.862235,1448,7.7101
10130,33,55,2.707143,2.842672,1310,7.2627
10131,55,42,5.578809,5.556816,1308,7.0225
10132,42,45,2.145909,2.075982,1362,7.2345
10133,45,30,2.814010,2.979802,1444,7.6877
10134,30,31,2.770236,3.127448,1284,6.9720
10135,31,12,4.016954,3.883100,1447,7.6397
10136,12,20,3.217934,3.326908,1436,7.5320
10137,20,10,2.267843,1.965972,1330,7.2230
10138,10,11,5.914604,6.121010,1316,7.1212
10139,11,42,2.381655,2.489875,1416,7.4635
10140,42,45,1.933751,1.992450,1428,7.6421
10141,45,30,2.492338,2.902736,1428,7.6424
10142,30,46,3.011535,3.066357,1416,7.5030
10143,46,47,3.329077,3.125494,1439,7.5817
10144,47,56,1.995921,2.800164,1423,7.5401
10145,56,34,3.215890,3.553344,1438,7.5304
10146,34,35,3.966622,4.077899,1483,7.6967
10147,35,0,2.982276,3.192405,1450,7.6069
10148,0,25,2.454783,2.048163,1443,7.5252
10149,25,2,4.374478,4.201953,1236,6.7827
10150,2,12,2.730629,2.986166,1272,6.8324
10151,12,20,2.950560,3.214552,1399,7.5030
10152,20,3,4.293064,4.151464,1421,7.5578
10153,3,41,2.543198,3.048085,1422,7.5822
10154,41,6,3.693948,3.621193,1445,7.6751
10155,6,32,2.388702,2.515516,1410,7.5800
10156,32,9,2.396448,2.294789,1332,7.1852
10157,9,15,2.983504,2.960222,1395,7.4664
10158,15,49,2.027673,2.206268,1426,7.5659
10159,49,43,4.308040,4.680981,1404,7.5117
10160,43,11,4.417834,4.524411,1281,6.8519
10161,11,42,2.296543,2.412462,1412,7.5065
10162,42,0,3.542981,3.968151,1410,7.5364
10163,0,60,2.692709,3.234984,1467,7.6014
10164,60,36,2.993425,2.882229,1363,7.2106
10165,36,29,2.228297,2.485628,1403,7.6390
10166,29,23,2.288626,2.403616,1376,7.4371
10167,23,29,1.857236,1.752915,1417,7.6245
10168,29,23,2.335915,2.233877,1448,7.6858
10169,23,29,1.699902,1.636464,1454,7.6494
10170,29,48,3.323509,3.372101,1460,7.7012
10171,48,51,3.711354,3.604764,1417,7.5822
10172,51,16,2.021314,1.799029,1433,7.5876
10173,16,21,4.805367,5.041670,1353,7.2502
10174,21,9,4.538361,4.384600,1339,7.2869
10175,9,3,3.175769,3.341424,1424,7.5793
10176,3,39,2.814016,2.948265,1388,7.4412
10177,39,59,3.683670,3.984877,1418,7.5140
10178,59,26,3.408811,3.449429,1413,7.5817
10179,26,52,3.409905,3.520160,1426,7.5912
10180,52,21,4.638692,4.424611,1462,7.5902
10181,21,47,3.981048,4.319882,1331,7.3387
10182,47,51,3.566728,3.569053,1419,7.6131
10183,51,29,3.393750,3.960618,1435,7.5995
10184,29,48,3.196062,3.137136,1251,6.6968
10185,48,25,3.319351,3.837149,1338,7.1911
10186,25,36,2.399231,2.438389,1341,7.1601
10187,36,29,2.272016,2.565368,1448,7.7025
10188,29,11,3.104094,3.288697,1404,7.5595
10189,11,42,2.310884,2.390183,1379,7.2438
10190,42,45,2.078791,1.982794,1390,7.5088
10191,45,30,2.673547,2.815140,1430,7.6150
10192,30,46,2.787172,3.042936,1438,7.5939
10193,46,47,3.314215,3.043155,1364,7.3699
10194,47,22,2.871230,2.797068,1243,6.7804
10195,22,47,2.831812,2.216422,1420,7.5308
10196,47,22,2.861199,2.576979,1427,7.5894
10197,22,35,4.956620,4.790171,1420,7.5438
10198,35,0,3.175555,3.183086,1453,7.6237
10199,0,21,4.156323,4.583378,1454,7.5657
10200,21,48,2.425543,2.365560,1309,6.9608
10201,48,6,4.839303,4.804122,1466,7.6830
10202,6,56,2.738883,2.735831,1439,7.5905
10203,56,34,3.077504,3.372852,1385,7.3210
10204,34,35,3.587167,3.927401,1472,7.6985
10205,35,0,2.811839,3.062113,1423,7.5848
10206,0,60,2.637894,3.135346,1472,7.5841
10207,60,38,3.321092,3.282060,1427,7.5471
10208,38,2,4.125400,4.469489,1347,7.2787
10209,2,45,2.697667,2.790368,1144,6.1955
10210,45,62,5.251178,5.985828,1327,7.1455
10211,62,21,4.465431,4.629792,1367,7.3997
10212,21,47,4.042984,4.246778,1440,7.6100
10213,47,51,3.221426,3.503987,1296,6.9840
10214,51,16,1.979989,1.843582,1385,7.4144
10215,16,23,3.162223,3.765692,1370,7.3402
10216,23,29,1.762592,1.691440,1214,6.6679
10217,29,11,2.961700,3.115067,1438,7.6501
10218,11,45,2.806905,2.580776,1436,7.5969
10219,45,63,3.080703,3.616735,1452,7.6368
10220,63,47,4.356148,5.198929,1375,7.5026
10221,47,51,3.036717,3.383741,1438,7.5694
10222,51,51,1.146027,0.685434,1461,7.6586
10223,51,29,3.821545,4.139234,1462,7.6089
10224,29,23,2.217974,2.205521,1368,7.3740
10225,23,18,3.768673,4.093655,1258,6.6976
10226,18,12,3.443929,4.153342,1187,6.5640
10227,12,35,2.935476,3.252262,1338,7.3361
10228,35,8,2.430338,2.442566,1412,7.5206
10229,8,52,5.030307,5.350295,1445,7.5967
10230,52,22,4.268585,4.186322,1418,7.5489
10231,22,35,4.656376,4.608479,1417,7.5508
10232,35,0,2.887498,3.023198,1429,7.6048
10233,0,25,2.640711,2.304890,1434,7.5684
10234,25,36,2.275607,2.365568,1411,7.5751
10235,36,21,3.329041,3.466870,1421,7.6557
10236,21,48,2.339000,2.360907,1447,7.6501
10237,48,25,3.240387,3.801485,1423,7.6229
10238,25,36,2.214063,2.269423,1452,7.6480
10239,36,29,2.494887,2.669561,1349,7.2748
10240,29,48,2.792698,3.030701,1445,7.6752
10241,48,25,2.981573,3.664998,1414,7.6106
10242,25,29,2.328954,2.848452,1446,7.6244
10243,29,23,2.371628,2.262612,1453,7.6583
10244,23,18,3.684056,3.983775,1378,7.4237
10245,18,18,1.214387,0.660093,1292,6.9484
10246,18,12,3.599473,4.187831,1376,7.4201
10247,12,35,3.070549,3.249680,1357,7.2766
10248,35,0,2.779151,2.913413,1435,7.6062
10249,0,25,2.529250,2.308111,1419,7.5461
10250,25,36,2.425806,2.270196,1456,7.6624
10251,36,29,2.344400,2.489566,1421,7.5941
10252,29,23,2.216181,2.188978,1376,7.4499
10253,23,29,1.719223,1.695802,1423,7.5681
10254,29,11,3.082479,3.200034,1385,7.5534
10255,11,45,2.853543,2.555798,1455,7.5982
10256,45,30,2.705427,2.883892,1426,7.5963
10257,30,46,3.052015,2.991269,1367,7.3350
10258,46,1,3.788361,4.248313,1369,7.2894
10259,1,47,2.746002,2.347356,1440,7.6135
10260,47,56,2.418372,2.980687,1410,7.4469
10261,56,34,3.087261,3.251987,1390,7.4432
10262,34,35,3.586674,3.856509,1453,7.6928
10263,35,0,2.444030,2.817994,1435,7.5599
10264,0,21,4.159035,4.617796,1443,7.5618
10265,21,47,3.945181,4.244352,1426,7.5880
10266,47,22,2.600285,2.593598,1454,7.6431
10267,22,35,4.707109,4.471880,1451,7.5937
10268,35,53,3.443242,3.626441,1425,7.5829
10269,53,17,2.184456,2.075733,1327,7.3723
10270,17,2,3.429952,4.344298,1425,7.5650
10271,2,45,2.654656,2.794088,1355,7.4054
10272,45,30,2.612927,2.748728,1372,7.4164
10273,30,31,3.408016,3.590676,1366,7.4083
10274,31,12,3.789420,3.733250,1195,6.5650
10275,12,43,4.481647,4.998783,1424,7.5496
10276,43,46,3.715931,3.726435,1296,7.1935
10277,46,47,3.159870,3.036307,1414,7.4968
10278,47,22,2.677264,2.532826,1440,7.6018
10279,22,20,4.911111,5.214289,1432,7.5606
10280,20,10,2.139041,1.955437,1410,7.4656
10281,10,21,4.798974,5.081896,1328,7.1777
10282,21,9,4.177586,4.475601,1428,7.5914
10283,9,3,2.959881,3.118556,1338,7.2396
10284,3,10,3.391502,3.601382,1444,7.5981
10285,10,11,5.692438,6.063302,1406,7.5845
10286,11,42,2.360163,2.563226,1340,7.2061
10287,42,0,3.701955,4.240124,1449,7.6252
10288,0,21,3.980962,4.431014,1452,7.5524
10289,21,9,4.261882,4.379570,1329,7.1964
10290,9,3,2.603322,2.925463,1433,7.6050
10291,3,39,2.832153,2.941842,1404,7.4582
10292,39,44,3.302523,3.133727,1355,7.3024
10293,44,35,4.879155,4.540974,1460,7.6097
10294,35,53,3.224141,3.402376,1444,7.6371
10295,53,11,4.679522,5.026837,1454,7.6439
10296,11,42,2.489240,2.468494,1434,7.5879
10297,42,54,3.405537,3.443769,1242,6.6381
10298,54,25,2.254992,2.551736,1450,7.6191
10299,25,36,2.398287,2.212146,1457,7.6823
10300,36,34,4.771449,4.582269,1292,7.0949
10301,34,40,2.436218,2.351189,1402,7.5601
10302,40,25,5.855433,6.454156,1409,7.6212
10303,25,29,2.340044,2.794134,1414,7.5834
10304,29,11,2.944777,3.242986,1409,7.5180
10305,11,42,2.303111,2.411164,1417,7.4794
10306,42,45,2.054743,2.020980,1341,7.3177
10307,45,63,3.138837,3.561651,1437,7.6007
10308,63,6,4.145491,4.549422,1338,7.3172
10309,6,32,2.404583,2.618516,1377,7.4267
10310,32,9,2.595347,2.495836,1438,7.5604
10311,9,15,3.025825,2.904345,1382,7.4603
10312,15,19,3.433075,3.727517,1336,7.3049
10313,19,51,4.751313,4.388181,1377,7.3374
10314,51,16,1.949152,1.820042,1356,7.2187
10315,16,21,4.880128,5.237184,1313,7.0560
10316,21,48,2.206017,2.436100,1464,7.6410
10317,48,6,4.697241,4.635701,1428,7.6173
10318,6,32,2.377130,2.597472,1427,7.5543
10319,32,9,2.562814,2.392504,1427,7.5339
10320,9,15,2.962182,2.810561,1411,7.5862
10321,15,49,2.099137,2.324845,1449,7.5891
10322,49,43,4.090031,4.629962,1303,7.0451
10323,43,11,4.212400,4.295117,1291,7.0443
10324,11,45,2.448485,2.477769,1353,7.2275
10325,45,30,2.297144,2.746077,1394,7.4706
10326,30,31,3.216751,3.532688,1447,7.6329
10327,31,12,3.889312,3.545707,1444,7.6222
10328,12,35,3.441913,3.300630,1365,7.2357
10329,35,0,2.792240,2.855282,1420,7.5822
10330,0,60,2.778468,3.257460,1448,7.5612
10331,60,36,3.003855,2.750194,1421,7.5450
10332,36,21,3.346553,3.406877,1392,7.4878
10333,21,9,4.246948,4.462703,1419,7.6056
10334,9,3,2.661538,2.982015,1439,7.6015
10335,3,41,2.654535,3.211269,1470,7.6418
10336,41,30,5.133042,5.362887,1394,7.5485
10337,30,31,2.890992,3.290603,1453,7.6665
10338,31,12,3.688774,3.429672,1381,7.4467
10339,12,20,3.360951,3.375293,1291,6.9496
10340,20,10,2.101206,1.960188,1425,7.5375
10341,10,2,3.187423,3.417874,1289,7.1934
10342,2,54,3.922106,3.833248,1375,7.3603
10343,54,0,3.516527,3.554413,1375,7.3882
10344,0,21,3.797166,4.284583,1454,7.6004
10345,21,9,4.463681,4.350002,1480,7.6946
10346,9,3,2.419814,2.811656,1423,7.5952
10347,3,39,2.898274,2.988444,1401,7.5119
10348,39,59,3.549044,4.025507,1385,7.4888
10349,59,15,4.021529,4.086883,1380,7.4803
10350,15,49,1.939141,2.179475,1333,7.2464
10351,49,48,5.736837,5.765161,1459,7.5852
10352,48,25,3.174258,3.701625,1457,7.6878
10353,25,2,4.413582,4.254967,1340,7.2353
10354,2,12,3.152224,3.303763,1371,7.4261
10355,12,35,2.819801,3.198457,1443,7.6040
10356,35,0,2.725924,2.812066,1367,7.4328
10357,0,60,2.556870,3.172012,1438,7.5987
10358,60,38,3.532045,3.287847,1374,7.2755
10359,38,50,2.762618,2.770290,1433,7.5834
10360,50,53,2.775654,3.002310,1432,7.6712
10361,53,17,2.321763,2.085564,1455,7.5973
10362,17,2,3.337568,4.253712,1428,7.6016
10363,2,45,2.691009,2.841178,1366,7.4151
10364,45,30,2.497487,2.717936,1426,7.5994
10365,30,31,3.255600,3.264442,1433,7.5473
10366,31,30,3.146096,2.842854,1440,7.6062
10367,30,31,2.996559,2.958898,1439,7.6303
10368,31,12,3.616541,3.404888,1424,7.5283
10369,12,20,3.031767,3.312216,1418,7.5601
10370,20,10,2.126213,1.966644,1413,7.5007
10371,10,11,5.407731,5.878793,1394,7.5503
10372,11,42,2.369198,2.431576,1384,7.3343
10373,42,45,2.025371,1.938066,1345,7.2623
10374,45,63,2.805601,3.650838,1387,7.4242
10375,63,47,4.334518,5.101476,1373,7.3563
10376,47,56,2.385844,3.017176,1406,7.5435
10377,56,34,2.996658,3.267305,1373,7.2699
10378,34,40,2.420586,2.286279,1442,7.6622
10379,40,25,5.647106,6.211260,1300,7.2984
10380,25,2,4.365690,4.164372,1398,7.4065
10381,2,45,2.606605,2.710515,1445,7.6836
10382,45,30,2.288237,2.808699,1424,7.5760
10383,30,31,2.430996,2.897394,1370,7.3968
10384,31,12,3.358839,3.277318,1366,7.4426
10385,12,35,2.937691,3.134860,1422,7.5301
10386,35,53,3.245208,3.480796,1413,7.5526
10387,53,17,2.116357,2.018267,1456,7.6809
10388,17,7,3.425319,3.977857,1425,7.6319
10389,7,31,3.394560,3.517386,1404,7.5430
10390,31,12,3.260352,3.118996,1222,6.8016
10391,12,35,2.783526,3.032213,1364,7.2771
10392,35,0,2.619931,2.798919,1354,7.3412
10393,0,25,2.888116,2.680025,1442,7.5605
10394,25,29,2.309603,2.752123,1463,7.6839
10395,29,11,3.095582,3.256016,1417,7.5674
10396,11,42,2.423718,2.385513,1435,7.6108
10397,42,0,3.751278,4.401614,1436,7.5794
10398,0,60,2.492522,3.119649,1457,7.5537
10399,60,38,3.408258,3.231139,1386,7.3893
10400,38,50,3.080648,2.697414,1443,7.6112
10401,50,54,4.396494,4.722014,1341,7.2327
10402,54,25,2.555385,2.740544,1354,7.1046
10403,25,36,2.163962,2.275727,1436,7.6627
10404,36,21,3.030639,3.215379,1453,7.7016
10405,21,48,2.748340,2.594691,1455,7.6370
10406,48,6,4.537259,4.384626,1377,7.4649
10407,6,32,2.397043,2.614696,1417,7.5594
10408,32,61,3.749858,3.782313,1345,7.3343
10409,61,33,3.212088,3.248120,1371,7.3468
10410,33,11,5.755459,5.507470,1364,7.4968
10411,11,45,2.692322,2.428308,1416,7.4806
10412,45,30,2.565434,2.716597,1332,7.2482
10413,30,46,3.165057,3.522710,1420,7.5976
10414,46,1,4.299819,4.020449,1430,7.5421
10415,1,19,4.488537,4.556622,1379,7.4927
10416,19,51,4.619482,4.165720,1357,7.3614
10417,51,16,1.803644,1.678619,1433,7.5584
10418,16,23,3.210241,3.748013,1340,7.1583
10419,23,29,1.871838,1.782730,1426,7.6420
10420,29,23,2.279350,2.088816,1437,7.6804
10421,23,18,3.552571,3.805170,1393,7.5016
10422,18,18,1.095134,0.571740,1403,7.5565
10423,18,38,3.183903,3.367339,1438,7.5783
10424,38,2,4.120253,4.489297,1460,7.6095
10425,2,45,2.654173,2.593007,1424,7.6280
10426,45,63,3.033692,3.615221,1428,7.6009
10427,63,6,4.132345,4.536509,1445,7.6497
10428,6,32,2.347853,2.575439,1437,7.6142
10429,32,27,3.692434,3.431953,1423,7.5138
10430,27,2,6.120589,5.910341,1347,7.2566
10431,2,45,2.414921,2.484750,1425,7.5538
10432,45,62,5.548981,6.019076,1450,7.6111
10433,62,60,4.064124,3.881750,1385,7.3643
10434,60,38,3.279732,3.118092,1429,7.5460
10435,38,2,3.828543,4.396980,1423,7.5902
10436,2,45,2.244160,2.376154,1382,7.4711
10437,45,63,3.036989,3.484214,1427,7.5789
10438,63,18,3.690379,3.522483,1422,7.6029
10439,18,12,3.569018,4.210942,1413,7.5748
10440,12,35,2.822684,2.959911,1379,7.4227
10441,35,8,3.109940,2.962862,1427,7.5780
10442,8,41,2.214284,2.312397,1429,7.5392
10443,41,6,3.858066,3.752773,1443,7.6472
10444,6,32,2.333574,2.520256,1450,7.6428
10445,32,9,2.637299,2.557379,1217,6.7538
10446,9,44,4.212337,4.267298,1451,7.6216
10447,44,35,5.250069,4.787978,1358,7.3470
10448,35,0,2.587569,2.778803,1415,7.5992
10449,0,25,2.850858,2.604703,1362,7.2144
10450,25,36,2.497039,2.250789,1401,7.4617
10451,36,29,2.394230,2.511127,1459,7.7194
10452,29,11,3.136997,3.281962,1414,7.6291
10453,11,42,2.515016,2.386636,1449,7.6141
10454,42,54,3.407735,3.542441,1419,7.6253
10455,54,25,2.549670,2.687777,1468,7.6877
10456,25,36,2.242318,2.171008,1446,7.6458
10457,36,29,2.400850,2.425851,1408,7.6091
10458,29,23,2.125438,2.176329,1462,7.6668
10459,23,29,1.763608,1.737631,1458,7.7255
10460,29,11,2.941324,3.243105,1441,7.6402
10461,11,42,2.402768,2.339526,1440,7.5716
10462,42,0,3.668428,4.384910,1430,7.5128
10463,0,25,2.740395,2.448927,1432,7.5470
10464,25,29,2.209202,2.837802,1437,7.6277
10465,29,11,2.779171,3.116115,1485,7.6694
10466,11,24,4.639241,4.865992,1391,7.4695
10467,24,54,3.647196,3.397466,1335,7.1946
10468,54,25,2.399348,2.665673,1383,7.4292
10469,25,36,2.316195,2.213474,1463,7.6366
10470,36,34,4.366383,4.458429,1412,7.6503
10471,34,40,2.314954,2.235040,1469,7.7573
10472,40,57,2.557572,2.775447,1335,7.3562
10473,57,52,2.808572,3.288210,1417,7.4889
10474,52,52,1.779369,1.371364,1369,7.3232
10475,52,22,4.219435,4.235888,1457,7.5689
10476,22,35,4.500740,4.503792,1430,7.5593
10477,35,0,2.649112,2.760886,1343,7.2871
10478,0,60,2.597571,3.220950,1412,7.4649
10479,60,36,3.230882,2.749133,1404,7.4717
10480,36,34,4.152914,4.236344,1309,7.2516
10481,34,35,3.692521,3.858791,1471,7.7079
10482,35,8,3.316298,2.774450,1464,7.6341
10483,8,41,2.366184,2.300160,1312,6.8986
10484,41,30,5.192352,5.226415,1407,7.4216
10485,30,31,2.967013,2.838262,1443,7.5916
10486,31,54,4.463458,4.267619,1395,7.5363
10487,54,25,2.389669,2.575160,1463,7.6325
10488,25,36,2.179428,2.093122,1430,7.6153
10489,36,34,3.816722,4.105547,1449,7.6786
10490,34,40,2.153905,2.331598,1443,7.7045
10491,40,25,5.565765,6.143736,1383,7.5273
10492,25,36,2.006519,1.970927,1416,7.6142
10493,36,34,3.760465,3.982731,1451,7.7032
10494,34,40,2.060373,2.341815,1444,7.6590
10495,40,57,2.749927,2.855313,1399,7.5776
10496,57,52,2.688556,3.121664,1354,7.2575
10497,52,22,4.130833,4.149002,1387,7.3985
10498,22,47,2.534225,2.249156,1241,6.7706
10499,47,56,2.586912,2.941231,1432,7.6251
10500,56,6,3.397254,3.459749,1447,7.5970
10501,6,22,4.479974,4.673697,1395,7.4786
10502,22,20,5.172042,4.914402,1390,7.3604
10503,20,3,4.319963,4.267899,1422,7.5348
10504,3,39,2.602610,2.798206,1322,7.1132
10505,39,59,3.695120,3.956256,1242,6.7868
10506,59,26,3.401104,3.391660,1408,7.5486
10507,26,52,3.280323,3.438888,1407,7.4972
10508,52,21,4.921010,4.832958,1455,7.6067
10509,21,48,2.317455,2.495687,1306,7.0421
10510,48,51,3.812687,3.860655,1443,7.6483
10511,51,16,1.849957,1.604964,1333,7.1880
10512,16,23,3.181136,3.634962,1327,7.2233
10513,23,18,3.426750,3.708872,1451,7.7269
10514,18,12,3.432154,4.101461,1440,7.5820
10515,12,35,2.919218,3.102438,1189,6.5918
10516,35,8,2.792581,2.714995,1373,7.3962
10517,8,41,2.470997,2.289288,1427,7.5857
10518,41,30,4.863348,5.028502,1429,7.5904
10519,30,46,3.469039,3.214001,1423,7.5720
10520,46,47,3.037018,2.913944,1450,7.5689
10521,47,22,2.415436,2.582912,1370,7.3971
10522,22,20,4.723425,4.802177,1418,7.5154
10523,20,3,4.187219,4.113317,1422,7.4713
10524,3,41,2.561783,3.124619,1382,7.2744
10525,41,6,3.596743,3.724630,1424,7.6186
10526,6,32,2.325303,2.469476,1344,7.3211
10527,32,61,3.678677,3.767281,1440,7.6043
10528,61,2,5.957147,5.715498,1411,7.5278
10529,2,54,3.704697,3.686025,1411,7.5274
10530,54,0,3.732907,3.737366,1446,7.6783
10531,0,25,2.726922,2.393009,1433,7.5465
10532,25,2,4.573281,4.437215,1413,7.5677
10533,2,12,3.601251,3.554203,1421,7.6158
10534,12,35,2.954065,2.947954,1377,7.4253
10535,35,53,3.264639,3.749507,1381,7.2764
10536,53,17,2.094077,1.935273,1416,7.5964
10537,17,7,2.870402,3.856316,1386,7.4504
10538,7,31,3.440730,3.504823,1366,7.4830
10539,31,12,3.191785,3.146366,1283,7.1475
10540,12,35,2.783761,2.829383,1449,7.6022
10541,35,8,2.814020,2.775423,1426,7.5984
10542,8,41,2.646438,2.241596,1437,7.6187
10543,41,30,4.759629,4.934886,1317,7.1871
10544,30,31,3.186745,2.735895,1344,7.2053
10545,31,12,3.013178,3.025492,1369,7.4111
10546,12,35,2.664237,2.733133,1436,7.5354
10547,35,53,3.137962,3.797887,1409,7.4165
10548,53,11,4.848357,5.135873,1390,7.4881
10549,11,42,2.419009,2.327105,1249,6.8428
10550,42,45,2.215281,2.289831,1156,6.3188
10551,45,30,2.696832,2.960298,1415,7.5626
10552,30,46,2.963906,3.186701,1332,7.1768
10553,46,46,1.087300,0.653860,1433,7.6092
10554,46,46,0.812690,0.550238,1459,7.6132
10555,46,46,0.672130,0.462576,1444,7.6069
10556,46,1,4.107454,4.264240,1470,7.6416
10557,1,47,2.544407,2.257510,1383,7.3671
10558,47,22,2.361384,2.459366,1418,7.5342
10559,22,47,2.451513,2.067949,1466,7.6797
10560,47,51,3.241371,3.633301,1452,7.6389
10561,51,51,1.382286,0.835361,1441,7.6132
10562,51,29,3.653898,4.259229,1456,7.6032
10563,29,23,2.276112,2.040613,1346,7.4847
10564,23,29,1.838681,1.764018,1212,6.6830
10565,29,23,2.022065,1.903114,1448,7.6654
10566,23,29,1.718654,1.657702,1459,7.6396
10567,29,11,3.000601,3.157157,1461,7.6632
10568,11,45,3.020020,2.684905,1433,7.5720
10569,45,62,5.100249,5.660021,1443,7.6063
10570,62,21,4.475083,4.523711,1315,7.0735
10571,21,9,4.329722,4.145501,1395,7.4853
10572,9,15,2.982673,2.844192,1413,7.5604
10573,15,19,3.294312,3.671576,1444,7.6383
10574,19,51,4.369783,4.107847,1355,7.2760
10575,51,51,1.277453,0.749922,1440,7.6514
10576,51,51,1.033621,0.633265,1461,7.6165
10577,51,29,3.354099,4.238355,1437,7.6084
10578,29,11,2.630912,2.984554,1317,7.0744
10579,11,45,2.925648,2.627624,1435,7.5610
10580,45,30,2.873424,2.987534,1438,7.5945
10581,30,46,3.115510,3.050486,1433,7.5620
10582,46,1,3.533828,4.014642,1442,7.5795
10583,1,32,2.886252,3.227010,1450,7.6196
10584,32,61,3.621659,3.575414,1337,7.1851
10585,61,2,5.642334,5.785414,1411,7.4747
10586,2,45,2.432866,2.474951,1425,7.5950
10587,45,63,3.170348,3.526543,1401,7.4972
10588,63,18,3.479569,3.362080,1403,7.5374
10589,18,38,3.036151,3.243537,1393,7.4590
10590,38,2,4.009233,4.382290,1408,7.5602
10591,2,12,3.796562,3.554628,1429,7.6159
10592,12,35,2.365710,2.575097,1445,7.6031
10593,35,0,2.787279,3.016910,1411,7.4695
10594,0,21,4.078693,4.514036,1416,7.4970
10595,21,9,3.492468,4.024297,1455,7.6568
10596,9,3,2.669587,2.930073,1442,7.6231
10597,3,41,2.559551,3.084945,1431,7.6209
10598,41,30,4.315074,4.877171,1424,7.6227
10599,30,31,3.265186,2.882817,1440,7.5899
10600,31,54,4.141465,4.008928,1433,7.6208
10601,54,0,3.642778,3.655600,1454,7.6081
10602,0,21,3.783127,4.369065,1446,7.5558
10603,21,47,3.884309,4.350484,1438,7.6446
10604,47,56,2.412636,3.008713,1403,7.5102
10605,56,34,3.468844,3.564600,1330,7.2356
10606,34,40,2.118095,2.242475,1424,7.6738
10607,40,25,5.329904,5.890447,1360,7.4713
10608,25,2,4.418125,4.252559,1396,7.4926
10609,2,45,2.428240,2.363318,1418,7.5883
10610,45,62,4.880855,5.497096,1368,7.3122
10611,62,21,4.242234,4.432186,1288,7.1271
10612,21,9,3.465820,4.001750,1447,7.6444
10613,9,3,2.380112,2.804414,1462,7.6451
10614,3,41,2.333447,3.032295,1406,7.4972
10615,41,30,4.346703,4.764114,1439,7.6315
10616,30,46,3.000657,2.937112,1440,7.5812
10617,46,1,3.404927,3.824659,1437,7.6173
10618,1,19,4.466519,4.620258,1371,7.4836
10619,19,24,3.483743,3.483878,1372,7.3468
10620,24,4,2.767200,2.854525,1235,6.8335
10621,4,23,4.235783,4.032925,1310,7.1157
10622,23,29,1.624003,1.593638,1420,7.5730
10623,29,11,2.692628,2.873988,1382,7.5163
10624,11,42,2.558089,2.481872,1452,7.6491
10625,42,0,3.768442,4.303856,1474,7.6532
10626,0,25,2.645202,2.393803,1433,7.5049
10627,25,29,2.541053,3.078008,1446,7.6313
10628,29,11,2.361943,2.744108,1368,7.2604
10629,11,24,4.608919,4.935191,1331,7.2007
10630,24,4,2.622018,2.793123,1441,7.5657
10631,4,23,3.836196,3.930143,1392,7.3711
10632,23,0,5.186804,5.859330,1403,7.5812
10633,0,21,3.746719,4.178040,1415,7.4672
10634,21,48,2.554494,2.667664,1411,7.5203
10635,48,6,4.159000,4.209456,1448,7.6152
10636,6,56,3.053796,3.167525,1440,7.6183
10637,56,1,2.625928,2.721658,1471,7.5969
10638,1,47,2.621287,2.220662,1474,7.6330
10639,47,56,2.262919,2.891804,1435,7.6569
10640,56,1,2.501338,2.618936,1471,7.5857
10641,1,32,2.902865,3.179084,1422,7.5807
10642,32,9,2.924626,2.835439,1212,6.7427
10643,9,3,2.266284,2.741006,1370,7.3600
10644,3,10,3.568064,3.832198,1452,7.6343
10645,10,2,3.306537,3.616588,1403,7.5454
10646,2,45,2.505340,2.324633,1242,6.8966
10647,45,30,2.964611,3.044773,1446,7.6000
10648,30,46,2.692044,2.903120,1461,7.6018
10649,46,47,2.881663,3.250424,1433,7.5298
10650,47,22,2.452468,2.523172,1440,7.6129
10651,22,35,4.505188,4.512105,1338,7.1781
10652,35,53,3.114162,3.747569,1406,7.5109
10653,53,17,2.063058,1.938579,1385,7.3663
10654,17,7,2.926064,3.750210,1404,7.5225
10655,7,31,3.643822,3.552795,1317,7.1277
10656,31,12,2.843040,2.938680,1396,7.5042
10657,12,35,2.348088,2.559111,1303,6.9363
10658,35,0,2.853283,3.125289,1383,7.4473
10659,0,60,2.742291,3.385479,1434,7.5330
10660,60,36,2.936411,2.761638,1353,7.2824
10661,36,34,3.397943,3.601277,1386,7.4789
10662,34,40,2.078189,2.238603,1439,7.7050
10663,40,57,2.687776,2.857359,1339,7.3571
10664,57,32,4.813019,5.012422,1305,7.0758
10665,32,9,2.765204,2.658469,1347,7.3542
10666,9,3,2.300420,2.677758,1343,7.2337
10667,3,41,2.276257,3.082723,1386,7.4240
10668,41,6,3.642293,3.775304,1450,7.6528
10669,6,32,2.329626,2.642722,1364,7.4074
10670,32,27,3.588751,3.384700,1446,7.5825
10671,27,2,5.809301,5.685907,1421,7.5708
10672,2,12,3.454994,3.542893,1456,7.6092
10673,12,35,2.091135,2.440401,1356,7.2807
10674,35,53,3.148499,3.856279,1440,7.5946
10675,53,17,1.844235,1.892481,1286,6.9565
10676,17,7,2.713860,3.697520,1419,7.5961
10677,7,31,3.425712,3.485028,1465,7.6381
10678,31,54,3.561427,3.803511,1243,6.8128
10679,54,25,2.690084,2.751722,1266,6.8237
10680,25,2,4.566387,4.292701,1442,7.5779
10681,2,12,3.269886,3.416621,1373,7.3440
10682,12,35,2.027968,2.324050,1431,7.5616
10683,35,8,3.033769,3.251455,1427,7.5449
10684,8,56,3.860784,4.433285,1440,7.6081
10685,56,1,2.357539,2.556183,1279,7.0154
10686,1,47,2.523749,2.114387,1423,7.6003
10687,47,22,2.162970,2.417040,1468,7.6341
10688,22,20,4.684957,4.760181,1446,7.5743
10689,20,10,2.423549,2.076887,1371,7.2777
10690,10,11,5.630252,6.077431,1395,7.5247
10691,11,42,2.498162,2.439287,1344,7.2041
10692,42,54,3.631466,3.626266,1283,6.9457
10693,54,0,3.577713,3.521385,1358,7.4037
10694,0,25,2.480722,2.242637,1441,7.5291
10695,25,36,2.582819,2.244344,1450,7.6119
10696,36,34,3.636424,3.452607,1404,7.5923
10697,34,35,3.766328,3.893143,1302,7.0354
10698,35,8,3.019109,3.076247,1262,6.9633
10699,8,41,2.273332,2.284744,1452,7.6152
10700,41,36,6.588107,6.572808,1352,7.2688
10701,36,34,2.958478,3.158756,1446,7.6332
10702,34,35,3.545679,3.799944,1424,7.5779
10703,35,8,2.674480,2.917907,1399,7.4887
10704,8,41,2.189022,2.282275,1428,7.5870
10705,41,36,6.208791,6.359369,1429,7.6074
10706,36,29,2.697798,2.926206,1419,7.6451
10707,29,48,3.274888,3.184952,1343,7.3448
10708,48,25,3.339897,3.916036,1448,7.6530
10709,25,2,4.479292,4.210694,1421,7.5666
10710,2,54,4.004285,3.597746,1418,7.5256
10711,54,25,2.399258,2.665389,1417,7.5340
10712,25,36,2.672029,2.396052,1454,7.6523
10713,36,34,2.820371,2.973568,1356,7.3495
10714,34,40,2.059275,2.507703,1447,7.6297
10715,40,25,4.667760,5.694181,1403,7.5986
10716,25,36,2.325671,2.273493,1423,7.6030
10717,36,21,2.922393,3.148705,1418,7.6371
10718,21,9,3.936811,4.118413,1457,7.6638
10719,9,44,4.037966,4.217609,1439,7.6269
10720,44,35,5.793387,5.225622,1268,6.8434
10721,35,0,2.816913,3.121601,1413,7.5067
10722,0,25,2.324875,2.257961,1414,7.5117
10723,25,29,2.701395,3.144190,1408,7.4849
10724,29,23,2.221404,2.146803,1444,7.6826
10725,23,29,1.757084,1.674769,1070,6.1642
10726,29,11,2.728742,2.881132,1353,7.3110
10727,11,42,2.499634,2.382733,1387,7.4209
10728,42,0,4.072357,4.269826,1401,7.5380
10729,0,60,2.793246,3.438433,1413,7.5485
10730,60,38,3.485376,3.192966,1361,7.2274
10731,38,50,2.726566,2.620403,1289,6.9754
10732,50,53,2.982653,3.204764,1398,7.5959
10733,53,17,1.843265,1.818080,1395,7.5089
10734,17,2,4.069905,4.888390,1435,7.6241
10735,2,45,2.481476,2.303325,1350,7.1785
10736,45,30,2.794520,2.865164,1455,7.6063
10737,30,46,2.908409,2.887931,1366,7.3947
10738,46,46,0.831214,0.469780,1384,7.4640
10739,46,46,0.612740,0.393257,1392,7.4713
10740,46,1,3.170128,3.877971,1471,7.6463
10741,1,32,2.754421,3.250891,1474,7.6447
10742,32,9,2.703329,2.702953,1319,7.1555
10743,9,15,3.029824,3.045542,1413,7.5252
10744,15,49,2.196840,2.281953,1434,7.5922
10745,49,43,4.077571,4.419826,1361,7.2716
10746,43,11,4.062836,4.184170,1369,7.5272
10747,11,45,3.014818,2.805389,1419,7.5495
10748,45,30,2.610545,2.808620,1420,7.5622
10749,30,46,2.697980,2.795930,1433,7.5879
10750,46,46,0.640240,0.357809,1454,7.6046
10751,46,1,3.486251,3.795245,1445,7.5935
10752,1,32,2.685079,3.212929,1404,7.4898
10753,32,61,3.406472,3.475656,1404,7.4147
10754,61,33,3.363502,3.303248,1382,7.2845
10755,33,11,5.864155,5.454002,1385,7.4141
10756,11,42,2.314662,2.289010,1431,7.4866
10757,42,54,3.793942,3.633412,1367,7.3880
10758,54,25,2.490113,2.619709,1440,7.6323
10759,25,2,4.506096,4.290895,1436,7.6138
10760,2,12,3.184465,3.372895,1442,7.6131
10761,12,35,2.253162,2.464141,1359,7.3739
10762,35,0,2.739776,3.117111,1313,7.0471
10763,0,25,2.402400,2.206459,1442,7.5285
10764,25,36,2.506431,2.348233,1447,7.6489
10765,36,29,2.705677,2.903094,1460,7.6940
10766,29,11,2.946976,2.971145,1365,7.2959
10767,11,45,2.911818,2.742319,1336,7.2156
10768,45,30,2.568618,2.757203,1462,7.6432
10769,30,31,3.756132,3.399956,1401,7.4745
10770,31,12,3.085030,3.020486,1434,7.6251
10771,12,20,3.795403,3.614152,1459,7.6260
10772,20,10,2.227913,2.058218,1453,7.5864
10773,10,11,5.573666,5.920450,1443,7.6549
10774,11,45,2.811081,2.534069,1354,7.1843
10775,45,30,2.450769,2.713694,1418,7.5512
10776,30,46,2.552942,2.914514,1432,7.6153
10777,46,47,3.422158,3.472611,1446,7.6195
10778,47,22,2.035773,2.374704,1424,7.5161
10779,22,47,2.342996,2.012260,1362,7.3440
10780,47,22,1.949758,2.216790,1391,7.3791
10781,22,47,2.026295,1.883638,1437,7.5742
10782,47,56,2.522999,3.150094,1452,7.6325
10783,56,1,2.334589,2.533551,1368,7.3023
10784,1,47,2.218402,1.964856,1413,7.5814
10785,47,56,2.425443,3.004257,1425,7.5962
10786,56,1,2.187032,2.456856,1368,7.3294
10787,1,32,2.864923,3.139556,1463,7.6366
10788,32,9,2.780667,2.704986,1457,7.6489
10789,9,15,2.925607,2.924438,1428,7.6135
10790,15,49,1.964125,2.263258,1436,7.6338
10791,49,43,3.848501,4.336035,1444,7.5835
10792,43,51,4.602286,4.492725,1444,7.7077
10793,51,16,1.938085,1.777071,1460,7.6555
10794,16,23,3.105204,3.601596,1442,7.6043
10795,23,29,1.763113,1.709358,1433,7.6409
10796,29,11,2.794567,2.985973,1455,7.6640
10797,11,24,3.863340,4.584525,1421,7.5433
10798,24,54,3.721394,3.448225,1455,7.6115
10799,54,25,2.346173,2.600246,1443,7.6590
10800,25,36,2.543945,2.271117,1429,7.6368
10801,36,29,2.712289,2.834035,1388,7.5180
10802,29,11,2.675087,2.857458,1306,7.0219
10803,11,45,2.757356,2.583485,1408,7.4936
10804,45,30,2.308126,2.650151,1436,7.5490
10805,30,46,2.412244,2.933735,1427,7.5954
10806,46,1,3.327226,3.570681,1284,7.0071
10807,1,47,2.185968,1.923011,1400,7.3875
10808,47,51,3.634689,3.958011,1436,7.5802
10809,51,16,1.600134,1.742340,1360,7.3025
10810,16,21,5.320846,5.484534,1355,7.3655
10811,21,48,2.812579,2.569262,1458,7.6495
10812,48,6,4.055177,4.149011,1358,7.3513
10813,6,56,3.208144,3.315526,1422,7.5862
10814,56,34,3.684770,3.905707,1450,7.6128
10815,34,40,2.072700,2.375398,1429,7.6965
10816,40,57,2.702946,2.825511,1404,7.5752
10817,57,32,4.811142,4.968548,1294,7.0593
10818,32,9,2.522882,2.544431,1379,7.3781
10819,9,3,2.579230,2.832098,1420,7.5842
10820,3,39,2.752694,3.128405,1413,7.5656
10821,39,44,3.208626,2.991377,1445,7.5940
10822,44,36,5.153485,4.711632,1444,7.6318
10823,36,29,2.624216,2.674791,1440,7.6640
10824,29,11,2.579413,2.727235,1471,7.7094
10825,11,24,3.815933,4.599137,1429,7.5997
10826,24,0,5.636266,5.154154,1467,7.5839
10827,0,25,2.258170,2.106780,1435,7.5730
10828,25,36,2.462284,2.308980,1447,7.6049
10829,36,29,2.364788,2.588853,1428,7.5773
10830,29,23,2.492469,2.440478,1420,7.6189
10831,23,29,1.828404,1.735310,1413,7.5548
10832,29,11,2.673162,2.679542,1446,7.6737
10833,11,24,3.608668,4.505065,1384,7.4565
10834,24,0,5.327997,5.018644,1429,7.5584
10835,0,25,2.146193,2.008063,1441,7.5342
10836,25,2,4.357512,4.286396,1423,7.6060
10837,2,12,3.285872,3.333642,1425,7.6240
10838,12,35,2.382272,2.410425,1380,7.4238
10839,35,0,2.935413,3.250633,1447,7.5960
10840,0,60,2.748025,3.476260,1427,7.5099
10841,60,36,2.702195,2.627834,1435,7.5612
10842,36,29,2.513737,2.588391,1428,7.5973
10843,29,48,3.018162,3.272730,1433,7.6562
10844,48,25,3.390319,3.979721,1362,7.4400
10845,25,2,4.002792,4.109299,1367,7.3044
10846,2,12,3.158688,3.249071,1394,7.5014
10847,12,20,3.386143,3.439708,1420,7.5530
10848,20,3,4.343853,4.345405,1348,7.3049
10849,3,41,2.369412,3.077736,1350,7.3511
10850,41,36,6.010103,6.081635,1373,7.4169
10851,36,29,2.490570,2.576748,1438,7.6701
10852,29,23,2.426114,2.450734,1412,7.6295
10853,23,29,1.825959,1.734246,1422,7.6153
10854,29,11,2.553287,2.656679,1427,7.6736
10855,11,45,2.861009,2.739013,1435,7.5769
10856,45,30,2.521209,2.594894,1447,7.5918
10857,30,31,3.891011,3.611547,1384,7.3757
10858,31,12,3.038036,2.939624,1348,7.1683
10859,12,35,2.212450,2.367728,1436,7.5774
10860,35,0,2.754737,3.156437,1431,7.5667
10861,0,21,3.774520,4.356415,1447,7.5326
10862,21,9,3.655724,4.097534,1371,7.3832
10863,9,15,2.825555,2.888481,1441,7.6227
10864,15,49,2.174287,2.256515,1387,7.5142
10865,49,43,3.802299,4.220076,1396,7.4013
10866,43,11,4.039814,4.342689,1337,7.4059
10867,11,45,2.608859,2.574865,1462,7.5964
10868,45,63,3.565699,3.928708,1448,7.5789
10869,63,6,4.154196,4.484321,1356,7.2250
10870,6,22,4.430174,4.669045,1427,7.6188
10871,22,20,4.509564,4.646651,1403,7.5079
10872,20,10,2.370275,2.102972,1368,7.2555
10873,10,11,5.935684,6.067628,1457,7.6722
10874,11,42,2.619858,2.709109,1332,7.2686
10875,42,45,2.119131,2.096393,1320,7.0534
10876,45,63,3.182313,3.788769,1448,7.5942
10877,63,6,4.551268,4.485441,1331,7.2692
10878,6,56,2.957161,3.236561,1436,7.5881
10879,56,6,3.580106,3.547605,1398,7.4832
10880,6,32,2.812352,2.847944,1394,7.5592
10881,32,61,3.466653,3.324000,1410,7.4507
10882,61,33,3.252354,3.236140,1369,7.4662
10883,33,11,5.929106,5.599452,1425,7.5244
10884,11,24,3.814707,4.155301,1396,7.4497
10885,24,4,2.615294,2.891004,1446,7.6026
10886,4,19,3.368658,3.581000,1427,7.5445
10887,19,51,4.088531,3.917938,1393,7.5177
10888,51,16,1.673637,1.649131,1463,7.6178
10889,16,21,4.925277,5.381317,1457,7.6409
10890,21,48,2.595442,2.480776,1468,7.6659
10891,48,51,3.959227,4.093173,1291,6.8698
10892,51,16,1.544258,1.565401,1461,7.6244
10893,16,53,5.596084,5.741472,1412,7.4545
10894,53,17,1.849995,1.698859,1470,7.6622
10895,17,2,4.017312,4.859441,1446,7.6689
10896,2,12,2.998433,3.209691,1417,7.5682
10897,12,35,2.073192,2.276209,1481,7.6431
10898,35,0,2.615441,3.068448,1391,7.3743
10899,0,21,3.683306,4.311752,1474,7.5623
10900,21,47,3.917249,4.421207,1347,7.2539
10901,47,56,2.115889,2.935144,1428,7.5718
10902,56,34,3.484398,3.821225,1437,7.6207
10903,34,40,2.035768,2.254129,1464,7.7142
10904,40,57,2.510001,2.768926,1408,7.6259
10905,57,32,4.382788,4.745938,1377,7.3368
10906,32,9,2.799672,2.543580,1441,7.5871
10907,9,3,2.517814,2.854605,1385,7.4209
10908,3,10,3.536699,3.811779,1349,7.3760
10909,10,2,3.304044,3.813941,1436,7.6260
10910,2,54,3.952568,3.652754,1368,7.3199
10911,54,0,3.749673,3.569566,1411,7.5502
10912,0,21,3.643937,4.169318,1445,7.5419
10913,21,48,2.505907,2.550299,1335,7.2027
10914,48,25,3.244861,3.877418,1394,7.5686
10915,25,2,4.088869,4.052583,1445,7.5947
10916,2,45,2.644004,2.477220,1371,7.3618
10917,45,63,3.119018,3.579446,1391,7.4664
10918,63,6,4.725886,4.465011,1454,7.6287
10919,6,32,2.500784,2.814093,1428,7.5888
10920,32,61,3.313974,3.193187,1449,7.6195
10921,61,2,6.344868,6.285740,1362,7.2554
10922,2,12,3.026116,3.139322,1371,7.3320
10923,12,35,1.957544,2.201744,1287,7.0632
10924,35,0,2.562017,3.014726,1457,7.6090
10925,0,25,2.646873,2.319707,1385,7.3760
10926,25,2,4.146680,4.026738,1411,7.5621
10927,2,45,2.589268,2.416984,1341,7.2787
10928,45,30,2.553210,2.723805,1427,7.5343
10929,30,46,2.923025,3.034830,1349,7.1319
10930,46,47,3.507377,3.300990,1441,7.6090
10931,47,51,3.419165,3.885015,1427,7.6010
10932,51,29,3.711695,4.392366,1421,7.4646
10933,29,23,2.321950,2.191839,1442,7.6814
10934,23,29,1.839266,1.712550,1463,7.6774
10935,29,23,2.151134,2.032964,1456,7.6918
10936,23,29,1.628966,1.608292,1443,7.6804
10937,29,11,2.977314,2.998023,1434,7.6702
10938,11,42,2.596815,2.646752,1378,7.3557
10939,42,45,2.465729,2.148078,1421,7.5501
10940,45,63,2.952339,3.494497,1462,7.6087
10941,63,6,4.847426,4.420937,1437,7.6721
10942,6,32,2.574608,2.784238,1394,7.5073
10943,32,9,2.493743,2.436513,1436,7.6375
10944,9,44,4.096929,4.278731,1428,7.5923
10945,44,35,6.166707,5.540449,1341,7.3795
10946,35,0,2.236666,2.772432,1446,7.6025
10947,0,25,2.506082,2.305879,1457,7.6000
10948,25,29,2.447142,3.160255,1442,7.6151
10949,29,23,1.933846,1.989823,1413,7.6332
10950,23,29,1.529643,1.544135,1429,7.5963
10951,29,11,2.962705,2.921082,1470,7.7065
10952,11,24,3.476464,4.100368,1419,7.5758
10953,24,4,2.484319,2.830575,1442,7.6055
10954,4,19,3.202839,3.473708,1448,7.5855
10955,19,38,5.899789,5.627370,1408,7.5582
10956,38,2,3.606008,4.114669,1238,6.7340
10957,2,12,3.069197,3.089530,1440,7.6324
10958,12,35,2.149546,2.271015,1419,7.5386
10959,35,53,3.507496,4.431033,1313,7.1014
10960,53,17,1.758085,1.674918,1404,7.4702
10961,17,2,4.042271,4.867859,1446,7.6574
10962,2,12,2.892416,2.990178,1444,7.6501
10963,12,35,1.941176,2.192030,1446,7.5878
10964,35,8,3.311449,3.409697,1440,7.5633
10965,8,56,3.785223,4.253775,1404,7.4201
10966,56,34,3.356651,3.660710,1374,7.3421
10967,34,35,3.870837,3.928047,1439,7.6914
10968,35,0,2.565456,2.818151,1420,7.5297
10969,0,60,3.283865,3.859953,1389,7.3841
10970,60,38,3.661223,3.264502,1429,7.5639
10971,38,50,2.549505,2.396648,1370,7.2899
10972,50,54,4.265443,4.696461,1401,7.5314
10973,54,25,2.570217,2.754843,1291,7.0856
10974,25,2,3.942782,3.873223,1440,7.6655
10975,2,45,2.622372,2.437039,1349,7.2968
10976,45,63,2.818024,3.336700,1424,7.5595
10977,63,18,3.600954,3.476247,1409,7.5055
10978,18,38,3.233844,3.211113,1354,7.3698
10979,38,2,3.389544,4.033638,1417,7.5325
10980,2,54,3.892395,3.592052,1410,7.5803
10981,54,0,3.681744,3.535577,1240,6.7994
10982,0,25,2.203143,2.203521,1369,7.2243
10983,25,29,2.588465,3.168180,1423,7.6082
10984,29,23,1.850316,1.954196,1405,7.6311
10985,23,29,1.523577,1.514395,1433,7.6952
10986,29,48,3.358442,3.356776,1445,7.6868
10987,48,25,3.252325,3.902064,1427,7.5757
10988,25,36,2.673662,2.721751,1461,7.6458
10989,36,34,3.312990,3.116055,1427,7.6909
10990,34,7,5.741404,5.476973,1428,7.6655
10991,7,31,3.392076,3.306698,1257,6.9431
10992,31,12,2.950915,2.987464,1407,7.4726
10993,12,43,5.694159,6.043835,1343,7.0696
10994,43,51,4.534729,4.422039,1410,7.6204
10995,51,16,1.655678,1.588466,1440,7.6391
10996,16,23,2.996047,3.629163,1428,7.5614
10997,23,29,1.403067,1.491014,1414,7.6429
10998,29,48,3.348931,3.200421,1460,7.7224
10999,48,25,3.096119,3.781071,1399,7.4485
11000,25,2,3.652332,3.801370,1468,7.6374
11001,2,12,2.883013,3.057562,1430,7.5850
11002,12,35,1.941179,2.230544,1375,7.3878
11003,35,0,2.338841,2.764607,1444,7.6151
11004,0,21,3.492178,4.386373,1450,7.5801
11005,21,9,3.683222,4.260742,1428,7.5883
11006,9,44,3.857014,4.097941,1347,7.2280
11007,44,36,5.018967,4.606101,1198,6.5703
11008,36,29,2.602516,2.733716,1427,7.6235
11009,29,23,1.824245,1.931371,1450,7.6900
11010,23,29,1.407905,1.479210,1366,7.4436
11011,29,48,3.220630,3.100499,1454,7.6959
11012,48,25,3.149458,3.679031,1455,7.6776
11013,25,29,2.302053,2.829555,1358,7.2467
11014,29,11,2.971202,3.047152,1450,7.6506
11015,11,45,2.626293,2.571479,1340,7.1778
11016,45,63,2.465228,3.234886,1419,7.5052
11017,63,18,3.497941,3.420087,1444,7.6492
11018,18,12,3.819062,4.447481,1451,7.6333
11019,12,35,1.766269,2.149251,1329,7.1903
11020,35,53,3.752958,4.555699,1436,7.5668
11021,53,17,1.827989,1.662360,1294,7.0466
11022,17,2,3.895734,4.828874,1460,7.7264
11023,2,12,2.940522,2.997543,1359,7.2869
11024,12,35,1.857332,2.086456,1434,7.5485
11025,35,0,2.535483,2.773528,1462,7.6070
11026,0,60,3.485984,3.926983,1410,7.4575
11027,60,38,3.557957,3.253520,1435,7.5627
11028,38,50,2.667919,2.360549,1402,7.5016
11029,50,54,3.948254,4.550400,1475,7.7187
11030,54,25,2.624786,2.852182,1428,7.5496
11031,25,36,2.848437,2.768413,1443,7.6375
11032,36,29,2.563036,2.602393,1360,7.2644
11033,29,48,2.923546,2.894437,1326,7.3333
11034,48,51,4.211663,4.288128,1433,7.6746
11035,51,16,1.612165,1.533330,1375,7.4173
11036,16,21,5.094090,5.450733,1453,7.6133
11037,21,47,4.075357,4.251925,1330,7.2499
11038,47,51,3.610136,3.780394,1323,7.1806
11039,51,29,3.643113,4.310314,1409,7.5109
11040,29,23,2.076961,2.022941,1431,7.6303
11041,23,29,1.439581,1.524327,1404,7.5370
11042,29,23,1.867570,1.881216,1466,7.7131
11043,23,29,1.402537,1.467611,1477,7.6648
11044,29,11,3.003864,3.004680,1425,7.6323
11045,11,42,2.707937,2.809380,1375,7.3165
11046,42,0,4.362836,4.630244,1458,7.6220
11047,0,60,3.255645,3.722186,1400,7.4124
11048,60,36,2.751001,2.748721,1426,7.4982
11049,36,29,2.648317,2.732555,1422,7.5535
11050,29,11,2.748261,2.818172,1462,7.6991
11051,11,24,3.315970,4.133452,1365,7.2488
11052,24,0,5.345705,5.185487,1390,7.4557
11053,0,25,2.556840,2.307681,1384,7.2528
11054,25,2,3.851819,3.769186,1425,7.5954
11055,2,12,2.937630,2.930946,1454,7.6261
11056,12,35,1.755968,2.063160,1356,7.2829
11057,35,8,3.655256,3.558484,1218,6.8184
11058,8,41,2.320286,2.252933,1470,7.6193
11059,41,30,4.769946,5.027067,1432,7.5823
11060,30,46,2.770219,2.804557,1337,7.1532
11061,46,46,0.736950,0.423927,1428,7.5543
11062,46,47,2.991638,3.238540,1444,7.6049
11063,47,51,3.240865,3.678753,1429,7.5844
11064,51,16,1.747428,1.635920,1472,7.6613
11065,16,53,5.378011,5.562691,1448,7.6502
11066,53,11,5.246587,5.409836,1425,7.5466
11067,11,42,2.678207,2.734369,1402,7.3948
11068,42,54,3.605731,3.642359,1431,7.5271
11069,54,0,3.535464,3.418460,1418,7.4832
11070,0,60,2.891934,3.539692,1457,7.5665
11071,60,38,3.633530,3.250601,1459,7.5795
11072,38,50,2.568618,2.306362,1387,7.4224
11073,50,54,3.606468,4.391278,1355,7.3175
11074,54,0,3.202339,3.332514,1459,7.6197
11075,0,25,2.545016,2.148023,1461,7.5800
11076,25,2,3.645891,3.648341,1337,7.2752
11077,2,45,2.670796,2.547468,1433,7.5619
11078,45,30,2.859967,2.925349,1376,7.3935
11079,30,31,3.816869,3.426159,1453,7.6115
11080,31,54,4.179212,3.969373,1202,6.6020
11081,54,44,6.461005,6.467725,1408,7.4926
11082,44,35,6.118771,5.633452,1382,7.4797
11083,35,53,3.959089,4.372861,1341,7.1087
11084,53,11,4.998376,5.255243,1371,7.3079
11085,11,42,2.501433,2.587075,1346,7.1808
11086,42,54,3.465158,3.551829,1433,7.5870
11087,54,25,2.677653,2.860516,1440,7.5895
11088,25,29,2.408444,2.990200,1443,7.6131
11089,29,11,2.674396,2.883769,1440,7.6427
11090,11,42,2.539108,2.523011,1380,7.3718
11091,42,54,3.370750,3.459512,1452,7.5985
11092,54,0,3.347576,3.295209,1436,7.6229
11093,0,21,3.653623,4.428767,1396,7.3767
11094,21,47,3.827703,4.102104,1418,7.4846
11095,47,56,2.325073,3.029787,1385,7.4076
11096,56,6,3.576448,3.644495,1454,7.5601
11097,6,32,2.675232,2.657598,1353,7.3120
11098,32,9,2.569413,2.394757,1419,7.5530
11099,9,3,2.586657,2.890521,1430,7.6256
11100,3,41,2.493832,3.137429,1428,7.5963
11101,41,30,4.496813,4.924966,1417,7.5810
11102,30,46,2.829342,2.787743,1438,7.6228
11103,46,47,3.385247,3.091534,1442,7.5658
11104,47,56,1.972221,2.937920,1457,7.6414
11105,56,34,3.532046,3.653958,1380,7.4529
11106,34,40,2.112921,2.256415,1284,6.9064
11107,40,57,2.487818,2.644125,1416,7.6509
11108,57,32,4.152018,4.498434,1412,7.5743
11109,32,9,2.387836,2.291861,1425,7.5982
11110,9,44,3.924107,4.135449,1457,7.5924
11111,44,35,6.192243,5.542066,1443,7.6463
11112,35,53,3.375118,4.000301,1482,7.6243
11113,53,17,1.813442,1.720128,1438,7.6286
11114,17,2,4.020018,4.739528,1325,6.9830
11115,2,54,3.781424,3.626885,1451,7.6694
11116,54,0,3.057740,3.100156,1424,7.5553
11117,0,21,3.469456,4.312179,1446,7.5765
11118,21,47,3.594495,4.016513,1430,7.6002
11119,47,22,2.705930,2.858782,1433,7.5930
11120,22,35,4.251048,4.649063,1233,6.6749
11121,35,0,2.762554,2.891240,1370,7.4000
11122,0,25,2.205417,2.087940,1430,7.4591
11123,25,36,2.828931,2.828629,1429,7.6384
11124,36,29,2.492014,2.666504,1445,7.6590
11125,29,23,2.017461,2.032410,1343,7.4488
11126,23,18,4.013613,4.312378,1429,7.6314
11127,18,38,3.052811,3.217630,1370,7.4606
11128,38,54,4.020572,4.433096,1444,7.6025
11129,54,25,2.702633,2.709449,1447,7.6406
11130,25,36,2.629274,2.726735,1442,7.6217
11131,36,29,2.528387,2.590009,1455,7.6790
11132,29,23,1.863927,1.962509,1369,7.3018
11133,23,29,1.563936,1.644037,1420,7.5838
11134,29,11,2.696813,2.878137,1425,7.6612
11135,11,42,2.513292,2.488342,1396,7.3779
11136,42,45,2.871531,2.399173,1452,7.5857
11137,45,30,2.706925,2.902738,1435,7.5631
11138,30,46,2.523728,2.767634,1414,7.5265
11139,46,47,3.245241,2.990812,1385,7.3383
11140,47,56,2.083580,2.962423,1361,7.3691
11141,56,34,3.307318,3.546699,1438,7.5492
11142,34,40,1.906846,2.188069,1438,7.6472
11143,40,57,2.555440,2.621186,1384,7.5558
11144,57,59,4.431443,4.574010,1406,7.4891
11145,59,15,4.103325,4.016903,1430,7.6332
11146,15,49,1.998459,2.147016,1434,7.6396
11147,49,50,4.683802,4.762310,1334,7.1690
11148,50,54,3.481958,4.182259,1417,7.6845
11149,54,25,2.479106,2.669289,1402,7.4464
11150,25,29,2.532639,2.955190,1435,7.6240
11151,29,48,2.675835,2.976342,1430,7.6562
11152,48,51,4.150996,4.105887,1427,7.6539
11153,51,16,1.521757,1.555152,1382,7.3277
11154,16,21,4.833365,5.355097,1403,7.5581
11155,21,48,2.727321,2.591994,1429,7.5700
11156,48,6,4.464503,4.669202,1448,7.6396
11157,6,56,3.033168,3.154557,1411,7.5765
11158,56,34,3.026970,3.398761,1354,7.3382
11159,34,40,1.919592,2.143495,1434,7.6815
11160,40,25,5.150716,5.903455,1430,7.6908
11161,25,2,3.668666,3.697211,1418,7.5727
11162,2,12,2.941256,2.978968,1373,7.4597
11163,12,20,3.594936,3.490318,1429,7.5467
11164,20,3,4.318129,4.268553,1397,7.4503
11165,3,41,2.524664,2.969774,1383,7.4169
11166,41,30,4.339616,4.830207,1440,7.6222
11167,30,31,3.877109,3.354261,1419,7.5705
11168,31,12,3.310981,3.109198,1423,7.6041
11169,12,35,2.175319,2.387633,1458,7.5908
11170,35,53,3.258190,3.914453,1451,7.6320
11171,53,17,1.712902,1.707136,1421,7.5719
11172,17,7,3.576095,3.970799,1419,7.6067
11173,7,31,3.316894,3.362478,1451,7.6422
11174,31,12,2.975830,2.993729,1415,7.5705
11175,12,35,2.075568,2.285515,1439,7.5671
11176,35,53,3.378249,3.838657,1451,7.6052
11177,53,17,1.645626,1.715760,1409,7.4427
11178,17,1,4.113427,4.633421,1435,7.6246
11179,1,19,4.883964,4.774498,1309,6.9667
11180,19,24,3.503958,3.508828,1265,6.9611
11181,24,4,2.590566,2.701284,1386,7.4707
11182,4,23,3.843262,4.087247,1407,7.5002
11183,23,29,1.523070,1.664195,1455,7.6932
11184,29,48,2.598479,2.777035,1450,7.6908
11185,48,51,3.960631,4.058181,1432,7.6070
11186,51,16,1.623413,1.510468,1360,7.3245
11187,16,21,4.564613,5.201979,1430,7.5367
11188,21,9,3.757720,4.300127,1445,7.6097
11189,9,3,2.630443,2.918287,1439,7.6379
11190,3,39,2.916101,3.179380,1447,7.6304
11191,39,44,3.092444,2.878213,1385,7.3528
11192,44,35,5.728046,5.596796,1428,7.6215
11193,35,8,3.140073,3.160217,1444,7.5984
11194,8,52,4.802935,5.052859,1358,7.3695
11195,52,22,4.039103,4.013464,1347,7.1909
11196,22,47,2.588406,2.292144,1385,7.4056
11197,47,22,2.644542,2.853208,1450,7.6729
11198,22,35,4.459599,4.636834,1436,7.5121
11199,35,53,2.967794,3.564059,1422,7.5510
11200,53,11,4.701099,5.296970,1422,7.5266
11201,11,42,2.330452,2.381489,1403,7.4702
11202,42,45,2.781242,2.286605,1457,7.6160
11203,45,63,2.992558,3.292011,1471,7.6053
11204,63,6,4.468182,4.370432,1254,6.7929
11205,6,32,2.664996,2.787594,1430,7.5952
11206,32,9,2.496790,2.283023,1433,7.5739
11207,9,3,2.333519,2.851827,1439,7.6105
11208,3,41,2.421635,3.015730,1453,7.6283
11209,41,6,4.091679,4.162529,1328,7.3216
11210,6,32,2.627846,2.714335,1422,7.5661
11211,32,9,2.351773,2.183302,1426,7.5765
11212,9,44,3.828900,4.064376,1452,7.6403
11213,44,35,5.603517,5.509987,1410,7.5488
11214,35,0,2.802506,2.912806,1429,7.5750
11215,0,25,2.326569,2.065031,1388,7.3887
11216,25,36,2.648322,2.686252,1450,7.6549
11217,36,34,3.332456,3.337574,1434,7.6522
11218,34,7,5.354533,5.382636,1388,7.5171
11219,7,22,3.902638,4.209583,1336,7.3360
11220,22,20,4.286781,4.297353,1440,7.5696
11221,20,10,2.311082,2.126109,1415,7.4662
11222,10,2,3.652073,4.104843,1401,7.5327
11223,2,12,2.844568,2.970461,1429,7.5959
11224,12,35,2.443410,2.546770,1432,7.5542
11225,35,53,2.705418,3.438012,1356,7.1254
11226,53,11,4.725907,5.161203,1415,7.5367
11227,11,45,2.739086,2.657303,1233,6.7627
11228,45,30,3.171700,3.042744,1383,7.4227
11229,30,31,3.752472,3.350768,1383,7.4587
11230,31,12,3.079920,2.895395,1351,7.2565
11231,12,43,5.863926,5.884082,1428,7.5125
11232,43,51,4.591892,4.554609,1392,7.5829
11233,51,29,3.139584,4.119050,1435,7.5859
11234,29,11,2.997629,2.959538,1452,7.6712
11235,11,42,2.281700,2.385382,1455,7.6046
11236,42,54,3.541717,3.536230,1445,7.5919
11237,54,25,2.469696,2.609058,1422,7.5679
11238,25,2,3.544716,3.671992,1407,7.5694
11239,2,12,2.739767,2.937219,1394,7.5034
11240,12,20,3.622875,3.601513,1421,7.4642
11241,20,3,3.950476,4.297574,1430,7.4631
11242,3,39,3.057776,3.116300,1397,7.4888
11243,39,44,2.914360,2.732118,1422,7.6082
11244,44,35,5.617997,5.522624,1417,7.4997
11245,35,0,2.608613,2.845112,1390,7.4692
11246,0,25,2.136026,1.984457,1402,7.4498
11247,25,2,3.249036,3.546942,1438,7.6363
11248,2,12,2.707611,2.880191,1363,7.2830
11249,12,35,2.495479,2.704510,1434,7.5509
11250,35,8,2.839680,3.069135,1353,7.2856
11251,8,41,2.490666,2.308975,1451,7.6262
11252,41,6,3.795162,3.991655,1458,7.6673
11253,6,22,4.431109,4.701073,1439,7.6244
11254,22,35,4.257408,4.461939,1395,7.4495
11255,35,53,2.847659,3.367155,1463,7.6377
11256,53,11,4.524610,5.094010,1410,7.5630
11257,11,42,2.157355,2.314029,1438,7.5433
11258,42,54,3.496777,3.421940,1278,6.9394
11259,54,25,2.349125,2.479013,1465,7.6063
11260,25,36,2.629492,2.771311,1427,7.6328
11261,36,34,3.039390,3.224299,1480,7.6867
11262,34,40,1.947225,2.179478,1364,7.4175
11263,40,57,2.776536,2.667963,1413,7.6171
11264,57,32,3.830096,4.256968,1353,7.3987
11265,32,9,2.267380,2.123294,1435,7.5499
11266,9,15,3.262181,3.398496,1335,7.2287
11267,15,49,1.917176,2.143298,1376,7.4425
11268,49,50,4.217959,4.539432,1455,7.5704
11269,50,53,3.556009,3.714745,1402,7.5755
11270,53,11,4.375431,4.889213,1406,7.5127
11271,11,42,2.054030,2.265096,1385,7.3527
11272,42,0,4.685852,4.757625,1466,7.5944
11273,0,60,3.206506,3.795722,1416,7.4956
11274,60,38,3.692883,3.213793,1435,7.5713
11275,38,50,2.792373,2.386868,1393,7.4555
11276,50,53,3.485768,3.584921,1436,7.6538
11277,53,11,4.097206,4.701903,1368,7.4500
11278,11,45,2.808646,2.732080,1433,7.5756
11279,45,62,4.909500,5.429966,1434,7.3940
11280,62,60,4.053421,3.983897,1434,7.5806
11281,60,36,2.588901,2.648830,1422,7.5346
11282,36,34,2.959196,3.086013,1439,7.6547
11283,34,40,1.909155,2.168332,1389,7.5250
11284,40,21,5.232508,6.188699,1329,7.2996
11285,21,9,3.844737,4.186644,1433,7.5772
11286,9,3,2.727878,2.977687,1414,7.4417
11287,3,41,2.463116,2.999124,1373,7.3754
11288,41,36,5.703137,5.724788,1434,7.6099
11289,36,34,2.801404,2.872924,1439,7.6247
11290,34,7,5.266976,5.442546,1444,7.6753
11291,7,22,3.648592,3.999552,1348,7.4530
11292,22,35,4.063866,4.248784,1427,7.5341
11293,35,53,2.899887,3.386297,1478,7.6484
11294,53,17,1.977862,2.032724,1455,7.6008
11295,17,7,3.671681,3.901445,1417,7.6228
11296,7,31,2.945650,3.231039,1363,7.2848
11297,31,12,2.992488,2.883099,1448,7.6286
11298,12,20,3.476957,3.484269,1435,7.5497
11299,20,10,2.295106,2.149346,1361,7.2282
11300,10,2,3.674865,4.102526,1382,7.5142
11301,2,45,2.989882,2.741864,1372,7.4012
11302,45,62,4.867677,5.262076,1450,7.5892
11303,62,21,4.288624,4.532575,1406,7.5117
11304,21,47,3.509220,3.834259,1425,7.5684
11305,47,56,2.118228,2.975242,1427,7.6195
11306,56,34,3.077635,3.453973,1441,7.6039
11307,34,35,4.421836,4.285370,1461,7.6957
11308,35,53,2.794477,3.269078,1412,7.5478
11309,53,17,2.044844,2.025741,1392,7.4311
11310,17,1,3.831303,4.348273,1455,7.6565
11311,1,32,3.246456,3.603961,1428,7.6623
11312,32,9,2.308846,2.169028,1250,6.9495
11313,9,3,2.453354,2.893201,1309,7.2093
11314,3,39,3.019084,3.139345,1431,7.5735
11315,39,44,2.951753,2.631477,1389,7.5091
11316,44,35,5.378187,5.508997,1422,7.5920
11317,35,0,3.051813,3.043663,1397,7.4320
11318,0,60,3.069409,3.671485,1451,7.5318
11319,60,44,4.987975,5.202480,1361,7.2937
11320,44,36,5.117225,4.617684,1447,7.6358
11321,36,29,2.874309,2.827719,1418,7.6293
11322,29,23,2.155287,2.104860,1420,7.6230
11323,23,29,1.847725,1.724801,1423,7.6779
11324,29,23,2.052199,1.956486,1434,7.6680
11325,23,29,1.637211,1.618078,1415,7.6229
11326,29,11,3.066053,3.197633,1407,7.5078
11327,11,45,2.769688,2.645245,1333,7.0830
11328,45,63,3.019939,3.436062,1451,7.5604
11329,63,18,3.127665,3.289368,1440,7.6148
11330,18,18,1.072605,0.634302,1314,7.0742
11331,18,38,3.061265,3.242304,1419,7.5668
11332,38,50,2.662083,2.307363,1433,7.5866
11333,50,53,3.558020,3.584550,1464,7.6962
11334,53,17,1.885993,1.924364,1433,7.5899
11335,17,7,3.719543,3.859828,1422,7.6205
11336,7,31,3.123864,3.183762,1297,7.0612
11337,31,12,2.849382,2.801263,1364,7.2274
11338,12,20,3.419504,3.356032,1360,7.2081
11339,20,3,4.285661,4.468473,1457,7.6021
11340,3,41,2.257739,2.934781,1444,7.6657
11341,41,30,4.245951,4.838015,1417,7.5447
11342,30,27,6.186518,6.385385,1456,7.6518
11343,27,53,4.840705,4.983821,1439,7.5841
11344,53,17,1.651174,1.812674,1442,7.5975
11345,17,2,3.948983,4.779421,1429,7.6190
11346,2,54,3.963004,3.629777,1439,7.6275
11347,54,25,2.235220,2.412483,1463,7.6045
11348,25,29,2.735542,3.159275,1462,7.6531
11349,29,23,2.132609,1.935069,1377,7.3822
11350,23,29,1.591282,1.537452,1254,7.0470
11351,29,48,2.767886,2.834722,1444,7.6795
11352,48,25,3.704284,4.164175,1447,7.6615
11353,25,36,2.779242,2.884449,1435,7.6348
11354,36,29,2.614512,2.709818,1405,7.4735
11355,29,11,3.119399,3.141341,1387,7.4771
11356,11,45,2.613993,2.598657,1416,7.4727
11357,45,63,2.794992,3.361776,1446,7.5769
11358,63,6,4.541816,4.476254,1460,7.6294
11359,6,56,3.292562,3.307301,1346,7.2259
11360,56,34,3.100820,3.325142,1454,7.5952
11361,34,35,3.982955,4.120556,1449,7.6853
11362,35,8,2.841129,2.943852,1444,7.6009
11363,8,56,3.597741,4.136669,1433,7.6059
11364,56,6,3.469550,3.647146,1434,7.5389
11365,6,32,2.731689,2.761879,1438,7.5855
11366,32,27,4.006446,3.650561,1284,7.0720
11367,27,20,5.325857,5.106281,1190,6.5776
11368,20,8,3.451557,3.442082,1415,7.5073
11369,8,41,2.265164,2.286164,1424,7.5778
11370,41,30,4.150492,4.658619,1438,7.6105
11371,30,46,3.242076,2.869475,1328,7.1641
11372,46,47,3.047646,2.834971,1368,7.3695
11373,47,51,3.318090,3.848644,1375,7.3465
11374,51,29,3.250600,4.062833,1384,7.3763
11375,29,11,3.045502,2.939224,1405,7.5413
11376,11,24,3.953404,4.642844,1376,7.3662
11377,24,0,5.110987,4.909281,1481,7.6285
11378,0,21,3.925907,4.327207,1435,7.5234
11379,21,48,2.489852,2.572309,1381,7.4791
11380,48,6,4.505783,4.681794,1299,7.1040
11381,6,32,2.782471,2.715469,1380,7.2568
11382,32,9,2.364819,2.111549,1414,7.5685
11383,9,15,3.273270,3.366070,1394,7.3766
11384,15,39,2.948848,3.261012,1365,7.3938
11385,39,59,3.918188,3.998915,1460,7.6193
11386,59,10,3.872590,3.972596,1430,7.6140
11387,10,2,3.483238,3.908760,1387,7.4063
11388,2,45,2.798169,2.673627,1432,7.6036
11389,45,30,3.487100,3.413913,1442,7.5664
11390,30,46,2.867815,2.793670,1428,7.6126
11391,46,47,3.034113,2.713023,1331,7.1830
11392,47,56,2.207431,3.042176,1439,7.5231
11393,56,1,2.810898,2.984954,1453,7.5657
11394,1,47,2.595040,2.132176,1471,7.6236
11395,47,22,3.078995,3.137197,1448,7.6490
11396,22,35,3.802510,4.087593,1421,7.5701
11397,35,8,2.725946,2.765654,1415,7.5687
11398,8,41,2.214484,2.256445,1433,7.5961
11399,41,6,3.689934,4.021111,1407,7.5550
11400,6,32,2.519181,2.643324,1399,7.3979
11401,32,9,2.186892,2.023678,1395,7.4703
11402,9,44,3.744667,4.117049,1438,7.5894
11403,44,35,5.078450,5.250303,1351,7.3654
11404,35,8,2.492845,2.610447,1436,7.6014
11405,8,56,3.353525,4.132914,1444,7.5852
11406,56,6,3.514499,3.592210,1447,7.5599
11407,6,32,2.628859,2.532709,1420,7.5415
11408,32,61,3.608420,3.501090,1429,7.5985
11409,61,33,3.273690,3.146314,1421,7.5295
11410,33,11,6.100393,5.847543,1275,6.9092
11411,11,42,2.445149,2.471663,1408,7.4787
11412,42,0,4.416020,4.458154,1339,7.1933
11413,0,25,2.183950,1.925126,1414,7.4032
11414,25,36,2.576502,2.789119,1430,7.6603
11415,36,29,2.521785,2.720627,1313,7.0978
11416,29,23,2.067053,2.016392,1254,6.8096
11417,23,29,1.704791,1.579353,1333,7.1579
11418,29,11,3.044455,3.012629,1455,7.6380
11419,11,42,2.462168,2.404365,1437,7.5824
11420,42,45,2.523824,2.101551,1408,7.3986
11421,45,62,4.611903,5.219089,1439,7.5736
11422,62,60,3.856746,3.906387,1305,7.0976
11423,60,38,3.592559,3.091874,1453,7.5898
11424,38,50,2.414211,2.243373,1407,7.5324
11425,50,54,3.511842,4.111037,1328,7.2530
11426,54,0,3.117342,3.209326,1464,7.6525
11427,0,25,2.164709,1.838735,1454,7.5735
11428,25,2,3.823842,3.817479,1456,7.6437
11429,2,45,2.885672,2.613941,1081,6.3073
11430,45,63,2.811590,3.341581,1371,7.4111
11431,63,6,4.761961,4.509671,1440,7.6056
11432,6,56,2.856151,3.150330,1403,7.5461
11433,56,34,3.086118,3.293369,1395,7.3509
11434,34,40,2.137102,2.292793,1382,7.4751
11435,40,57,2.420819,2.609070,1297,7.1042
11436,57,52,3.261779,3.688763,1273,7.0039
11437,52,22,3.979943,3.963028,1388,7.4751
11438,22,35,3.562967,3.971001,1401,7.4478
11439,35,0,3.284564,3.385998,1369,7.2757
11440,0,25,2.137639,1.792075,1453,7.5550
11441,25,36,2.530507,2.795250,1446,7.6329
11442,36,29,2.489647,2.675822,1446,7.6238
11443,29,11,2.835527,2.874720,1467,7.6798
11444,11,45,2.613980,2.617121,1397,7.3461
11445,45,62,4.310870,5.100776,1443,7.5650
11446,62,60,3.740112,3.852699,1412,7.5544
11447,60,38,3.313996,2.983045,1424,7.5266
11448,38,2,3.420064,4.049846,1390,7.5076
11449,2,45,2.800767,2.510820,1386,7.3732
11450,45,30,3.642679,3.461786,1438,7.5711
11451,30,31,3.715753,3.395507,1422,7.5250
11452,31,12,2.819916,2.685611,1367,7.2491
11453,12,35,3.000679,3.068549,1443,7.6044
11454,35,53,3.303760,3.548372,1469,7.6627
11455,53,11,4.586148,4.913470,1344,7.2684
11456,11,42,2.173382,2.432445,1456,7.6393
11457,42,54,3.519015,3.502022,1409,7.4876
11458,54,25,2.342882,2.457968,1431,7.5806
11459,25,2,3.389208,3.696932,1423,7.5947
11460,2,45,2.607582,2.434105,1320,7.1296
11461,45,30,3.182861,3.264130,1439,7.5742
11462,30,46,3.174457,2.854382,1448,7.6172
11463,46,46,0.834593,0.543513,1281,6.9213
11464,46,46,0.644001,0.456175,1423,7.5216
11465,46,47,2.960528,2.783648,1376,7.4192
11466,47,56,2.223604,3.087934,1457,7.6218
11467,56,34,3.024858,3.203026,1336,7.2146
11468,34,40,2.157960,2.218573,1426,7.6935
11469,40,57,2.540425,2.585294,1425,7.6585
11470,57,52,3.001235,3.615766,1149,6.4729
11471,52,22,3.813567,3.841115,1367,7.3481
11472,22,47,2.793468,2.512144,1431,7.5138
11473,47,56,2.111951,2.928210,1364,7.1758
11474,56,34,2.906781,3.106772,1402,7.3676
11475,34,40,1.981989,2.169049,1448,7.6742
11476,40,57,2.420519,2.578137,1463,7.7090
11477,57,52,3.159782,3.568897,1414,7.4724
11478,52,22,3.694235,3.727907,1425,7.4972
11479,22,47,2.849847,2.473872,1252,6.8003
11480,47,51,3.422773,3.951773,1443,7.6164
11481,51,51,1.431694,0.909725,1429,7.5779
11482,51,16,1.903368,1.645877,1429,7.6048
11483,16,21,4.736899,4.979700,1362,7.3773
11484,21,9,3.927000,4.279877,1434,7.6218
11485,9,15,3.196662,3.205116,1408,7.5241
11486,15,49,2.104775,2.224953,1299,7.0844
11487,49,43,3.747776,4.305617,1350,7.2559
11488,43,51,4.598232,4.431835,1284,7.1319
11489,51,29,4.102291,4.142029,1366,7.2975
11490,29,11,2.850057,2.779113,1330,7.1459
11491,11,42,2.041712,2.372284,1424,7.4844
11492,42,54,3.464082,3.401501,1441,7.5998
11493,54,0,3.242220,3.261893,1444,7.6290
11494,0,60,3.236283,3.752932,1464,7.5952
11495,60,44,4.934237,5.129327,1433,7.5212
11496,44,35,5.039832,5.112643,1255,6.8970
11497,35,8,2.516530,2.588265,1401,7.5654
11498,8,41,2.269130,2.319191,1345,7.3324
11499,41,30,4.337046,4.810330,1381,7.4055
11500,30,46,2.704103,2.645027,1379,7.4156
11501,46,47,2.780972,2.727030,1396,7.5020
11502,47,56,1.846535,2.906786,1367,7.3008
11503,56,6,3.590847,3.689965,1441,7.5719
11504,6,56,2.853437,2.996860,1458,7.6665
11505,56,34,2.789966,3.045642,1436,7.6097
11506,34,40,2.012649,2.117791,1414,7.6299
11507,40,21,5.257876,6.115902,1468,7.7495
11508,21,9,4.086745,4.082332,1359,7.2437
11509,9,3,2.962221,3.021184,1382,7.4379
11510,3,41,2.357438,2.995369,1404,7.4828
11511,41,30,4.145911,4.672621,1407,7.5248
11512,30,46,2.896520,2.550776,1451,7.6030
11513,46,46,0.875755,0.441781,1410,7.5563
11514,46,47,2.658494,2.752894,1445,7.6106
11515,47,51,3.340465,4.077541,1441,7.6223
11516,51,29,3.933569,4.036485,1433,7.6216
11517,29,48,2.589497,2.675956,1431,7.6313
11518,48,25,3.701095,4.200398,1448,7.6764
11519,25,2,3.345951,3.528411,1238,6.7941
11520,2,45,2.691394,2.368406,1448,7.6355
11521,45,30,3.185979,3.286182,1451,7.6325
11522,30,31,3.798948,3.492225,1430,7.5750
11523,31,12,2.653374,2.573332,1377,7.3735
11524,12,35,2.814745,3.017163,1351,7.3330
11525,35,8,2.488767,2.529674,1413,7.5297
11526,8,56,3.292232,4.005405,1433,7.5847
11527,56,34,2.551810,2.903399,1443,7.4927
11528,34,35,3.580306,4.094696,1428,7.6517
11529,35,8,2.287924,2.415292,1416,7.5489
11530,8,52,4.855833,5.346372,1417,7.5433
11531,52,21,5.419386,5.232747,1291,6.8655
11532,21,48,2.736604,2.438547,1420,7.5241
11533,48,25,3.479024,4.047992,1306,7.1812
11534,25,36,2.559578,2.740107,1420,7.5944
11535,36,34,3.395997,3.314227,1411,7.5315
11536,34,40,2.035558,2.120545,1429,7.6439
11537,40,25,5.139627,6.055215,1330,7.1959
11538,25,2,3.028166,3.432539,1224,6.6610
11539,2,54,3.967757,3.655074,1317,7.2663
11540,54,25,2.499348,2.508187,1446,7.5829
11541,25,36,2.376059,2.639169,1328,7.0996
11542,36,34,3.325219,3.249151,1428,7.6303
11543,34,7,5.394267,5.610021,1423,7.6390
11544,7,22,3.618445,4.041596,1381,7.5111
11545,22,35,3.912175,3.896161,1261,6.9549
11546,35,8,2.084827,2.306369,1348,7.2850
11547,8,41,2.471194,2.519255,1429,7.5197
11548,41,6,3.783911,3.987792,1404,7.5877
11549,6,32,2.471793,2.609887,1444,7.6024
11550,32,9,2.403922,2.225397,1384,7.4406
11551,9,3,2.621148,2.954448,1373,7.3015
11552,3,39,2.778719,3.024360,1409,7.5484
11553,39,59,3.492546,3.878556,1298,7.0539
11554,59,26,3.326139,3.333957,1446,7.6218
11555,26,43,3.800693,3.664622,1347,7.2303
11556,43,46,4.781027,4.446957,1370,7.5364
11557,46,47,2.675339,2.497564,1377,7.2081
11558,47,56,2.233433,3.108809,1331,7.1096
11559,56,1,3.099896,3.170224,1413,7.4395
11560,1,32,3.445230,3.654866,1445,7.6047
11561,32,9,2.316058,2.148749,1381,7.4684
11562,9,3,2.510829,2.886554,1424,7.5631
11563,3,10,3.625119,4.053974,1426,7.5664
11564,10,11,6.093356,6.342363,1434,7.6116
11565,11,42,2.162820,2.259199,1329,7.1187
11566,42,45,2.779685,2.277115,1376,7.3899
11567,45,63,2.801347,3.485401,1456,7.5740
11568,63,18,3.324238,3.232955,1430,7.6112
11569,18,12,4.429933,4.876137,1408,7.4834
11570,12,35,2.836241,2.948867,1395,7.5112
11571,35,8,2.088044,2.248877,1454,7.6276
11572,8,41,2.368671,2.503797,1398,7.4556
11573,41,6,3.633338,3.847494,1440,7.5958
11574,6,56,3.062695,3.059933,1397,7.4606
11575,56,6,3.350400,3.412261,1475,7.6343
11576,6,56,2.867814,2.837830,1410,7.5776
11577,56,1,3.058391,3.156045,1445,7.5929
11578,1,32,3.260537,3.530197,1404,7.5511
11579,32,27,4.057546,3.644007,1431,7.6071
11580,27,2,6.316088,5.947473,1450,7.5918
11581,2,45,2.505194,2.326433,1402,7.5594
11582,45,30,3.274730,3.213983,1423,7.5068
11583,30,31,3.719615,3.407802,1419,7.6119
11584,31,12,2.701743,2.534169,1400,7.4451
11585,12,35,2.679230,2.811821,1400,7.4537
11586,35,53,3.522814,3.744820,1437,7.6017
11587,53,11,4.387462,4.786073,1462,7.6581
11588,11,42,2.141938,2.220455,1436,7.6029
11589,42,0,4.326041,4.380798,1465,7.6089
11590,0,60,3.277264,3.631543,1439,7.5589
11591,60,38,3.406328,2.947313,1438,7.5555
11592,38,2,3.133415,3.851630,1432,7.5959
11593,2,12,3.298381,3.416393,1314,7.1424
11594,12,35,2.521880,2.714696,1316,7.2885
11595,35,0,3.488801,3.642246,1403,7.5618
11596,0,60,3.008924,3.527852,1455,7.5873
11597,60,36,2.675562,2.670539,1275,6.8418
11598,36,29,2.746478,2.953524,1443,7.6390
11599,29,23,2.084636,2.076594,1415,7.6485
11600,23,29,1.751979,1.720456,1449,7.6569
11601,29,23,1.982002,1.948595,1413,7.5870
11602,23,29,1.738436,1.617339,1413,7.5901
11603,29,11,3.218292,3.068768,1426,7.5828
11604,11,45,2.525222,2.602962,1459,7.6073
11605,45,30,2.991344,3.119075,1447,7.5912
11606,30,31,3.562559,3.345812,1447,7.5812
11607,31,12,2.485981,2.462240,1356,7.3432
11608,12,20,3.547065,3.528282,1380,7.4267
11609,20,10,2.505438,2.216523,1351,7.1610
11610,10,2,3.703336,4.130862,1339,7.2752
11611,2,12,3.171787,3.317973,1379,7.4294
11612,12,43,5.865234,6.063419,1445,7.5747
11613,43,46,4.639441,4.188268,1398,7.7210
11614,46,1,3.668612,3.862724,1455,7.5996
11615,1,47,2.407771,1.961177,1440,7.5844
11616,47,22,3.473651,3.651736,1401,7.4899
11617,22,20,4.207245,4.138258,1248,6.8279
11618,20,8,3.089862,3.120694,1282,6.9639
11619,8,41,2.226124,2.382776,1342,7.2897
11620,41,30,4.445310,4.894742,1426,7.6092
11621,30,46,2.612233,2.841771,1436,7.6163
11622,46,47,2.517539,2.365713,1435,7.5508
11623,47,56,2.044997,3.121199,1443,7.5828
11624,56,6,3.161807,3.260361,1336,7.1465
11625,6,32,2.714398,2.605087,1358,7.2330
11626,32,61,3.503545,3.392131,1359,7.4110
11627,61,33,3.172055,3.068832,1430,7.5699
11628,33,18,4.841793,4.604928,1430,7.5932
11629,18,12,4.141196,4.783660,1432,7.6245
11630,12,35,2.340792,2.687754,1442,7.5680
11631,35,53,3.465792,3.723726,1434,7.6235
11632,53,17,1.930427,2.024702,1422,7.5854
11633,17,7,3.489375,3.654737,1468,7.7281
11634,7,31,3.212414,3.261029,1336,7.1080
11635,31,30,3.191051,3.010589,1428,7.5533
11636,30,46,2.725005,2.715814,1372,7.3138
11637,46,47,2.484442,2.308801,1406,7.4815
11638,47,56,2.100519,3.081049,1397,7.3962
11639,56,34,2.867315,3.154682,1424,7.5193
11640,34,35,3.757292,4.062435,1394,7.5964
11641,35,53,3.367072,3.589482,1389,7.4831
11642,53,0,3.688199,3.369480,1442,7.6018
11643,0,25,1.982448,2.013254,1392,7.4208
11644,25,36,2.327598,2.533656,1441,7.6346
11645,36,29,2.634047,2.842712,1455,7.6860
11646,29,23,1.905702,1.921291,1372,7.2710
11647,23,29,1.602692,1.551431,1362,7.3609
11648,29,11,2.986548,2.991794,1463,7.6903
11649,11,42,2.162869,2.288307,1439,7.6481
11650,42,54,3.401564,3.456767,1384,7.3140
11651,54,25,2.348849,2.473298,1378,7.4208
11652,25,2,3.594959,3.621587,1428,7.6018
11653,2,45,2.500970,2.368557,1325,7.2282
11654,45,30,3.088239,3.127679,1429,7.5441
11655,30,46,2.427253,2.672597,1377,7.4564
11656,46,46,0.922894,0.556063,1422,7.5298
11657,46,47,2.531823,2.367343,1449,7.6040
11658,47,22,3.581740,3.932485,1420,7.4998
11659,22,47,3.596597,2.687945,1220,6.9141
11660,47,51,3.652161,4.290150,1388,7.4945
11661,51,29,3.392679,3.961854,1449,7.6256
11662,29,23,2.001738,1.840178,1447,7.6916
11663,23,18,4.188830,4.507866,1386,7.4147
11664,18,38,3.090091,3.272940,1350,7.3294
11665,38,50,2.529321,2.228677,1446,7.6330
11666,50,54,3.273243,3.936242,1443,7.6918
11667,54,25,2.347278,2.424156,1319,7.0520
11668,25,29,2.702193,3.293024,1455,7.6323
11669,29,23,1.781455,1.779394,1442,7.6554
11670,23,18,4.050362,4.434047,1481,7.6990
11671,18,12,4.549646,4.729827,1433,7.5878
11672,12,35,2.291990,2.607238,1430,7.5652
11673,35,53,3.341236,3.483566,1369,7.3725
11674,53,11,4.422226,4.910484,1432,7.5491
11675,11,45,2.599746,2.605452,1331,7.1119
11676,45,30,2.932656,3.069309,1444,7.6045
11677,30,31,3.521740,3.361130,1423,7.5749
11678,31,54,4.614447,4.302458,1402,7.4839
11679,54,0,3.430147,3.289173,1395,7.4781
11680,0,25,2.198738,1.865188,1367,7.3233
11681,25,2,3.356151,3.545402,1365,7.2961
11682,2,54,4.055992,3.575198,1441,7.6314
11683,54,25,2.205832,2.272577,1437,7.5503
11684,25,36,2.504777,2.745976,1342,7.1633
11685,36,34,3.205555,3.257093,1411,7.5972
11686,34,35,3.459789,3.927159,1424,7.6331
11687,35,0,3.639401,3.635960,1433,7.5949
11688,0,25,1.834335,1.792221,1463,7.5758
11689,25,36,2.223032,2.661372,1443,7.6341
11690,36,21,3.805086,4.038703,1422,7.5993
11691,21,47,3.858791,4.134176,1425,7.5938
11692,47,22,3.328365,3.551711,1294,6.9428
11693,22,20,4.004875,4.081493,1354,7.2439
11694,20,10,2.314188,2.194650,1314,7.2184
11695,10,11,5.843672,6.244846,1346,7.4190
11696,11,42,2.324195,2.305334,1399,7.4594
11697,42,45,2.516981,2.172626,1446,7.5824
11698,45,63,3.113959,3.671418,1412,7.5382
11699,63,18,3.108974,3.225154,1438,7.6358
11700,18,12,4.141291,4.536576,1339,7.2030
11701,12,35,2.328348,2.566627,1315,6.9938
11702,35,0,3.484395,3.473088,1432,7.6051
11703,0,25,1.896283,1.791081,1340,7.2938
11704,25,36,2.256138,2.577859,1424,7.6258
11705,36,34,3.197312,3.302756,1454,7.6334
11706,34,7,5.097586,5.425063,1356,7.3596
11707,7,31,2.950803,3.139084,1358,7.3752
11708,31,30,3.106222,2.905856,1453,7.5980
11709,30,31,3.373891,3.084347,1402,7.5014
11710,31,12,2.932074,2.777473,1408,7.5170
11711,12,35,2.388603,2.471765,1425,7.5634
11712,35,0,3.453382,3.312876,1420,7.5882
11713,0,21,4.105467,4.727302,1309,7.0059
11714,21,9,3.688524,4.108340,1466,7.6312
11715,9,15,3.251630,3.176807,1354,7.2552
11716,15,49,2.213849,2.184294,1168,6.2579
11717,49,43,3.683202,4.273869,1432,7.5387
11718,43,51,4.508350,4.356011,1231,6.8504
11719,51,16,1.975041,1.734938,1430,7.5944
11720,16,23,2.901299,3.708947,1441,7.6478
11721,23,29,1.589983,1.642412,1363,7.3677
11722,29,23,1.743106,1.613763,1450,7.7071
11723,23,29,1.525625,1.548970,1452,7.6995
11724,29,11,3.283960,3.266064,1438,7.6324
11725,11,42,2.284728,2.268948,1371,7.4470
11726,42,0,4.340249,4.613277,1441,7.6155
11727,0,21,3.908632,4.546995,1428,7.4997
11728,21,9,3.447890,4.092068,1368,7.2055
11729,9,3,2.469700,2.782667,1431,7.5770
11730,3,41,2.650892,3.231239,1273,6.9088
11731,41,6,3.213908,3.645992,1410,7.5669
11732,6,32,2.664766,2.531969,1389,7.3583
11733,32,9,2.407189,2.334805,1430,7.6330
11734,9,3,2.309618,2.723105,1406,7.5675
11735,3,41,2.616978,3.190036,1423,7.5741
11736,41,6,3.041721,3.486694,1433,7.6214
11737,6,32,2.644135,2.478917,1406,7.5265
11738,32,9,2.289521,2.258507,1312,7.1314
11739,9,44,3.836181,4.224628,1418,7.5792
11740,44,36,4.900698,4.677816,1217,6.8155
11741,36,21,3.556253,3.647436,1302,7.2071
11742,21,47,3.862291,4.167511,1453,7.5730
11743,47,51,3.331159,3.988785,1447,7.6500
11744,51,29,3.474818,3.936906,1420,7.5203
11745,29,23,1.640293,1.565098,1450,7.6699
11746,23,29,1.455554,1.482242,1427,7.6160
11747,29,11,3.128092,3.156815,1440,7.6376
11748,11,45,2.485291,2.562238,1390,7.5098
11749,45,62,4.472178,5.052676,1442,7.5720
11750,62,20,4.253458,4.327379,1396,7.4963
11751,20,3,4.408881,4.536501,1342,7.2376
11752,3,39,3.005231,3.113757,1362,7.4136
11753,39,44,2.812430,2.586511,1434,7.6011
11754,44,35,5.789589,5.558334,1374,7.2999
11755,35,53,3.253635,3.402190,1416,7.5470
11756,53,17,1.925868,2.279177,1426,7.5616
11757,17,7,3.496869,3.504956,1425,7.6045
11758,7,16,4.499064,4.715975,1446,7.6265
11759,16,21,4.344348,4.834535,1398,7.4816
11760,21,47,3.694000,4.048089,1452,7.5915
11761,47,56,2.089889,3.072876,1456,7.6461
11762,56,6,2.970831,3.182527,1310,6.9773
11763,6,32,2.399106,2.381679,1463,7.6147
11764,32,27,4.083501,3.754979,1463,7.6501
11765,27,20,5.292909,5.023250,1240,6.6431
11766,20,3,4.399196,4.318479,1389,7.3098
11767,3,39,2.985119,2.944980,1464,7.6582
11768,39,44,2.597767,2.474809,1425,7.5432
11769,44,35,5.465392,5.488457,1388,7.4872
11770,35,53,3.086418,3.175845,1438,7.6480
11771,53,17,1.975313,2.314311,1425,7.5789
11772,17,2,4.104155,4.807072,1435,7.6312
11773,2,45,2.616503,2.412205,1443,7.6426
11774,45,30,3.174102,3.131849,1449,7.6091
11775,30,31,3.218812,3.044757,1454,7.6475
11776,31,12,2.788515,2.657493,1404,7.5336
11777,12,35,2.383409,2.641572,1422,7.5633
11778,35,8,2.472536,2.696364,1383,7.4655
11779,8,56,3.375165,4.157030,1427,7.5784
11780,56,34,2.946238,3.186303,1435,7.5638
11781,34,40,2.321909,2.330340,1425,7.6316
11782,40,57,2.366978,2.553547,1427,7.7004
11783,57,32,3.985551,4.241056,1426,7.5840
11784,32,9,2.243019,2.225899,1342,7.3051
11785,9,15,3.217204,3.343989,1444,7.6171
11786,15,49,2.112769,2.168360,1439,7.6368
11787,49,48,5.676169,5.361367,1448,7.5560
11788,48,6,4.746467,4.465845,1445,7.6373
11789,6,56,2.630679,2.837646,1433,7.6183
11790,56,34,2.703722,3.091579,1457,7.5854
11791,34,40,2.186971,2.264060,1464,7.7100
11792,40,57,2.495593,2.562564,1430,7.6784
11793,57,52,3.370244,3.584117,1452,7.6306
11794,52,21,5.389383,5.287716,1461,7.5938
11795,21,48,2.931448,2.666081,1443,7.6012
11796,48,6,4.268247,4.373325,1462,7.6706
11797,6,32,2.505807,2.446210,1450,7.6018
11798,32,9,2.143531,2.147806,1412,7.5618
11799,9,3,2.927928,3.058933,1430,7.5937
11800,3,39,2.790766,2.880406,1424,7.5843
11801,39,44,2.589801,2.382152,1298,6.9322
11802,44,35,5.275734,5.496006,1426,7.6713
11803,35,0,3.233845,3.210756,1288,7.2290
11804,0,60,3.253084,3.772748,1429,7.5895
11805,60,38,3.416704,2.960531,1430,7.5856
11806,38,50,2.232438,2.162843,1291,7.0849
11807,50,33,4.241796,4.316806,1462,7.7194
11808,33,18,4.996710,4.425081,1444,7.6198
11809,18,12,3.986628,4.417083,1326,7.2022
11810,12,20,3.670109,3.603586,1412,7.5013
11811,20,3,4.254631,4.320737,1469,7.6173
11812,3,41,2.554012,3.132699,1420,7.5798
11813,41,6,3.127547,3.368170,1439,7.6567
11814,6,56,2.642111,2.838576,1443,7.6067
11815,56,6,2.944494,3.029699,1456,7.5984
11816,6,32,2.358254,2.416443,1443,7.6099
11817,32,9,2.098193,2.108439,1384,7.3821
11818,9,15,3.381290,3.341212,1417,7.5399
11819,15,49,2.014616,2.153993,1362,7.3440
11820,49,43,3.592021,4.216018,1445,7.6035
11821,43,11,4.304608,4.530410,1398,7.6003
11822,11,45,2.341739,2.411749,1444,7.6319
11823,45,63,3.029266,3.673600,1442,7.6081
11824,63,6,4.899818,4.949664,1423,7.4882
11825,6,56,2.272742,2.666341,1384,7.3382
11826,56,6,2.789140,2.906897,1395,7.4579
11827,6,32,2.358429,2.371789,1444,7.5893
11828,32,9,1.985927,2.058075,1333,7.2770
11829,9,15,3.299898,3.231949,1409,7.5522
11830,15,49,2.045434,2.130628,1372,7.4045
11831,49,43,3.500317,4.140213,1312,7.1899
11832,43,46,4.677678,4.415469,1389,7.5771
11833,46,47,2.473829,2.334333,1426,7.5769
11834,47,51,3.118425,3.863820,1448,7.6397
11835,51,51,1.306659,0.798313,1461,7.6880
11836,51,16,2.168548,1.937436,1448,7.6087
11837,16,21,4.412164,4.741626,1398,7.4677
11838,21,9,4.525740,4.212568,1463,7.6457
11839,9,3,3.273601,3.165091,1338,7.2849
11840,3,41,2.520636,3.108200,1437,7.6146
11841,41,36,5.460972,5.425649,1444,7.6497
11842,36,29,2.948913,3.102599,1323,7.2564
11843,29,23,1.537779,1.599458,1281,7.1162
11844,23,29,1.491724,1.474146,1272,6.8362
11845,29,11,3.090348,3.109470,1435,7.6267
11846,11,42,2.318001,2.312809,1448,7.6284
11847,42,45,2.254907,2.017468,1404,7.4528
11848,45,63,2.829422,3.534004,1455,7.6114
11849,63,18,3.194559,3.337854,1376,7.3597
11850,18,12,3.719246,4.226234,1446,7.6547
11851,12,20,3.445886,3.432297,1346,7.2819
11852,20,3,4.221382,4.343339,1382,7.2671
11853,3,41,2.359078,2.955682,1372,7.3835
11854,41,30,4.680369,5.093078,1443,7.6215
11855,30,27,6.131617,6.401798,1434,7.5733
11856,27,20,5.251134,4.959149,1420,7.5264
11857,20,3,4.000012,4.134003,1471,7.5587
11858,3,39,2.867263,2.901146,1449,7.6339
11859,39,15,3.032322,3.001234,1446,7.6366
11860,15,49,2.142293,2.020219,1415,7.5440
11861,49,50,4.834394,4.930743,1449,7.5906
11862,50,54,3.304988,3.957112,1437,7.6686
11863,54,0,3.497845,3.317138,1360,7.3516
11864,0,60,3.198688,3.641475,1367,7.4243
11865,60,38,3.229085,2.895773,1440,7.5709
11866,38,50,2.577566,2.205573,1430,7.5999
11867,50,54,3.171213,3.806208,1423,7.5745
11868,54,0,3.126998,3.223944,1399,7.4699
11869,0,60,2.849038,3.536560,1442,7.5567
11870,60,38,3.054185,2.838090,1459,7.5787
11871,38,50,2.398359,2.172898,1449,7.5966
11872,50,53,3.848739,4.003378,1464,7.6916
11873,53,17,2.079476,2.192014,1402,7.4896
11874,17,2,4.079901,4.678103,1370,7.4785
11875,2,12,3.503311,3.608239,1426,7.5032
11876,12,35,2.659177,2.777505,1211,6.7222
11877,35,53,2.856142,3.228379,1382,7.3469
11878,53,11,4.676951,5.099350,1360,7.2895
11879,11,42,2.126869,2.256769,1442,7.6266
11880,42,0,4.136060,4.356562,1455,7.5826
11881,0,60,2.875500,3.416438,1435,7.5288
11882,60,38,2.998027,2.791045,1329,7.0355
11883,38,50,2.314711,2.143354,1466,7.6302
11884,50,53,3.706167,3.925147,1459,7.7011
11885,53,11,4.531199,4.912431,1426,7.5307
11886,11,42,2.085325,2.206397,1474,7.6306
11887,42,0,3.925388,4.209788,1411,7.4863
11888,0,21,4.067671,4.606470,1381,7.4182
11889,21,47,3.960758,4.005556,1376,7.3777
11890,47,56,2.328932,3.101553,1324,7.1789
11891,56,34,2.962309,3.125055,1235,6.7416
11892,34,7,5.209028,5.219414,1450,7.6505
11893,7,31,3.194897,3.145522,1390,7.4897
11894,31,30,2.925629,2.684209,1389,7.4527
11895,30,46,2.450290,2.801414,1367,7.3477
11896,46,46,0.925486,0.613894,1421,7.5384
11897,46,47,2.468545,2.398259,1426,7.5541
11898,47,22,3.284698,3.645736,1475,7.6306
11899,22,35,4.170615,4.322412,1404,7.5235
11900,35,0,3.326576,3.427292,1350,7.2915
11901,0,21,3.783033,4.443054,1429,7.4908
11902,21,48,2.932298,2.682734,1417,7.4894
11903,48,51,3.917768,3.913155,1422,7.5531
11904,51,16,1.913699,1.816287,1435,7.6037
11905,16,53,5.181299,5.694968,1427,7.5628
11906,53,17,1.947498,2.190075,1440,7.5921
11907,17,7,3.160708,3.463040,1432,7.6480
11908,7,16,4.368543,4.599699,1332,7.2404
11909,16,23,2.997268,3.791399,1461,7.6858
11910,23,18,4.322920,4.454317,1451,7.7082
11911,18,12,3.633393,4.145407,1400,7.5236
11912,12,20,3.699103,3.375295,1441,7.5971
11913,20,10,2.362443,2.246014,1442,7.5892
11914,10,2,3.507762,4.027579,1448,7.6606
11915,2,12,3.389346,3.501825,1191,6.7971
11916,12,20,3.347804,3.223336,1412,7.4557
11917,20,3,4.122668,4.208609,1439,7.5694
11918,3,39,2.816624,2.781051,1453,7.6228
11919,39,44,2.448772,2.374836,1440,7.6052
11920,44,35,5.589015,5.346095,1429,7.6171
11921,35,0,3.359679,3.280166,1406,7.5777
11922,0,60,2.639447,3.389086,1395,7.4711
11923,60,38,2.869686,2.734428,1240,6.7041
11924,38,2,3.203985,3.886340,1334,7.1989
11925,2,45,2.653534,2.506677,1389,7.5115
11926,45,30,3.138969,3.221197,1357,7.2601
11927,30,27,5.601781,6.296436,1432,7.6435
11928,27,2,6.042399,5.470991,1476,7.6627
11929,2,12,3.358945,3.437451,1429,7.6071
11930,12,43,6.057034,5.890452,1464,7.5770
11931,43,11,4.270476,4.448044,1322,7.2814
11932,11,42,2.043561,2.104467,1394,7.3930
11933,42,54,3.257793,3.726874,1481,7.6233
11934,54,0,3.035726,3.076165,1453,7.5617
11935,0,21,3.440120,4.352599,1452,7.5798
11936,21,48,3.044184,2.633806,1401,7.4155
11937,48,51,3.711649,3.781273,1380,7.3609
11938,51,29,3.773092,3.735889,1436,7.6092
11939,29,11,3.312699,3.134455,1436,7.6857
11940,11,42,1.981548,2.046385,1396,7.4604
11941,42,45,2.410176,2.169403,1418,7.5450
11942,45,63,2.729077,3.431529,1411,7.5370
11943,63,6,5.011882,4.936801,1427,7.6086
11944,6,32,2.287713,2.328045,1448,7.6087
11945,32,9,2.130067,2.113136,1443,7.6180
11946,9,44,4.389701,4.419768,1361,7.3846
11947,44,36,5.013093,4.731906,1403,7.5334
11948,36,29,2.867826,3.094019,1441,7.6280
11949,29,23,1.716090,1.671884,1448,7.6805
11950,23,29,1.563147,1.548810,1368,7.4581
11951,29,23,1.694985,1.580972,1389,7.5100
11952,23,29,1.489116,1.464138,1376,7.5087
11953,29,23,1.565800,1.500749,1450,7.6442
11954,23,29,1.411277,1.387889,1410,7.5777
11955,29,23,1.470906,1.431046,1469,7.7249
11956,23,29,1.317302,1.325380,1446,7.6796
11957,29,11,3.321964,3.400762,1417,7.6544
11958,11,45,2.643748,2.595691,1327,7.1396
11959,45,30,3.112564,3.266149,1421,7.5727
11960,30,46,2.847974,2.771058,1361,7.3110
11961,46,47,2.450981,2.270502,1409,7.4888
11962,47,56,2.166465,3.195080,1445,7.5842
11963,56,34,2.741264,3.007783,1464,7.6132
11964,34,7,4.963884,5.052339,1386,7.5705
11965,7,31,2.994100,3.105975,1356,7.3055
11966,31,12,2.967303,2.883332,1367,7.3101
11967,12,43,5.768525,5.735560,1460,7.6012
11968,43,11,4.163794,4.356558,1386,7.5727
11969,11,24,4.422546,4.835424,1422,7.5071
11970,24,4,2.384349,2.624740,1423,7.5956
11971,4,23,4.306795,4.338974,1367,7.2699
11972,23,29,1.263319,1.270897,1428,7.6683
11973,29,11,3.060911,3.284688,1435,7.6448
11974,11,45,2.389749,2.517620,1347,7.3463
11975,45,63,2.754944,3.462571,1441,7.5939
11976,63,6,4.591747,4.894846,1374,7.3990
11977,6,32,2.181495,2.295890,1289,6.9631
11978,32,9,2.026229,2.036835,1434,7.6053
11979,9,15,3.636753,3.202332,1406,7.4768
11980,15,49,1.930094,2.029632,1439,7.5981
11981,49,43,3.726406,4.397035,1434,7.5707
11982,43,46,4.502508,4.168815,1441,7.6854
11983,46,47,2.175683,2.111186,1398,7.4965
11984,47,56,2.050978,3.128303,1432,7.5965
11985,56,6,3.111167,3.185412,1438,7.5727
11986,6,32,2.145696,2.227672,1430,7.5153
11987,32,9,2.013654,1.985663,1430,7.5855
11988,9,15,3.407894,3.084831,1485,7.6695
11989,15,19,4.081285,4.429488,1435,7.6241
11990,19,38,5.862570,5.619472,1273,6.9709
11991,38,2,3.128652,3.791642,1413,7.5964
11992,2,12,3.299829,3.401083,1435,7.5777
11993,12,35,2.871164,3.030322,1449,7.5666
11994,35,0,3.411390,3.186519,1461,7.6372
11995,0,60,2.761924,3.348065,1455,7.6391
11996,60,38,2.891080,2.748937,1399,7.4264
11997,38,50,2.300535,2.100909,1426,7.5240
11998,50,53,3.801387,3.792708,1447,7.6998
11999,53,0,3.239555,3.128346,1445,7.6257
12000,0,21,3.381424,4.245503,1443,7.5571
12001,21,48,2.996099,2.665251,1448,7.5960
12002,48,51,3.579935,3.655908,1271,6.9682
12003,51,29,3.306125,3.442051,1432,7.5823
12004,29,23,1.540951,1.554493,1433,7.6317
12005,23,29,1.254967,1.260039,1438,7.6655
12006,29,11,3.037510,3.151992,1471,7.6941
12007,11,42,2.175654,2.235444,1454,7.6322
12008,42,0,4.145607,4.359989,1439,7.5774
12009,0,21,3.272485,4.053401,1402,7.5333
12010,21,47,3.945372,4.200097,1435,7.4842
12011,47,22,3.821799,3.748855,1418,7.6327
12012,22,20,4.055641,4.065556,1366,7.2696
12013,20,10,2.364759,2.246404,1448,7.5604
12014,10,11,6.131103,6.372608,1428,7.6684
12015,11,42,1.978395,2.109551,1370,7.2458
12016,42,54,3.238628,3.734251,1435,7.5311
12017,54,25,2.608673,2.651283,1447,7.6077
12018,25,2,3.474940,3.640346,1444,7.6196
12019,2,12,3.099392,3.293747,1347,7.2474
12020,12,43,5.699490,5.677499,1354,7.2450
12021,43,46,4.252344,3.937149,1379,7.5562
12022,46,1,3.821439,3.986980,1456,7.5874
12023,1,32,3.423656,3.598014,1436,7.5947
12024,32,9,1.877133,1.907038,1281,6.8876
12025,9,15,3.231051,2.962337,1406,7.5342
12026,15,39,3.202812,3.327601,1438,7.6095
12027,39,44,2.450405,2.271747,1427,7.5984
12028,44,36,4.574602,4.613177,1424,7.5712
12029,36,29,3.022479,3.156821,1445,7.6406
12030,29,23,1.534241,1.552658,1445,7.6739
12031,23,29,1.276504,1.275333,1460,7.7033
12032,29,11,3.015565,3.218933,1447,7.6394
12033,11,45,2.472060,2.565131,1401,7.4196
12034,45,62,4.449596,5.043968,1410,7.5184
12035,62,60,3.735623,3.856889,1354,7.3621
12036,60,38,2.844772,2.607524,1452,7.5511
12037,38,2,2.983694,3.656048,1390,7.4346
12038,2,12,3.038713,3.220673,1426,7.5184
12039,12,43,5.645098,5.505721,1351,7.2071
12040,43,51,4.598360,4.546682,1330,7.3103
12041,51,51,1.333667,0.860977,1429,7.6018
12042,51,51,1.157461,0.731191,1442,7.6424
12043,51,16,2.185901,2.010677,1450,7.6297
12044,16,23,3.070072,3.713367,1451,7.6296
12045,23,18,4.522624,4.516985,1419,7.5637
12046,18,38,3.495862,3.739556,1455,7.6453
12047,38,2,2.942990,3.584110,1433,7.6115
12048,2,12,2.963085,3.151933,1403,7.5718
12049,12,35,2.780394,3.029391,1317,7.0966
12050,35,0,3.453077,3.126364,1433,7.5738
12051,0,25,2.482951,2.302239,1407,7.4576
12052,25,29,2.927758,3.580582,1438,7.6132
12053,29,11,2.967530,2.966335,1417,7.5668
12054,11,42,2.036041,2.178264,1408,7.5250
12055,42,54,3.313580,3.630959,1422,7.5498
12056,54,25,2.463684,2.526176,1466,7.5836
12057,25,2,3.491026,3.520240,1432,7.6215
12058,2,12,2.913082,3.047917,1434,7.5918
12059,12,20,3.278441,3.291793,1414,7.5140
12060,20,10,2.222199,2.224322,1262,6.9101
12061,10,2,3.895265,4.279529,1411,7.5927
12062,2,54,4.109428,3.669810,1431,7.6203
12063,54,25,2.346225,2.382550,1407,7.4824
12064,25,2,3.331549,3.501325,1446,7.6390
12065,2,45,3.053869,2.692718,1425,7.5801
12066,45,30,3.434501,3.238957,1446,7.6303
12067,30,46,2.824694,2.811799,1385,7.4154
12068,46,1,3.561401,3.864295,1420,7.5714
12069,1,47,2.663015,2.100257,1443,7.6309
12070,47,51,3.583231,3.943464,1409,7.4214
12071,51,16,1.904731,1.939645,1472,7.6384
12072,16,21,4.423947,4.801172,1410,7.5316
12073,21,9,4.972196,4.636700,1377,7.3011
12074,9,3,3.669634,3.474437,1454,7.6299
12075,3,10,3.393280,3.530321,1423,7.6122
12076,10,2,3.586420,4.235767,1433,7.6433
12077,2,12,2.923588,2.940392,1425,7.6141
12078,12,35,2.735869,2.977474,1388,7.3650
12079,35,8,2.931492,2.867632,1437,7.6068
12080,8,41,2.144570,2.418375,1379,7.3393
12081,41,30,4.884547,5.048692,1420,7.5809
12082,30,46,2.617951,2.660085,1463,7.6261
12083,46,47,2.564414,2.247883,1461,7.5928
12084,47,56,2.144033,3.082103,1459,7.6248
12085,56,1,3.209888,3.344947,1437,7.5534
12086,1,32,3.335646,3.515195,1445,7.6285
12087,32,61,3.792894,3.805664,1435,7.6122
12088,61,33,3.193465,2.980354,1369,7.4384
12089,33,11,6.068362,5.848510,1444,7.5927
12090,11,45,2.508145,2.569090,1454,7.6402
12091,45,30,3.183111,3.289949,1357,7.3583
12092,30,46,2.803706,2.586337,1424,7.5447
12093,46,46,0.950077,0.640021,1379,7.4396
12094,46,46,0.785789,0.540005,1429,7.5885
12095,46,46,0.638892,0.454451,1459,7.5938
12096,46,46,0.543055,0.385193,1446,7.5836
12097,46,46,0.460792,0.327969,1461,7.5956
12098,46,46,0.418344,0.282148,1453,7.5747
12099,46,1,4.041965,4.666721,1466,7.6355
12100,1,47,2.504163,2.004145,1437,7.6253
12101,47,51,3.151449,3.832490,1352,7.1624
12102,51,51,1.035244,0.647758,1461,7.6424
12103,51,51,0.844971,0.543074,1439,7.5881
12104,51,16,2.229952,2.109828,1420,7.5725
12105,16,53,5.127717,5.561915,1404,7.4352
12106,53,11,4.568969,4.911834,1446,7.5945
12107,11,42,1.898122,2.114717,1431,7.5749
12108,42,54,3.170352,3.509090,1477,7.6123
12109,54,25,2.302409,2.309565,1431,7.5485
12110,25,29,2.954006,3.694768,1423,7.6360
12111,29,23,1.623562,1.614191,1431,7.6992
12112,23,29,1.388671,1.364907,1387,7.4545
12113,29,23,1.563210,1.532981,1445,7.6574
12114,23,29,1.267924,1.308460,1474,7.6936
12115,29,23,1.429689,1.461030,1463,7.6862
12116,23,29,1.364615,1.268997,1399,7.5544
12117,29,23,1.414517,1.396616,1442,7.6371
12118,23,29,1.214408,1.216667,1440,7.6694
12119,29,11,3.185634,3.405909,1440,7.6501
12120,11,24,4.261929,4.844368,1446,7.6626
12121,24,54,3.071993,3.222977,1417,7.5268
12122,54,0,3.334740,3.365235,1460,7.5908
12123,0,21,3.179313,4.045143,1457,7.6039
12124,21,48,2.869489,2.775075,1417,7.5019
12125,48,25,4.250067,4.529544,1433,7.6364
12126,25,29,2.914819,3.448145,1440,7.6261
12127,29,11,3.091163,3.157056,1419,7.6366
12128,11,42,1.969725,2.205146,1446,7.6238
12129,42,54,3.090257,3.356308,1442,7.5510
12130,54,25,2.247253,2.374194,1324,7.0959
12131,25,29,2.727720,3.403904,1406,7.4791
12132,29,23,1.584644,1.534096,1445,7.6765
12133,23,29,1.223814,1.223641,1439,7.6726
12134,29,11,2.770896,3.059785,1451,7.6655
12135,11,42,2.063602,2.182806,1442,7.6075
12136,42,54,2.826757,3.273656,1468,7.5836
12137,54,0,3.328617,3.355333,1447,7.5590
12138,0,60,2.958649,3.458216,1432,7.5568
12139,60,38,2.687458,2.590015,1301,7.0204
12140,38,2,3.055765,3.507986,1461,7.6211
12141,2,54,4.190684,3.670004,1352,7.2691
12142,54,25,2.179004,2.321135,1435,7.5532
12143,25,36,3.423663,3.482993,1403,7.4962
12144,36,29,2.915569,2.995502,1357,7.3176
12145,29,23,1.493572,1.529882,1419,7.6104
12146,23,29,1.194222,1.248239,1416,7.6530
12147,29,23,1.457951,1.451780,1435,7.6260
12148,23,29,1.148388,1.218626,1415,7.6587
12149,29,11,2.816250,3.041700,1448,7.6704
12150,11,42,2.162125,2.169564,1383,7.4114
12151,42,0,4.091137,4.449300,1334,7.2134
12152,0,25,2.027541,2.003295,1457,7.5820
12153,25,2,3.475416,3.637106,1424,7.5790
12154,2,12,2.734455,2.926198,1328,7.2499
12155,12,35,2.632832,2.848322,1416,7.5313
12156,35,0,3.281679,3.262819,1437,7.6459
12157,0,25,2.044592,1.967332,1419,7.5117
12158,25,36,3.549733,3.482961,1449,7.6425
12159,36,34,3.275729,3.168592,1430,7.6549
12160,34,40,2.188073,2.235771,1425,7.6468
12161,40,21,4.838648,5.858736,1312,7.1908
12162,21,48,2.941144,2.701862,1295,7.0641
12163,48,25,4.067803,4.437021,1401,7.5524
12164,25,36,3.348208,3.240793,1423,7.6066
12165,36,34,3.246809,3.161737,1311,7.0899
12166,34,35,3.960788,4.150849,1449,7.6742
12167,35,8,2.783879,2.766365,1272,6.9418
12168,8,52,4.330857,4.915929,1394,7.4476
12169,52,21,5.334363,5.317704,1430,7.5478
12170,21,48,2.896506,2.547260,1347,7.1817
12171,48,6,4.427711,4.365983,1365,7.4638
12172,6,56,2.588681,2.766322,1416,7.4888
12173,56,1,3.032925,3.216762,1356,7.2752
12174,1,19,4.559063,4.758762,1248,6.7010
12175,19,24,3.338573,3.355537,1448,7.6487
12176,24,0,4.500088,4.663353,1312,6.9691
12177,0,21,3.775715,4.091330,1268,6.8184
12178,21,47,4.019317,4.211784,1332,7.1740
12179,47,51,2.857603,3.520335,1456,7.6424
12180,51,16,2.143046,2.008083,1432,7.6127
12181,16,23,2.786985,3.812910,1456,7.6340
12182,23,29,1.232854,1.259816,1372,7.4311
12183,29,23,1.482855,1.437010,1362,7.4564
12184,23,18,4.499937,4.777535,1376,7.4403
12185,18,12,4.034486,4.561007,1471,7.6527
12186,12,20,3.195990,3.122975,1434,7.5789
12187,20,10,2.256689,2.192932,1394,7.4572
12188,10,2,3.537704,4.217259,1341,7.3762
12189,2,12,2.702759,2.837241,1396,7.5348
12190,12,35,2.551552,2.878439,1388,7.3719
12191,35,0,3.233815,3.288865,1420,7.5497
12192,0,25,1.775753,1.956719,1363,7.2129
12193,25,36,3.093376,3.124830,1436,7.6202
12194,36,29,2.705728,3.016118,1462,7.6418
12195,29,11,2.595096,2.862844,1448,7.6281
12196,11,42,2.088657,2.117673,1425,7.6266
12197,42,54,2.925849,3.345089,1467,7.6095
12198,54,0,3.234165,3.282342,1449,7.5620
12199,0,21,3.311798,4.033478,1388,7.4127
12200,21,9,4.376235,4.626063,1442,7.5565
12201,9,44,4.328442,4.342900,1379,7.4423
12202,44,36,4.991375,4.786329,1422,7.5425
12203,36,21,3.519001,3.545830,1449,7.6799
12204,21,48,2.776954,2.605397,1443,7.5829
12205,48,51,3.583993,3.611373,1444,7.6507
12206,51,29,3.725237,4.058423,1407,7.5004
12207,29,11,2.480915,2.676440,1415,7.5828
12208,11,42,2.026976,2.072830,1365,7.2827
12209,42,54,2.818040,3.258053,1468,7.6141
12210,54,25,2.282775,2.345555,1418,7.5451
12211,25,36,3.283122,3.156070,1458,7.6454
12212,36,34,3.209843,3.179178,1439,7.6493
12213,34,35,3.823113,4.032567,1451,7.6725
12214,35,8,2.654123,2.678374,1430,7.6192
12215,8,56,3.192174,4.051372,1453,7.5988
12216,56,34,2.881208,3.183289,1428,7.5449
12217,34,35,3.489712,3.925288,1405,7.5252
12218,35,53,3.629756,3.783435,1437,7.6460
12219,53,11,4.939270,5.025689,1407,7.5397
12220,11,42,1.987634,1.954006,1308,7.1873
12221,42,54,2.677889,3.176183,1367,7.3529
12222,54,0,3.210109,3.289194,1344,7.2012
12223,0,60,3.060621,3.599807,1443,7.6040
12224,60,44,5.538320,5.789874,1419,7.4265
12225,44,35,5.275199,5.323332,1300,7.1129
12226,35,53,3.193313,3.565371,1394,7.4686
12227,53,17,2.038657,2.314969,1403,7.4643
12228,17,1,4.064775,4.210893,1375,7.5047
12229,1,47,2.581467,2.061906,1438,7.6020
12230,47,51,3.173168,3.452555,1444,7.6367
12231,51,16,2.154578,1.977425,1440,7.6006
12232,16,53,4.915810,5.569645,1393,7.3476
12233,53,17,2.063340,2.201178,1338,7.2747
12234,17,2,4.151070,4.671523,1417,7.5928
12235,2,12,2.633813,2.765666,1416,7.6028
12236,12,35,2.548341,3.007636,1355,7.3162
12237,35,8,2.587166,2.611945,1391,7.4713
12238,8,41,2.125113,2.568056,1373,7.4074
12239,41,6,3.455596,3.551571,1436,7.6121
12240,6,56,2.582370,2.706696,1415,7.5295
12241,56,34,2.896435,3.088513,1445,7.5746
12242,34,35,3.600918,3.843547,1411,7.6349
12243,35,0,3.527940,3.483161,1399,7.4809
12244,0,25,1.886737,1.909611,1320,7.0856
12245,25,36,3.180669,3.040628,1425,7.6130
12246,36,34,3.176502,3.255256,1423,7.5874
12247,34,40,2.343334,2.408208,1447,7.6801
12248,40,25,5.376037,6.122907,1350,7.3241
12249,25,29,3.017836,3.622267,1412,7.5584
12250,29,11,2.515732,2.652856,1472,7.6828
12251,11,42,1.920135,1.924636,1411,7.5836
12252,42,0,4.220371,4.652004,1422,7.4880
12253,0,21,3.129627,3.901925,1425,7.5379
12254,21,48,2.825356,2.588602,1429,7.5449
12255,48,51,3.554426,3.535219,1451,7.6559
12256,51,29,3.609894,3.897897,1453,7.5962
12257,29,23,1.773668,1.625304,1450,7.6384
12258,23,18,3.964152,4.295987,1443,7.7012
12259,18,12,4.055576,4.559373,1371,7.3331
12260,12,20,3.203645,3.025228,1442,7.5861
12261,20,10,2.121468,2.148929,1309,7.0069
12262,10,2,3.453724,4.057469,1281,6.9925
12263,2,45,3.094459,2.859188,1433,7.6280
12264,45,63,3.098790,3.449753,1436,7.6035
12265,63,18,3.349491,3.356759,1446,7.5814
12266,18,12,3.970603,4.352628,1402,7.5465
12267,12,35,2.705962,2.992055,1430,7.5809
12268,35,0,3.804271,3.428160,1441,7.6274
12269,0,21,2.806315,3.715770,1459,7.6314
12270,21,48,3.027459,2.553609,1359,7.2304
12271,48,51,3.369776,3.430241,1436,7.6306
12272,51,29,3.199083,3.664535,1379,7.3094
12273,29,11,2.474288,2.557822,1439,7.6237
12274,11,42,2.045075,1.915883,1444,7.6432
12275,42,45,2.837935,2.618189,1415,7.5177
12276,45,63,2.934494,3.394484,1353,7.4189
12277,63,6,4.828475,4.737704,1444,7.5781
12278,6,22,4.443786,4.881308,1218,6.8332
12279,22,35,4.400317,4.310902,1183,6.4699
12280,35,0,3.268410,3.301212,1365,7.2643
12281,0,60,3.184417,3.542394,1432,7.5992
12282,60,44,5.550052,5.707675,1413,7.4584
12283,44,36,4.864029,4.447848,1385,7.3758
12284,36,29,2.682222,3.134871,1441,7.6249
12285,29,23,1.691688,1.671608,1440,7.6282
12286,23,29,1.574961,1.498283,1464,7.6918
12287,29,11,2.314032,2.539251,1432,7.6097
12288,11,42,1.886650,1.910923,1422,7.5842
12289,42,0,4.429311,4.729414,1429,7.5222
12290,0,25,2.074671,2.060805,1445,7.5793
12291,25,36,3.092959,2.984012,1454,7.6183
12292,36,21,3.390387,3.413731,1452,7.6159
12293,21,48,2.708302,2.478432,1255,6.7694
12294,48,51,3.176825,3.354979,1431,7.6388
12295,51,16,2.360385,1.960243,1348,7.1644
12296,16,53,4.767328,5.383261,1436,7.5473
12297,53,0,3.417362,3.249053,1419,7.5780
12298,0,25,1.953205,2.003745,1367,7.3876
12299,25,36,3.092067,2.897112,1441,7.6411
12300,36,34,3.134544,3.247778,1446,7.6168
12301,34,35,3.436492,3.749870,1431,7.6732
12302,35,8,2.387918,2.582617,1325,7.0303
12303,8,52,4.367343,4.938118,1293,7.0879
12304,52,22,3.776096,3.750775,1447,7.5675
12305,22,35,4.010200,4.135254,1457,7.6081
12306,35,8,2.234490,2.446655,1424,7.5980
12307,8,52,4.244946,4.913151,1426,7.5194
12308,52,22,3.564037,3.579171,1449,7.5534
12309,22,47,3.364380,2.891738,1351,7.1132
12310,47,22,3.420788,3.510558,1360,7.1940
12311,22,35,3.833287,4.081900,1450,7.5699
12312,35,0,3.921900,3.436870,1429,7.6097
12313,0,25,2.065758,1.942852,1379,7.3217
12314,25,36,2.764807,2.806331,1460,7.6667
12315,36,34,3.126676,3.232911,1399,7.3916
12316,34,40,2.250819,2.375546,1431,7.6617
12317,40,25,5.196033,6.001451,1461,7.7157
12318,25,2,3.958004,4.150740,1435,7.6070
12319,2,12,2.707585,2.802423,1355,7.1609
12320,12,20,2.911343,2.877977,1335,7.2261
12321,20,10,2.115618,2.128346,1269,7.0207
12322,10,2,3.634584,4.012358,1421,7.6422
12323,2,45,3.093596,2.789720,1441,7.6253
12324,45,63,2.620205,3.250870,1431,7.5928
12325,63,47,5.025225,5.265140,1444,7.6367
12326,47,51,3.014601,3.405554,1459,7.6600
12327,51,29,2.775558,3.506164,1282,6.9061
12328,29,11,2.302855,2.436409,1427,7.6153
12329,11,45,3.425186,3.516637,1439,7.6344
12330,45,30,3.063879,3.230448,1424,7.6041
12331,30,31,3.302077,3.284617,1215,6.6432
12332,31,30,3.441577,2.882647,1284,7.0900
12333,30,46,2.205396,2.259042,1455,7.6355
12334,46,1,4.078359,4.282226,1418,7.5819
12335,1,32,3.200035,3.543126,1446,7.6024
12336,32,27,3.968783,3.691672,1392,7.5067
12337,27,20,5.486694,5.135003,1451,7.6294
12338,20,3,4.103683,4.330676,1387,7.4509
12339,3,41,2.724783,3.055897,1333,7.1754
12340,41,30,4.450396,4.958682,1398,7.4793
12341,30,31,3.163673,2.968758,1375,7.4000
12342,31,30,3.051092,2.679141,1411,7.5095
12343,30,46,2.184843,2.212895,1460,7.6194
12344,46,1,3.207748,4.070301,1434,7.5538
12345,1,47,2.506425,2.017228,1449,7.6188
12346,47,56,2.397366,3.143878,1426,7.5506
12347,56,34,2.977034,3.181528,1459,7.5653
12348,34,40,2.145675,2.292508,1423,7.6746
12349,40,57,2.686460,2.665565,1336,7.3297
12350,57,32,3.664271,4.239630,1082,6.1224
12351,32,27,3.764420,3.513316,1412,7.5632
12352,27,2,5.901800,5.653436,1445,7.6262
12353,2,12,2.560685,2.710670,1393,7.5308
12354,12,35,3.028192,3.273437,1395,7.4461
12355,35,0,3.677741,3.242583,1402,7.3241
12356,0,21,2.835029,3.629459,1279,6.9143
12357,21,48,2.646933,2.454345,1334,7.1462
12358,48,25,3.826965,4.372897,1457,7.7145
12359,25,36,2.479529,2.574681,1293,6.9311
12360,36,34,3.296274,3.239393,1464,7.6489
12361,34,35,3.536184,3.731462,1450,7.7038
12362,35,8,2.212280,2.462952,1313,7.1882
12363,8,41,2.329668,2.743321,1389,7.4010
12364,41,6,3.260168,3.567625,1467,7.6560
12365,6,32,2.454920,2.531079,1428,7.5725
12366,32,61,3.394250,3.561364,1257,6.8414
12367,61,33,3.133037,2.910500,1429,7.5652
12368,33,18,4.802972,4.566488,1341,7.2659
12369,18,18,1.180340,0.704246,1450,7.6464
12370,18,12,4.097903,4.366223,1432,7.5975
12371,12,35,2.860687,3.204547,1420,7.4950
12372,35,0,3.402233,3.124707,1448,7.6215
12373,0,60,2.749800,3.543112,1448,7.5724
12374,60,38,2.791645,2.703426,1281,6.8466
12375,38,54,3.824064,4.443651,1446,7.6387
12376,54,0,3.628288,3.599309,1424,7.5465
12377,0,21,2.896307,3.576658,1359,7.2840
12378,21,47,3.980168,4.599592,1439,7.5508
12379,47,56,2.352171,3.017456,1381,7.4408
12380,56,34,2.857480,3.204105,1454,7.6121
12381,34,7,4.800987,5.126812,1454,7.6951
12382,7,31,3.206974,3.049296,1448,7.6540
12383,31,12,3.757551,3.576567,1288,7.0308
12384,12,43,5.447977,5.207700,1431,7.5552
12385,43,51,4.915350,4.656022,1383,7.5244
12386,51,16,2.443415,1.835573,1374,7.3013
12387,16,21,4.462314,5.204445,1356,7.3198
12388,21,48,2.610922,2.410988,1398,7.4298
12389,48,51,3.149118,3.473014,1438,7.6174
12390,51,51,1.121308,0.711694,1439,7.6060
12391,51,16,2.108218,1.871579,1448,7.6039
12392,16,21,4.160044,5.056327,1445,7.5844
12393,21,47,4.071769,4.414932,1449,7.5617
12394,47,51,2.933477,3.248138,1377,7.3751
12395,51,16,2.083162,1.808165,1430,7.5401
12396,16,21,4.152470,4.900827,1465,7.6257
12397,21,47,3.819591,4.238545,1442,7.5453
12398,47,56,2.264313,2.970889,1419,7.5803
12399,56,1,2.953325,3.128756,1428,7.5554
12400,1,47,2.487964,2.124296,1368,7.2887
12401,47,22,3.635768,3.579495,1420,7.5752
12402,22,47,3.425564,2.736390,1366,7.3492
12403,47,56,2.161274,2.823025,1455,7.6048
12404,56,6,3.324312,3.329075,1401,7.4148
12405,6,56,2.682553,2.753674,1437,7.5831
12406,56,1,2.937603,3.107868,1417,7.5141
12407,1,19,4.654805,4.741682,1445,7.5832
12408,19,24,3.175246,3.225588,1299,7.2142
12409,24,54,3.229353,3.185856,1424,7.5847
12410,54,0,3.607092,3.508312,1462,7.5659
12411,0,25,2.234646,2.041193,1461,7.6390
12412,25,36,2.489506,2.515218,1452,7.6146
12413,36,34,3.248568,3.226172,1447,7.6166
12414,34,40,2.187303,2.325431,1438,7.6649
12415,40,57,2.492837,2.565070,1442,7.6623
12416,57,52,3.272600,3.551916,1348,7.4290
12417,52,22,3.446296,3.569306,1293,7.0920
12418,22,20,4.100067,4.042204,1289,6.9613
12419,20,3,4.020858,4.139850,1400,7.5292
12420,3,41,2.540888,2.980422,1434,7.6186
12421,41,30,4.268507,4.890703,1439,7.6010
12422,30,46,2.293310,2.149466,1342,7.2642
12423,46,47,2.981316,3.139704,1432,7.5712
12424,47,56,1.947738,2.789112,1434,7.5919
12425,56,1,2.723095,2.963749,1475,7.6034
12426,1,32,3.137868,3.580193,1355,7.3142
12427,32,9,2.527449,2.356694,1424,7.5758
12428,9,44,4.096466,4.089229,1414,7.5187
12429,44,35,5.358224,5.233175,1364,7.3733
12430,35,8,2.157365,2.372015,1440,7.6176
12431,8,41,1.994529,2.678542,1413,7.4057
12432,41,6,3.164970,3.456085,1334,7.1761
12433,6,32,2.343999,2.521925,1401,7.4172
12434,32,9,2.416297,2.259135,1436,7.6282
12435,9,15,2.729367,2.736018,1371,7.4148
12436,15,49,2.194140,2.193280,1434,7.6226
12437,49,50,4.491578,4.700258,1335,7.2295
12438,50,53,3.623347,3.757945,1427,7.6583
12439,53,17,2.016934,2.116495,1382,7.4166
12440,17,7,3.010172,3.383473,1427,7.6620
12441,7,31,3.007638,3.019812,1476,7.6578
12442,31,12,3.676933,3.467027,1451,7.5867
12443,12,35,2.811388,3.110840,1203,6.5117
12444,35,0,3.791691,3.152660,1453,7.6382
12445,0,25,1.780459,1.966395,1308,7.0934
12446,25,29,3.126230,3.833406,1442,7.6554
12447,29,11,2.188066,2.329008,1325,7.3052
12448,11,42,2.182679,2.020763,1452,7.6632
12449,42,0,4.439833,4.872119,1449,7.5945
12450,0,21,3.051139,3.681440,1438,7.6072
12451,21,9,4.974273,5.176854,1341,7.1591
12452,9,15,2.865430,2.616291,1386,7.4713
12453,15,49,2.034441,2.184569,1336,7.2169
12454,49,48,5.876088,5.737391,1385,7.4363
12455,48,51,3.101133,3.291188,1376,7.4453
12456,51,29,2.988782,3.420320,1440,7.5803
12457,29,48,3.068124,3.149817,1427,7.6615
12458,48,6,4.470092,4.611207,1432,7.6806
12459,6,32,2.652002,2.523314,1313,7.0205
12460,32,27,3.722970,3.527398,1392,7.5238
12461,27,20,5.399986,5.046264,1339,7.3219
12462,20,3,3.779223,3.917623,1348,7.2892
12463,3,41,2.301923,2.927798,1405,7.5255
12464,41,30,4.419054,4.822935,1457,7.6142
12465,30,46,2.292683,2.072948,1315,7.0944
12466,46,1,3.724979,3.989806,1412,7.4661
12467,1,47,2.569950,1.992102,1377,7.3029
12468,47,51,2.695952,3.400839,1440,7.5899
12469,51,16,2.114398,1.816857,1438,7.5687
12470,16,21,4.138891,4.739864,1450,7.6557
12471,21,47,3.843983,4.252984,1353,7.1735
12472,47,22,3.639561,3.592325,1357,7.1535
12473,22,47,3.606251,2.676998,1351,7.3216
12474,47,56,2.252662,2.761738,1465,7.5927
12475,56,1,2.644922,2.850892,1421,7.5285
12476,1,32,3.025161,3.523342,1391,7.4177
12477,32,9,2.396723,2.329745,1364,7.2640
12478,9,3,3.567429,3.559419,1434,7.6122
12479,3,41,2.226748,2.867340,1375,7.3232
12480,41,6,3.130512,3.381837,1434,7.5904
12481,6,32,2.499292,2.482379,1328,7.2384
12482,32,27,3.503201,3.441345,1437,7.6023
12483,27,20,5.189165,4.982315,1447,7.6111
12484,20,10,2.074948,2.036267,1374,7.3990
12485,10,11,6.737960,6.938307,1415,7.5763
12486,11,24,5.021114,5.124386,1334,7.2360
12487,24,54,3.009262,3.065182,1297,7.2130
12488,54,25,2.389270,2.575415,1433,7.5391
12489,25,2,4.114890,4.303737,1425,7.5825
12490,2,12,2.743462,2.828733,1314,7.1629
12491,12,35,2.672588,3.011181,1430,7.5518
12492,35,8,2.183937,2.383484,1467,7.6335
12493,8,52,4.289704,4.914340,1433,7.5704
12494,52,21,5.705897,5.573169,1369,7.2738
12495,21,48,2.432823,2.380153,1403,7.5034
12496,48,25,3.483880,4.308227,1365,7.4277
12497,25,2,4.050288,4.156449,1366,7.3456
12498,2,12,2.606525,2.713111,1380,7.4321
12499,12,35,2.546029,2.933566,1451,7.5987
12500,35,0,3.341124,3.142239,1475,7.6567
12501,0,25,1.782265,1.889331,1455,7.6214
12502,25,36,2.453370,2.597738,1474,7.6534
12503,36,34,3.107929,3.138562,1438,7.5957
12504,34,40,2.184109,2.266518,1439,7.7208
12505,40,25,4.938416,5.738409,1466,7.7446
12506,25,29,3.149899,3.740646,1343,7.0996
12507,29,23,1.912145,1.926234,1456,7.6365
12508,23,29,1.611715,1.593154,1423,7.6036
12509,29,11,2.414178,2.540603,1443,7.6221
12510,11,45,3.555322,3.324349,1438,7.6535
12511,45,62,4.263862,4.772718,1448,7.5939
12512,62,21,4.470515,4.554602,1431,7.5709
12513,21,47,3.668959,4.050084,1448,7.5916
12514,47,22,3.269537,3.311911,1464,7.6336
12515,22,47,3.195129,2.491149,1439,7.5951
12516,47,56,2.064421,2.691321,1455,7.5925
12517,56,34,3.231526,3.537121,1443,7.5633
12518,34,35,3.650557,3.855345,1434,7.6715
12519,35,0,2.941382,3.008333,1379,7.4767
12520,0,60,2.636648,3.623594,1438,7.5876
12521,60,38,2.869297,2.622183,1384,7.4259
12522,38,2,3.253775,3.607813,1440,7.6160
12523,2,12,2.441962,2.650530,1371,7.4053
12524,12,20,3.432895,3.247991,1404,7.5336
12525,20,10,1.984879,2.020238,1183,6.5815
12526,10,11,6.290745,6.815585,1377,7.4433
12527,11,42,2.143238,1.972490,1375,7.4511
12528,42,54,2.753002,3.371775,1396,7.4637
12529,54,0,3.710849,3.735603,1297,7.0217
12530,0,21,3.009339,3.799505,1394,7.4174
12531,21,48,2.607809,2.389190,1430,7.5642
12532,48,25,3.498563,4.171290,1435,7.6638
12533,25,36,2.269991,2.448614,1341,7.2055
12534,36,34,3.021607,3.108559,1443,7.5933
12535,34,40,2.199350,2.253981,1443,7.6911
12536,40,57,2.427292,2.626615,1331,7.3445
12537,57,32,3.851761,4.220504,1343,7.3903
12538,32,9,2.279744,2.267327,1345,7.2743
12539,9,3,3.328244,3.429665,1443,7.6082
12540,3,39,2.844322,2.992869,1402,7.5151
12541,39,44,2.413448,2.377940,1435,7.6077
12542,44,35,5.309342,5.331061,1418,7.5744
12543,35,0,3.010769,2.937795,1365,7.4221
12544,0,60,2.899455,3.555008,1276,7.0556
12545,60,38,2.676093,2.590130,1426,7.5055
12546,38,2,3.105979,3.481297,1396,7.4243
12547,2,12,2.456445,2.605568,1445,7.6429
12548,12,20,3.177719,3.113534,1408,7.5582
12549,20,3,3.700290,4.033239,1431,7.5629
12550,3,10,3.124598,3.106881,1446,7.5949
12551,10,2,3.861521,4.261381,1346,7.2624
12552,2,12,2.299428,2.471005,1382,7.4889
12553,12,20,2.829568,3.006728,1425,7.5429
12554,20,8,3.336021,3.259909,1409,7.3803
12555,8,41,2.289129,2.669612,1301,7.1351
12556,41,30,4.083038,4.676108,1462,7.6292
12557,30,27,5.158916,5.529074,1369,7.2909
12558,27,20,5.151959,5.026045,1424,7.5865
12559,20,3,3.540724,3.942174,1421,7.3618
12560,3,39,2.982143,2.974308,1451,7.6107
12561,39,59,3.683476,4.048316,1395,7.5212
12562,59,15,4.266299,4.006507,1335,7.1953
12563,15,39,2.923166,3.206705,1447,7.6271
12564,39,44,2.345127,2.317801,1386,7.4464
12565,44,27,3.422290,3.853058,1398,7.4626
12566,27,20,4.940611,5.005657,1449,7.6565
12567,20,3,3.245188,3.738252,1373,7.2339
12568,3,39,2.760485,2.835702,1456,7.5906
12569,39,44,2.182178,2.252967,1434,7.5909
12570,44,35,5.139756,5.328680,1431,7.6082
12571,35,8,2.268333,2.340067,1437,7.6416
12572,8,56,3.241603,4.345626,1323,7.1619
12573,56,1,2.606370,2.788858,1445,7.5574
12574,1,32,2.917778,3.490762,1440,7.6218
12575,32,27,3.300537,3.230754,1427,7.6039
12576,27,2,5.934420,5.879418,1410,7.5733
12577,2,45,2.926364,2.794680,1371,7.4272
12578,45,30,3.938102,3.520166,1440,7.6067
12579,30,31,3.041173,2.913960,1350,7.2899
12580,31,54,5.528099,4.953917,1327,7.0947
12581,54,0,3.704988,3.569088,1401,7.4381
12582,0,25,2.046927,1.989050,1331,7.2570
12583,25,36,2.140805,2.397732,1439,7.6342
12584,36,29,2.869715,3.297635,1454,7.6083
12585,29,11,2.429695,2.561350,1431,7.6359
12586,11,45,3.337479,3.175521,1401,7.4336
12587,45,30,3.931190,3.471118,1366,7.3263
12588,30,46,2.240495,2.108177,1450,7.6003
12589,46,46,0.740577,0.405487,1389,7.4138
12590,46,47,3.739282,3.405591,1452,7.6070
12591,47,51,2.460373,3.322409,1447,7.6320
12592,51,16,2.133263,1.746117,1368,7.2790
12593,16,21,3.885309,4.719610,1446,7.5892
12594,21,9,4.498798,4.939530,1290,6.8582
12595,9,15,2.992410,2.723268,1424,7.5790
12596,15,39,2.798373,3.113961,1384,7.4425
12597,39,44,2.146799,2.150340,1367,7.3119
12598,44,27,3.333618,3.792867,1450,7.5998
12599,27,20,4.734576,5.030167,1389,7.4466
12600,20,10,2.090993,2.076534,1379,7.2559
12601,10,2,3.682307,4.080044,1431,7.6070
12602,2,12,2.252318,2.421401,1372,7.4390
12603,12,35,3.187914,3.406691,1428,7.6087
12604,35,8,2.231759,2.278276,1445,7.7023
12605,8,41,2.284332,2.710339,1266,6.7766
12606,41,6,3.123195,3.344523,1463,7.6246
12607,6,56,2.987599,2.962358,1424,7.5693
12608,56,34,3.212067,3.502523,1445,7.5747
12609,34,40,2.220052,2.160146,1460,7.7135
12610,40,25,4.782814,5.553347,1379,7.4707
12611,25,36,2.149840,2.263810,1214,6.5839
12612,36,21,3.775816,3.882181,1448,7.6367
12613,21,48,2.690183,2.316835,1424,7.5036
12614,48,25,3.284269,4.047282,1450,7.6518
12615,25,2,4.471212,4.437409,1449,7.5973
12616,2,54,4.688487,3.823393,1387,7.4157
12617,54,0,3.334397,3.391780,1388,7.3977
12618,0,25,1.885062,1.909293,1425,7.5718
12619,25,36,2.098817,2.254840,1432,7.6044
12620,36,29,3.011069,3.280975,1370,7.2605
12621,29,23,1.939587,1.999109,1282,6.7402
12622,23,29,1.699291,1.633985,1297,7.1306
12623,29,11,2.402819,2.536876,1449,7.6092
12624,11,45,3.229896,3.093060,1350,7.3990
12625,45,30,3.865728,3.435936,1363,7.3611
12626,30,46,2.041055,2.025400,1365,7.2911
12627,46,1,3.876460,3.952911,1338,7.2365
12628,1,47,2.358193,1.972137,1434,7.6358
12629,47,22,3.128489,3.235715,1459,7.6081
12630,22,35,4.297566,4.510536,1208,6.5570
12631,35,8,2.097367,2.157739,1422,7.5776
12632,8,41,2.186860,2.664611,1465,7.6075
12633,41,6,2.943080,3.245740,1449,7.6099
12634,6,32,2.682844,2.561871,1409,7.5437
12635,32,9,2.493483,2.350453,1353,7.3658
12636,9,44,4.168588,4.244712,1444,7.5859
12637,44,36,5.902243,5.388901,1401,7.5514
12638,36,29,2.625970,3.076045,1337,7.2195
12639,29,11,2.317514,2.422261,1393,7.5039
12640,11,42,2.243155,2.153561,1418,7.6345
12641,42,0,4.520227,4.756733,1440,7.5446
12642,0,21,3.087841,3.784480,1385,7.4470
12643,21,9,4.525910,5.000333,1358,7.2672
12644,9,15,2.800252,2.682855,1425,7.5005
12645,15,19,4.097165,4.503458,1329,7.1805
12646,19,24,3.240100,3.162360,1420,7.5848
12647,24,0,4.874585,4.934442,1374,7.3224
12648,0,21,2.904601,3.574470,1411,7.5549
12649,21,9,4.145795,4.959893,1439,7.5668
12650,9,3,3.472788,3.557882,1410,7.5654
12651,3,39,2.645194,2.750616,1447,7.5800
12652,39,44,2.007502,2.107655,1429,7.5797
12653,44,35,5.112133,5.417243,1428,7.5871
12654,35,53,4.062112,4.109810,1462,7.6594
12655,53,17,1.879851,2.093041,1324,7.0957
12656,17,2,4.316372,4.670228,1291,7.0453
12657,2,12,2.239609,2.381443,1436,7.6148
12658,12,20,3.222946,3.146579,1443,7.5988
12659,20,10,2.105691,2.049455,1460,7.5636
12660,10,2,3.444162,4.040433,1344,7.1770
12661,2,12,2.146842,2.280859,1407,7.4561
12662,12,35,3.584778,3.572046,1401,7.4567
12663,35,8,1.989689,2.107665,1287,6.9602
12664,8,56,3.143313,4.274120,1437,7.5620
12665,56,1,2.531788,2.830465,1456,7.5998
12666,1,19,4.758183,5.015074,1401,7.5393
12667,19,38,5.557077,5.372100,1238,6.7085
12668,38,2,2.815510,3.503942,1438,7.5940
12669,2,45,3.101059,2.838307,1407,7.5355
12670,45,63,3.574755,3.666089,1379,7.3887
12671,63,6,5.111798,4.840351,1454,7.7004
12672,6,32,2.659769,2.518467,1440,7.5897
12673,32,61,3.672455,3.802295,1414,7.5606
12674,61,2,6.134860,6.006621,1452,7.5936
12675,2,45,2.946381,2.705867,1369,7.3969
12676,45,63,3.291835,3.503960,1365,7.3618
12677,63,47,4.929794,5.134318,1450,7.6165
12678,47,56,1.938978,2.804040,1427,7.6040
12679,56,34,3.099786,3.447698,1430,7.5283
12680,34,35,3.590889,3.883132,1451,7.6732
12681,35,53,3.831135,4.063248,1425,7.5747
12682,53,11,4.764828,5.085542,1292,7.0667
12683,11,45,3.232253,3.122362,1312,7.2690
12684,45,63,3.008798,3.425149,1312,7.1295
12685,63,18,3.342343,3.494112,1367,7.3825
12686,18,12,3.974705,4.586129,1385,7.3385
12687,12,35,3.205779,3.379365,1403,7.5526
12688,35,53,3.745882,3.940796,1454,7.5975
12689,53,17,2.093056,2.171229,1379,7.2900
12690,17,2,4.120224,4.501605,1404,7.6142
12691,2,12,2.188698,2.367382,1437,7.5830
12692,12,20,2.922269,3.091181,1425,7.5865
12693,20,3,3.431290,3.787695,1434,7.5610
12694,3,41,2.586265,3.147302,1389,7.3514
12695,41,6,2.992906,3.225141,1458,7.6403
12696,6,32,2.691674,2.453266,1439,7.5823
12697,32,9,2.419503,2.450267,1425,7.5663
12698,9,3,3.515979,3.502554,1380,7.4624
12699,3,41,2.346864,3.080044,1426,7.5160
12700,41,36,5.470403,6.115921,1453,7.5994
12701,36,29,2.384188,2.969357,852,5.2622
12702,29,23,2.046987,2.088843,1292,7.1287
12703,23,0,4.926012,5.295768,1359,7.4703
12704,0,60,2.746927,3.528639,1452,7.6356
12705,60,38,2.746868,2.642064,1446,7.5735
12706,38,2,2.976938,3.458215,1307,7.0620
12707,2,12,2.174800,2.325675,1342,7.2352
12708,12,20,2.876708,2.960095,1410,7.4805
12709,20,3,3.038878,3.809777,1458,7.5954
12710,3,41,2.559920,2.978860,1443,7.6082
12711,41,30,4.418392,4.984607,1440,7.5651
12712,30,31,3.367900,2.981229,1241,6.6418
12713,31,30,3.290063,2.814245,1183,6.4940
12714,30,46,2.104147,2.018745,1450,7.5819
12715,46,47,3.348656,3.125167,1443,7.6088
12716,47,51,2.906955,3.420621,1430,7.6068
12717,51,16,2.079433,1.700620,1421,7.5553
12718,16,53,5.185021,5.687651,1452,7.6205
12719,53,11,4.738291,4.827938,1410,7.5140
12720,11,42,2.345123,2.080665,1434,7.6470
12721,42,45,2.544258,2.285801,1411,7.5318
12722,45,63,3.034897,3.318496,1459,7.6560
12723,63,18,3.302768,3.442083,1425,7.5725
12724,18,18,1.069508,0.585359,1297,7.1112
12725,18,38,3.718321,4.135467,1437,7.5911
12726,38,54,3.638829,4.424464,1417,7.5664
12727,54,25,2.901209,2.797657,1368,7.2811
12728,25,36,2.514232,2.448059,1454,7.6215
12729,36,29,2.277619,2.866453,1456,7.6545
12730,29,23,2.065771,2.034968,1450,7.6285
12731,23,29,1.629790,1.645102,1447,7.6759
12732,29,23,1.856562,1.910709,1447,7.5941
12733,23,18,3.838589,4.082087,1404,7.5563
12734,18,38,3.510959,4.009504,1459,7.6359
12735,38,50,2.562117,2.373969,1435,7.5610
12736,50,53,3.933740,3.798449,1452,7.6940
12737,53,17,1.834365,2.102829,1446,7.5781
12738,17,2,4.264328,4.367452,1342,7.3098
12739,2,45,3.036259,2.759901,1461,7.6425
12740,45,30,3.892548,3.618800,1442,7.6207
12741,30,31,2.962429,2.819533,1358,7.3085
12742,31,54,5.047492,4.792969,1452,7.5780
12743,54,0,3.071609,3.048072,1442,7.5838
12744,0,21,2.678665,3.450625,1433,7.6026
12745,21,9,4.613766,4.896111,1404,7.4576
12746,9,15,3.093393,2.715481,1415,7.5970
12747,15,19,4.087783,4.382690,1357,7.2413
12748,19,51,4.394700,4.319160,1430,7.5878
12749,51,16,2.071046,1.579071,1441,7.5864
12750,16,21,3.707784,4.745652,1364,7.3021
12751,21,48,2.559952,2.488202,1415,7.4989
12752,48,25,3.499840,4.064243,1456,7.6323
12753,25,29,2.286469,3.096338,1351,7.3712
12754,29,23,1.916959,1.860862,1445,7.6185
12755,23,29,1.607749,1.583536,1390,7.4811
12756,29,23,1.778920,1.755278,1404,7.4377
12757,23,29,1.430983,1.492642,1458,7.6918
12758,29,23,1.585154,1.657890,1426,7.5605
12759,23,29,1.354207,1.419346,1459,7.6767
12760,29,48,3.295638,3.492141,1460,7.6269
12761,48,51,3.538892,3.596453,1411,7.5632
12762,51,29,3.725877,3.690602,1360,7.2393
12763,29,23,1.580541,1.639093,1456,7.6304
12764,23,29,1.334545,1.397622,1463,7.7194
12765,29,23,1.536454,1.549692,1462,7.6456
12766,23,29,1.278548,1.349959,1450,7.6657
12767,29,48,3.355103,3.435941,1441,7.5927
12768,48,51,3.395423,3.493599,1439,7.6134
12769,51,29,3.352919,3.461703,1429,7.5846
12770,29,23,1.547424,1.549621,1400,7.5055
12771,23,29,1.322332,1.324293,1381,7.2801
12772,29,11,3.137102,3.310672,1367,7.2825
12773,11,45,3.323673,2.982603,1395,7.4983
12774,45,30,3.571139,3.481526,1415,7.5612
12775,30,31,2.728391,2.789729,1316,7.0177
12776,31,54,4.947287,4.642040,1324,7.0835
12777,54,25,2.791888,2.681271,1456,7.5932
12778,25,2,4.322968,4.400437,1439,7.6285
12779,2,45,2.956408,2.668282,1403,7.5232
12780,45,63,2.959915,3.292647,1468,7.6743
12781,63,18,3.098493,3.378167,1368,7.4231
12782,18,12,4.004859,4.642378,1344,7.3413
12783,12,35,3.055697,3.348794,1354,7.3643
12784,35,53,3.872433,3.926321,1445,7.6307
12785,53,11,4.382413,4.734965,1452,7.6497
12786,11,45,3.100267,2.899040,1411,7.5801
12787,45,63,2.793779,3.211618,1462,7.6436
12788,63,47,4.533646,5.193474,1375,7.4317
12789,47,22,3.331044,3.309780,1432,7.6131
12790,22,35,4.241655,4.508785,1329,7.1920
12791,35,53,3.653762,3.764493,1411,7.4766
12792,53,11,4.394654,4.642817,1453,7.6247
12793,11,42,2.449738,2.239112,1418,7.6118
12794,42,0,4.167467,4.354984,1287,6.9438
12795,0,21,2.746330,3.409075,1288,6.8572
12796,21,47,4.013547,4.272566,1394,7.2907
12797,47,51,2.932818,3.348312,1455,7.6117
12798,51,16,2.053235,1.705747,1428,7.5797
12799,16,21,3.798379,4.636191,1448,7.6169
12800,21,9,4.764758,4.781248,1348,7.2146
12801,9,44,4.393825,4.296926,1404,7.6050
12802,44,35,5.345226,5.369611,1436,7.5836
12803,35,0,4.342793,3.749493,1427,7.5840
12804,0,60,3.155062,3.473609,1426,7.5992
12805,60,36,3.316238,2.920272,1422,7.4983
12806,36,29,2.530106,2.936854,1395,7.4272
12807,29,23,1.659261,1.583346,1448,7.6292
12808,23,29,1.319157,1.324541,1447,7.6928
12809,29,23,1.477226,1.505712,1453,7.6323
12810,23,29,1.273010,1.276143,1453,7.6904
12811,29,11,3.167449,3.428658,1436,7.6211
12812,11,45,2.992934,2.896902,1430,7.5898
12813,45,30,3.510398,3.507404,1426,7.5917
12814,30,31,2.867527,2.744293,1438,7.5651
12815,31,30,2.981290,2.662755,1328,7.0780
12816,30,31,2.778442,2.505503,1425,7.5253
12817,31,12,4.052365,3.935463,1423,7.5432
12818,12,35,3.170996,3.348659,1421,7.5852
12819,35,8,2.152262,2.285916,1459,7.6146
12820,8,41,2.070154,2.547219,1364,7.2122
12821,41,6,2.888509,3.189444,1450,7.5847
12822,6,32,2.365735,2.420725,1440,7.6202
12823,32,61,3.615389,3.722359,1437,7.5754
12824,61,2,6.090362,5.915618,1407,7.4684
12825,2,12,2.316176,2.487645,1419,7.5560
12826,12,20,2.883172,2.794671,1459,7.6290
12827,20,3,3.358427,3.758281,1436,7.5498
12828,3,41,2.343956,2.922893,1452,7.6070
12829,41,6,2.786867,3.043385,1444,7.6082
12830,6,56,2.921066,3.136935,1435,7.5904
12831,56,1,2.645637,2.822386,1429,7.5420
12832,1,47,2.313287,2.051420,1403,7.4565
12833,47,56,2.393034,3.016574,1279,6.9696
12834,56,34,3.082937,3.377577,1443,7.5691
12835,34,7,4.811557,4.948055,1421,7.6934
12836,7,31,3.287275,3.022617,1388,7.4427
12837,31,30,2.701074,2.492528,1415,7.5277
12838,30,46,2.424778,2.225328,1423,7.5290
12839,46,46,0.761829,0.492453,1450,7.5790
12840,46,46,0.587340,0.415064,1402,7.4571
12841,46,47,3.096109,3.088296,1457,7.6241
12842,47,22,3.058192,3.367838,1488,7.6480
12843,22,35,3.926536,4.491546,1420,7.5452
12844,35,8,2.179838,2.204822,1409,7.5172
12845,8,41,2.300887,2.510445,1430,7.4511
12846,41,36,5.486753,6.086400,1438,7.5891
12847,36,29,2.525444,2.880215,1388,7.4793
12848,29,23,1.463828,1.546680,1364,7.2369
12849,23,29,1.254282,1.262478,1461,7.7411
12850,29,11,2.894068,3.286838,1433,7.5373
12851,11,24,5.119047,5.249272,1372,7.3990
12852,24,0,4.698902,4.635561,1375,7.4326
12853,0,21,2.852537,3.335556,1437,7.5939
12854,21,9,4.521488,4.680480,1423,7.5261
12855,9,15,3.006010,2.664094,1408,7.4923
12856,15,19,3.868386,4.258093,1352,7.4290
12857,19,51,4.474315,4.310946,1359,7.4068
12858,51,16,2.050900,1.574212,1441,7.5780
12859,16,21,3.755680,4.515952,1453,7.6242
12860,21,9,4.538831,4.502033,1425,7.4798
12861,9,3,3.541046,3.570936,1402,7.4628
12862,3,39,2.770850,3.002441,1349,7.1431
12863,39,15,3.173819,3.014700,1353,7.2256
12864,15,49,2.658819,2.453919,1394,7.4429
12865,49,48,5.442044,5.309085,1429,7.5848
12866,48,25,3.820398,4.130729,1431,7.6191
12867,25,36,2.580121,2.517306,1422,7.5850
12868,36,21,3.741399,3.585967,1438,7.6096
12869,21,47,3.950223,4.298525,1451,7.5514
12870,47,22,3.184122,3.225900,1319,7.1794
12871,22,47,3.163315,2.473026,1390,7.4778
12872,47,51,3.011437,3.436108,1444,7.6200
12873,51,16,1.760076,1.565334,1440,7.6005
12874,16,23,3.877846,4.245763,1421,7.5356
12875,23,29,1.242104,1.252157,1243,6.8164
12876,29,23,1.461850,1.524740,1389,7.4657
12877,23,18,4.542116,4.631367,1458,7.6951
12878,18,12,4.194665,4.623152,1398,7.5205
12879,12,35,3.178441,3.372401,1296,7.1701
12880,35,53,3.420090,3.705545,1418,7.5160
12881,53,17,2.125776,2.291087,1374,7.3697
12882,17,2,4.114012,4.218416,1434,7.6242
12883,2,12,2.392770,2.518922,1436,7.5502
12884,12,20,2.618869,2.669044,1420,7.5598
12885,20,3,3.235389,3.760029,1407,7.5012
12886,3,41,2.318294,2.920807,1456,7.5917
12887,41,30,4.617187,5.137418,1423,7.5225
12888,30,31,2.521703,2.377727,1458,7.5889
12889,31,12,4.247257,3.951021,1388,7.3948
12890,12,35,3.381403,3.227401,1443,7.6125
12891,35,0,4.137562,3.754507,1443,7.6186
12892,0,25,2.030939,2.033120,1288,7.0114
12893,25,2,4.406282,4.432043,1455,7.6374
12894,2,45,3.043317,2.680339,1379,7.4644
12895,45,30,3.711930,3.510843,1467,7.6499
12896,30,46,2.327303,2.156300,1454,7.5871
12897,46,47,3.022333,3.050264,1457,7.6037
12898,47,51,3.014160,3.368796,1449,7.6175
12899,51,51,1.285677,0.823115,1449,7.5829
12900,51,51,1.126278,0.697853,1430,7.5509
12901,51,16,1.857404,1.738906,1419,7.5522
12902,16,23,3.065209,4.073055,1460,7.6077
12903,23,29,1.295432,1.302726,1231,6.6618
12904,29,23,1.325627,1.413547,1291,6.8656
12905,23,18,4.323659,4.562462,1412,7.6246
12906,18,38,3.707555,3.946975,1318,7.1671
12907,38,2,2.946883,3.583684,1347,7.2720
12908,2,12,2.405776,2.558333,1412,7.5382
12909,12,20,2.552310,2.558884,1385,7.4463
12910,20,10,2.257435,2.314222,1377,7.3780
12911,10,2,3.871754,4.345330,1404,7.5629
12912,2,45,2.928603,2.630553,1383,7.4079
12913,45,30,3.391315,3.347787,1434,7.6260
12914,30,46,2.272345,2.143446,1432,7.5528
12915,46,47,2.678681,2.937689,1357,7.2264
12916,47,56,2.725368,3.208825,1413,7.5577
12917,56,6,3.222577,3.370775,1442,7.5722
12918,6,32,2.412066,2.398305,1453,7.6405
12919,32,9,2.822669,2.848500,1412,7.5389
12920,9,44,4.772338,4.293654,1457,7.6530
12921,44,35,5.133136,5.326617,1431,7.5900
12922,35,8,2.351617,2.225858,1392,7.4331
12923,8,56,3.312631,4.133550,1347,7.3176
12924,56,34,3.010414,3.328632,1417,7.5429
12925,34,7,4.480891,4.746464,1462,7.7033
12926,7,16,4.128141,4.584938,1350,7.3139
12927,16,21,3.706900,4.418142,1432,7.6158
12928,21,9,4.244002,4.363646,1453,7.5850
12929,9,44,4.470917,4.191162,1447,7.6169
12930,44,36,5.102088,4.981863,1434,7.5719
12931,36,29,2.323069,2.879397,1456,7.6227
12932,29,23,1.290709,1.381368,1455,7.6497
12933,23,29,1.311532,1.343984,1416,7.6686
12934,29,48,3.635300,3.710001,1481,7.6359
12935,48,51,3.462924,3.450247,1435,7.6132
12936,51,29,3.718094,3.787720,1417,7.5180
12937,29,11,2.943718,3.243646,1440,7.5950
12938,11,42,2.625761,2.387200,1413,7.5069
12939,42,54,3.519114,3.716521,1443,7.5997
12940,54,25,2.561893,2.668959,1380,7.3464
12941,25,2,4.099370,4.274388,1343,7.1300
12942,2,54,4.381510,3.820066,1443,7.5816
12943,54,25,2.529976,2.546632,1414,7.4932
12944,25,36,2.602773,2.693248,1417,7.5725
12945,36,34,3.188901,3.230017,1391,7.5189
12946,34,40,2.136400,2.208237,1441,7.6679
12947,40,25,4.664738,5.480254,1446,7.6825
12948,25,2,4.249457,4.181075,1451,7.6526
12949,2,12,2.275607,2.479818,1373,7.3498
12950,12,35,3.316066,3.264250,1388,7.4463
12951,35,8,2.071658,2.165144,1379,7.4313
12952,8,41,2.182891,2.523935,1410,7.4925
12953,41,30,4.499659,5.065763,1434,7.5799
12954,30,46,2.225476,2.063236,1427,7.5538
12955,46,47,3.074232,2.865345,1301,7.1235
12956,47,51,3.103664,3.352363,1423,7.5217
12957,51,16,2.065178,1.785181,1438,7.5786
12958,16,21,3.343639,4.258220,1450,7.5931
12959,21,9,3.992876,4.178472,1363,7.1675
12960,9,15,3.276683,2.819858,1328,7.2416
12961,15,49,2.485672,2.415424,1415,7.5419
12962,49,50,4.173320,4.410640,1275,6.8908
12963,50,53,3.608482,3.842074,1403,7.5594
12964,53,11,4.411816,4.584217,1436,7.5611
12965,11,45,3.436486,3.024119,1403,7.5630
12966,45,63,2.885222,3.258237,1435,7.5787
12967,63,18,3.194423,3.379887,1383,7.3823
12968,18,12,3.889806,4.647411,1412,7.5586
12969,12,35,2.976505,3.129280,1422,7.5861
12970,35,8,2.028356,2.125227,1362,7.4232
12971,8,41,2.007507,2.458473,1367,7.3904
12972,41,6,2.594825,3.091896,1438,7.5965
12973,6,32,2.459294,2.372549,1442,7.5900
12974,32,9,2.869803,2.960542,1444,7.5772
12975,9,15,3.271075,2.693394,1432,7.5883
12976,15,49,2.452005,2.405907,1333,7.2224
12977,49,43,4.034588,4.473054,1414,7.4876
12978,43,51,5.014054,4.618770,1402,7.6183
12979,51,16,2.045000,1.648643,1439,7.5937
12980,16,21,3.228337,4.106824,1437,7.6023
12981,21,9,3.798247,4.104184,1451,7.5582
12982,9,44,4.400459,4.213338,1410,7.4999
12983,44,35,5.291864,5.213189,1420,7.5586
12984,35,8,1.956118,2.015372,1451,7.5953
12985,8,41,2.022200,2.423032,1422,7.5264
12986,41,6,2.416295,3.011721,1445,7.6120
12987,6,56,2.965228,3.141732,1436,7.5749
12988,56,34,3.045527,3.295623,1447,7.5690
12989,34,35,3.756706,4.050104,1432,7.6756
12990,35,8,1.891092,1.953564,1468,7.6471
12991,8,52,5.001483,5.374820,1416,7.5424
12992,52,22,3.672924,3.726563,1433,7.5464
12993,22,35,4.152911,4.653471,1325,7.1856
12994,35,8,1.797240,1.863537,1452,7.5584
12995,8,41,1.942692,2.501946,1408,7.5168
12996,41,6,2.376921,2.914265,1450,7.5917
12997,6,32,2.585244,2.417432,1434,7.5757
12998,32,27,3.363161,3.337702,1450,7.6155
12999,27,20,5.420320,5.129097,1394,7.5468
13000,20,3,3.362171,3.643856,1477,7.6382
13001,3,41,2.243508,2.927265,1441,7.6237
13002,41,36,5.784220,6.122679,1428,7.5753
13003,36,29,2.546812,2.984064,1026,6.0053
13004,29,11,2.868097,3.093018,1214,6.6584
13005,11,45,3.245815,2.971038,1427,7.6396
13006,45,30,3.479141,3.388074,1440,7.6307
13007,30,46,2.159486,2.052402,1384,7.3960
13008,46,46,0.720878,0.428177,1437,7.5943
13009,46,47,2.990086,2.882840,1482,7.6462
13010,47,22,3.496084,3.577087,1390,7.3682
13011,22,35,4.065248,4.535648,1421,7.5109
13012,35,8,1.792475,1.807294,1441,7.6401
13013,8,41,1.726401,2.430652,1430,7.5840
13014,41,6,2.293380,2.883725,1461,7.6129
13015,6,32,2.396335,2.358106,1457,7.6048
13016,32,9,2.943600,3.022271,1426,7.5786
13017,9,44,4.275939,4.050986,1388,7.4813
13018,44,35,4.737441,4.997299,1258,6.8187
13019,35,8,1.754329,1.752779,1445,7.6205
13020,8,41,1.769792,2.390838,1417,7.5133
13021,41,36,5.660718,6.018801,1465,7.5991
13022,36,29,2.238332,2.954494,1441,7.6356
13023,29,23,1.541917,1.638074,1342,7.1223
13024,23,18,3.797967,4.120917,1233,6.8899
13025,18,12,3.848452,4.552068,1440,7.6369
13026,12,35,3.485497,3.501863,1437,7.6211
13027,35,0,4.594054,3.819444,1346,7.3366
13028,0,60,3.035359,3.403710,1418,7.5757
13029,60,38,2.802484,2.666666,1406,7.4557
13030,38,50,2.377375,2.373668,1445,7.6500
13031,50,54,3.058257,3.892809,1449,7.6886
13032,54,25,2.570311,2.563696,1397,7.4713
13033,25,2,4.166115,3.989902,1437,7.6356
13034,2,12,2.283036,2.512686,1342,7.2359
13035,12,35,3.267265,3.373183,1421,7.6132
13036,35,0,4.240872,3.650410,1459,7.6403
13037,0,21,3.338470,3.562612,1438,7.5635
13038,21,47,4.149896,4.382080,1419,7.3691
13039,47,56,2.937538,3.302748,1400,7.4755
13040,56,6,3.037253,3.135752,1459,7.5876
13041,6,32,2.331855,2.237040,1398,7.5693
13042,32,61,3.789279,3.878954,1438,7.5785
13043,61,33,3.067375,2.930679,1339,7.2717
13044,33,18,4.874133,4.646069,1383,7.4359
13045,18,38,3.617653,3.832719,1172,6.3198
13046,38,50,2.387450,2.298229,1445,7.6526
13047,50,54,3.118006,3.773511,1376,7.4471
13048,54,25,2.476919,2.502724,1412,7.5209
13049,25,36,2.654836,2.876317,1448,7.6519
13050,36,34,2.816832,3.053062,1442,7.6257
13051,34,40,2.151977,2.195427,1423,7.5654
13052,40,25,4.477440,5.379637,1465,7.7032
13053,25,2,3.621944,3.891285,1418,7.6005
13054,2,45,2.805325,2.592942,1405,7.5292
13055,45,30,3.625919,3.219773,1270,7.0484
13056,30,46,1.973616,2.024798,1423,7.4523
13057,46,47,3.136218,2.827337,1376,7.4885
13058,47,22,3.385506,3.478507,1454,7.6072
13059,22,47,3.311794,2.617189,1340,7.1015
13060,47,51,3.138408,3.295764,1453,7.5999
13061,51,51,1.246534,0.740720,1441,7.5678
13062,51,51,0.956465,0.626009,1451,7.5912
13063,51,29,3.763885,4.115493,1440,7.5705
13064,29,48,3.059167,3.313302,1427,7.6096
13065,48,25,3.581488,4.112563,1402,7.5320
13066,25,29,2.467972,3.074742,1354,7.1887
13067,29,48,3.032221,3.161333,1444,7.6270
13068,48,25,3.357302,3.985617,1441,7.6271
13069,25,29,2.402562,2.905605,1437,7.6247
13070,29,11,2.877042,3.033347,1452,7.6169
13071,11,45,3.317795,2.933365,1436,7.6052
13072,45,30,3.222862,3.127246,1456,7.6668
13073,30,31,3.077637,2.908020,1340,7.0670
13074,31,12,4.258766,4.020752,1336,7.1752
13075,12,20,2.700224,2.644771,1413,7.6043
13076,20,10,2.111915,2.243818,1401,7.4012
13077,10,11,6.587183,6.770355,1427,7.6085
13078,11,42,2.777830,2.408992,1370,7.3352
13079,42,0,4.490683,4.599936,1437,7.5542
13080,0,25,2.379179,2.002986,1449,7.6226
13081,25,2,3.849323,3.897026,1454,7.6672
13082,2,12,2.214756,2.577884,1388,7.4008
13083,12,35,3.221194,3.176505,1397,7.4442
13084,35,0,4.081166,3.593326,1437,7.6301
13085,0,60,3.050267,3.377717,1447,7.6415
13086,60,38,2.894138,2.650244,1447,7.5711
13087,38,50,2.355147,2.268536,1454,7.6387
13088,50,53,3.629618,3.798413,1458,7.7463
13089,53,17,2.215810,2.242369,1409,7.5570
13090,17,2,4.492580,4.380637,1192,6.6736
13091,2,45,2.831144,2.572984,1320,7.1247
13092,45,63,3.205097,3.383285,1426,7.6120
13093,63,18,3.157632,3.403323,1429,7.5728
13094,18,12,3.923076,4.475415,1376,7.3790
13095,12,35,3.200439,3.054340,1395,7.3714
13096,35,8,1.871177,1.947126,1387,7.3374
13097,8,41,1.736006,2.277669,1347,7.2123
13098,41,6,2.159207,2.875771,1380,7.3591
13099,6,32,1.964378,2.168576,1423,7.5948
13100,32,9,2.905331,3.009364,1391,7.3448
13101,9,44,4.137327,3.880980,1404,7.5201
13102,44,35,5.105524,5.235589,1318,6.9458
13103,35,53,3.856687,4.023229,1414,7.4899
13104,53,0,3.552726,3.395482,1430,7.5244
13105,0,60,2.981513,3.239049,1347,7.2398
13106,60,38,2.766173,2.615864,1462,7.5956
13107,38,50,2.274824,2.239721,1398,7.3932
13108,50,53,3.824964,3.766119,1433,7.5971
13109,53,17,2.360603,2.272848,1445,7.6277
13110,17,2,4.340165,4.213567,1363,7.4695
13111,2,45,2.574205,2.497275,1445,7.6032
13112,45,30,3.292873,3.017241,1409,7.6117
13113,30,31,2.798621,2.855333,1442,7.5569
13114,31,12,4.226185,3.977142,1460,7.5812
13115,12,35,2.939294,2.978648,1347,7.3466
13116,35,53,3.680303,3.977888,1370,7.3610
13117,53,11,4.661312,4.661636,1383,7.4092
13118,11,42,2.675631,2.311485,1422,7.6017
13119,42,54,3.340214,3.780061,1432,7.5683
13120,54,25,2.529563,2.569087,1369,7.3407
13121,25,36,2.809803,2.870056,1447,7.6336
13122,36,29,2.647745,2.887403,1433,7.6220
13123,29,11,2.946391,3.101680,1449,7.5980
13124,11,45,3.182114,2.841176,1455,7.6062
13125,45,30,3.082212,2.910171,1448,7.6645
13126,30,46,2.081574,2.286736,1410,7.4679
13127,46,47,2.793264,2.756292,1349,7.2338
13128,47,51,2.461091,3.076313,1396,7.4200
13129,51,29,3.374596,4.136888,1449,7.6071
13130,29,23,1.843930,1.969586,1319,7.2694
13131,23,29,1.622728,1.566982,1419,7.6710
13132,29,11,2.761614,3.020208,1442,7.5855
13133,11,42,2.584553,2.326957,1454,7.6203
13134,42,54,3.419722,3.721277,1426,7.5346
13135,54,25,2.379217,2.480962,1431,7.5536
13136,25,36,2.781921,2.793293,1380,7.4307
13137,36,21,3.851354,3.923404,1469,7.6456
13138,21,9,3.708774,4.108488,1445,7.5525
13139,9,15,3.230512,2.725304,1457,7.6291
13140,15,49,2.297219,2.381761,1383,7.4183
13141,49,48,5.010187,5.075559,1396,7.3026
13142,48,51,3.590117,3.452947,1445,7.6343
13143,51,29,3.208308,3.856124,1451,7.6116
13144,29,23,1.924787,1.944744,1438,7.5779
13145,23,29,1.587892,1.545934,1430,7.6396
13146,29,23,1.800842,1.838130,1440,7.5716
13147,23,18,3.858092,4.008703,1424,7.6115
13148,18,12,3.972345,4.471879,1443,7.6602
13149,12,35,2.630013,2.873841,1423,7.6244
13150,35,0,3.845974,3.456864,1440,7.6341
13151,0,25,2.352837,2.125118,1373,7.3624
13152,25,36,2.648114,2.699735,1434,7.6263
13153,36,29,2.604672,2.915537,1433,7.6310
13154,29,11,2.687941,2.991832,1439,7.6175
13155,11,45,3.106652,2.887432,1457,7.6375
13156,45,30,2.822298,2.818175,1453,7.6888
13157,30,46,2.113051,2.284762,1453,7.5429
13158,46,46,0.763999,0.443326,1445,7.5964
13159,46,1,4.316937,4.673213,1437,7.6062
13160,1,47,2.477883,1.968971,1251,6.8251
13161,47,22,3.274063,3.278451,1440,7.5778
13162,22,35,4.472356,4.814477,1386,7.4500
13163,35,8,1.838376,2.057364,1443,7.6170
13164,8,41,1.797400,2.196030,1395,7.5335
13165,41,6,2.107462,2.799319,1335,7.3054
13166,6,56,3.229592,3.353707,1450,7.5904
13167,56,34,3.080023,3.347184,1452,7.5795
13168,34,40,2.327638,2.118493,1460,7.7025
13169,40,57,2.596070,2.693875,1398,7.5306
13170,57,32,3.883088,4.259556,1363,7.4215
13171,32,61,3.601129,3.712684,1361,7.3516
13172,61,33,2.836318,2.904886,1357,7.2960
13173,33,18,4.859223,4.639064,1396,7.4524
13174,18,38,3.478227,3.763438,1443,7.6664
13175,38,2,3.123427,3.662374,1364,7.3515
13176,2,54,3.888476,3.536118,1410,7.5321
13177,54,0,3.637999,3.682111,1422,7.5944
13178,0,60,2.667298,3.204922,1449,7.6166
13179,60,36,3.268725,2.919647,1388,7.4132
13180,36,29,2.406764,2.857443,1434,7.6170
13181,29,23,1.823002,1.909280,1458,7.6385
13182,23,29,1.628283,1.573237,1453,7.6760
13183,29,48,3.263260,3.368899,1371,7.3274
13184,48,51,3.301617,3.363034,1366,7.3484
13185,51,51,0.990927,0.532643,1448,7.6065
13186,51,29,2.902141,3.773715,1433,7.5561
13187,29,23,1.735385,1.898939,1369,7.3246
13188,23,29,1.540933,1.499184,1434,7.5703
13189,29,11,2.735506,3.078336,1456,7.6140
13190,11,42,2.661775,2.382336,1399,7.5044
13191,42,45,2.580324,2.300520,1348,7.1704
13192,45,63,3.290474,3.522088,1447,7.6409
13193,63,47,3.796100,4.680231,1416,7.5229
13194,47,22,3.105853,3.160866,1349,7.3184
13195,22,47,3.103645,2.443263,1389,7.3652
13196,47,56,2.881390,3.311546,1445,7.6085
13197,56,6,2.792028,2.946235,1460,7.5916
13198,6,56,2.924491,3.141638,1418,7.5546
13199,56,34,3.162599,3.338986,1441,7.5561
13200,34,35,3.947714,4.145974,1401,7.5688
13201,35,8,1.826728,1.988652,1459,7.6113
13202,8,41,1.801621,2.186126,1466,7.6015
13203,41,6,1.996074,2.713331,1463,7.6156
13204,6,22,4.829971,5.492613,1434,7.5611
13205,22,35,4.328998,4.570824,1365,7.1756
13206,35,8,1.730952,1.906203,1432,7.5022
13207,8,41,1.742927,2.158483,1374,7.3071
13208,41,36,6.032148,6.045902,1479,7.6217
13209,36,34,3.208477,3.209253,1089,6.2103
13210,34,7,4.592180,4.737652,1450,7.6766
13211,7,31,3.282238,3.031247,1348,7.3059
13212,31,12,3.937486,3.894018,1264,6.9881
13213,12,20,2.786910,2.586859,1311,7.1756
13214,20,10,2.241591,2.185463,1344,7.1268
13215,10,2,4.488384,4.755674,1177,6.4056
13216,2,45,2.875512,2.558339,1447,7.5852
13217,45,63,2.969543,3.346305,1425,7.6503
13218,63,6,5.542640,5.824763,1331,7.1029
13219,6,32,2.253450,2.277664,1421,7.5379
13220,32,61,3.271022,3.560803,1416,7.4740
13221,61,33,2.773146,2.880238,1328,7.2485
13222,33,55,2.813547,3.109234,1370,7.3656
13223,55,4,2.689664,2.777517,1377,7.3821
13224,4,23,4.137836,4.589590,1166,6.3433
13225,23,29,1.473535,1.476819,1444,7.7158
13226,29,23,1.952753,1.903573,1428,7.5648
13227,23,0,5.498110,5.769548,1470,7.7156
13228,0,25,2.402626,1.974265,1450,7.6418
13229,25,2,4.079299,3.994904,1427,7.6109
13230,2,12,2.705180,2.882162,1341,7.3119
13231,12,20,2.499830,2.484517,1434,7.6437
13232,20,3,3.341854,3.783698,1374,7.4379
13233,3,39,3.171895,3.091829,1394,7.4226
13234,39,59,3.652778,3.888152,1392,7.4042
13235,59,10,3.838724,3.825776,1438,7.6251
13236,10,2,4.282780,4.674255,1450,7.6182
13237,2,54,3.695087,3.497155,1338,7.1329
13238,54,0,3.478638,3.511800,1414,7.5471
13239,0,21,3.018347,3.623120,1409,7.5515
13240,21,48,3.112912,2.774558,1439,7.5514
13241,48,51,3.199595,3.205678,1417,7.5496
13242,51,29,2.832422,3.472186,1445,7.5490
13243,29,23,1.693039,1.812662,1401,7.4830
13244,23,29,1.554913,1.476496,1451,7.6945
13245,29,48,3.102627,3.298578,1454,7.6396
13246,48,51,3.102266,3.121765,1435,7.6004
13247,51,16,2.294234,2.128633,1440,7.5707
13248,16,23,3.679127,3.971850,1392,7.3651
13249,23,29,1.426732,1.431143,1451,7.7011
13250,29,23,1.759799,1.761818,1409,7.4814
13251,23,29,1.398170,1.361251,1443,7.6710
13252,29,11,2.883309,3.195414,1448,7.6047
13253,11,45,3.034668,2.849446,1441,7.6222
13254,45,30,3.081456,2.855782,1367,7.4150
13255,30,46,2.112708,2.264141,1380,7.1686
13256,46,47,2.861205,2.862936,1385,7.3433
13257,47,56,2.569013,3.249456,1449,7.6054
13258,56,1,2.899150,3.049494,1429,7.5583
13259,1,32,3.321760,3.576051,1337,7.2093
13260,32,27,3.455678,3.394577,1360,7.3354
13261,27,20,5.452192,5.175262,1425,7.5879
13262,20,3,3.184367,3.550214,1401,7.3909
13263,3,39,2.965175,3.023838,1196,6.4223
13264,39,59,3.349412,3.809931,1340,7.2790
13265,59,15,4.537779,4.180903,1426,7.5462
13266,15,39,3.077299,3.396658,1439,7.6199
13267,39,59,3.350829,3.707458,1421,7.6178
13268,59,15,4.372615,4.033716,1441,7.6663
13269,15,49,2.227673,2.169153,1446,7.5860
13270,49,48,4.508326,4.929372,1440,7.5650
13271,48,51,2.965464,3.014881,1438,7.6340
13272,51,29,2.367324,3.165840,1444,7.6059
13273,29,23,1.740859,1.772914,1395,7.3845
13274,23,29,1.293889,1.330270,1360,7.4910
13275,29,23,1.646636,1.668301,1281,6.8305
13276,23,29,1.326117,1.290288,1428,7.6171
13277,29,11,2.862012,3.208909,1453,7.6054
13278,11,45,3.038400,2.808065,1432,7.6144
13279,45,30,2.883368,2.770063,1459,7.7062
13280,30,31,3.444743,3.299271,1465,7.5963
13281,31,12,3.899116,3.766155,1346,7.1912
13282,12,43,4.841982,4.944892,1422,7.5991
13283,43,11,5.091987,4.918550,1377,7.4412
13284,11,42,2.739911,2.444406,1294,6.9268
13285,42,0,4.570182,4.573889,1309,7.1239
13286,0,25,2.021161,1.858349,1351,7.2504
13287,25,29,2.248092,3.389783,1411,7.5709
13288,29,11,2.733337,3.078740,1451,7.6036
13289,11,42,2.485693,2.372014,1447,7.6350
13290,42,54,3.265501,3.873234,1474,7.6011
13291,54,25,2.434581,2.492564,1411,7.5348
13292,25,2,3.959623,3.981062,1458,7.6558
13293,2,54,3.761751,3.338319,1289,7.1864
13294,54,0,3.297882,3.370886,1471,7.5862
13295,0,25,1.963819,1.705933,1439,7.6137
13296,25,36,2.766632,2.970690,1458,7.6371
13297,36,29,2.742265,3.091535,1440,7.5328
13298,29,23,1.695582,1.772336,1460,7.6399
13299,23,29,1.392073,1.341516,1354,7.2830
13300,29,11,2.573416,2.965586,1474,7.6325
13301,11,42,2.557712,2.321820,1461,7.6429
13302,42,54,3.254505,3.851835,1449,7.5750
13303,54,0,3.181277,3.263263,1433,7.5489
13304,0,60,2.673365,3.327147,1438,7.6308
13305,60,38,2.702084,2.672420,1365,7.2052
13306,38,50,2.506201,2.255775,1340,7.1851
13307,50,33,4.172619,4.337676,1424,7.6507
13308,33,55,2.730328,3.013137,1415,7.5422
13309,55,42,5.641846,5.304060,1433,7.5658
13310,42,45,2.775125,2.261725,1361,7.2853
13311,45,62,5.057004,5.492454,1366,7.3735
13312,62,60,3.722301,3.939758,1461,7.5676
13313,60,38,2.602658,2.547943,1455,7.5945
13314,38,50,2.300181,2.228849,1427,7.5863
13315,50,54,2.830849,3.714559,1437,7.6683
13316,54,25,2.483580,2.509186,1445,7.5820
13317,25,29,2.192322,3.504210,1452,7.6469
13318,29,11,2.622930,2.818753,1432,7.5655
13319,11,42,2.520948,2.383766,1424,7.6219
13320,42,54,3.356397,3.744648,1451,7.6059
13321,54,25,2.328956,2.429827,1437,7.5540
13322,25,29,2.425807,3.476069,1413,7.5463
13323,29,48,3.601184,3.538804,1465,7.6191
13324,48,51,2.799607,2.933228,1433,7.6118
13325,51,29,2.648826,3.216451,1427,7.5346
13326,29,48,3.206797,3.304463,1454,7.5850
13327,48,51,2.742921,2.846849,1363,7.4936
13328,51,16,2.229688,2.169837,1402,7.5290
13329,16,23,3.404740,3.898881,1381,7.3439
13330,23,29,1.454646,1.391519,1342,7.2971
13331,29,11,2.495968,2.765443,1353,7.0726
13332,11,45,3.124564,2.931817,1362,7.2426
13333,45,63,3.269996,3.522876,1293,7.1050
13334,63,18,3.474484,3.611467,1224,6.7489
13335,18,18,1.174722,0.638789,1251,6.9489
13336,18,38,3.455445,3.764580,1427,7.5673
13337,38,50,2.257337,2.162595,1393,7.4142
13338,50,53,3.633303,3.748312,1454,7.6757
13339,53,11,5.109091,4.819564,1370,7.2757
13340,11,42,2.532985,2.347114,1429,7.6152
13341,42,45,2.484598,2.157470,1456,7.6162
13342,45,30,3.064670,2.814056,1398,7.5276
13343,30,46,2.215029,2.410010,1356,7.1309
13344,46,1,3.953027,4.426646,1384,7.4901
13345,1,32,3.119820,3.464536,1456,7.6421
13346,32,9,3.148760,3.036714,1363,7.2232
13347,9,44,4.033421,3.723997,1469,7.6397
13348,44,36,5.047625,4.747857,1448,7.5811
13349,36,34,3.111148,3.007040,1426,7.5838
13350,34,35,3.848199,3.970939,1476,7.7001
13351,35,8,1.740197,1.879968,1357,7.2318
13352,8,41,1.633829,2.078861,1255,6.8668
13353,41,6,2.315610,2.935713,1430,7.5839
13354,6,56,2.990294,3.108215,1446,7.5773
13355,56,6,2.706177,2.801359,1454,7.6195
13356,6,32,2.394246,2.324029,1417,7.5396
13357,32,61,3.428241,3.502268,1382,7.5168
13358,61,34,4.710268,4.739753,1315,7.0847
13359,34,40,2.367801,2.153816,1445,7.6521
13360,40,57,2.508700,2.584137,1327,7.1878
13361,57,32,3.801767,4.184368,1397,7.5248
13362,32,27,3.290858,3.292974,1381,7.4457
13363,27,20,5.177811,5.063063,1413,7.5662
13364,20,10,2.118444,2.180757,1304,6.9558
13365,10,21,6.014090,6.554677,1442,7.6207
13366,21,48,2.981085,2.658208,1297,7.1051
13367,48,51,2.622333,2.741707,1298,7.1631
13368,51,29,2.320277,3.077124,1440,7.5711
13369,29,11,2.415469,2.720704,1428,7.5681
13370,11,42,2.541459,2.294238,1452,7.6405
13371,42,54,3.448181,3.755160,1480,7.6380
13372,54,0,3.247689,3.303692,1431,7.5709
13373,0,21,3.391543,3.880255,1433,7.6135
13374,21,48,3.025618,2.617328,1408,7.4827
13375,48,51,2.574384,2.646177,1448,7.6488
13376,51,16,2.418378,2.171852,1381,7.3649
13377,16,53,4.910408,5.800631,1455,7.6555
13378,53,17,1.981826,2.224483,1256,6.9107
13379,17,2,4.177874,4.184090,1410,7.5531
13380,2,45,2.968207,2.749768,1400,7.5341
13381,45,30,2.951848,2.638776,1434,7.6558
13382,30,31,3.143093,3.352121,1446,7.5843
13383,31,54,5.501853,4.924573,1392,7.3723
13384,54,25,2.443283,2.360659,1433,7.5328
13385,25,29,2.501544,3.580722,1333,7.1386
13386,29,11,2.247738,2.585891,1453,7.6130
13387,11,45,2.934253,2.908166,1423,7.5827
13388,45,63,3.207745,3.523616,1419,7.5974
13389,63,6,5.652787,5.683913,1325,7.1331
13390,6,32,2.160958,2.220690,1348,7.2461
13391,32,27,3.003236,3.178388,1437,7.5811
13392,27,20,4.983795,4.998852,1357,7.3224
13393,20,10,2.010290,2.082250,1446,7.5900
13394,10,2,4.236631,4.577007,1399,7.5297
13395,2,12,2.729761,2.853021,1416,7.6013
13396,12,35,3.127367,3.064188,1442,7.6440
13397,35,53,3.897109,4.122019,1440,7.6296
13398,53,17,1.966941,2.213698,1346,7.2596
13399,17,7,3.249161,3.643312,1307,7.2275
13400,7,31,3.223953,3.042368,1430,7.5716
13401,31,12,3.761079,3.683328,1448,7.5899
13402,12,20,2.923195,2.716821,1441,7.6061
13403,20,3,2.959656,3.409688,1422,7.5098
13404,3,41,2.385643,3.183757,1435,7.5779
13405,41,6,2.273413,2.881371,1433,7.6266
13406,6,32,2.393335,2.171609,1438,7.5745
13407,32,61,3.297229,3.501293,1440,7.6032
13408,61,33,3.049447,2.979558,1424,7.5713
13409,33,18,4.747863,4.491619,1414,7.4656
13410,18,18,1.121456,0.582058,1474,7.6730
13411,18,12,4.456595,4.724103,1458,7.6380
13412,12,35,3.049943,2.969502,1289,7.1215
13413,35,53,3.684615,4.005093,1450,7.6039
13414,53,17,2.158548,2.232335,1351,7.2077
13415,17,7,3.133971,3.516043,1423,7.6002
13416,7,16,4.241784,4.557585,1397,7.4580
13417,16,21,3.559034,4.354783,1478,7.6663
13418,21,48,2.889897,2.529414,1450,7.5678
13419,48,51,2.569849,2.572254,1374,7.3393
13420,51,16,2.310955,2.144012,1454,7.6199
13421,16,21,3.131009,4.230874,1438,7.5892
13422,21,47,4.153564,4.262745,1451,7.5610
13423,47,56,2.657404,3.117933,1358,7.2007
13424,56,1,2.771694,2.932552,1446,7.5620
13425,1,47,2.488522,2.030475,1310,7.0569
13426,47,51,3.586212,3.621314,1401,7.5373
13427,51,29,2.296999,3.060407,1446,7.5764
13428,29,48,2.642455,3.001908,1416,7.5467
13429,48,25,3.775086,4.441489,1452,7.6299
13430,25,29,2.618322,3.385555,1379,7.4278
13431,29,11,2.220068,2.550787,1455,7.6100
13432,11,45,2.844187,2.831610,1412,7.4825
13433,45,63,3.205003,3.430443,1392,7.5228
13434,63,6,5.587880,5.668256,1450,7.5570
13435,6,56,2.789411,2.946254,1318,7.0415
13436,56,6,2.705828,2.829881,1342,7.1347
13437,6,32,2.067413,2.114558,1436,7.5492
13438,32,61,3.186123,3.363630,1398,7.5523
13439,61,33,2.945248,2.961582,1461,7.6047
13440,33,11,6.681412,6.659575,1301,7.1525
13441,11,42,2.455377,2.317118,1285,7.0017
13442,42,45,2.310314,2.040406,1432,7.5701
13443,45,30,2.954532,2.771084,1442,7.6609
13444,30,46,2.402755,2.587957,1316,6.9727
13445,46,46,0.712725,0.464309,1469,7.6149
13446,46,47,2.855571,2.971033,1436,7.5759
13447,47,22,2.887853,3.176817,1394,7.4552
13448,22,20,4.308796,4.645354,1274,6.8087
13449,20,10,2.005200,2.072211,1318,7.0866
13450,10,21,5.868200,6.547528,1437,7.6443
13451,21,48,2.746551,2.448783,1378,7.4022
13452,48,6,5.360329,5.507199,1383,7.4277
13453,6,32,2.062656,2.050808,1425,7.5480
13454,32,27,3.010730,3.237964,1424,7.5700
13455,27,20,4.912387,4.981055,1425,7.6117
13456,20,10,1.944679,1.990104,1349,7.1636
13457,10,11,7.215868,7.369388,1442,7.5957
13458,11,45,2.559653,2.476678,1347,7.3076
13459,45,30,2.711109,2.679458,1365,7.3945
13460,30,27,5.754241,6.686955,1435,7.5944
13461,27,20,4.872570,4.766682,1412,7.5445
13462,20,10,1.879552,1.923840,1449,7.5933
13463,10,2,4.189984,4.519637,1469,7.6335
13464,2,12,2.689255,2.851239,1424,7.6010
13465,12,43,4.706482,4.776411,1466,7.6515
13466,43,51,5.080562,4.679867,1357,7.3814
13467,51,29,2.175339,2.992518,1448,7.6355
13468,29,23,2.412091,2.393898,1409,7.5500
13469,23,18,3.765563,3.935345,1460,7.6816
13470,18,38,3.235186,3.738462,1444,7.6377
13471,38,50,2.258914,2.085898,1444,7.6071
13472,50,53,3.749164,3.793605,1452,7.7038
13473,53,11,4.810537,4.788093,1409,7.5412
13474,11,45,2.499289,2.376385,1451,7.6127
13475,45,62,5.201950,5.739705,1401,7.5731
13476,62,60,3.764393,3.891919,1325,7.1090
13477,60,38,2.533503,2.478627,1359,7.2024
13478,38,54,3.933649,4.446447,1432,7.5994
13479,54,25,2.353025,2.306973,1482,7.6288
13480,25,2,4.154920,4.240610,1446,7.5894
13481,2,12,2.641665,2.748662,1400,7.4674
13482,12,35,3.065984,2.871590,1426,7.5671
13483,35,53,3.659047,3.978351,1343,7.3083
13484,53,17,2.102401,2.253425,1394,7.4967
13485,17,2,4.073606,4.180984,1288,7.0988
13486,2,12,2.520481,2.695546,1445,7.6203
13487,12,35,2.985836,2.758801,1444,7.6354
13488,35,8,1.886594,2.155392,1430,7.5468
13489,8,41,1.687763,2.067176,1416,7.5253
13490,41,6,2.312184,2.974177,1456,7.6221
13491,6,32,1.951171,2.009250,1404,7.4672
13492,32,9,3.258060,3.250939,1427,7.5987
13493,9,44,3.753980,3.574474,1441,7.6122
13494,44,35,5.416650,5.428999,1393,7.2659
13495,35,0,4.326428,3.831010,1466,7.6060
13496,0,25,1.672118,1.689036,1352,7.3698
13497,25,36,3.040056,3.216134,1354,7.3016
13498,36,29,2.752401,3.077944,1395,7.3391
13499,29,23,2.221465,2.271432,1314,7.1892
13500,23,29,1.767314,1.584050,1411,7.5462
13501,29,11,2.828541,2.938061,1411,7.5390
13502,11,42,2.492916,2.337863,1455,7.6311
13503,42,54,3.800142,3.775784,1401,7.5678
13504,54,25,2.115455,2.200001,1459,7.5768
13505,25,2,3.825584,4.215113,1441,7.6210
13506,2,12,2.322442,2.619629,1432,7.5343
13507,12,43,4.563615,4.734847,1372,7.3444
13508,43,51,4.907656,4.591281,1442,7.6807
13509,51,29,2.300511,2.924139,1402,7.4365
13510,29,11,2.548337,2.782342,1430,7.6070
13511,11,42,2.471238,2.287628,1384,7.3806
13512,42,45,2.151238,1.903165,1424,7.5376
13513,45,30,2.796201,2.654172,1454,7.7022
13514,30,31,3.393154,3.625281,1436,7.5630
13515,31,12,3.865554,3.667862,1389,7.4203
13516,12,35,2.958787,2.783594,1412,7.3882
13517,35,53,3.519983,3.878781,1452,7.6090
13518,53,17,2.438237,2.237717,1358,7.2753
13519,17,2,3.867151,4.039067,1404,7.5998
13520,2,12,2.340706,2.644345,1387,7.4161
13521,12,20,3.268173,3.034401,1459,7.6421
13522,20,10,1.983673,1.912125,1357,7.2184
13523,10,2,3.790660,4.626252,1401,7.5467
13524,2,12,2.318124,2.515235,1379,7.2876
13525,12,35,3.166651,2.744320,1452,7.6731
13526,35,0,4.090239,3.677274,1467,7.6219
13527,0,25,1.786834,1.677196,1454,7.6282
13528,25,36,3.248040,3.194356,1427,7.5655
13529,36,21,4.255336,4.156207,1423,7.5553
13530,21,9,3.736005,4.170096,1424,7.4822
13531,9,44,3.464402,3.458074,1437,7.5949
13532,44,35,5.622265,5.485734,1383,7.4309
13533,35,53,3.500545,3.715550,1366,7.3065
13534,53,17,2.428678,2.245822,1268,6.9627
13535,17,7,3.004466,3.500737,1377,7.4839
13536,7,31,3.154129,3.100439,1402,7.5021
13537,31,54,4.973374,4.811120,1441,7.5933
13538,54,0,3.601119,3.384482,1408,7.4673
13539,0,21,3.353168,3.919516,1454,7.6362
13540,21,9,4.020802,4.128618,1426,7.5162
13541,9,15,3.369351,2.902033,1468,7.6424
13542,15,49,1.967220,2.154095,1428,7.5525
13543,49,50,5.148700,4.723529,1288,6.8889
13544,50,54,2.725355,3.865059,1397,7.4522
13545,54,25,2.223745,2.154105,1420,7.5636
13546,25,29,2.620613,3.710979,1433,7.6234
13547,29,11,2.681256,2.653639,1434,7.6244
13548,11,45,2.483048,2.487239,1441,7.5867
13549,45,30,2.717136,2.571306,1416,7.6160
13550,30,46,2.353134,2.892389,1421,7.5702
13551,46,46,0.732597,0.445079,1446,7.6265
13552,46,47,2.829761,2.854954,1451,7.5896
13553,47,56,2.488056,3.151262,1423,7.5430
13554,56,34,3.221844,3.531920,1431,7.5710
13555,34,35,3.967236,4.189978,1451,7.6874
13556,35,8,1.917431,2.209838,1262,6.7355
13557,8,56,3.620037,4.257715,1335,7.2339
13558,56,1,2.691140,2.957854,1463,7.6210
13559,1,32,2.855373,3.480325,1421,7.5424
13560,32,9,3.165071,3.268584,1426,7.5593
13561,9,15,3.298319,2.771625,1444,7.5934
13562,15,49,2.088222,2.173321,1429,7.5533
13563,49,50,4.957278,4.595045,1234,6.6314
13564,50,54,2.648011,3.741089,1399,7.5932
13565,54,0,3.468648,3.354254,1433,7.5606
13566,0,21,3.219051,3.829807,1444,7.6321
13567,21,48,2.750350,2.515207,1372,7.3259
13568,48,25,3.700080,4.318512,1334,7.1733
13569,25,2,4.171128,4.301423,1444,7.5958
13570,2,12,2.136901,2.446984,1469,7.6345
13571,12,20,3.014610,2.956009,1306,7.0397
13572,20,10,1.818178,1.879576,1358,7.2324
13573,10,2,3.911252,4.606069,1405,7.5339
13574,2,45,3.381471,3.205158,1429,7.5834
13575,45,30,2.476430,2.383936,1446,7.6746
13576,30,31,3.742780,3.813154,1430,7.5930
13577,31,12,3.801999,3.639786,1440,7.5747
13578,12,35,3.226587,2.847559,1382,7.4202
13579,35,8,1.877449,2.164854,1451,7.5949
13580,8,41,1.790879,2.110153,1347,7.3237
13581,41,36,5.317894,5.506261,1453,7.6380
13582,36,21,3.831727,3.837295,1441,7.6441
13583,21,48,2.638079,2.396224,1382,7.4100
13584,48,6,4.892719,5.225127,1281,6.8718
13585,6,32,2.024058,2.042940,1363,7.3247
13586,32,9,2.880997,3.134721,1440,7.5809
13587,9,44,3.545467,3.456954,1444,7.6293
13588,44,36,4.921000,4.630792,1397,7.4473
13589,36,34,2.920717,2.989329,1409,7.5380
13590,34,40,2.413387,2.160277,1448,7.6985
13591,40,57,2.510557,2.496089,1390,7.5216
13592,57,59,4.929097,4.823129,1371,7.5832
13593,59,10,3.802729,3.827803,1231,7.0224
13594,10,21,6.133019,6.789432,1369,7.3298
13595,21,9,3.550826,4.256984,1268,6.9847
13596,9,15,3.062805,2.732838,1419,7.5922
13597,15,49,1.969547,2.190039,1396,7.4378
13598,49,48,5.285388,5.205269,1408,7.5384
13599,48,6,4.574187,4.933808,1432,7.5758
13600,6,32,1.919670,2.037116,1443,7.5974
13601,32,9,2.720421,3.124963,1441,7.5711
13602,9,3,4.349903,4.071360,1418,7.5865
13603,3,10,2.554554,2.542957,1429,7.5764
13604,10,21,6.025232,6.585312,1336,7.3100
13605,21,48,2.554593,2.479190,1376,7.4090
13606,48,25,3.553136,4.230287,1446,7.6455
13607,25,36,3.261913,3.254916,1421,7.6089
13608,36,34,2.821058,2.964922,1440,7.5766
13609,34,7,4.590744,4.709315,1435,7.6673
13610,7,31,3.041167,3.028902,1335,7.2664
13611,31,12,3.714292,3.515385,1437,7.5252
13612,12,35,3.012664,2.680629,1394,7.4333
13613,35,8,1.897812,2.167861,1438,7.6037
13614,8,41,1.745722,2.104671,1433,7.5555
13615,41,36,5.237173,5.341772,1360,7.2803
13616,36,34,2.602802,2.767423,1432,7.5344
13617,34,40,2.295400,2.189901,1406,7.6192
13618,40,57,2.501882,2.471044,1434,7.6461
13619,57,52,3.473892,3.743494,1369,7.4344
13620,52,21,5.313626,5.271390,1419,7.5401
13621,21,48,2.619923,2.376787,1383,7.3518
13622,48,25,3.269699,4.080273,1405,7.5911
13623,25,36,3.401906,3.219458,1443,7.6854
13624,36,34,2.450945,2.757502,1367,7.3301
13625,34,35,3.960527,4.282779,1444,7.6512
13626,35,53,3.460403,3.709250,1467,7.6241
13627,53,11,4.718983,4.870280,1429,7.5546
13628,11,45,2.466450,2.446727,1398,7.4108
13629,45,30,2.411279,2.321074,1451,7.6630
13630,30,46,2.592565,3.031373,1467,7.6155
13631,46,46,0.781175,0.413676,1416,7.6048
13632,46,1,4.422541,4.496973,1447,7.6260
13633,1,19,4.621679,4.651398,1431,7.6196
13634,19,38,5.098507,5.129689,1426,7.6103
13635,38,50,2.376316,2.165581,1373,7.3393
13636,50,54,2.599294,3.636864,1451,7.6668
13637,54,25,2.127629,2.356306,1428,7.5580
13638,25,29,2.712967,3.495656,1432,7.6072
13639,29,11,2.700759,2.560919,1468,7.6305
13640,11,45,2.456365,2.401928,1442,7.5925
13641,45,63,3.598922,3.898843,1420,7.6327
13642,63,18,3.392654,3.601999,1357,7.2334
13643,18,38,3.220631,3.644259,1428,7.6191
13644,38,2,3.787525,4.038400,1434,7.5852
13645,2,12,2.239322,2.558319,1387,7.4667
13646,12,35,2.853350,2.628792,1432,7.5776
13647,35,53,3.086361,3.604383,1425,7.5388
13648,53,17,2.580749,2.313516,1417,7.4912
13649,17,2,3.775149,3.981800,1421,7.6083
13650,2,12,2.228211,2.511836,1420,7.5124
13651,12,20,2.960403,2.913083,1479,7.6633
13652,20,10,1.797397,1.925443,1352,7.3111
13653,10,2,3.812464,4.592136,1456,7.6763
13654,2,54,3.906400,3.675310,1419,7.5295
13655,54,25,2.027125,2.281553,1332,7.1258
13656,25,29,2.829485,3.410806,1445,7.6498
13657,29,11,2.548465,2.426336,1449,7.6118
13658,11,42,2.703573,2.525923,1457,7.6180
13659,42,0,4.501661,4.604714,1434,7.5498
13660,0,21,3.480222,3.825722,1428,7.6194
13661,21,47,4.078938,4.162697,1324,7.0909
13662,47,22,3.352817,3.084386,1446,7.6280
13663,22,35,4.480860,4.847735,1469,7.5923
13664,35,0,4.392718,3.873709,1451,7.6139
13665,0,21,3.340224,3.662535,1370,7.3530
13666,21,9,3.979778,4.331662,1429,7.5413
13667,9,44,3.430371,3.426246,1464,7.6881
13668,44,35,5.662810,5.508138,1333,7.2267
13669,35,8,1.903029,2.170231,1433,7.5356
13670,8,41,1.656996,2.043545,1442,7.5742
13671,41,6,2.642051,3.221523,1446,7.6083
13672,6,32,2.019544,2.030503,1440,7.5870
13673,32,27,3.098548,3.313208,1457,7.5956
13674,27,20,4.925541,4.733474,1355,7.3582
13675,20,10,1.738718,1.855587,1394,7.3307
13676,10,2,3.624715,4.431212,1454,7.6420
13677,2,12,2.196231,2.410694,1421,7.5689
13678,12,35,2.867734,2.805655,1438,7.5965
13679,35,8,1.909664,2.128862,1383,7.3613
13680,8,41,1.664707,2.033919,1368,7.2522
13681,41,6,2.491532,3.139833,1446,7.6065
13682,6,56,2.981353,3.131649,1433,7.5743
13683,56,34,3.126594,3.573016,1445,7.5559
13684,34,40,2.201859,2.193895,1446,7.6739
13685,40,25,5.147741,5.697175,1324,7.2753
13686,25,36,3.275389,3.081740,1118,6.5922
13687,36,21,4.026340,3.815648,1405,7.5366
13688,21,9,3.695977,4.214435,1419,7.4861
13689,9,3,3.943879,3.854853,1338,7.2000
13690,3,41,2.797047,3.301619,1385,7.4142
13691,41,6,2.329273,2.971117,1453,7.5882
13692,6,56,2.883942,3.041253,1437,7.5851
13693,56,34,2.900986,3.481866,1440,7.5429
13694,34,35,3.860699,4.276656,1434,7.6514
13695,35,53,3.053324,3.511178,1350,7.2735
13696,53,17,2.564091,2.279803,1328,7.1548
13697,17,2,3.392586,3.847028,1454,7.6839
13698,2,45,3.685006,3.464855,1428,7.5743
13699,45,30,2.376124,2.252228,1434,7.6242
13700,30,27,6.073858,6.865827,1464,7.6171
13701,27,20,4.618986,4.511481,1406,7.5782
13702,20,10,1.694237,1.822691,1436,7.5888
13703,10,11,7.518966,7.788111,1434,7.6306
13704,11,42,2.435634,2.357526,1341,7.2817
13705,42,54,3.698785,3.913746,1397,7.5063
13706,54,25,2.100368,2.289779,1428,7.5956
13707,25,36,2.769734,2.977181,1460,7.6714
13708,36,34,2.710189,2.955578,1369,7.3475
13709,34,40,2.104477,2.202101,1441,7.6756
13710,40,57,2.352701,2.525132,1404,7.5724
13711,57,32,3.855094,4.331494,1364,7.5288
13712,32,61,3.203088,3.481280,1416,7.5162
13713,61,2,6.223237,6.205235,1279,6.9651
13714,2,45,3.562843,3.324756,1401,7.4907
13715,45,63,3.407386,3.611278,1361,7.1814
13716,63,6,5.367382,5.492524,1431,7.5632
13717,6,56,2.570291,2.860006,1417,7.5326
13718,56,1,2.887360,3.032450,1450,7.5873
13719,1,32,2.838992,3.559939,1462,7.6431
13720,32,9,3.332304,3.178925,1445,7.6264
13721,9,44,3.471735,3.332929,1387,7.3746
13722,44,35,5.286871,5.388817,1402,7.4880
13723,35,8,1.888152,2.080768,1436,7.5770
13724,8,52,5.378121,5.451296,1439,7.5729
13725,52,21,5.363298,5.093471,1324,7.1607
13726,21,48,2.502361,2.425457,1394,7.3519
13727,48,51,2.807105,2.880624,1368,7.4806
13728,51,16,2.297673,1.999958,1438,7.5604
13729,16,53,5.267221,5.747020,1460,7.6134
13730,53,11,5.055363,4.735212,1294,6.9578
13731,11,45,2.489776,2.501974,1369,7.4517
13732,45,63,3.250123,3.498060,1412,7.6651
13733,63,47,3.927716,4.906191,1426,7.5039
13734,47,22,3.049681,2.990661,1448,7.6128
13735,22,35,4.397796,4.816865,1469,7.6245
13736,35,53,2.802522,3.406122,1435,7.6031
13737,53,17,2.260074,2.224579,1438,7.5963
13738,17,7,3.049835,3.517349,1422,7.5875
13739,7,31,3.015387,2.972084,1219,7.0089
13740,31,12,3.575201,3.512936,1436,7.5528
13741,12,35,2.880488,2.840816,1379,7.3714
13742,35,8,1.953922,2.077108,1437,7.5665
13743,8,41,1.776980,2.140267,1427,7.5552
13744,41,6,2.326809,2.979981,1454,7.5953
13745,6,32,2.194672,2.308945,1451,7.5966
13746,32,27,2.940194,3.162237,1434,7.5713
13747,27,20,4.378012,4.411909,1396,7.5342
13748,20,10,1.740278,1.789428,1433,7.5715
13749,10,11,7.047925,7.558878,1420,7.5178
13750,11,42,2.461481,2.325092,1200,6.7189
13751,42,54,3.576276,3.766727,1450,7.6200
13752,54,25,2.142927,2.211569,1369,7.3858
13753,25,36,2.776596,2.878507,1382,7.4602
13754,36,29,2.867531,3.258890,1455,7.6187
13755,29,11,2.725421,2.715672,1338,7.0893
13756,11,42,2.403634,2.268457,1432,7.5926
13757,42,54,3.592142,3.689460,1461,7.6365
13758,54,0,3.521751,3.500881,1446,7.5626
13759,0,60,3.181498,3.545600,1436,7.6146
13760,60,38,2.650039,2.569144,1457,7.5788
13761,38,2,3.889599,4.054372,1423,7.5135
13762,2,45,3.478449,3.221231,1315,7.1097
13763,45,63,3.261459,3.271367,1387,7.4774
13764,63,47,3.927533,4.846833,1416,7.4282
13765,47,22,2.771422,2.885894,1400,7.4680
13766,22,35,4.156005,4.748276,1441,7.5928
13767,35,0,4.456940,3.919367,1426,7.5534
13768,0,25,1.756875,1.789705,1432,7.6319
13769,25,2,4.556290,4.747678,1402,7.5026
13770,2,45,3.297840,3.034656,1428,7.5073
13771,45,30,2.317327,2.211673,1390,7.4241
13772,30,46,2.733601,3.051518,1443,7.6262
13773,46,47,3.085822,2.765475,1279,7.0425
13774,47,22,2.776369,2.865149,1426,7.5475
13775,22,20,4.448408,4.811704,1438,7.5637
13776,20,10,1.621462,1.728531,1307,7.0266
13777,10,2,3.813746,4.561152,1357,7.2618
13778,2,12,2.386342,2.566002,1370,7.2764
13779,12,35,2.882190,2.788419,1351,7.2424
13780,35,8,1.727312,2.068395,1468,7.6149
13781,8,41,1.715859,2.107451,1452,7.5783
13782,41,6,2.305156,2.899320,1340,7.1909
13783,6,32,1.954093,2.261035,1417,7.5574
13784,32,9,3.185867,3.128408,1421,7.5498
13785,9,3,3.927250,3.707087,1450,7.6064
13786,3,41,2.592030,3.295718,1452,7.5971
13787,41,6,2.191250,2.754775,1359,7.3546
13788,6,56,2.804987,3.014677,1463,7.6138
13789,56,34,3.100926,3.461684,1453,7.6084
13790,34,40,2.259975,2.143661,1456,7.6942
13791,40,25,5.183864,5.635923,1309,7.2205
13792,25,36,2.929092,2.707145,1393,7.5452
13793,36,29,2.732977,3.147232,1376,7.3950
13794,29,23,2.472704,2.507385,1277,6.9523
13795,23,18,3.540393,3.617198,1099,6.2811
13796,18,12,4.850434,5.298335,1239,6.8748
13797,12,20,3.227290,3.094413,1447,7.6850
13798,20,3,3.253003,3.728720,1386,7.4491
13799,3,41,2.506963,3.206012,1454,7.5966
13800,41,6,2.085607,2.615751,1449,7.5536
13801,6,32,2.180961,2.377384,1437,7.5680
13802,32,27,2.719025,3.134534,1383,7.3759
13803,27,20,4.267017,4.391561,1383,7.4973
13804,20,10,1.782072,1.751514,1424,7.5227
13805,10,11,7.005917,7.376375,1425,7.5869
13806,11,42,2.398136,2.238237,1138,6.5758
13807,42,0,4.144037,4.516840,1443,7.6020
13808,0,21,3.257070,3.589501,1354,7.3160
13809,21,47,3.945639,4.056966,1239,6.7486
13810,47,22,2.747387,2.717303,1407,7.4862
13811,22,35,3.931108,4.736766,1418,7.5048
13812,35,0,4.453912,3.884115,1426,7.5997
13813,0,60,3.111410,3.470366,1428,7.6129
13814,60,38,2.605278,2.523214,1392,7.3958
13815,38,50,2.203159,2.266966,1332,7.1122
13816,50,54,2.455363,3.603256,1463,7.7050
13817,54,0,3.713345,3.533942,1476,7.6009
13818,0,60,2.827679,3.356438,1414,7.5542
13819,60,36,3.131173,2.830950,1454,7.5723
13820,36,21,3.888812,3.717654,1437,7.5956
13821,21,47,3.856059,3.962206,1451,7.5640
13822,47,56,2.708102,3.464139,1463,7.6040
13823,56,34,2.990220,3.378478,1447,7.5725
13824,34,7,4.640453,4.934211,1444,7.6583
13825,7,31,3.076910,2.886993,1309,7.0687
13826,31,12,3.671296,3.499168,1466,7.5983
13827,12,35,2.825531,2.702122,1341,7.2888
13828,35,0,4.431613,3.831728,1465,7.6296
13829,0,21,2.958615,3.423256,1437,7.6362
13830,21,47,3.506659,3.877225,1416,7.5174
13831,47,51,3.335593,3.556719,1444,7.5835
13832,51,51,1.206549,0.754581,1322,7.0888
13833,51,51,1.013141,0.634283,1452,7.5963
13834,51,16,2.036719,2.107872,1422,7.5723
13835,16,23,3.562103,3.920243,1465,7.6139
13836,23,0,4.790617,5.001438,1361,7.4570
13837,0,21,2.868128,3.264556,1452,7.6773
13838,21,9,4.017702,4.470159,1411,7.4929
13839,9,15,3.287267,2.831991,1430,7.5920
13840,15,49,1.967883,2.157580,1445,7.5985
13841,49,50,4.417572,4.512732,1407,7.4571
13842,50,53,4.163676,4.156021,1410,7.5104
13843,53,17,2.346303,2.098812,1387,7.3061
13844,17,7,3.003559,3.421627,1362,7.3735
13845,7,22,4.347450,4.916836,1438,7.6481
13846,22,20,4.132991,4.658808,1192,6.5244
13847,20,3,3.192390,3.606852,1367,7.3351
13848,3,41,2.644484,3.150652,1384,7.3702
13849,41,30,5.856200,6.246064,1442,7.5937
13850,30,46,2.674020,2.862119,1420,7.5939
13851,46,1,3.806232,4.207404,1440,7.5754
13852,1,32,2.851785,3.486385,1453,7.6307
13853,32,9,2.997859,3.159452,1421,7.5655
13854,9,44,3.353194,3.284404,1402,7.4492
13855,44,35,5.579028,5.583531,1361,7.2299
13856,35,8,1.952336,2.117332,1403,7.4780
13857,8,41,1.676329,2.064007,1307,7.1432
13858,41,36,5.668916,5.806284,1382,7.4217
13859,36,34,2.817407,3.079205,1360,7.3707
13860,34,35,3.750637,4.276462,1447,7.6426
13861,35,8,1.756348,2.037577,1422,7.5418
13862,8,41,1.564049,2.049599,1149,6.3847
13863,41,6,2.138634,2.684244,1437,7.5375
13864,6,56,2.847689,3.079401,1433,7.5697
13865,56,34,2.892334,3.340778,1433,7.5452
13866,34,35,3.527096,4.145761,1415,7.5909
13867,35,8,1.737241,1.984181,1389,7.4831
13868,8,52,5.240354,5.510894,1247,6.8882
13869,52,22,3.972336,3.986885,1401,7.5181
13870,22,47,2.743588,2.459161,1336,7.1093
13871,47,22,2.753546,2.713757,1418,7.4608
13872,22,47,2.696604,2.260045,1457,7.6251
13873,47,22,2.501555,2.493400,1443,7.5712
13874,22,47,2.379929,2.093059,1465,7.5959
13875,47,56,3.001833,3.439346,1471,7.6003
13876,56,34,2.793469,3.259790,1448,7.5628
13877,34,40,2.400528,2.291374,1447,7.6503
13878,40,57,2.388168,2.533339,1326,7.3129
13879,57,52,3.543233,3.802868,1354,7.3436
13880,52,21,5.390204,5.077060,1347,7.2265
13881,21,48,2.612308,2.581039,1363,7.2475
13882,48,25,3.686997,4.197334,1407,7.4710
13883,25,29,2.447055,3.180024,1375,7.4359
13884,29,48,2.927311,3.062795,1440,7.5947
13885,48,51,2.663221,2.712914,1438,7.6396
13886,51,16,2.123076,2.009460,1405,7.4601
13887,16,53,5.132217,5.758132,1476,7.6332
13888,53,11,4.502995,4.421312,1460,7.6061
13889,11,45,2.698600,2.596130,1436,7.5867
13890,45,30,2.200133,2.200231,1352,7.3146
13891,30,46,2.787917,2.870179,1452,7.6280
13892,46,46,0.762231,0.450250,1428,7.5229
13893,46,47,3.084409,3.087408,1453,7.6316
13894,47,56,2.570444,3.305933,1444,7.5680
13895,56,1,3.011274,3.135745,1441,7.5917
13896,1,32,2.989281,3.403754,1416,7.5816
13897,32,61,3.262630,3.504178,1406,7.5399
13898,61,2,6.043227,6.058756,1390,7.4932
13899,2,12,2.452492,2.668339,1437,7.6116
13900,12,20,3.189624,3.032330,1255,6.7094
13901,20,10,1.698711,1.749341,1425,7.5131
13902,10,2,3.665204,4.397177,1465,7.6600
13903,2,54,3.976707,3.701715,1382,7.3830
13904,54,0,3.438549,3.461155,1311,7.2373
13905,0,25,2.320056,1.899512,1358,7.3520
13906,25,29,2.365112,3.136944,1403,7.4618
13907,29,23,2.482594,2.456449,1467,7.6240
13908,23,29,2.154623,1.934689,1358,7.4530
13909,29,11,3.029965,2.998368,1345,7.3203
13910,11,45,2.562238,2.555600,1433,7.5639
13911,45,30,2.167802,2.149223,1383,7.5409
13912,30,46,2.575627,2.817349,1416,7.5427
13913,46,46,0.677739,0.394222,1434,7.5823
13914,46,47,3.298103,3.080902,1445,7.5958
13915,47,22,2.521533,2.572196,1428,7.5276
13916,22,47,2.463374,2.049210,1370,7.4220
13917,47,56,2.625128,3.231874,1445,7.5867
13918,56,34,2.930001,3.295620,1458,7.5613
13919,34,40,2.232228,2.219920,1449,7.6466
13920,40,57,2.466479,2.514297,1440,7.6756
13921,57,52,3.268545,3.703960,1336,7.4267
13922,52,21,5.122600,4.960795,1442,7.5745
13923,21,9,4.196095,4.280345,1411,7.4922
13924,9,15,3.069896,2.729972,1371,7.3276
13925,15,49,2.018627,2.173528,1339,7.2065
13926,49,50,4.648773,4.338742,1349,7.3008
13927,50,54,2.546377,3.528176,1438,7.6650
13928,54,25,2.323062,2.484318,1422,7.5413
13929,25,2,4.598490,4.854161,1438,7.6331
13930,2,45,3.521140,3.137014,1429,7.5359
13931,45,30,2.015433,2.029847,1415,7.5791
13932,30,27,5.861857,6.718837,1413,7.5640
13933,27,20,4.221818,4.215094,1386,7.5113
13934,20,10,1.609976,1.708820,1405,7.3806
13935,10,11,6.934094,7.258042,1447,7.6618
13936,11,45,2.560529,2.482631,1382,7.4538
13937,45,63,3.049262,3.389106,1436,7.6611
13938,63,6,5.663021,5.675329,1408,7.4855
13939,6,32,2.427967,2.446290,1369,7.3290
13940,32,9,3.202233,3.184811,1421,7.5702
13941,9,15,3.098981,2.600208,1442,7.5961
13942,15,49,1.942461,2.212215,1445,7.6200
13943,49,48,4.799270,5.233279,1335,7.1176
13944,48,6,4.575396,4.873157,1416,7.5122
13945,6,22,5.238199,5.647015,1409,7.5243
13946,22,20,4.216715,4.652060,1427,7.5785
13947,20,3,3.142241,3.606594,1424,7.5490
13948,3,39,3.527550,3.335456,1461,7.6268
13949,39,59,3.267280,3.424536,1445,7.6202
13950,59,10,3.740937,3.783951,1396,7.5114
13951,10,2,3.632916,4.335397,1467,7.6466
13952,2,45,3.284000,3.124452,1410,7.5258
13953,45,62,5.092977,5.418632,1345,7.2957
13954,62,20,4.213291,4.431164,1433,7.5451
13955,20,10,1.607811,1.743138,1443,7.5754
13956,10,2,3.735456,4.208092,1441,7.6347
13957,2,45,3.122252,3.079872,1300,7.0215
13958,45,30,2.211591,2.042758,1455,7.6791
13959,30,46,2.557948,2.889247,1425,7.5816
13960,46,46,0.628622,0.363755,1396,7.4529
13961,46,1,4.493204,4.480837,1457,7.6127
13962,1,19,4.495111,4.530738,1418,7.5435
13963,19,38,4.688830,4.937876,1432,7.6295
13964,38,50,2.490311,2.250279,1216,6.6873
13965,50,54,2.554850,3.416232,1332,7.2066
13966,54,25,2.155257,2.430758,1411,7.4665
13967,25,36,2.916906,2.845747,1464,7.6519
13968,36,34,2.558882,3.182126,1441,7.6042
13969,34,40,2.070836,2.145100,1463,7.6822
13970,40,25,5.125815,5.611623,1401,7.5662
13971,25,36,2.643191,2.636259,1442,7.6167
13972,36,21,3.535784,3.472408,1476,7.6400
13973,21,9,3.726313,4.234895,1354,7.1761
13974,9,15,2.955439,2.487019,1425,7.5741
13975,15,49,2.022434,2.256591,1443,7.6163
13976,49,43,4.826606,4.906304,1371,7.3167
13977,43,46,3.795185,4.210961,1364,7.3745
13978,46,47,3.637103,2.977530,1357,7.3310
13979,47,22,2.241425,2.498322,1401,7.4521
13980,22,47,2.232376,1.973020,1399,7.3909
13981,47,56,2.511104,3.140244,1463,7.5914
13982,56,6,3.000243,3.169372,1472,7.5879
13983,6,32,2.376397,2.399697,1428,7.5619
13984,32,9,2.998026,3.153444,1455,7.6157
13985,9,15,2.757197,2.372934,1463,7.6128
13986,15,19,4.265495,4.751836,1439,7.5869
13987,19,24,3.134354,3.184147,1354,7.3675
13988,24,4,2.397892,2.530724,1430,7.5578
13989,4,23,4.118132,4.371299,1421,7.5527
13990,23,29,1.920649,1.923772,1436,7.6573
13991,29,48,3.119182,3.089622,1434,7.5651
13992,48,51,2.527965,2.621930,1452,7.6567
13993,51,16,1.984404,1.935848,1424,7.5242
13994,16,53,4.962178,5.600404,1419,7.5083
13995,53,17,2.363261,2.006572,1321,7.1167
13996,17,2,3.542729,3.930990,1447,7.6158
13997,2,12,2.559669,2.640125,1456,7.6048
13998,12,20,3.152725,2.981912,1327,7.2330
13999,20,10,1.647285,1.726286,1410,7.5250
14000,10,21,6.202667,6.829892,1446,7.6563
14001,21,48,2.452097,2.604099,1387,7.4089
14002,48,25,3.596264,4.167870,1376,7.3733
14003,25,29,2.388786,3.050917,1425,7.5921
14004,29,23,2.470458,2.378854,1438,7.5954
14005,23,29,1.899236,1.795558,1302,7.2254
14006,29,23,2.393577,2.215223,1411,7.5043
14007,23,29,1.804184,1.666525,1430,7.6185
14008,29,23,2.046786,2.057833,1424,7.5714
14009,23,29,1.656856,1.560948,1452,7.6571
14010,29,11,2.983481,3.283782,1427,7.5491
14011,11,42,2.643775,2.519442,1447,7.5799
14012,42,45,2.601995,2.354737,1437,7.5827
14013,45,62,4.714669,5.220544,1408,7.6012
14014,62,60,3.695097,3.877260,1448,7.5855
14015,60,38,2.686389,2.532601,1443,7.5744
14016,38,50,2.273585,2.213316,1450,7.5945
14017,50,54,2.236106,3.317031,1459,7.6582
14018,54,0,3.512452,3.575729,1405,7.4503
14019,0,25,2.024677,1.844303,1404,7.5158
14020,25,36,2.533981,2.547390,1434,7.6184
14021,36,34,2.863244,3.282157,1422,7.5204
14022,34,35,3.694002,4.092637,1421,7.5895
14023,35,0,4.597354,3.941429,1377,7.3461
14024,0,21,3.216546,3.453338,1421,7.5723
14025,21,48,2.473079,2.589778,1357,7.2417
14026,48,6,4.204452,4.860711,1425,7.5715
14027,6,32,2.182656,2.348942,1437,7.5654
14028,32,9,2.981865,3.050678,1383,7.4461
14029,9,15,2.569712,2.258749,1449,7.5971
14030,15,49,2.179252,2.443413,1299,7.0437
14031,49,50,4.448944,4.339965,1354,7.3249
14032,50,53,4.194066,4.245028,1409,7.5685
14033,53,17,2.108988,1.909459,1386,7.3595
14034,17,2,3.537214,3.832105,1460,7.6581
14035,2,45,3.293984,3.175414,1372,7.3716
14036,45,30,2.020396,1.993599,1385,7.4529
14037,30,46,2.285433,2.874298,1443,7.6108
14038,46,47,3.351142,2.871082,1436,7.5952
14039,47,56,2.204593,3.023170,1436,7.5291
14040,56,1,2.842054,3.073455,1420,7.5771
14041,1,47,2.566274,2.124441,1450,7.6349
14042,47,56,2.225788,2.862668,1453,7.5848
14043,56,34,3.053852,3.554624,1442,7.5524
14044,34,40,2.056334,2.141841,1422,7.6123
14045,40,57,2.434130,2.566785,1277,7.0390
14046,57,32,4.122227,4.442640,1350,7.4547
14047,32,9,2.982862,2.884130,1413,7.5567
14048,9,44,3.449558,3.432700,1355,7.3931
14049,44,36,5.349975,4.914526,1221,6.6396
14050,36,34,2.805839,3.098845,1290,7.0682
14051,34,40,1.883611,2.078607,1423,7.6248
14052,40,57,2.443263,2.561737,1417,7.6118
14053,57,32,3.775393,4.265254,1332,7.4148
14054,32,27,2.975086,3.110663,1405,7.5177
14055,27,2,5.466814,5.624093,1210,6.7164
14056,2,12,2.354309,2.635555,1443,7.5281
14057,12,35,3.049246,2.991120,1372,7.3946
14058,35,0,4.399740,3.763992,1387,7.4457
14059,0,21,2.979964,3.292746,1406,7.5120
14060,21,9,3.914474,4.444489,1298,7.0137
14061,9,44,3.266857,3.284573,1437,7.5883
14062,44,35,5.294226,5.287387,1346,7.2473
14063,35,8,1.949655,2.066205,1430,7.5512
14064,8,41,1.916514,2.165816,1397,7.4634
14065,41,6,2.453553,2.807627,1415,7.4901
14066,6,32,2.426086,2.452248,1444,7.5821
14067,32,27,2.780994,3.022831,1440,7.6058
14068,27,53,4.682420,5.343500,1364,7.3991
14069,53,17,2.076001,1.851685,1436,7.5518
14070,17,2,3.432208,3.683649,1206,6.6770
14071,2,54,3.994243,3.765307,1395,7.5055
14072,54,25,2.423769,2.583121,1352,7.3539
14073,25,36,2.606578,2.559927,1213,6.6357
14074,36,29,2.479085,3.170517,1464,7.6356
14075,29,11,3.061483,3.094428,1421,7.5689
14076,11,24,5.444473,5.234920,1388,7.4315
14077,24,0,5.038055,4.983212,1104,6.4321
14078,0,60,3.000535,3.406672,1445,7.5983
14079,60,38,2.587458,2.497327,1374,7.3817
14080,38,2,4.050607,4.075401,1397,7.5158
14081,2,45,3.198770,3.172486,1350,7.3357
14082,45,63,3.101780,3.346765,1445,7.6665
14083,63,6,5.211356,5.386954,1441,7.5769
14084,6,56,2.836213,3.110248,1450,7.6109
14085,56,1,2.744052,3.038468,1434,7.5699
14086,1,32,3.027760,3.570591,1412,7.5813
14087,32,9,2.641386,2.952959,1374,7.4402
14088,9,3,4.017166,3.808019,1393,7.4495
14089,3,41,2.592933,3.234371,1389,7.4994
14090,41,36,5.389021,5.606208,1263,6.7788
14091,36,21,3.407408,3.276839,1250,6.8449
14092,21,48,2.629065,2.571540,1312,7.0995
14093,48,51,2.601821,2.683100,1426,7.5769
14094,51,16,1.976428,1.891109,1412,7.5228
14095,16,53,5.136173,5.519008,1449,7.6085
14096,53,17,1.825928,1.807320,1381,7.3476
14097,17,7,2.975814,3.440232,1435,7.6320
14098,7,31,2.841144,2.874276,1361,7.3672
14099,31,12,3.752491,3.482830,1449,7.5530
14100,12,20,3.173643,2.833411,1421,7.5726
14101,20,10,1.704387,1.704213,1393,7.4439
14102,10,21,6.028960,6.813081,1434,7.6326
14103,21,48,2.258935,2.505502,1400,7.4676
14104,48,51,2.663320,2.618694,1422,7.5241
14105,51,16,1.958788,1.874912,1426,7.5540
14106,16,21,4.796931,5.570763,1449,7.5951
14107,21,47,3.938566,4.057754,1424,7.4789
14108,47,22,2.380701,2.532014,1443,7.5896
14109,22,20,3.923156,4.630331,1349,7.3333
14110,20,10,1.550676,1.656831,1339,7.2571
14111,10,2,3.885611,4.287033,1413,7.5470
14112,2,12,2.496561,2.715481,1459,7.6127
14113,12,20,2.864692,2.746128,1374,7.4407
14114,20,3,3.138019,3.897275,1450,7.5685
14115,3,41,2.788112,3.166526,1432,7.4643
14116,41,6,2.479785,2.777356,1424,7.5720
14117,6,32,2.454374,2.465223,1383,7.3845
14118,32,9,2.684203,2.860211,1463,7.6461
14119,9,15,2.600654,2.342257,1469,7.6040
14120,15,19,4.279557,4.701529,1375,7.2762
14121,19,24,3.101907,3.178144,1331,7.3470
14122,24,4,2.417170,2.481852,1290,7.1482
14123,4,23,4.129434,4.267083,1417,7.5563
14124,23,29,1.730743,1.661852,1407,7.5712
14125,29,23,2.074270,2.080825,1446,7.6146
14126,23,29,1.686471,1.556061,1432,7.6446
14127,29,23,1.927752,1.939507,1429,7.5612
14128,23,29,1.522414,1.467269,1435,7.6324
14129,29,23,1.738510,1.813778,1418,7.5244
14130,23,29,1.426659,1.393305,1424,7.5954
14131,29,23,1.704178,1.713087,1403,7.5357
14132,23,29,1.394744,1.328838,1410,7.5510
14133,29,23,1.731978,1.608626,1439,7.6294
14134,23,29,1.304606,1.263700,1418,7.5312
14135,29,11,3.095609,3.341271,1397,7.5036
14136,11,24,5.321151,5.186018,1349,7.3158
14137,24,54,3.785733,3.496441,1483,7.5963
14138,54,44,6.202708,6.456248,1371,7.3637
14139,44,36,5.269522,4.626166,1383,7.4262
14140,36,29,2.502519,3.262365,1334,7.2282
14141,29,23,1.716011,1.623528,1404,7.5373
14142,23,29,1.308634,1.247989,1426,7.6118
14143,29,23,1.522367,1.522320,1437,7.5763
14144,23,29,1.220734,1.209426,1291,7.1227
14145,29,11,3.065250,3.282750,1454,7.6001
14146,11,45,2.993836,2.950499,1439,7.6123
14147,45,63,2.881700,3.208615,1432,7.7134
14148,63,18,3.737831,3.810400,1417,7.5423
14149,18,18,1.229522,0.601147,1354,7.2217
14150,18,38,3.238460,3.779170,1464,7.6334
14151,38,50,2.558067,2.292727,1457,7.6259
14152,50,53,4.186993,4.153914,1435,7.6353
14153,53,0,3.964940,3.746910,1363,7.3608
14154,0,25,2.239967,2.033198,1462,7.6920
14155,25,29,2.163853,2.967997,1438,7.6137
14156,29,23,1.558559,1.555348,1441,7.6282
14157,23,18,3.965587,4.439570,1438,7.6027
14158,18,12,4.709175,5.403666,1431,7.6493
14159,12,35,3.293122,3.053852,1370,7.3804
14160,35,8,1.917490,2.069433,1428,7.5900
14161,8,41,1.868287,2.145659,1379,7.4887
14162,41,6,2.292248,2.704513,1413,7.3965
14163,6,56,2.979299,3.149959,1469,7.6286
14164,56,34,3.277306,3.491039,1454,7.5720
14165,34,7,4.878523,5.085548,1425,7.5179
14166,7,22,4.680808,4.917490,1331,7.2023
14167,22,35,4.226952,4.735479,1445,7.6249
14168,35,53,3.862586,4.092226,1426,7.5909
14169,53,17,1.750189,1.801486,1399,7.3190
14170,17,2,3.321872,3.628165,1411,7.5528
14171,2,45,3.205604,3.227362,1367,7.2021
14172,45,30,2.117360,2.015921,1454,7.6862
14173,30,46,2.870685,2.841841,1452,7.6068
14174,46,47,2.777804,2.754424,1334,7.2042
14175,47,22,2.357497,2.556117,1303,6.9619
14176,22,35,4.393605,4.615121,1430,7.5770
14177,35,53,3.644429,3.963531,1447,7.6567
14178,53,17,1.699293,1.791063,1324,7.1540
14179,17,7,2.804251,3.441517,1444,7.6083
14180,7,31,2.850972,2.868117,1410,7.6084
14181,31,12,3.724364,3.480047,1460,7.5804
14182,12,20,2.868336,2.602176,1417,7.5800
14183,20,10,1.543497,1.732117,1403,7.4196
14184,10,11,7.036398,7.315776,1452,7.6724
14185,11,42,2.893730,2.701919,1390,7.3811
14186,42,54,3.606671,3.764688,1365,7.2920
14187,54,25,2.345154,2.504402,1372,7.3238
14188,25,29,2.005499,2.965755,1442,7.6510
14189,29,11,3.024352,3.245159,1466,7.6448
14190,11,42,2.700540,2.629379,1432,7.5799
14191,42,45,2.723722,2.529363,1460,7.6159
14192,45,30,2.219099,1.942838,1465,7.6713
14193,30,46,2.610824,2.811457,1381,7.3655
14194,46,47,2.726536,2.651449,1366,7.3770
14195,47,56,2.164606,3.007074,1440,7.5546
14196,56,1,2.716724,3.000450,1461,7.5747
14197,1,47,2.535635,2.160081,1379,7.2244
14198,47,22,2.516763,2.579548,1419,7.5383
14199,22,47,2.446246,1.951186,1332,7.0934
14200,47,51,3.901982,4.160753,1426,7.5618
14201,51,29,2.636321,3.420111,1451,7.5802
14202,29,23,1.458300,1.566881,1405,7.5116
14203,23,29,1.316406,1.224571,1432,7.6611
14204,29,23,1.495920,1.490482,1327,7.2242
14205,23,29,1.226435,1.190348,1452,7.6731
14206,29,48,3.864126,3.851399,1429,7.6144
14207,48,6,4.233376,4.827054,1430,7.5997
14208,6,56,2.866569,3.060279,1434,7.5796
14209,56,34,3.144310,3.402689,1447,7.5470
14210,34,35,3.639829,3.988860,1413,7.5961
14211,35,0,4.403693,3.781834,1346,7.2962
14212,0,60,2.852315,3.321744,1415,7.5760
14213,60,38,2.476608,2.451653,1329,7.2570
14214,38,2,3.953092,4.114178,1319,7.1414
14215,2,12,2.642412,2.845508,1366,7.3643
14216,12,35,3.312483,3.096612,1416,7.4960
14217,35,8,2.072174,2.173842,1432,7.6202
14218,8,41,1.802509,2.112414,1455,7.5826
14219,41,6,2.270666,2.669170,1440,7.5891
14220,6,56,2.735409,3.014618,1458,7.5977
14221,56,34,2.835051,3.281775,1419,7.5230
14222,34,40,2.197484,2.189000,1443,7.6253
14223,40,25,5.042672,5.574415,1387,7.5051
14224,25,36,2.895935,2.719861,1410,7.5529
14225,36,29,2.289376,3.117513,1387,7.4215
14226,29,11,2.928175,3.208276,1396,7.4975
14227,11,42,2.723272,2.605376,1409,7.5413
14228,42,45,2.721371,2.437667,1460,7.6516
14229,45,30,1.953740,1.887142,1428,7.5895
14230,30,31,4.661681,4.670036,1361,7.3268
14231,31,54,5.394803,5.016851,1347,7.2517
14232,54,25,2.485568,2.414831,1386,7.4759
14233,25,2,5.095368,4.891655,1450,7.6350
14234,2,12,2.528765,2.723257,1342,7.1093
14235,12,20,2.614210,2.522976,1432,7.5705
14236,20,10,1.545548,1.738066,1429,7.5643
14237,10,11,6.905994,7.275777,1429,7.5687
14238,11,45,2.838874,2.825412,1393,7.4979
14239,45,30,1.845087,1.833107,1455,7.6661
14240,30,31,4.639266,4.575682,1350,7.2649
14241,31,54,5.326219,4.751009,1409,7.4251
14242,54,25,2.174954,2.256559,1449,7.5756
14243,25,2,5.027388,4.749590,1457,7.6278
14244,2,45,3.244900,3.175865,1380,7.2845
14245,45,30,1.851598,1.760739,1465,7.6962
14246,30,31,4.400105,4.474314,1453,7.6271
14247,31,12,3.329510,3.340116,1421,7.5336
14248,12,20,2.444279,2.395133,1439,7.6363
14249,20,10,1.430322,1.730262,1436,7.5515
14250,10,2,4.127653,4.562924,1427,7.6078
14251,2,12,2.420334,2.683670,1374,7.1196
14252,12,35,3.244865,3.079911,1390,7.4564
14253,35,0,4.153248,3.643345,1441,7.6282
14254,0,21,3.031726,3.277645,1432,7.6190
14255,21,48,2.279445,2.443745,1281,6.8013
14256,48,6,3.963789,4.683388,1415,7.5955
14257,6,32,2.312222,2.722649,1429,7.5827
14258,32,27,2.689443,2.956317,1435,7.5959
14259,27,20,4.600207,4.583485,1448,7.6109
14260,20,10,1.394135,1.677477,1302,7.0047
14261,10,2,3.904043,4.388556,1382,7.4585
14262,2,45,3.200179,3.228694,1071,6.0399
14263,45,63,3.172434,3.362825,1356,7.4020
14264,63,47,3.924892,4.675494,1279,6.9623
14265,47,51,3.895371,3.874991,1440,7.5913
14266,51,51,1.290785,0.726060,1449,7.5708
14267,51,29,3.077941,3.489152,1429,7.5470
14268,29,11,2.879771,3.108570,1354,7.2770
14269,11,45,2.993435,2.934701,1435,7.6100
14270,45,30,1.841815,1.773769,1473,7.7012
14271,30,31,4.251963,4.304093,1454,7.6150
14272,31,12,3.269470,3.249503,1314,7.0592
14273,12,20,2.527867,2.425140,1347,7.2902
14274,20,3,3.343609,4.184520,1381,7.4043
14275,3,41,2.652257,3.148072,1449,7.6202
14276,41,6,2.192159,2.556754,1433,7.6151
14277,6,32,2.484158,2.669535,1445,7.5953
14278,32,9,2.735574,2.816281,1445,7.5976
14279,9,15,2.539888,2.217890,1467,7.6271
14280,15,49,2.194840,2.550819,1434,7.5437
14281,49,50,4.108941,4.099431,1347,7.3258
14282,50,54,2.799255,3.677100,1409,7.5742
14283,54,25,2.036853,2.201268,1320,7.1141
14284,25,36,2.851848,2.798592,1429,7.5645
14285,36,34,2.918351,3.255144,1460,7.6421
14286,34,40,1.972856,2.102376,1437,7.5911
14287,40,25,5.020479,5.547060,1411,7.5784
14288,25,2,4.803679,4.829205,1458,7.6187
14289,2,45,3.170268,3.092983,1292,6.9036
14290,45,30,1.757891,1.711378,1445,7.6635
14291,30,31,4.091830,4.189617,1414,7.5640
14292,31,12,3.011286,3.121074,1353,7.2462
14293,12,35,3.173352,2.938851,1431,7.5734
14294,35,0,4.090063,3.486340,1431,7.6140
14295,0,21,2.971547,3.180771,1390,7.4283
14296,21,48,2.400403,2.422275,1410,7.4985
14297,48,51,2.594871,2.692602,1429,7.5891
14298,51,16,2.065911,2.071198,1444,7.5933
14299,16,21,5.045344,5.410843,1452,7.6096
14300,21,47,3.564891,3.998753,1462,7.5945
14301,47,22,2.234015,2.453146,1446,7.5880
14302,22,47,2.194085,1.926305,1414,7.5133
14303,47,22,2.039269,2.295981,1471,7.6017
14304,22,47,2.012484,1.807465,1440,7.5735
14305,47,56,2.442526,3.146436,1461,7.5783
14306,56,34,2.896841,3.268452,1437,7.5433
14307,34,35,3.578780,4.107116,1409,7.5736
14308,35,0,3.765949,3.367955,1457,7.6164
14309,0,60,3.122136,3.361587,1266,6.7929
14310,60,38,2.408522,2.425746,1357,7.2945
14311,38,50,2.552432,2.401756,1290,6.9822
14312,50,53,4.306148,4.177438,1427,7.6133
14313,53,17,1.869308,1.747973,1465,7.6245
14314,17,2,3.517583,3.818546,1323,7.2082
14315,2,12,2.585159,2.770068,1418,7.5197
14316,12,35,2.921021,2.906882,1438,7.6010
14317,35,53,3.754079,4.224183,1440,7.6104
14318,53,11,4.501477,4.577885,1437,7.5543
14319,11,45,3.068517,2.890047,1446,7.6386
14320,45,30,1.690558,1.669240,1446,7.6605
14321,30,31,3.834464,4.077577,1437,7.6049
14322,31,12,3.043955,3.050629,1307,7.0526
14323,12,35,2.783174,2.780312,1374,7.3669
14324,35,53,3.682501,4.116816,1460,7.6415
14325,53,11,4.403544,4.474105,1400,7.5040
14326,11,42,2.800143,2.672724,1443,7.6085
14327,42,0,4.610358,4.671288,1375,7.3638
14328,0,21,2.972187,3.154886,1410,7.6034
14329,21,48,2.319091,2.355967,1344,7.0942
14330,48,6,3.899323,4.601964,1449,7.6402
14331,6,56,2.810025,3.126514,1448,7.6154
14332,56,34,2.811760,3.155134,1409,7.3877
14333,34,35,3.603088,4.100383,1434,7.6272
14334,35,0,3.521491,3.404993,1456,7.6251
14335,0,25,2.727232,2.498726,1387,7.3961
14336,25,36,2.466670,2.649587,1407,7.4496
14337,36,29,2.617902,3.192908,1423,7.5818
14338,29,11,2.873313,2.989310,1249,6.6394
14339,11,45,2.839405,2.886015,1416,7.5598
14340,45,62,4.879558,5.185844,1448,7.6859
14341,62,21,4.293774,4.425071,1405,7.4474
14342,21,48,2.210249,2.304290,1376,7.4593
14343,48,25,3.650439,4.516197,1433,7.6071
14344,25,36,2.568206,2.504531,1443,7.5953
14345,36,34,3.045179,3.456484,1462,7.6548
14346,34,40,2.111059,2.205989,1443,7.6175
14347,40,57,2.430500,2.582528,1300,7.0609
14348,57,52,3.319058,3.667409,1353,7.3192
14349,52,21,4.950089,4.954839,1377,7.3132
14350,21,48,2.048508,2.228492,1419,7.5266
14351,48,51,2.702584,2.749928,1437,7.5946
14352,51,16,1.987651,2.023406,1448,7.5930
14353,16,23,3.197259,3.913759,1446,7.6309
14354,23,29,1.501843,1.391121,1441,7.6491
14355,29,23,1.707646,1.676707,1421,7.5869
14356,23,18,3.838826,4.053637,1368,7.3843
14357,18,12,5.083627,5.765454,1350,7.2998
14358,12,20,2.443146,2.389327,1382,7.3305
14359,20,3,3.729471,4.084192,1332,7.2537
14360,3,41,2.642159,3.115237,1426,7.5991
14361,41,6,2.220256,2.491944,1423,7.5741
14362,6,56,2.777493,3.050906,1429,7.5728
14363,56,1,2.906136,3.276995,1448,7.5489
14364,1,19,4.324865,4.483264,1416,7.5604
14365,19,24,3.036431,3.151769,1252,7.1145
14366,24,54,3.415470,3.489847,1399,7.4212
14367,54,25,2.116380,2.312734,1369,7.2174
14368,25,36,2.310828,2.426035,1376,7.3805
14369,36,29,2.952868,3.177615,1458,7.6297
14370,29,11,2.674930,2.850766,1458,7.6203
14371,11,42,2.698927,2.686550,1425,7.5161
14372,42,54,4.135424,4.025095,1344,7.2370
14373,54,0,4.355772,4.232187,1425,7.5400
14374,0,25,2.958877,2.314009,1440,7.6083
14375,25,36,2.223837,2.305894,1439,7.5930
14376,36,29,2.582123,3.101471,1473,7.6220
14377,29,11,2.477982,2.683764,1451,7.6198
14378,11,45,2.823515,2.960749,1452,7.5917
14379,45,63,3.248856,3.495938,1446,7.6741
14380,63,47,3.870760,4.614706,1446,7.5240
14381,47,22,2.156278,2.216878,1420,7.5624
14382,22,35,3.969459,4.718666,1457,7.6112
14383,35,8,2.352843,2.550560,1355,7.2420
14384,8,41,1.718423,2.086136,1336,7.1702
14385,41,30,5.601779,6.188143,1208,6.7550
14386,30,31,3.565763,3.638368,1377,7.4512
14387,31,54,4.945295,4.417849,1386,7.4288
14388,54,25,2.279651,2.251625,1401,7.4629
14389,25,2,4.587332,4.766860,1425,7.5064
14390,2,12,2.515654,2.815342,1334,7.2017
14391,12,20,2.388074,2.259484,1319,7.1327
14392,20,10,1.605034,1.865229,1275,6.8223
14393,10,11,7.384484,7.342082,1435,7.6095
14394,11,45,2.839509,2.757901,1429,7.6104
14395,45,30,1.989669,1.893831,1330,7.3318
14396,30,31,3.489688,3.567210,1443,7.6034
14397,31,30,3.408867,2.872903,1424,7.5836
14398,30,31,3.341545,3.230690,1429,7.6176
14399,31,12,3.130256,3.183826,1445,7.6067
14400,12,35,3.015948,2.881868,1468,7.6303
14401,35,53,3.639245,4.035538,1476,7.6534
14402,53,11,4.540239,4.487906,1428,7.5607
14403,11,42,2.626332,2.682980,1391,7.3440
14404,42,45,2.484270,2.311935,1458,7.6342
14405,45,63,3.169376,3.443977,1448,7.6667
14406,63,18,3.426391,3.645104,1405,7.4960
14407,18,38,3.183695,3.808628,1414,7.5843
14408,38,50,2.543089,2.335305,1388,7.3387
14409,50,53,4.207686,4.263913,1432,7.6176
14410,53,17,2.078793,1.880518,1300,6.9528
14411,17,2,3.175541,3.670144,1395,7.4758
14412,2,45,3.200065,3.370754,1366,7.1318
14413,45,30,1.959964,1.933053,1437,7.6868
14414,30,31,3.033085,3.136435,1419,7.5837
14415,31,54,4.503677,4.274506,1417,7.5269
14416,54,25,2.143540,2.169564,1404,7.4945
14417,25,36,2.194955,2.311464,1426,7.5789
14418,36,34,3.163300,3.669405,1420,7.4569
14419,34,35,3.579932,4.044132,1389,7.3246
14420,35,0,3.768689,3.449920,1387,7.3739
14421,0,25,2.763399,2.386526,1469,7.6448
14422,25,2,4.441227,4.656801,1432,7.6113
14423,2,54,3.919193,3.686279,1464,7.5851
14424,54,25,1.953753,2.130425,1444,7.5387
14425,25,29,2.779703,3.489796,1436,7.6388
14426,29,11,2.649046,2.774849,1399,7.5174
14427,11,45,2.715554,2.745558,1402,7.4364
14428,45,30,1.937662,1.886661,1442,7.6505
14429,30,46,3.156429,3.512314,1383,7.3647
14430,46,46,0.936952,0.649481,1260,6.9288
14431,46,47,2.921541,2.695924,1419,7.5467
14432,47,51,3.553778,3.759813,1430,7.5821
14433,51,16,2.174727,1.948939,1452,7.5893
14434,16,53,5.374732,5.728954,1461,7.6026
14435,53,17,1.805527,1.812110,1411,7.5147
14436,17,2,3.182474,3.565020,1418,7.5438
14437,2,54,3.953398,3.593178,1396,7.4270
14438,54,25,1.879946,2.073367,1429,7.5487
14439,25,36,2.184895,2.371125,1443,7.5977
14440,36,29,2.538657,3.020963,1454,7.6334
14441,29,23,1.928417,1.986392,1437,7.5789
14442,23,29,1.669364,1.549372,1432,7.5997
14443,29,11,2.556088,2.722780,1428,7.5631
14444,11,42,2.646826,2.733511,1435,7.5774
14445,42,54,4.357928,4.166877,1380,7.2460
14446,54,25,1.822546,1.994712,1446,7.5691
14447,25,2,4.669724,4.555098,1444,7.6149
14448,2,45,3.166271,3.314242,1361,7.2030
14449,45,30,1.937672,1.811153,1443,7.6900
14450,30,31,2.954787,3.202101,1365,7.2894
14451,31,30,2.569914,2.574479,1453,7.5668
14452,30,31,2.707262,2.938939,1440,7.6027
14453,31,12,2.967060,3.237330,1427,7.5546
14454,12,35,2.786862,2.826215,1277,7.1003
14455,35,0,3.620315,3.307821,1441,7.6240
14456,0,21,3.036502,3.309730,1380,7.4339
14457,21,9,4.240202,4.610546,1432,7.5583
14458,9,3,3.765958,3.727245,1428,7.5389
14459,3,41,2.584990,3.025996,1360,7.2744
14460,41,36,5.834951,6.088647,1448,7.5961
14461,36,29,2.497482,2.966381,1381,7.4716
14462,29,11,2.393485,2.573373,1379,7.3819
14463,11,42,2.613989,2.671922,1398,7.3994
14464,42,45,2.675562,2.453037,1447,7.5937
14465,45,62,4.810055,5.112796,1412,7.6213
14466,62,20,4.077473,4.372256,1288,7.0934
14467,20,3,3.551340,4.026403,1363,7.2474
14468,3,41,2.386341,2.936529,1442,7.6337
14469,41,6,2.313198,2.536226,1461,7.6406
14470,6,32,2.692796,2.788987,1419,7.4602
14471,32,9,2.656750,2.826867,1453,7.6292
14472,9,3,3.660711,3.660197,1441,7.5826
14473,3,41,2.327033,2.863842,1463,7.5948
14474,41,6,2.002033,2.440917,1436,7.5778
14475,6,56,2.653679,3.090886,1434,7.5727
14476,56,1,2.892906,3.184139,1461,7.5901
14477,1,19,4.384493,4.369000,1453,7.5978
14478,19,51,4.641210,4.356969,1220,6.8439
14479,51,29,2.934878,3.763336,1453,7.6072
14480,29,11,2.264927,2.437904,1381,7.4416
14481,11,45,2.814178,2.943256,1440,7.6169
14482,45,63,3.236969,3.535998,1438,7.6516
14483,63,18,3.468435,3.528063,1349,7.0803
14484,18,18,0.986307,0.509349,1200,6.6802
14485,18,38,2.950170,3.782757,1416,7.5639
14486,38,2,3.469435,3.909810,1463,7.6312
14487,2,12,2.972115,3.041435,1438,7.5784
14488,12,35,2.807827,2.725072,1468,7.6101
14489,35,8,2.585969,2.726722,1257,6.9364
14490,8,56,3.164174,3.902275,1304,7.1173
14491,56,34,2.845183,3.239918,1391,7.4275
14492,34,7,4.686303,5.164818,1400,7.5415
14493,7,31,3.275052,3.022101,1421,7.6120
14494,31,54,4.209035,4.124089,1369,7.2722
14495,54,0,4.404100,4.216596,1421,7.5186
14496,0,21,3.044383,3.210103,1430,7.5835
14497,21,48,2.020564,2.371812,1384,7.4036
14498,48,25,4.000805,4.625876,1449,7.6365
14499,25,36,2.382519,2.436962,1427,7.5742
14500,36,34,3.305402,3.637037,1472,7.6329
14501,34,35,3.522210,4.081539,1419,7.5796
14502,35,0,3.550745,3.257083,1413,7.5948
14503,0,21,2.899392,3.127762,1409,7.4837
14504,21,47,3.977803,3.961520,1430,7.5314
14505,47,51,3.510663,3.561560,1403,7.5142
14506,51,16,1.731765,1.848425,1468,7.6132
14507,16,53,4.869890,5.534749,1442,7.5921
14508,53,17,1.847606,1.794471,1352,7.2411
14509,17,7,3.117074,3.466116,1373,7.3873
14510,7,22,4.293778,4.835987,1452,7.6475
14511,22,35,3.841700,4.492774,1392,7.4696
14512,35,0,3.255537,3.106886,1446,7.6067
14513,0,21,2.726716,3.033840,1444,7.5882
14514,21,47,3.663320,3.869520,1433,7.5061
14515,47,22,2.217442,2.311924,1447,7.5901
14516,22,35,3.637321,4.374585,1448,7.6027
14517,35,8,2.641109,2.668905,1449,7.6123
14518,8,41,1.851002,2.175839,1321,6.9963
14519,41,30,5.627171,6.199145,1345,7.1913
14520,30,46,3.325300,3.262110,1424,7.6278
14521,46,46,0.926266,0.613549,1398,7.4032
14522,46,46,0.740623,0.517576,1438,7.5525
14523,46,1,4.047434,4.259712,1436,7.5520
14524,1,19,4.174075,4.224847,1459,7.6199
14525,19,24,3.080144,3.134709,1439,7.6491
14526,24,0,5.774314,5.824552,1388,7.4643
14527,0,21,2.567673,2.878189,1428,7.4996
14528,21,48,2.430686,2.545090,1364,7.2135
14529,48,51,2.759314,2.901060,1439,7.6159
14530,51,29,3.246740,3.673867,1417,7.5331
14531,29,23,2.172620,2.068336,1432,7.5597
14532,23,29,1.654740,1.551951,1404,7.5207
14533,29,48,3.460542,3.511040,1465,7.6125
14534,48,25,3.812111,4.459174,1452,7.6272
14535,25,2,4.055887,4.193298,1354,7.3290
14536,2,54,3.580324,3.363864,1250,6.8539
14537,54,25,2.065629,2.160277,1449,7.5743
14538,25,36,2.316792,2.376367,1458,7.6254
14539,36,21,3.325306,3.379541,1449,7.6191
14540,21,9,4.532336,4.921334,1394,7.4821
14541,9,44,3.482017,3.375234,1440,7.5842
14542,44,35,5.781092,5.761536,1332,7.2502
14543,35,53,4.026389,4.205836,1423,7.6601
14544,53,17,1.906463,1.787792,1428,7.5700
14545,17,7,3.015695,3.340663,1446,7.6263
14546,7,31,3.059577,3.026097,1455,7.6673
14547,31,54,4.192993,3.932438,1390,7.3610
14548,54,0,4.371874,4.120668,1392,7.4458
14549,0,25,3.089415,2.455406,1388,7.4189
14550,25,36,2.183828,2.242390,1447,7.6117
14551,36,29,2.406506,3.143758,1356,7.3962
14552,29,48,3.323628,3.346889,1448,7.5865
14553,48,25,3.408855,4.302117,1465,7.6619
14554,25,2,4.113652,4.094291,1445,7.6272
14555,2,12,3.042424,3.030861,1423,7.5797
14556,12,35,2.985183,2.938019,1364,7.3429
14557,35,8,2.589711,2.523025,1410,7.5818
14558,8,41,1.760834,2.118231,1359,7.2991
14559,41,6,2.170363,2.457804,1427,7.5244
14560,6,56,2.728265,2.942330,1422,7.5640
14561,56,1,2.761856,3.179633,1440,7.5585
14562,1,47,2.808524,2.401894,1434,7.5537
14563,47,22,2.054997,2.167632,1472,7.6014
14564,22,35,3.575804,4.348677,1451,7.6046
14565,35,53,3.563324,4.138712,1452,7.6236
14566,53,17,1.891264,1.787577,1442,7.5586
14567,17,7,2.835450,3.206339,1263,6.8416
14568,7,31,2.962684,2.985474,1435,7.6317
14569,31,12,2.932794,3.189688,1387,7.3882
14570,12,43,4.757320,4.941219,1400,7.4237
14571,43,51,4.623123,4.373435,1392,7.5084
14572,51,29,2.859765,3.507557,1436,7.5670
14573,29,11,2.289622,2.525358,1440,7.5871
14574,11,42,2.776295,2.707557,1446,7.6186
14575,42,54,4.267188,4.182434,1436,7.5722
14576,54,0,4.177030,3.963706,1448,7.5670
14577,0,60,3.440819,3.608387,1465,7.6009
14578,60,38,2.475935,2.483973,1437,7.5750
14579,38,2,3.051883,3.683247,1440,7.5969
14580,2,54,3.278509,3.253217,1438,7.5999
14581,54,0,3.817397,3.794417,1397,7.2757
14582,0,25,2.542102,2.204297,1411,7.4348
14583,25,2,3.623043,3.863190,1470,7.6405
14584,2,12,2.940013,3.065944,1384,7.2374
14585,12,20,2.598125,2.480866,1382,7.4306
14586,20,3,3.468612,3.926135,1369,7.3851
14587,3,10,2.782597,2.387607,1449,7.6124
14588,10,11,7.213730,7.175959,1435,7.6094
14589,11,42,2.418908,2.549332,1377,7.3017
14590,42,0,4.654834,4.730952,1441,7.6455
14591,0,60,3.227674,3.549271,1353,7.1860
14592,60,38,2.515212,2.468139,1447,7.5819
14593,38,2,3.023738,3.509797,1427,7.5717
14594,2,12,2.860403,3.018074,1443,7.6090
14595,12,35,3.047722,2.982127,1425,7.4615
14596,35,0,3.747274,3.469463,1430,7.6138
14597,0,21,2.788999,2.960050,1456,7.6072
14598,21,9,4.257206,4.763433,1377,7.2408
14599,9,15,2.524458,2.197345,1452,7.6140
14600,15,49,2.135307,2.478485,1382,7.4133
14601,49,50,3.942169,3.971587,1402,7.4917
14602,50,53,4.456612,4.352858,1455,7.6986
14603,53,0,3.449790,3.505198,1462,7.6377
14604,0,21,2.443269,2.855150,1439,7.6277
14605,21,48,2.278689,2.610271,1425,7.5521
14606,48,51,2.927978,2.924823,1447,7.6314
14607,51,51,1.184398,0.709707,1366,7.2936
14608,51,29,3.134337,3.492834,1439,7.5477
14609,29,11,2.550584,2.592344,1412,7.5499
14610,11,42,2.403352,2.485790,1460,7.6092
14611,42,0,4.535807,4.713455,1425,7.5946
14612,0,21,2.278369,2.734010,1445,7.5888
14613,21,48,2.415897,2.607207,1454,7.6172
14614,48,51,2.504822,2.773669,1406,7.5389
14615,51,29,2.981620,3.354081,1435,7.5867
14616,29,23,2.262821,2.192499,1444,7.5916
14617,23,29,1.789917,1.561153,1283,7.0449
14618,29,11,2.412711,2.546921,1451,7.6058
14619,11,42,2.340049,2.450407,1193,6.5378
14620,42,0,4.213016,4.571349,1436,7.5899
14621,0,60,3.265301,3.588196,1455,7.5995
14622,60,36,2.891308,2.709800,1341,7.3219
14623,36,34,3.250313,3.640177,1358,7.2053
14624,34,7,4.700504,5.130303,1378,7.3880
14625,7,31,2.885554,2.882282,1451,7.6539
14626,31,12,3.004166,3.112225,1458,7.6410
14627,12,35,2.959005,2.864092,1355,7.1555
14628,35,8,2.485305,2.593301,1374,7.3735
14629,8,41,1.903306,2.072480,1210,6.6289
14630,41,36,6.033143,6.296525,1371,7.4815
14631,36,34,2.925607,3.351928,1419,7.6006
14632,34,40,2.103895,2.317381,1446,7.6418
14633,40,57,2.230872,2.361390,1274,6.9759
14634,57,32,4.043366,4.265133,1145,6.6285
14635,32,61,3.410592,3.637791,1319,7.0839
14636,61,33,2.735189,2.808517,1411,7.5470
14637,33,55,2.674044,3.018009,1449,7.5899
14638,55,4,2.554386,2.673702,1353,7.2311
14639,4,6,6.315415,6.582305,1436,7.5624
14640,6,56,2.676239,2.751374,1289,7.1195
14641,56,1,2.758145,3.109721,1446,7.5346
14642,1,47,2.819839,2.321125,1446,7.6264
14643,47,56,3.097775,3.368890,1325,7.0779
14644,56,34,3.166498,3.432713,1457,7.5614
14645,34,7,4.395092,5.022602,1439,7.6184
14646,7,16,4.350389,4.780091,1397,7.4121
14647,16,23,3.011585,3.778133,1448,7.5849
14648,23,29,1.774665,1.543462,1314,7.3063
14649,29,48,3.094895,3.200790,1370,7.2170
14650,48,25,3.484652,4.260517,1455,7.6359
14651,25,29,2.894727,3.494990,1374,7.3392
14652,29,48,2.932492,3.038147,1432,7.5884
14653,48,6,4.945897,5.111534,1441,7.6146
14654,6,32,2.578680,2.874777,1461,7.6517
14655,32,61,3.317520,3.532884,1447,7.6110
14656,61,2,5.927854,6.006624,1305,7.0266
14657,2,45,3.330208,3.493555,1452,7.6240
14658,45,30,2.124707,2.051278,1385,7.4307
14659,30,46,3.073533,3.110637,1450,7.6230
14660,46,47,2.982187,2.872350,1375,7.3766
14661,47,22,1.919240,2.183383,1355,7.1386
14662,22,47,2.219849,1.911271,1456,7.6128
14663,47,51,3.354194,3.618781,1368,7.2135
14664,51,16,2.193173,2.206490,1458,7.5912
14665,16,53,4.925599,5.159449,1459,7.6123
14666,53,17,1.904801,1.776975,1445,7.6020
14667,17,2,3.740021,3.759849,1314,7.2632
14668,2,45,3.172808,3.407772,1305,7.1360
14669,45,30,2.059821,1.968974,1418,7.6106
14670,30,27,6.046610,6.810149,1466,7.6732
14671,27,2,5.535622,5.699885,1298,7.1048
14672,2,45,2.966528,3.315904,1440,7.5877
14673,45,30,1.953008,1.896320,1453,7.6663
14674,30,46,2.999770,3.245893,1440,7.6411
14675,46,1,3.698242,3.948737,1438,7.5798
14676,1,32,3.099946,3.687680,1436,7.5574
14677,32,9,2.753457,2.982050,1416,7.5782
14678,9,15,2.448746,2.101759,1443,7.5813
14679,15,49,2.209378,2.488947,1413,7.4672
14680,49,43,4.544951,4.801606,1401,7.4222
14681,43,11,5.229631,5.047844,1394,7.5249
14682,11,45,2.964593,3.159592,1448,7.6043
14683,45,30,1.880776,1.835630,1425,7.5600
14684,30,31,3.023193,3.411911,1453,7.6510
14685,31,12,2.714569,2.996049,1368,7.3003
14686,12,35,2.805729,2.735398,1424,7.5536
14687,35,53,3.949604,4.311414,1448,7.6241
14688,53,11,4.792078,4.439410,1437,7.5758
14689,11,45,3.129718,3.004312,1416,7.5274
14690,45,63,3.193976,3.545996,1446,7.6546
14691,63,18,3.169612,3.293466,1338,7.2046
14692,18,12,5.114210,5.924864,1428,7.5777
14693,12,35,2.566938,2.608612,1457,7.6251
14694,35,0,3.631028,3.546170,1290,7.1865
14695,0,21,2.406852,2.722088,1451,7.5441
14696,21,9,4.312287,4.860886,1242,6.7877
14697,9,15,2.351793,2.021506,1438,7.5995
14698,15,49,2.294024,2.514663,1442,7.6037
14699,49,43,4.307807,4.666748,1450,7.6014
14700,43,11,5.171781,5.003791,1365,7.2890
14701,11,42,2.293457,2.416306,1361,7.3773
14702,42,0,4.320858,4.465142,1413,7.5604
14703,0,21,2.466674,2.614158,1458,7.6013
14704,21,47,4.037901,4.260884,1362,7.2490
14705,47,51,3.457688,3.375802,1436,7.5808
14706,51,16,2.090863,2.142268,1450,7.5766
14707,16,53,4.418680,5.106162,1437,7.5682
14708,53,11,4.546823,4.304511,1432,7.5996
14709,11,42,2.398991,2.331498,1436,7.6106
14710,42,0,4.182273,4.310565,1404,7.4696
14711,0,25,2.689851,2.399289,1409,7.5508
14712,25,36,2.473043,2.435663,1397,7.3881
14713,36,29,3.006230,3.381108,1350,7.1583
14714,29,11,2.463121,2.727639,1433,7.5934
14715,11,42,2.176533,2.269913,1442,7.5919
14716,42,45,2.674427,2.593971,1430,7.5933
14717,45,30,1.964226,1.877399,1474,7.6800
14718,30,46,3.079786,3.319253,1354,7.2762
14719,46,47,2.766251,2.887003,1402,7.5072
14720,47,56,2.799128,3.336630,1449,7.5879
14721,56,34,2.911598,3.323286,1452,7.5590
14722,34,7,4.259019,4.840772,1452,7.6226
14723,7,22,4.098988,4.744609,1425,7.6026
14724,22,35,3.614389,4.298270,1252,6.6582
14725,35,0,3.473261,3.601462,1441,7.6260
14726,0,25,2.650136,2.396403,1445,7.5867
14727,25,2,3.807836,3.884198,1407,7.5708
14728,2,12,3.039860,3.073891,1388,7.3755
14729,12,35,2.369944,2.559553,1416,7.5490
14730,35,0,3.405253,3.471872,1412,7.5317
14731,0,21,2.552551,2.610795,1437,7.5785
14732,21,9,4.042427,4.833294,1450,7.5161
14733,9,15,2.233354,1.966377,1458,7.5854
14734,15,49,2.531750,2.509207,1328,7.0683
14735,49,50,4.094203,3.904290,1367,7.4178
14736,50,53,4.627791,4.415364,1414,7.5830
14737,53,17,1.999000,1.806382,1434,7.6024
14738,17,7,2.779260,3.210399,1399,7.4701
14739,7,31,2.874130,2.914068,1433,7.6341
14740,31,54,3.803997,3.863216,1334,7.1628
14741,54,0,3.824226,3.793226,1459,7.5712
14742,0,21,2.246005,2.528470,1439,7.5677
14743,21,48,2.675688,2.840720,1452,7.5970
14744,48,6,4.401129,4.756727,1331,7.0373
14745,6,56,2.526419,2.788885,1415,7.5509
14746,56,34,2.859605,3.210609,1445,7.5868
14747,34,40,2.299610,2.414907,1392,7.4809
14748,40,57,2.228639,2.294576,1426,7.5737
14749,57,52,3.223964,3.578050,1259,6.8820
14750,52,21,5.369156,5.300785,1390,7.4587
14751,21,48,2.547046,2.677530,1377,7.3747
14752,48,51,2.770973,2.949277,1451,7.6362
14753,51,29,2.995291,3.460184,1463,7.6284
14754,29,11,2.463097,2.627926,1356,7.3070
14755,11,45,2.868225,2.957818,1454,7.6228
14756,45,63,3.331769,3.495218,1441,7.6385
14757,63,18,3.093915,3.229441,1366,7.3446
14758,18,38,3.008489,3.667177,1432,7.5940
14759,38,2,3.028678,3.571067,1469,7.6193
14760,2,54,3.251670,3.172461,1330,7.1261
14761,54,0,3.659627,3.648222,1439,7.5392
14762,0,25,2.669889,2.311297,1433,7.5792
14763,25,36,2.395364,2.426923,1442,7.6497
14764,36,29,2.748503,3.336844,1395,7.3236
14765,29,11,2.441224,2.503966,1436,7.5613
14766,11,45,2.864153,2.930295,1388,7.4122
14767,45,30,2.077611,1.948865,1441,7.6692
14768,30,31,3.049752,3.461294,1450,7.6484
14769,31,12,2.854511,3.090333,1431,7.5985
14770,12,35,2.538630,2.463744,1381,7.3968
14771,35,0,3.700363,3.472310,1433,7.6026
14772,0,60,3.547153,3.796601,1418,7.5450
14773,60,38,2.481105,2.545249,1418,7.5431
14774,38,2,2.918406,3.444358,1439,7.5870
14775,2,12,3.074120,3.136109,1381,7.4457
14776,12,43,4.751680,5.102968,1352,7.2765
14777,43,51,4.643808,4.339708,1320,7.3370
14778,51,29,2.539190,3.337298,1444,7.5940
14779,29,11,2.232336,2.389039,1455,7.6284
14780,11,42,2.348247,2.429896,1359,7.1748
14781,42,45,2.527584,2.352997,1416,7.5381
14782,45,63,3.297866,3.476317,1414,7.5558
14783,63,18,3.240393,3.174184,1394,7.3639
14784,18,18,0.900941,0.449955,1250,6.5750
14785,18,12,5.274012,5.873001,1417,7.5675
14786,12,20,2.787485,2.676186,1296,7.0496
14787,20,3,3.066388,3.748632,1426,7.5775
14788,3,39,4.012025,3.765087,1426,7.5956
14789,39,44,3.414754,3.145979,1104,6.1550
14790,44,35,6.040001,6.125907,1385,7.3109
14791,35,0,3.262862,3.180771,1421,7.5594
14792,0,25,2.536552,2.433330,1419,7.5495
14793,25,36,2.391925,2.344133,1426,7.6310
14794,36,29,2.667410,3.296874,1439,7.6019
14795,29,48,2.826516,2.884337,1344,7.2361
14796,48,51,2.751858,2.859971,1456,7.6094
14797,51,16,2.119160,2.177931,1424,7.5544
14798,16,53,4.446775,4.989034,1431,7.5449
14799,53,11,4.507631,4.193732,1407,7.4826
14800,11,24,5.188631,5.566331,1430,7.6213
14801,24,0,5.939743,5.711133,1361,7.3471
14802,0,60,3.313249,3.638459,1454,7.5837
14803,60,38,2.588883,2.545435,1363,7.2379
14804,38,50,3.174038,2.798457,1384,7.3050
14805,50,54,3.631723,4.343192,1342,7.2893
14806,54,25,2.613588,2.568381,1449,7.5749
14807,25,2,3.781008,3.678927,1446,7.6866
14808,2,45,3.453637,3.644770,1424,7.5555
14809,45,63,3.057480,3.259445,1481,7.6995
14810,63,6,5.457137,5.641938,1357,7.2817
14811,6,32,2.948624,2.890129,1398,7.4836
14812,32,9,2.981339,3.068381,1460,7.6480
14813,9,44,3.649977,3.480794,1426,7.4835
14814,44,35,6.066936,6.000538,1421,7.5232
14815,35,8,2.415099,2.711580,1395,7.3893
14816,8,41,1.841634,2.013338,1255,6.7841
14817,41,6,2.311891,2.776990,1384,7.3357
14818,6,32,2.702953,2.812033,1378,7.2207
14819,32,9,2.624533,2.962017,1434,7.5919
14820,9,15,2.202612,1.954456,1426,7.4466
14821,15,49,2.387171,2.497563,1408,7.5575
14822,49,43,4.157804,4.672609,1454,7.6025
14823,43,46,4.065999,4.422083,1418,7.6281
14824,46,47,2.702165,2.707772,1434,7.5679
14825,47,22,2.192368,2.366621,1314,7.0872
14826,22,35,3.389083,4.370280,1457,7.5864
14827,35,0,3.267619,3.125664,1412,7.5736
14828,0,21,2.596255,2.748801,1274,6.8290
14829,21,47,3.977995,4.145406,1359,7.3039
14830,47,56,2.809337,3.272284,1399,7.4199
14831,56,1,2.699601,3.085773,1437,7.5561
14832,1,32,2.975932,3.551690,1448,7.6021
14833,32,27,3.204637,3.179604,1447,7.6105
14834,27,53,4.595217,5.166856,1443,7.6179
14835,53,17,2.003298,1.772635,1371,7.3149
14836,17,7,2.692250,3.089713,1446,7.6130
14837,7,31,2.829552,2.889948,1430,7.6284
14838,31,12,2.854280,3.133830,1421,7.5268
14839,12,35,2.802904,2.749741,1392,7.5005
14840,35,8,2.235139,2.746280,1404,7.5207
14841,8,52,4.744449,4.954574,1349,7.1832
14842,52,22,4.721914,4.559852,1164,6.4851
14843,22,20,4.248408,4.923971,1406,7.4931
14844,20,10,1.745771,1.891371,1445,7.6262
14845,10,11,7.143760,7.136054,1376,7.4236
14846,11,45,2.608871,2.798206,1370,7.4239
14847,45,62,4.614155,5.131535,1351,7.3388
14848,62,60,3.840169,3.996900,1414,7.5511
14849,60,38,2.533364,2.445102,1446,7.5901
14850,38,50,3.030102,2.734282,1437,7.5780
14851,50,54,3.236343,4.189969,1430,7.5835
14852,54,25,2.486249,2.490987,1449,7.5752
14853,25,2,3.438219,3.517158,1428,7.6500
14854,2,54,2.954148,3.041377,1385,7.4665
14855,54,25,2.471531,2.384189,1447,7.5568
14856,25,36,2.442881,2.409220,1440,7.6301
14857,36,29,2.498586,3.220122,1458,7.6195
14858,29,11,2.546958,2.580165,1457,7.6069
14859,11,42,2.402660,2.447041,1400,7.5197
14860,42,45,2.339808,2.234168,1430,7.6069
14861,45,30,2.196318,2.104590,1454,7.7143
14862,30,31,3.030094,3.402906,1451,7.6551
14863,31,12,2.725610,3.026149,1439,7.6186
14864,12,35,2.590904,2.621781,1212,6.7404
14865,35,8,2.404864,2.708628,1325,7.2669
14866,8,41,1.743817,2.089789,1422,7.5824
14867,41,6,2.379199,2.687277,1440,7.6058
14868,6,32,2.548227,2.780272,1388,7.3398
14869,32,9,2.622238,2.937367,1429,7.5787
14870,9,3,3.843495,3.737709,1477,7.6149
14871,3,39,3.880451,3.663597,1438,7.6069
14872,39,59,2.956980,3.270229,1394,7.4445
14873,59,26,3.206835,3.284699,1409,7.5491
14874,26,57,4.613711,4.757367,1444,7.5842
14875,57,52,3.119753,3.264523,1425,7.6654
14876,52,21,5.240385,5.059912,1434,7.5333
14877,21,48,2.609258,2.631325,1410,7.4894
14878,48,51,2.705300,2.745318,1442,7.6097
14879,51,16,2.087325,2.120741,1436,7.5769
14880,16,23,3.382428,3.928835,1395,7.4049
14881,23,29,2.040402,1.919499,1416,7.5767
14882,29,11,2.424569,2.458537,1443,7.6217
14883,11,45,2.581153,2.802026,1323,7.0207
14884,45,63,3.106263,3.311703,1403,7.5445
14885,63,18,3.073282,3.135675,1351,7.2240
14886,18,18,0.765052,0.394275,1439,7.6325
14887,18,12,5.467015,5.886120,1439,7.6459
14888,12,35,2.451599,2.514536,1376,7.4091
14889,35,8,2.224857,2.659546,1456,7.6603
14890,8,41,1.746225,2.094563,1341,7.3384
14891,41,36,6.065385,6.119677,1316,7.0587
14892,36,34,3.224495,3.660533,1376,7.4515
14893,34,7,4.144963,4.768279,1332,7.2882
14894,7,31,2.782322,2.830779,1337,7.1835
14895,31,12,2.764372,3.038730,1434,7.5662
14896,12,20,2.864466,2.793342,1462,7.6247
14897,20,8,3.584953,3.731878,1404,7.4803
14898,8,41,1.670003,2.028579,1352,7.2928
14899,41,30,5.905643,6.128267,1440,7.6006
14900,30,46,3.120596,3.284888,1402,7.4809
14901,46,46,0.930796,0.613908,1429,7.5575
14902,46,1,3.398718,3.833674,1415,7.5104
14903,1,47,2.802631,2.300876,1426,7.5295
14904,47,56,2.563634,3.095413,1360,7.3131
14905,56,1,2.593964,2.926279,1408,7.5032
14906,1,32,2.996253,3.516940,1455,7.5988
14907,32,9,2.668674,2.822892,1449,7.6170
14908,9,44,3.567451,3.436459,1424,7.5772
14909,44,35,6.029142,6.104043,1395,7.3721
14910,35,0,3.190570,3.074610,1396,7.5350
14911,0,25,2.718163,2.512298,1321,7.0826
14912,25,2,3.479194,3.347442,1390,7.4825
14913,2,45,3.416465,3.651862,1311,7.1067
14914,45,62,4.619123,4.998582,1442,7.6526
14915,62,60,3.864335,3.959923,1372,7.2831
14916,60,36,3.092290,2.744062,1394,7.4171
14917,36,21,3.107695,3.137230,1454,7.6211
14918,21,9,4.180615,4.767868,1340,7.3325
14919,9,3,3.652382,3.604920,1389,7.3506
14920,3,41,2.589443,3.027244,1412,7.5337
14921,41,6,2.479223,2.750852,1454,7.6186
14922,6,32,2.950159,2.766329,1444,7.6101
14923,32,9,2.555787,2.793085,1320,7.0389
14924,9,44,3.351028,3.329201,1400,7.3943
14925,44,35,5.873287,5.987264,1411,7.5263
14926,35,0,2.916347,2.884509,1423,7.6086
14927,0,60,3.397873,3.681309,1417,7.5351
14928,60,38,2.448290,2.427329,1300,7.0303
14929,38,50,3.059021,2.658996,1421,7.5543
14930,50,54,3.476832,4.009345,1388,7.3890
14931,54,0,4.324302,4.112712,1447,7.5628
14932,0,25,3.007069,2.438914,1469,7.5874
14933,25,2,2.993075,3.229693,1463,7.6463
14934,2,45,3.202024,3.509795,1421,7.5253
14935,45,63,2.918510,3.131138,1458,7.6611
14936,63,6,5.655639,5.750384,1363,7.3933
14937,6,32,2.678762,2.645881,1335,7.1840
14938,32,9,2.378248,2.678738,1431,7.6059
14939,9,15,2.430327,2.142502,1413,7.4663
14940,15,39,4.412846,4.705696,1285,7.0051
14941,39,59,2.831734,3.165750,1313,7.2467
14942,59,26,3.101798,3.194574,1268,7.0664
14943,26,43,3.543016,3.520938,1449,7.5745
14944,43,51,4.527016,4.280490,1369,7.3530
14945,51,16,1.871395,1.983378,1349,7.1954
14946,16,21,5.211916,6.036524,1447,7.5964
14947,21,9,4.016903,4.642634,1374,7.3980
14948,9,3,3.479846,3.555581,1426,7.5609
14949,3,41,2.576840,2.967001,1346,7.2281
14950,41,36,6.002004,6.014807,1352,7.2599
14951,36,29,2.502343,3.324464,1323,7.2383
14952,29,23,2.697980,2.549876,1455,7.5929
14953,23,29,1.970060,1.844926,1452,7.6822
14954,29,11,2.215459,2.395596,1443,7.5911
14955,11,24,5.138022,5.384810,1446,7.6049
14956,24,0,5.885467,5.571905,1375,7.3297
14957,0,60,3.160277,3.493106,1459,7.6045
14958,60,38,2.376518,2.412084,1439,7.6060
14959,38,2,2.723122,3.317572,1455,7.6035
14960,2,12,3.438938,3.486459,1448,7.5834
14961,12,35,2.572613,2.734633,1311,7.1796
14962,35,0,2.999671,2.929219,1417,7.6271
14963,0,25,2.937681,2.383812,1447,7.5839
14964,25,29,2.835539,3.792636,1456,7.6633
14965,29,48,3.061389,2.941210,1443,7.5507
14966,48,51,2.548613,2.694969,1454,7.6203
14967,51,16,1.896780,1.968006,1431,7.5600
14968,16,23,3.310366,3.843629,1461,7.5907
14969,23,29,1.987297,1.846071,1434,7.5717
14970,29,11,2.181512,2.328339,1412,7.5131
14971,11,24,5.104147,5.273346,1322,7.0930
14972,24,54,4.013633,3.710002,1380,7.4251
14973,54,25,2.338611,2.449930,1433,7.5527
14974,25,2,3.052573,3.049255,1406,7.5833
14975,2,12,3.300640,3.391023,1477,7.6058
14976,12,35,2.636604,2.667541,1445,7.5644
14977,35,53,4.022608,4.580701,1424,7.6120
14978,53,11,4.349682,4.240347,1387,7.4272
14979,11,42,2.584608,2.660554,1374,7.3728
14980,42,45,2.286128,2.258656,1379,7.3244
14981,45,30,2.477680,2.285257,1472,7.6827
14982,30,31,2.860328,3.328382,1433,7.6079
14983,31,30,3.155196,3.070160,1357,7.1968
14984,30,31,2.758666,3.066614,1445,7.6291
14985,31,54,4.436304,4.178206,1449,7.6077
14986,54,25,2.259057,2.349075,1451,7.5708
14987,25,36,2.876373,2.825732,1451,7.6630
14988,36,34,2.844614,3.481809,1439,7.5816
14989,34,40,2.116972,2.332850,1451,7.6397
14990,40,57,2.122762,2.334741,1266,7.0006
14991,57,32,4.330270,4.454026,1158,6.6173
14992,32,9,2.429377,2.641164,1366,7.3737
14993,9,44,3.334355,3.291908,1378,7.3222
14994,44,35,5.884331,5.985696,1288,7.0496
14995,35,8,2.737727,2.567436,1421,7.5992
14996,8,41,1.692781,1.989392,1369,7.4511
14997,41,36,5.901732,5.898115,1395,7.4451
14998,36,34,2.763847,3.257561,1429,7.6397
14999,34,40,2.181234,2.272146,1425,7.6011
15000,40,25,5.050877,5.672245,1443,7.6584
15001,25,2,2.775154,2.902752,1463,7.6447
15002,2,12,3.170401,3.275992,1438,7.5863
15003,12,20,2.778907,2.774908,1349,7.1599
15004,20,10,1.705843,1.943578,1284,6.8458
15005,10,21,6.119024,6.409378,1436,7.6018
15006,21,9,3.908620,4.408949,1396,7.4695
15007,9,44,3.162542,3.132638,1414,7.5385
15008,44,27,3.197254,3.534377,1372,7.3028
15009,27,20,4.585223,4.661305,1383,7.3932
15010,20,10,1.631000,1.848197,1416,7.5338
15011,10,2,5.597826,5.738871,1432,7.6148
15012,2,12,2.892338,3.036876,1346,7.2691
15013,12,20,2.852808,2.766890,1419,7.5664
15014,20,10,1.617368,1.846823,1422,7.5704
15015,10,21,5.750172,6.353790,1434,7.6152
15016,21,47,3.826395,3.884982,1443,7.6330
15017,47,56,2.389198,2.952840,1451,7.5924
15018,56,1,2.352217,2.796635,1456,7.5832
15019,1,32,3.061280,3.517627,1447,7.5942
15020,32,61,3.898167,3.849262,1447,7.6039
15021,61,2,5.653713,5.866195,1369,7.3866
15022,2,45,3.377815,3.532762,1393,7.5250
15023,45,63,2.827308,3.037655,1463,7.6869
15024,63,47,4.513637,5.100154,1439,7.5534
15025,47,56,2.103762,2.837718,1405,7.5080
15026,56,6,3.456212,3.436274,1468,7.5944
15027,6,56,2.652390,2.978351,1308,6.9868
15028,56,1,2.323185,2.811794,1447,7.5581
15029,1,32,2.890870,3.377352,1472,7.6075
15030,32,61,3.751326,3.686874,1429,7.5690
15031,61,2,5.847810,5.830205,1404,7.4535
15032,2,12,2.891706,2.917199,1401,7.4604
15033,12,43,4.870454,5.188755,1302,7.0747
15034,43,51,4.133098,4.202847,1366,7.4746
15035,51,29,2.929623,3.446216,1356,7.2368
15036,29,23,2.300774,2.425028,1369,7.2748
15037,23,29,2.026447,1.778998,1423,7.5972
15038,29,11,2.145319,2.337689,1440,7.6013
15039,11,42,2.573500,2.617730,1380,7.4321
15040,42,45,2.356548,2.260228,1417,7.5211
15041,45,30,2.412737,2.271693,1398,7.5906
15042,30,31,2.646876,3.026594,1450,7.6313
15043,31,12,3.299083,3.207712,1386,7.4512
15044,12,35,2.937377,2.908305,1419,7.5052
15045,35,53,3.911627,4.338234,1374,7.4297
15046,53,17,2.029095,1.793827,1422,7.5601
15047,17,7,2.712972,3.044995,1348,7.2460
15048,7,31,2.916376,2.888636,1447,7.6412
15049,31,54,4.221085,4.039194,1436,7.6200
15050,54,25,2.350229,2.354969,1418,7.4939
15051,25,36,2.721981,2.787109,1441,7.6147
15052,36,34,2.692194,3.168907,1393,7.3936
15053,34,7,4.024887,4.739342,1433,7.6251
15054,7,31,2.774851,2.805177,1428,7.5808
15055,31,54,4.132187,3.903403,1452,7.6391
15056,54,25,2.087587,2.253052,1427,7.4756
15057,25,2,2.958935,3.155929,1450,7.6273
15058,2,12,2.843766,2.900458,1338,7.2056
15059,12,35,2.652554,2.814227,1433,7.5773
15060,35,0,2.940450,2.897177,1309,7.0928
15061,0,60,3.255073,3.504475,1438,7.5760
15062,60,36,3.002694,2.734586,1428,7.5394
15063,36,29,2.677876,3.477520,1395,7.4007
15064,29,48,2.970808,2.880488,1435,7.5777
15065,48,51,2.508597,2.598842,1332,7.0524
15066,51,51,1.123480,0.659566,1449,7.5766
15067,51,16,2.093776,2.094603,1443,7.5701
15068,16,53,4.316524,5.161246,1386,7.3657
15069,53,11,4.598967,4.117461,1446,7.5960
15070,11,45,2.957900,2.930234,1447,7.6144
15071,45,30,2.333796,2.199226,1416,7.6134
15072,30,31,2.755380,3.142165,1386,7.5001
15073,31,12,3.327298,3.222504,1420,7.5681
15074,12,35,2.607342,2.685340,1385,7.3121
15075,35,0,2.764658,2.786318,1393,7.5084
15076,0,21,3.264647,3.231330,1431,7.5410
15077,21,48,2.753415,2.713146,1335,7.1990
15078,48,51,2.231638,2.446788,1442,7.6032
15079,51,29,3.058009,3.492504,1452,7.5826
15080,29,11,2.233007,2.385344,1458,7.6240
15081,11,42,2.663582,2.591315,1461,7.6187
15082,42,54,4.690956,4.686860,1447,7.6055
15083,54,25,2.202645,2.157730,1462,7.5731
15084,25,29,3.059090,4.024751,1447,7.6098
15085,29,23,2.408358,2.492266,1469,7.6477
15086,23,29,1.958313,1.804913,1418,7.6000
15087,29,11,2.180641,2.329129,1458,7.5747
15088,11,45,2.757469,3.000238,1407,7.5005
15089,45,30,2.218050,2.152838,1377,7.3832
15090,30,31,2.624302,3.099968,1440,7.6515
15091,31,12,3.002744,3.107566,1457,7.6456
15092,12,43,4.695693,5.172954,1310,6.9535
15093,43,11,5.407727,5.219135,1167,6.5972
15094,11,45,2.682521,2.813642,1411,7.5002
15095,45,30,2.263354,2.103494,1407,7.4571
15096,30,46,3.655132,3.713993,1462,7.6904
15097,46,46,0.920953,0.623282,1249,6.8430
15098,46,47,3.030573,2.929389,1389,7.3486
15099,47,56,2.061489,2.794955,1426,7.5411
15100,56,34,3.202331,3.703377,1363,7.3103
15101,34,7,3.838896,4.595693,1425,7.5835
15102,7,31,2.731165,2.817425,1362,7.3304
15103,31,12,2.868511,2.971539,1427,7.5666
15104,12,20,2.937044,3.049331,1454,7.6082
15105,20,10,1.572470,1.818753,1389,7.4453
15106,10,11,6.849986,7.387978,1360,7.3409
15107,11,45,2.474765,2.641415,1416,7.4971
15108,45,30,2.098792,2.058712,1424,7.6303
15109,30,46,3.506932,3.616138,1312,7.1035
15110,46,46,0.849881,0.550064,1330,7.1295
15111,46,47,2.726051,2.914878,1381,7.3534
15112,47,56,2.238161,2.740896,1415,7.5286
15113,56,1,2.350184,2.781566,1420,7.5340
15114,1,47,2.860108,2.390142,1453,7.6025
15115,47,51,3.534993,3.705736,1455,7.5948
15116,51,16,2.075558,2.084714,1450,7.5670
15117,16,21,5.257890,5.972907,1428,7.5357
15118,21,47,3.704054,3.778979,1445,7.5794
15119,47,22,2.992512,2.809297,1465,7.5709
15120,22,35,3.957556,4.728993,1438,7.5721
15121,35,8,2.551920,2.716974,1438,7.6119
15122,8,41,1.692431,1.988707,1297,7.0158
15123,41,6,2.617652,2.832985,1310,7.0693
15124,6,32,2.550025,2.721526,1454,7.6239
15125,32,61,3.328401,3.556398,1471,7.6271
15126,61,33,2.931920,3.011582,1415,7.5499
15127,33,11,6.554260,6.485429,1282,6.9905
15128,11,45,2.505590,2.501940,1380,7.4269
15129,45,30,1.986256,2.014582,1446,7.6415
15130,30,46,3.432629,3.532175,1458,7.6770
15131,46,47,2.499152,2.790078,1280,6.8210
15132,47,51,3.594023,3.631442,1361,7.1977
15133,51,29,2.782014,3.496504,1434,7.5352
15134,29,11,2.489895,2.573346,1450,7.6152
15135,11,42,2.769422,2.621337,1437,7.6034
15136,42,54,4.377877,4.523706,1440,7.5993
15137,54,0,4.236029,4.089154,1427,7.5013
15138,0,60,3.351553,3.428791,1454,7.5778
15139,60,38,2.597948,2.504698,1346,7.2251
15140,38,50,2.828130,2.652159,1374,7.3440
15141,50,53,4.805171,4.544983,1449,7.6538
15142,53,11,4.504908,4.180969,1403,7.5329
15143,11,45,2.462633,2.484542,1437,7.5940
15144,45,63,3.140516,3.485683,1460,7.6578
15145,63,18,3.007296,3.013394,1458,7.5790
15146,18,38,2.979899,3.928592,1272,6.7005
15147,38,50,2.531093,2.547768,1301,6.9485
15148,50,54,3.696361,4.359663,1443,7.6278
15149,54,0,4.006207,3.998119,1447,7.5451
15150,0,60,2.974788,3.297694,1357,7.2197
15151,60,44,5.571843,5.718748,1457,7.5767
15152,44,36,5.358346,4.819707,1243,6.6942
15153,36,34,2.777236,3.034087,1440,7.6212
15154,34,40,2.122420,2.319166,1393,7.5611
15155,40,25,4.828769,5.553791,1389,7.5366
15156,25,29,3.477988,3.847857,1428,7.6170
15157,29,11,2.394882,2.506641,1422,7.5612
15158,11,42,2.519909,2.589795,1416,7.5565
15159,42,54,4.589760,4.459413,1342,7.1563
15160,54,0,3.904166,3.845707,1456,7.5638
15161,0,25,2.923390,2.428064,1430,7.5387
15162,25,36,2.838013,2.809898,1448,7.6038
15163,36,34,2.512091,2.992698,1400,7.3571
15164,34,40,1.921395,2.273322,1423,7.6053
15165,40,21,5.453673,6.254573,1373,7.3639
15166,21,48,2.684468,2.643907,1228,6.6331
15167,48,6,4.354716,4.528676,1426,7.5243
15168,6,32,2.525125,2.670689,1379,7.4005
15169,32,9,2.439952,2.838270,1429,7.5955
15170,9,3,3.329344,3.388844,1459,7.5923
15171,3,39,3.742780,3.626924,1468,7.6061
15172,39,15,3.950612,3.586472,1318,7.0576
15173,15,49,2.356202,2.326068,1452,7.5761
15174,49,48,5.380687,5.585001,1458,7.5885
15175,48,51,2.206226,2.436124,1231,6.6558
15176,51,29,2.644402,3.444591,1400,7.4772
15177,29,48,2.907162,2.820650,1441,7.5597
15178,48,6,4.274508,4.426472,1455,7.5949
15179,6,32,2.513935,2.634997,1453,7.6129
15180,32,9,2.449527,2.754311,1451,7.6056
15181,9,3,3.161485,3.264823,1457,7.6155
15182,3,10,2.749843,2.737892,1471,7.6011
15183,10,2,5.373451,5.587200,1434,7.6077
15184,2,12,2.893095,2.934640,1231,6.9194
15185,12,20,2.787816,2.876021,1357,7.3569
15186,20,10,1.510904,1.833002,1398,7.4670
15187,10,2,5.246058,5.396346,1434,7.6108
15188,2,54,3.198596,3.202584,1434,7.5457
15189,54,25,2.128379,2.177390,1380,7.3541
15190,25,2,3.273686,3.362203,1436,7.6623
15191,2,12,2.842170,2.830178,1446,7.5729
15192,12,20,2.727954,2.747804,1389,7.4399
15193,20,10,1.602073,1.863770,1404,7.4555
15194,10,11,6.777886,7.320230,1410,7.5033
15195,11,45,2.452477,2.455717,1237,6.7165
15196,45,30,2.086281,2.091803,1437,7.6482
15197,30,31,3.038961,3.510937,1452,7.6643
15198,31,30,3.119718,2.995897,1424,7.5899
15199,30,46,3.695167,3.370446,1438,7.6776
15200,46,47,2.521001,2.693667,1358,7.1981
15201,47,22,2.982101,2.907141,1451,7.6209
15202,22,35,3.993318,4.574825,1429,7.5391
15203,35,0,2.972685,2.879651,1387,7.3479
15204,0,60,2.953576,3.253050,1418,7.5120
15205,60,38,2.538166,2.593389,1365,7.3187
15206,38,50,2.678123,2.494400,1439,7.5701
15207,50,53,4.740050,4.472212,1409,7.5222
15208,53,11,4.217891,4.092693,1292,7.1161
15209,11,45,2.310494,2.363988,1413,7.4917
15210,45,62,4.748596,5.164351,1445,7.6431
15211,62,60,3.812245,3.976961,1313,7.1242
15212,60,36,2.994763,2.847435,1397,7.3897
15213,36,29,2.707783,3.441046,1428,7.5712
15214,29,48,2.860666,2.645071,1358,7.2696
15215,48,6,4.090477,4.344374,1441,7.5952
15216,6,56,2.878006,3.100329,1309,7.0403
15217,56,34,3.405958,3.690645,1450,7.6186
15218,34,35,4.875624,5.165036,1436,7.6171
15219,35,53,4.495680,4.493219,1369,7.4028
15220,53,17,2.020130,1.808083,1444,7.5982
15221,17,7,2.588189,3.027833,1393,7.4842
15222,7,31,2.922981,2.820549,1432,7.5970
15223,31,12,2.977025,3.005329,1349,7.3489
15224,12,35,2.786319,3.004146,1387,7.4595
15225,35,8,2.935206,2.671093,1409,7.5817
15226,8,41,1.826159,2.013477,1397,7.5198
15227,41,6,2.667817,2.849160,1422,7.5852
15228,6,32,2.477797,2.661124,1388,7.4307
15229,32,61,3.541451,3.660301,1469,7.6202
15230,61,33,2.770230,2.965081,1406,7.4912
15231,33,11,6.354472,6.427805,1435,7.5765
15232,11,45,2.173244,2.261810,1407,7.5268
15233,45,63,3.159405,3.529085,1421,7.6193
15234,63,18,2.784898,2.924280,1429,7.5462
15235,18,12,4.546165,5.732170,1429,7.6081
15236,12,35,2.479613,2.896189,1364,7.3569
15237,35,0,2.987240,2.770283,1351,7.2431
15238,0,60,2.841773,3.176883,1443,7.5800
15239,60,38,2.498675,2.579872,1436,7.5512
15240,38,2,3.074039,3.666795,1441,7.5981
15241,2,45,3.981121,4.012133,1343,7.0625
15242,45,63,3.077721,3.314123,1369,7.3980
15243,63,6,5.432276,5.689614,1453,7.5935
15244,6,56,2.781092,2.988118,1390,7.4830
15245,56,1,2.337553,2.882536,1445,7.6038
15246,1,47,2.826907,2.275417,1442,7.5725
15247,47,51,3.558069,3.616937,1438,7.5587
15248,51,51,1.211450,0.571195,1450,7.5721
15249,51,29,2.844553,3.523910,1448,7.5741
15250,29,11,2.644224,2.846286,1367,7.3509
15251,11,42,2.708009,2.600390,1432,7.5676
15252,42,0,4.937916,4.939327,1287,6.8930
15253,0,60,2.788607,3.051627,1446,7.5683
15254,60,38,2.527534,2.565779,1375,7.3356
15255,38,2,2.957474,3.542819,1382,7.3161
15256,2,12,2.850677,2.914629,1465,7.6124
15257,12,35,2.566476,2.843652,1400,7.4337
15258,35,8,2.789313,2.683264,1404,7.4768
15259,8,41,1.638897,2.017229,1357,7.4554
15260,41,6,2.599284,2.853019,1419,7.5586
15261,6,56,2.549990,2.902148,1458,7.6306
15262,56,6,3.089430,3.026798,1422,7.5384
15263,6,32,2.471555,2.610029,1449,7.6085
15264,32,9,2.445628,2.735516,1433,7.5973
15265,9,44,3.108930,3.118062,1429,7.5825
15266,44,35,5.927480,6.070179,1424,7.5098
15267,35,0,2.780941,2.729150,1424,7.5878
15268,0,25,2.785337,2.612154,1422,7.5488
15269,25,36,2.649315,2.763826,1446,7.6496
15270,36,34,2.574541,3.058877,1348,7.2780
15271,34,40,2.002055,2.285879,1441,7.6209
15272,40,25,4.564885,5.447373,1359,7.5083
15273,25,36,2.549084,2.615998,1449,7.6324
15274,36,29,3.277541,3.428036,1412,7.4942
15275,29,23,2.798828,2.735535,1312,7.0836
15276,23,29,2.220935,2.022678,1356,7.2954
15277,29,23,2.665653,2.547380,1362,7.2245
15278,23,29,2.064967,1.871187,1438,7.6370
15279,29,23,2.298767,2.357151,1371,7.4046
15280,23,29,1.910218,1.748032,1386,7.5441
15281,29,11,2.778916,2.891871,1313,7.1175
15282,11,42,2.810545,2.575763,1388,7.4445
15283,42,0,4.455695,4.832367,1460,7.6251
15284,0,25,2.745162,2.478131,1447,7.5750
15285,25,36,2.520107,2.560223,1482,7.6243
15286,36,29,2.929373,3.395863,1448,7.5925
15287,29,11,2.648800,2.745563,1417,7.4551
15288,11,42,2.361946,2.476215,1377,7.4618
15289,42,0,4.602825,4.720168,1440,7.6038
15290,0,25,2.481004,2.345735,1436,7.5548
15291,25,36,2.412226,2.504855,1475,7.6473
15292,36,29,2.725354,3.299963,1404,7.4138
15293,29,23,2.361194,2.447978,1376,7.3095
15294,23,29,1.856778,1.790840,1389,7.5014
15295,29,48,2.813704,2.838140,1437,7.5896
15296,48,25,4.281939,4.920779,1420,7.5966
15297,25,29,3.187970,3.725715,1445,7.5918
15298,29,23,2.209320,2.358776,1360,7.2003
15299,23,29,1.867883,1.724256,1358,7.3201
15300,29,11,2.559428,2.791659,1398,7.3385
15301,11,42,2.491494,2.460514,1391,7.4246
15302,42,0,4.420152,4.559952,1445,7.6061
15303,0,21,3.529073,3.509643,1453,7.5835
15304,21,48,2.603682,2.735970,1400,7.5011
15305,48,6,4.462488,4.218740,1404,7.5171
15306,6,32,2.287255,2.557648,1412,7.4553
15307,32,61,3.517068,3.659939,1470,7.6380
15308,61,33,2.821999,2.934375,1244,6.7747
15309,33,55,2.827317,3.056136,1461,7.5819
15310,55,4,2.485490,2.639169,1463,7.5753
15311,4,6,6.160459,6.427513,1377,7.3856
15312,6,56,2.431492,2.745470,1416,7.5112
15313,56,1,2.359774,2.955856,1433,7.6280
15314,1,32,2.836446,3.410184,1457,7.6107
15315,32,9,2.368400,2.700620,1444,7.6015
15316,9,15,2.698637,2.451724,1434,7.5995
15317,15,49,2.159587,2.311436,1421,7.5678
15318,49,43,4.159611,4.585383,1440,7.6057
15319,43,11,5.306258,5.009777,1339,7.2792
15320,11,42,2.351517,2.332228,1375,7.2746
15321,42,45,2.259817,2.137527,1372,7.2938
15322,45,63,3.053577,3.149011,1267,6.7186
15323,63,18,2.809367,2.952709,1401,7.4564
15324,18,38,2.981304,3.946003,1398,7.3588
15325,38,2,2.811278,3.446877,1393,7.4260
15326,2,54,3.237163,3.255581,1446,7.6266
15327,54,0,3.896275,3.788792,1448,7.5468
15328,0,60,2.799888,3.166950,1429,7.5748
15329,60,38,2.513240,2.565831,1425,7.5246
15330,38,2,2.788702,3.320263,1442,7.5826
15331,2,12,2.886244,2.964223,1418,7.5574
15332,12,35,2.686440,2.895523,1401,7.5447
15333,35,53,4.272334,4.464023,1443,7.6324
15334,53,0,4.064704,3.697071,1459,7.6091
15335,0,25,2.322291,2.266881,1441,7.5832
15336,25,29,3.010391,3.675503,1435,7.6146
15337,29,11,2.552886,2.714186,1464,7.6110
15338,11,42,2.253071,2.278647,1237,6.7995
15339,42,54,5.027603,4.780821,1435,7.5355
15340,54,0,3.886172,3.634265,1473,7.5742
15341,0,25,2.302976,2.104137,1451,7.5803
15342,25,36,2.541475,2.547655,1445,7.6052
15343,36,21,3.635610,3.740777,1430,7.5569
15344,21,48,2.607352,2.657862,1313,7.1306
15345,48,51,2.370653,2.595139,1383,7.3556
15346,51,16,2.559096,2.279434,1461,7.5938
15347,16,21,5.129047,5.722306,1455,7.5934
15348,21,48,2.723213,2.500518,1444,7.5816
15349,48,51,2.160415,2.536156,1455,7.6230
15350,51,51,0.912538,0.510171,1416,7.5212
15351,51,51,0.754537,0.424520,1437,7.5529
15352,51,16,2.515552,2.474155,1429,7.5250
15353,16,23,3.210942,3.739449,1452,7.5579
15354,23,18,4.068947,4.165483,1472,7.6685
15355,18,12,4.654276,5.459832,1411,7.5669
15356,12,35,2.515788,2.816829,1375,7.3205
15357,35,0,3.021845,2.935746,1448,7.6190
15358,0,21,3.500675,3.543629,1459,7.5738
15359,21,9,3.910538,4.468683,1425,7.5683
15360,9,44,3.181895,3.038096,1441,7.6158
15361,44,36,5.129998,4.871982,1344,7.1236
15362,36,29,2.746132,3.121294,1428,7.5726
15363,29,11,2.511191,2.599903,1449,7.6084
15364,11,45,2.730352,2.704496,1435,7.5920
15365,45,63,2.959335,3.060826,1442,7.6710
15366,63,18,2.709965,2.923267,1361,7.2233
15367,18,38,2.890406,3.896517,1411,7.5893
15368,38,2,2.568552,3.226706,1442,7.5914
15369,2,45,4.150266,4.249671,1442,7.5806
15370,45,63,2.854242,2.884491,1383,7.5277
15371,63,18,2.753182,2.887323,1431,7.5756
15372,18,12,4.300332,5.256148,1393,7.4859
15373,12,35,2.469344,2.752195,1418,7.5779
15374,35,0,2.894584,2.799767,1415,7.5545
15375,0,25,2.353490,2.180153,1448,7.5691
15376,25,2,3.496565,3.533341,1443,7.6024
15377,2,12,2.779703,2.883857,1327,7.1567
15378,12,35,2.407760,2.716004,1441,7.5703
15379,35,0,2.759710,2.677387,1366,7.3944
15380,0,25,2.159335,2.145779,1472,7.5812
15381,25,36,2.537964,2.658983,1450,7.5953
15382,36,29,2.548371,3.019489,1365,7.3897
15383,29,23,2.396907,2.504416,1449,7.5853
15384,23,29,2.024321,1.979020,1366,7.3660
15385,29,11,2.479402,2.574212,1440,7.5948
15386,11,45,2.790650,2.708472,1397,7.4730
15387,45,30,2.774188,2.517170,1383,7.4496
15388,30,46,2.950771,3.108526,1317,7.0909
15389,46,47,2.449434,2.651367,1310,7.0833
15390,47,22,3.157303,2.813348,1409,7.5527
15391,22,47,2.777538,2.237069,1419,7.4738
15392,47,56,2.330490,3.040584,1457,7.5917
15393,56,1,2.381351,2.857499,1457,7.6159
15394,1,47,2.595454,2.158607,1432,7.5788
15395,47,51,3.426582,3.538244,1461,7.5670
15396,51,16,2.187355,2.273628,1446,7.5315
15397,16,53,4.770139,5.266111,1442,7.5738
15398,53,11,4.622376,4.302867,1342,7.2836
15399,11,42,2.337846,2.401027,1369,7.2745
15400,42,54,4.473368,4.552164,1474,7.6150
15401,54,25,2.205368,2.234419,1486,7.5668
15402,25,29,3.117008,3.765365,1469,7.6252
15403,29,48,3.023710,2.977890,1445,7.5860
15404,48,51,2.053259,2.440777,1423,7.5517
15405,51,16,2.375814,2.209985,1450,7.5599
15406,16,53,4.384755,5.153268,1426,7.5440
15407,53,17,1.977731,1.857911,1432,7.5301
15408,17,2,4.058502,4.151529,1408,7.4654
15409,2,54,3.409636,3.396819,1261,6.9827
15410,54,25,2.197877,2.126458,1449,7.5382
15411,25,36,2.533518,2.638262,1464,7.6266
15412,36,21,3.520447,3.703902,1414,7.5212
15413,21,48,2.505000,2.508167,1423,7.5204
15414,48,25,4.023427,4.851150,1425,7.5813
15415,25,29,2.882420,3.591369,1445,7.6207
15416,29,48,2.717147,2.862690,1456,7.6253
15417,48,6,4.371092,4.312157,1448,7.5802
15418,6,32,2.406044,2.584365,1464,7.6438
15419,32,9,2.395367,2.677153,1405,7.5255
15420,9,3,3.126433,3.240477,1448,7.5917
15421,3,41,2.737630,3.178097,1372,7.3684
15422,41,36,5.930744,5.810285,1410,7.4386
15423,36,29,2.377919,2.862444,1426,7.5765
15424,29,11,2.446965,2.698516,1415,7.4845
15425,11,45,2.556671,2.644280,1409,7.4773
15426,45,30,2.630435,2.459374,1435,7.6240
15427,30,46,3.010791,3.056223,1357,7.3470
15428,46,47,2.390775,2.643810,1190,6.5548
15429,47,22,2.860915,2.750697,1315,7.0871
15430,22,20,4.639600,5.018301,1461,7.6218
15431,20,10,1.545040,1.669269,1447,7.6073
15432,10,11,7.123834,7.467286,1305,6.9626
15433,11,45,2.404627,2.469457,1398,7.4230
15434,45,30,2.623785,2.409246,1449,7.6671
15435,30,27,6.378829,7.109588,1380,7.4779
15436,27,20,4.515201,4.483376,1449,7.6218
15437,20,3,3.894128,4.106233,1390,7.4354
15438,3,41,2.661154,3.067308,1440,7.5685
15439,41,36,5.679930,5.651414,1419,7.5095
15440,36,21,3.414472,3.362251,1451,7.6183
15441,21,9,3.978878,4.439663,1361,7.4214
15442,9,3,2.941507,3.152274,1436,7.5986
15443,3,39,3.754577,3.771740,1443,7.5605
15444,39,44,3.681085,3.248270,1425,7.5603
15445,44,35,5.978045,6.163496,1448,7.5952
15446,35,0,2.504803,2.523494,1449,7.6008
15447,0,21,3.200542,3.476531,1435,7.5555
15448,21,48,2.580506,2.506120,1441,7.5913
15449,48,25,3.728181,4.726051,1442,7.6188
15450,25,29,2.472166,3.278530,1440,7.6108
15451,29,23,2.575896,2.742772,1443,7.6071
15452,23,18,3.647403,4.005936,1426,7.5471
15453,18,38,2.738640,3.873459,1410,7.5254
15454,38,2,2.622054,3.189487,1381,7.4054
15455,2,12,2.821211,2.834099,1407,7.4865
15456,12,43,4.303158,5.028792,1477,7.6398
15457,43,11,5.295816,4.950455,1369,7.4778
15458,11,42,2.351518,2.395053,1458,7.6188
15459,42,54,4.628913,4.426926,1412,7.4414
15460,54,25,2.217480,2.177467,1460,7.5837
15461,25,29,2.450707,3.204659,1430,7.5838
15462,29,11,2.759410,2.949839,1426,7.5618
15463,11,42,2.406724,2.322837,1304,7.0176
15464,42,54,4.488151,4.344493,1393,7.4668
15465,54,25,2.072030,2.062718,1465,7.5617
15466,25,2,3.427561,3.560047,1472,7.6554
15467,2,12,2.527944,2.714600,1363,7.3317
15468,12,35,2.581717,2.870668,1398,7.3528
15469,35,0,2.501833,2.424526,1393,7.4118
15470,0,60,3.119448,3.450958,1431,7.5444
15471,60,38,2.700186,2.652181,1326,7.0352
15472,38,2,2.458519,3.064030,1333,7.1335
15473,2,45,4.344949,4.351590,1452,7.6126
15474,45,30,2.446430,2.262327,1434,7.6042
15475,30,46,3.265531,3.085328,1432,7.6431
15476,46,1,3.370186,4.097317,1223,6.7004
15477,1,32,2.642300,3.382382,1343,7.2111
15478,32,61,3.325149,3.573510,1381,7.3606
15479,61,33,2.849362,2.855056,1409,7.5343
15480,33,11,6.364780,6.556736,1305,6.9788
15481,11,45,2.446947,2.516918,1421,7.5073
15482,45,30,2.306586,2.224395,1442,7.6610
15483,30,46,3.000719,2.992110,1452,7.6682
15484,46,47,2.939653,2.737273,1377,7.3207
15485,47,51,3.573984,3.597428,1407,7.4099
15486,51,16,2.103590,2.026067,1457,7.5666
15487,16,53,4.292656,4.986193,1463,7.6143
15488,53,11,4.622247,4.196402,1435,7.5690
15489,11,24,4.772451,4.790457,1344,7.2328
15490,24,54,3.720780,3.522618,1381,7.4002
15491,54,0,3.627051,3.819727,1427,7.5151
15492,0,21,3.481556,3.456818,1472,7.6120
15493,21,9,3.620327,4.451644,1412,7.4896
15494,9,3,2.886556,3.012816,1273,6.8567
15495,3,41,2.497489,3.042845,1360,7.2403
15496,41,6,2.892416,3.027083,1452,7.5653
15497,6,56,2.546756,2.797532,1448,7.6240
15498,56,1,2.553349,2.855005,1457,7.5935
15499,1,47,2.526173,2.022536,1477,7.6155
15500,47,51,3.399978,3.520469,1444,7.5517
15501,51,16,1.884180,1.967126,1439,7.5493
15502,16,53,4.042612,4.856831,1413,7.5094
15503,53,11,4.319836,4.010426,1414,7.5595
15504,11,42,2.326358,2.287717,1402,7.4976
15505,42,54,4.139589,4.150078,1447,7.6192
15506,54,25,2.143227,2.063986,1437,7.5339
15507,25,36,2.999133,2.946310,1450,7.6236
15508,36,29,2.290260,2.767641,1344,7.2739
15509,29,11,2.766725,3.045360,1423,7.5501
15510,11,45,2.674631,2.493978,1465,7.6065
15511,45,30,2.139750,2.186016,1451,7.6530
15512,30,31,3.557394,3.861860,1364,7.3396
15513,31,12,3.393985,3.472974,1329,7.2692
15514,12,20,3.265112,3.178757,1417,7.5417
15515,20,3,3.510747,4.086839,1373,7.3514
15516,3,41,2.435839,2.934132,1446,7.5720
15517,41,36,5.786018,5.647956,1417,7.5533
15518,36,29,2.087624,2.736740,1410,7.5701
15519,29,11,2.945462,2.945900,1359,7.3217
15520,11,42,2.291617,2.272788,1384,7.3699
15521,42,54,3.991159,4.049308,1455,7.6203
15522,54,25,2.033325,2.010573,1418,7.4950
15523,25,29,2.453349,3.167804,1451,7.6056
15524,29,11,2.526238,2.861003,1439,7.6085
15525,11,42,2.190262,2.200139,1384,7.3533
15526,42,45,2.390112,2.125843,1439,7.5960
15527,45,30,2.230474,2.157854,1418,7.6156
15528,30,46,3.091482,3.018779,1389,7.5137
15529,46,1,3.493107,4.136832,1372,7.3345
15530,1,47,2.316875,1.878531,1434,7.5487
15531,47,56,2.518290,3.212006,1454,7.5828
15532,56,34,3.655954,3.801920,1400,7.4475
15533,34,7,4.109664,4.539784,1462,7.6576
15534,7,16,4.513473,4.815724,1368,7.2922
15535,16,53,3.823201,4.468284,1437,7.5623
15536,53,17,2.134121,1.981573,1454,7.6066
15537,17,2,3.796119,4.060762,1425,7.5614
15538,2,54,3.726742,3.692036,1272,6.9127
15539,54,25,2.140135,1.901502,1440,7.5597
15540,25,2,3.224913,3.442354,1467,7.6205
15541,2,12,2.693225,2.749792,1433,7.5971
15542,12,35,2.515013,2.830108,1433,7.5906
15543,35,8,2.874024,2.903376,1351,7.1997
15544,8,56,3.250421,3.874726,1333,7.2170
15545,56,34,3.223576,3.629572,1436,7.5714
15546,34,35,4.885524,5.261278,1451,7.6415
15547,35,0,2.424217,2.381802,1443,7.6337
15548,0,60,3.033560,3.390111,1338,7.1102
15549,60,38,2.635977,2.659984,1409,7.4692
15550,38,54,4.092467,4.948636,1415,7.5499
15551,54,25,1.972695,1.837551,1411,7.3898
15552,25,36,3.000186,3.166507,1467,7.6229
15553,36,34,3.330329,3.447841,1418,7.4151
15554,34,40,2.036554,2.325316,1366,7.4782
15555,40,21,5.095668,5.934957,1318,7.2193
15556,21,48,2.576835,2.596442,1432,7.5447
15557,48,51,2.317298,2.711813,1404,7.5266
15558,51,51,0.876412,0.539971,1383,7.3270
15559,51,16,2.126279,2.113062,1456,7.5579
15560,16,23,3.357187,3.968192,1438,7.5637
15561,23,29,2.473871,2.478680,1390,7.5265
15562,29,23,2.950807,2.937852,1423,7.5800
15563,23,29,2.228471,2.293322,1451,7.6485
15564,29,11,2.531761,2.729296,1437,7.5795
15565,11,42,2.270880,2.193384,1355,7.2291
15566,42,54,3.983045,4.115385,1297,7.0372
15567,54,0,3.900171,3.898436,1361,7.3326
15568,0,21,3.327244,3.425027,1460,7.5879
15569,21,9,3.714219,4.314731,1440,7.5574
15570,9,3,2.708830,2.926704,1453,7.5959
15571,3,39,3.955903,3.847664,1467,7.5857
15572,39,44,3.609773,3.118214,1314,7.1370
15573,44,35,5.879921,6.024885,1468,7.5873
15574,35,53,4.429992,4.557346,1429,7.5848
15575,53,17,2.202775,1.906226,1438,7.6098
15576,17,2,3.942073,3.957809,1429,7.5677
15577,2,45,4.551879,4.327546,1340,7.3306
15578,45,63,3.266593,3.338711,1319,7.1018
15579,63,6,5.286956,5.565209,1378,7.3430
15580,6,56,2.280346,2.671702,1449,7.6437
15581,56,1,2.457216,2.902267,1442,7.5848
15582,1,47,2.435784,1.831606,1433,7.5725
15583,47,22,3.222704,2.785783,1451,7.5894
15584,22,47,2.254847,1.991218,1435,7.6026
15585,47,22,3.000995,2.596243,1445,7.5754
15586,22,35,4.900322,5.122794,1439,7.6104
15587,35,8,2.631389,2.656999,1329,7.1586
15588,8,52,4.926376,5.039660,1337,7.1606
15589,52,21,5.038796,5.022940,1448,7.6008
15590,21,47,3.974390,4.268734,1382,7.4132
15591,47,51,3.160490,3.507493,1450,7.5865
15592,51,29,3.848251,4.555725,1446,7.5756
15593,29,11,2.478781,2.586042,1328,7.2131
15594,11,45,2.719176,2.609322,1355,7.1147
15595,45,63,3.161934,3.238317,1434,7.6233
15596,63,6,5.201592,5.504050,1385,7.3912
15597,6,56,2.213460,2.586885,1368,7.3360
15598,56,34,3.214431,3.580697,1406,7.5045
15599,34,35,4.612051,5.049889,1446,7.6129
15600,35,0,2.444961,2.362482,1316,7.1549
15601,0,21,3.449263,3.399044,1349,7.1315
15602,21,48,2.430887,2.690770,1419,7.5152
15603,48,51,2.461998,2.656979,1443,7.6070
15604,51,51,0.865557,0.474579,1423,7.5323
15605,51,29,4.017176,4.483008,1439,7.5352
15606,29,11,2.268983,2.463067,1418,7.5778
15607,11,42,2.220177,2.232324,1397,7.4185
15608,42,0,4.728531,5.180318,1358,7.2138
15609,0,25,2.625545,2.452433,1433,7.6015
15610,25,36,2.999925,3.031173,1432,7.5881
15611,36,29,2.348051,2.836537,1420,7.5671
15612,29,23,2.875173,2.893983,1445,7.5898
15613,23,29,2.541339,2.223171,1448,7.6220
15614,29,11,2.270541,2.420033,1458,7.6174
15615,11,42,2.058061,2.204035,1379,7.3775
15616,42,0,4.752653,5.047941,1284,6.7852
15617,0,21,3.142100,3.176637,1453,7.5894
15618,21,48,2.573702,2.719081,1443,7.5557
15619,48,25,4.397583,4.834613,1420,7.5616
15620,25,36,2.797845,2.807341,1453,7.6061
15621,36,34,3.481910,3.609634,1438,7.5835
15622,34,40,2.216793,2.313495,1431,7.5772
15623,40,57,2.427133,2.662304,1381,7.4606
15624,57,52,2.721221,3.128965,1289,7.1395
15625,52,21,5.461232,5.129978,1320,7.1295
15626,21,48,2.467750,2.584433,1423,7.5530
15627,48,6,3.761846,4.017549,1309,7.1580
15628,6,32,2.743964,2.851997,1441,7.6318
15629,32,9,2.450993,2.866139,1443,7.6087
15630,9,3,2.737059,2.800107,1450,7.5977
15631,3,39,3.887250,3.759624,1451,7.5511
15632,39,59,2.888819,3.290772,1295,6.9047
15633,59,10,3.666473,3.851326,1355,7.3678
15634,10,21,6.081358,6.233505,1396,7.4440
15635,21,47,4.242786,4.165900,1396,7.4357
15636,47,56,2.462953,3.209649,1447,7.5969
15637,56,34,3.075741,3.533055,1455,7.5975
15638,34,7,3.960279,4.571917,1457,7.6306
15639,7,31,2.921534,2.886172,1437,7.6294
15640,31,54,4.358141,4.158055,1434,7.5935
15641,54,0,3.713341,3.610957,1246,6.7902
15642,0,21,3.333789,3.215786,1449,7.5914
15643,21,47,3.890358,4.072444,1391,7.4629
15644,47,22,2.699050,2.433070,1448,7.5669
15645,22,47,2.259207,1.894309,1372,7.3120
15646,47,56,2.363745,3.105395,1441,7.5630
15647,56,34,3.034033,3.437086,1453,7.5666
15648,34,7,3.717278,4.447043,1424,7.6068
15649,7,31,2.875938,2.821333,1392,7.4499
15650,31,54,4.254350,4.026422,1389,7.3948
15651,54,25,2.020180,1.928006,1342,7.1523
15652,25,29,2.633765,3.385000,1431,7.5766
15653,29,23,2.737556,2.734932,1343,7.2769
15654,23,29,2.251511,2.116377,1417,7.5691
15655,29,11,2.153028,2.397853,1446,7.6131
15656,11,45,2.774758,2.753386,1445,7.5806
15657,45,30,2.328056,2.312280,1401,7.3891
15658,30,46,2.799095,2.885764,1426,7.6029
15659,46,47,3.048943,2.969911,1408,7.4534
15660,47,56,2.050551,2.996445,1428,7.5434
15661,56,6,3.319272,3.421588,1445,7.5752
15662,6,32,2.511110,2.731645,1438,7.6067
15663,32,27,3.796496,3.874708,1409,7.5883
15664,27,2,5.377820,5.547594,1394,7.4365
15665,2,54,3.680449,3.542764,1215,6.6349
15666,54,25,2.008757,1.833593,1436,7.5852
15667,25,36,2.586060,2.802600,1428,7.5687
15668,36,34,3.582674,3.703213,1447,7.6163
15669,34,35,4.415620,4.909874,1443,7.6672
15670,35,53,4.289165,4.334869,1377,7.4206
15671,53,11,4.538731,4.075339,1456,7.6058
15672,11,42,2.195923,2.209227,1450,7.6018
15673,42,54,4.140045,4.231941,1477,7.6285
15674,54,0,3.694393,3.498380,1383,7.4375
15675,0,21,3.117529,3.122934,1442,7.5604
15676,21,47,3.766688,3.981344,1411,7.4638
15677,47,56,1.958167,2.856800,1457,7.5788
15678,56,34,2.924857,3.501758,1433,7.5711
15679,34,35,4.121825,4.770461,1433,7.5709
15680,35,53,3.898868,4.189017,1327,7.3259
15681,53,11,4.430750,4.014976,1434,7.5720
15682,11,42,2.100883,2.111288,1357,7.2126
15683,42,0,4.293676,4.807258,1431,7.5769
15684,0,21,2.837001,2.965272,1449,7.5684
15685,21,47,3.630972,3.888454,1386,7.3810
15686,47,56,1.847550,2.744907,1355,7.0982
15687,56,6,3.329659,3.517296,1482,7.6312
15688,6,56,2.200184,2.523396,1411,7.4996
15689,56,34,3.014198,3.484429,1468,7.5795
15690,34,7,3.612372,4.399129,1440,7.6257
15691,7,31,2.784602,2.766295,1364,7.4442
15692,31,12,3.470276,3.522392,1405,7.4315
15693,12,35,2.892529,3.208229,1252,6.9726
15694,35,0,3.039338,2.721921,1350,7.2801
15695,0,25,2.333569,2.301195,1430,7.5914
15696,25,2,3.271677,3.584652,1442,7.6024
15697,2,45,4.399202,4.220214,1323,7.1826
15698,45,62,4.549573,4.995955,1427,7.5934
15699,62,60,3.784095,4.039732,1198,6.6801
15700,60,38,2.465405,2.529703,1274,6.9230
15701,38,2,2.551867,3.221395,1457,7.5732
15702,2,12,2.659883,2.826606,1451,7.5998
15703,12,35,2.839728,3.143686,1422,7.5768
15704,35,53,3.927931,4.162329,1361,7.2880
15705,53,11,4.056996,3.934356,1454,7.6124
15706,11,45,2.671306,2.705972,1394,7.3120
15707,45,30,2.135764,2.339534,1443,7.6875
15708,30,46,2.728645,2.795471,1415,7.5750
15709,46,46,0.955255,0.632500,1395,7.3827
15710,46,47,3.071366,3.089520,1404,7.4679
15711,47,56,1.779559,2.731450,1348,7.1883
15712,56,34,2.647892,3.378118,1399,7.4149
15713,34,7,3.371411,4.322082,1457,7.6470
15714,7,31,2.700072,2.719983,1443,7.5934
15715,31,12,3.562335,3.462180,1416,7.5796
15716,12,35,2.781690,2.990163,1445,7.6061
15717,35,8,2.871446,2.713386,1424,7.6034
15718,8,41,2.039031,2.230185,1404,7.5560
15719,41,6,2.832496,3.096988,1427,7.5660
15720,6,56,2.185916,2.487149,1405,7.5278
15721,56,6,3.167403,3.291984,1434,7.5767
15722,6,56,2.034351,2.303598,1365,7.2966
15723,56,6,3.023279,3.066824,1353,7.2801
15724,6,32,2.625484,2.734455,1446,7.5832
15725,32,9,2.641101,2.899974,1435,7.5842
15726,9,15,2.931762,2.574103,1456,7.6055
15727,15,19,4.242538,4.637209,1406,7.4619
15728,19,24,3.146758,3.108263,1458,7.7002
15729,24,54,3.487917,3.496800,1411,7.4553
15730,54,25,1.983592,1.836592,1408,7.4794
15731,25,2,3.158484,3.461644,1432,7.5918
15732,2,12,2.737663,2.773208,1411,7.5211
15733,12,20,3.203960,3.277231,1409,7.4126
15734,20,3,3.481026,3.969640,1273,6.9254
15735,3,41,2.428355,3.053493,1443,7.5779
15736,41,30,6.252510,6.284044,1441,7.5389
15737,30,31,4.228541,4.019597,1453,7.6843
15738,31,12,3.756721,3.316279,1443,7.6484
15739,12,35,2.732482,2.918504,1454,7.6565
15740,35,8,2.933654,2.641629,1343,7.2004
15741,8,52,4.823034,4.986091,1435,7.6077
15742,52,22,4.735446,4.552424,1442,7.6257
15743,22,47,2.182817,2.025678,1442,7.5825
15744,47,51,3.251277,3.437870,1450,7.5995
15745,51,51,0.981065,0.492976,1430,7.5520
15746,51,16,2.243522,2.302705,1463,7.5755
15747,16,53,3.661628,4.540397,1456,7.5803
15748,53,17,2.343239,2.024770,1458,7.6145
15749,17,2,3.654195,3.791955,1374,7.3826
15750,2,12,2.515758,2.731117,1397,7.5315
15751,12,35,2.574916,2.857625,1338,7.1665
15752,35,8,2.649280,2.568009,1442,7.6126
15753,8,52,4.897715,4.950111,1389,7.5111
15754,52,52,1.419763,1.005286,1347,7.2782
15755,52,21,5.141819,5.066949,1437,7.5703
15756,21,9,3.777985,4.598514,1462,7.6113
15757,9,15,2.649668,2.469904,1451,7.6360
15758,15,39,3.843335,4.029319,1451,7.6137
15759,39,15,3.593079,3.310553,1187,6.4962
15760,15,19,4.282275,4.580001,1469,7.6140
15761,19,24,3.027969,3.046548,1468,7.7042
15762,24,54,3.600677,3.431115,1441,7.5269
15763,54,0,3.612900,3.514550,1472,7.6093
15764,0,60,3.401315,3.594808,1454,7.5810
15765,60,38,2.530821,2.547442,1445,7.5597
15766,38,2,2.653965,3.160437,1444,7.5588
15767,2,45,4.381687,4.163888,1441,7.6173
15768,45,30,2.475634,2.384949,1447,7.6397
15769,30,31,3.912812,3.944855,1456,7.7230
15770,31,12,3.398598,3.194767,1350,7.3209
15771,12,20,3.210281,3.276891,1424,7.5166
15772,20,10,1.726494,1.835580,1430,7.6098
15773,10,2,5.590336,5.587111,1455,7.6499
15774,2,45,3.956725,3.954488,1473,7.6008
15775,45,30,2.443861,2.286851,1459,7.6493
15776,30,46,2.711674,2.742979,1357,7.3033
15777,46,47,3.098246,3.034717,1403,7.5425
15778,47,22,2.803536,2.721424,1438,7.5978
15779,22,35,4.518362,5.131842,1437,7.5605
15780,35,8,2.485866,2.409379,1434,7.6308
15781,8,41,2.079487,2.472214,1415,7.5124
15782,41,36,5.993418,5.579316,1478,7.6269
15783,36,34,3.432669,3.477307,1423,7.5422
15784,34,35,4.700263,4.924654,1347,7.2096
15785,35,8,2.428420,2.277107,1365,7.2851
15786,8,41,2.315544,2.470448,1449,7.6163
15787,41,6,2.824781,3.055248,1377,7.3478
15788,6,32,2.741972,2.626853,1450,7.5998
15789,32,9,2.669935,2.869782,1471,7.6663
15790,9,15,2.688582,2.386705,1439,7.5816
15791,15,49,2.098983,2.428500,1382,7.3796
15792,49,50,3.646875,3.782249,1411,7.5068
15793,50,53,5.272398,4.882961,1443,7.6423
15794,53,11,3.856543,3.697464,1321,7.0395
15795,11,45,2.588171,2.670178,1352,7.4186
15796,45,30,2.256237,2.256736,1385,7.3947
15797,30,31,3.899045,3.992908,1449,7.7031
15798,31,30,3.719890,3.289590,1453,7.6389
15799,30,46,2.780126,2.656620,1397,7.5784
15800,46,47,2.599189,2.983542,1438,7.5900
15801,47,22,2.736156,2.696482,1422,7.5234
15802,22,47,2.163853,1.950616,1450,7.6096
15803,47,22,2.713701,2.525939,1405,7.4577
15804,22,35,4.497676,5.044659,1430,7.5532
15805,35,53,4.038639,4.275801,1457,7.6168
15806,53,11,3.697951,3.629971,1443,7.6071
15807,11,24,5.126343,5.222141,1439,7.6025
15808,24,0,5.036433,5.074404,1442,7.5660
15809,0,25,2.290968,2.115986,1438,7.5737
15810,25,36,3.038452,3.003494,1435,7.6048
15811,36,34,3.256508,3.465315,1396,7.4239
15812,34,7,3.267292,4.071184,1433,7.6170
15813,7,22,4.352139,4.751666,1404,7.4967
15814,22,47,1.948621,1.829084,1260,6.7143
15815,47,51,3.455481,3.513477,1453,7.6036
15816,51,29,3.511734,4.384985,1428,7.5641
15817,29,48,3.145245,2.904241,1444,7.6215
15818,48,25,4.235548,4.649469,1440,7.6073
15819,25,36,2.724570,2.795105,1427,7.5853
15820,36,34,3.328078,3.473556,1423,7.5747
15821,34,35,4.256420,4.689092,1447,7.6308
15822,35,0,3.138740,3.002189,1408,7.5223
15823,0,25,2.223839,2.105932,1452,7.5592
15824,25,36,2.668879,2.706708,1451,7.6104
15825,36,29,2.581095,3.088870,1439,7.6121
15826,29,23,2.597491,2.601098,1465,7.6299
15827,23,29,2.372432,2.094541,1346,7.2093
15828,29,11,2.536913,2.746777,1459,7.6512
15829,11,45,2.596056,2.655362,1459,7.6002
15830,45,63,3.141379,3.469923,1365,7.2917
15831,63,6,5.104005,5.295702,1187,6.6731
15832,6,56,2.001676,2.338743,1215,6.6254
15833,56,34,3.150535,3.452829,1325,7.1689
15834,34,40,2.551624,2.844397,1441,7.6325
15835,40,57,2.192193,2.443187,1455,7.6541
15836,57,59,4.708863,4.819751,1412,7.5513
15837,59,26,2.965374,3.112608,1201,6.6191
15838,26,43,3.514038,3.418775,1401,7.4722
15839,43,51,4.558168,4.461680,1352,7.4238
15840,51,16,2.291970,2.134516,1425,7.5749
15841,16,53,3.851888,4.514041,1441,7.5984
15842,53,11,3.766230,3.493682,1451,7.6052
15843,11,45,2.546598,2.537367,1444,7.5940
15844,45,63,3.092953,3.387955,1403,7.5099
15845,63,18,2.694420,2.807005,1173,6.5505
15846,18,12,4.743380,5.286349,1426,7.6185
15847,12,43,4.790391,4.961007,1362,7.3685
15848,43,51,4.396150,4.348162,1399,7.5593
15849,51,16,2.068845,1.998737,1445,7.5772
15850,16,53,3.524070,4.383068,1469,7.5898
15851,53,17,2.488059,2.075692,1427,7.5882
15852,17,2,3.739068,3.718211,1460,7.5889
15853,2,45,3.946130,3.900904,1468,7.6575
15854,45,30,2.491418,2.457439,1361,7.3003
15855,30,46,2.694502,2.569860,1360,7.3990
15856,46,47,2.935326,3.055090,1406,7.4498
15857,47,56,2.342437,3.245828,1359,7.2512
15858,56,6,2.704706,2.763592,1449,7.5982
15859,6,56,2.033510,2.205874,1249,6.8788
15860,56,1,3.338140,3.696738,1459,7.6083
15861,1,32,3.013852,3.422774,1441,7.5760
15862,32,9,2.455279,2.802884,1429,7.6083
15863,9,3,2.809643,2.879356,1442,7.6052
15864,3,41,2.489515,3.031679,1452,7.5849
15865,41,6,2.686511,3.042701,1384,7.2779
15866,6,56,1.867781,2.153693,1441,7.5954
15867,56,1,2.944304,3.594023,1448,7.5939
15868,1,32,2.829287,3.298168,1450,7.5687
15869,32,9,2.410352,2.741580,1430,7.5757
15870,9,44,3.522325,3.248885,1456,7.5997
15871,44,35,5.903119,5.828087,1294,7.1675
15872,35,8,2.280769,2.188384,1384,7.4127
15873,8,41,2.024797,2.424315,1362,7.3968
15874,41,6,2.520674,2.956859,1434,7.5590
15875,6,56,1.828834,2.120454,1420,7.5283
15876,56,34,3.040867,3.528376,1459,7.5890
15877,34,35,4.001005,4.541739,1424,7.6042
15878,35,8,2.271852,2.102187,1430,7.6087
15879,8,41,1.936752,2.417233,1391,7.4864
15880,41,6,2.442961,2.871892,1404,7.4875
15881,6,56,1.897583,2.086271,1453,7.5797
15882,56,6,2.374203,2.398547,1430,7.5826
15883,6,56,1.774327,1.951997,1448,7.5908
15884,56,34,3.150743,3.499161,1454,7.5855
15885,34,7,3.244985,4.178984,1462,7.6400
15886,7,16,4.557763,4.863191,1423,7.5646
15887,16,21,5.275128,6.007772,1447,7.5767
15888,21,9,3.791143,4.513209,1313,7.0493
15889,9,3,2.689555,2.821396,1449,7.5835
15890,3,41,2.488487,3.003717,1466,7.5907
15891,41,6,2.242657,2.757916,1405,7.4341
15892,6,32,2.683615,2.937989,1436,7.5706
15893,32,9,2.563803,2.789282,1424,7.5730
15894,9,15,2.780716,2.455858,1449,7.5973
15895,15,39,3.748906,3.931989,1445,7.5859
15896,39,15,3.313309,3.111553,1433,7.5907
15897,15,19,4.387168,4.562448,1440,7.5799
15898,19,38,5.713418,5.569047,1333,7.3403
15899,38,50,3.319736,2.906412,1214,6.6027
15900,50,54,3.423105,4.314762,1360,7.3408
15901,54,25,2.102062,1.955022,1411,7.5105
15902,25,36,2.480485,2.617355,1467,7.6369
15903,36,29,2.590751,3.031205,1447,7.6368
15904,29,11,2.456771,2.733584,1373,7.4471
15905,11,42,2.538864,2.517088,1415,7.4616
15906,42,0,4.306138,4.523667,1422,7.5471
15907,0,25,2.185946,2.018110,1467,7.5763
15908,25,36,2.400067,2.561629,1448,7.6082
15909,36,29,2.500030,2.938697,1401,7.4540
15910,29,11,2.429864,2.653854,1432,7.6013
15911,11,42,2.493413,2.439732,1445,7.5733
15912,42,45,2.524484,2.305154,1463,7.6508
15913,45,63,3.019718,3.295280,1454,7.6390
15914,63,6,5.486407,5.685822,1414,7.5105
15915,6,32,2.574421,2.754902,1222,6.7120
15916,32,61,3.830795,3.821206,1423,7.4964
15917,61,2,5.889521,5.904843,1259,6.8891
15918,2,12,2.528571,2.764170,1469,7.6365
15919,12,35,3.196790,3.320363,1289,6.9372
15920,35,8,2.134708,2.045561,1332,7.1827
15921,8,56,3.518940,4.378705,1280,7.0559
15922,56,6,2.158076,2.295955,1427,7.5362
15923,6,56,1.722520,1.976030,1445,7.5833
15924,56,34,2.973318,3.303044,1447,7.5908
15925,34,40,2.667125,2.985330,1451,7.6562
15926,40,57,2.118720,2.398415,1408,7.5865
15927,57,59,4.523818,4.698454,1437,7.6451
15928,59,15,4.891573,4.614318,1439,7.6011
15929,15,19,3.994116,4.247386,1444,7.5544
15930,19,51,5.095653,4.794843,1300,7.1373
15931,51,51,1.297226,0.675108,1456,7.5942
15932,51,29,3.890039,4.293124,1452,7.5495
15933,29,23,2.811686,2.703275,1441,7.6780
15934,23,29,2.293539,2.063667,1457,7.6549
15935,29,23,2.617388,2.507468,1435,7.6311
15936,23,29,2.019128,1.904180,1386,7.4461
15937,29,23,2.378187,2.332654,1471,7.6602
15938,23,29,1.825413,1.767303,1435,7.5995
15939,29,23,2.233486,2.170111,1442,7.6125
15940,23,29,1.774920,1.651296,1393,7.4241
15941,29,23,2.009725,2.012311,1453,7.6426
15942,23,18,4.184695,4.593590,1376,7.4080
15943,18,12,4.433251,5.090738,1277,7.0128
15944,12,35,3.198050,3.247948,1423,7.5745
15945,35,0,3.433051,2.979295,1412,7.5976
15946,0,21,3.339182,3.204746,1429,7.5487
15947,21,9,3.653377,4.501292,1412,7.4456
15948,9,3,2.696525,2.775662,1416,7.5496
15949,3,41,2.594052,2.946132,1429,7.4671
15950,41,36,6.262883,6.035859,1440,7.5631
15951,36,29,2.319178,3.001023,1427,7.6153
15952,29,11,2.504792,2.876754,1335,7.2289
15953,11,45,2.550967,2.629535,1452,7.5766
15954,45,30,2.463430,2.456949,1448,7.6546
15955,30,46,2.606004,2.502551,1432,7.6194
15956,46,47,2.923926,3.046973,1348,7.2612
15957,47,56,2.434806,3.419411,1385,7.3933
15958,56,34,2.906806,3.132664,1357,7.1749
15959,34,40,2.643067,2.946906,1448,7.6683
15960,40,57,2.046023,2.406011,1402,7.5778
15961,57,59,4.406664,4.599145,1377,7.4982
15962,59,15,4.839046,4.439226,1215,6.6960
15963,15,19,3.673099,3.956372,1453,7.6185
15964,19,24,3.233813,3.194632,1389,7.4236
15965,24,54,3.289769,3.322229,1337,7.1751
15966,54,25,2.169128,1.954608,1329,7.2103
15967,25,2,3.548677,3.813634,1321,7.0753
15968,2,12,2.434361,2.665536,1435,7.6019
15969,12,20,3.028019,3.173907,1446,7.6216
15970,20,3,3.889114,3.994545,1359,7.3663
15971,3,39,3.642213,3.651061,1473,7.6073
15972,39,59,3.021030,3.365236,1439,7.5974
15973,59,10,3.433643,3.830293,1454,7.6173
15974,10,2,5.206951,5.310107,1406,7.5126
15975,2,12,2.244269,2.522227,1432,7.5750
15976,12,35,3.065794,3.242040,1407,7.5275
15977,35,0,3.223479,2.856551,1308,7.0450
15978,0,25,2.259221,2.126390,1317,7.1107
15979,25,2,3.582106,3.857504,1454,7.6314
15980,2,12,2.118466,2.425726,1312,7.0557
15981,12,35,3.054978,3.171790,1449,7.6241
15982,35,8,2.110298,2.128383,1354,7.1637
15983,8,41,2.136737,2.534767,1450,7.6545
15984,41,36,6.021099,5.774366,1429,7.5802
15985,36,29,2.309191,2.947442,1413,7.5185
15986,29,11,2.305423,2.722084,1462,7.6765
15987,11,42,2.739592,2.566266,1435,7.5781
15988,42,0,4.463254,4.564231,1292,6.9158
15989,0,60,3.252663,3.654665,1439,7.6165
15990,60,36,2.982540,2.873564,1434,7.5370
15991,36,34,3.477142,3.691381,1400,7.4558
15992,34,40,2.543662,2.770651,1406,7.5057
15993,40,21,4.974668,5.924381,1453,7.6700
15994,21,9,3.395861,4.276559,1363,7.1932
15995,9,15,2.909968,2.599843,1412,7.5936
15996,15,19,3.262355,3.888739,1421,7.4587
15997,19,24,3.097389,3.144703,1438,7.6228
15998,24,54,3.233186,3.269721,1450,7.5699
15999,54,25,1.976960,1.921869,1414,7.3762
16000,25,36,2.811891,2.936818,1440,7.6149
16001,36,34,3.202137,3.703373,1450,7.6188
16002,34,40,2.484253,2.628167,1386,7.4066
16003,40,57,2.109397,2.575920,1437,7.6470
16004,57,52,2.961812,3.326888,1382,7.4927
16005,52,22,4.602102,4.584796,1326,7.2884
16006,22,20,4.320304,5.036605,1454,7.6087
16007,20,10,1.774734,1.842953,1436,7.5932
16008,10,21,5.840728,6.059432,1447,7.6442
16009,21,48,2.741728,2.928961,1359,7.3018
16010,48,51,2.956935,2.938064,1436,7.6038
16011,51,16,2.108577,2.040692,1473,7.6218
16012,16,53,3.558202,4.090685,1457,7.5957
16013,53,17,2.231391,2.042105,1438,7.5979
16014,17,7,3.034926,3.494228,1386,7.4048
16015,7,16,4.333827,4.669313,1436,7.5698
16016,16,23,3.447584,3.728216,1436,7.5823
16017,23,29,1.931102,1.737323,1334,7.2435
16018,29,11,2.277477,2.624780,1448,7.6134
16019,11,24,5.207949,5.377549,1432,7.5528
16020,24,4,2.574332,2.812738,1434,7.5587
16021,4,23,4.464462,4.535023,1360,7.2399
16022,23,0,4.904374,5.470966,1320,7.1570
16023,0,60,3.319129,3.534395,1376,7.2639
16024,60,36,2.809150,2.733837,1447,7.5501
16025,36,21,3.297777,3.536822,1401,7.4572
16026,21,9,3.332945,4.191836,1351,7.2503
16027,9,3,2.630461,2.780138,1311,7.0543
16028,3,10,3.591125,3.295323,1427,7.5083
16029,10,2,5.228664,5.205988,1395,7.4539
16030,2,45,3.783034,3.884516,1399,7.4814
16031,45,30,2.228246,2.361683,1456,7.6757
16032,30,31,3.824082,3.840661,1448,7.6696
16033,31,30,3.357870,3.102382,1402,7.5279
16034,30,46,2.578901,2.426872,1451,7.6820
16035,46,1,4.131942,4.840985,1378,7.3710
16036,1,47,2.607717,2.025447,1374,7.4516
16037,47,56,2.581373,3.263591,1402,7.4477
16038,56,1,3.304070,3.651846,1445,7.6188
16039,1,32,2.905152,3.296727,1435,7.6142
16040,32,9,2.680603,3.018984,1437,7.6161
16041,9,44,3.549797,3.353504,1459,7.6453
16042,44,35,5.871734,5.684653,1404,7.4819
16043,35,53,4.092893,4.230579,1420,7.5166
16044,53,17,2.358950,1.985421,1399,7.5095
16045,17,7,2.957133,3.375500,1410,7.4365
16046,7,31,3.098821,3.067684,1431,7.6012
16047,31,12,3.740167,3.449170,1408,7.3942
16048,12,35,2.963809,3.097764,1440,7.6450
16049,35,0,3.385493,2.944462,1440,7.5938
16050,0,25,2.259353,2.118353,1447,7.5705
16051,25,36,2.654303,2.775731,1453,7.6562
16052,36,29,2.689286,3.118121,1405,7.5397
16053,29,48,3.470156,3.251311,1460,7.6210
16054,48,51,2.861725,2.865016,1454,7.6494
16055,51,29,3.557066,4.013496,1444,7.5760
16056,29,48,3.131168,3.022219,1444,7.5882
16057,48,51,2.726578,2.803729,1364,7.2575
16058,51,16,2.207426,2.140955,1430,7.5794
16059,16,21,4.925625,5.868474,1437,7.5484
16060,21,47,3.839318,3.897315,1427,7.5423
16061,47,56,2.490648,3.093234,1414,7.5474
16062,56,34,2.858067,3.174266,1438,7.5446
16063,34,40,2.143130,2.545312,1455,7.5757
16064,40,25,5.597287,6.376913,1416,7.5657
16065,25,36,2.407890,2.543663,1394,7.3813
16066,36,34,3.579978,3.974789,1429,7.6120
16067,34,7,3.608642,4.384996,1461,7.6449
16068,7,31,3.000086,2.993790,1400,7.4450
16069,31,54,4.348714,4.122737,1442,7.6135
16070,54,0,3.926056,3.687203,1277,7.0117
16071,0,21,3.214350,3.218223,1454,7.5614
16072,21,47,3.772319,3.795855,1450,7.5758
16073,47,51,3.758012,3.633605,1445,7.5353
16074,51,16,2.194042,2.032705,1450,7.5710
16075,16,23,3.157265,3.764058,1451,7.5681
16076,23,29,1.942038,1.796838,1417,7.5633
16077,29,11,2.266988,2.602364,1477,7.6326
16078,11,24,5.150017,5.126382,1441,7.5720
16079,24,54,3.295221,3.163935,1472,7.5721
16080,54,25,2.144128,2.012631,1444,7.5818
16081,25,29,2.796472,3.626212,1443,7.5846
16082,29,11,2.180347,2.474115,1477,7.6368
16083,11,45,2.788697,2.878526,1414,7.4582
16084,45,63,2.998229,3.289383,1431,7.6080
16085,63,18,2.622719,2.742869,1422,7.5164
16086,18,12,4.182417,4.921391,1320,7.2494
16087,12,35,2.761217,3.018598,1461,7.6413
16088,35,8,2.262954,2.196801,1417,7.5007
16089,8,52,5.014606,5.364887,1345,7.4486
16090,52,21,5.098531,4.866870,1233,6.8408
16091,21,48,2.871678,2.837433,1416,7.4938
16092,48,51,2.747864,2.784161,1435,7.5758
16093,51,16,1.931283,1.961951,1451,7.5638
16094,16,53,3.507585,4.173114,1448,7.5767
16095,53,11,3.756942,3.556747,1431,7.5812
16096,11,42,2.697081,2.719939,1441,7.5713
16097,42,54,4.165282,4.100463,1364,7.2638
16098,54,25,2.006304,1.929650,1431,7.5439
16099,25,29,2.764674,3.569100,1442,7.5838
16100,29,23,2.412422,2.408868,1437,7.6111
16101,23,0,4.663706,5.363070,1431,7.5961
16102,0,21,3.118866,3.172716,1451,7.5852
16103,21,48,2.802938,2.800127,1413,7.3317
16104,48,6,4.141974,4.261667,1348,7.1524
16105,6,32,2.592570,2.754951,1344,7.1993
16106,32,9,2.615294,2.926998,1428,7.6276
16107,9,44,3.415555,3.186834,1444,7.6008
16108,44,35,5.849467,5.687239,1435,7.5826
16109,35,53,3.739155,4.146168,1424,7.5753
16110,53,11,3.406899,3.468362,1448,7.6346
16111,11,45,2.771340,2.778299,1449,7.5893
16112,45,30,2.333459,2.518600,1436,7.6269
16113,30,46,2.428285,2.358253,1271,6.9816
16114,46,47,3.076521,3.206733,1427,7.5894
16115,47,51,3.382369,3.605801,1420,7.5271
16116,51,29,3.714619,4.006428,1441,7.5815
16117,29,23,2.250229,2.241644,1462,7.6560
16118,23,18,3.930246,4.434505,1443,7.6252
16119,18,38,3.371905,4.018145,1368,7.3885
16120,38,50,3.119351,2.735648,1436,7.5645
16121,50,54,3.349470,4.305257,1438,7.5777
16122,54,25,1.950959,1.903431,1423,7.5719
16123,25,2,3.751717,3.970496,1430,7.5816
16124,2,45,3.698473,3.752903,1449,7.6170
16125,45,30,2.468496,2.427211,1437,7.6111
16126,30,46,2.468422,2.307631,1453,7.6741
16127,46,47,3.042710,3.162500,1425,7.5647
16128,47,51,3.216569,3.511487,1380,7.3867
16129,51,29,3.243919,3.896414,1353,7.2786
16130,29,11,2.239908,2.595373,1460,7.6113
16131,11,45,2.836567,2.732658,1450,7.5795
16132,45,63,3.099067,3.342450,1435,7.6101
16133,63,18,2.433354,2.696176,1351,7.3100
16134,18,12,4.106268,4.836364,1445,7.5731
16135,12,35,2.696265,3.043728,1412,7.5374
16136,35,0,3.094409,3.024454,1258,6.8180
16137,0,21,3.034768,3.055144,1460,7.5785
16138,21,47,3.754393,3.781781,1449,7.5822
16139,47,56,2.405250,3.160346,1407,7.4962
16140,56,1,2.963871,3.369027,1332,7.0797
16141,1,32,2.812093,3.126216,1455,7.5805
16142,32,9,2.379743,2.848126,1430,7.6125
16143,9,3,2.633105,2.755016,1445,7.6128
16144,3,41,2.563301,2.986662,1474,7.6299
16145,41,36,5.870668,5.699348,1435,7.4619
16146,36,34,3.416406,3.528498,1278,7.0397
16147,34,40,2.123666,2.422565,1418,7.6194
16148,40,25,5.560828,6.382243,1387,7.5433
16149,25,29,2.938144,3.519841,1371,7.4502
16150,29,23,2.161776,2.190932,1447,7.6301
16151,23,29,1.845795,1.769493,1440,7.5967
16152,29,23,2.070025,2.052514,1418,7.4764
16153,23,0,4.679337,5.446413,1452,7.6220
16154,0,21,2.970367,2.925353,1465,7.5595
16155,21,9,3.702739,4.602908,1332,7.1306
16156,9,44,3.167983,3.093662,1458,7.5921
16157,44,35,5.796618,5.626295,1403,7.4614
16158,35,0,3.268126,2.972440,1460,7.6053
16159,0,25,2.387076,2.236455,1447,7.5615
16160,25,36,2.809070,2.841609,1437,7.5769
16161,36,34,2.920547,3.500972,1387,7.3861
16162,34,40,1.930495,2.339906,1398,7.4817
16163,40,57,2.317957,2.822076,1459,7.6614
16164,57,32,4.780645,4.890895,1087,6.1745
16165,32,61,3.600372,3.623688,1303,7.1930
16166,61,2,5.438565,5.743021,1384,7.3712
16167,2,45,3.829844,3.691704,1442,7.6140
16168,45,30,2.508508,2.453241,1443,7.6246
16169,30,46,2.296738,2.245449,1341,7.2002
16170,46,46,0.743546,0.547841,1192,6.6602
16171,46,1,4.593326,5.039577,1381,7.4086
16172,1,32,2.550378,3.091313,1400,7.4979
16173,32,27,3.870906,3.945940,1468,7.6359
16174,27,2,4.862806,5.113860,1383,7.4160
16175,2,45,3.468334,3.604093,1461,7.6408
16176,45,63,2.878720,3.214893,1278,7.1764
16177,63,18,2.455145,2.625076,1243,6.8911
16178,18,12,4.137358,4.677630,1405,7.6155
16179,12,35,2.860599,3.080218,1419,7.5810
16180,35,0,3.108250,2.840374,1408,7.4650
16181,0,60,3.360486,3.603893,1423,7.5255
16182,60,36,2.869058,2.692365,1446,7.5677
16183,36,34,3.008553,3.355390,1438,7.6061
16184,34,35,4.282718,4.930846,1440,7.6187
16185,35,0,2.888039,2.739623,1381,7.4957
16186,0,21,2.859557,2.905916,1443,7.5765
16187,21,48,2.799064,2.969558,1445,7.5612
16188,48,25,4.366461,4.818085,1452,7.6210
16189,25,36,2.584370,2.609284,1422,7.5761
16190,36,21,2.954224,3.339947,1427,7.5896
16191,21,9,3.890338,4.634889,1433,7.5466
16192,9,44,2.876056,2.964485,1325,7.1275
16193,44,36,5.404792,5.279994,1435,7.5787
16194,36,34,3.110444,3.260019,1389,7.4624
16195,34,7,3.384813,4.264808,1425,7.5966
16196,7,31,2.744521,2.932461,1307,7.0450
16197,31,12,3.689685,3.710887,1465,7.6415
16198,12,20,3.801535,3.300036,1362,7.3577
16199,20,10,1.686942,1.764599,1312,7.1461
16200,10,2,4.852852,4.982477,1414,7.5421
16201,2,12,2.414702,2.703645,1427,7.6235
16202,12,43,4.777434,4.864779,1437,7.5675
16203,43,11,5.648350,5.132769,1246,6.9825
16204,11,24,5.038864,4.760281,1407,7.4466
16205,24,4,2.710773,2.884684,1435,7.5189
16206,4,19,3.904478,3.869781,1276,6.8522
16207,19,51,5.292214,5.067536,1441,7.6559
16208,51,29,3.308401,3.725755,1432,7.5359
16209,29,11,2.305623,2.743766,1448,7.6404
16210,11,42,2.941994,2.776018,1427,7.6011
16211,42,54,3.833110,3.973214,1343,7.2061
16212,54,25,2.301909,2.048895,1470,7.6114
16213,25,36,2.514165,2.635651,1422,7.5753
16214,36,29,2.848728,3.328854,1428,7.5508
16215,29,23,1.898353,2.033506,1414,7.3737
16216,23,29,1.938428,1.746088,1369,7.3247
16217,29,48,3.038770,3.093290,1453,7.6174
16218,48,25,4.265225,4.706969,1418,7.5571
16219,25,36,2.375251,2.468545,1434,7.5894
16220,36,29,2.742533,3.260372,1430,7.5905
16221,29,23,1.969864,2.018288,1458,7.6491
16222,23,29,1.874720,1.672300,1451,7.6330
16223,29,11,2.533727,2.852191,1436,7.5928
16224,11,45,2.863161,2.829928,1448,7.5742
16225,45,63,2.974891,3.110038,1429,7.5554
16226,63,47,4.457890,5.052140,1424,7.5757
16227,47,51,3.263147,3.376383,1353,7.3219
16228,51,16,2.156069,2.010565,1424,7.5410
16229,16,53,3.470602,3.984452,1446,7.5924
16230,53,11,3.527678,3.461948,1456,7.5972
16231,11,45,2.867284,2.702874,1442,7.5564
16232,45,30,2.641085,2.595342,1462,7.6405
16233,30,31,4.003620,3.947195,1408,7.5497
16234,31,12,4.117819,3.588992,1446,7.6192
16235,12,43,4.645064,4.677116,1481,7.6644
16236,43,51,4.367870,4.426274,1414,7.6476
16237,51,51,1.314748,0.708651,1463,7.5830
16238,51,16,2.111703,1.978860,1441,7.5175
16239,16,21,5.001334,5.971548,1425,7.5378
16240,21,9,3.617057,4.395551,1422,7.5423
16241,9,3,2.529619,2.712710,1410,7.5802
16242,3,39,3.436457,3.699818,1440,7.5697
16243,39,44,3.120016,2.918805,1450,7.6030
16244,44,35,5.523826,5.600569,1419,7.5430
16245,35,0,2.884031,2.700529,1380,7.3975
16246,0,21,2.547899,2.780620,1451,7.5715
16247,21,48,2.689349,2.936578,1457,7.5783
16248,48,25,4.174507,4.567568,1437,7.5931
16249,25,2,4.002928,4.128170,1434,7.5834
16250,2,45,3.931497,3.550072,1436,7.6079
16251,45,30,2.431011,2.492402,1448,7.6555
16252,30,31,3.815474,3.861004,1469,7.6960
16253,31,12,3.603398,3.427485,1429,7.6046
16254,12,35,3.061516,3.085137,1450,7.6484
16255,35,8,2.300947,2.402299,1330,7.2145
16256,8,56,3.717036,4.228770,1327,7.2092
16257,56,1,2.754735,3.135913,1410,7.5689
16258,1,47,2.812574,2.220799,1461,7.6310
16259,47,56,2.325392,3.101895,1452,7.5699
16260,56,34,3.335597,3.422361,1452,7.5952
16261,34,35,4.056389,4.760604,1454,7.6537
16262,35,0,2.768776,2.637317,1399,7.4240
16263,0,60,3.250384,3.564269,1396,7.4458
16264,60,38,2.864562,2.876656,1336,7.1917
16265,38,2,3.441371,3.680122,1376,7.3998
16266,2,45,3.432161,3.423812,1381,7.3499
16267,45,62,4.678039,5.137447,1430,7.5703
16268,62,60,3.881757,4.007783,1434,7.5603
16269,60,36,2.816025,2.702980,1452,7.5593
16270,36,21,3.112684,3.350440,1396,7.4985
16271,21,48,2.870276,2.846522,1335,7.1719
16272,48,25,4.140844,4.423318,1418,7.5967
16273,25,36,2.436317,2.319912,1439,7.6006
16274,36,29,2.443477,3.255256,1447,7.6351
16275,29,23,1.862483,1.974816,1457,7.6317
16276,23,0,5.037639,5.730073,1426,7.5956
16277,0,21,2.603260,2.665539,1456,7.5553
16278,21,48,2.722830,2.823947,1448,7.5595
16279,48,25,3.751388,4.265433,1419,7.5521
16280,25,2,3.931567,4.024376,1441,7.6051
16281,2,54,3.748553,3.726261,1347,7.1718
16282,54,25,2.254258,2.217875,1463,7.5782
16283,25,36,2.330349,2.292665,1440,7.5991
16284,36,34,3.091861,3.700756,1456,7.6329
16285,34,40,2.176752,2.474258,1308,7.2618
16286,40,57,2.241233,2.668926,1385,7.4974
16287,57,52,2.880656,3.317786,1215,6.7737
16288,52,21,5.700674,5.256036,1394,7.4904
16289,21,9,3.838845,4.428678,1379,7.3546
16290,9,15,3.111282,2.957062,1429,7.5781
16291,15,49,2.407725,2.422919,1308,7.0365
16292,49,48,5.698219,5.664865,1417,7.4774
16293,48,51,3.230270,3.034399,1361,7.3337
16294,51,29,3.440988,3.865301,1443,7.5834
16295,29,23,1.967101,1.853809,1438,7.6154
16296,23,29,1.826155,1.693091,1440,7.5981
16297,29,11,2.649139,2.905634,1446,7.6055
16298,11,42,2.983407,2.853332,1437,7.5848
16299,42,45,2.894702,2.491895,1324,7.0738
16300,45,30,2.535790,2.445855,1443,7.6303
16301,30,27,6.738157,7.207703,1360,7.4369
16302,27,20,4.572842,4.390978,1405,7.5650
16303,20,10,1.644278,1.654967,1420,7.5448
16304,10,2,5.065467,4.973185,1431,7.5760
16305,2,54,3.700389,3.617912,1442,7.6281
16306,54,0,4.164782,3.998124,1404,7.4847
16307,0,21,2.628790,2.704373,1444,7.5658
16308,21,9,3.446343,4.352173,1448,7.5733
16309,9,15,3.047846,2.884266,1321,7.1619
16310,15,19,3.411813,3.916488,1408,7.5071
16311,19,24,3.081280,3.150104,1398,7.6047
16312,24,4,2.840870,2.750519,1453,7.5604
16313,4,6,5.670077,6.318532,1386,7.3713
16314,6,32,2.554207,2.682521,1435,7.5853
16315,32,9,3.120791,3.231244,1420,7.5217
16316,9,44,3.211651,3.059767,1449,7.5949
16317,44,35,5.144845,5.351100,1452,7.5832
16318,35,8,2.285520,2.354814,1428,7.5165
16319,8,56,3.313509,4.082624,1452,7.6656
16320,56,34,3.057158,3.308759,1456,7.6172
16321,34,7,3.356402,4.204393,1449,7.6495
16322,7,16,4.409224,4.728947,1416,7.5426
16323,16,23,3.219016,3.658902,1446,7.5809
16324,23,29,1.785009,1.633893,1431,7.6525
16325,29,23,1.695529,1.761757,1441,7.6186
16326,23,29,1.607113,1.548725,1422,7.5796
16327,29,48,3.304012,3.257801,1403,7.4864
16328,48,51,3.069289,2.950757,1398,7.5473
16329,51,16,2.137974,2.033555,1442,7.5571
16330,16,53,3.206926,3.852678,1441,7.5683
16331,53,17,2.271608,2.146261,1445,7.5957
16332,17,2,3.816512,3.883992,1391,7.4587
16333,2,45,3.628771,3.416635,1276,7.0922
16334,45,30,2.352561,2.358379,1339,7.3219
16335,30,46,2.691738,2.446151,1466,7.6966
16336,46,1,3.957938,4.667870,1427,7.5979
16337,1,32,2.593705,3.049575,1212,6.5875
16338,32,9,2.838939,3.165917,1447,7.6159
16339,9,15,2.857814,2.790661,1458,7.6154
16340,15,49,2.677161,2.532544,1460,7.6163
16341,49,43,4.274352,4.460116,1418,7.5469
16342,43,11,5.227835,4.975408,1406,7.5473
16343,11,42,3.046032,2.737184,1455,7.5838
16344,42,54,3.967618,4.041530,1448,7.6325
16345,54,0,3.937397,3.847338,1439,7.5600
16346,0,25,2.514816,2.416920,1454,7.5738
16347,25,29,2.463858,3.183966,1452,7.6235
16348,29,23,1.712263,1.768809,1432,7.5872
16349,23,18,4.284816,4.920080,1375,7.3923
16350,18,38,3.587766,4.034049,1394,7.4118
16351,38,2,3.161049,3.673773,1413,7.5042
16352,2,12,2.700868,2.834596,1440,7.6103
16353,12,35,3.075767,3.147489,1441,7.6116
16354,35,53,3.872568,4.113488,1374,7.3339
16355,53,17,2.326795,2.054167,1353,7.2913
16356,17,2,3.429448,3.841793,1437,7.5807
16357,2,45,3.520316,3.344524,1389,7.3745
16358,45,63,3.038902,3.253959,1449,7.6311
16359,63,18,2.516640,2.603481,1393,7.4516
16360,18,12,4.034207,4.756836,1351,7.2051
16361,12,35,2.817483,3.098274,1311,6.8699
16362,35,53,3.827479,4.019197,1438,7.5710
16363,53,17,2.377565,1.981985,1434,7.5524
16364,17,2,3.640044,3.770759,1431,7.5746
16365,2,45,3.340569,3.231749,1425,7.6016
16366,45,30,2.296883,2.387662,1384,7.4226
16367,30,31,3.927548,3.935029,1327,7.1462
16368,31,12,3.757389,3.410419,1451,7.6232
16369,12,35,2.639701,2.922013,1433,7.5695
16370,35,53,3.592367,3.920588,1431,7.5669
16371,53,17,2.279271,1.919509,1438,7.5918
16372,17,7,3.001072,3.552409,1364,7.3048
16373,7,16,4.254937,4.603741,1443,7.5769
16374,16,23,3.039256,3.522117,1453,7.5868
16375,23,29,1.622587,1.539602,1367,7.3647
16376,29,23,1.565971,1.656190,1433,7.5888
16377,23,29,1.457441,1.467303,1447,7.6233
16378,29,48,3.121427,3.287453,1449,7.5973
16379,48,51,2.863680,2.873191,1428,7.5781
16380,51,29,3.359869,3.545695,1429,7.5187
16381,29,23,1.522470,1.631366,1441,7.6072
16382,23,29,1.340786,1.402536,1457,7.6109
16383,29,11,3.006290,3.302620,1443,7.6066
16384,11,42,2.929684,2.704613,1448,7.5513
16385,42,54,4.118991,3.939285,1317,7.0473
16386,54,25,2.271577,2.167060,1413,7.3887
16387,25,36,2.681206,2.347642,1447,7.6213
16388,36,34,3.155555,3.586215,1448,7.6209
16389,34,7,3.177374,4.070774,1419,7.6003
16390,7,31,3.010275,3.117546,1454,7.5883
16391,31,12,3.567899,3.308881,1422,7.5497
16392,12,35,2.661800,2.779158,1459,7.6438
16393,35,8,2.356551,2.550298,1428,7.5579
16394,8,41,2.395558,2.545074,1380,7.4314
16395,41,36,6.334613,5.850860,1416,7.4975
16396,36,29,2.541324,3.323682,1421,7.5902
16397,29,23,1.631116,1.667956,1436,7.6051
16398,23,29,1.474761,1.386388,1450,7.6244
16399,29,23,1.499769,1.588250,1373,7.3716
16400,23,29,1.304744,1.330124,1446,7.6262
16401,29,23,1.434087,1.510099,1418,7.4450
16402,23,29,1.295903,1.286716,1444,7.6203
16403,29,11,2.926281,3.371514,1454,7.6319
16404,11,42,2.917166,2.665794,1424,7.5497
16405,42,54,3.948843,3.855080,1316,7.1814
16406,54,44,5.988575,6.442204,1455,7.5970
16407,44,35,4.965706,5.306452,1381,7.4726
16408,35,53,3.397891,3.800179,1460,7.5927
16409,53,11,3.535657,3.811690,1450,7.6006
16410,11,42,2.729250,2.573936,1438,7.5487
16411,42,45,3.059274,2.747724,1339,7.3041
16412,45,30,2.361393,2.311789,1425,7.5505
16413,30,27,6.329503,7.129925,1415,7.5626
16414,27,20,4.279466,4.233970,1388,7.4468
16415,20,10,1.599949,1.571014,1327,7.1889
16416,10,11,7.692831,7.728342,1396,7.5048
16417,11,24,4.759694,4.610484,1311,6.9751
16418,24,4,2.453785,2.715276,1447,7.5579
16419,4,19,3.746007,3.728304,1423,7.5616
16420,19,38,5.978244,5.645659,1454,7.6547
16421,38,50,3.121201,2.569291,1371,7.2196
16422,50,53,5.693993,5.208725,1459,7.6449
16423,53,17,2.385785,1.837085,1451,7.6136
16424,17,2,3.427219,3.737188,1442,7.6187
16425,2,12,2.662966,2.972651,1392,7.4376
16426,12,43,4.713100,4.697144,1451,7.6245
16427,43,11,5.221363,4.814769,1440,7.6311
16428,11,45,2.947257,2.878058,1467,7.6004
16429,45,63,2.979433,3.295785,1425,7.5516
16430,63,6,5.488604,5.457182,1389,7.4417
16431,6,32,2.538990,2.596910,1231,6.6627
16432,32,27,3.897487,4.040525,1365,7.3465
16433,27,20,4.278737,4.186331,1363,7.3364
16434,20,3,3.461302,3.720623,1433,7.5753
16435,3,10,3.438905,3.041413,1447,7.5527
16436,10,2,4.664697,4.900225,1448,7.6138
16437,2,45,3.458047,3.302277,1407,7.5266
16438,45,30,2.257564,2.337150,1438,7.6297
16439,30,31,3.804953,3.939229,1438,7.6611
16440,31,54,4.286001,4.068809,1462,7.6256
16441,54,25,2.392079,2.107536,1436,7.5771
16442,25,36,2.796882,2.431004,1423,7.5872
16443,36,34,3.010904,3.371470,1410,7.5803
16444,34,40,2.128434,2.539816,1376,7.3003
16445,40,57,2.062986,2.561329,1424,7.6232
16446,57,52,2.646253,3.203317,1114,6.4158
16447,52,21,5.146346,5.115323,1329,7.3370
16448,21,48,2.699171,2.881350,1413,7.5355
16449,48,6,3.977302,4.298470,1414,7.5336
16450,6,56,2.110528,2.437465,1381,7.3134
16451,56,6,2.735012,2.822098,1323,7.0919
16452,6,32,2.331774,2.598217,1458,7.6009
16453,32,9,2.858816,3.129470,1403,7.4179
16454,9,15,2.935227,2.648051,1453,7.6184
16455,15,19,3.662174,4.019982,1417,7.5192
16456,19,51,5.420121,5.137088,1429,7.6222
16457,51,16,2.479961,2.010093,1403,7.4656
16458,16,23,2.991593,3.464570,1443,7.5664
16459,23,29,1.296728,1.299339,1334,7.1087
16460,29,23,1.448379,1.535730,1448,7.6357
16461,23,29,1.297577,1.258238,1431,7.6113
16462,29,23,1.402450,1.463758,1439,7.5983
16463,23,29,1.189288,1.220368,1440,7.5866
16464,29,23,1.352406,1.398767,1435,7.5849
16465,23,29,1.151327,1.195849,1436,7.5966
16466,29,11,3.209406,3.673850,1464,7.6268
16467,11,45,3.079778,2.891915,1447,7.5594
16468,45,62,4.591168,5.098418,1425,7.5847
16469,62,21,4.371033,4.671434,1112,6.3424
16470,21,47,3.666095,3.869736,1466,7.5753
16471,47,56,2.416965,3.041435,1359,7.1767
16472,56,34,3.307942,3.389519,1435,7.5951
16473,34,40,1.949930,2.451867,1466,7.6375
16474,40,25,5.714289,6.353159,1397,7.5644
16475,25,2,4.608698,4.144109,1423,7.4665
16476,2,45,3.343984,3.109334,1366,7.3405
16477,45,63,3.020250,3.299672,1392,7.4522
16478,63,18,2.460031,2.616440,1291,6.9676
16479,18,18,0.969899,0.471878,1417,7.5514
16480,18,38,3.724317,4.136336,1413,7.5578
16481,38,50,2.816056,2.490158,1404,7.5536
16482,50,54,3.693135,4.383247,1424,7.5689
16483,54,25,2.181647,2.137910,1397,7.4621
16484,25,2,3.998915,4.023776,1442,7.5569
16485,2,12,2.656605,2.856937,1436,7.6268
16486,12,35,2.701305,2.795606,1452,7.6293
16487,35,0,3.307848,2.955934,1262,6.9759
16488,0,25,2.606624,2.471425,1465,7.5720
16489,25,36,2.398329,2.383426,1452,7.6143
16490,36,34,2.839640,3.387694,1330,7.1132
16491,34,35,4.310344,4.806553,1456,7.6010
16492,35,8,2.357175,2.549634,1352,7.1935
16493,8,41,2.243429,2.476038,1288,7.1208
16494,41,6,3.027889,3.222880,1403,7.4946
16495,6,32,2.363330,2.502265,1408,7.5289
16496,32,61,3.854413,3.904489,1433,7.5994
16497,61,34,5.082540,5.183927,1288,7.1539
16498,34,40,1.877700,2.347817,1409,7.4062
16499,40,57,2.325272,2.642073,1461,7.6807
16500,57,52,2.601070,3.104490,1349,7.3050
16501,52,22,4.296109,4.389344,1382,7.4286
16502,22,47,2.679516,2.398153,1304,7.0332
16503,47,56,2.143943,2.907201,1437,7.5138
16504,56,34,3.112521,3.356671,1389,7.4607
16505,34,40,1.705672,2.307767,1357,7.2939
16506,40,57,2.172603,2.632911,1451,7.6628
16507,57,52,2.480473,3.037954,1423,7.6405
16508,52,21,4.921149,5.083986,1411,7.5399
16509,21,9,3.702186,4.221280,1437,7.5535
16510,9,15,2.747551,2.540282,1390,7.4760
16511,15,49,2.670572,2.590512,1393,7.4405
16512,49,50,3.786328,3.743707,1394,7.4816
16513,50,53,5.330084,5.070062,1360,7.3800
16514,53,17,2.018984,1.735240,1455,7.6328
16515,17,7,2.605565,3.507023,1459,7.6100
16516,7,31,3.040161,3.046920,1444,7.5835
16517,31,12,3.721756,3.312084,1412,7.5455
16518,12,35,2.603244,2.717061,1438,7.6100
16519,35,53,3.499336,3.918274,1385,7.4077
16520,53,17,1.921863,1.696323,1458,7.6221
16521,17,1,4.857485,5.562620,1354,7.3071
16522,1,19,4.658411,4.543695,1444,7.5914
16523,19,24,3.001390,3.089426,1250,6.9535
16524,24,4,2.678060,2.616855,1306,7.0282
16525,4,19,3.680581,3.668365,1430,7.5685
16526,19,51,5.015989,4.908900,1456,7.6757
16527,51,29,2.866978,3.349133,1461,7.5607
16528,29,23,1.270064,1.387237,1445,7.6167
16529,23,29,1.221543,1.175142,1473,7.6507
16530,29,11,3.113805,3.470338,1447,7.6003
16531,11,42,2.744649,2.630439,1438,7.5334
16532,42,54,3.909583,3.851966,1372,7.3775
16533,54,25,2.113675,2.027235,1432,7.5528
16534,25,36,2.556919,2.330387,1447,7.6177
16535,36,21,3.327578,3.514869,1438,7.6082
16536,21,48,2.559750,2.852541,1467,7.6024
16537,48,25,3.742273,4.348551,1353,7.2686
16538,25,36,2.346581,2.189359,1443,7.5949
16539,36,29,2.637724,3.585398,1429,7.5927
16540,29,23,1.416328,1.454301,1441,7.6165
16541,23,29,1.168973,1.187756,1440,7.5984
16542,29,11,2.989345,3.284341,1408,7.4597
16543,11,45,3.320241,3.058283,1435,7.5552
16544,45,63,2.850930,3.198575,1436,7.6207
16545,63,47,4.415011,5.132630,1420,7.5106
16546,47,22,3.148848,2.916111,1346,7.2719
16547,22,35,5.267096,5.587123,1398,7.4636
16548,35,8,2.366010,2.470611,1404,7.5276
16549,8,56,3.487567,4.125405,1453,7.6458
16550,56,1,2.839392,3.145945,1421,7.5121
16551,1,32,2.674767,2.984390,1447,7.6022
16552,32,9,2.796740,3.201816,1451,7.6243
16553,9,15,2.548495,2.417587,1432,7.5838
16554,15,19,3.682029,4.181897,1392,7.4191
16555,19,24,2.947612,2.994042,1394,7.4915
16556,24,4,2.407581,2.516707,1388,7.3226
16557,4,19,3.551249,3.598430,1438,7.5560
16558,19,51,4.926758,4.777782,1474,7.6926
16559,51,16,1.915116,1.821192,1447,7.5670
16560,16,53,3.308362,4.149170,1439,7.5685
16561,53,11,3.979387,3.800004,1468,7.6184
16562,11,24,4.743435,4.616296,1397,7.4597
16563,24,4,2.202572,2.508831,1419,7.5126
16564,4,23,4.236549,4.610598,1398,7.4487
16565,23,29,1.267424,1.157747,1442,7.6247
16566,29,11,2.591243,3.091845,1449,7.6267
16567,11,45,2.855641,2.983721,1427,7.5572
16568,45,30,2.493447,2.573581,1427,7.6378
16569,30,31,3.713518,3.759148,1416,7.6174
16570,31,12,3.475950,3.173089,1436,7.6211
16571,12,20,3.979566,3.646599,1428,7.5564
16572,20,10,1.578128,1.614901,1263,6.7723
16573,10,2,4.668485,4.837147,1313,7.1072
16574,2,45,3.129918,3.072871,1363,7.3511
16575,45,63,2.921804,3.182722,1451,7.6392
16576,63,18,2.554776,2.567796,1417,7.5334
16577,18,38,3.472671,3.963544,1444,7.6145
16578,38,54,4.380344,4.764333,1344,7.1942
16579,54,25,2.218104,2.025185,1437,7.6019
16580,25,29,2.657021,3.374516,1445,7.5949
16581,29,23,1.630935,1.605826,1356,7.3558
16582,23,29,1.192576,1.152629,1425,7.6109
16583,29,11,2.627092,2.986751,1430,7.5998
16584,11,42,2.919165,2.812314,1434,7.5676
16585,42,54,3.877145,3.814585,1442,7.5889
16586,54,25,1.970420,1.931831,1449,7.5977
16587,25,36,2.483103,2.216921,1419,7.5768
16588,36,34,3.284403,3.778642,1407,7.5080
16589,34,7,3.376587,4.158908,1403,7.4820
16590,7,31,2.956722,3.016897,1396,7.4323
16591,31,54,4.214350,4.127567,1428,7.5701
16592,54,25,1.938840,1.851416,1436,7.5101
16593,25,29,2.631110,3.419634,1433,7.5694
16594,29,23,1.571922,1.596688,1452,7.6294
16595,23,29,1.192022,1.169811,1450,7.6176
16596,29,23,1.399461,1.503541,1440,7.5639
16597,23,29,1.118216,1.153847,1433,7.5890
16598,29,23,1.399386,1.422913,1461,7.6357
16599,23,29,1.082858,1.140990,1483,7.6544
16600,29,23,1.299453,1.344920,1413,7.5731
16601,23,29,1.088725,1.133271,1439,7.5955
16602,29,23,1.300774,1.287311,1448,7.6104
16603,23,29,1.088761,1.114408,1450,7.6115
16604,29,23,1.244511,1.236065,1406,7.5639
16605,23,29,1.059389,1.097002,1459,7.6341
16606,29,23,1.182117,1.189125,1437,7.6032
16607,23,18,5.797759,6.076763,1438,7.6058
16608,18,18,0.929461,0.444907,1197,6.6497
16609,18,38,3.679297,3.886751,1291,7.1602
16610,38,50,3.043816,2.545448,1213,6.6198
16611,50,53,5.370433,4.981459,1363,7.2484
16612,53,11,3.735625,3.655457,1457,7.6353
16613,11,42,2.813806,2.731290,1453,7.5765
16614,42,45,3.007092,2.651591,1368,7.2715
16615,45,63,2.656681,3.090893,1443,7.6589
16616,63,6,5.207070,5.604766,1429,7.5924
16617,6,32,2.321922,2.457760,1333,7.1606
16618,32,9,2.732039,3.095721,1438,7.6219
16619,9,15,2.502776,2.323663,1423,7.5831
16620,15,19,4.017851,4.198507,1441,7.5884
16621,19,24,2.964576,2.951865,1408,7.5790
16622,24,0,4.860079,5.306547,1396,7.4438
16623,0,25,2.506232,2.351876,1419,7.5288
16624,25,36,2.399974,2.199027,1361,7.2070
16625,36,21,3.386454,3.562041,1450,7.6481
16626,21,48,2.458317,2.835147,1439,7.6118
16627,48,51,3.229016,3.138234,1444,7.5874
16628,51,16,1.947837,1.792200,1441,7.5340
16629,16,23,2.805852,3.408603,1445,7.5615
16630,23,29,1.157533,1.192792,1437,7.6200
16631,29,11,2.888750,3.367475,1425,7.5946
16632,11,42,2.710732,2.662982,1452,7.5697
16633,42,54,3.826975,3.833464,1420,7.5507
16634,54,25,1.841965,1.822196,1249,6.8545
16635,25,36,2.264027,2.133282,1427,7.5809
16636,36,29,2.694042,3.593369,1464,7.6511
16637,29,11,2.658193,3.116250,1428,7.5518
16638,11,42,2.654429,2.592772,1443,7.5777
16639,42,54,3.613046,3.755823,1345,7.3219
16640,54,0,3.873724,4.018260,1442,7.5951
16641,0,25,2.342330,2.202655,1451,7.5585
16642,25,2,4.705576,4.439241,1463,7.6411
16643,2,45,3.355455,2.982599,1355,7.3609
16644,45,30,2.733385,2.675512,1421,7.5699
16645,30,31,3.840942,3.614450,1407,7.5680
16646,31,12,3.255663,3.072993,1416,7.5402
16647,12,35,2.605043,2.697260,1392,7.4048
16648,35,0,3.344571,3.038390,1354,7.3557
16649,0,25,2.240812,2.189794,1450,7.5517
16650,25,36,2.284158,2.111137,1455,7.6006
16651,36,29,2.426759,3.515598,1429,7.5927
16652,29,11,2.519289,2.903350,1420,7.5744
16653,11,42,2.720725,2.524150,1478,7.5830
16654,42,54,3.516956,3.672983,1447,7.5926
16655,54,25,1.854299,1.823752,1370,7.3417
16656,25,36,2.131497,2.053957,1445,7.5717
16657,36,29,2.330118,3.476893,1447,7.6173
16658,29,23,1.546856,1.516708,1419,7.5525
16659,23,29,1.214005,1.220715,1457,7.6008
16660,29,23,1.453684,1.435041,1445,7.5941
16661,23,18,4.870076,5.491371,1451,7.6158
16662,18,18,0.785406,0.413112,1218,6.8246
16663,18,18,0.626231,0.343370,1403,7.5151
16664,18,38,3.270449,3.902655,1431,7.5636
16665,38,2,3.660362,4.050803,1412,7.4396
16666,2,12,2.864269,3.035967,1327,7.3031
16667,12,35,2.453295,2.596864,1416,7.5703
16668,35,8,2.613617,2.516039,1410,7.4953
16669,8,56,3.362855,4.001347,1443,7.6685
16670,56,6,2.822485,2.901476,1455,7.6329
16671,6,56,2.159887,2.427929,1448,7.6171
16672,56,34,3.446145,3.305173,1452,7.6029
16673,34,40,1.837592,2.321614,1452,7.6527
16674,40,57,2.433958,2.544353,1438,7.6511
16675,57,59,4.716334,4.883848,1348,7.3908
16676,59,10,3.523147,3.852810,1275,6.9310
16677,10,2,4.408902,4.738263,1448,7.6500
16678,2,54,4.386162,4.213902,1263,6.9262
16679,54,25,1.748441,1.730372,1399,7.5186
16680,25,2,4.696003,4.530320,1441,7.6027
16681,2,45,2.908560,2.884153,1416,7.5845
16682,45,30,2.584633,2.629141,1426,7.6217
16683,30,46,2.863619,2.824802,1393,7.4569
16684,46,47,3.193576,3.154945,1466,7.6931
16685,47,56,2.289063,2.953583,1337,7.2076
16686,56,1,2.780184,3.141350,1408,7.4935
16687,1,47,2.861770,2.228083,1416,7.5432
16688,47,56,2.330166,2.818625,1334,7.2125
16689,56,1,2.506502,2.997445,1444,7.5856
16690,1,19,4.639912,4.775737,1470,7.6200
16691,19,51,4.917344,4.584467,1455,7.6839
16692,51,16,1.764776,1.689063,1387,7.3974
16693,16,21,5.176260,6.133103,1416,7.5531
16694,21,48,2.457694,2.709219,1432,7.5566
16695,48,25,3.902968,4.466396,1465,7.6124
16696,25,36,2.156641,2.016230,1445,7.5987
16697,36,29,2.444266,3.425157,1445,7.6454
16698,29,23,1.436191,1.383606,1424,7.5964
16699,23,0,5.610072,6.394137,1437,7.6126
16700,0,21,3.051128,3.066064,1450,7.5747
16701,21,48,2.513154,2.669567,1461,7.5816
16702,48,25,4.012058,4.360512,1408,7.5457
16703,25,2,4.400044,4.344075,1411,7.5168
16704,2,12,2.782602,2.955288,1347,7.3633
16705,12,20,3.916413,3.520207,1439,7.5311
16706,20,10,1.724747,1.660022,1240,6.9967
16707,10,2,4.595096,4.766130,1465,7.6311
16708,2,45,2.770246,2.784260,1406,7.5620
16709,45,30,2.437326,2.565763,1422,7.5776
16710,30,46,2.793235,2.777314,1455,7.6913
16711,46,46,0.995761,0.617822,1458,7.6649
16712,46,47,3.132677,3.191103,1402,7.5835
16713,47,56,2.158243,2.758893,1314,7.2044
16714,56,6,2.721381,3.073192,1447,7.6679
16715,6,32,2.285480,2.420048,1438,7.5599
16716,32,9,2.767172,2.990261,1322,7.1496
16717,9,44,3.376629,3.244107,1420,7.5905
16718,44,36,5.474684,5.440457,1442,7.5886
16719,36,34,3.876034,4.100411,1422,7.6541
16720,34,40,1.897957,2.268560,1430,7.6294
16721,40,25,5.615795,6.647154,1474,7.6864
16722,25,29,2.405092,3.280398,1412,7.5422
16723,29,48,3.732934,3.808961,1419,7.6207
16724,48,51,3.233331,3.261890,1430,7.5843
16725,51,16,1.735937,1.651993,1464,7.5979
16726,16,21,5.009896,6.029713,1442,7.5694
16727,21,47,4.029854,3.929538,1429,7.5289
16728,47,51,4.126506,3.944952,1402,7.4868
16729,51,51,1.542958,0.920951,1456,7.5822
16730,51,16,1.809920,1.660794,1442,7.5454
16731,16,23,2.922631,3.565165,1447,7.5498
16732,23,29,1.280920,1.378601,1312,7.0915
16733,29,48,3.236879,3.675412,1438,7.5964
16734,48,25,3.539961,4.199340,1449,7.5880
16735,25,2,4.502437,4.234954,1434,7.5579
16736,2,12,2.720624,2.861105,1428,7.5991
16737,12,35,2.458733,2.571396,1403,7.4953
16738,35,8,2.251970,2.475820,1444,7.5716
16739,8,41,2.495981,2.561901,1444,7.6428
16740,41,30,6.202367,6.299601,1324,7.1764
16741,30,46,2.552809,2.536276,1443,7.6107
16742,46,46,0.800524,0.520098,1454,7.6383
16743,46,46,0.663770,0.437335,1435,7.5978
16744,46,47,3.287777,3.322867,1440,7.6223
16745,47,51,3.961430,3.839600,1416,7.4169
16746,51,16,1.687828,1.608762,1419,7.4836
16747,16,23,2.697844,3.476613,1406,7.4137
16748,23,29,1.246877,1.361867,1412,7.5561
16749,29,23,1.558035,1.493618,1402,7.4211
16750,23,18,5.023055,5.246885,1427,7.6202
16751,18,38,3.152374,3.628679,1352,7.2384
16752,38,2,3.686089,4.061027,1278,6.8565
16753,2,12,2.473897,2.757207,1373,7.3157
16754,12,35,2.349048,2.500171,1448,7.6094
16755,35,53,3.545434,4.015153,1379,7.4492
16756,53,17,2.034841,1.726799,1443,7.6085
16757,17,7,3.074540,3.467802,1452,7.6055
16758,7,22,4.779852,4.826518,1422,7.5202
16759,22,35,5.137607,5.456271,1417,7.5576
16760,35,0,3.511450,3.054590,1421,7.5342
16761,0,25,2.363741,2.288336,1378,7.2270
16762,25,36,2.395139,2.041166,1444,7.6041
16763,36,29,2.196957,3.172068,1421,7.5767
16764,29,48,3.428325,3.509278,1461,7.6271
16765,48,6,4.597836,4.474640,1434,7.5744
16766,6,56,2.149607,2.439726,1279,6.9477
16767,56,34,3.211960,3.407120,1379,7.3879
16768,34,35,4.404415,4.849479,1433,7.6298
16769,35,8,2.514316,2.402527,1417,7.5440
16770,8,41,2.403308,2.482981,1371,7.5347
16771,41,30,6.022829,6.137162,1364,7.3284
16772,30,31,3.587698,3.474820,1413,7.6209
16773,31,54,4.013119,3.846429,1463,7.6229
16774,54,25,2.115760,1.933409,1382,7.4913
16775,25,36,2.060677,1.978566,1447,7.5896
16776,36,29,2.105937,3.113851,1446,7.6328
16777,29,23,1.499606,1.576256,1429,7.5577
16778,23,29,1.387290,1.423056,1438,7.5860
16779,29,48,3.241895,3.401920,1454,7.6376
16780,48,6,4.165398,4.428203,1427,7.5620
16781,6,56,2.044291,2.379249,1451,7.6109
16782,56,6,2.859409,2.850558,1388,7.4105
16783,6,56,2.092874,2.216314,1442,7.6065
16784,56,1,2.706711,3.136934,1454,7.6189
16785,1,47,2.805934,2.277269,1450,7.5864
16786,47,22,3.660844,3.197897,1340,7.2681
16787,22,47,2.885128,2.382980,1439,7.6028
16788,47,56,2.714544,2.889648,1458,7.5627
16789,56,1,2.522357,2.969920,1449,7.5920
16790,1,47,2.610815,2.162758,1466,7.5906
16791,47,51,3.707808,3.810527,1408,7.3163
16792,51,51,1.453430,0.844531,1417,7.5886
16793,51,29,3.539055,4.111286,1454,7.5801
16794,29,23,1.526793,1.526075,1406,7.5616
16795,23,29,1.256975,1.320481,1433,7.6167
16796,29,11,2.951927,3.298716,1415,7.6059
16797,11,45,3.374674,3.325138,1451,7.5651
16798,45,30,2.752862,2.700019,1402,7.4955
16799,30,46,2.228298,2.432248,1394,7.4763
16800,46,46,0.705946,0.418651,1470,7.6953
16801,46,46,0.537481,0.351786,1461,7.6627
16802,46,1,4.662480,5.169995,1426,7.6240
16803,1,32,2.572411,3.064699,1460,7.5927
16804,32,27,3.884958,4.042416,1435,7.6078
16805,27,20,4.385642,4.166568,1423,7.4953
16806,20,10,1.641075,1.606375,1435,7.6086
16807,10,2,4.349597,4.667908,1360,7.2345
16808,2,12,2.666404,2.691512,1221,6.6612
16809,12,20,3.870181,3.414965,1442,7.6348
16810,20,10,1.648703,1.624657,1428,7.5499
16811,10,2,4.229290,4.490270,1406,7.5615
16812,2,45,2.748505,2.844211,1444,7.6142
16813,45,62,4.472024,5.068488,1374,7.4088
16814,62,21,4.466053,4.676389,1459,7.5881
16815,21,9,3.717840,4.405995,1456,7.6198
16816,9,15,2.224656,2.245899,1431,7.5727
16817,15,19,3.680372,4.058896,1430,7.5669
16818,19,51,5.006012,4.669580,1424,7.6360
16819,51,16,1.783118,1.653557,1428,7.5603
16820,16,21,4.886652,5.925325,1443,7.5678
16821,21,9,3.649539,4.257884,1449,7.5882
16822,9,15,2.317445,2.197561,1453,7.6193
16823,15,49,3.455996,2.914241,1437,7.5428
16824,49,50,3.596499,3.569750,1448,7.6048
16825,50,53,5.145606,4.746154,1392,7.4873
16826,53,17,2.100440,1.675214,1397,7.4672
16827,17,7,2.751533,3.352984,1464,7.6202
16828,7,16,4.649491,4.715080,1419,7.5606
16829,16,21,4.776832,5.627055,1407,7.4323
16830,21,9,3.478414,4.116025,1450,7.5714
16831,9,15,2.190809,2.152518,1449,7.6218
16832,15,39,4.074501,4.118508,1415,7.5388
16833,39,15,3.107264,2.925821,1452,7.6323
16834,15,19,3.901498,4.051002,1443,7.5845
16835,19,38,5.903141,5.978260,1431,7.6668
16836,38,2,3.551693,3.947575,1308,7.0833
16837,2,54,4.304879,4.144198,1405,7.5592
16838,54,44,5.924288,6.076530,1424,7.5678
16839,44,27,3.324424,3.546317,1372,7.3500
16840,27,20,4.350470,4.183114,1382,7.4126
16841,20,3,3.583482,3.644050,1435,7.5543
16842,3,41,2.750352,3.100451,1455,7.5618
16843,41,6,2.940423,3.311307,1444,7.5890
16844,6,22,4.886237,5.836532,1463,7.6224
16845,22,35,4.939290,5.282251,1418,7.5215
16846,35,8,2.048034,2.258506,1430,7.5625
16847,8,41,2.409201,2.436004,1418,7.5881
16848,41,30,5.861262,6.032602,1465,7.5938
16849,30,46,2.157590,2.246750,1310,7.1060
16850,46,47,3.495056,3.475068,1454,7.6687
16851,47,51,3.690824,3.744628,1450,7.5965
16852,51,16,1.705962,1.687699,1454,7.6070
16853,16,53,3.796513,4.573183,1458,7.5888
16854,53,17,1.949351,1.640846,1471,7.6236
16855,17,7,2.701132,3.260417,1405,7.4521
16856,7,31,3.102625,3.076694,1436,7.5493
16857,31,54,3.980107,3.787238,1426,7.5342
16858,54,0,4.006422,3.894425,1431,7.5992
16859,0,25,2.379763,2.169814,1383,7.4529
16860,25,29,2.264961,3.186999,1442,7.6055
16861,29,11,2.754321,3.101655,1441,7.5806
16862,11,45,3.408549,3.293306,1436,7.5589
16863,45,30,2.833827,2.782533,1438,7.6113
16864,30,46,2.145568,2.262776,1440,7.6350
16865,46,46,0.578113,0.342108,1444,7.6463
16866,46,46,0.454768,0.289851,1449,7.6520
16867,46,46,0.388949,0.248929,1424,7.6013
16868,46,47,3.695642,3.645327,1442,7.6405
16869,47,22,3.494547,3.226257,1456,7.5761
16870,22,35,4.728123,5.140642,1439,7.5983
16871,35,53,3.361650,3.853127,1305,7.0034
16872,53,11,3.609998,3.808967,1431,7.5794
16873,11,42,2.760365,2.611390,1458,7.5882
16874,42,54,3.571210,3.630643,1432,7.5235
16875,54,44,5.672272,5.918371,1438,7.6139
16876,44,35,5.027051,5.164065,1411,7.4568
16877,35,8,2.103881,2.164240,1441,7.5829
16878,8,56,3.491548,4.183777,1401,7.5540
16879,56,34,3.194945,3.302387,1334,7.2293
16880,34,40,1.920129,2.301216,1444,7.6167
16881,40,57,2.358733,2.520100,1365,7.4115
16882,57,32,4.573013,4.913672,1435,7.6399
16883,32,9,2.949892,3.204382,1478,7.6759
16884,9,3,3.097810,3.238775,1394,7.4084
16885,3,39,3.295948,3.455197,1377,7.3486
16886,39,59,3.206996,3.401426,1448,7.5819
16887,59,26,3.150832,3.167091,1366,7.2979
16888,26,52,3.764214,3.832152,1463,7.5458
16889,52,21,5.161165,5.076570,1460,7.6304
16890,21,48,2.286565,2.470249,1132,6.3312
16891,48,6,4.334286,4.234302,1431,7.5827
16892,6,32,2.425782,2.820501,1413,7.5434
16893,32,9,2.812703,3.071309,1445,7.6190
16894,9,44,3.571314,3.537833,1414,7.5507
16895,44,35,4.850805,5.041556,1333,7.2929
16896,35,0,3.386543,3.036072,1436,7.5968
16897,0,25,2.155376,2.150189,1455,7.5828
16898,25,36,2.211084,1.998750,1459,7.6097
16899,36,34,4.102863,4.236381,1345,7.2869
16900,34,40,1.864432,2.233195,1433,7.6287
16901,40,25,5.672549,6.534100,1390,7.4261
16902,25,29,2.295256,3.138099,1415,7.5258
16903,29,23,1.783904,1.683805,1458,7.6660
16904,23,18,4.437407,4.823457,1351,7.2530
16905,18,12,4.426792,5.309142,1324,7.2299
16906,12,43,4.344654,4.666148,1385,7.4252
16907,43,51,4.629889,4.407124,1390,7.4171
16908,51,29,4.039400,4.019595,1414,7.4921
16909,29,23,1.559025,1.522566,1424,7.5626
16910,23,29,1.376687,1.385547,1449,7.6402
16911,29,48,2.937633,3.201523,1423,7.6276
16912,48,51,3.487432,3.596704,1481,7.6519
16913,51,51,1.400363,0.776682,1455,7.6051
16914,51,51,1.195910,0.656849,1455,7.5570
16915,51,29,3.487138,4.021931,1462,7.5516
16916,29,23,1.584918,1.493812,1440,7.5929
16917,23,29,1.309083,1.302426,1406,7.5332
16918,29,11,2.631975,3.095663,1439,7.6099
16919,11,42,2.666199,2.555728,1433,7.5613
16920,42,54,3.513181,3.535024,1275,7.0032
16921,54,25,2.061599,2.018219,1436,7.6111
16922,25,36,2.111328,1.948136,1466,7.6125
16923,36,29,2.557181,3.194894,1418,7.5905
16924,29,23,1.697118,1.553837,1426,7.5896
16925,23,29,1.260614,1.275280,1423,7.6019
16926,29,11,2.615794,3.037249,1424,7.5783
16927,11,42,2.604865,2.499916,1420,7.5138
16928,42,54,3.544281,3.463300,1363,7.2964
16929,54,25,2.096867,1.959771,1434,7.5814
16930,25,36,1.998258,1.918968,1451,7.5837
16931,36,29,2.391776,3.109903,1428,7.5861
16932,29,23,1.641212,1.619626,1431,7.5919
16933,23,18,4.478918,4.826331,1405,7.4891
16934,18,12,4.216520,5.127835,1262,7.0867
16935,12,35,3.005645,3.096482,1431,7.6067
16936,35,53,3.148182,3.691825,1407,7.5189
16937,53,11,3.763471,3.771720,1415,7.5502
16938,11,45,3.725034,3.290439,1421,7.5272
16939,45,30,2.779156,2.707005,1437,7.6387
16940,30,46,2.294913,2.196113,1410,7.5626
16941,46,46,0.468750,0.265494,1420,7.5865
16942,46,47,3.438019,3.463210,1435,7.6090
16943,47,51,3.387944,3.783259,1424,7.5701
16944,51,51,1.194785,0.537741,1451,7.5784
16945,51,16,1.968771,2.031319,1464,7.5536
16946,16,53,3.625539,4.407534,1435,7.5508
16947,53,11,3.647999,3.590458,1435,7.5705
16948,11,42,2.656266,2.452377,1454,7.5577
16949,42,54,3.516672,3.368580,1329,7.1187
16950,54,0,4.249627,4.025580,1331,7.2609
16951,0,21,3.252688,3.312770,1429,7.5415
16952,21,48,2.362902,2.495002,1444,7.5467
16953,48,51,3.302436,3.271709,1446,7.5862
16954,51,29,3.674994,4.072733,1453,7.5808
16955,29,11,2.507670,2.966389,1463,7.6297
16956,11,42,2.435924,2.383718,1449,7.5576
16957,42,0,4.710623,5.019419,1466,7.6117
16958,0,60,3.734967,3.842395,1450,7.5536
16959,60,36,2.942144,2.736478,1215,6.5376
16960,36,29,2.394475,3.128146,1417,7.5910
16961,29,11,2.340809,2.832054,1449,7.6341
16962,11,45,3.505777,3.320175,1434,7.5546
16963,45,62,4.385759,5.008545,1414,7.5269
16964,62,21,4.421472,4.629991,1189,6.6235
16965,21,9,3.689136,4.172496,1457,7.5817
16966,9,3,3.066753,3.140525,1189,6.5476
16967,3,39,3.018021,3.361892,1441,7.5714
16968,39,44,3.282570,3.050677,1276,6.9594
16969,44,36,4.713755,5.115731,1391,7.3160
16970,36,34,4.017568,3.973411,1446,7.6553
16971,34,35,4.278549,4.588387,1432,7.6275
16972,35,53,2.938646,3.624328,1451,7.5857
16973,53,17,2.093022,1.738650,1442,7.5992
16974,17,2,4.047051,4.330296,1440,7.5822
16975,2,45,2.871664,2.890541,1349,7.0997
16976,45,30,2.677381,2.715947,1462,7.6312
16977,30,31,3.834573,3.724787,1435,7.6223
16978,31,30,3.600144,3.363065,1461,7.6226
16979,30,46,2.136802,2.160072,1429,7.5990
16980,46,47,3.026638,3.209759,1431,7.6626
16981,47,56,2.669044,3.273241,1371,7.2957
16982,56,34,3.149980,3.377781,1396,7.4213
16983,34,40,1.734448,2.235032,1379,7.3677
16984,40,57,2.205886,2.591130,1451,7.6818
16985,57,32,4.468384,4.713100,1343,7.4116
16986,32,61,3.561052,3.684937,1374,7.4819
16987,61,34,5.125540,5.145467,1387,7.3691
16988,34,35,3.839933,4.387496,1425,7.4372
16989,35,8,2.336540,2.234683,1408,7.4643
16990,8,41,2.384662,2.377360,1403,7.3123
16991,41,36,6.719215,6.204077,1430,7.5686
16992,36,29,2.347050,2.964490,1282,7.0122
16993,29,23,1.613304,1.742498,1423,7.6134
16994,23,18,3.916922,4.419558,1446,7.6316
16995,18,12,4.227060,4.977786,1389,7.4104
16996,12,35,3.031768,3.174388,1417,7.5845
16997,35,0,3.312750,3.148881,1444,7.6224
16998,0,25,2.260817,2.211455,1466,7.5704
16999,25,36,2.554450,2.153854,1433,7.5719
17000,36,21,3.675078,3.808701,1441,7.6166
17001,21,9,3.321166,4.130964,1417,7.4806
17002,9,3,2.643464,3.017703,1366,7.3012
17003,3,10,3.017480,2.985113,1479,7.6058
17004,10,2,4.182939,4.291299,1270,6.9830
17005,2,45,2.820474,2.854017,1436,7.6105
17006,45,30,2.452107,2.692650,1431,7.6292
17007,30,31,3.393317,3.519917,1440,7.6330
17008,31,12,3.684543,3.500433,1401,7.4267
17009,12,35,3.108470,3.004121,1385,7.4462
17010,35,0,3.287272,3.012837,1422,7.4349
17011,0,21,3.162335,3.178333,1461,7.5862
17012,21,48,2.334777,2.532573,1445,7.5703
17013,48,25,3.745562,4.322609,1447,7.5853
17014,25,36,2.430785,2.039469,1428,7.5674
17015,36,29,2.403665,2.954030,1429,7.6006
17016,29,11,2.397274,2.767338,1429,7.6248
17017,11,45,3.412833,3.312065,1429,7.5440
17018,45,63,3.194573,3.792946,1453,7.6312
17019,63,47,3.813743,4.403813,1391,7.4425
17020,47,56,2.544249,3.122911,1404,7.4681
17021,56,6,2.622524,2.919296,1407,7.4908
17022,6,32,2.622134,2.772003,1376,7.3604
17023,32,27,3.531876,3.826572,1448,7.6246
17024,27,20,4.207251,4.091399,1434,7.5221
17025,20,10,1.603766,1.592459,1448,7.6140
17026,10,2,3.831642,4.100087,1440,7.5996
17027,2,12,2.490707,2.926390,1370,7.4364
17028,12,35,2.793493,2.903450,1428,7.6202
17029,35,0,3.036827,2.880234,1430,7.5554
17030,0,21,3.135553,3.099988,1394,7.3656
17031,21,48,2.343371,2.517449,1400,7.4893
17032,48,25,3.550527,4.206181,1439,7.5735
17033,25,29,2.379231,2.989272,1386,7.2769
17034,29,48,2.712264,3.052992,1455,7.6258
17035,48,25,3.323298,4.066192,1432,7.5661
17036,25,36,2.213443,1.993367,1372,7.3029
17037,36,34,4.018574,4.089000,1452,7.6198
17038,34,35,3.811296,4.367890,1433,7.6229
17039,35,0,2.828600,2.784552,1425,7.5377
17040,0,25,2.350784,2.415522,1443,7.5580
17041,25,29,2.287285,2.944603,1408,7.5063
17042,29,48,2.700923,2.928507,1427,7.5658
17043,48,51,3.162356,3.340717,1420,7.5508
17044,51,29,3.806815,4.080613,1423,7.4586
17045,29,11,2.466725,2.730183,1464,7.6530
17046,11,42,2.747570,2.489495,1437,7.5547
17047,42,45,3.241105,2.879524,1399,7.4491
17048,45,30,2.647875,2.697515,1433,7.6008
17049,30,46,2.322770,2.313357,1361,7.3649
17050,46,47,2.639333,2.926708,1432,7.6689
17051,47,56,2.623700,3.079545,1350,7.2090
17052,56,6,2.600104,2.881197,1413,7.5939
17053,6,56,2.231510,2.408422,1443,7.5991
17054,56,6,2.511650,2.683899,1449,7.6041
17055,6,22,4.821560,5.720647,1456,7.5969
17056,22,20,4.646343,4.900869,1407,7.4959
17057,20,10,1.729693,1.535915,1432,7.4878
17058,10,11,8.143037,8.166460,1439,7.6435
17059,11,42,2.398576,2.282462,1376,7.3959
17060,42,0,4.693075,5.190797,1388,7.3517
17061,0,60,3.620645,3.862605,1351,7.0939
17062,60,44,5.471586,5.476975,1324,7.1244
17063,44,35,4.783394,4.842235,1430,7.5234
17064,35,0,2.808721,2.737382,1458,7.5844
17065,0,21,2.989483,3.083415,1456,7.5771
17066,21,48,2.128870,2.456943,1368,7.2709
17067,48,25,3.188788,3.983998,1403,7.5000
17068,25,36,2.293042,1.977545,1412,7.5411
17069,36,29,2.423858,2.907493,1322,7.1343
17070,29,11,2.497573,2.841647,1418,7.5579
17071,11,42,2.438335,2.202286,1436,7.5701
17072,42,0,4.596131,5.122800,1434,7.5511
17073,0,60,3.630580,3.776567,1452,7.5696
17074,60,38,3.397431,3.215385,1447,7.5820
17075,38,2,3.672981,3.983651,1431,7.5322
17076,2,54,4.448005,4.527778,1430,7.6172
17077,54,0,4.040438,3.828707,1338,7.2483
17078,0,25,2.306292,2.283786,1428,7.5488
17079,25,29,2.320809,2.892002,1448,7.6040
17080,29,48,2.445266,2.747827,1392,7.4062
17081,48,6,4.492178,4.517017,1403,7.4807
17082,6,32,2.378695,2.817934,1382,7.4277
17083,32,9,2.813011,3.171601,1428,7.6531
17084,9,15,2.512369,2.420780,1405,7.5729
17085,15,39,3.040016,3.523378,1408,7.5400
17086,39,44,3.303412,2.968736,1403,7.4294
17087,44,35,4.248878,4.781493,1445,7.5961
17088,35,8,2.566996,2.468538,1443,7.6191
17089,8,41,2.176292,2.248560,1388,7.5292
17090,41,36,6.737654,6.169919,1436,7.5729
17091,36,29,2.091746,2.706154,1419,7.5683
17092,29,23,2.468059,2.253560,1434,7.5990
17093,23,29,1.628714,1.590617,1447,7.6155
17094,29,11,2.558318,2.878893,1462,7.6534
17095,11,42,2.342579,2.166650,1472,7.6265
17096,42,0,4.288115,4.862116,1459,7.5980
17097,0,25,2.117663,2.168826,1429,7.5396
17098,25,36,2.423418,2.177305,1423,7.5625
17099,36,29,2.054204,2.667855,1442,7.6181
17100,29,11,2.352366,2.768062,1440,7.5795
17101,11,45,3.333681,3.245759,1483,7.5878
17102,45,63,3.280608,3.725114,1313,7.1366
17103,63,18,2.932704,2.628360,1432,7.5596
17104,18,18,0.819264,0.433249,1178,6.4979
17105,18,18,0.658983,0.359860,1335,7.3148
17106,18,18,0.591684,0.300656,1434,7.6222
17107,18,18,0.499293,0.251848,1424,7.6130
17108,18,12,4.731632,5.377462,1396,7.5028
17109,12,35,2.857035,3.117258,1406,7.4974
17110,35,0,3.006859,2.900741,1436,7.5490
17111,0,21,3.058374,3.057376,1440,7.5697
17112,21,47,4.145350,4.142939,1435,7.5694
17113,47,51,3.896346,3.841135,1360,7.3179
17114,51,51,0.957957,0.500820,1339,7.0630
17115,51,29,3.625306,4.254715,1446,7.5659
17116,29,23,2.266999,2.242842,1406,7.5297
17117,23,18,3.837326,3.993310,1382,7.3615
17118,18,18,0.584051,0.246180,1342,7.2530
17119,18,12,4.401394,5.232552,1431,7.5855
17120,12,35,2.901111,3.101657,1339,7.2626
17121,35,0,2.669096,2.773453,1386,7.4692
17122,0,25,2.122795,2.269080,1427,7.5461
17123,25,36,2.416903,2.108205,1453,7.6245
17124,36,29,2.210917,2.692016,1442,7.5938
17125,29,11,2.355425,2.693169,1428,7.6003
17126,11,42,2.377686,2.210574,1450,7.5612
17127,42,45,3.095844,2.796863,1459,7.5846
17128,45,30,2.567100,2.720707,1444,7.6324
17129,30,31,3.781921,3.534725,1377,7.4654
17130,31,12,3.901757,3.591326,1465,7.6007
17131,12,35,2.741703,2.927843,1399,7.5505
17132,35,8,2.735119,2.572156,1478,7.6056
17133,8,41,2.072545,2.173419,1418,7.5493
17134,41,6,3.088484,3.442185,1407,7.4646
17135,6,32,2.445014,2.694901,1378,7.3588
17136,32,27,3.549315,3.884197,1444,7.6590
17137,27,20,4.081968,4.029121,1307,7.0347
17138,20,8,3.564876,3.361415,1436,7.5742
17139,8,41,1.981156,2.061235,1434,7.6309
17140,41,6,2.954253,3.374621,1456,7.6031
17141,6,32,2.164359,2.582541,1459,7.6118
17142,32,27,3.429292,3.844651,1444,7.6258
17143,27,20,3.917801,3.985235,1455,7.5581
17144,20,10,1.494733,1.519799,1411,7.4520
17145,10,21,5.906454,6.071252,1321,7.2114
17146,21,47,3.951453,3.944476,1274,7.0387
17147,47,22,4.044517,3.420389,1439,7.5536
17148,22,47,2.929199,2.482909,1450,7.6062
17149,47,22,3.630749,3.150776,1467,7.5867
17150,22,20,4.614331,4.840206,1451,7.6098
17151,20,3,3.362464,3.455816,1342,7.2715
17152,3,10,3.184825,2.746879,1449,7.5773
17153,10,21,5.657334,5.796633,1442,7.6127
17154,21,48,2.446249,2.693023,1456,7.5994
17155,48,51,3.239649,3.244279,1383,7.4462
17156,51,29,3.546662,4.043052,1269,6.8234
17157,29,23,2.178311,2.187782,1385,7.4395
17158,23,29,1.636962,1.620456,1472,7.6582
17159,29,23,2.101937,2.045814,1417,7.5992
17160,23,29,1.523121,1.529826,1353,7.3594
17161,29,23,1.884072,1.914191,1467,7.6519
17162,23,29,1.459499,1.452014,1396,7.5608
17163,29,23,1.847401,1.801718,1435,7.5911
17164,23,18,4.012339,4.231136,1461,7.6549
17165,18,12,4.026280,5.001862,1342,7.1872
17166,12,35,2.568673,2.916834,1365,7.3427
17167,35,8,2.719787,2.534760,1434,7.4928
17168,8,41,1.882882,2.034592,1250,6.8756
17169,41,6,3.143992,3.285469,1319,7.1941
17170,6,32,2.082657,2.481842,1437,7.5847
17171,32,61,3.794230,4.146114,1450,7.6531
17172,61,33,3.117066,2.965580,1352,7.1636
17173,33,18,5.824542,5.661175,1346,7.2308
17174,18,38,3.578092,3.840094,1328,7.2484
17175,38,2,3.475902,3.906577,1449,7.5715
17176,2,45,3.097072,3.131568,1421,7.5771
17177,45,63,3.137983,3.652247,1318,7.0778
17178,63,6,5.401082,5.211205,1454,7.6064
17179,6,56,2.322124,2.522945,1435,7.5949
17180,56,1,2.760036,3.041068,1443,7.6158
17181,1,32,2.577221,2.996462,1451,7.5890
17182,32,61,3.797945,3.939606,1464,7.6206
17183,61,2,5.382065,5.676111,1443,7.5901
17184,2,12,2.787381,3.010972,1441,7.6325
17185,12,35,2.642243,2.822297,1382,7.4480
17186,35,0,2.901306,2.777409,1363,7.2679
17187,0,25,2.144512,2.289355,1332,7.1702
17188,25,36,2.501169,2.065783,1407,7.5550
17189,36,34,3.939758,3.998610,1460,7.6371
17190,34,35,3.841238,4.397504,1449,7.6346
17191,35,0,2.523700,2.666901,1473,7.6033
17192,0,25,2.073477,2.255704,1456,7.5764
17193,25,2,5.417642,5.131256,1451,7.5893
17194,2,12,2.715878,2.837354,1388,7.4331
17195,12,43,4.714102,4.627440,1444,7.6264
17196,43,11,5.023945,4.715044,1361,7.2884
17197,11,45,3.399220,2.994119,1442,7.5883
17198,45,30,2.510999,2.715958,1453,7.6342
17199,30,46,2.597611,2.450777,1430,7.5966
17200,46,47,2.689628,2.881917,1462,7.6986
17201,47,56,2.480643,3.075926,1434,7.5465
17202,56,1,2.617004,2.899354,1282,6.9080
17203,1,32,2.556357,2.899268,1439,7.5709
17204,32,61,3.467157,3.750755,1453,7.6374
17205,61,33,3.126479,3.050300,1347,7.3186
17206,33,11,6.942065,6.759022,1449,7.5955
17207,11,45,3.320346,2.790328,1454,7.6003
17208,45,63,2.971217,3.662899,1413,7.5651
17209,63,6,5.098624,5.133962,1378,7.4291
17210,6,56,2.138400,2.395161,1448,7.5616
17211,56,34,3.569715,3.656511,1436,7.6415
17212,34,40,1.955011,2.307141,1414,7.5440
17213,40,57,2.160728,2.377335,1189,6.4713
17214,57,52,2.772107,3.238408,1404,7.5493
17215,52,21,5.281381,5.123740,1360,7.2862
17216,21,48,2.455059,2.630706,1368,7.1992
17217,48,6,4.205700,4.190067,1440,7.6041
17218,6,32,2.046546,2.570875,1453,7.5957
17219,32,61,3.181424,3.615402,1484,7.7253
17220,61,33,3.224869,3.030483,1412,7.5280
17221,33,11,6.802242,6.651407,1354,7.1721
17222,11,42,2.385745,2.155645,1356,7.1908
17223,42,54,3.961837,3.740227,1430,7.5941
17224,54,25,2.398223,2.185813,1433,7.6088
17225,25,29,2.321667,3.095847,1452,7.6273
17226,29,23,1.611268,1.737657,1333,7.2555
17227,23,29,1.496332,1.478296,1439,7.6556
17228,29,11,2.956820,3.278152,1441,7.6272
17229,11,45,2.857916,2.704887,1455,7.5826
17230,45,30,2.670432,2.796822,1441,7.6237
17231,30,46,2.620904,2.439301,1396,7.5108
17232,46,46,0.683573,0.433239,1403,7.5526
17233,46,46,0.593849,0.364950,1451,7.6769
17234,46,46,0.515360,0.308773,1431,7.6265
17235,46,47,2.929714,3.142208,1464,7.7230
17236,47,22,3.479389,3.228679,1345,7.2927
17237,22,35,5.072217,5.516734,1274,6.9624
17238,35,0,2.382126,2.524144,1464,7.6062
17239,0,21,3.351325,3.474259,1458,7.5977
17240,21,48,2.268983,2.598379,1413,7.4570
17241,48,51,3.194797,3.144475,1438,7.5738
17242,51,29,2.986669,3.699188,1428,7.5302
17243,29,11,2.644412,3.085146,1465,7.6312
17244,11,42,2.352325,2.189800,1449,7.5676
17245,42,45,2.876675,2.477072,1431,7.5537
17246,45,63,3.025531,3.670431,1429,7.5940
17247,63,6,4.997313,5.026599,1409,7.4440
17248,6,32,2.222557,2.483779,1280,7.0336
17249,32,9,3.008961,3.364587,1439,7.6127
17250,9,44,3.498766,3.431854,1406,7.5698
17251,44,35,4.332176,4.803661,1410,7.4618
17252,35,53,3.345062,3.988810,1458,7.5874
17253,53,17,1.921978,1.696109,1466,7.6257
17254,17,7,2.937625,3.251643,1470,7.6381
17255,7,16,4.446206,4.499749,1452,7.6168
17256,16,23,2.971720,3.717136,1433,7.5716
17257,23,29,1.517521,1.446739,1411,7.5014
17258,29,23,1.694047,1.763171,1420,7.5800
17259,23,29,1.422147,1.383613,1433,7.6199
17260,29,11,2.772480,3.046313,1464,7.6188
17261,11,45,2.885539,2.633077,1432,7.5950
17262,45,30,2.720064,2.850669,1444,7.6036
17263,30,46,2.449809,2.313807,1384,7.4932
17264,46,47,2.573503,2.915353,1341,7.2502
17265,47,51,4.170704,4.004595,1457,7.5736
17266,51,29,2.698571,3.515616,1389,7.3737
17267,29,11,2.425270,2.839532,1420,7.5922
17268,11,42,2.440874,2.277982,1449,7.5675
17269,42,45,2.599626,2.285363,1458,7.5748
17270,45,30,2.578345,2.765616,1410,7.5607
17271,30,46,2.397930,2.335520,1426,7.5734
17272,46,1,4.656237,5.577349,1446,7.6367
17273,1,47,2.445274,2.151248,1358,7.3275
17274,47,22,3.440876,3.180185,1396,7.4942
17275,22,35,4.938552,5.393280,1318,7.2097
17276,35,53,3.053305,3.807499,1426,7.4966
17277,53,17,1.969933,1.664172,1404,7.4145
17278,17,1,4.652940,5.472996,1397,7.4610
17279,1,32,2.517549,2.889326,1450,7.5767
17280,32,27,3.873975,4.032596,1447,7.6413
17281,27,2,4.957671,5.578146,1408,7.5516
17282,2,45,3.563892,3.384296,1373,7.5297
17283,45,30,2.472904,2.609570,1444,7.6452
17284,30,31,4.036128,3.914692,1447,7.6166
17285,31,54,3.699088,3.539417,1444,7.5889
17286,54,0,4.277932,3.855806,1305,7.1148
17287,0,60,3.684121,3.931888,1465,7.6056
17288,60,38,3.275029,3.170605,1451,7.5918
17289,38,50,3.099051,2.659681,1372,7.2818
17290,50,53,5.251663,4.734229,1434,7.6296
17291,53,0,3.223554,3.681307,1442,7.5804
17292,0,25,2.270428,2.300398,1389,7.4197
17293,25,29,2.371952,3.131239,1428,7.5760
17294,29,23,1.832771,1.839073,1450,7.6356
17295,23,29,1.364553,1.345198,1381,7.3997
17296,29,11,2.446558,2.805410,1445,7.6296
17297,11,42,2.580025,2.257708,1443,7.5649
17298,42,45,2.524435,2.341756,1353,7.3213
17299,45,62,4.989791,5.615137,1424,7.5853
17300,62,21,4.251897,4.574939,1324,7.1994
17301,21,9,4.126016,4.403546,1431,7.5686
17302,9,3,2.791658,3.010386,1441,7.6423
17303,3,41,3.038412,3.295752,1451,7.5578
17304,41,30,6.204661,6.346600,1313,7.0912
17305,30,31,3.966045,3.584936,1356,7.3130
17306,31,12,4.131328,3.665923,1458,7.6072
17307,12,35,3.113542,3.031549,1345,7.2947
17308,35,8,2.939533,2.586050,1467,7.5983
17309,8,56,3.982204,4.329655,1409,7.5115
17310,56,1,2.633376,2.868770,1246,6.8155
17311,1,32,2.385183,2.787991,1452,7.6159
17312,32,61,3.464407,3.621663,1363,7.3664
17313,61,2,5.408702,5.840703,1448,7.6060
17314,2,12,2.760744,2.892335,1287,7.0537
17315,12,20,4.141872,3.838310,1431,7.5574
17316,20,10,1.759676,1.571866,1350,7.2224
17317,10,11,7.766957,7.940147,1440,7.5427
17318,11,24,4.641309,4.692174,1320,7.2091
17319,24,54,3.655022,3.527670,1465,7.6174
17320,54,25,2.315736,2.203131,1410,7.5563
17321,25,29,2.259541,3.096927,1450,7.6080
17322,29,11,2.361364,2.824980,1436,7.5797
17323,11,24,4.394013,4.626028,1435,7.5519
17324,24,0,5.225031,5.332602,1461,7.5799
17325,0,25,2.210677,2.132167,1447,7.5610
17326,25,36,2.685720,2.298788,1405,7.4890
17327,36,29,2.410309,2.815816,1416,7.5401
17328,29,48,3.047422,3.192221,1452,7.6153
17329,48,51,3.036026,3.105316,1427,7.5492
17330,51,29,2.676512,3.439216,1449,7.6085
17331,29,48,2.685995,2.986600,1446,7.6196
17332,48,25,3.569956,4.149966,1432,7.5519
17333,25,29,2.083910,2.980548,1429,7.5772
17334,29,23,2.151752,2.095743,1428,7.5912
17335,23,29,1.394125,1.371946,1443,7.5956
17336,29,23,1.961067,1.937287,1436,7.5946
17337,23,29,1.274172,1.315581,1437,7.5839
17338,29,11,2.691598,2.956497,1445,7.5960
17339,11,45,2.804602,2.672669,1433,7.5634
17340,45,30,2.631667,2.746527,1408,7.5712
17341,30,31,3.564535,3.498502,1277,6.8869
17342,31,30,3.425950,2.956166,1388,7.3734
17343,30,46,2.544330,2.404064,1377,7.4651
17344,46,1,4.358617,5.269690,1404,7.4894
17345,1,47,2.441544,2.067672,1424,7.6132
17346,47,56,2.874854,3.230524,1426,7.5388
17347,56,34,3.428067,3.452502,1382,7.3664
17348,34,35,3.719359,4.331394,1438,7.6059
17349,35,0,2.723434,2.695621,1392,7.2262
17350,0,21,3.507074,3.460424,1432,7.5459
17351,21,48,2.264785,2.623794,1355,7.2085
17352,48,25,3.398356,4.019304,1422,7.5554
17353,25,36,2.713361,2.193379,1429,7.6019
17354,36,34,3.748167,3.995800,1450,7.6489
17355,34,40,1.998166,2.329900,1428,7.5947
17356,40,57,2.423598,2.323781,1428,7.7166
17357,57,52,2.653749,3.134617,1332,7.3670
17358,52,21,5.140515,5.181443,1197,6.5442
17359,21,47,3.829502,3.950223,1234,6.7260
17360,47,56,2.559554,3.038846,1428,7.5493
17361,56,34,3.250545,3.431154,1350,7.3477
17362,34,40,1.851727,2.270966,1425,7.5895
17363,40,57,2.264974,2.300605,1456,7.7108
17364,57,52,2.536982,3.075486,1379,7.4086
17365,52,22,4.642064,4.855367,1388,7.4599
17366,22,20,4.295037,4.723627,1415,7.5646
17367,20,10,1.556524,1.526967,1426,7.5338
17368,10,11,7.810150,7.891752,1444,7.6245
17369,11,42,2.449126,2.272026,1359,7.3585
17370,42,45,2.466879,2.162316,1444,7.5920
17371,45,30,2.677596,2.692082,1458,7.6522
17372,30,31,3.373057,3.316757,1426,7.5822
17373,31,12,3.982928,3.623592,1450,7.5486
17374,12,43,4.632274,4.420079,1363,7.3049
17375,43,51,4.531742,4.505683,1450,7.6063
17376,51,16,2.620474,2.356122,1440,7.5778
17377,16,23,3.285214,3.636568,1423,7.5188
17378,23,0,5.147283,5.713643,1439,7.6244
17379,0,60,3.515117,3.830952,1448,7.5622
17380,60,36,3.010592,2.766805,1238,6.6327
17381,36,21,3.630208,3.695679,1417,7.5194
17382,21,48,2.433426,2.532718,1445,7.5983
17383,48,6,4.132317,4.089402,1444,7.5838
17384,6,22,4.504032,5.416770,1370,7.4566
17385,22,35,4.780322,5.256058,1406,7.4571
17386,35,53,3.162100,3.802309,1446,7.6057
17387,53,11,4.386624,4.308277,1466,7.6055
17388,11,45,2.634734,2.385785,1460,7.6283
17389,45,30,2.463676,2.642988,1443,7.6073
17390,30,31,3.202766,3.245422,1415,7.4911
17391,31,12,3.808172,3.526437,1439,7.5401
17392,12,20,4.078306,3.759373,1476,7.6393
17393,20,3,3.004564,3.504002,1369,7.3795
17394,3,39,3.242948,3.335566,1426,7.5043
17395,39,44,3.035823,2.815609,1336,7.1665
17396,44,35,4.584235,4.855131,1442,7.5504
17397,35,53,3.070352,3.647907,1439,7.5591
17398,53,17,1.990432,1.692367,1425,7.5616
17399,17,2,4.085757,4.428326,1364,7.4384
17400,2,45,3.813436,3.533128,1100,6.1193
17401,45,30,2.245374,2.479920,1363,7.3997
17402,30,31,3.068922,3.168416,1453,7.6476
17403,31,54,3.455632,3.569264,1439,7.5826
17404,54,0,4.187645,3.777242,1332,7.2353
17405,0,25,2.226387,2.083697,1441,7.5679
17406,25,29,2.295561,3.069227,1461,7.6180
17407,29,23,1.728678,1.827480,1454,7.6283
17408,23,0,4.770367,5.493330,1453,7.6119
17409,0,60,3.547141,3.737236,1447,7.5466
17410,60,36,3.046137,2.685334,1352,7.1692
17411,36,21,3.348274,3.493600,1416,7.5157
17412,21,47,3.734572,3.964374,1427,7.5652
17413,47,51,3.999781,3.761389,1371,7.4409
17414,51,29,2.592964,3.431319,1435,7.5575
17415,29,48,2.779743,2.911934,1446,7.6195
17416,48,51,3.246410,3.282232,1386,7.3587
17417,51,16,2.463725,2.343818,1456,7.6060
17418,16,21,4.892025,5.901457,1432,7.5495
17419,21,9,4.084806,4.445961,1456,7.5676
17420,9,15,2.439044,2.502781,1422,7.5660
17421,15,39,3.177609,3.296467,1418,7.5790
17422,39,44,2.949001,2.659971,1423,7.5604
17423,44,35,4.500326,4.802328,1451,7.5814
17424,35,53,2.929035,3.522025,1423,7.4312
17425,53,11,4.313308,4.280654,1354,7.3372
17426,11,42,2.465041,2.275908,1463,7.5911
17427,42,54,3.808480,3.697752,1435,7.6043
17428,54,0,3.793016,3.626020,1351,7.3088
17429,0,21,3.437514,3.337703,1449,7.5491
17430,21,48,2.183895,2.431803,1455,7.5829
17431,48,51,3.009039,3.177678,1448,7.5713
17432,51,29,2.815603,3.272997,1444,7.5719
17433,29,11,2.788341,3.081491,1455,7.6316
17434,11,45,2.562634,2.442852,1443,7.5427
17435,45,63,3.585963,4.086531,1354,7.2589
17436,63,18,2.827671,2.746690,1244,6.8668
17437,18,18,0.788720,0.372846,1403,7.5374
17438,18,18,0.649484,0.308411,1416,7.5599
17439,18,38,3.380810,3.809085,1444,7.5944
17440,38,50,2.945213,2.584551,1430,7.5552
17441,50,33,3.285741,3.858410,1339,7.1982
17442,33,55,3.095983,3.110864,1400,7.4861
17443,55,4,2.430240,2.565637,1454,7.5578
17444,4,6,6.222862,6.674095,1464,7.5684
17445,6,32,2.298880,2.528276,1327,7.1434
17446,32,9,3.194777,3.453797,1422,7.6718
17447,9,44,3.489959,3.377782,1415,7.5518
17448,44,35,4.415233,4.659944,1424,7.5017
17449,35,8,2.646566,2.565549,1415,7.4505
17450,8,41,2.175942,2.011865,1418,7.5879
17451,41,6,3.537154,3.648130,1324,7.1394
17452,6,32,2.476973,2.428072,1450,7.6224
17453,32,27,3.948751,3.976765,1451,7.6359
17454,27,20,4.088082,4.028816,1440,7.5788
17455,20,10,1.709774,1.539505,1445,7.6067
17456,10,2,3.809653,4.102295,1443,7.6253
17457,2,12,2.767950,2.972644,1340,7.1719
17458,12,35,3.124979,3.308385,1372,7.4189
17459,35,8,2.746478,2.518674,1395,7.5077
17460,8,52,5.695913,5.871596,1393,7.4549
17461,52,21,5.155441,5.069356,1419,7.5572
17462,21,9,4.075688,4.399945,1449,7.5845
17463,9,15,2.474147,2.526050,1438,7.5897
17464,15,49,3.151830,2.847206,1416,7.5477
17465,49,50,3.396328,3.402979,1305,7.0434
17466,50,53,4.865625,4.693288,1415,7.5655
17467,53,11,4.073265,4.102694,1369,7.3178
17468,11,42,2.446704,2.266494,1437,7.6153
17469,42,54,3.585064,3.580593,1427,7.5582
17470,54,0,3.563457,3.511895,1387,7.3815
17471,0,60,3.457969,3.677681,1452,7.5645
17472,60,38,3.253772,3.258256,1394,7.3814
17473,38,2,4.076072,4.204213,1447,7.5615
17474,2,12,2.795961,2.834302,1429,7.6053
17475,12,35,2.932310,3.202526,1441,7.6238
17476,35,0,3.049613,3.143723,1370,7.2722
17477,0,21,3.468456,3.393707,1445,7.5654
17478,21,9,3.782383,4.363265,1411,7.5279
17479,9,15,2.404440,2.482872,1440,7.6147
17480,15,49,3.186804,2.790040,1449,7.5839
17481,49,43,4.540759,4.525214,1406,7.4174
17482,43,46,4.414359,4.386627,1427,7.6209
17483,46,47,2.763496,2.770663,1378,7.4207
17484,47,56,2.212110,3.017966,1461,7.5889
17485,56,34,3.005095,3.305377,1245,6.9616
17486,34,7,3.827274,4.703442,1408,7.5725
17487,7,31,3.276581,3.182931,1418,7.5548
17488,31,12,3.840560,3.580369,1381,7.4733
17489,12,35,2.839715,3.046278,1451,7.6119
17490,35,0,2.934996,3.019032,1451,7.5914
17491,0,60,3.155611,3.586487,1443,7.5412
17492,60,36,2.934483,2.632999,1437,7.5508
17493,36,29,2.558752,3.058480,1461,7.6335
17494,29,11,2.586125,2.965161,1435,7.5653
17495,11,24,4.166348,4.432396,1454,7.5730
17496,24,0,4.960626,4.893986,1282,6.9013
17497,0,25,2.339829,2.129558,1464,7.5822
17498,25,36,2.539501,2.110103,1432,7.5852
17499,36,29,2.430479,2.971264,1451,7.6177
17500,29,23,2.062057,2.045672,1407,7.5270
17501,23,29,1.663642,1.552236,1461,7.6201
17502,29,48,2.693934,2.864814,1413,7.5239
17503,48,51,2.995048,3.047157,1440,7.5598
17504,51,29,2.863563,3.151143,1438,7.5968
17505,29,48,2.511349,2.687526,1450,7.5883
17506,48,51,2.828474,2.976256,1440,7.5605
17507,51,16,2.457278,2.462831,1436,7.5661
17508,16,53,3.945299,4.439701,1447,7.5806
17509,53,17,2.104687,1.711117,1443,7.5802
17510,17,2,3.602099,4.271996,1449,7.5982
17511,2,12,2.507820,2.787151,1379,7.4416
17512,12,35,2.761797,2.949102,1417,7.4189
17513,35,0,2.996447,3.013003,1450,7.5985
17514,0,60,3.209934,3.491253,1421,7.5073
17515,60,38,3.380740,3.309438,1458,7.5684
17516,38,50,3.010030,2.632810,1421,7.5014
17517,50,53,4.796200,4.591972,1337,7.1641
17518,53,17,2.078553,1.653712,1454,7.6117
17519,17,2,3.523604,4.146853,1375,7.3961
17520,2,12,2.628434,2.700729,1431,7.5962
17521,12,20,4.033440,3.638647,1386,7.3405
17522,20,3,3.225572,3.408275,1419,7.5906
17523,3,41,2.992092,3.228175,1436,7.5548
17524,41,6,3.322778,3.439352,1275,6.8854
17525,6,22,4.423049,5.259806,1457,7.5877
17526,22,20,4.342318,4.725887,1385,7.2240
17527,20,8,3.570636,3.396943,1365,7.2099
17528,8,41,2.055514,1.981565,1450,7.6714
17529,41,36,6.559551,5.972910,1457,7.5862
17530,36,34,3.613931,3.725889,1433,7.6434
17531,34,40,1.874733,2.295042,1436,7.6244
17532,40,57,2.097660,2.218129,1421,7.6726
17533,57,52,2.708759,3.043824,1450,7.6747
17534,52,22,4.376944,4.558302,1372,7.3997
17535,22,35,4.856781,5.405888,1403,7.4440
17536,35,8,2.859010,2.596447,1465,7.5729
17537,8,41,2.011678,1.946919,1391,7.5086
17538,41,6,3.214072,3.428569,1384,7.4407
17539,6,22,4.144303,5.112979,1465,7.6217
17540,22,35,4.950631,5.260152,1450,7.5779
17541,35,8,2.505167,2.461101,1385,7.4286
17542,8,41,1.919843,1.914341,1393,7.4323
17543,41,6,2.841835,3.358791,1392,7.4261
17544,6,56,2.600196,2.827577,1400,7.4602
17545,56,1,2.592720,2.832606,1422,7.6473
17546,1,32,2.519215,2.855505,1449,7.5674
17547,32,9,3.345599,3.507524,1418,7.5860
17548,9,44,3.395064,3.438168,1411,7.5800
17549,44,27,3.153034,3.387324,1313,7.0308
17550,27,20,3.931306,4.034594,1457,7.6096
17551,20,3,3.191338,3.272879,1365,7.3154
17552,3,39,3.014618,3.193377,1443,7.5610
17553,39,59,3.442386,3.623249,1413,7.5531
17554,59,10,3.682259,3.952151,1428,7.5795
17555,10,2,3.535393,3.954666,1427,7.5829
17556,2,12,2.551108,2.640768,1384,7.3983
17557,12,35,2.827241,3.089155,1378,7.4646
17558,35,53,3.186073,3.848751,1391,7.4557
17559,53,11,3.908353,3.961675,1381,7.3316
17560,11,45,2.607302,2.447444,1433,7.6093
17561,45,63,3.365848,3.931211,1422,7.5546
17562,63,18,2.750529,2.631807,1405,7.4427
17563,18,18,0.624344,0.300019,1367,7.3516
17564,18,12,4.787619,5.107738,1417,7.5569
17565,12,20,3.932885,3.630096,1434,7.6068
17566,20,3,2.975958,3.189461,1445,7.5860
17567,3,10,2.850443,2.476539,1439,7.5661
17568,10,2,3.211004,3.815123,1417,7.5232
17569,2,45,3.922127,3.814322,1311,6.9755
17570,45,63,3.228011,3.729873,1417,7.6032
17571,63,18,2.711640,2.589427,1459,7.5916
17572,18,12,4.076693,4.763841,1465,7.6264
17573,12,35,2.883671,3.128919,1452,7.6354
17574,35,0,2.932878,2.955025,1432,7.5601
17575,0,25,2.303841,2.183718,1458,7.5859
17576,25,29,2.491014,3.090337,1454,7.6137
17577,29,11,2.647817,3.046499,1448,7.5807
17578,11,42,2.419128,2.350932,1444,7.5736
17579,42,54,3.177572,3.441209,1390,7.4835
17580,54,25,2.526778,2.379126,1336,7.1509
17581,25,2,5.756505,5.245674,1450,7.6121
17582,2,45,4.261052,3.517724,1223,6.9226
17583,45,30,2.368228,2.581719,1434,7.5846
17584,30,31,2.866131,3.046556,1381,7.4668
17585,31,12,3.986751,3.770763,1453,7.5922
17586,12,35,2.823586,2.946156,1459,7.6080
17587,35,8,2.789091,2.578226,1445,7.5693
17588,8,52,5.539417,5.865892,1428,7.5957
17589,52,21,4.971294,4.801868,1379,7.4513
17590,21,47,3.794875,3.951608,1450,7.5758
17591,47,56,2.387807,2.953746,1436,7.5922
17592,56,34,3.079160,3.278028,1447,7.6315
17593,34,40,1.821130,2.260677,1454,7.6395
17594,40,57,2.010599,2.210540,1447,7.6737
17595,57,32,4.469037,4.905379,1435,7.6804
17596,32,27,3.519970,3.549432,1444,7.6337
17597,27,2,5.126908,5.547510,1263,6.8796
17598,2,12,2.700388,2.770375,1434,7.5977
17599,12,43,4.668403,4.569822,1442,7.6407
17600,43,11,4.333544,4.423299,1383,7.4718
17601,11,45,2.912065,2.615312,1461,7.6257
17602,45,63,3.115217,3.635211,1453,7.6484
17603,63,47,4.082085,4.540711,1455,7.5944
17604,47,56,2.237769,2.863037,1403,7.4002
17605,56,34,3.030768,3.166619,1454,7.6543
17606,34,40,1.679908,2.236795,1448,7.6240
17607,40,57,1.917590,2.200012,1450,7.6847
17608,57,32,4.283398,4.720831,1457,7.6870
17609,32,27,3.436164,3.305506,1396,7.4973
17610,27,2,4.957583,5.500507,1345,7.0969
17611,2,54,5.221724,4.769888,1374,7.4605
17612,54,25,2.495615,2.255166,1408,7.4671
17613,25,29,2.374122,3.078624,1432,7.6142
17614,29,23,2.164507,2.161789,1376,7.4487
17615,23,18,3.848057,4.157867,1425,7.6209
17616,18,38,3.324131,3.680738,1417,7.5091
17617,38,54,4.876384,5.309335,1453,7.5980
17618,54,25,2.275105,2.140369,1428,7.6478
17619,25,36,2.634068,2.423888,1441,7.5815
17620,36,29,2.458741,2.861122,1439,7.6124
17621,29,11,2.614847,3.029251,1337,7.1922
17622,11,24,4.129508,4.292047,1440,7.5617
17623,24,54,3.605886,3.387776,1408,7.4358
17624,54,44,5.729810,5.991876,1436,7.5870
17625,44,35,4.684292,4.908139,1134,6.2813
17626,35,8,2.688807,2.455391,1421,7.5443
17627,8,52,5.683752,5.774138,1400,7.4765
17628,52,52,1.229350,0.801734,1402,7.5185
17629,52,22,4.097159,4.273014,1375,7.4202
17630,22,35,4.921243,5.312253,1376,7.2182
17631,35,8,2.174572,2.323785,1409,7.4079
17632,8,56,4.116638,4.534891,1400,7.4218
17633,56,1,2.522794,2.778481,1420,7.5795
17634,1,32,2.663927,2.869445,1402,7.3936
17635,32,9,3.103342,3.375028,1441,7.6576
17636,9,15,2.403168,2.468834,1415,7.4675
17637,15,49,2.765298,2.675080,1439,7.5735
17638,49,50,3.377333,3.492803,1372,7.4224
17639,50,53,4.707831,4.473868,1331,7.2075
17640,53,17,1.920216,1.677682,1331,7.0538
17641,17,7,2.962408,3.359112,1449,7.6079
17642,7,31,3.261081,3.131825,1451,7.6009
17643,31,54,3.562026,3.551786,1453,7.5999
17644,54,25,2.243604,2.099769,1274,7.0473
17645,25,36,2.713133,2.339966,1378,7.3672
17646,36,34,3.484830,3.833249,1462,7.6617
17647,34,40,1.851795,2.205323,1434,7.5940
17648,40,57,1.908929,2.200131,1447,7.6862
17649,57,32,3.943313,4.516768,1409,7.6078
17650,32,61,3.466742,3.433326,1363,7.3298
17651,61,33,3.145281,3.062811,1421,7.5544
17652,33,55,2.702433,2.991717,1292,7.0683
17653,55,4,2.341928,2.505915,1162,6.3003
17654,4,23,4.257367,4.532401,1385,7.2589
17655,23,29,1.679254,1.650544,1323,7.1289
17656,29,11,2.499192,2.886543,1425,7.6022
17657,11,45,2.850069,2.650541,1450,7.5748
17658,45,30,2.690658,2.640376,1458,7.6156
17659,30,31,2.911584,3.000262,1393,7.4571
17660,31,30,2.789113,2.630587,1417,7.4890
17661,30,31,2.667759,2.762859,1432,7.5941
17662,31,30,2.453046,2.436496,1419,7.4691
17663,30,31,2.399768,2.556389,1428,7.5339
17664,31,54,3.387971,3.562581,1454,7.5779
17665,54,25,2.160655,2.048300,1309,7.1807
17666,25,2,5.833217,5.405075,1461,7.6242
17667,2,12,2.671378,2.659353,1390,7.5153
17668,12,35,2.756494,3.026651,1431,7.5849
17669,35,8,2.154283,2.292333,1437,7.5745
17670,8,41,1.961375,2.180015,1440,7.5854
17671,41,6,2.776943,3.214787,1431,7.5543
17672,6,32,2.405257,2.766129,1428,7.5507
17673,32,61,3.306951,3.338414,1429,7.6516
17674,61,33,2.879173,3.061154,1434,7.6024
17675,33,11,6.718979,6.871343,1326,7.2897
17676,11,45,2.733734,2.511103,1326,7.1072
17677,45,30,2.612793,2.603974,1428,7.5823
17678,30,31,2.172143,2.508000,1413,7.4991
17679,31,12,4.314960,4.029184,1417,7.5577
17680,12,35,2.593588,2.865846,1428,7.5288
17681,35,53,3.109231,3.994765,1469,7.5936
17682,53,11,4.276737,3.985240,1305,6.9186
17683,11,42,2.722254,2.485269,1374,7.2767
17684,42,54,3.410215,3.407431,1447,7.5949
17685,54,0,3.869673,3.654925,1186,6.5923
17686,0,60,3.195835,3.439509,1436,7.5548
17687,60,36,2.953822,2.568577,1431,7.4941
17688,36,21,3.186769,3.398224,1449,7.6394
17689,21,48,2.230454,2.470906,1448,7.5799
17690,48,6,4.446618,4.302191,1398,7.4077
17691,6,32,2.076030,2.721842,1330,7.1369
17692,32,61,3.066093,3.234940,1204,6.5192
17693,61,33,3.104398,3.056660,1436,7.6368
17694,33,11,6.582663,6.780722,1440,7.5854
17695,11,45,2.501780,2.396194,1409,7.4762
17696,45,63,3.180628,3.719408,1439,7.6334
17697,63,18,2.728145,2.633532,1453,7.5930
17698,18,12,4.005724,4.719191,1444,7.6004
17699,12,20,3.890696,3.602753,1387,7.4183
17700,20,10,1.961702,1.792179,1341,7.2243
17701,10,11,7.100235,7.345742,1422,7.5792
17702,11,42,2.616848,2.361977,1440,7.5672
17703,42,54,3.225921,3.286744,1449,7.6263
17704,54,25,2.220776,2.059474,1466,7.6652
17705,25,36,2.503995,2.335722,1434,7.5850
17706,36,34,3.516262,3.737998,1457,7.6303
17707,34,40,1.743289,2.184619,1271,7.0113
17708,40,57,1.758294,2.205032,1458,7.6925
17709,57,52,3.063489,3.303448,1391,7.5551
17710,52,21,4.664734,4.624798,1265,6.9460
17711,21,48,2.166588,2.392595,1319,7.2322
17712,48,51,2.755821,2.844040,1465,7.5827
17713,51,29,2.623386,3.105023,1440,7.6001
17714,29,11,3.003262,3.239915,1359,7.3352
17715,11,45,2.488995,2.341171,1447,7.5618
17716,45,63,3.022633,3.620596,1447,7.6064
17717,63,47,4.067495,4.571118,1449,7.5523
17718,47,56,2.298395,2.833550,1440,7.6123
17719,56,1,2.450916,2.653806,1284,7.0517
17720,1,32,2.480271,2.810409,1392,7.4529
17721,32,61,2.847569,3.073607,1433,7.6429
17722,61,2,5.290232,5.849972,1442,7.6110
17723,2,12,2.549324,2.729684,1409,7.5401
17724,12,35,2.755067,2.845156,1375,7.4496
17725,35,53,3.177499,3.894320,1463,7.6008
17726,53,11,4.092134,4.044419,1336,7.2106
17727,11,42,2.611794,2.356351,1435,7.5782
17728,42,0,4.383462,4.632169,1457,7.6115
17729,0,60,3.080110,3.349120,1488,7.6210
17730,60,36,2.760133,2.475981,1437,7.5511
17731,36,34,3.602327,3.576621,1430,7.6277
17732,34,40,1.772290,2.152330,1254,6.7936
17733,40,57,1.968334,2.228412,1456,7.7075
17734,57,32,4.213910,4.452517,1411,7.5941
17735,32,61,2.744498,2.861697,1347,7.2002
17736,61,33,3.070747,3.184468,1343,7.2310
17737,33,11,6.333307,6.667046,1353,7.2445
17738,11,45,2.452421,2.280745,1407,7.5313
17739,45,62,5.022663,5.682094,1431,7.5929
17740,62,60,3.894856,4.069864,1373,7.4347
17741,60,38,3.417127,3.278535,1467,7.5806
17742,38,50,3.064550,2.668182,1436,7.5357
17743,50,53,4.698468,4.350423,1402,7.5129
17744,53,11,3.816157,3.945568,1414,7.4808
17745,11,45,2.426620,2.173694,1437,7.5780
17746,45,63,3.103940,3.622786,1419,7.5595
17747,63,18,2.775764,2.661862,1461,7.6052
17748,18,12,3.891313,4.514631,1457,7.6659
17749,12,35,2.386676,2.795827,1376,7.4276
17750,35,0,3.241450,3.306536,1446,7.5856
17751,0,25,2.374106,2.117295,1449,7.5706
17752,25,36,2.365413,2.221479,1421,7.5589
17753,36,29,2.665427,3.103078,1441,7.6333
17754,29,11,3.076217,3.318206,1374,7.3176
17755,11,42,2.636842,2.356752,1429,7.5272
17756,42,45,2.384166,1.987197,1428,7.5472
17757,45,30,3.008739,2.961073,1426,7.5819
17758,30,31,2.225262,2.447286,1437,7.5608
17759,31,54,3.305890,3.439334,1444,7.5652
17760,54,25,2.057977,2.025243,1388,7.4526
17761,25,36,2.291431,2.171486,1346,7.3010
17762,36,34,3.687656,3.680074,1444,7.6507
17763,34,40,1.796909,2.126977,1296,7.1040
17764,40,25,5.997974,6.673488,1447,7.6875
17765,25,29,2.710011,3.434544,1403,7.4533
17766,29,23,2.356948,2.379491,1406,7.4573
17767,23,29,1.852572,1.724460,1420,7.5400
17768,29,23,2.268916,2.215268,1420,7.5810
17769,23,29,1.641974,1.610430,1440,7.6003
17770,29,23,2.130595,2.062551,1410,7.5712
17771,23,0,4.763992,5.312607,1458,7.6219
17772,0,21,4.037908,3.709481,1452,7.5812
17773,21,48,2.084412,2.431046,1452,7.5820
17774,48,6,3.851831,4.014426,1239,6.7361
17775,6,32,2.219156,2.821357,1262,6.9594
17776,32,27,3.419363,3.485482,1389,7.4700
17777,27,2,4.614246,5.295548,1465,7.5910
17778,2,45,3.941022,3.813220,1352,7.3284
17779,45,63,3.050102,3.473985,1413,7.5366
17780,63,6,5.368186,5.555116,1446,7.5867
17781,6,32,2.183433,2.715918,1294,7.1590
17782,32,27,3.168891,3.389629,1429,7.5944
17783,27,20,4.299009,4.307027,1444,7.5683
17784,20,3,2.904264,3.107443,1451,7.5761
17785,3,39,2.932391,3.192305,1440,7.6138
17786,39,44,3.081064,2.701758,1455,7.6244
17787,44,35,4.653533,4.994596,1400,7.3503
17788,35,8,2.650362,2.474628,1350,7.2312
17789,8,41,1.966450,2.086378,1408,7.4394
17790,41,36,6.238573,5.810923,1363,7.2868
17791,36,34,3.389156,3.298728,1316,7.2582
17792,34,35,4.209459,4.769942,1462,7.6504
17793,35,53,3.207808,3.875697,1360,7.2664
17794,53,11,3.894785,3.897673,1307,7.0182
17795,11,45,2.514024,2.213523,1302,6.9537
17796,45,30,2.988178,2.866743,1456,7.6053
17797,30,27,6.590742,7.142880,1426,7.5683
17798,27,20,4.128687,4.105192,1371,7.3491
17799,20,3,2.861529,2.959512,1330,7.2272
17800,3,39,2.907753,3.113076,1430,7.4983
17801,39,59,3.474717,3.627799,1408,7.5368
17802,59,15,4.778449,4.563299,1364,7.4744
17803,15,19,3.737988,3.875408,1445,7.6282
17804,19,24,3.072544,2.891414,1449,7.6972
17805,24,54,3.363748,3.497039,1443,7.5823
17806,54,0,3.588883,3.540459,1419,7.5905
17807,0,21,3.868079,3.609392,1268,6.7927
17808,21,48,1.990663,2.401568,1319,7.1429
17809,48,51,2.762866,2.827761,1427,7.5519
17810,51,51,1.078500,0.556982,1447,7.5934
17811,51,29,2.518547,3.151517,1442,7.5781
17812,29,48,2.538954,2.762132,1439,7.5948
17813,48,25,3.855246,4.590928,1455,7.6085
17814,25,36,2.419923,2.201511,1424,7.5761
17815,36,21,3.044134,3.258947,1446,7.6429
17816,21,48,1.933144,2.322978,1446,7.5611
17817,48,51,2.739310,2.724110,1460,7.6173
17818,51,29,2.218604,3.003925,1460,7.5737
17819,29,23,2.177978,2.030628,1422,7.5633
17820,23,18,3.842992,4.170246,1458,7.6370
17821,18,12,3.314159,4.340032,1335,7.2997
17822,12,20,3.742571,3.656847,1293,7.0425
17823,20,10,2.001545,1.818868,1451,7.6242
17824,10,11,6.843714,7.181787,1342,7.3533
17825,11,45,2.504641,2.132072,1422,7.5618
17826,45,63,3.066987,3.501811,1430,7.5672
17827,63,6,5.260101,5.436380,1436,7.6483
17828,6,56,2.884508,3.021563,1435,7.6261
17829,56,1,2.321446,2.565761,1421,7.5608
17830,1,47,2.786595,2.436699,1452,7.6087
17831,47,22,3.592700,3.252358,1438,7.5863
17832,22,35,5.310177,5.310035,1443,7.5686
17833,35,8,2.381145,2.332133,1444,7.5680
17834,8,41,2.073178,2.057367,1355,7.2999
17835,41,30,6.303747,6.406573,1415,7.5200
17836,30,31,2.490252,2.329437,1381,7.4699
17837,31,30,2.436204,2.380178,1423,7.5424
17838,30,46,3.368382,3.286715,1423,7.6080
17839,46,47,2.592390,2.534673,1448,7.7069
17840,47,22,3.194219,3.207026,1430,7.5434
17841,22,47,2.951856,2.526104,1377,7.3542
17842,47,22,3.152280,2.973267,1428,7.5754
17843,22,35,5.089601,5.196956,1434,7.5552
17844,35,0,3.092807,3.308849,1352,7.2097
17845,0,60,3.280270,3.407712,1448,7.5954
17846,60,38,3.154388,3.220862,1345,7.2641
17847,38,2,4.545339,4.586500,1412,7.4931
17848,2,12,2.720487,2.761188,1368,7.3529
17849,12,20,3.621463,3.460253,1386,7.4170
17850,20,10,1.892651,1.787348,1411,7.5894
17851,10,2,3.522420,3.913981,1451,7.5987
17852,2,45,4.172932,3.787390,1447,7.6178
17853,45,63,2.828924,3.291689,1355,7.4099
17854,63,6,5.202347,5.328022,1418,7.5905
17855,6,32,2.153059,2.685900,1439,7.6170
17856,32,9,3.224463,3.382861,1425,7.5988
17857,9,44,3.416372,3.387612,1429,7.5933
17858,44,35,5.001117,4.887631,1455,7.6015
17859,35,53,3.071359,3.693181,1404,7.4042
17860,53,11,3.918924,3.843324,1375,7.3975
17861,11,45,2.380518,2.138693,1408,7.4190
17862,45,63,2.505414,3.210700,1460,7.6104
17863,63,18,3.091182,2.837691,1447,7.5605
17864,18,12,3.284091,4.198044,1413,7.5497
17865,12,20,3.296002,3.367883,1361,7.2855
17866,20,10,1.792490,1.774272,1462,7.6072
17867,10,2,3.304129,3.760960,1429,7.4678
17868,2,45,4.192889,3.812875,1439,7.6248
17869,45,63,2.515881,3.030176,1439,7.5951
17870,63,6,5.078541,5.375064,1448,7.5784
17871,6,32,2.114353,2.657071,1399,7.4009
17872,32,27,3.321944,3.390711,1414,7.5603
17873,27,20,4.194765,4.210278,1438,7.5844
17874,20,10,1.835842,1.727727,1410,7.4671
17875,10,11,6.870531,7.244594,1452,7.6664
17876,11,45,2.443367,2.128474,1329,7.1826
17877,45,30,3.128278,3.149558,1404,7.4684
17878,30,31,2.071193,2.250473,1441,7.6362
17879,31,30,2.201915,2.264834,1429,7.5563
17880,30,46,3.390989,3.260100,1444,7.6001
17881,46,1,3.817788,4.608812,1441,7.6520
17882,1,47,2.431413,2.200429,1394,7.4134
17883,47,56,2.430070,2.880549,1443,7.5707
17884,56,34,3.223369,3.385156,1416,7.5047
17885,34,35,4.126220,4.575639,1442,7.6256
17886,35,0,2.931167,3.192138,1358,7.3016
17887,0,21,3.484528,3.500502,1427,7.5607
17888,21,48,1.904881,2.322525,1446,7.5476
17889,48,51,2.538026,2.641632,1414,7.5028
17890,51,29,2.211656,2.903459,1427,7.5570
17891,29,23,1.946070,1.957895,1439,7.6020
17892,23,29,1.638804,1.558868,1426,7.5908
17893,29,23,1.910589,1.840441,1427,7.5912
17894,23,29,1.538096,1.473074,1463,7.6382
17895,29,11,3.994118,4.094042,1411,7.5852
17896,11,42,2.947585,2.622508,1455,7.5399
17897,42,45,2.757988,2.090170,1435,7.5674
17898,45,30,3.101240,3.024954,1362,7.2330
17899,30,46,3.144035,3.214004,1431,7.5761
17900,46,47,2.249901,2.582938,1352,7.3639
17901,47,22,2.931283,2.916790,1231,6.7435
17902,22,47,2.714467,2.271410,1414,7.4748
17903,47,22,3.038368,2.688624,1446,7.5916
17904,22,35,4.535828,5.111419,1350,7.0381
17905,35,0,2.735318,3.079678,1415,7.5149
17906,0,21,3.469173,3.420175,1442,7.5649
17907,21,9,4.479034,4.733204,1443,7.5926
17908,9,44,3.455614,3.294028,1410,7.5802
17909,44,35,4.710901,4.765255,1329,7.0993
17910,35,53,2.831774,3.648007,1445,7.5701
17911,53,11,3.809255,3.837303,1406,7.4328
17912,11,42,2.816817,2.578171,1430,7.5648
17913,42,54,3.158182,3.318368,1464,7.5965
17914,54,25,2.295191,2.183685,1383,7.4360
17915,25,36,2.459750,2.197442,1431,7.5566
17916,36,29,2.656735,3.208700,1452,7.6508
17917,29,48,2.544009,2.844361,1435,7.6749
17918,48,51,2.493237,2.579732,1420,7.5043
17919,51,29,2.088506,2.744971,1438,7.5680
17920,29,48,2.512502,2.710547,1444,7.6259
17921,48,51,2.317010,2.506844,1460,7.5742
17922,51,29,2.076118,2.655833,1440,7.5733
17923,29,11,3.860949,4.056356,1459,7.6145
17924,11,42,2.753278,2.498414,1453,7.5563
17925,42,54,3.092892,3.240566,1460,7.5611
17926,54,44,5.589247,6.042431,1363,7.2708
17927,44,35,4.376931,4.579223,1363,7.3776
17928,35,0,3.071490,3.032005,1442,7.6074
17929,0,21,3.223998,3.336179,1478,7.6182
17930,21,9,4.404310,4.672488,1414,7.4784
17931,9,3,3.255647,3.451227,1423,7.5314
17932,3,10,2.479753,2.236275,1437,7.5430
17933,10,2,3.028472,3.642346,1437,7.6109
17934,2,54,5.539275,5.127568,1452,7.5421
17935,54,25,2.105594,2.111743,1378,7.4416
17936,25,2,5.691262,5.526251,1463,7.6178
17937,2,54,5.259540,4.780284,1439,7.5841
17938,54,0,3.344126,3.571178,1360,7.3781
17939,0,25,2.557617,2.310642,1422,7.5256
17940,25,2,5.417207,5.417137,1413,7.5357
17941,2,12,2.844558,2.822348,1377,7.4409
17942,12,35,3.334613,3.702497,1389,7.3804
17943,35,8,2.448342,2.497279,1381,7.3278
17944,8,41,1.867665,1.961942,1414,7.5054
17945,41,6,3.620603,3.726507,1434,7.5997
17946,6,32,2.323995,2.585469,1446,7.5803
17947,32,27,3.056959,3.251476,1350,7.1878
17948,27,20,4.013571,4.158686,1420,7.4516
17949,20,3,2.956081,3.117418,1435,7.6037
17950,3,39,2.696201,3.081315,1455,7.5633
17951,39,59,3.425284,3.507487,1405,7.4893
17952,59,15,4.630461,4.362820,1349,7.2246
17953,15,19,3.704852,3.583562,1434,7.5756
17954,19,38,5.567468,5.722438,1372,7.3961
17955,38,50,3.038585,2.462934,1369,7.4299
17956,50,54,4.609109,5.120662,1387,7.2820
17957,54,0,3.198982,3.481781,1423,7.5885
17958,0,60,3.064235,3.504451,1446,7.5820
17959,60,38,3.252828,3.276803,1451,7.5637
17960,38,50,2.737782,2.414149,1455,7.5571
17961,50,53,4.448529,4.269801,1435,7.5800
17962,53,11,3.638918,3.708553,1435,7.5391
17963,11,24,3.965617,4.177179,1443,7.5915
17964,24,54,3.325057,3.359413,1460,7.6007
17965,54,25,2.010539,2.076568,1431,7.6125
17966,25,36,2.373922,2.297058,1435,7.5706
17967,36,29,2.674687,3.196030,1462,7.6508
17968,29,11,3.670181,3.867359,1391,7.4125
17969,11,42,2.726213,2.468949,1419,7.5294
17970,42,54,3.207281,3.367146,1433,7.5828
17971,54,25,1.921665,2.004259,1438,7.6013
17972,25,2,5.721720,5.351656,1398,7.4076
17973,2,54,4.954778,4.334350,1281,7.0323
17974,54,25,1.792439,1.926651,1412,7.4822
17975,25,2,5.411047,5.214290,1466,7.6348
17976,2,54,4.582754,4.058565,1439,7.6165
17977,54,25,1.745765,1.848996,1454,7.6408
17978,25,36,2.358039,2.426700,1424,7.5704
17979,36,29,2.491209,3.132502,1460,7.6475
17980,29,11,3.500160,3.667006,1415,7.5587
17981,11,45,2.459790,2.312064,1346,7.1411
17982,45,63,2.527880,3.181722,1463,7.6158
17983,63,47,4.454737,5.154484,1473,7.6332
17984,47,56,2.336416,2.876720,1401,7.5135
17985,56,34,3.268105,3.303568,1285,6.9114
17986,34,40,1.962169,2.195406,1409,7.5657
17987,40,57,1.960656,2.240153,1459,7.7033
17988,57,52,3.055575,3.185535,1394,7.6008
17989,52,22,4.419386,4.454397,1176,6.5551
17990,22,47,2.607672,2.221302,1377,7.4279
17991,47,56,2.279280,2.736475,1396,7.4727
17992,56,6,3.574258,3.598214,1421,7.5636
17993,6,32,2.073972,2.476995,1427,7.5646
17994,32,9,3.143841,3.419564,1433,7.6141
17995,9,15,2.860150,2.775840,1430,7.5706
17996,15,49,2.885958,2.458833,1368,7.3797
17997,49,50,3.427643,3.543384,1405,7.5044
17998,50,54,4.346139,4.913540,1351,7.3601
17999,54,25,1.852271,1.817672,1333,7.2368
18000,25,29,2.863733,3.728182,1450,7.6052
18001,29,11,3.265815,3.485530,1353,7.2220
18002,11,42,2.638780,2.448908,1357,7.3151
18003,42,45,2.517274,2.025278,1445,7.5880
18004,45,30,2.979311,3.023217,1442,7.6026
18005,30,46,3.135987,3.135635,1454,7.6215
18006,46,46,1.063334,0.713560,1212,6.5327
18007,46,47,2.361306,2.675114,1405,7.6472
18008,47,51,4.631536,4.124104,1432,7.5606
18009,51,16,3.158110,2.766425,1386,7.3731
18010,16,23,2.863497,3.692738,1429,7.5102
18011,23,29,1.657650,1.631872,1444,7.6330
18012,29,11,3.202443,3.320805,1445,7.5640
18013,11,42,2.505654,2.394959,1436,7.5633
18014,42,0,4.231314,4.622893,1426,7.5404
18015,0,25,2.252242,2.060618,1455,7.5856
18016,25,29,2.802209,3.658122,1421,7.5516
18017,29,23,2.457228,2.378540,1426,7.5875
18018,23,29,1.586787,1.557131,1251,6.9254
18019,29,23,2.349506,2.204473,1423,7.5716
18020,23,29,1.447873,1.458803,1346,7.1832
18021,29,11,3.078718,3.305669,1443,7.5898
18022,11,42,2.448900,2.352943,1457,7.5685
18023,42,54,3.636003,3.745822,1428,7.5428
18024,54,0,3.665687,3.589941,1399,7.5032
18025,0,21,3.337530,3.417054,1427,7.5614
18026,21,48,2.350952,2.607091,1435,7.5827
18027,48,25,4.333728,4.705491,1427,7.5534
18028,25,36,2.466637,2.425348,1445,7.6022
18029,36,29,2.362315,2.946014,1453,7.6259
18030,29,11,2.842092,3.124961,1433,7.5711
18031,11,42,2.401029,2.283416,1437,7.5508
18032,42,54,3.496808,3.659277,1443,7.5642
18033,54,25,1.932933,1.862743,1392,7.3614
18034,25,2,5.136163,5.149211,1459,7.5892
18035,2,45,3.880585,3.428360,1411,7.5559
18036,45,30,2.825794,2.819683,1435,7.5754
18037,30,31,2.260014,2.458119,1443,7.5785
18038,31,12,4.359052,4.264696,1416,7.5796
18039,12,35,3.279731,3.486377,1343,7.1199
18040,35,53,3.115755,3.651891,1406,7.4506
18041,53,17,2.324284,1.992881,1354,7.2238
18042,17,1,4.813125,5.208606,1417,7.4649
18043,1,32,2.586556,3.049594,1456,7.5629
18044,32,9,3.145640,3.291669,1433,7.6265
18045,9,44,3.634696,3.411109,1459,7.6647
18046,44,35,4.328803,4.513819,1431,7.5769
18047,35,0,3.301124,3.180489,1422,7.5360
18048,0,21,3.232890,3.311141,1399,7.5061
18049,21,9,4.298025,4.708680,1378,7.3055
18050,9,15,2.936646,2.786636,1443,7.6006
18051,15,19,3.556576,3.610085,1455,7.6230
18052,19,24,2.910178,2.901438,1410,7.5652
18053,24,54,3.254471,3.261238,1423,7.4738
18054,54,25,1.867454,1.807172,1444,7.6447
18055,25,2,5.044137,4.990129,1405,7.4716
18056,2,45,3.519839,3.248235,1443,7.5999
18057,45,63,2.858604,3.140275,1379,7.3039
18058,63,18,3.166160,2.887953,1389,7.3411
18059,18,38,3.249740,3.584539,1378,7.4263
18060,38,2,4.334286,4.645068,1431,7.5748
18061,2,54,3.824796,3.816769,1454,7.6432
18062,54,0,3.595128,3.625300,1430,7.6167
18063,0,25,2.235054,1.981689,1434,7.5473
18064,25,36,2.366962,2.512880,1429,7.5845
18065,36,21,2.704198,3.071876,1400,7.4443
18066,21,48,2.494657,2.645033,1444,7.5560
18067,48,51,2.609097,2.628121,1420,7.5102
18068,51,16,2.947622,2.626814,1398,7.5200
18069,16,53,4.724291,4.834019,1448,7.5590
18070,53,11,4.032239,3.879331,1404,7.4037
18071,11,45,2.838902,2.686790,1447,7.5600
18072,45,63,2.546359,3.058466,1453,7.6188
18073,63,47,4.356363,5.184050,1436,7.5797
18074,47,56,2.253243,2.735652,1377,7.2834
18075,56,34,3.167056,3.283307,1445,7.6282
18076,34,7,4.537175,5.094525,1392,7.3766
18077,7,31,2.897016,3.104482,1404,7.5149
18078,31,54,4.095718,3.946641,1439,7.5637
18079,54,25,1.833143,1.770454,1171,6.4787
18080,25,29,2.849501,3.708149,1372,7.3765
18081,29,11,2.816971,3.027708,1359,7.2965
18082,11,42,2.527462,2.315808,1401,7.5275
18083,42,45,2.589574,2.211207,1458,7.5831
18084,45,30,2.986765,2.881385,1429,7.5668
18085,30,31,2.285779,2.447918,1390,7.3553
18086,31,12,4.361041,4.198800,1343,7.2800
18087,12,20,3.327974,3.317496,1355,7.3694
18088,20,3,2.838999,3.021180,1135,6.3506
18089,3,10,2.382872,2.104994,1390,7.3854
18090,10,2,3.683547,4.112411,1432,7.6026
18091,2,54,4.044612,3.816047,1432,7.5763
18092,54,25,1.786812,1.706170,1398,7.4757
18093,25,2,4.684929,5.009937,1441,7.6111
18094,2,12,2.638966,2.777847,1443,7.6249
18095,12,35,3.257865,3.439042,1447,7.6174
18096,35,0,3.440661,3.101447,1400,7.4778
18097,0,25,1.985496,1.978111,1369,7.3329
18098,25,36,2.516024,2.642083,1422,7.6234
18099,36,34,4.115453,3.876044,1447,7.6348
18100,34,35,3.913443,4.581273,1362,7.3263
18101,35,0,3.233172,2.988006,1442,7.6130
18102,0,60,3.220498,3.580778,1441,7.5824
18103,60,44,5.921730,5.835321,1458,7.5679
18104,44,35,4.513444,4.277814,1246,6.8885
18105,35,0,2.810318,2.863122,1366,7.3295
18106,0,21,3.172528,3.358413,1466,7.5977
18107,21,9,4.508497,4.698855,1444,7.5921
18108,9,15,2.756812,2.719286,1336,7.2233
18109,15,19,3.315059,3.505096,1443,7.5965
18110,19,51,5.619852,5.039483,1442,7.6413
18111,51,29,2.121772,2.878175,1372,7.2476
18112,29,11,2.689613,2.886039,1441,7.6226
18113,11,42,2.331551,2.262920,1358,7.2101
18114,42,45,2.563352,2.143604,1451,7.5665
18115,45,30,2.902295,2.793119,1426,7.5686
18116,30,31,2.200555,2.433901,1446,7.6195
18117,31,12,4.244184,4.120759,1431,7.5736
18118,12,35,3.171215,3.445885,1401,7.5083
18119,35,0,2.890765,2.736425,1370,7.3084
18120,0,60,2.995271,3.505207,1464,7.5767
18121,60,38,3.310984,3.305350,1450,7.5579
18122,38,2,4.365280,4.571596,1278,7.1053
18123,2,12,2.565051,2.679715,1318,7.2089
18124,12,43,4.690333,4.511188,1398,7.4613
18125,43,51,4.736217,4.680883,1442,7.5811
18126,51,29,2.047530,2.751471,1277,6.9163
18127,29,23,2.375262,2.319841,1418,7.5762
18128,23,29,1.625633,1.559472,1386,7.4448
18129,29,11,2.668096,2.847173,1435,7.6111
18130,11,45,2.747779,2.630810,1409,7.5438
18131,45,30,2.746893,2.736941,1445,7.5757
18132,30,31,2.317267,2.437169,1444,7.5967
18133,31,54,3.995741,3.924638,1437,7.5525
18134,54,0,3.754493,3.742458,1349,7.3534
18135,0,21,3.190823,3.323844,1459,7.5949
18136,21,48,2.462904,2.778360,1433,7.5870
18137,48,51,2.731977,2.767888,1449,7.5922
18138,51,29,1.921271,2.645059,1355,7.2782
18139,29,23,2.222769,2.238097,1395,7.4853
18140,23,29,1.657768,1.489453,1394,7.5465
18141,29,11,2.527838,2.790749,1405,7.4993
18142,11,45,2.579320,2.580986,1425,7.5613
18143,45,63,3.001950,3.332449,1428,7.5552
18144,63,47,4.296492,5.091968,1462,7.6010
18145,47,56,2.052341,2.629289,1294,7.1701
18146,56,34,3.179928,3.276008,1381,7.4971
18147,34,35,3.915759,4.480753,1446,7.6309
18148,35,8,2.717794,2.760801,1389,7.4780
18149,8,41,1.981590,1.884893,1412,7.4978
18150,41,30,6.174186,6.343188,1371,7.3395
18151,30,46,3.382224,3.461084,1460,7.6244
18152,46,47,2.450295,2.504927,1442,7.6559
18153,47,51,4.475738,4.110770,1379,7.3960
18154,51,51,1.459980,0.703295,1423,7.5302
18155,51,16,2.809642,2.519113,1445,7.6028
18156,16,21,5.016839,6.144420,1365,7.2755
18157,21,47,3.950313,4.247245,1380,7.4250
18158,47,51,4.364386,3.843432,1440,7.5908
18159,51,16,2.583670,2.375399,1435,7.5488
18160,16,53,4.592865,4.849916,1449,7.6015
18161,53,0,3.106263,3.644015,1345,7.2376
18162,0,25,2.459436,2.289179,1446,7.5814
18163,25,36,2.538079,2.504544,1358,7.2506
18164,36,29,2.490309,3.081988,1427,7.6192
18165,29,23,2.053524,2.143867,1389,7.4377
18166,23,29,1.510870,1.504257,1453,7.5851
18167,29,11,2.440816,2.714069,1455,7.6154
18168,11,45,2.563985,2.509755,1443,7.5785
18169,45,62,5.450847,6.050791,1414,7.5871
18170,62,60,3.993398,4.108933,1218,6.7150
18171,60,38,3.116913,3.150088,1449,7.5594
18172,38,2,4.079968,4.416367,1393,7.4077
18173,2,12,2.441091,2.562473,1380,7.4372
18174,12,43,4.541259,4.368145,1346,7.2167
18175,43,11,4.215895,4.396113,1361,7.2716
18176,11,45,2.407478,2.362072,1474,7.6232
18177,45,63,2.988431,3.364034,1452,7.6325
18178,63,18,2.982890,2.952548,1444,7.6210
18179,18,38,2.992375,3.456648,1259,6.8947
18180,38,50,3.001448,2.618097,1472,7.5710
18181,50,54,4.146926,4.825808,1448,7.6178
18182,54,25,1.807368,1.802094,1314,7.1115
18183,25,2,4.612003,4.727273,1362,7.1868
18184,2,54,3.737326,3.558092,1394,7.4460
18185,54,25,1.689247,1.751521,1414,7.6063
18186,25,36,2.500612,2.514694,1427,7.5838
18187,36,29,2.351890,3.053731,1430,7.6186
18188,29,23,2.172195,2.107333,1379,7.4420
18189,23,29,1.596734,1.478913,1239,7.0049
18190,29,11,2.450991,2.726163,1377,7.3984
18191,11,42,2.570167,2.607651,1350,7.2665
18192,42,54,3.838008,3.927451,1447,7.5545
18193,54,25,1.823950,1.700590,1419,7.6116
18194,25,36,2.380922,2.434701,1442,7.6085
18195,36,34,4.182390,4.113032,1394,7.5270
18196,34,40,1.964535,2.350759,1147,6.2988
18197,40,25,5.933277,6.512273,1432,7.6633
18198,25,36,1.984025,2.210253,1437,7.5976
18199,36,34,3.812078,4.076113,1440,7.6200
18200,34,40,1.783166,2.313792,1451,7.6395
18201,40,25,5.682521,6.374343,1430,7.6751
18202,25,36,1.990949,2.037394,1429,7.5896
18203,36,34,4.088885,4.014047,1438,7.6385
18204,34,7,4.590894,5.151935,1419,7.5853
18205,7,22,4.568923,4.535866,1309,6.9844
18206,22,20,4.768502,4.883193,1288,6.9292
18207,20,10,1.998815,1.765047,1285,6.9726
18208,10,2,4.061681,4.263962,1288,6.9102
18209,2,12,2.322221,2.509782,1316,7.0198
18210,12,35,3.229715,3.510761,1307,6.9032
18211,35,0,2.840282,2.676741,1456,7.6487
18212,0,21,3.143972,3.351358,1444,7.5838
18213,21,9,4.419998,4.557407,1403,7.4867
18214,9,15,2.726671,2.624654,1456,7.6524
18215,15,49,2.902534,2.602754,1426,7.5458
18216,49,50,3.574520,3.520948,1362,7.3708
18217,50,53,4.357877,4.309338,1328,7.2176
18218,53,17,2.217045,1.934514,1423,7.5787
18219,17,1,4.241648,5.010401,1440,7.5680
18220,1,32,2.646476,2.995300,1391,7.4629
18221,32,9,3.307955,3.467683,1432,7.5702
18222,9,15,2.527044,2.539360,1386,7.4547
18223,15,19,3.505884,3.545293,1452,7.5884
18224,19,24,2.969248,2.940830,1449,7.6121
18225,24,0,5.141185,5.324252,1391,7.3853
18226,0,21,2.772731,3.171197,1466,7.6181
18227,21,9,4.406330,4.561350,1339,7.1321
18228,9,15,2.354209,2.503286,1435,7.5721
18229,15,49,3.105964,2.671537,1424,7.5711
18230,49,50,3.749730,3.486796,1448,7.5811
18231,50,53,4.266078,4.162324,1354,7.3752
18232,53,17,2.175828,1.884396,1458,7.6044
18233,17,7,3.180437,3.371068,1444,7.5949
18234,7,16,4.548309,4.357330,1430,7.5593
18235,16,23,2.931357,3.665088,1447,7.5424
18236,23,18,4.408757,4.412301,1438,7.5927
18237,18,12,3.459895,4.305587,1418,7.5716
18238,12,35,3.068641,3.430085,1410,7.4648
18239,35,0,2.568659,2.664827,1450,7.6683
18240,0,25,2.646122,2.464520,1444,7.5762
18241,25,36,1.841147,2.004825,1439,7.6017
18242,36,29,2.600453,3.321135,1417,7.5965
18243,29,11,2.358291,2.595085,1428,7.5587
18244,11,42,2.607218,2.521695,1464,7.5890
18245,42,45,2.158990,1.824578,1435,7.5866
18246,45,63,2.674262,3.230382,1435,7.5624
18247,63,6,5.158205,5.375459,1462,7.5909
18248,6,32,2.060256,2.545813,1250,6.8201
18249,32,9,3.260024,3.420468,1197,6.4576
18250,9,44,3.559061,3.672008,1449,7.6043
18251,44,35,4.251461,4.305620,1386,7.4179
18252,35,8,3.039038,2.818231,1435,7.6137
18253,8,41,1.714338,1.854499,1398,7.5076
18254,41,6,3.554169,3.697519,1438,7.6068
18255,6,32,2.012685,2.496373,1385,7.3894
18256,32,9,2.911732,3.254706,1454,7.6563
18257,9,15,2.462400,2.512070,1440,7.5998
18258,15,49,3.065087,2.611625,1444,7.5869
18259,49,48,5.574663,6.005161,1443,7.5742
18260,48,51,2.627945,2.695564,1403,7.4873
18261,51,16,2.555912,2.359209,1454,7.5920
18262,16,21,5.004088,6.012140,1424,7.5443
18263,21,48,2.933810,2.972593,1438,7.5785
18264,48,6,3.833105,3.783436,1424,7.5631
18265,6,56,2.784311,3.278485,1392,7.4324
18266,56,1,2.552026,2.787987,1441,7.6780
18267,1,19,4.791757,4.615534,1454,7.6069
18268,19,24,2.857037,2.806725,1439,7.6489
18269,24,0,5.110920,5.319165,1458,7.5989
18270,0,21,2.826154,3.154529,1457,7.5881
18271,21,47,3.922448,4.158104,1448,7.5942
18272,47,22,3.302895,2.979164,1435,7.5722
18273,22,35,4.795163,5.092363,1454,7.5947
18274,35,0,2.537995,2.707041,1466,7.6349
18275,0,25,2.309557,2.373009,1335,7.1509
18276,25,36,2.000983,1.979503,1435,7.6216
18277,36,34,3.781145,3.914860,1453,7.6381
18278,34,35,3.949167,4.550661,1427,7.5933
18279,35,0,2.548459,2.606459,1419,7.5532
18280,0,25,2.167980,2.350074,1449,7.5752
18281,25,2,4.702640,4.779625,1459,7.6012
18282,2,12,2.217962,2.457859,1395,7.4395
18283,12,35,3.114461,3.614302,1282,6.9279
18284,35,0,2.474611,2.486945,1436,7.6134
18285,0,25,2.114372,2.318090,1459,7.5668
18286,25,2,4.457941,4.646546,1444,7.6335
18287,2,54,3.605713,3.470630,1431,7.6217
18288,54,25,1.881267,1.867514,1437,7.6066
18289,25,2,4.138121,4.469526,1458,7.6022
18290,2,45,3.618752,3.478794,1326,7.2684
18291,45,30,2.767229,3.048917,1372,7.2515
18292,30,46,3.201341,3.388602,1377,7.3704
18293,46,47,2.464385,2.480915,1411,7.6106
18294,47,22,3.057927,2.909449,1354,7.2276
18295,22,47,2.894336,2.331137,1361,7.3398
18296,47,56,2.524813,2.847916,1460,7.6193
18297,56,1,2.543555,2.709209,1381,7.4320
18298,1,47,2.777166,2.571988,1446,7.6000
18299,47,51,4.350686,3.780673,1456,7.6132
18300,51,29,2.328390,2.959546,1357,7.1505
18301,29,11,2.228009,2.501013,1456,7.6096
18302,11,45,2.560337,2.534560,1347,7.2496
18303,45,62,5.410771,5.918144,1361,7.2296
18304,62,60,4.010291,4.059947,1359,7.3136
18305,60,36,3.030485,2.725153,1448,7.5881
18306,36,34,3.431398,3.554096,1422,7.6144
18307,34,35,3.869344,4.488646,1428,7.5764
18308,35,0,2.310562,2.412905,1428,7.6060
18309,0,25,1.968089,2.322560,1441,7.5569
18310,25,2,4.077975,4.296510,1384,7.4222
18311,2,54,3.383842,3.262746,1405,7.4839
18312,54,25,1.834388,1.812536,1438,7.6159
18313,25,36,2.188145,2.293615,1433,7.5915
18314,36,29,2.814578,3.317217,1452,7.6476
18315,29,23,2.158461,2.135887,1292,6.9870
18316,23,29,1.696115,1.595172,1405,7.4952
18317,29,48,2.984315,3.306435,1413,7.5357
18318,48,25,4.879136,5.094307,1416,7.4124
18319,25,36,1.971419,2.080147,1446,7.5910
18320,36,29,2.436388,3.261786,1430,7.5953
18321,29,48,2.861766,3.166873,1287,7.1653
18322,48,25,4.401091,4.989281,1454,7.5702
18323,25,29,3.088809,3.867807,1481,7.6565
18324,29,11,2.316553,2.616944,1411,7.4497
18325,11,42,2.569104,2.564462,1341,7.2895
18326,42,45,2.152569,1.810626,1344,6.9991
18327,45,63,2.731387,3.252967,1434,7.5697
18328,63,18,3.309993,2.986947,1453,7.6026
18329,18,18,1.018019,0.475861,1309,7.1895
18330,18,12,4.008674,4.291697,1434,7.6026
18331,12,20,3.638544,3.473395,1386,7.3803
18332,20,10,2.074094,1.731835,1410,7.5489
18333,10,2,4.223802,4.484301,1392,7.4296
18334,2,12,2.398505,2.537761,1434,7.6058
18335,12,35,3.360115,3.621785,1432,7.6086
18336,35,0,2.304125,2.325647,1422,7.5967
18337,0,21,3.064568,3.487896,1457,7.5695
18338,21,47,3.808990,4.117254,1423,7.5658
18339,47,51,4.133701,3.557240,1404,7.4934
18340,51,29,2.438726,3.060063,1444,7.5692
18341,29,23,2.398599,2.264298,1435,7.5964
18342,23,29,1.571627,1.551458,1429,7.5600
18343,29,23,2.148175,2.109841,1418,7.5806
18344,23,0,5.995206,6.441697,1425,7.6045
18345,0,60,3.429138,3.954455,1460,7.5856
18346,60,38,3.034516,3.092112,1426,7.5241
18347,38,2,4.047909,4.432834,1405,7.5117
18348,2,45,3.603684,3.512621,1386,7.4685
18349,45,30,3.155268,3.042348,1450,7.6054
18350,30,31,2.487188,2.501445,1442,7.6059
18351,31,12,4.393302,4.211922,1419,7.5696
18352,12,35,2.803315,3.436464,1423,7.5731
18353,35,53,4.021635,4.398864,1435,7.5961
18354,53,17,2.268278,1.862773,1381,7.3567
18355,17,7,3.128235,3.239154,1435,7.5863
18356,7,31,3.086429,3.159016,1434,7.5579
18357,31,12,4.154663,4.095909,1436,7.5790
18358,12,35,2.719550,3.266141,1417,7.5306
18359,35,8,3.069896,3.030529,1423,7.5726
18360,8,52,5.546257,5.453960,1414,7.5341
18361,52,22,4.345623,4.209436,1257,6.8266
18362,22,35,4.604741,5.114377,1450,7.5807
18363,35,8,2.917244,2.871591,1413,7.5630
18364,8,41,1.729091,1.922018,1414,7.4463
18365,41,30,5.673715,6.144949,1446,7.6075
18366,30,31,2.159098,2.382242,1290,6.9840
18367,31,12,4.152151,3.972861,1455,7.5881
18368,12,35,2.860818,3.173570,1301,6.9752
18369,35,8,2.869949,2.796024,1421,7.6241
18370,8,41,1.775868,1.935493,1262,6.9547
18371,41,6,3.616668,3.573300,1365,7.2479
18372,6,56,2.931685,3.235510,1424,7.5720
18373,56,34,3.234333,3.526010,1379,7.4422
18374,34,7,4.580824,5.128994,1395,7.4893
18375,7,16,4.473482,4.232867,1386,7.3329
18376,16,21,4.573639,5.766815,1444,7.6212
18377,21,48,2.961414,2.928924,1398,7.4065
18378,48,51,2.872840,2.889475,1400,7.4349
18379,51,29,2.260553,2.929212,1421,7.5205
18380,29,11,2.443894,2.658892,1423,7.5468
18381,11,42,2.575572,2.517386,1429,7.5724
18382,42,54,3.991345,4.109588,1453,7.5650
18383,54,0,4.171355,4.057580,1460,7.6519
18384,0,21,2.899000,3.265186,1472,7.5847
18385,21,9,4.405085,4.571829,1468,7.6194
18386,9,3,3.576810,3.851792,1349,7.2953
18387,3,39,2.733075,3.056968,1303,6.9511
18388,39,15,2.952724,2.861551,1249,6.9369
18389,15,49,2.904249,2.418692,1421,7.5676
18390,49,50,3.603796,3.545993,1381,7.3407
18391,50,54,4.220119,4.667594,1251,6.7917
18392,54,0,3.916731,3.977079,1280,6.8374
18393,0,60,3.154522,3.782660,1457,7.5785
18394,60,36,2.933566,2.668768,1410,7.4912
18395,36,29,2.225348,3.053793,1430,7.6300
18396,29,48,2.784021,3.122249,1389,7.3999
18397,48,51,2.816790,2.806741,1442,7.5890
18398,51,29,2.138271,2.852819,1324,7.1086
18399,29,23,2.261182,2.191994,1386,7.3832
18400,23,29,1.568126,1.508653,1459,7.5960
18401,29,11,2.394447,2.707864,1338,7.2773
18402,11,42,2.540646,2.465351,1453,7.6182
18403,42,54,3.997365,4.047939,1436,7.5491
18404,54,25,2.138197,2.042473,1451,7.6238
18405,25,36,1.973425,2.060957,1447,7.6061
18406,36,34,3.636249,3.625385,1441,7.6263
18407,34,35,3.856451,4.461792,1319,7.2240
18408,35,53,3.842514,4.364225,1371,7.4419
18409,53,17,2.129331,1.838084,1420,7.5385
18410,17,1,4.239421,4.955960,1332,7.1436
18411,1,19,4.654949,4.436689,1334,7.1085
18412,19,24,2.897535,2.689202,1418,7.5701
18413,24,4,2.593391,2.659860,1425,7.5100
18414,4,23,4.178850,4.304062,1435,7.5644
18415,23,29,1.530325,1.506886,1354,7.3160
18416,29,11,2.258488,2.557665,1429,7.6094
18417,11,42,2.529964,2.404320,1447,7.5824
18418,42,54,3.677630,3.957405,1461,7.5771
18419,54,25,2.072550,1.974992,1389,7.4574
18420,25,2,4.189449,4.200308,1464,7.6524
18421,2,54,3.357879,3.295660,1351,7.1687
18422,54,0,3.994893,3.951578,1442,7.6247
18423,0,25,2.044717,2.137900,1344,7.2828
18424,25,29,3.430663,3.908756,1433,7.5913
18425,29,11,2.112833,2.408744,1325,7.1924
18426,11,45,2.891104,2.912678,1424,7.5503
18427,45,30,3.287386,3.013331,1434,7.5762
18428,30,31,2.193821,2.383194,1223,6.7153
18429,31,12,3.875502,3.834240,1402,7.4187
18430,12,35,2.739422,3.099868,1330,7.2180
18431,35,53,3.819672,4.230454,1416,7.6046
18432,53,11,4.377178,4.406386,1445,7.5722
18433,11,24,5.401636,5.424226,1422,7.4996
18434,24,54,2.998116,3.464292,1427,7.5708
18435,54,44,5.445654,6.078399,1388,7.4510
18436,44,35,4.405823,4.577751,1276,6.8733
18437,35,53,3.365946,4.032439,1439,7.6295
18438,53,0,3.142810,3.540302,1425,7.5222
18439,0,25,2.124206,2.112460,1444,7.5804
18440,25,36,2.164964,2.168267,1436,7.6213
18441,36,34,3.192937,3.483250,1448,7.6345
18442,34,35,3.854175,4.421725,1357,7.3118
18443,35,0,2.542229,2.743139,1439,7.6773
18444,0,21,3.036722,3.312692,1456,7.5817
18445,21,9,4.337176,4.451387,1446,7.5568
18446,9,15,2.543623,2.554841,1400,7.5417
18447,15,19,3.449003,3.654855,1422,7.5613
18448,19,51,5.554974,5.108672,1416,7.5228
18449,51,16,2.967787,2.428808,1452,7.6511
18450,16,23,3.107468,3.678302,1476,7.6167
18451,23,18,3.867694,4.284473,1454,7.6099
18452,18,12,3.538644,4.325575,1250,6.9769
18453,12,35,2.956836,3.210610,1354,7.0783
18454,35,53,3.387537,3.967200,1381,7.4985
18455,53,17,2.348785,1.944289,1449,7.5873
18456,17,7,2.963044,3.218262,1403,7.4848
18457,7,31,2.937365,3.137926,1418,7.5505
18458,31,12,3.940664,3.747808,1351,7.1210
18459,12,20,3.681391,3.620807,1400,7.4409
18460,20,8,3.567335,3.405383,1333,7.2000
18461,8,41,1.709458,1.852810,1354,7.3239
18462,41,6,3.162622,3.412807,1414,7.5463
18463,6,32,2.287010,2.669893,1351,7.3061
18464,32,9,3.152057,3.283307,1438,7.5483
18465,9,15,2.482875,2.475124,1434,7.5746
18466,15,49,2.601988,2.465404,1439,7.6108
18467,49,50,3.328684,3.463542,1437,7.5960
18468,50,33,3.378886,3.855804,1230,6.8509
18469,33,11,6.929385,7.012455,1413,7.5687
18470,11,42,2.379951,2.293336,1364,7.4109
18471,42,0,4.629761,5.388993,1367,7.3505
18472,0,60,3.250739,3.746507,1440,7.5845
18473,60,36,2.953395,2.617076,1455,7.5696
18474,36,34,3.151174,3.271201,1458,7.6514
18475,34,35,3.591671,4.360670,1419,7.5554
18476,35,0,2.635109,2.744975,1410,7.5522
18477,0,25,2.171469,2.182990,1477,7.6054
18478,25,36,2.105627,2.085455,1417,7.5691
18479,36,34,3.214536,3.232258,1453,7.6487
18480,34,40,2.484001,3.057551,1329,7.1915
18481,40,25,5.352537,5.991292,1442,7.6786
18482,25,2,3.935823,4.160326,1432,7.6281
18483,2,54,3.380909,3.153217,1436,7.5986
18484,54,25,2.266907,2.084550,1461,7.6529
18485,25,2,3.723040,3.986481,1436,7.6726
18486,2,54,2.964194,3.007770,1453,7.6208
18487,54,25,1.983214,1.998284,1386,7.4760
18488,25,36,1.946471,2.124076,1465,7.6663
18489,36,29,2.938276,3.297536,1362,7.2877
18490,29,23,2.170882,2.160675,1365,7.2552
18491,23,29,1.731547,1.668978,1388,7.4244
18492,29,11,2.272169,2.590557,1390,7.4208
18493,11,42,2.263976,2.255376,1380,7.4324
18494,42,54,3.902859,4.017724,1354,6.9762
18495,54,25,1.897294,1.938448,1475,7.6433
18496,25,36,1.937254,2.080858,1399,7.4495
18497,36,29,2.656541,3.223889,1453,7.6303
18498,29,11,2.186140,2.477788,1403,7.5169
18499,11,24,4.874999,5.107926,1411,7.5401
18500,24,0,5.196956,5.349874,1396,7.4046
18501,0,25,1.989329,2.085065,1449,7.5745
18502,25,36,1.920670,2.010919,1423,7.6070
18503,36,29,2.492972,3.167970,1432,7.5799
18504,29,11,1.943642,2.366817,1423,7.5790
18505,11,42,2.229723,2.301855,1371,7.4795
18506,42,0,4.891704,5.396020,1455,7.5665
18507,0,21,3.001686,3.213427,1412,7.5242
18508,21,48,3.210520,3.167392,1413,7.5523
18509,48,51,2.769897,2.835487,1416,7.4938
18510,51,29,2.465448,3.130904,1393,7.4068
18511,29,11,1.968227,2.276770,1466,7.6187
18512,11,45,3.130004,3.077466,1430,7.5670
18513,45,30,2.830871,2.883752,1442,7.5752
18514,30,46,3.427369,3.638262,1387,7.4378
18515,46,47,2.425400,2.487552,1242,6.8549
18516,47,56,2.274368,2.826314,1244,6.8036
18517,56,34,3.807099,3.763497,1392,7.5242
18518,34,40,2.317244,2.822916,1426,7.5805
18519,40,57,2.201514,2.348580,1455,7.6924
18520,57,59,4.995424,4.983097,1351,7.2894
18521,59,10,3.569685,3.960741,1314,7.1223
18522,10,21,6.077123,6.134398,1415,7.5558
18523,21,9,4.255773,4.318149,1425,7.5686
18524,9,3,3.746376,3.831763,1461,7.6276
18525,3,41,3.496895,3.453660,1437,7.5646
18526,41,30,5.842951,5.986182,1405,7.5271
18527,30,46,3.271177,3.498423,1437,7.5152
18528,46,1,4.636270,4.939893,1447,7.6669
18529,1,19,4.438185,4.306493,1448,7.6011
18530,19,24,2.925875,2.800056,1264,6.9471
18531,24,54,3.056898,3.394905,1455,7.5817
18532,54,25,1.933837,1.921629,1423,7.5514
18533,25,29,3.403692,4.004190,1459,7.6617
18534,29,23,2.299790,2.425776,1414,7.5728
18535,23,29,1.743599,1.723666,1410,7.5642
18536,29,48,3.080971,3.340253,1432,7.5820
18537,48,51,2.713142,2.764224,1445,7.5776
18538,51,16,2.615388,2.455995,1433,7.5597
18539,16,23,2.675514,3.596543,1447,7.5744
18540,23,18,3.828356,4.211264,1411,7.5211
18541,18,38,3.149569,3.469891,1439,7.5845
18542,38,50,3.285233,2.877966,1420,7.5037
18543,50,53,4.608278,4.246182,1448,7.6223
18544,53,0,3.090495,3.491756,1247,6.8019
18545,0,21,2.944033,3.138321,1359,7.2991
18546,21,9,4.180301,4.273556,1354,7.2886
18547,9,44,3.939929,3.873887,1392,7.4587
18548,44,36,5.042248,4.995044,1438,7.5753
18549,36,34,2.880668,3.298363,1463,7.6661
18550,34,7,4.909751,5.262755,1441,7.5909
18551,7,31,2.939507,3.024904,1361,7.3706
18552,31,12,3.753256,3.579702,1446,7.5813
18553,12,20,3.479096,3.478223,1429,7.5060
18554,20,10,1.932517,1.789836,1404,7.5020
18555,10,11,7.807623,8.100316,1342,7.1874
18556,11,45,2.789769,2.714049,1407,7.4861
18557,45,62,5.050446,5.602572,1420,7.5705
18558,62,60,4.009759,4.044540,1422,7.4756
18559,60,36,2.922131,2.667968,1440,7.5473
18560,36,34,2.743300,3.100163,1470,7.6487
18561,34,40,2.224752,2.939916,1413,7.4810
18562,40,21,5.182682,5.944139,1448,7.6474
18563,21,9,4.000287,4.029746,1460,7.5836
18564,9,15,2.527037,2.600733,1332,7.1950
18565,15,49,2.740905,2.394387,1417,7.5662
18566,49,43,4.878925,5.170689,1461,7.6092
18567,43,46,3.989918,4.080259,1409,7.4851
18568,46,46,1.242322,0.808386,1456,7.6450
18569,46,46,0.929695,0.686187,1451,7.6491
18570,46,1,4.872996,4.970753,1473,7.7025
18571,1,32,2.695241,3.077291,1339,7.2195
18572,32,9,3.342526,3.450164,1447,7.6273
18573,9,3,3.358289,3.816709,1356,7.1840
18574,3,41,3.204920,3.329087,1448,7.6212
18575,41,6,3.115154,3.201379,1323,7.2846
18576,6,32,2.216685,2.687877,1356,7.3653
18577,32,27,3.167959,3.421854,1377,7.3741
18578,27,2,5.639255,5.988629,1454,7.5802
18579,2,12,2.793345,2.857918,1332,7.1959
18580,12,20,3.233031,3.327452,1445,7.5731
18581,20,3,3.053718,3.258708,1395,7.5063
18582,3,39,2.756501,3.114339,1463,7.6217
18583,39,44,3.270859,2.984030,1441,7.5562
18584,44,36,4.915131,4.987817,1417,7.5100
18585,36,21,3.228044,3.437136,1421,7.5634
18586,21,47,4.119134,4.131009,1398,7.4322
18587,47,56,2.166586,2.711114,1439,7.6163
18588,56,34,3.746025,3.770639,1434,7.6615
18589,34,40,2.055322,2.776999,1459,7.6420
18590,40,25,5.299731,6.060433,1438,7.6745
18591,25,36,2.025340,2.098633,1373,7.3877
18592,36,21,2.829660,3.313545,1427,7.6005
18593,21,47,4.036339,4.056585,1462,7.6025
18594,47,51,3.934241,3.461879,1370,7.4465
18595,51,16,2.519524,2.357648,1396,7.4680
18596,16,21,4.978913,5.984935,1451,7.5638
18597,21,48,3.270442,3.171422,1439,7.5688
18598,48,25,4.564025,5.022795,1294,6.8952
18599,25,2,3.619467,3.910531,1422,7.5855
18600,2,12,2.678220,2.777659,1384,7.4142
18601,12,35,2.973527,3.286875,1450,7.5558
18602,35,53,3.625151,3.952896,1419,7.5518
18603,53,11,4.716395,4.705813,1423,7.5012
18604,11,24,4.333516,4.740502,1432,7.6011
18605,24,0,5.030264,5.208436,1308,6.9959
18606,0,21,2.721741,2.917491,1444,7.5587
18607,21,9,3.774623,4.200752,1472,7.6353
18608,9,15,2.582735,2.616979,1450,7.6143
18609,15,39,3.169040,3.460345,1474,7.6151
18610,39,44,3.178724,2.822301,1460,7.6012
18611,44,36,4.925055,4.968136,1357,7.2729
18612,36,21,2.439210,3.102522,1438,7.5997
18613,21,9,3.664498,4.138541,1429,7.5630
18614,9,44,3.616713,3.961607,1460,7.6020
18615,44,35,4.717985,4.641227,1429,7.5720
18616,35,53,3.391890,3.765987,1435,7.6009
18617,53,17,2.224091,2.040672,1312,7.1083
18618,17,7,2.780362,3.144005,1416,7.4843
18619,7,31,2.782681,2.970340,1402,7.5260
18620,31,12,3.635920,3.544588,1449,7.5723
18621,12,43,4.745814,4.644577,1382,7.4069
18622,43,51,4.846473,4.781568,1393,7.4116
18623,51,16,2.246834,2.192369,1389,7.4094
18624,16,53,5.338972,5.430113,1447,7.5652
18625,53,17,2.235755,1.926462,1385,7.3864
18626,17,7,2.828638,3.043677,1430,7.4985
18627,7,31,2.757847,2.916705,1391,7.4467
18628,31,30,2.845063,2.732401,1445,7.5779
18629,30,31,2.419433,2.434270,1309,7.0679
18630,31,12,3.688635,3.495747,1443,7.5750
18631,12,35,2.762559,3.289347,1346,7.3537
18632,35,8,3.063232,2.974490,1443,7.6414
18633,8,41,1.776424,1.913121,1332,7.2195
18634,41,6,2.846862,3.085322,1420,7.5292
18635,6,56,2.993848,3.405619,1350,7.3269
18636,56,34,3.444629,3.644352,1333,7.2213
18637,34,40,1.944822,2.631696,1381,7.4817
18638,40,25,5.039778,5.863484,1445,7.6502
18639,25,29,3.206665,3.607203,1312,7.0334
18640,29,23,2.046053,2.183206,1268,7.1249
18641,23,29,1.762341,1.799101,1434,7.5841
18642,29,11,2.440952,2.683196,1457,7.6136
18643,11,24,4.309130,4.631437,1450,7.6153
18644,24,0,4.585477,4.993442,1464,7.6057
18645,0,21,2.543356,2.743584,1423,7.5433
18646,21,48,3.156271,3.317187,1416,7.5482
18647,48,25,4.361749,4.820049,1400,7.4008
18648,25,36,2.186198,2.047470,1459,7.6464
18649,36,21,2.396199,2.944480,1409,7.4694
18650,21,47,4.032545,4.165629,1439,7.5824
18651,47,22,3.161136,2.903948,1411,7.4982
18652,22,35,4.926492,5.085894,1213,6.7943
18653,35,0,3.252351,3.163817,1384,7.4890
18654,0,25,2.429574,2.324682,1434,7.5457
18655,25,29,2.825486,3.450992,1459,7.6237
18656,29,11,2.270200,2.570872,1430,7.5263
18657,11,42,2.253370,2.420583,1447,7.5827
18658,42,54,3.705039,3.850180,1456,7.5628
18659,54,0,3.643446,3.961601,1376,7.4366
18660,0,25,2.305648,2.157719,1445,7.5586
18661,25,36,2.176879,2.067787,1433,7.6326
18662,36,29,2.495880,2.897714,1414,7.5461
18663,29,23,2.189245,2.283488,1328,7.1859
18664,23,18,3.804622,4.059152,1379,7.3836
18665,18,12,4.066888,4.608197,1352,7.2472
18666,12,35,2.625910,3.251745,1399,7.4243
18667,35,8,3.129290,2.880467,1423,7.6041
18668,8,41,1.842959,1.912155,1429,7.5462
18669,41,6,2.642798,2.973226,1324,7.3678
18670,6,32,2.362547,2.770760,1307,7.1645
18671,32,61,3.529286,3.544917,1421,7.6276
18672,61,33,2.839265,2.936803,1437,7.6061
18673,33,11,6.570450,6.880132,1334,7.2511
18674,11,42,2.184438,2.277938,1361,7.3977
18675,42,0,4.408455,5.114746,1404,7.5061
18676,0,21,2.481791,2.726111,1419,7.5190
18677,21,48,3.087361,3.330319,1424,7.5701
18678,48,6,4.267105,4.057725,1450,7.5988
18679,6,32,2.316530,2.749338,1226,6.8084
18680,32,27,3.246301,3.428408,1335,7.1870
18681,27,2,5.453207,5.898524,1306,7.0916
18682,2,45,3.438933,3.561085,1291,7.1190
18683,45,30,3.264398,2.843538,1420,7.5616
18684,30,31,2.191556,2.444385,1412,7.5033
18685,31,54,4.603190,4.411881,1410,7.4763
18686,54,25,2.322833,2.190951,1395,7.3670
18687,25,36,2.079916,2.020015,1461,7.6590
18688,36,29,2.430262,2.861970,1440,7.6052
18689,29,23,2.163940,2.237592,1449,7.5931
18690,23,18,3.341892,3.918681,1432,7.6086
18691,18,38,3.124150,3.380569,1281,7.0170
18692,38,50,3.270307,2.758011,1416,7.5132
18693,50,53,4.473178,4.177943,1264,6.8552
18694,53,11,4.671126,4.545896,1280,7.1016
18695,11,42,2.212384,2.206464,1409,7.5327
18696,42,45,2.390681,2.083650,1432,7.5241
18697,45,30,2.836124,2.764112,1338,7.1541
18698,30,46,3.236518,3.596239,1465,7.6052
18699,46,46,0.986615,0.638753,1354,7.3921
18700,46,1,4.428340,4.869840,1423,7.5623
18701,1,47,2.853731,2.568303,1360,7.2993
18702,47,22,3.039170,2.726738,1469,7.6251
18703,22,35,4.634483,4.956886,1406,7.5103
18704,35,53,3.442754,3.892710,1412,7.6064
18705,53,17,2.116955,1.940369,1308,6.9700
18706,17,7,2.786460,2.943368,1324,7.1642
18707,7,16,4.459340,4.197527,1414,7.5118
18708,16,23,2.505111,3.589327,1443,7.5696
18709,23,29,1.891817,1.945197,1438,7.6022
18710,29,11,2.482975,2.862724,1422,7.5389
18711,11,42,2.242681,2.189133,1435,7.5861
18712,42,54,3.717166,3.936169,1447,7.5404
18713,54,0,3.393547,3.773884,1375,7.4691
18714,0,60,3.830347,3.970464,1429,7.5570
18715,60,36,3.110128,2.743920,1428,7.5251
18716,36,34,3.152230,3.365808,1423,7.5558
18717,34,40,1.994599,2.551677,1376,7.4025
18718,40,57,2.085050,2.698676,1438,7.6679
18719,57,32,4.169566,4.566134,1439,7.6246
18720,32,9,3.182276,3.496679,1306,7.0829
18721,9,3,3.812280,3.830548,1422,7.5516
18722,3,39,2.476281,2.949322,1347,7.2524
18723,39,44,2.930664,2.710044,1424,7.5168
18724,44,35,4.686109,4.717223,1440,7.6006
18725,35,0,3.438558,3.274372,1398,7.5014
18726,0,21,2.473794,2.730844,1439,7.5863
18727,21,47,3.951008,4.084872,1442,7.6132
18728,47,56,2.247240,2.812662,1370,7.4495
18729,56,6,3.488184,3.595345,1461,7.6915
18730,6,32,2.543606,2.656672,1410,7.4751
18731,32,9,3.183721,3.340423,1410,7.5506
18732,9,15,2.684182,2.662070,1449,7.5877
18733,15,49,2.866070,2.441416,1439,7.6159
18734,49,48,6.123859,6.101797,1445,7.5728
18735,48,6,3.760113,3.780126,1343,7.3221
18736,6,32,2.013914,2.639297,1451,7.5968
18737,32,27,3.192439,3.419284,1397,7.4679
18738,27,20,4.153421,4.267707,1425,7.5673
18739,20,3,3.045893,3.103366,1416,7.5218
18740,3,41,3.209309,3.284597,1446,7.5844
18741,41,36,6.618646,6.366453,1341,7.1785
18742,36,29,2.322046,2.808756,1402,7.5722
18743,29,11,2.503609,2.754618,1458,7.6315
18744,11,42,2.336185,2.126680,1335,7.2360
18745,42,54,3.775732,3.830826,1464,7.5775
18746,54,25,2.217467,2.200674,1439,7.6000
18747,25,36,2.158138,2.145690,1423,7.5579
18748,36,34,3.124658,3.205320,1438,7.6035
18749,34,40,1.911333,2.515334,1251,6.7301
18750,40,57,2.263767,2.691446,1444,7.6681
18751,57,32,4.286336,4.494854,1421,7.6570
18752,32,9,2.963264,3.181688,1387,7.4667
18753,9,15,2.525240,2.586594,1391,7.4745
18754,15,19,3.790737,3.877492,1372,7.4047
18755,19,24,3.059794,2.766926,1448,7.6369
18756,24,54,3.075062,3.322262,1457,7.6003
18757,54,0,3.482539,3.797446,1331,7.1228
18758,0,21,2.245049,2.676856,1447,7.5880
18759,21,47,3.896175,3.967893,1451,7.5834
18760,47,51,3.731399,3.428158,1433,7.5857
18761,51,16,2.366987,2.212345,1469,7.5978
18762,16,23,2.724190,3.511938,1395,7.3916
18763,23,29,1.903826,1.993453,1332,7.2242
18764,29,11,2.358650,2.645606,1413,7.5494
18765,11,45,3.097239,2.899925,1389,7.4846
18766,45,30,3.045698,2.672724,1403,7.4955
18767,30,46,3.138241,3.550545,1359,7.2785
18768,46,46,0.891310,0.549477,1394,7.5544
18769,46,47,3.163964,3.024853,1441,7.6740
18770,47,56,2.484512,2.840345,1450,7.5996
18771,56,1,2.520280,2.818140,1450,7.6893
18772,1,47,2.904187,2.599046,1444,7.6025
18773,47,56,2.559554,2.668875,1420,7.5712
18774,56,1,2.400983,2.723120,1444,7.6179
18775,1,19,4.542473,4.380598,1464,7.6009
18776,19,38,6.072724,5.874809,1392,7.3731
18777,38,54,4.812082,4.997774,1393,7.3690
18778,54,25,2.039733,2.185252,1352,7.2802
18779,25,29,2.597799,3.375244,1382,7.3860
18780,29,48,3.096147,3.452109,1448,7.6124
18781,48,25,4.357814,4.713446,1406,7.4775
18782,25,2,3.956822,4.000183,1402,7.5156
18783,2,12,2.924956,2.863791,1399,7.5110
18784,12,43,4.527923,4.432911,1417,7.5375
18785,43,51,4.778878,4.653822,1444,7.6071
18786,51,51,1.736877,0.886064,1401,7.4799
18787,51,51,1.368631,0.756833,1437,7.5965
18788,51,29,2.945690,3.713255,1453,7.6066
18789,29,23,2.356689,2.337160,1449,7.6381
18790,23,29,1.916112,1.869001,1460,7.5864
18791,29,48,3.009539,3.330385,1437,7.5691
18792,48,25,3.986862,4.555485,1426,7.4003
18793,25,29,2.529059,3.117145,1452,7.6071
18794,29,11,2.428909,2.725848,1445,7.5981
18795,11,42,2.278600,2.228609,1394,7.4183
18796,42,45,2.349758,2.040065,1469,7.5535
18797,45,63,3.610454,3.586180,1411,7.4882
18798,63,6,4.979950,5.125964,1271,6.7638
18799,6,56,3.052540,3.501454,1351,7.3324
18800,56,1,2.206475,2.632670,1367,7.4227
18801,1,32,2.908565,3.300718,1243,6.6750
18802,32,27,2.979564,3.137675,1382,7.4482
18803,27,2,5.495054,5.978860,1279,6.9646
18804,2,12,2.664558,2.768997,1433,7.6097
18805,12,35,3.010168,3.330064,1450,7.6002
18806,35,53,3.543178,3.757764,1448,7.6458
18807,53,11,5.169864,4.691430,1456,7.5840
18808,11,24,4.484280,4.670461,1393,7.5203
18809,24,0,4.448641,4.759628,1400,7.4378
18810,0,25,2.258024,2.110216,1422,7.5973
18811,25,36,2.287651,2.185440,1428,7.6619
18812,36,29,2.348617,2.766675,1430,7.5721
18813,29,48,2.907047,3.240105,1449,7.5942
18814,48,6,4.042583,3.964561,1439,7.5964
18815,6,22,4.705304,5.538131,1262,6.9254
18816,22,35,4.384791,4.805842,1420,7.5574
18817,35,8,2.998865,2.838253,1430,7.5883
18818,8,56,3.851892,4.316648,1386,7.3261
18819,56,34,3.627967,3.705149,1426,7.6122
18820,34,40,1.716570,2.374003,1445,7.6208
18821,40,25,5.130714,5.878250,1408,7.5960
18822,25,36,2.238643,2.036666,1435,7.6208
18823,36,34,3.026637,3.296644,1404,7.5299
18824,34,7,4.765195,5.250987,1449,7.6033
18825,7,31,2.778637,2.934885,1397,7.3457
18826,31,54,4.523247,4.334054,1425,7.5346
18827,54,25,2.333876,2.214084,1194,6.5274
18828,25,2,4.023837,4.041189,1434,7.5936
18829,2,12,2.686054,2.723674,1429,7.5154
18830,12,35,2.770927,3.276895,1405,7.4825
18831,35,8,2.856616,2.767743,1421,7.6287
18832,8,41,2.007362,2.031807,1324,7.1122
18833,41,30,5.639720,5.823500,1175,6.5703
18834,30,46,2.987072,3.382491,1372,7.3456
18835,46,46,0.696294,0.497188,1446,7.6440
18836,46,47,3.199413,3.001042,1387,7.4097
18837,47,22,3.100891,2.940305,1426,7.5808
18838,22,20,4.613912,4.862073,1436,7.5990
18839,20,10,2.061659,1.809903,1315,7.2920
18840,10,21,6.149609,6.161526,1390,7.4008
18841,21,9,4.517851,4.371068,1272,6.8567
18842,9,44,3.978744,3.866296,1443,7.5892
18843,44,35,4.657923,4.642501,1420,7.5157
18844,35,8,2.880246,2.646091,1398,7.4675
18845,8,41,1.989118,2.022956,1360,7.2150
18846,41,36,6.549229,6.257438,1376,7.4418
18847,36,29,2.464386,2.743308,1451,7.6120
18848,29,23,2.492460,2.489124,1356,7.3478
18849,23,0,5.355567,5.715053,1345,7.2961
18850,0,25,2.088472,2.003495,1464,7.6056
18851,25,36,2.304642,2.202434,1463,7.6683
18852,36,29,2.363075,2.670536,1443,7.5966
18853,29,11,2.551833,2.850106,1351,7.3075
18854,11,45,2.899190,2.767582,1416,7.4440
18855,45,30,3.089726,2.768351,1445,7.5778
18856,30,31,2.459180,2.764778,1358,7.3365
18857,31,12,3.792899,3.591326,1286,6.9830
18858,12,35,2.620987,3.256094,1277,6.8850
18859,35,8,2.524279,2.565239,1418,7.6008
18860,8,52,5.313438,5.538122,1295,7.0113
18861,52,21,5.668672,5.287427,1254,6.9259
18862,21,48,3.485961,3.271283,1462,7.5862
18863,48,51,3.039447,3.028241,1436,7.5242
18864,51,51,1.266996,0.639433,1423,7.5873
18865,51,29,3.081602,3.846667,1398,7.5162
18866,29,11,2.398772,2.683688,1458,7.6092
18867,11,45,2.748190,2.692391,1435,7.5588
18868,45,30,3.013928,2.703360,1443,7.5832
18869,30,46,3.327055,3.531900,1449,7.5833
18870,46,46,0.702173,0.479986,1255,6.8960
18871,46,47,2.908388,2.922553,1436,7.6781
18872,47,56,2.566141,2.775726,1434,7.6121
18873,56,6,3.820174,3.768960,1421,7.6398
18874,6,32,2.399379,2.745785,1391,7.5102
18875,32,27,2.810780,3.029982,1324,7.0943
18876,27,20,4.045796,4.228110,1415,7.5776
18877,20,10,1.937839,1.743278,1452,7.6165
18878,10,11,7.810181,8.092363,1311,7.1794
18879,11,42,2.349201,2.302437,1342,7.2019
18880,42,54,3.795650,3.779190,1330,7.2736
18881,54,25,2.286311,2.150499,1365,7.4163
18882,25,2,3.847936,3.903768,1398,7.5281
18883,2,45,3.789972,3.640542,1430,7.5936
18884,45,62,5.142573,5.487213,1342,7.0850
18885,62,21,4.679516,4.815814,1348,7.1833
18886,21,9,4.030667,4.101270,1398,7.4310
18887,9,44,3.770925,3.743861,1423,7.5246
18888,44,27,3.120262,3.231672,1335,7.1355
18889,27,2,5.766606,6.108350,1327,7.2519
18890,2,12,2.637577,2.744966,1416,7.6119
18891,12,35,2.737067,3.139666,1240,6.6769
18892,35,0,3.536267,3.536682,1408,7.5892
18893,0,60,3.640566,3.918223,1412,7.5088
18894,60,38,3.421129,3.172301,1416,7.5240
18895,38,2,4.285823,4.653821,1356,7.2181
18896,2,54,3.323520,3.165770,1416,7.5773
18897,54,25,2.093393,2.054895,1420,7.5877
18898,25,2,3.606677,3.825189,1421,7.5037
18899,2,45,3.362180,3.591430,1436,7.5878
18900,45,30,2.948221,2.521028,1321,7.0677
18901,30,46,3.259593,3.499151,1406,7.4945
18902,46,47,2.599418,2.767872,1354,7.4556
18903,47,56,2.462689,2.707295,1421,7.5325
18904,56,34,3.665310,3.698125,1383,7.4830
18905,34,7,4.623814,4.983813,1349,7.1930
18906,7,31,2.721547,2.842722,1444,7.5957
18907,31,12,3.676150,3.544131,1431,7.5731
18908,12,35,2.448456,3.006898,1432,7.5557
18909,35,53,3.402329,3.840683,1425,7.6164
18910,53,11,4.802972,4.657412,1324,7.1825
18911,11,42,2.321905,2.223978,1451,7.6036
18912,42,0,4.375492,4.979387,1437,7.5990
18913,0,25,1.903315,1.929151,1336,7.1089
18914,25,29,2.545790,3.288232,1470,7.6554
18915,29,11,2.458002,2.824509,1441,7.5919
18916,11,45,2.675029,2.638606,1406,7.6005
18917,45,30,2.956997,2.436965,1456,7.5857
18918,30,46,3.125603,3.527173,1430,7.5667
18919,46,47,2.510131,2.640692,1330,7.1024
18920,47,51,3.662821,3.526966,1475,7.6812
18921,51,29,3.012717,3.793363,1397,7.4732
18922,29,11,2.276598,2.668526,1390,7.4362
18923,11,45,2.594463,2.583463,1428,7.5656
18924,45,63,3.535417,3.727860,1409,7.4588
18925,63,6,5.161947,4.980428,1445,7.5594
18926,6,32,2.221306,2.652746,1356,7.2878
18927,32,61,3.504403,3.711421,1295,7.1084
18928,61,34,5.713574,5.672135,1419,7.5469
18929,34,40,1.735907,2.285651,1327,7.3008
18930,40,57,2.148812,2.678577,1352,7.3470
18931,57,52,2.830884,3.010319,1421,7.6042
18932,52,22,4.033956,4.074025,1328,7.2082
18933,22,47,3.018558,2.625096,1382,7.3235
18934,47,56,2.647906,2.621696,1378,7.4767
18935,56,34,3.344136,3.587857,1320,7.0984
18936,34,7,4.138981,4.698960,1456,7.6287
18937,7,31,2.452270,2.767408,1412,7.5409
18938,31,30,3.127811,2.947025,1441,7.5675
18939,30,31,2.919642,3.026554,1446,7.5486
18940,31,12,3.647875,3.461769,1456,7.5793
18941,12,20,3.491746,3.655094,1298,6.9735
18942,20,10,1.968144,1.716919,1326,7.1335
18943,10,21,5.926053,5.880381,1446,7.5971
18944,21,9,3.733048,3.912163,1378,7.3105
18945,9,3,4.113172,3.839640,1438,7.6141
18946,3,41,2.938050,3.154109,1452,7.6150
18947,41,36,6.040885,6.036875,1367,7.3608
18948,36,29,2.682676,2.669677,1334,7.0478
18949,29,11,2.174315,2.551279,1444,7.6590
18950,11,24,4.622897,4.687125,1444,7.6272
18951,24,54,3.144676,3.345312,1341,7.2692
18952,54,25,2.079080,2.036828,1333,7.1238
18953,25,36,2.601485,2.568504,1478,7.6731
18954,36,29,2.421803,2.580701,1465,7.6329
18955,29,23,2.807637,2.789168,1355,7.2190
18956,23,29,2.061547,2.125165,1288,6.9958
18957,29,48,2.902564,3.293463,1417,7.5411
18958,48,6,3.903053,3.809522,1451,7.5055
18959,6,32,2.109335,2.646682,1268,6.8748
18960,32,61,3.390891,3.609532,1444,7.5988
18961,61,33,2.902624,2.967302,1323,7.2020
18962,33,11,6.816375,6.863898,1414,7.5354
18963,11,42,2.309063,2.330173,1374,7.3450
18964,42,0,4.490154,4.811514,1217,6.5323
18965,0,25,1.960572,1.855572,1439,7.6099
18966,25,36,2.564988,2.469884,1359,7.4333
18967,36,29,2.368990,2.560205,1422,7.5884
18968,29,23,2.661155,2.710978,1473,7.6299
18969,23,29,2.032180,2.055522,1440,7.6146
18970,29,23,2.477681,2.528312,1431,7.5692
18971,23,18,3.684875,3.968839,1400,7.5294
18972,18,12,4.102199,4.843387,1376,7.4592
18973,12,43,4.441617,4.422769,1386,7.4130
18974,43,46,4.001475,3.693410,1399,7.4268
18975,46,47,2.795625,2.513377,1395,7.4939
18976,47,22,3.458783,3.166722,1447,7.6702
18977,22,35,4.442546,4.901679,1374,7.3494
18978,35,0,3.353804,3.651801,1321,7.0506
18979,0,21,3.168937,3.149062,1432,7.5918
18980,21,47,4.042242,3.858115,1454,7.6101
18981,47,56,2.398561,2.594941,1438,7.6326
18982,56,1,2.478685,2.765643,1442,7.6571
18983,1,47,3.028602,2.688098,1370,7.2622
18984,47,56,2.355908,2.411806,1446,7.6117
18985,56,34,3.211369,3.530320,1423,7.6190
18986,34,7,3.778546,4.539012,1456,7.6424
18987,7,31,2.414259,2.730464,1343,7.2223
18988,31,12,3.481962,3.422156,1438,7.5832
18989,12,35,2.622709,3.028390,1265,6.9874
18990,35,0,3.444575,3.526889,1415,7.4859
18991,0,60,3.665502,3.902230,1442,7.5995
18992,60,44,5.573716,5.576456,1443,7.5640
18993,44,27,2.971824,3.128108,1376,7.3432
18994,27,20,4.033452,4.281650,1409,7.4563
18995,20,10,1.974951,1.660659,1397,7.5056
18996,10,11,7.541670,8.056593,1328,7.0490
18997,11,42,2.249552,2.245194,1233,6.9467
18998,42,45,2.195586,1.934549,1447,7.5871
18999,45,63,3.676616,3.560758,1412,7.5645
19000,63,6,4.931225,4.844103,1460,7.5775
19001,6,32,2.117712,2.580250,1456,7.6016
19002,32,9,3.222272,3.404623,1427,7.6041
19003,9,3,4.020260,3.700608,1422,7.5729
19004,3,39,2.585101,3.051263,1447,7.5852
19005,39,15,3.096149,2.975329,1378,7.3052
19006,15,39,3.134226,3.207401,1436,7.5748
19007,39,15,2.885889,2.757835,1409,7.5179
19008,15,49,2.877081,2.339880,1431,7.5699
19009,49,43,4.840854,5.115365,1433,7.5598
19010,43,46,3.704773,3.634149,1301,7.0852
19011,46,1,4.877024,4.910981,1444,7.6771
19012,1,32,3.021147,3.391455,1455,7.5933
19013,32,9,2.989609,3.267967,1444,7.6035
19014,9,15,2.725732,2.817825,1410,7.5435
19015,15,39,3.130102,3.076153,1446,7.6064
19016,39,44,2.991490,2.762063,1470,7.5856
19017,44,35,4.595402,4.665612,1455,7.6124
19018,35,8,2.970619,2.686440,1402,7.5529
19019,8,41,2.206721,2.099305,1380,7.4495
19020,41,6,3.373268,3.393290,1326,7.1152
19021,6,32,2.332659,2.582350,1290,6.9433
19022,32,27,2.812403,3.268838,1407,7.5325
19023,27,20,3.951733,4.186894,1435,7.5843
19024,20,10,1.828214,1.623957,1370,7.3244
19025,10,2,4.565385,4.782078,1453,7.5951
19026,2,45,3.407644,3.611370,1318,7.1317
19027,45,30,3.040609,2.482692,1480,7.6422
19028,30,31,2.528611,3.033495,1406,7.4977
19029,31,54,4.486416,4.365020,1443,7.5765
19030,54,0,3.537888,3.702629,1189,6.6689
19031,0,25,1.892508,1.884767,1352,7.3680
19032,25,36,2.425546,2.377702,1464,7.6622
19033,36,34,3.677168,3.484905,1351,7.3054
19034,34,7,3.862621,4.404992,1328,7.1356
19035,7,31,2.373596,2.684383,1370,7.3954
19036,31,12,3.450097,3.363125,1442,7.5707
19037,12,20,3.768500,3.772144,1425,7.4923
19038,20,10,1.641799,1.609085,1466,7.6387
19039,10,21,5.630866,5.753576,1450,7.5955
19040,21,9,3.836154,3.952914,1369,7.3029
19041,9,44,3.671583,3.745792,1461,7.6242
19042,44,35,4.516385,4.523683,1400,7.5787
19043,35,0,3.263157,3.397893,1426,7.6058
19044,0,21,3.081617,3.227428,1423,7.5549
19045,21,9,3.969734,3.890430,1405,7.4801
19046,9,44,3.490297,3.636064,1430,7.5717
19047,44,35,4.319580,4.386352,1399,7.5240
19048,35,8,2.759924,2.596848,1446,7.6798
19049,8,41,1.995571,2.087651,1383,7.4388
19050,41,36,6.139103,6.062892,1398,7.4957
19051,36,34,3.346114,3.191231,1421,7.5783
19052,34,40,1.997327,2.519055,1476,7.6558
19053,40,25,5.023454,5.796071,1449,7.6636
19054,25,2,3.635455,3.864862,1453,7.6568
19055,2,45,3.250033,3.500550,1439,7.5218
19056,45,63,3.322578,3.366806,1454,7.5826
19057,63,6,4.673107,4.847131,1471,7.6014
19058,6,32,2.151020,2.517491,1385,7.4216
19059,32,9,3.143256,3.351574,1429,7.5716
19060,9,3,3.840149,3.711481,1459,7.6360
19061,3,41,3.098351,3.058695,1396,7.4510
19062,41,30,5.488017,5.822807,1448,7.6069
19063,30,31,2.648156,2.866364,1408,7.4654
19064,31,12,3.267413,3.204680,1446,7.5866
19065,12,35,2.624030,3.262458,1401,7.5012
19066,35,53,3.380296,3.792306,1449,7.6698
19067,53,11,4.772798,4.723035,1451,7.5696
19068,11,42,2.167305,2.218670,1365,7.2952
19069,42,0,4.423540,4.859750,1431,7.5281
19070,0,25,1.960124,1.925988,1436,7.5823
19071,25,29,2.518064,3.269732,1460,7.6695
19072,29,11,2.682415,3.066119,1430,7.5668
19073,11,42,2.211228,2.159604,1382,7.4215
19074,42,0,4.308325,4.735582,1443,7.5861
19075,0,25,1.832363,1.822464,1433,7.5749
19076,25,29,2.390199,3.211062,1458,7.6374
19077,29,11,2.520567,2.977124,1449,7.6007
19078,11,45,2.550916,2.651889,1409,7.5308
19079,45,30,2.817330,2.493693,1448,7.5775
19080,30,46,3.833474,3.724055,1369,7.3543
19081,46,47,2.474608,2.525470,1270,7.1077
19082,47,22,3.149726,3.063040,1305,6.9005
19083,22,20,4.014274,4.762694,1365,7.4063
19084,20,10,1.871876,1.562590,1398,7.4821
19085,10,11,7.649894,8.191450,1447,7.6075
19086,11,42,2.187899,2.129735,1412,7.5485
19087,42,54,3.849973,4.017592,1439,7.5388
19088,54,25,2.153160,2.104825,1202,6.7574
19089,25,36,2.621247,2.599365,1427,7.6017
19090,36,34,3.128406,3.119724,1376,7.3040
19091,34,40,1.712292,2.460736,1441,7.6335
19092,40,25,4.958496,5.737796,1348,7.4941
19093,25,36,2.445631,2.425954,1446,7.6589
19094,36,29,2.369192,2.556912,1463,7.6285
19095,29,48,3.177428,3.326544,1438,7.5667
19096,48,51,2.888901,2.921400,1308,7.0741
19097,51,16,2.667119,2.495829,1426,7.4911
19098,16,53,4.837174,5.247860,1427,7.5556
19099,53,11,4.736861,4.588793,1198,6.5675
19100,11,42,2.027640,2.086524,1365,7.3614
19101,42,54,3.649561,3.886577,1424,7.5482
19102,54,0,3.240329,3.566459,1449,7.6212
19103,0,60,3.647945,3.988293,1357,7.3134
19104,60,38,3.416945,3.141876,1442,7.5451
19105,38,54,4.666690,5.063778,1381,7.2198
19106,54,25,2.260711,2.181656,1422,7.5598
19107,25,29,2.304468,3.133749,1452,7.6567
19108,29,48,2.864559,3.227109,1392,7.5273
19109,48,25,4.185483,4.580821,1361,7.2452
19110,25,36,2.463529,2.339661,1486,7.7120
19111,36,34,3.086062,3.202547,1462,7.6275
19112,34,35,4.103963,4.737608,1351,7.1736
19113,35,0,3.528819,3.557545,1383,7.5495
19114,0,21,3.221590,3.248432,1456,7.6117
19115,21,48,3.333156,3.357973,1452,7.5717
19116,48,25,3.922178,4.396647,1446,7.5895
19117,25,2,3.675209,3.961890,1422,7.6547
19118,2,12,3.031149,3.013872,1375,7.4521
19119,12,43,4.416175,4.417024,1286,6.9053
19120,43,46,3.531691,3.432706,1330,7.1005
19121,46,47,2.518117,2.420964,1445,7.6448
19122,47,22,3.078692,2.969847,1402,7.5281
19123,22,47,2.952200,2.416502,1391,7.4128
19124,47,56,2.322937,2.481934,1420,7.5662
19125,56,6,4.156996,4.277697,1454,7.6639
19126,6,56,3.398178,3.581917,1349,7.1779
19127,56,6,3.945489,3.972543,1436,7.6373
19128,6,56,2.995892,3.303928,1458,7.5710
19129,56,1,2.551800,2.897083,1418,7.5844
19130,1,32,3.108858,3.371751,1451,7.5973
19131,32,9,2.911131,3.211423,1453,7.5962
19132,9,15,2.982146,2.921905,1343,7.2826
19133,15,49,2.823832,2.359895,1408,7.5090
19134,49,48,5.818963,5.884915,1465,7.6579
19135,48,6,3.739137,3.858405,1311,7.1228
19136,6,56,2.774076,3.200280,1429,7.4992
19137,56,6,3.523658,3.622751,1437,7.6487
19138,6,22,4.684381,5.276717,1426,7.5680
19139,22,35,4.154949,4.859471,1445,7.5781
19140,35,8,2.533020,2.547331,1452,7.6729
19141,8,41,1.993117,2.099428,1443,7.5751
19142,41,6,3.579662,3.407734,1320,7.1129
19143,6,32,2.462560,2.581706,1457,7.6049
19144,32,9,2.681713,3.066122,1437,7.6381
19145,9,15,2.811476,2.824189,1317,7.1903
19146,15,49,2.665934,2.302395,1430,7.5936
19147,49,43,4.845212,5.192341,1385,7.4506
19148,43,51,4.791578,4.597909,1419,7.5055
19149,51,16,2.676754,2.303706,1361,7.2780
19150,16,23,2.838493,3.579791,1375,7.2603
19151,23,18,3.006491,3.656698,1290,6.9667
19152,18,38,3.218304,3.331814,1343,7.1584
19153,38,54,4.469473,4.905456,1455,7.5822
19154,54,25,2.109293,2.205339,1288,7.0724
19155,25,2,3.640758,3.794784,1405,7.4949
19156,2,45,3.278241,3.493144,1451,7.6197
19157,45,62,4.838955,5.222749,1413,7.4499
19158,62,21,4.519845,4.796783,1390,7.3817
19159,21,48,3.337821,3.341156,1410,7.5479
19160,48,51,3.021285,3.067449,1475,7.6375
19161,51,16,2.405508,2.250616,1452,7.5997
19162,16,23,2.867513,3.455229,1336,7.1036
19163,23,18,3.224979,3.607143,1359,7.3842
19164,18,12,4.893032,5.091143,1457,7.6590
19165,12,35,2.623927,3.250501,1403,7.5318
19166,35,0,3.363085,3.459029,1282,7.0736
19167,0,60,3.530944,3.852805,1451,7.6278
19168,60,38,3.244078,3.139732,1469,7.5809
19169,38,50,3.013955,2.674572,1388,7.2619
19170,50,53,4.326652,4.093836,1207,6.6729
19171,53,11,4.550451,4.404508,1256,6.7520
19172,11,45,2.657436,2.608291,1441,7.6249
19173,45,30,2.799624,2.406394,1459,7.5890
19174,30,46,3.345574,3.690974,1414,7.5225
19175,46,1,4.750294,4.794155,1402,7.5452
19176,1,32,3.020397,3.328999,1348,7.3836
19177,32,61,3.595533,3.808605,1250,6.8202
19178,61,33,2.890296,2.893039,1417,7.5504
19179,33,55,3.031451,3.073584,1263,6.8710
19180,55,4,2.389809,2.472667,1310,6.9604
19181,4,19,4.265790,4.194001,1446,7.5561
19182,19,24,2.991251,2.625949,1425,7.5886
19183,24,54,3.006378,3.378577,1446,7.6002
19184,54,0,3.286455,3.665887,1371,7.3104
19185,0,21,3.095961,3.192392,1371,7.3302
19186,21,48,3.388427,3.290796,1454,7.5976
19187,48,51,2.901964,3.005993,1452,7.6143
19188,51,29,3.229419,3.949547,1456,7.5761
19189,29,48,2.664925,2.889033,1438,7.5901
19190,48,25,3.703307,4.089925,1456,7.6042
19191,25,36,2.443075,2.256645,1452,7.6713
19192,36,21,2.971016,3.300427,1335,7.2858
19193,21,9,4.167889,4.236614,1461,7.5968
19194,9,44,3.613520,3.581078,1298,6.9241
19195,44,35,4.305664,4.328135,1333,7.2682
19196,35,8,2.812126,2.499416,1404,7.5817
19197,8,41,1.846093,2.094671,1423,7.5351
19198,41,6,3.394473,3.271840,1229,6.7924
19199,6,56,2.870791,3.135702,1458,7.6220
19200,56,34,3.466964,3.702309,1436,7.6460
19201,34,7,3.882459,4.349504,1438,7.6096
19202,7,31,2.257923,2.681735,1324,7.1731
19203,31,12,3.402976,3.245433,1449,7.6192
19204,12,35,2.684766,3.263970,1442,7.5447
19205,35,8,2.592279,2.411960,1442,7.6510
19206,8,41,1.941246,2.115425,1354,7.2641
19207,41,30,5.731911,5.806415,1292,7.0804
19208,30,31,2.737979,2.954765,1455,7.5837
19209,31,12,3.118276,3.073272,1376,7.2745
19210,12,20,4.035544,3.854651,1441,7.5799
19211,20,3,3.294746,3.362764,1386,7.4084
19212,3,41,2.710017,2.998154,1432,7.5993
19213,41,6,3.029557,3.144885,1362,7.2506
19214,6,32,2.391836,2.656509,1402,7.4497
19215,32,9,2.887053,3.096256,1410,7.5796
19216,9,3,3.746147,3.736142,1412,7.4893
19217,3,10,2.708177,2.327303,1448,7.5717
19218,10,11,7.246762,7.775982,1454,7.5855
19219,11,24,4.067341,4.185651,1233,6.8708
19220,24,54,3.190760,3.243048,1444,7.5906
19221,54,25,2.249225,2.284465,1456,7.5845
19222,25,36,2.285410,2.184572,1464,7.6733
19223,36,29,2.399756,2.679062,1443,7.6008
19224,29,23,2.638286,2.783803,1458,7.6311
19225,23,29,2.419008,2.342710,1413,7.5346
19226,29,48,2.710128,2.860907,1458,7.6193
19227,48,6,4.057003,4.198233,1452,7.6117
19228,6,32,2.355175,2.639082,1420,7.5532
19229,32,9,2.685738,2.952259,1324,7.1008
19230,9,15,2.961273,2.870189,1439,7.6009
19231,15,49,2.447366,2.232648,1437,7.5758
19232,49,43,4.815355,5.086684,1322,7.0709
19233,43,51,4.666387,4.499359,1388,7.3610
19234,51,16,2.429920,2.184338,1444,7.5615
19235,16,21,5.140659,6.346543,1445,7.5544
19236,21,47,4.204811,4.037004,1432,7.5761
19237,47,56,2.274973,2.466564,1427,7.6165
19238,56,1,2.581156,2.910584,1335,7.3187
19239,1,19,4.628034,4.513393,1455,7.6192
19240,19,38,5.857240,5.482320,1414,7.5246
19241,38,54,4.344020,4.672792,1111,6.1250
19242,54,25,2.122488,2.234126,1465,7.6007
19243,25,36,2.265245,2.132155,1474,7.6871
19244,36,34,3.441612,3.378753,1384,7.3141
19245,34,7,3.480889,4.189007,1311,7.0239
19246,7,16,4.630624,4.421855,1377,7.3509
19247,16,21,4.682218,6.036404,1427,7.5473
19248,21,9,4.217438,4.110771,1455,7.5760
19249,9,3,3.836790,3.640034,1462,7.6057
19250,3,41,2.821536,2.918174,1376,7.2951
19251,41,36,6.236545,6.350265,1393,7.4436
19252,36,34,3.267764,3.065804,1427,7.5822
19253,34,7,3.227862,4.047072,1438,7.5468
19254,7,31,2.451739,2.797479,1403,7.5389
19255,31,12,3.175666,2.947115,1467,7.5978
19256,12,20,3.673179,3.766937,1439,7.5408
19257,20,10,1.735071,1.623712,1343,7.3026
19258,10,11,6.859221,7.572346,1439,7.5224
19259,11,45,2.505621,2.533586,1339,7.2744
19260,45,63,3.411552,3.348084,1434,7.5962
19261,63,6,4.916802,4.878606,1418,7.5056
19262,6,56,2.820163,3.197443,1418,7.5070
19263,56,1,2.457654,2.816816,1349,7.3596
19264,1,32,2.823701,3.312027,1456,7.5983
19265,32,9,2.721563,2.942610,1421,7.5352
19266,9,15,2.903767,2.793385,1439,7.5492
19267,15,49,2.414501,2.200871,1456,7.6349
19268,49,43,5.012258,5.001686,1412,7.5711
19269,43,51,4.600982,4.353332,1384,7.3944
19270,51,16,2.342947,2.129135,1400,7.5031
19271,16,21,4.762442,5.897324,1450,7.6373
19272,21,48,3.027637,2.986755,1480,7.6265
19273,48,51,3.290369,3.285060,1451,7.6185
19274,51,29,3.115369,3.773924,1382,7.3684
19275,29,23,2.571788,2.558314,1374,7.3269
19276,23,29,2.185908,2.149805,1436,7.6150
19277,29,48,2.446070,2.731248,1397,7.5176
19278,48,6,4.063803,4.176700,1464,7.6139
19279,6,22,4.773684,5.362091,1343,7.1933
19280,22,35,4.395648,4.714484,1291,7.0973
19281,35,53,3.677223,3.964635,1345,7.3773
19282,53,17,2.397688,2.170388,1433,7.5155
19283,17,2,4.644012,4.828212,1346,7.1756
19284,2,12,3.263553,3.079887,1413,7.5779
19285,12,35,3.261004,3.311318,1411,7.5642
19286,35,0,3.572057,3.421292,1433,7.6403
19287,0,21,2.953974,3.111333,1376,7.3164
19288,21,48,2.940391,2.900338,1450,7.5832
19289,48,25,3.505860,3.986300,1400,7.4653
19290,25,36,2.340379,2.187095,1471,7.6812
19291,36,29,2.612191,2.782617,1434,7.5835
19292,29,11,3.567015,3.784614,1444,7.5911
19293,11,42,2.434003,2.375243,1405,7.4606
19294,42,54,3.493130,3.578131,1367,7.2102
19295,54,25,2.313484,2.234003,1447,7.5761
19296,25,2,3.711353,3.790012,1468,7.6711
19297,2,12,3.195443,3.018343,1424,7.5816
19298,12,20,3.441785,3.609902,1400,7.4976
19299,20,10,1.839139,1.616888,1376,7.4273
19300,10,11,6.812594,7.503210,1377,7.3171
19301,11,45,2.485968,2.505251,1414,7.5307
19302,45,63,3.332287,3.220975,1411,7.4339
19303,63,47,4.379256,5.009940,1427,7.4652
19304,47,51,3.730330,3.573554,1393,7.4746
19305,51,29,2.730108,3.676241,1455,7.5658
19306,29,23,2.599610,2.527481,1404,7.5229
19307,23,0,5.069280,5.346208,1340,7.1198
19308,0,60,3.383173,3.768810,1408,7.5689
19309,60,38,3.503078,3.155775,1424,7.5184
19310,38,50,2.889263,2.503594,1467,7.5349
19311,50,54,3.937004,4.251673,1207,6.7114
19312,54,25,2.179754,2.230997,1445,7.5931
19313,25,29,2.159835,3.049739,1416,7.4782
19314,29,23,2.451764,2.455631,1410,7.5160
19315,23,0,4.817635,5.214821,1352,7.3307
19316,0,21,2.898152,2.997419,1419,7.5220
19317,21,9,4.058540,4.168473,1446,7.5879
19318,9,44,3.610891,3.600169,1426,7.5913
19319,44,35,4.324596,4.288537,1328,7.2895
19320,35,8,2.561994,2.418661,1453,7.6681
19321,8,41,2.255906,2.162244,1401,7.4948
19322,41,6,3.212393,3.208770,1450,7.6248
19323,6,32,2.628494,2.765195,1424,7.4872
19324,32,9,2.656405,2.898081,1384,7.4542
19325,9,44,3.254400,3.475160,1462,7.6031
19326,44,35,3.902898,4.153199,1404,7.5366
19327,35,0,3.482936,3.470700,1350,7.3724
19328,0,25,2.064802,2.073927,1444,7.5988
19329,25,36,2.465061,2.296694,1404,7.5985
19330,36,34,3.159379,3.057536,1440,7.5855
19331,34,40,2.113876,2.796064,1449,7.6504
19332,40,21,5.631612,6.114025,1448,7.6770
19333,21,47,4.086610,3.933244,1467,7.6291
19334,47,51,3.500730,3.411585,1412,7.5480
19335,51,51,1.432614,0.690997,1447,7.5790
19336,51,29,2.989376,3.703252,1327,7.2200
19337,29,23,2.327582,2.300435,1366,7.2803
19338,23,29,1.909321,1.952734,1445,7.5872
19339,29,23,2.145556,2.151888,1427,7.5596
19340,23,29,1.774295,1.828950,1441,7.5814
19341,29,23,2.084561,2.011956,1415,7.4979
19342,23,29,1.683950,1.713832,1402,7.4758
19343,29,11,3.771253,4.077219,1434,7.5554
19344,11,42,2.594545,2.454120,1430,7.5733
19345,42,0,4.100752,4.575890,1481,7.5779
19346,0,21,2.910277,2.963365,1436,7.6232
19347,21,48,2.929522,2.989005,1445,7.5956
19348,48,51,3.107897,3.271353,1463,7.6333
19349,51,29,2.499015,3.386380,1423,7.4805
19350,29,11,3.529598,3.851619,1410,7.4981
19351,11,45,2.531971,2.547676,1459,7.6089
19352,45,63,3.167227,3.097807,1440,7.5673
19353,63,47,4.132654,4.969380,1443,7.5793
19354,47,22,3.337461,2.870710,1119,6.4847
19355,22,20,4.230711,4.678994,1245,6.9478
19356,20,10,1.737641,1.571576,1411,7.5861
19357,10,2,4.765630,4.899970,1436,7.5874
19358,2,12,2.992762,2.893665,1431,7.5865
19359,12,20,3.678633,3.465880,1431,7.5649
19360,20,10,1.577001,1.572180,1448,7.6171
19361,10,11,7.097727,7.618480,1446,7.6177
19362,11,24,3.927523,4.050173,1465,7.6401
19363,24,4,2.608166,2.850188,1383,7.2749
19364,4,23,4.315852,4.369016,1418,7.5554
19365,23,29,1.484695,1.642650,1389,7.5086
19366,29,48,2.647320,3.040200,1420,7.5700
19367,48,6,4.197122,4.056971,1440,7.6344
19368,6,32,2.600310,2.731893,1376,7.3356
19369,32,61,3.484147,3.976763,1351,7.3216
19370,61,33,2.640686,2.836150,1385,7.5110
19371,33,11,5.920109,6.345813,1396,7.4471
19372,11,42,2.566894,2.485267,1437,7.5840
19373,42,45,2.471059,2.008573,1448,7.5316
19374,45,30,2.998096,2.580916,1447,7.5832
19375,30,31,2.332187,2.943772,1433,7.5732
19376,31,54,5.188288,4.753569,1341,7.2047
19377,54,25,2.298425,2.192524,1332,7.0567
19378,25,36,2.361267,2.255518,1449,7.7354
19379,36,29,2.808542,2.878248,1343,7.1936
19380,29,48,2.503407,2.864135,1460,7.6335
19381,48,51,3.179485,3.258238,1464,7.6388
19382,51,51,1.228158,0.565629,1431,7.5602
19383,51,16,2.665932,2.584873,1437,7.5330
19384,16,23,2.949056,3.498165,1421,7.5151
19385,23,29,1.637223,1.726419,1369,7.2312
19386,29,23,2.201251,2.165265,1433,7.5705
19387,23,0,4.946065,5.236181,1448,7.5456
19388,0,21,2.676068,2.855080,1393,7.4148
19389,21,9,3.924721,4.136891,1481,7.6388
19390,9,3,3.731682,3.592626,1463,7.6437
19391,3,41,3.028925,2.879603,1298,7.1228
19392,41,6,3.173205,3.096996,1154,6.4119
19393,6,32,2.619372,2.659673,1346,7.0764
19394,32,9,2.542962,2.883474,1198,6.6842
19395,9,44,3.405570,3.391647,1456,7.5867
19396,44,27,2.854603,3.183333,1388,7.3586
19397,27,2,5.246627,5.748194,1444,7.6504
19398,2,12,2.869784,2.800399,1357,7.4073
19399,12,35,2.938513,3.481848,1436,7.5886
19400,35,8,2.582419,2.391758,1433,7.6483
19401,8,41,2.192657,2.168433,1317,7.0043
19402,41,30,5.209668,5.583937,1395,7.4978
19403,30,31,2.393736,2.789970,1431,7.5547
19404,31,12,3.171551,3.012719,1453,7.6003
19405,12,35,2.896188,3.381392,1431,7.5654
19406,35,53,3.697703,3.919451,1429,7.6370
19407,53,17,2.451724,2.161495,1287,6.9425
19408,17,2,4.475695,4.737946,1411,7.5090
19409,2,12,2.823617,2.732990,1393,7.4917
19410,12,35,2.760365,3.270224,1408,7.5528
19411,35,53,3.356399,3.795687,1435,7.6386
19412,53,11,5.038129,4.707560,1316,7.1010
19413,11,45,2.428825,2.485196,1329,7.2162
19414,45,63,3.205052,3.079345,1435,7.5688
19415,63,47,4.528102,4.922146,1448,7.5728
19416,47,51,3.293728,3.164568,1445,7.6294
19417,51,51,1.121191,0.497313,1291,7.0798
19418,51,16,2.697275,2.606119,1369,7.3086
19419,16,21,4.836617,5.884628,1443,7.5577
19420,21,48,2.686260,2.839991,1456,7.6271
19421,48,51,2.780799,3.083257,1436,7.5836
19422,51,51,0.860743,0.423035,1325,7.2169
19423,51,16,2.622952,2.615848,1402,7.5084
19424,16,23,2.623467,3.438256,1419,7.5068
19425,23,29,1.712268,1.760268,1403,7.5187
19426,29,11,3.886475,4.098802,1422,7.5557
19427,11,42,2.681705,2.528279,1446,7.5948
19428,42,0,3.847895,4.313780,1454,7.5682
19429,0,60,3.635352,3.809973,1460,7.6546
19430,60,44,5.105486,5.357832,1452,7.6025
19431,44,36,5.238856,4.966925,1328,7.2063
19432,36,34,3.441985,2.921300,1417,7.4896
19433,34,35,3.774236,4.693993,1457,7.6298
19434,35,0,3.771844,3.665753,1403,7.5942
19435,0,60,3.452495,3.666380,1440,7.6050
19436,60,38,3.272628,3.145827,1464,7.6085
19437,38,2,4.399396,4.676921,1330,7.1410
19438,2,12,2.562246,2.655612,1324,7.0330
19439,12,35,2.495123,3.183762,1369,7.3686
19440,35,53,3.366820,3.712786,1444,7.6413
19441,53,11,5.075662,4.701706,1397,7.3547
19442,11,42,2.519290,2.491574,1453,7.6122
19443,42,54,3.859280,3.648442,1459,7.5675
19444,54,25,2.282889,2.180924,1402,7.4313
19445,25,36,2.357017,2.308062,1344,7.2556
19446,36,34,3.005112,2.860461,1402,7.3851
19447,34,7,3.403668,3.942022,1439,7.5424
19448,7,31,2.732796,2.846620,1432,7.6023
19449,31,12,3.017670,3.028485,1390,7.4306
19450,12,35,2.514399,3.066097,1416,7.5128
19451,35,8,2.411783,2.528562,1408,7.6087
19452,8,41,2.290175,2.129761,1401,7.4959
19453,41,36,6.553537,6.340635,1430,7.5832
19454,36,29,2.581385,2.887345,1377,7.2181
19455,29,23,2.082449,2.084961,1443,7.5596
19456,23,0,4.733020,5.052527,1463,7.6115
19457,0,25,2.245994,2.131464,1432,7.6101
19458,25,2,3.943597,3.914294,1383,7.4059
19459,2,45,3.663121,3.679470,1375,7.3644
19460,45,63,2.909429,2.883009,1421,7.5441
19461,63,18,3.259956,3.264986,1420,7.5453
19462,18,38,3.178293,3.270264,1396,7.4818
19463,38,50,2.694105,2.491795,1323,6.9539
19464,50,33,3.197711,3.976167,1430,7.5516
19465,33,55,3.009252,2.962743,1336,7.2810
19466,55,63,5.442526,5.418669,1443,7.5569
19467,63,6,4.971731,4.968914,1415,7.5250
19468,6,56,3.056476,3.367967,1405,7.4172
19469,56,34,3.708282,3.953893,1332,7.1976
19470,34,40,2.223617,2.820230,1432,7.5793
19471,40,57,2.240778,2.650430,1430,7.6927
19472,57,32,4.910100,4.986116,1463,7.6910
19473,32,9,2.359230,2.700840,1318,7.0882
19474,9,3,3.582435,3.541100,1392,7.3871
19475,3,41,2.711695,2.815537,1457,7.6095
19476,41,6,2.852676,3.160900,1419,7.5063
19477,6,56,2.936671,3.305452,1455,7.6005
19478,56,1,2.406000,2.830142,1411,7.6106
19479,1,47,3.241992,2.742217,1360,7.2524
19480,47,51,2.933292,3.015985,1396,7.4350
19481,51,16,2.392888,2.459736,1402,7.4785
19482,16,53,5.868117,5.872761,1447,7.5673
19483,53,11,4.827304,4.409371,1402,7.4219
19484,11,42,2.501883,2.482422,1438,7.5929
19485,42,45,2.314441,2.014482,1459,7.6116
19486,45,30,3.014537,2.629958,1424,7.5646
19487,30,31,2.251470,2.826656,1442,7.6110
19488,31,30,3.328850,2.950024,1399,7.5159
19489,30,27,6.589400,6.922176,1451,7.5466
19490,27,20,3.945821,4.160432,1293,7.0349
19491,20,3,3.521498,3.536580,1377,7.5012
19492,3,41,2.544898,2.732110,1454,7.5840
19493,41,36,6.201609,6.160607,1412,7.5670
19494,36,29,2.482815,2.863028,1406,7.4732
19495,29,23,1.933720,2.046044,1414,7.4450
19496,23,29,1.716090,1.760708,1428,7.5766
19497,29,23,1.833565,1.933248,1398,7.5064
19498,23,18,3.889059,4.268197,1413,7.4776
19499,18,38,3.306730,3.177954,1426,7.5730
19500,38,50,2.661382,2.416194,1343,7.0972
19501,50,54,3.665260,4.263500,1398,7.4374
19502,54,25,2.279532,2.197975,1428,7.5613
19503,25,29,2.387896,3.117173,1465,7.6986
19504,29,48,2.630539,3.055357,1433,7.5980
19505,48,25,3.653195,4.016351,1452,7.6354
19506,25,36,2.770596,2.592075,1453,7.7208
19507,36,34,2.768068,2.741091,1460,7.6126
19508,34,35,3.812526,4.633956,1372,7.3822
19509,35,0,3.878439,3.642306,1324,7.1283
19510,0,25,2.015060,2.104092,1444,7.6123
19511,25,36,2.565966,2.481708,1449,7.6603
19512,36,21,3.045839,3.303630,1457,7.6457
19513,21,47,4.197763,3.997586,1444,7.5845
19514,47,22,2.999751,2.748664,1377,7.4982
19515,22,47,3.159995,2.499006,1388,7.4776
19516,47,56,2.628872,2.697595,1426,7.5856
19517,56,34,3.725066,3.946546,1352,7.3786
19518,34,7,3.320440,3.831487,1376,7.4223
19519,7,31,2.646219,2.836350,1340,7.2149
19520,31,12,3.073409,2.968565,1318,6.9759
19521,12,35,2.360980,2.982798,1418,7.5592
19522,35,8,2.394702,2.490693,1448,7.6316
19523,8,41,2.273181,2.136364,1437,7.5575
19524,41,6,3.035689,3.064019,1343,7.3084
19525,6,32,2.808714,2.797924,1321,7.0053
19526,32,9,2.266551,2.593214,1414,7.5255
19527,9,44,3.254604,3.302460,1404,7.4517
19528,44,36,4.899034,4.831520,1426,7.5830
19529,36,29,2.358043,2.803240,1427,7.5734
19530,29,48,2.560278,2.904191,1451,7.6024
19531,48,6,4.183959,4.186322,1460,7.6390
19532,6,22,4.847750,5.552229,1366,7.3649
19533,22,47,2.678265,2.390830,1322,7.0233
19534,47,56,2.383376,2.559068,1429,7.6040
19535,56,1,2.630391,2.793703,1452,7.6694
19536,1,47,2.968832,2.536349,1455,7.6121
19537,47,51,3.057025,3.068944,1422,7.5909
19538,51,16,2.306947,2.332982,1417,7.5404
19539,16,53,5.641669,5.748477,1449,7.5735
19540,53,0,3.731706,3.766545,1399,7.4351
19541,0,25,2.101474,2.098424,1461,7.6569
19542,25,2,3.833727,3.928255,1429,7.6622
19543,2,54,3.423823,3.368782,1459,7.6289
19544,54,0,3.959874,4.012165,1269,6.8365
19545,0,60,3.490723,3.616811,1441,7.6002
19546,60,36,3.182639,2.819031,1441,7.5597
19547,36,29,2.260611,2.751050,1444,7.5907
19548,29,23,1.907351,2.104992,1362,7.2959
19549,23,29,1.721573,1.790793,1263,6.8505
19550,29,23,1.910927,1.985975,1353,7.3389
19551,23,29,1.596666,1.686775,1319,7.1563
19552,29,11,4.097185,4.401955,1409,7.4871
19553,11,45,2.643370,2.583090,1216,6.7798
19554,45,30,2.839661,2.570790,1310,7.0520
19555,30,46,3.688851,3.807831,1242,6.8928
19556,46,47,2.914954,2.730197,1330,7.4090
19557,47,56,2.250298,2.484904,1441,7.5990
19558,56,34,3.426603,3.897645,1266,7.1061
19559,34,40,2.514582,2.871981,1249,6.6694
19560,40,57,2.313015,2.584774,1218,6.6852
19561,57,59,4.390992,4.600282,1426,7.5733
19562,59,15,4.880592,4.556044,1334,7.1694
19563,15,19,3.990099,3.820511,1302,7.1865
19564,19,24,2.802889,2.631799,1451,7.6529
19565,24,0,4.800428,4.808509,1405,7.4805
19566,0,25,2.114946,1.945609,1450,7.6388
19567,25,36,2.570357,2.465458,1438,7.6537
19568,36,34,3.019345,2.970424,1437,7.5929
19569,34,40,2.090629,2.796174,1455,7.6043
19570,40,57,2.115546,2.539915,1401,7.6179
19571,57,52,2.787880,2.957942,1407,7.6218
19572,52,21,5.702856,5.533749,1413,7.5639
19573,21,9,4.075423,4.092508,1467,7.6119
19574,9,3,3.534967,3.435194,1433,7.6123
19575,3,41,2.455518,2.688239,1372,7.3859
19576,41,6,3.009135,2.966536,1441,7.6117
19577,6,32,2.618504,2.833367,1430,7.5094
19578,32,9,2.109220,2.607382,1379,7.4061
19579,9,3,3.108242,3.345981,1453,7.5685
19580,3,39,3.398924,3.395594,1457,7.5852
19581,39,59,3.691652,3.668771,1398,7.4265
19582,59,10,3.633140,4.043928,1390,7.4833
19583,10,11,6.390106,7.226031,1436,7.5829
19584,11,42,2.588129,2.547341,1344,7.4175
19585,42,45,2.240521,1.904766,1439,7.5504
19586,45,62,4.762129,5.216334,1275,6.9398
19587,62,60,4.258903,4.124699,1312,7.1322
19588,60,36,3.113693,2.740808,1426,7.5497
19589,36,21,3.012622,3.254448,1395,7.3609
19590,21,48,2.884660,2.849532,1436,7.5700
19591,48,51,2.960080,3.127145,1451,7.6048
19592,51,16,2.314184,2.239303,1396,7.4490
19593,16,21,4.634209,6.095186,1421,7.5351
19594,21,48,2.802530,2.678998,1464,7.5930
19595,48,6,4.130426,4.059336,1467,7.6089
19596,6,32,2.568131,2.769563,1450,7.5858
19597,32,27,3.517440,4.040029,1424,7.5553
19598,27,20,3.703028,4.062739,1377,7.4573
19599,20,3,3.384992,3.419063,1431,7.6073
19600,3,41,2.394619,2.647202,1415,7.5380
19601,41,30,5.141270,5.542284,1398,7.4305
19602,30,31,2.329261,2.740035,1464,7.6059
19603,31,54,5.032862,4.701844,1450,7.5873
19604,54,0,3.617301,3.779901,1196,6.6128
19605,0,25,1.959449,1.847589,1396,7.5352
19606,25,2,3.783576,3.842006,1467,7.6889
19607,2,12,2.886228,2.788870,1399,7.4578
19608,12,35,2.276291,2.891504,1362,7.3130
19609,35,0,4.061827,3.729126,1425,7.6383
19610,0,25,1.777670,1.814349,1427,7.6101
19611,25,36,2.508076,2.412498,1456,7.6721
19612,36,21,2.949507,3.238441,1453,7.6002
19613,21,9,3.958290,4.139751,1434,7.5376
19614,9,15,3.201403,3.267732,1446,7.5871
19615,15,49,2.244650,2.078132,1312,7.0703
19616,49,43,4.325867,4.693202,1439,7.5753
19617,43,46,3.407362,3.497239,1264,6.8899
19618,46,1,4.544643,4.456709,1390,7.4057
19619,1,19,4.728367,4.524217,1372,7.2859
19620,19,51,6.009997,5.255051,1452,7.6007
19621,51,16,1.973985,1.985329,1428,7.4951
19622,16,21,4.782191,5.997441,1402,7.4795
19623,21,48,2.659794,2.545047,1483,7.6041
19624,48,51,2.995330,3.292909,1404,7.3934
19625,51,29,2.813464,3.759218,1197,6.7243
19626,29,11,3.946684,4.207919,1424,7.5554
19627,11,24,3.963132,4.074623,1419,7.5528
19628,24,0,4.897645,4.648903,1430,7.5764
19629,0,25,1.855492,1.732294,1370,7.3024
19630,25,2,3.715085,3.802940,1454,7.6606
19631,2,45,3.580682,3.703906,1432,7.6280
19632,45,30,3.052342,2.568171,1425,7.4940
19633,30,46,3.244380,3.773243,1447,7.5383
19634,46,46,1.177926,0.851949,1280,7.1162
19635,46,47,3.037631,2.795476,1440,7.6040
19636,47,56,2.318728,2.436750,1440,7.6454
19637,56,6,3.570847,3.793800,1344,7.3342
19638,6,56,3.123240,3.418212,1361,7.0858
19639,56,34,3.531417,3.862125,1361,7.4131
19640,34,7,3.061363,3.756131,1449,7.6147
19641,7,31,2.849149,2.840822,1427,7.5628
19642,31,12,2.969100,2.937351,1439,7.5781
19643,12,20,3.609406,3.654752,1429,7.6036
19644,20,10,1.961817,1.690177,1298,7.0656
19645,10,2,4.513698,4.817626,1387,7.3138
19646,2,45,3.260768,3.620337,1420,7.5374
19647,45,62,4.497830,4.993966,1439,7.5759
19648,62,60,3.928160,4.057776,1363,7.3159
19649,60,38,3.377851,3.033364,1418,7.5315
19650,38,2,4.212790,4.676301,1386,7.3378
19651,2,54,3.431877,3.303736,1416,7.5479
19652,54,25,2.232810,2.208234,1432,7.5873
19653,25,36,2.286835,2.399787,1429,7.6561
19654,36,29,2.768489,2.954183,1456,7.6204
19655,29,48,2.532296,2.914219,1368,7.2694
19656,48,6,3.928703,4.022557,1497,7.6571
19657,6,32,2.616194,2.706757,1456,7.5925
19658,32,9,2.128215,2.687191,1298,7.2238
19659,9,15,3.187328,3.138683,1433,7.5671
19660,15,19,3.883852,3.829515,1441,7.6147
19661,19,51,5.801364,5.140104,1435,7.6208
19662,51,29,2.625781,3.596280,1362,7.1819
19663,29,11,3.723683,4.063714,1434,7.5728
19664,11,42,2.689040,2.550520,1397,7.4673
19665,42,45,2.158454,1.937914,1409,7.5158
19666,45,63,3.005193,3.120293,1374,7.2470
19667,63,47,4.521989,5.084592,1426,7.5349
19668,47,22,3.044395,2.708071,1330,7.2832
19669,22,20,4.082751,4.585431,1437,7.5639
19670,20,3,3.284464,3.355784,1398,7.4270
19671,3,41,2.560347,2.572451,1429,7.5563
19672,41,36,6.334148,6.245344,1408,7.4820
19673,36,34,3.173927,2.987322,1426,7.5681
19674,34,35,3.432839,4.508583,1424,7.6044
19675,35,0,3.824882,3.686717,1427,7.5793
19676,0,60,3.316351,3.640114,1340,7.2180
19677,60,36,3.004128,2.714673,1444,7.5382
19678,36,21,2.801293,3.142639,1465,7.6594
19679,21,48,2.333684,2.493526,1432,7.5793
19680,48,51,3.106100,3.375512,1449,7.6094
19681,51,16,1.926194,1.953519,1439,7.5325
19682,16,53,5.452132,5.702503,1413,7.5288
19683,53,17,2.599315,2.158208,1344,7.1390
19684,17,7,3.332334,3.472161,1454,7.6386
19685,7,31,2.618173,2.729666,1430,7.5948
19686,31,12,2.987104,2.845611,1392,7.4574
19687,12,35,2.259278,2.888021,1409,7.5799
19688,35,0,3.692324,3.567818,1427,7.6187
19689,0,25,1.785856,1.841475,1424,7.5428
19690,25,36,2.407870,2.423625,1392,7.3560
19691,36,34,3.100681,2.986155,1441,7.5872
19692,34,35,3.403072,4.379837,1471,7.6482
19693,35,0,3.302994,3.424323,1429,7.5837
19694,0,25,1.824370,1.833018,1446,7.6114
19695,25,29,2.691438,3.502900,1467,7.7020
19696,29,11,3.537625,3.858339,1355,7.2046
19697,11,42,2.550214,2.504483,1177,6.5092
19698,42,0,4.323387,4.696610,1444,7.5780
19699,0,21,3.116937,3.260234,1352,7.3558
19700,21,48,2.264484,2.482993,1433,7.5757
19701,48,6,3.770902,3.892002,1449,7.6028
19702,6,32,2.449768,2.666151,1441,7.5808
19703,32,61,3.660107,4.316014,1444,7.6429
19704,61,33,2.713557,2.797140,1418,7.5685
19705,33,18,5.881439,5.584636,1390,7.4822
19706,18,18,1.260389,0.696821,1432,7.5669
19707,18,18,0.948694,0.581284,1418,7.5778
19708,18,12,5.612432,5.584369,1464,7.6325
19709,12,35,2.133133,2.781217,1335,7.2202
19710,35,53,3.740138,4.236618,1442,7.5910
19711,53,0,3.256545,3.615533,1372,7.3135
19712,0,25,1.743997,1.819599,1450,7.6344
19713,25,36,2.414672,2.406191,1471,7.6956
19714,36,29,2.758210,2.998099,1440,7.6068
19715,29,23,2.145135,2.246344,1413,7.4664
19716,23,29,1.767425,1.716687,1402,7.4049
19717,29,11,3.404162,3.776793,1400,7.5166
19718,11,42,2.562999,2.465164,1383,7.4715
19719,42,54,3.958759,3.919601,1387,7.3702
19720,54,0,3.704381,3.862798,1398,7.5942
19721,0,25,1.842817,1.713986,1434,7.5729
19722,25,29,2.754099,3.413406,1449,7.6749
19723,29,23,2.109519,2.213803,1354,7.3403
19724,23,18,3.445666,3.995007,1424,7.5660
19725,18,18,1.015545,0.495380,1361,7.3374
19726,18,38,2.841476,3.345056,1394,7.4708
19727,38,2,4.317724,4.611180,1451,7.5602
19728,2,45,3.466781,3.552200,1396,7.4116
19729,45,63,2.873137,2.936614,1436,7.5896
19730,63,6,4.982106,4.904238,1406,7.5310
19731,6,56,2.887416,3.391082,1448,7.5841
19732,56,1,2.571852,2.872093,1333,7.3518
19733,1,47,2.975891,2.492500,1381,7.4415
19734,47,56,2.213364,2.450279,1449,7.6491
19735,56,34,3.435039,3.891266,1431,7.6656
19736,34,40,2.239842,2.924381,1302,7.1080
19737,40,25,4.987653,5.774694,1396,7.4491
19738,25,36,2.204943,2.284862,1441,7.6799
19739,36,29,2.535836,2.827192,1451,7.6032
19740,29,11,3.198884,3.678305,1362,7.3773
19741,11,42,2.582705,2.426277,1374,7.3304
19742,42,0,4.221881,4.593895,1368,7.1834
19743,0,25,1.665616,1.711108,1443,7.6010
19744,25,36,2.110610,2.204445,1442,7.6851
19745,36,34,3.066164,3.256240,1459,7.6312
19746,34,40,2.175835,2.886367,1425,7.5685
19747,40,25,5.017368,5.674377,1351,7.1540
19748,25,36,1.970649,2.038562,1440,7.6725
19749,36,34,3.059133,3.191649,1485,7.6362
19750,34,40,2.077684,2.886970,1479,7.5949
19751,40,57,2.184150,2.708031,1460,7.6474
19752,57,32,4.538842,5.068176,1307,7.0782
19753,32,27,3.638638,4.002246,1373,7.4551
19754,27,20,3.652326,3.976277,1466,7.6314
19755,20,3,3.091379,3.195480,1343,7.3279
19756,3,39,3.054200,3.364328,1449,7.6418
19757,39,59,3.569843,3.591572,1390,7.3334
19758,59,15,4.744807,4.396779,1371,7.4454
19759,15,49,2.528567,2.036408,1429,7.5739
19760,49,43,4.237308,4.545337,1419,7.5291
19761,43,11,5.064454,5.039911,1435,7.5830
19762,11,45,2.750497,2.622133,1299,7.0262
19763,45,63,2.597177,2.843331,1410,7.5529
19764,63,6,4.716881,4.847391,1443,7.5416
19765,6,32,2.874171,2.657863,1445,7.6063
19766,32,9,2.340259,2.659444,1407,7.4944
19767,9,3,3.308362,3.375927,1406,7.4694
19768,3,41,2.530575,2.546083,1431,7.5406
19769,41,6,3.449481,3.259652,1389,7.4533
19770,6,32,2.611093,2.550695,1445,7.5627
19771,32,9,2.081854,2.566711,1447,7.5730
19772,9,3,3.202887,3.284562,1452,7.5836
19773,3,39,2.964846,3.376175,1474,7.6028
19774,39,44,3.019265,2.877858,1444,7.5383
19775,44,36,4.794657,4.776253,1467,7.6546
19776,36,34,3.060398,2.980063,1407,7.4515
19777,34,40,2.111936,2.876958,1395,7.4844
19778,40,57,2.214633,2.689996,1398,7.5779
19779,57,32,4.876326,5.030199,1353,7.3975
19780,32,27,3.605784,4.035889,1446,7.5652
19781,27,20,3.692164,3.898292,1455,7.6337
19782,20,10,1.935667,1.724835,1428,7.6043
19783,10,21,5.805082,6.044042,1404,7.4520
19784,21,48,2.385050,2.555175,1247,6.9540
19785,48,6,3.984806,3.675550,1317,7.1848
19786,6,32,2.680567,2.588160,1416,7.4607
19787,32,9,1.875846,2.443178,1421,7.5180
19788,9,44,3.507482,3.463381,1463,7.6226
19789,44,35,4.456010,4.502313,1442,7.5956
19790,35,8,2.618202,2.679582,1447,7.6427
19791,8,41,2.262613,2.199607,1423,7.5464
19792,41,6,3.411496,3.169360,1451,7.6230
19793,6,32,2.452284,2.503874,1326,7.2031
19794,32,9,1.793446,2.383154,1402,7.4411
19795,9,15,3.250609,3.326649,1417,7.4826
19796,15,49,2.458325,2.041910,1448,7.6163
19797,49,50,4.548357,4.397342,1447,7.6171
19798,50,54,3.657540,4.123891,1195,6.8482
19799,54,0,3.598958,3.763661,1193,6.6331
19800,0,25,1.700379,1.694248,1385,7.4184
19801,25,36,1.966053,2.062108,1443,7.6769
19802,36,29,2.776802,2.912139,1459,7.6553
19803,29,11,3.211427,3.556341,1419,7.5511
19804,11,45,2.606245,2.564707,1395,7.4841
19805,45,63,2.571110,2.770860,1442,7.5662
19806,63,18,3.403977,3.385796,1333,7.2744
19807,18,38,3.089266,3.156613,1425,7.5745
19808,38,2,4.223400,4.503475,1409,7.5018
19809,2,45,3.399354,3.441534,1417,7.5862
19810,45,30,3.141960,2.732701,1470,7.6322
19811,30,46,3.374799,3.648147,1394,7.4304
19812,46,47,2.738984,2.722556,1382,7.4598
19813,47,22,2.818204,2.648738,1394,7.4681
19814,22,20,3.751797,4.471127,1436,7.5871
19815,20,10,1.831699,1.694008,1427,7.6232
19816,10,11,7.116213,7.554336,1456,7.6143
19817,11,24,3.820211,4.076769,1438,7.5707
19818,24,0,4.743172,4.633808,1433,7.5823
19819,0,60,3.322832,3.708195,1414,7.5609
19820,60,36,2.922292,2.609880,1438,7.5982
19821,36,29,2.361629,2.797142,1396,7.4437
19822,29,23,2.210997,2.402945,1455,7.6150
19823,23,29,1.844235,1.800282,1394,7.4124
19824,29,23,2.166899,2.251589,1393,7.3373
19825,23,29,1.648366,1.692028,1357,7.1882
19826,29,23,1.953756,2.102047,1429,7.5576
19827,23,29,1.635349,1.606411,1333,7.1630
19828,29,11,3.398921,3.806562,1433,7.5247
19829,11,42,2.737889,2.497033,1474,7.6564
19830,42,45,2.409566,1.999180,1272,6.9832
19831,45,63,2.494592,2.704185,1363,7.3129
19832,63,6,4.892569,4.990100,1334,7.2231
19833,6,32,2.178849,2.416037,1332,7.1362
19834,32,9,1.890352,2.333056,1320,7.0466
19835,9,15,3.085004,3.216724,1407,7.4773
19836,15,49,2.343728,2.026212,1425,7.5168
19837,49,43,4.364330,4.519274,1454,7.6260
19838,43,46,3.599130,3.472251,1329,7.1348
19839,46,1,4.545899,4.541857,1446,7.6328
19840,1,47,2.902429,2.305656,1433,7.5840
19841,47,22,2.461621,2.510397,1370,7.4947
19842,22,20,3.659027,4.392754,1385,7.3899
19843,20,10,1.871148,1.675662,1433,7.6093
19844,10,2,4.416048,4.746539,1462,7.6178
19845,2,12,3.160540,2.988524,1251,6.8799
19846,12,20,3.381161,3.658946,1357,7.3268
19847,20,3,3.177446,3.271834,1402,7.4763
19848,3,39,2.992155,3.290793,1374,7.3995
19849,39,44,3.038703,2.787913,1458,7.5620
19850,44,36,4.994703,4.798233,1341,7.2736
19851,36,29,2.301485,2.692492,1404,7.5557
19852,29,23,1.711590,2.099893,1265,6.7642
19853,23,0,4.968324,5.217853,1405,7.5265
19854,0,25,1.708358,1.692229,1429,7.6249
19855,25,36,1.983139,2.088763,1470,7.7088
19856,36,34,2.779365,2.992454,1437,7.5693
19857,34,35,3.460142,4.440557,1429,7.5425
19858,35,0,3.974066,3.795725,1436,7.6080
19859,0,21,3.506997,3.464635,1444,7.6156
19860,21,9,4.546784,4.381582,1433,7.5674
19861,9,44,3.201929,3.434816,1444,7.6031
19862,44,35,4.308338,4.402086,1447,7.6261
19863,35,0,3.926564,3.610045,1406,7.4541
19864,0,25,1.696948,1.703515,1420,7.5595
19865,25,2,3.992240,4.223802,1455,7.6677
19866,2,45,3.449237,3.457056,1363,7.3010
19867,45,63,2.347478,2.543894,1435,7.5643
19868,63,18,3.419941,3.458267,1448,7.5662
19869,18,38,2.767121,2.997538,1410,7.5065
19870,38,50,2.969377,2.618832,1452,7.5805
19871,50,54,3.606136,3.998236,1307,6.9415
19872,54,25,2.585686,2.609699,1455,7.6079
19873,25,29,2.593310,3.217659,1449,7.6786
19874,29,23,1.814815,2.017276,1404,7.5223
19875,23,18,3.650020,4.202390,1363,7.2788
19876,18,12,5.012317,5.479569,1419,7.6011
19877,12,35,2.486434,2.959022,1421,7.5573
19878,35,0,3.531104,3.475500,1421,7.6064
19879,0,21,3.185452,3.363757,1422,7.5943
19880,21,48,2.576274,2.625344,1401,7.4236
19881,48,25,3.646272,4.076379,1468,7.6251
19882,25,29,2.278526,3.015627,1423,7.5808
19883,29,11,3.150237,3.714996,1459,7.6024
19884,11,42,2.738901,2.487588,1347,7.1988
19885,42,45,2.251605,1.998143,1390,7.3767
19886,45,63,2.321413,2.489171,1395,7.4667
19887,63,18,3.236460,3.420205,1405,7.3790
19888,18,12,5.091081,5.236952,1408,7.5884
19889,12,43,4.948591,4.733907,1410,7.4431
19890,43,51,4.236036,4.500190,1362,7.3296
19891,51,16,1.836849,1.861377,1342,7.1199
19892,16,53,5.135239,5.473720,1302,6.9830
19893,53,11,5.036987,4.476704,1441,7.5646
19894,11,42,2.691918,2.442698,1442,7.5853
19895,42,45,2.293934,1.898069,1410,7.4643
19896,45,30,3.127271,2.826116,1470,7.5915
19897,30,46,3.305533,3.621770,1333,7.1186
19898,46,46,1.143047,0.745113,1399,7.4938
19899,46,47,2.951214,2.841342,1415,7.5801
19900,47,56,2.238997,2.547852,1451,7.6513
19901,56,34,3.561845,3.985432,1249,6.8230
19902,34,40,2.275615,2.791353,1441,7.5916
19903,40,57,2.129093,2.607005,1431,7.6125
19904,57,32,4.654561,5.040979,1366,7.3429
19905,32,9,1.837209,2.308842,1255,6.7878
19906,9,3,3.191910,3.416447,1421,7.5538
19907,3,41,2.431819,2.619898,1401,7.4663
19908,41,6,3.037319,3.124938,1447,7.6129
19909,6,56,3.325777,3.655320,1378,7.3105
19910,56,1,2.716114,2.876190,1311,7.2152
19911,1,32,3.584652,4.052226,1394,7.4424
19912,32,61,3.924867,4.487058,1415,7.4866
19913,61,33,2.837569,2.767108,1300,7.0516
19914,33,18,5.778707,5.558390,1452,7.5981
19915,18,12,4.679420,4.918273,1421,7.6035
19916,12,35,2.318397,2.927565,1425,7.5520
19917,35,8,2.688181,2.696210,1362,7.4328
19918,8,52,5.294942,5.224519,1448,7.5777
19919,52,22,4.533430,4.216055,1431,7.6158
19920,22,35,4.218140,4.963183,1450,7.6006
19921,35,8,2.352806,2.532865,1445,7.6045
19922,8,41,2.590829,2.274689,1459,7.5610
19923,41,6,3.279063,3.006443,1285,7.0042
19924,6,32,2.402507,2.515121,1441,7.5814
19925,32,27,3.675050,4.320655,1398,7.4578
19926,27,20,3.376227,3.810706,1415,7.5551
19927,20,10,1.868387,1.699372,1380,7.3189
19928,10,11,6.968661,7.571738,1430,7.5839
19929,11,45,2.513888,2.442712,1405,7.5255
19930,45,30,3.013799,2.744268,1448,7.6062
19931,30,46,3.234539,3.563695,1367,7.1153
19932,46,47,2.625667,2.758204,1326,7.2038
19933,47,22,2.561051,2.658657,1353,7.3126
19934,22,47,2.619483,2.334094,1420,7.3621
19935,47,51,3.768052,3.537038,1393,7.4648
19936,51,29,3.264855,3.908476,1394,7.4034
19937,29,23,1.936552,2.036928,1456,7.5901
19938,23,29,1.688065,1.645467,1382,7.2399
19939,29,11,3.362662,3.797885,1429,7.5665
19940,11,42,2.615626,2.462117,1445,7.6207
19941,42,45,2.023267,1.750344,1339,7.2480
19942,45,30,2.855884,2.684724,1453,7.5684
19943,30,27,6.665854,7.072097,1345,7.2520
19944,27,2,5.639012,5.671819,1363,7.3576
19945,2,12,3.020888,2.945692,1405,7.4393
19946,12,35,2.570899,2.898865,1476,7.6573
19947,35,0,3.691904,3.334996,1428,7.5358
19948,0,25,1.860951,1.773886,1433,7.5996
19949,25,36,2.158869,2.234988,1421,7.6504
19950,36,34,3.090101,2.962166,1437,7.5969
19951,34,40,2.020558,2.717735,1447,7.6219
19952,40,57,2.258921,2.593643,1473,7.6744
19953,57,52,2.852776,3.122454,1469,7.7176
19954,52,21,5.527983,5.384095,1444,7.6316
19955,21,47,4.995169,4.355156,1437,7.5699
19956,47,56,2.348040,2.606907,1314,7.0876
19957,56,6,3.760402,3.783544,1435,7.6875
19958,6,32,2.328005,2.349530,1369,7.2224
19959,32,61,3.861961,4.585713,1279,6.9907
19960,61,33,2.611613,2.765120,1437,7.5983
19961,33,55,2.785837,2.916413,1362,7.3095
19962,55,42,5.528057,5.381699,1442,7.5428
19963,42,45,1.941906,1.648190,1396,7.4809
19964,45,63,2.376694,2.788300,1434,7.5525
19965,63,47,4.973935,5.758050,1340,7.2871
19966,47,56,2.043263,2.490404,1338,7.2291
19967,56,1,2.631789,2.821615,1305,7.1962
19968,1,32,3.707913,3.987147,1415,7.5656
19969,32,9,1.876538,2.401367,1434,7.5409
19970,9,3,3.079493,3.291207,1379,7.4004
19971,3,39,2.944723,3.294306,1459,7.6196
19972,39,44,2.750117,2.660755,1459,7.5761
19973,44,35,4.566608,4.520586,1446,7.6122
19974,35,8,2.309403,2.477998,1447,7.6322
19975,8,41,2.625356,2.255135,1334,7.2383
19976,41,30,5.312213,5.496633,1439,7.6054
19977,30,31,3.324087,3.313539,1320,7.0945
19978,31,12,3.397817,3.231277,1338,7.0876
19979,12,35,2.583456,2.895317,1397,7.4864
19980,35,8,2.225738,2.404480,1446,7.6648
19981,8,56,3.993770,4.494061,1459,7.5979
19982,56,1,2.426868,2.668987,1434,7.6420
19983,1,32,3.561481,3.890741,1444,7.5968
19984,32,9,1.702621,2.290198,1442,7.5402
19985,9,15,3.009033,3.247332,1444,7.5456
19986,15,49,2.468727,2.035096,1401,7.4561
19987,49,48,5.912104,6.066027,1339,7.2452
19988,48,25,3.622587,3.887432,1308,7.1150
19989,25,29,2.504368,2.993369,1417,7.6139
19990,29,11,3.127208,3.609973,1453,7.6148
19991,11,42,2.706794,2.497000,1443,7.5948
19992,42,54,3.802896,4.078093,1351,7.1695
19993,54,25,2.649683,2.633267,1439,7.5761
19994,25,36,2.060731,2.172373,1455,7.7044
19995,36,34,2.899413,2.912265,1460,7.6240
19996,34,35,3.442086,4.449140,1426,7.5348
19997,35,8,2.154298,2.300700,1452,7.6035
19998,8,41,2.614819,2.325698,1381,7.3500
