position,token,target,loss_nats,passthrough_nats,visits,mean_hops
0,25,36,4.166067,4.166067,1435,10.6409
1,36,21,4.101890,4.101890,1481,10.7832
2,21,9,4.235385,4.235385,1447,10.5960
3,9,15,4.072522,4.072522,1242,9.8724
4,15,49,4.202026,4.202026,1458,10.6680
5,49,43,4.241608,4.241608,1291,9.7626
6,43,11,4.185974,4.185974,1379,10.4471
7,11,42,4.132384,4.132384,1484,10.6599
8,42,54,4.235509,4.235509,1326,10.3993
9,54,25,3.971558,3.971558,1486,10.7348
10,25,36,4.116689,4.116689,1390,10.5775
11,36,29,4.230332,4.230332,1489,10.7773
12,29,11,4.253903,4.253903,1439,10.5956
13,11,42,4.094132,4.094132,1423,10.5964
14,42,0,4.079408,4.079408,1461,10.5726
15,0,21,4.121723,4.121723,1499,10.7207
16,21,48,4.219442,4.219442,1487,10.7055
17,48,25,4.215325,4.215325,1461,10.5939
18,25,2,4.164654,4.164654,1443,10.6006
19,2,45,4.366879,4.366879,1429,10.5840
20,45,62,3.989439,3.989439,1435,10.6022
21,62,21,4.238092,4.238092,1469,10.6856
22,21,48,4.183456,4.183456,1431,10.5604
23,48,25,4.166192,4.166192,1448,10.7543
24,25,36,4.056295,4.056295,1463,10.5844
25,36,29,4.178212,4.178212,1466,10.6021
26,29,11,4.206734,4.206734,1422,10.5416
27,11,42,4.057185,4.057185,1462,10.6316
28,42,54,4.187146,4.187146,1490,10.6543
29,54,44,4.391386,4.391386,1488,10.6413
30,44,36,4.073429,4.073429,1414,10.6231
31,36,34,4.020170,4.020170,1465,10.5769
32,34,7,4.321479,4.321479,1454,10.6420
33,7,22,4.068813,4.068813,1419,10.6385
34,22,47,4.201844,4.201844,1470,10.7020
35,47,51,4.238488,4.238488,1457,10.8453
36,51,16,4.177940,4.177940,1461,10.6223
37,16,53,4.291592,4.291592,1391,10.4045
38,53,0,4.197272,4.197272,1455,10.6036
39,0,60,4.130003,4.130003,1472,10.6541
40,60,38,4.338054,4.338054,1447,10.5491
41,38,2,4.185984,4.185984,1346,10.1819
42,2,12,4.268342,4.268342,1449,10.5907
43,12,35,4.153843,4.153843,1309,10.1607
44,35,8,4.225399,4.225399,1476,10.6098
45,8,56,4.229140,4.229140,1469,10.5919
46,56,1,4.115690,4.115690,1441,10.6552
47,1,47,4.326185,4.326185,1438,10.5929
48,47,22,4.157874,4.157874,1455,10.5783
49,22,20,4.364201,4.364201,1444,10.6091
50,20,10,4.013328,4.013328,1380,10.4500
51,10,2,4.101866,4.101866,1459,10.6042
52,2,12,4.233228,4.233228,1459,10.7107
53,12,20,4.096590,4.096590,1450,10.6348
54,20,10,3.974293,3.974293,1460,10.6642
55,10,2,4.058415,4.058415,1451,10.5831
56,2,54,4.257564,4.257564,1470,10.6513
57,54,0,4.251610,4.251610,1448,10.5811
58,0,60,4.084862,4.084862,1465,10.7040
59,60,38,4.298897,4.298897,1446,10.6260
60,38,50,4.135281,4.135281,1438,10.5691
61,50,54,4.174087,4.174087,1462,10.6365
62,54,25,3.944351,3.944351,1465,10.6088
63,25,36,4.008421,4.008421,1449,10.5822
64,36,34,3.974340,3.974340,1453,10.6211
65,34,35,4.210011,4.210011,1439,10.5861
66,35,0,4.317235,4.317235,1471,10.6290
67,0,25,4.303672,4.303672,1394,10.6526
68,25,2,4.115027,4.115027,1461,10.5582
69,2,45,4.310213,4.310213,1426,10.5904
70,45,30,4.153195,4.153195,1447,10.6309
71,30,46,4.350233,4.350233,1452,10.5783
72,46,1,4.059898,4.059898,1451,10.6038
73,1,32,4.140292,4.140292,1468,10.6010
74,32,9,4.239052,4.239052,1217,9.9159
75,9,15,4.015054,4.015054,1357,10.3574
76,15,49,4.160201,4.160201,1468,10.6263
77,49,48,4.164088,4.164088,1449,10.6213
78,48,6,4.264938,4.264938,1465,10.6103
79,6,22,4.047218,4.047218,1300,10.2201
80,22,47,4.092032,4.092032,1438,10.5377
81,47,56,4.284169,4.284169,1457,10.6872
82,56,6,4.215228,4.215228,1468,10.7827
83,6,56,4.201967,4.201967,1423,10.5953
84,56,6,4.128675,4.128675,1448,10.6622
85,6,32,3.965641,3.965641,1461,10.6157
86,32,61,4.256441,4.256441,1447,10.5636
87,61,2,4.233754,4.233754,1372,10.3756
88,2,54,4.201796,4.201796,1250,9.7173
89,54,25,3.893150,3.893150,1344,10.2833
90,25,36,3.961464,3.961464,1453,10.5469
91,36,29,4.125813,4.125813,1477,10.6364
92,29,23,4.355423,4.355423,1438,10.6697
93,23,18,4.246156,4.246156,1281,10.1572
94,18,12,4.352665,4.352665,1443,10.5919
95,12,35,4.107235,4.107235,1432,10.6949
96,35,8,4.180829,4.180829,1459,10.6257
97,8,52,4.134829,4.134829,1205,9.1961
98,52,22,4.271916,4.271916,1461,10.5883
99,22,35,4.199472,4.199472,1439,10.6460
100,35,0,4.273514,4.273514,1446,10.6022
101,0,21,4.087292,4.087292,1220,9.5523
102,21,9,4.208459,4.208459,1447,10.5889
103,9,15,3.960792,3.960792,1467,10.5833
104,15,49,4.120228,4.120228,1469,10.7095
105,49,50,4.145847,4.145847,889,7.4338
106,50,53,4.129357,4.129357,1236,9.7391
107,53,11,4.080952,4.080952,1466,10.5836
108,11,42,4.020760,4.020760,1442,10.5907
109,42,54,4.144013,4.144013,1419,10.5634
110,54,25,3.854825,3.854825,1385,10.4215
111,25,36,3.910870,3.910870,1448,10.6846
112,36,34,3.935993,3.935993,1464,10.5906
113,34,40,4.147312,4.147312,1453,10.6162
114,40,25,4.147892,4.147892,1469,10.6200
115,25,36,3.855249,3.855249,1450,10.6195
116,36,34,3.888265,3.888265,1463,10.6761
117,34,35,4.163716,4.163716,1457,10.6246
118,35,8,4.134123,4.134123,1440,10.6108
119,8,41,4.236182,4.236182,1475,10.6193
120,41,6,4.088965,4.088965,1358,10.4233
121,6,22,4.008400,4.008400,919,8.9047
122,22,35,4.150608,4.150608,1393,10.5666
123,35,53,4.056346,4.056346,1469,10.7164
124,53,11,4.039523,4.039523,1465,10.6970
125,11,45,4.188155,4.188155,1458,10.6231
126,45,30,4.113303,4.113303,1457,10.6256
127,30,46,4.299799,4.299799,1464,10.6389
128,46,1,4.012332,4.012332,1448,10.6370
129,1,47,4.289507,4.289507,1473,10.6761
130,47,56,4.233252,4.233252,1467,10.6911
131,56,1,4.078435,4.078435,1464,10.6916
132,1,19,4.261652,4.261652,1448,10.6202
133,19,24,4.109706,4.109706,1467,10.6484
134,24,54,4.134483,4.134483,1453,10.6125
135,54,25,3.814698,3.814698,1462,10.5864
136,25,29,4.140472,4.140472,1498,10.5766
137,29,23,4.314478,4.314478,1447,10.6565
138,23,29,4.273442,4.273442,1413,10.4899
139,29,11,4.170526,4.170526,1450,10.6406
140,11,42,3.987066,3.987066,1435,10.6040
141,42,54,4.096389,4.096389,1466,10.7035
142,54,25,3.777059,3.777059,1442,10.6168
143,25,36,3.804138,3.804138,1453,10.6710
144,36,34,3.840164,3.840164,1452,10.5501
145,34,40,4.091607,4.091607,1455,10.7840
146,40,57,4.289500,4.289500,1435,10.5878
147,57,59,4.211804,4.211804,864,8.5835
148,59,10,4.151655,4.151655,922,8.3387
149,10,11,4.078007,4.078007,1458,10.6149
150,11,42,3.948837,3.948837,1446,10.6470
151,42,54,4.046240,4.046240,1469,10.5993
152,54,0,4.191917,4.191917,1474,10.6253
153,0,60,4.050872,4.050872,1449,10.6485
154,60,36,4.141840,4.141840,1451,10.7374
155,36,34,3.790307,3.790307,1495,10.6523
156,34,40,4.033980,4.033980,1457,10.6270
157,40,21,4.114864,4.114864,1442,10.6278
158,21,47,4.195106,4.195106,1491,10.6509
159,47,56,4.182288,4.182288,1388,10.3946
160,56,6,4.093667,4.093667,1450,10.6943
161,6,56,4.077323,4.077323,1283,10.2051
162,56,34,4.150925,4.150925,1455,10.6203
163,34,35,4.112332,4.112332,1463,10.6164
164,35,53,4.005559,4.005559,1448,10.6289
165,53,17,4.185497,4.185497,1459,10.6223
166,17,7,4.100551,4.100551,1192,9.7330
167,7,22,4.031511,4.031511,1448,10.5780
168,22,35,4.102171,4.102171,1468,10.6803
169,35,53,3.954838,3.954838,1436,10.6163
170,53,11,3.998844,3.998844,1470,10.6495
171,11,45,4.148401,4.148401,1454,10.6580
172,45,63,4.362175,4.362175,1481,10.6442
173,63,18,4.064041,4.064041,1159,9.6454
174,18,38,4.226319,4.226319,1468,10.5765
175,38,2,4.124459,4.124459,1432,10.5506
176,2,54,4.166636,4.166636,1447,10.6464
177,54,25,3.737531,3.737531,1460,10.5910
178,25,36,3.750425,3.750425,1447,10.5860
179,36,34,3.740477,3.740477,1498,10.5737
180,34,40,3.973794,3.973794,1442,10.5193
181,40,25,4.106316,4.106316,1464,10.6133
182,25,29,4.100873,4.100873,1462,10.5881
183,29,23,4.222761,4.222761,1474,10.6440
184,23,29,4.179668,4.179668,1417,10.5577
185,29,23,4.123571,4.123571,1449,10.5981
186,23,29,4.080711,4.080711,1456,10.8848
187,29,48,4.146655,4.146655,1451,10.5697
188,48,6,4.227072,4.227072,1462,10.6569
189,6,32,3.920417,3.920417,1382,10.4220
190,32,61,4.215400,4.215400,1418,10.5460
191,61,2,4.193183,4.193183,1465,10.6381
192,2,54,4.124331,4.124331,1461,10.6594
193,54,25,3.690896,3.690896,1486,10.6411
194,25,36,3.689632,3.689632,1441,10.5859
195,36,21,4.027164,4.027164,1461,10.5773
196,21,9,4.172564,4.172564,1464,10.5832
197,9,3,4.155618,4.155618,1141,9.3709
198,3,39,4.158861,4.158861,1051,9.0128
199,39,59,4.218840,4.218840,984,8.5429
200,59,15,4.217071,4.217071,1424,10.5040
201,15,19,4.155822,4.155822,521,5.1178
202,19,24,4.061107,4.061107,1441,10.7253
203,24,4,4.119836,4.119836,1385,10.2893
204,4,23,4.243458,4.243458,1459,10.6969
205,23,29,4.024760,4.024760,1196,9.1879
206,29,48,4.098226,4.098226,1461,10.7366
207,48,25,4.134152,4.134152,1445,10.6538
208,25,2,4.111465,4.111465,1451,10.6279
209,2,12,4.209869,4.209869,1461,10.6561
210,12,35,4.090957,4.090957,1469,10.6571
211,35,0,4.244921,4.244921,1489,10.6572
212,0,25,4.237426,4.237426,1453,10.6570
213,25,2,4.047868,4.047868,1465,10.6422
214,2,12,4.169648,4.169648,1477,10.6256
215,12,35,4.044167,4.044167,1460,10.6468
216,35,53,3.894096,3.894096,1455,10.6185
217,53,17,4.148127,4.148127,1456,10.5726
218,17,7,4.060767,4.060767,1448,10.6285
219,7,31,4.285607,4.285607,1452,10.5699
220,31,30,4.270519,4.270519,991,8.8242
221,30,31,4.240172,4.240172,1437,10.6201
222,31,12,4.261253,4.261253,1462,10.5757
223,12,35,4.006063,4.006063,1443,10.6893
224,35,8,4.086250,4.086250,1396,10.3558
225,8,56,4.169973,4.169973,1481,10.6381
226,56,1,4.047466,4.047466,1132,8.8057
227,1,32,4.066205,4.066205,1432,10.6609
228,32,61,4.170595,4.170595,1422,10.5076
229,61,2,4.160418,4.160418,1468,10.6463
230,2,12,4.129086,4.129086,1461,10.6036
231,12,35,3.960155,3.960155,1465,10.6592
232,35,53,3.834122,3.834122,1478,10.6225
233,53,11,3.959158,3.959158,1460,10.6220
234,11,42,3.914061,3.914061,1436,10.6026
235,42,45,4.103834,4.103834,1446,10.6371
236,45,63,4.321714,4.321714,1414,10.5468
237,63,18,4.008345,4.008345,351,4.5315
238,18,38,4.178755,4.178755,1460,10.5852
239,38,50,4.102850,4.102850,1477,10.6070
240,50,53,4.079971,4.079971,1451,10.6699
241,53,11,3.918593,3.918593,1466,10.6234
242,11,42,3.876088,3.876088,1479,10.6219
243,42,45,4.048005,4.048005,1462,10.7229
244,45,63,4.283695,4.283695,1444,10.6888
245,63,6,4.242403,4.242403,1150,9.5566
246,6,32,3.860843,3.860843,1444,10.6663
247,32,9,4.238559,4.238559,1461,10.5987
248,9,3,4.106443,4.106443,1446,10.6434
249,3,41,4.274556,4.274556,1428,10.5782
250,41,30,4.032358,4.032358,1466,10.6545
251,30,46,4.248873,4.248873,1461,10.6430
252,46,47,4.361131,4.361131,1131,8.8027
253,47,51,4.197274,4.197274,1456,10.5968
254,51,29,4.281044,4.281044,1432,10.5802
255,29,48,4.043799,4.043799,1464,10.6030
256,48,6,4.199062,4.199062,1473,10.6001
257,6,56,4.048041,4.048041,1359,10.2112
258,56,34,4.115415,4.115415,1461,10.6165
259,34,40,3.915110,3.915110,1448,10.6173
260,40,21,4.049357,4.049357,1442,10.5699
261,21,48,4.120240,4.120240,1442,10.5205
262,48,25,4.071302,4.071302,1512,10.6482
263,25,29,4.067374,4.067374,1453,10.6346
264,29,23,3.985972,3.985972,1455,10.6768
265,23,29,3.936318,3.936318,1413,10.5480
266,29,11,4.158626,4.158626,1459,10.5867
267,11,24,4.117384,4.117384,1468,10.6177
268,24,4,4.068415,4.068415,1444,10.6171
269,4,19,4.151554,4.151554,1466,10.7033
270,19,38,4.098786,4.098786,1414,10.7940
271,38,2,4.075138,4.075138,1439,10.5982
272,2,12,4.083864,4.083864,1467,10.6863
273,12,20,4.058905,4.058905,1466,10.6394
274,20,10,3.935112,3.935112,1459,10.6182
275,10,2,3.987272,3.987272,1461,10.5769
276,2,45,4.251589,4.251589,1481,10.6544
277,45,30,4.080316,4.080316,1449,10.5655
278,30,46,4.199101,4.199101,1447,10.6981
279,46,47,4.309493,4.309493,1440,10.5572
280,47,22,4.052852,4.052852,1460,10.6230
281,22,35,4.066350,4.066350,1460,10.6720
282,35,0,4.208577,4.208577,1443,10.5586
283,0,60,4.017859,4.017859,1443,10.7444
284,60,38,4.265239,4.265239,1202,9.8255
285,38,2,4.015246,4.015246,1439,10.5813
286,2,45,4.194742,4.194742,1448,10.5612
287,45,30,4.034702,4.034702,1452,10.5356
288,30,46,4.148541,4.148541,1451,10.5407
289,46,47,4.258192,4.258192,1440,10.5736
290,47,56,4.127404,4.127404,1446,10.6206
291,56,1,4.005669,4.005669,1462,10.6554
292,1,32,4.002026,4.002026,1464,10.6333
293,32,61,4.131685,4.131685,1392,10.4612
294,61,34,4.231291,4.231291,1485,10.5825
295,34,35,4.092091,4.092091,1450,10.7078
296,35,8,4.039511,4.039511,1462,10.5506
297,8,41,4.180538,4.180538,1454,10.9094
298,41,6,4.045596,4.045596,1450,10.6160
299,6,32,3.812265,3.812265,1319,10.3374
300,32,27,4.166394,4.166394,1437,10.5863
301,27,2,4.115520,4.115520,1456,10.6867
302,2,12,4.050212,4.050212,1473,10.8989
303,12,35,3.930284,3.930284,1461,10.6030
304,35,53,3.778600,3.778600,1436,10.5703
305,53,17,4.112191,4.112191,1488,10.5805
306,17,1,4.102774,4.102774,1456,10.6112
307,1,47,4.197282,4.197282,1449,10.6292
308,47,22,4.000049,4.000049,785,7.1118
309,22,20,4.344171,4.344171,1468,10.7002
310,20,3,4.167102,4.167102,1469,10.6749
311,3,41,4.239063,4.239063,504,6.2836
312,41,6,4.009612,4.009612,1461,10.6235
313,6,32,3.768292,3.768292,1448,10.6205
314,32,9,4.219472,4.219472,1491,10.6270
315,9,15,3.910450,3.910450,1164,9.6576
316,15,19,4.121575,4.121575,1227,9.9076
317,19,51,4.168198,4.168198,1475,10.6174
318,51,16,4.117129,4.117129,1461,10.6064
319,16,21,4.050334,4.050334,1171,9.6882
320,21,47,4.135863,4.135863,1465,10.6008
321,47,22,3.959166,3.959166,1420,10.5854
322,22,20,4.294261,4.294261,1450,10.6407
323,20,10,3.896043,3.896043,1452,10.5782
324,10,2,3.941449,3.941449,1455,10.5993
325,2,45,4.151299,4.151299,1454,10.6301
326,45,63,4.250998,4.250998,1461,10.7298
327,63,18,3.957178,3.957178,1363,10.5864
328,18,38,4.133009,4.133009,1464,10.6537
329,38,54,4.194026,4.194026,1438,10.5613
330,54,25,3.663167,3.663167,1468,10.5515
331,25,2,3.995976,3.995976,1469,10.5523
332,2,45,4.104856,4.104856,1469,10.6592
333,45,30,3.988669,3.988669,1436,10.8560
334,30,46,4.098678,4.098678,1462,10.6055
335,46,1,3.979557,3.979557,1467,10.6101
336,1,19,4.221100,4.221100,1422,10.5329
337,19,51,4.120324,4.120324,1464,10.6722
338,51,29,4.237262,4.237262,1447,10.6341
339,29,23,3.891421,3.891421,1471,10.6332
340,23,29,3.839611,3.839611,1466,10.6904
341,29,23,3.791725,3.791725,1436,10.5751
342,23,18,4.241618,4.241618,1484,10.6276
343,18,38,4.087162,4.087162,1476,10.6572
344,38,50,4.074495,4.074495,1455,10.7375
345,50,54,4.146463,4.146463,1421,10.6563
346,54,25,3.625031,3.625031,1435,10.6931
347,25,29,4.032215,4.032215,1455,10.6168
348,29,11,4.118470,4.118470,1465,10.6764
349,11,42,3.842348,3.842348,1459,10.6774
350,42,54,4.011556,4.011556,1452,10.7206
351,54,0,4.140936,4.140936,1475,10.6423
352,0,60,3.975012,3.975012,1413,10.5498
353,60,44,4.100438,4.100438,1465,10.6043
354,44,35,4.173513,4.173513,1469,10.5710
355,35,8,3.996034,3.996034,1423,10.5858
356,8,41,4.128391,4.128391,733,5.8432
357,41,36,4.269262,4.269262,1462,10.6300
358,36,29,4.032448,4.032448,1473,10.5662
359,29,11,4.068286,4.068286,1451,10.6789
360,11,45,4.101683,4.101683,1461,10.6829
361,45,63,4.219171,4.219171,1472,10.8589
362,63,47,4.155617,4.155617,183,3.8403
363,47,51,4.165541,4.165541,1480,10.6095
364,51,29,4.190565,4.190565,1458,10.7006
365,29,11,4.013121,4.013121,1454,10.5777
366,11,45,4.062105,4.062105,1433,10.5533
367,45,62,4.006497,4.006497,1479,10.6605
368,62,60,4.186589,4.186589,1420,10.5958
369,60,38,4.226496,4.226496,1443,10.8001
370,38,50,4.015993,4.015993,1471,10.5707
371,50,54,4.098246,4.098246,1457,10.6551
372,54,0,4.085427,4.085427,1460,10.6602
373,0,60,3.937483,3.937483,1277,9.8924
374,60,38,4.185961,4.185961,1432,10.7027
375,38,2,3.973910,3.973910,1433,10.5714
376,2,54,4.010860,4.010860,1450,10.6460
377,54,0,4.036074,4.036074,1471,10.6660
378,0,60,3.895857,3.895857,1476,10.6494
379,60,38,4.143922,4.143922,1447,10.7025
380,38,2,3.918273,3.918273,1453,10.5782
381,2,54,3.958946,3.958946,1453,10.6050
382,54,25,3.579406,3.579406,1456,10.5849
383,25,36,3.642231,3.642231,1455,10.5897
384,36,21,3.965430,3.965430,1451,10.5678
385,21,9,4.145181,4.145181,1460,10.7434
386,9,15,3.857212,3.857212,918,7.8673
387,15,49,4.067316,4.067316,1434,10.6170
388,49,50,4.099492,4.099492,139,2.8096
389,50,53,4.036035,4.036035,1478,10.6396
390,53,11,3.886692,3.886692,1451,10.6472
391,11,42,3.814226,3.814226,1459,10.5824
392,42,54,3.975845,3.975845,1449,10.8738
393,54,25,3.540613,3.540613,1471,10.6307
394,25,36,3.578373,3.578373,1445,10.5960
395,36,29,3.960353,3.960353,1447,10.6544
396,29,11,3.963689,3.963689,1454,10.5694
397,11,42,3.774586,3.774586,1464,10.6767
398,42,54,3.921258,3.921258,1444,10.5919
399,54,0,3.979674,3.979674,1455,10.6147
400,0,25,4.055858,4.055858,1404,10.4229
401,25,2,3.930393,3.930393,1464,10.6411
402,2,45,4.049303,4.049303,1460,10.5972
403,45,30,3.955347,3.955347,1475,10.6285
404,30,46,4.050449,4.050449,1452,10.5976
405,46,1,3.934747,3.934747,1453,10.7068
406,1,47,4.163742,4.163742,1481,10.6014
407,47,56,4.072946,4.072946,1482,10.6402
408,56,34,4.084169,4.084169,1469,10.7879
409,34,7,4.275790,4.275790,1452,10.6282
410,7,22,3.983263,3.983263,1460,10.5859
411,22,35,4.015495,4.015495,1466,10.6309
412,35,53,3.734069,3.734069,1484,10.6533
413,53,0,4.150528,4.150528,1453,10.5242
414,0,25,4.018473,4.018473,1459,10.6171
415,25,36,3.525462,3.525462,1454,10.5807
416,36,29,3.890425,3.890425,1456,10.5552
417,29,23,3.791582,3.791582,1471,10.5969
418,23,29,3.723562,3.723562,1452,10.5640
419,29,23,3.684316,3.684316,1441,10.5583
420,23,29,3.615568,3.615568,1422,10.4831
421,29,48,3.966439,3.966439,1451,10.5872
422,48,51,4.058671,4.058671,1464,10.5979
423,51,16,4.062309,4.062309,1440,10.5514
424,16,21,4.003576,4.003576,307,3.8043
425,21,9,4.096066,4.096066,1459,10.5887
426,9,44,4.394518,4.394518,416,6.2835
427,44,35,4.115871,4.115871,1436,10.5903
428,35,53,3.687243,3.687243,1469,10.5915
429,53,11,3.841125,3.841125,1511,10.5687
430,11,45,4.023361,4.023361,1428,10.5353
431,45,30,3.913734,3.913734,1453,10.5461
432,30,31,4.238297,4.238297,1470,10.5553
433,31,54,4.178365,4.178365,1134,9.6752
434,54,25,3.487978,3.487978,1452,10.5895
435,25,2,3.857198,3.857198,1443,10.4987
436,2,45,4.002378,4.002378,1441,10.5502
437,45,62,3.985888,3.985888,1483,10.5859
438,62,21,4.242128,4.242128,1399,10.3736
439,21,47,4.106727,4.106727,1460,10.5698
440,47,51,4.124210,4.124210,1453,10.5320
441,51,16,4.004905,4.004905,1479,10.6393
442,16,23,4.229204,4.229204,243,4.6407
443,23,29,3.571928,3.571928,1462,10.6662
444,29,48,3.905858,3.905858,1449,10.5364
445,48,25,4.034275,4.034275,1483,10.6815
446,25,29,3.917448,3.917448,1449,10.5453
447,29,11,3.928885,3.928885,1465,10.5865
448,11,45,3.982000,3.982000,1427,10.5662
449,45,30,3.869207,3.869207,1486,10.5836
450,30,46,3.999507,3.999507,1444,10.5265
451,46,46,3.174892,3.174892,1459,10.5937
452,46,47,4.180842,4.180842,1481,10.5929
453,47,51,4.083690,4.083690,1459,10.6471
454,51,29,4.146291,4.146291,1436,10.7850
455,29,23,3.555002,3.555002,1449,10.5980
456,23,29,3.470020,3.470020,1461,10.6109
457,29,11,3.866264,3.866264,1454,10.6577
458,11,45,3.937061,3.937061,1409,10.5127
459,45,63,4.220338,4.220338,1433,10.4912
460,63,18,3.906225,3.906225,704,8.1713
461,18,12,4.310462,4.310462,1428,10.5620
462,12,20,4.029751,4.029751,1436,10.5627
463,20,10,3.854975,3.854975,1442,10.5743
464,10,11,4.077915,4.077915,1466,10.5773
465,11,45,3.877652,3.877652,1478,10.5507
466,45,30,3.828086,3.828086,1426,10.5191
467,30,31,4.208313,4.208313,1453,10.5124
468,31,12,4.220864,4.220864,693,8.0647
469,12,35,3.906169,3.906169,1466,10.6242
470,35,8,3.948540,3.948540,1470,10.6093
471,8,41,4.074194,4.074194,1454,10.5690
472,41,30,4.010543,4.010543,1373,10.4444
473,30,31,4.155108,4.155108,1415,10.5134
474,31,54,4.109676,4.109676,1437,10.5449
475,54,25,3.453174,3.453174,1447,10.5535
476,25,29,3.862940,3.862940,1450,10.5244
477,29,23,3.453726,3.453726,1434,10.5571
478,23,29,3.360602,3.360602,1486,10.6393
479,29,23,3.332395,3.332395,1470,10.5708
480,23,29,3.237767,3.237767,1460,10.5604
481,29,11,3.816776,3.816776,1456,10.7029
482,11,42,3.761510,3.761510,1450,10.5665
483,42,54,3.874416,3.874416,1442,10.6203
484,54,25,3.413853,3.413853,1458,10.5656
485,25,2,3.783906,3.783906,1465,10.6641
486,2,45,3.961425,3.961425,1467,10.6134
487,45,30,3.779444,3.779444,1478,10.5699
488,30,31,4.110173,4.110173,1458,10.5705
489,31,12,4.184141,4.184141,1438,10.6447
490,12,20,3.994437,3.994437,1453,10.7596
491,20,10,3.813595,3.813595,1469,10.6071
492,10,2,3.905516,3.905516,1417,10.5102
493,2,12,4.056483,4.056483,1463,10.5751
494,12,35,3.873633,3.873633,1428,10.8736
495,35,53,3.630541,3.630541,1454,10.5622
496,53,17,4.078991,4.078991,1465,10.5476
497,17,7,4.028826,4.028826,1439,10.7232
498,7,31,4.147832,4.147832,1443,10.6083
499,31,12,4.139187,4.139187,1464,10.7155
500,12,43,4.312212,4.312212,1471,10.7046
501,43,11,4.198215,4.198215,1460,10.5990
502,11,42,3.711319,3.711319,1469,10.6182
503,42,54,3.817885,3.817885,1428,10.5746
504,54,0,3.933789,3.933789,1467,10.6182
505,0,60,3.865971,3.865971,1457,10.6286
506,60,38,4.104275,4.104275,1484,10.7137
507,38,2,3.880652,3.880652,1447,10.6174
508,2,45,3.888690,3.888690,1445,10.5312
509,45,30,3.727565,3.727565,1431,10.5064
510,30,31,4.045685,4.045685,1414,10.5002
511,31,30,3.945289,3.945289,1433,10.6552
512,30,46,3.928840,3.928840,1455,10.5368
513,46,47,4.126851,4.126851,1431,10.5587
514,47,22,3.919281,3.919281,1435,10.5831
515,22,47,3.854966,3.854966,1471,10.6188
516,47,56,4.032062,4.032062,1480,10.6383
517,56,6,3.974794,3.974794,663,8.0535
518,6,32,3.701990,3.701990,1225,9.9001
519,32,9,4.173021,4.173021,1497,10.6388
520,9,3,4.063307,4.063307,980,8.6075
521,3,39,4.102891,4.102891,1369,10.4166
522,39,15,4.198832,4.198832,1194,9.4095
523,15,19,4.079872,4.079872,1398,10.5496
524,19,51,4.095313,4.095313,1441,10.6111
525,51,29,4.110549,4.110549,1459,10.6223
526,29,11,3.749784,3.749784,1144,8.7223
527,11,45,3.844968,3.844968,1442,10.5424
528,45,30,3.681836,3.681836,1459,10.5598
529,30,31,3.942291,3.942291,1441,10.5743
530,31,12,4.101648,4.101648,1453,10.6870
531,12,35,3.847154,3.847154,1451,10.7618
532,35,0,4.198493,4.198493,1451,10.6649
533,0,25,3.911651,3.911651,1477,10.6696
534,25,36,3.486282,3.486282,1453,10.5897
535,36,29,3.795669,3.795669,1461,10.6764
536,29,23,3.235697,3.235697,1202,9.0278
537,23,29,3.129786,3.129786,1443,10.5530
538,29,48,3.839118,3.839118,1442,10.5391
539,48,25,3.992974,3.992974,1458,10.5615
540,25,36,3.406794,3.406794,1481,10.5686
541,36,34,3.754160,3.754160,1457,10.6586
542,34,40,3.858000,3.858000,1473,10.6723
543,40,57,4.219435,4.219435,1469,10.7061
544,57,52,4.083666,4.083666,629,6.6650
545,52,22,4.234962,4.234962,1460,10.5812
546,22,35,3.974618,3.974618,1461,10.7664
547,35,0,4.146134,4.146134,1448,10.6024
548,0,21,4.104259,4.104259,1460,10.6131
549,21,48,4.066315,4.066315,1443,10.6063
550,48,25,3.937286,3.937286,1433,10.5852
551,25,2,3.734146,3.734146,1455,10.5933
552,2,12,4.014141,4.014141,1471,10.6025
553,12,43,4.276256,4.276256,1445,10.6301
554,43,51,4.148148,4.148148,1453,10.6329
555,51,16,3.946995,3.946995,1479,10.5977
556,16,21,3.961029,3.961029,908,8.8098
557,21,48,4.021832,4.021832,1473,10.5880
558,48,25,3.881025,3.881025,1444,10.5981
559,25,36,3.325465,3.325465,1486,10.5747
560,36,21,3.925431,3.925431,1463,10.5980
561,21,48,3.967080,3.967080,1496,10.5778
562,48,6,4.212319,4.212319,1464,10.5979
563,6,32,3.654974,3.654974,1264,10.1037
564,32,9,4.123484,4.123484,1455,10.8410
565,9,3,4.013157,4.013157,380,5.2128
566,3,39,4.060567,4.060567,668,6.8390
567,39,44,4.099209,4.099209,1305,10.0462
568,44,35,4.064757,4.064757,1446,10.6170
569,35,53,3.579199,3.579199,1449,10.6334
570,53,17,4.024462,4.024462,1476,10.6476
571,17,2,4.344092,4.344092,1485,10.6953
572,2,12,3.953387,3.953387,1465,10.6019
573,12,20,3.965377,3.965377,1457,10.7888
574,20,10,3.769320,3.769320,1458,10.6463
575,10,21,4.307445,4.307445,1468,10.8339
576,21,47,4.065303,4.065303,1450,10.6094
577,47,56,3.983588,3.983588,1461,10.7627
578,56,34,4.039059,4.039059,1047,8.7392
579,34,40,3.799539,3.799539,1448,10.6166
580,40,57,4.160254,4.160254,1482,10.7066
581,57,52,4.024501,4.024501,1358,10.4027
582,52,21,4.066537,4.066537,1193,9.3135
583,21,9,4.083933,4.083933,1487,10.6511
584,9,3,3.963519,3.963519,1422,10.6284
585,3,39,4.020240,4.020240,1451,10.5615
586,39,44,4.045926,4.045926,1001,8.6577
587,44,27,4.301181,4.301181,1127,9.2799
588,27,2,4.101762,4.101762,1470,10.6637
589,2,54,3.823261,3.823261,1471,10.5776
590,54,0,3.902050,3.902050,1451,10.6329
591,0,25,3.838298,3.838298,1453,10.6601
592,25,2,3.670690,3.670690,1462,10.6792
593,2,54,3.732032,3.732032,1457,10.5999
594,54,25,3.346799,3.346799,1472,10.5583
595,25,2,3.576678,3.576678,1460,10.5683
596,2,12,3.914052,3.914052,1440,10.5876
597,12,35,3.823472,3.823472,1462,10.6159
598,35,53,3.520205,3.520205,1453,10.6201
599,53,11,3.801998,3.801998,1462,10.6035
600,11,45,3.789651,3.789651,1481,10.5452
601,45,30,3.632865,3.632865,1448,10.5808
602,30,46,3.869580,3.869580,1445,10.6275
603,46,46,3.030381,3.030381,1449,10.5924
604,46,46,2.920490,2.920490,1447,10.5299
605,46,1,3.882273,3.882273,1462,10.7153
606,1,32,3.909914,3.909914,1459,10.7042
607,32,27,4.104628,4.104628,1391,10.6297
608,27,20,4.245609,4.245609,1443,10.6623
609,20,10,3.725641,3.725641,1474,10.6951
610,10,2,3.875384,3.875384,1483,10.6893
611,2,45,3.857628,3.857628,1452,10.6638
612,45,30,3.575373,3.575373,1476,10.7892
613,30,31,3.901837,3.901837,1457,10.6785
614,31,12,4.057597,4.057597,1457,10.6331
615,12,20,3.933174,3.933174,1462,10.7329
616,20,10,3.682059,3.682059,1452,10.6781
617,10,11,4.074560,4.074560,1470,10.6341
618,11,42,3.677764,3.677764,1457,10.6119
619,42,45,3.813491,3.813491,1468,10.6432
620,45,30,3.518138,3.518138,1462,10.6847
621,30,31,3.843586,3.843586,1453,10.6938
622,31,30,3.717972,3.717972,1450,10.6275
623,30,31,3.717620,3.717620,1465,10.5867
624,31,54,4.031050,4.031050,1463,10.5889
625,54,44,4.365815,4.365815,1473,10.5707
626,44,36,4.105456,4.105456,497,4.8315
627,36,34,3.698747,3.698747,1474,10.6739
628,34,35,4.095799,4.095799,1467,10.6366
629,35,53,3.462467,3.462467,1469,10.6613
630,53,17,3.970952,3.970952,1458,10.6365
631,17,2,4.312326,4.312326,1446,10.5989
632,2,12,3.857343,3.857343,1161,9.2659
633,12,20,3.885022,3.885022,1481,10.6749
634,20,10,3.636189,3.636189,1463,10.6412
635,10,2,3.825620,3.825620,1445,10.5435
636,2,12,3.793393,3.793393,1450,10.6482
637,12,35,3.808761,3.808761,1445,10.5685
638,35,0,4.117322,4.117322,1434,10.6852
639,0,60,3.852443,3.852443,1465,10.5858
640,60,38,4.063491,4.063491,1439,10.7244
641,38,54,4.073048,4.073048,1458,10.8220
642,54,25,3.314935,3.314935,1464,10.5634
643,25,36,3.292810,3.292810,1471,10.5389
644,36,34,3.634124,3.634124,1450,10.5301
645,34,40,3.727758,3.727758,1440,10.6275
646,40,25,4.126644,4.126644,1442,10.6988
647,25,29,3.788498,3.788498,1448,10.6023
648,29,11,3.711652,3.711652,1447,10.5871
649,11,45,3.707115,3.707115,1448,10.5713
650,45,63,4.245892,4.245892,1458,10.6131
651,63,6,4.212718,4.212718,930,8.1075
652,6,56,3.957712,3.957712,740,7.1010
653,56,1,3.957042,3.957042,1460,10.8371
654,1,19,4.154154,4.154154,1470,10.5820
655,19,51,4.044760,4.044760,1308,9.9439
656,51,16,3.888514,3.888514,1462,10.5975
657,16,21,3.911139,3.911139,1143,9.4240
658,21,48,3.933162,3.933162,1451,10.5969
659,48,51,4.041451,4.041451,1464,10.6069
660,51,29,4.071567,4.071567,1487,10.6174
661,29,11,3.629070,3.629070,1445,10.5594
662,11,45,3.649472,3.649472,1417,10.5111
663,45,63,4.193223,4.193223,1464,10.6143
664,63,6,4.166249,4.166249,1415,10.5637
665,6,32,3.598790,3.598790,1096,9.7010
666,32,9,4.084243,4.084243,1452,10.5912
667,9,3,3.909423,3.909423,772,7.1500
668,3,41,4.185709,4.185709,1195,9.9145
669,41,30,4.004157,4.004157,1426,10.5960
670,30,46,3.762879,3.762879,1478,10.6990
671,46,46,2.771994,2.771994,1458,10.5797
672,46,46,2.640811,2.640811,1488,10.6202
673,46,47,4.076755,4.076755,1456,10.5518
674,47,56,3.942162,3.942162,1386,10.6311
675,56,34,3.993397,3.993397,1411,10.6298
676,34,35,4.047330,4.047330,1476,10.6071
677,35,53,3.405525,3.405525,1395,10.4847
678,53,17,3.907968,3.907968,1437,10.6763
679,17,2,4.279033,4.279033,1464,10.6381
680,2,12,3.731681,3.731681,1456,10.5955
681,12,20,3.834004,3.834004,1454,10.7367
682,20,10,3.587233,3.587233,1475,10.8345
683,10,2,3.770148,3.770148,1461,10.6971
684,2,12,3.666603,3.666603,1397,10.6182
685,12,35,3.781316,3.781316,1463,10.6428
686,35,8,3.919922,3.919922,1464,10.5681
687,8,41,4.018734,4.018734,1453,10.5794
688,41,6,3.980091,3.980091,1418,10.5022
689,6,56,3.913167,3.913167,1465,10.6215
690,56,34,3.950082,3.950082,1391,10.5371
691,34,7,4.241017,4.241017,1487,10.6864
692,7,31,4.024468,4.024468,1465,10.6258
693,31,12,4.030445,4.030445,1480,10.8961
694,12,35,3.735756,3.735756,1462,10.6382
695,35,8,3.858830,3.858830,1440,10.5751
696,8,56,4.093772,4.093772,1459,10.7654
697,56,1,3.918278,3.918278,1411,10.6614
698,1,19,4.101052,4.101052,1484,10.6875
699,19,24,4.013490,4.013490,1461,10.6316
700,24,0,4.285347,4.285347,1472,10.6832
701,0,60,3.810829,3.810829,1452,10.6125
702,60,36,4.113913,4.113913,1346,10.2805
703,36,29,3.695624,3.695624,1409,10.6117
704,29,23,3.166860,3.166860,1444,10.5997
705,23,29,3.038817,3.038817,1459,10.6666
706,29,11,3.554172,3.554172,1442,10.6036
707,11,24,4.114927,4.114927,1482,10.6518
708,24,0,4.235235,4.235235,1462,10.6292
709,0,25,3.812319,3.812319,1455,10.8817
710,25,2,3.542947,3.542947,1472,10.6362
711,2,45,3.809833,3.809833,1454,10.5997
712,45,30,3.478821,3.478821,1475,10.7447
713,30,27,4.420385,4.420385,1466,10.6533
714,27,2,4.089670,4.089670,1372,10.4807
715,2,12,3.614517,3.614517,1475,10.7379
716,12,35,3.686036,3.686036,1456,10.5989
717,35,0,4.056299,4.056299,1469,10.5770
718,0,25,3.777535,3.777535,1466,10.7025
719,25,2,3.464808,3.464808,1476,10.6425
720,2,12,3.547268,3.547268,1457,10.5702
721,12,43,4.335442,4.335442,1459,10.5601
722,43,51,4.110438,4.110438,644,5.9442
723,51,16,3.826222,3.826222,1444,10.6490
724,16,23,4.236419,4.236419,647,7.1921
725,23,0,4.246196,4.246196,1474,10.5709
726,0,25,3.736255,3.736255,1465,10.5874
727,25,29,3.712689,3.712689,1462,10.6154
728,29,48,3.724294,3.724294,1449,10.6677
729,48,25,3.813884,3.813884,1447,10.6030
730,25,2,3.392569,3.392569,1471,10.7253
731,2,45,3.763752,3.763752,1452,10.5744
732,45,30,3.414640,3.414640,1457,10.5610
733,30,46,3.644774,3.644774,1437,10.5353
734,46,47,3.993617,3.993617,1470,10.5830
735,47,56,3.889781,3.889781,1445,10.6104
736,56,6,3.865203,3.865203,761,7.7027
737,6,56,3.822890,3.822890,889,8.4545
738,56,1,3.860778,3.860778,1143,9.4774
739,1,47,3.985289,3.985289,1483,10.6992
740,47,56,3.827708,3.827708,1418,10.5633
741,56,34,3.905580,3.905580,1467,10.7247
742,34,40,3.663517,3.663517,1486,10.5934
743,40,57,4.095845,4.095845,1465,10.7242
744,57,52,3.962068,3.962068,522,7.1926
745,52,21,4.025724,4.025724,1487,10.5895
746,21,47,4.015185,4.015185,1463,10.6574
747,47,56,3.780616,3.780616,1463,10.5692
748,56,1,3.797949,3.797949,1444,10.6728
749,1,32,3.813912,3.813912,1453,10.6413
750,32,9,4.026649,4.026649,1452,10.5945
751,9,44,4.360567,4.360567,689,6.8495
752,44,35,4.044626,4.044626,810,6.3855
753,35,8,3.803584,3.803584,1470,10.7072
754,8,41,3.963485,3.963485,1452,10.5936
755,41,6,3.946678,3.946678,1504,10.6623
756,6,22,4.018925,4.018925,1473,10.5912
757,22,35,3.974225,3.974225,1444,10.6469
758,35,53,3.363662,3.363662,1448,10.7814
759,53,17,3.844803,3.844803,1465,10.6166
760,17,7,4.012392,4.012392,1460,10.6211
761,7,31,3.976650,3.976650,1460,10.6805
762,31,54,3.985607,3.985607,1453,10.6655
763,54,25,3.280612,3.280612,1479,10.5946
764,25,2,3.287998,3.287998,1457,10.6310
765,2,12,3.482502,3.482502,1463,10.6291
766,12,35,3.660831,3.660831,1446,10.5704
767,35,53,3.302184,3.302184,1444,10.5907
768,53,11,3.773779,3.773779,1458,10.6842
769,11,45,3.596579,3.596579,1434,10.5696
770,45,30,3.354973,3.354973,1443,10.5355
771,30,46,3.573199,3.573199,1470,10.5804
772,46,47,3.885557,3.885557,1453,10.6277
773,47,56,3.739194,3.739194,1482,10.5895
774,56,34,3.854881,3.854881,975,8.2787
775,34,40,3.597055,3.597055,1478,10.6829
776,40,25,4.107267,4.107267,1452,10.6875
777,25,29,3.612104,3.612104,1449,10.6564
778,29,11,3.495427,3.495427,1460,10.7143
779,11,45,3.533646,3.533646,1448,10.6449
780,45,30,3.292028,3.292028,1392,10.3789
781,30,46,3.496145,3.496145,1449,10.5456
782,46,1,3.881117,3.881117,1466,10.5905
783,1,32,3.756474,3.756474,1444,10.6978
784,32,9,3.970929,3.970929,1430,10.5919
785,9,3,3.857788,3.857788,530,5.5461
786,3,39,3.959619,3.959619,802,7.7894
787,39,44,3.985411,3.985411,1412,10.5563
788,44,27,4.251923,4.251923,1435,10.5967
789,27,20,4.226073,4.226073,1447,10.6359
790,20,3,4.137297,4.137297,1466,10.8672
791,3,39,3.917332,3.917332,1178,10.0712
792,39,44,3.931583,3.931583,1166,9.5104
793,44,35,4.000491,4.000491,1448,10.5953
794,35,8,3.748071,3.748071,1439,10.6234
795,8,56,4.014011,4.014011,1473,10.6524
796,56,34,3.803107,3.803107,1458,10.7212
797,34,40,3.530379,3.530379,1442,10.6256
798,40,25,4.040201,4.040201,1451,10.5884
799,25,36,3.249616,3.249616,1471,10.6175
800,36,29,3.535661,3.535661,1448,10.5549
801,29,11,3.413499,3.413499,1452,10.5815
802,11,42,3.700765,3.700765,1461,10.5893
803,42,45,3.637082,3.637082,1465,10.6230
804,45,62,4.092907,4.092907,1476,10.5874
805,62,21,4.218643,4.218643,1329,10.1716
806,21,47,3.961339,3.961339,1460,10.5634
807,47,51,4.092413,4.092413,1466,10.5796
808,51,16,3.763640,3.763640,1444,10.5936
809,16,21,3.856142,3.856142,949,8.3708
810,21,9,4.039534,4.039534,1454,10.6486
811,9,3,3.808506,3.808506,1374,10.5397
812,3,39,3.870621,3.870621,1232,10.0112
813,39,44,3.875713,3.875713,1343,10.3634
814,44,35,3.952262,3.952262,1399,10.5311
815,35,53,3.255301,3.255301,1469,10.5930
816,53,0,3.969230,3.969230,1458,10.6982
817,0,25,3.729140,3.729140,1459,10.6086
818,25,36,3.172437,3.172437,1467,10.7447
819,36,29,3.439584,3.439584,1464,10.6130
820,29,11,3.331946,3.331946,1459,10.6459
821,11,24,4.079535,4.079535,1444,10.5721
822,24,4,4.007846,4.007846,1448,10.7326
823,4,19,4.100160,4.100160,1275,9.9877
824,19,51,4.012984,4.012984,1294,10.3287
825,51,51,2.979580,2.979580,1476,10.6488
826,51,16,3.692590,3.692590,1465,10.6657
827,16,21,3.798789,3.798789,1487,10.6116
828,21,9,3.983658,3.983658,1465,10.7255
829,9,15,3.791704,3.791704,1445,10.6349
830,15,49,3.990422,3.990422,1309,10.0480
831,49,43,4.147723,4.147723,1390,10.4899
832,43,51,4.062442,4.062442,1463,10.7059
833,51,16,3.629795,3.629795,1459,10.6744
834,16,21,3.739626,3.739626,1453,10.6405
835,21,9,3.927537,3.927537,1460,10.7006
836,9,44,4.314813,4.314813,1447,10.6650
837,44,35,3.910081,3.910081,1113,9.2523
838,35,8,3.694381,3.694381,1385,10.5281
839,8,41,3.907722,3.907722,1453,10.6652
840,41,6,3.914907,3.914907,1464,10.6834
841,6,56,3.781485,3.781485,1086,8.8916
842,56,6,3.741727,3.741727,1449,10.6124
843,6,32,3.530832,3.530832,1432,10.5091
844,32,61,4.114723,4.114723,1470,10.6046
845,61,34,4.230883,4.230883,1425,10.5483
846,34,7,4.206977,4.206977,1473,10.7515
847,7,16,4.049611,4.049611,1422,10.5682
848,16,21,3.678688,3.678688,1438,10.6617
849,21,48,3.897748,3.897748,1460,10.7031
850,48,6,4.235697,4.235697,1437,10.5406
851,6,32,3.485675,3.485675,1442,10.7364
852,32,27,4.053508,4.053508,1476,10.7104
853,27,20,4.192361,4.192361,1465,10.6830
854,20,10,3.543909,3.543909,615,5.3201
855,10,2,3.746188,3.746188,1180,9.6216
856,2,12,3.406052,3.406052,1446,10.7244
857,12,35,3.623055,3.623055,1474,10.5583
858,35,0,3.968064,3.968064,1446,10.7761
859,0,21,4.167710,4.167710,1472,10.6229
860,21,9,3.880473,3.880473,1460,10.7009
861,9,44,4.259355,4.259355,1388,10.5946
862,44,36,4.163121,4.163121,1461,10.6761
863,36,29,3.368847,3.368847,1454,10.5849
864,29,11,3.246018,3.246018,1474,10.5767
865,11,45,3.449679,3.449679,1458,10.7900
866,45,30,3.226338,3.226338,1441,10.6470
867,30,46,3.415226,3.415226,1444,10.6320
868,46,47,3.804021,3.804021,1468,10.6497
869,47,22,3.847698,3.847698,1463,10.8083
870,22,35,3.939178,3.939178,1448,10.8733
871,35,0,3.897316,3.897316,1417,10.7592
872,0,25,3.708470,3.708470,1455,10.6472
873,25,29,3.395845,3.395845,1453,10.5642
874,29,11,3.161516,3.161516,1455,10.5821
875,11,24,4.024309,4.024309,1448,10.6106
876,24,54,4.161337,4.161337,1439,10.8175
877,54,25,3.267039,3.267039,1455,10.6120
878,25,36,3.136215,3.136215,1444,10.6085
879,36,29,3.222448,3.222448,1453,10.5518
880,29,23,3.246024,3.246024,1419,10.4911
881,23,18,4.304165,4.304165,1439,10.6657
882,18,12,4.244238,4.244238,1237,10.1362
883,12,35,3.575615,3.575615,1438,10.5404
884,35,8,3.624486,3.624486,1446,10.6070
885,8,41,3.849066,3.849066,1468,10.6837
886,41,6,3.878726,3.878726,1360,10.4919
887,6,22,3.967398,3.967398,935,7.6127
888,22,47,3.755034,3.755034,1457,10.5920
889,47,51,4.050324,4.050324,1472,10.7064
890,51,16,3.571108,3.571108,1428,10.6049
891,16,21,3.622927,3.622927,1454,10.5935
892,21,48,3.845506,3.845506,1467,10.7398
893,48,6,4.195082,4.195082,1453,10.5649
894,6,32,3.443614,3.443614,1117,9.2622
895,32,9,3.959708,3.959708,1037,9.1088
896,9,44,4.199530,4.199530,1433,10.6267
897,44,35,3.893849,3.893849,1369,10.3211
898,35,0,3.830330,3.830330,1462,10.6751
899,0,25,3.665938,3.665938,1474,10.5952
900,25,36,3.058178,3.058178,1459,10.6374
901,36,29,3.120076,3.120076,1451,10.5902
902,29,23,3.175144,3.175144,1434,10.6261
903,23,29,2.932136,2.932136,1473,10.8926
904,29,48,3.656342,3.656342,1403,10.3920
905,48,51,4.006496,4.006496,1451,10.7108
906,51,51,2.846829,2.846829,1464,10.7393
907,51,51,2.721708,2.721708,1475,10.7582
908,51,16,3.461647,3.461647,1449,10.5677
909,16,53,4.335600,4.335600,1454,10.7240
910,53,11,3.747082,3.747082,1455,10.7276
911,11,42,3.699175,3.699175,1477,10.7633
912,42,54,3.801620,3.801620,1477,10.7164
913,54,25,3.223452,3.223452,1464,10.6913
914,25,36,2.983978,2.983978,1458,10.6837
915,36,21,4.005712,4.005712,1361,10.3190
916,21,9,3.845930,3.845930,1468,10.6865
917,9,3,3.779873,3.779873,1179,10.0262
918,3,41,4.141457,4.141457,814,8.5575
919,41,30,3.995536,3.995536,1325,10.1460
920,30,31,3.701105,3.701105,1474,10.6889
921,31,30,3.513540,3.513540,1478,10.8667
922,30,31,3.555324,3.555324,1461,10.5941
923,31,54,3.918565,3.918565,1452,10.6779
924,54,0,3.967129,3.967129,1458,10.6051
925,0,25,3.568075,3.568075,1472,10.6198
926,25,29,3.273021,3.273021,1471,10.7841
927,29,23,3.050962,3.050962,1458,10.6434
928,23,29,2.787311,2.787311,1467,10.6529
929,29,11,3.131211,3.131211,1421,10.6165
930,11,42,3.639226,3.639226,1454,10.5801
931,42,0,4.059536,4.059536,1464,10.6985
932,0,60,3.848173,3.848173,1465,10.7258
933,60,38,4.022721,4.022721,1452,10.7184
934,38,2,3.923790,3.923790,1466,10.6933
935,2,45,3.708933,3.708933,1456,10.6153
936,45,30,3.181997,3.181997,1460,10.5560
937,30,46,3.330565,3.330565,1481,10.5532
938,46,47,3.713812,3.713812,1465,10.6125
939,47,56,3.699633,3.699633,1439,10.6590
940,56,1,3.740155,3.740155,1426,10.5755
941,1,47,3.801315,3.801315,1471,10.6295
942,47,56,3.621630,3.621630,1471,10.7329
943,56,34,3.760299,3.760299,1469,10.8807
944,34,40,3.479747,3.479747,1437,10.7378
945,40,25,4.079816,4.079816,1422,10.5891
946,25,36,2.913380,2.913380,1457,10.6493
947,36,21,3.921229,3.921229,1462,10.7061
948,21,47,3.935327,3.935327,1487,10.5922
949,47,51,3.985901,3.985901,1452,10.6080
950,51,16,3.384584,3.384584,1441,10.6023
951,16,53,4.265128,4.265128,1418,10.4785
952,53,11,3.696256,3.696256,1458,10.6045
953,11,42,3.556086,3.556086,1461,10.5750
954,42,54,3.756035,3.756035,1461,10.6243
955,54,0,3.884950,3.884950,1442,10.6481
956,0,21,4.167936,4.167936,1499,10.6007
957,21,47,3.884822,3.884822,1461,10.5736
958,47,51,3.913993,3.913993,1439,10.5755
959,51,16,3.308766,3.308766,1448,10.6169
960,16,21,3.600318,3.600318,1481,10.5961
961,21,48,3.759927,3.759927,1462,10.5684
962,48,51,3.927515,3.927515,1468,10.6079
963,51,29,4.136868,4.136868,1491,10.6348
964,29,23,2.914474,2.914474,1429,10.5392
965,23,29,2.656778,2.656778,1088,8.8122
966,29,48,3.562125,3.562125,1444,10.6541
967,48,25,3.725777,3.725777,1431,10.5234
968,25,36,2.829742,2.829742,1438,10.5034
969,36,29,3.003465,3.003465,1443,10.5580
970,29,11,3.069258,3.069258,1449,10.5122
971,11,42,3.491661,3.491661,1434,10.5286
972,42,54,3.690655,3.690655,1446,10.5709
973,54,0,3.820274,3.820274,1453,10.6658
974,0,25,3.472700,3.472700,1459,10.6517
975,25,29,3.161905,3.161905,1481,10.5190
976,29,23,2.842046,2.842046,1441,10.4962
977,23,29,2.529310,2.529310,1483,10.5699
978,29,11,2.979371,2.979371,1464,10.5601
979,11,45,3.466547,3.466547,1504,10.5432
980,45,30,3.125951,3.125951,1499,10.6235
981,30,46,3.248483,3.248483,1484,10.5891
982,46,1,3.858912,3.858912,1447,10.5980
983,1,19,4.038350,4.038350,1431,10.6171
984,19,24,3.973908,3.973908,889,8.2662
985,24,4,3.947724,3.947724,1486,11.0363
986,4,6,4.097983,4.097983,651,7.4850
987,6,32,3.380706,3.380706,915,8.5096
988,32,27,3.970157,3.970157,1181,9.8823
989,27,20,4.151286,4.151286,1423,10.5487
990,20,10,3.491649,3.491649,1441,10.6627
991,10,2,3.690866,3.690866,1051,8.4045
992,2,54,3.649482,3.649482,1471,10.6344
993,54,25,3.190395,3.190395,1479,10.7129
994,25,36,2.785580,2.785580,1482,10.5816
995,36,29,2.860458,2.860458,1468,10.5309
996,29,23,2.731087,2.731087,1465,10.5942
997,23,29,2.388492,2.388492,1483,10.6585
998,29,23,2.561060,2.561060,1460,10.7920
999,23,18,4.425834,4.425834,1474,10.5984
1000,18,18,3.148658,3.148658,566,6.7853
1001,18,12,4.188803,4.188803,1470,10.8331
1002,12,35,3.528213,3.528213,1459,10.6086
1003,35,0,3.800156,3.800156,1426,10.6306
1004,0,21,4.152542,4.152542,1445,10.5833
1005,21,48,3.699798,3.699798,1461,10.5694
1006,48,51,3.873192,3.873192,1467,10.6363
1007,51,51,2.531960,2.531960,1459,10.6171
1008,51,51,2.383380,2.383380,1486,10.6428
1009,51,29,4.078025,4.078025,1485,10.6174
1010,29,23,2.458745,2.458745,1443,10.5874
1011,23,29,2.174983,2.174983,1431,10.7850
1012,29,11,2.939495,2.939495,1440,10.6050
1013,11,42,3.473864,3.473864,1441,10.6254
1014,42,54,3.635068,3.635068,1444,10.6368
1015,54,0,3.772684,3.772684,1457,10.6051
1016,0,25,3.386876,3.386876,1480,10.6722
1017,25,29,3.108306,3.108306,1439,10.5506
1018,29,23,2.354142,2.354142,1471,10.6124
1019,23,29,2.050217,2.050217,1450,10.6100
1020,29,11,2.857217,2.857217,1465,10.5773
1021,11,45,3.444532,3.444532,1465,10.5983
1022,45,30,3.070226,3.070226,1451,10.7300
1023,30,46,3.161095,3.161095,1456,10.6368
1024,46,46,2.106231,2.106231,1455,10.6526
1025,46,47,3.616736,3.616736,1460,10.6505
1026,47,56,3.586122,3.586122,1477,10.6412
1027,56,6,3.727215,3.727215,1413,10.5751
1028,6,32,3.310657,3.310657,222,4.4902
1029,32,9,3.901304,3.901304,1329,10.1397
1030,9,15,3.727994,3.727994,1258,10.1542
1031,15,19,4.035094,4.035094,622,5.7976
1032,19,24,3.924271,3.924271,1445,10.6564
1033,24,0,4.149178,4.149178,1449,10.6499
1034,0,25,3.343569,3.343569,1500,10.6027
1035,25,2,3.431570,3.431570,1461,10.5814
1036,2,12,3.383591,3.383591,1437,10.6410
1037,12,43,4.328712,4.328712,1486,10.5843
1038,43,51,4.019111,4.019111,1157,9.8277
1039,51,51,2.231739,2.231739,1449,10.6259
1040,51,16,3.156311,3.156311,1456,10.6756
1041,16,23,4.374364,4.374364,1458,10.5875
1042,23,29,2.020477,2.020477,1460,10.7238
1043,29,48,3.634590,3.634590,1345,10.3314
1044,48,51,3.778571,3.778571,1435,10.5045
1045,51,29,3.983914,3.983914,1457,10.6448
1046,29,11,2.738298,2.738298,1032,8.0731
1047,11,42,3.454623,3.454623,1457,10.6895
1048,42,0,3.946017,3.946017,1452,10.5989
1049,0,25,3.292143,3.292143,1470,10.6049
1050,25,2,3.333719,3.333719,1343,10.2613
1051,2,54,3.529979,3.529979,1461,10.5171
1052,54,0,3.682643,3.682643,1478,10.6015
1053,0,60,3.858063,3.858063,1463,10.6045
1054,60,44,4.102147,4.102147,1444,10.7188
1055,44,27,4.204481,4.204481,1409,10.5359
1056,27,20,4.108126,4.108126,1227,9.3182
1057,20,3,4.081070,4.081070,915,7.6127
1058,3,41,4.082428,4.082428,1389,10.4898
1059,41,6,3.818268,3.818268,1389,10.5808
1060,6,32,3.258111,3.258111,1452,10.6084
1061,32,9,3.826067,3.826067,1347,10.2772
1062,9,3,3.722665,3.722665,1367,10.3255
1063,3,39,3.799296,3.799296,1456,10.6708
1064,39,59,4.139760,4.139760,1434,10.5578
1065,59,10,4.136641,4.136641,822,6.6917
1066,10,11,4.276750,4.276750,1441,10.8706
1067,11,42,3.337480,3.337480,1357,10.2344
1068,42,0,3.837207,3.837207,1452,10.6893
1069,0,25,3.193837,3.193837,1482,10.6475
1070,25,36,2.820634,2.820634,1454,10.5831
1071,36,34,3.826426,3.826426,1269,9.3958
1072,34,40,3.414500,3.414500,1366,10.4628
1073,40,57,4.035277,4.035277,1373,10.4446
1074,57,32,4.099864,4.099864,1007,8.7880
1075,32,9,3.741190,3.741190,1318,9.8471
1076,9,15,3.668806,3.668806,1458,10.6946
1077,15,49,3.926094,3.926094,852,6.7482
1078,49,43,4.080510,4.080510,1484,10.5724
1079,43,51,3.977115,3.977115,1435,10.6131
1080,51,29,3.896749,3.896749,1445,10.7412
1081,29,11,2.643098,2.643098,1242,9.7687
1082,11,45,3.402113,3.402113,1447,10.6632
1083,45,30,3.018769,3.018769,1335,10.4357
1084,30,31,3.566397,3.566397,1438,10.6798
1085,31,12,4.021504,4.021504,1456,10.7161
1086,12,35,3.486711,3.486711,1463,10.7452
1087,35,0,3.758676,3.758676,1484,10.8080
1088,0,60,3.814876,3.814876,1406,10.6833
1089,60,38,3.980624,3.980624,1465,10.6798
1090,38,2,3.895893,3.895893,1489,10.8625
1091,2,12,3.320559,3.320559,1451,10.6169
1092,12,35,3.426812,3.426812,1471,10.7293
1093,35,0,3.673980,3.673980,1476,10.6771
1094,0,60,3.757427,3.757427,1452,10.6660
1095,60,38,3.930735,3.930735,1473,10.6630
1096,38,54,4.025133,4.025133,1459,10.6493
1097,54,25,3.085337,3.085337,1469,10.7292
1098,25,36,2.742110,2.742110,1478,10.6158
1099,36,29,2.889417,2.889417,1454,10.6971
1100,29,23,2.366169,2.366169,1487,10.6398
1101,23,29,2.012130,2.012130,1426,10.5727
1102,29,48,3.494316,3.494316,1480,10.6716
1103,48,25,3.714159,3.714159,1468,10.7859
1104,25,36,2.648470,2.648470,1448,10.5421
1105,36,21,3.933052,3.933052,1457,10.7316
1106,21,47,3.852390,3.852390,1489,10.7733
1107,47,56,3.524616,3.524616,1454,10.6698
1108,56,34,3.701590,3.701590,1355,10.1205
1109,34,7,4.153319,4.153319,1472,10.6387
1110,7,22,3.933028,3.933028,1407,10.6158
1111,22,35,3.947647,3.947647,1450,10.6239
1112,35,0,3.595483,3.595483,1472,10.6500
1113,0,21,4.197059,4.197059,1463,10.6199
1114,21,48,3.612495,3.612495,1473,10.8456
1115,48,51,3.722199,3.722199,1472,10.6389
1116,51,29,3.763638,3.763638,1467,10.6903
1117,29,23,2.248304,2.248304,1453,10.5907
1118,23,29,1.912671,1.912671,1457,10.7106
1119,29,48,3.339390,3.339390,1429,10.5368
1120,48,6,4.409518,4.409518,1441,10.6460
1121,6,56,3.660258,3.660258,1343,10.4021
1122,56,34,3.633215,3.633215,1428,10.6784
1123,34,35,4.186014,4.186014,1489,10.6895
1124,35,8,3.561351,3.561351,1487,10.6584
1125,8,41,3.772891,3.772891,1413,10.6352
1126,41,30,3.994783,3.994783,1292,10.1709
1127,30,31,3.461411,3.461411,1458,10.6569
1128,31,54,3.860770,3.860770,1387,10.4702
1129,54,0,3.647035,3.647035,1468,10.6187
1130,0,21,4.129678,4.129678,1505,10.6584
1131,21,47,3.818619,3.818619,1463,10.6689
1132,47,22,3.781156,3.781156,1460,10.6854
1133,22,35,3.895618,3.895618,1470,10.8258
1134,35,0,3.544373,3.544373,1472,10.6342
1135,0,21,4.064644,4.064644,1463,10.6853
1136,21,9,3.972960,3.972960,1461,10.6230
1137,9,15,3.597436,3.597436,680,6.7454
1138,15,49,3.868331,3.868331,1257,10.0476
1139,49,43,4.015325,4.015325,1235,9.9872
1140,43,11,4.367093,4.367093,1319,10.3367
1141,11,42,3.280858,3.280858,1481,10.6019
1142,42,0,3.774266,3.774266,1435,10.5543
1143,0,21,3.995934,3.995934,1497,10.6070
1144,21,9,3.933787,3.933787,1442,10.6674
1145,9,15,3.533219,3.533219,1438,10.5905
1146,15,49,3.815609,3.815609,1148,9.4949
1147,49,43,3.955136,3.955136,1383,10.4872
1148,43,46,4.122930,4.122930,1412,10.4995
1149,46,1,3.782425,3.782425,1464,10.6592
1150,1,32,3.657756,3.657756,1461,10.6407
1151,32,9,3.698182,3.698182,1443,10.7644
1152,9,44,4.166892,4.166892,1437,10.6029
1153,44,35,3.882633,3.882633,1428,10.5724
1154,35,0,3.478375,3.478375,1439,10.6686
1155,0,25,3.187627,3.187627,1461,10.6167
1156,25,36,2.593778,2.593778,1460,10.6485
1157,36,34,3.840469,3.840469,1357,10.5034
1158,34,40,3.341763,3.341763,1459,10.6928
1159,40,21,4.150942,4.150942,1444,10.6946
1160,21,48,3.552589,3.552589,1434,10.6433
1161,48,6,4.342634,4.342634,1469,10.7702
1162,6,32,3.248685,3.248685,1460,10.7210
1163,32,9,3.616680,3.616680,1449,10.5875
1164,9,15,3.469576,3.469576,1449,10.6541
1165,15,49,3.760059,3.760059,1250,9.5882
1166,49,50,4.062668,4.062668,1451,10.5931
1167,50,54,4.171850,4.171850,1479,10.7015
1168,54,0,3.580695,3.580695,1445,10.5890
1169,0,60,3.760091,3.760091,1454,10.5738
1170,60,36,3.942449,3.942449,1452,10.6805
1171,36,21,3.725381,3.725381,1460,10.8304
1172,21,48,3.463650,3.463650,1078,8.8403
1173,48,25,3.601582,3.601582,1463,10.6781
1174,25,36,2.502484,2.502484,1443,10.6209
1175,36,29,2.908251,2.908251,1470,10.5510
1176,29,11,2.714495,2.714495,1469,10.5913
1177,11,42,3.206917,3.206917,1437,10.6208
1178,42,0,3.676218,3.676218,1499,10.7001
1179,0,21,3.964420,3.964420,1468,10.6975
1180,21,47,3.817883,3.817883,1472,10.6817
1181,47,22,3.723263,3.723263,1484,10.8944
1182,22,20,4.339755,4.339755,1462,10.5960
1183,20,10,3.451175,3.451175,1444,10.6777
1184,10,11,4.246737,4.246737,1445,10.5897
1185,11,42,3.093113,3.093113,1478,10.6876
1186,42,45,3.187290,3.187290,1470,10.6617
1187,45,30,2.979880,2.979880,1469,10.6895
1188,30,27,4.567069,4.567069,1473,10.6225
1189,27,53,4.254627,4.254627,1110,9.6139
1190,53,11,3.759957,3.759957,1463,10.6180
1191,11,45,3.279466,3.279466,1454,10.6590
1192,45,30,2.912695,2.912695,1487,10.6265
1193,30,31,3.406701,3.406701,1459,10.7541
1194,31,30,3.122716,3.122716,1484,10.6459
1195,30,31,3.235425,3.235425,1471,10.6092
1196,31,54,3.779404,3.779404,1468,10.6951
1197,54,25,3.122793,3.122793,1466,10.6288
1198,25,29,3.153696,3.153696,1470,10.6519
1199,29,11,2.668944,2.668944,1434,10.5350
1200,11,42,3.037913,3.037913,1458,10.6477
1201,42,54,3.746973,3.746973,1468,10.7358
1202,54,25,3.062777,3.062777,1464,10.6207
1203,25,36,2.460829,2.460829,1463,10.6153
1204,36,29,2.763298,2.763298,1474,10.8486
1205,29,11,2.568593,2.568593,1435,10.5862
1206,11,42,2.959700,2.959700,1466,10.5594
1207,42,54,3.668498,3.668498,1466,10.5725
1208,54,25,3.007515,3.007515,1460,10.6041
1209,25,36,2.393523,2.393523,1465,10.5140
1210,36,29,2.671705,2.671705,1488,10.5671
1211,29,11,2.476128,2.476128,1493,10.5576
1212,11,45,3.321521,3.321521,1450,10.5209
1213,45,30,2.874228,2.874228,1464,10.7681
1214,30,31,3.151684,3.151684,1485,10.9375
1215,31,12,3.996721,3.996721,1459,10.6846
1216,12,35,3.459708,3.459708,1472,10.9203
1217,35,0,3.426605,3.426605,1451,10.6290
1218,0,21,3.904200,3.904200,1477,10.6798
1219,21,9,3.990307,3.990307,1461,10.6084
1220,9,3,3.714724,3.714724,146,3.5400
1221,3,39,3.733685,3.733685,355,6.4780
1222,39,59,4.073439,4.073439,321,3.8270
1223,59,10,4.084638,4.084638,15,2.3678
1224,10,2,3.690058,3.690058,1471,10.6425
1225,2,12,3.275022,3.275022,1480,10.6680
1226,12,35,3.398630,3.398630,1441,10.6217
1227,35,8,3.493818,3.493818,1463,10.7162
1228,8,41,3.704264,3.704264,1459,10.7098
1229,41,30,3.987222,3.987222,1110,9.7219
1230,30,31,3.040019,3.040019,1452,10.5941
1231,31,54,3.692053,3.692053,1458,10.6754
1232,54,25,2.969484,2.969484,1451,10.6614
1233,25,29,3.010735,3.010735,1487,10.6055
1234,29,48,3.242854,3.242854,1454,10.6742
1235,48,25,3.606946,3.606946,1440,10.6010
1236,25,36,2.345547,2.345547,1444,10.6144
1237,36,34,3.930751,3.930751,1489,10.6253
1238,34,7,4.101852,4.101852,1464,10.7022
1239,7,31,3.874811,3.874811,1467,10.7010
1240,31,12,3.934507,3.934507,1470,10.6322
1241,12,20,3.906422,3.906422,1469,10.6063
1242,20,10,3.400012,3.400012,1463,10.6764
1243,10,21,4.449401,4.449401,1444,10.6744
1244,21,48,3.439332,3.439332,1443,10.6670
1245,48,51,3.675812,3.675812,1484,10.6280
1246,51,16,3.085845,3.085845,1453,10.6215
1247,16,53,4.211554,4.211554,1047,9.0779
1248,53,17,3.812585,3.812585,1481,10.6495
1249,17,7,3.961903,3.961903,1365,10.2595
1250,7,31,3.828692,3.828692,1456,10.6383
1251,31,12,3.850689,3.850689,1448,10.5853
1252,12,43,4.344526,4.344526,1357,10.4151
1253,43,51,3.960444,3.960444,781,7.3904
1254,51,16,2.988803,2.988803,1464,10.6754
1255,16,21,3.742552,3.742552,1434,10.5523
1256,21,9,3.912140,3.912140,1433,10.5963
1257,9,15,3.402322,3.402322,1491,10.6526
1258,15,19,4.021391,4.021391,1393,10.4716
1259,19,51,4.009899,4.009899,1434,10.5904
1260,51,29,3.798238,3.798238,1451,10.6020
1261,29,48,3.035005,3.035005,1476,10.7323
1262,48,51,3.649298,3.649298,1452,10.5921
1263,51,16,2.908636,2.908636,1469,10.5790
1264,16,53,4.150942,4.150942,1448,10.6355
1265,53,17,3.746644,3.746644,1463,10.6089
1266,17,2,4.342147,4.342147,1455,10.5832
1267,2,45,3.705710,3.705710,1446,10.5537
1268,45,63,4.402536,4.402536,1465,10.6695
1269,63,6,4.166190,4.166190,1386,10.5125
1270,6,32,3.187251,3.187251,1454,10.6476
1271,32,27,3.898649,3.898649,1474,10.7515
1272,27,20,4.080111,4.080111,1450,10.5575
1273,20,3,4.035217,4.035217,1459,10.7082
1274,3,10,3.967027,3.967027,1459,10.6270
1275,10,2,3.629712,3.629712,1432,10.5705
1276,2,12,3.211595,3.211595,1461,10.7656
1277,12,35,3.371057,3.371057,815,6.6130
1278,35,0,3.338090,3.338090,1432,10.5047
1279,0,25,3.121196,3.121196,1488,10.6073
1280,25,36,2.288627,2.288627,1041,9.3484
1281,36,29,2.599495,2.599495,1475,10.6238
1282,29,23,2.606271,2.606271,1397,10.3537
1283,23,29,2.109707,2.109707,1439,10.6214
1284,29,11,2.495620,2.495620,1457,10.6135
1285,11,45,3.231983,3.231983,1451,10.6130
1286,45,62,4.270760,4.270760,1028,8.0970
1287,62,60,4.212428,4.212428,1350,10.3711
1288,60,38,3.879148,3.879148,1304,10.1305
1289,38,50,3.944963,3.944963,1451,10.6082
1290,50,53,4.020183,4.020183,1376,10.4643
1291,53,11,3.819887,3.819887,1477,10.6493
1292,11,42,2.965928,2.965928,1450,10.6133
1293,42,45,2.875024,2.875024,1453,10.6839
1294,45,63,4.371941,4.371941,1473,10.7213
1295,63,47,4.360861,4.360861,1272,10.1638
1296,47,56,3.491649,3.491649,1470,10.7439
1297,56,6,3.666342,3.666342,1437,10.6404
1298,6,32,3.115292,3.115292,1399,10.5888
1299,32,9,3.573641,3.573641,1461,10.5708
1300,9,3,3.669749,3.669749,1446,10.6929
1301,3,41,4.033853,4.033853,1316,10.2465
1302,41,30,3.952844,3.952844,1456,10.7778
1303,30,31,2.937803,2.937803,1468,10.6592
1304,31,30,2.722175,2.722175,1476,10.7252
1305,30,31,2.766661,2.766661,1453,10.6436
1306,31,30,2.553398,2.553398,1452,10.7874
1307,30,46,3.137824,3.137824,1441,10.6484
1308,46,46,1.977195,1.977195,1442,10.7145
1309,46,47,3.578927,3.578927,1485,10.5928
1310,47,22,3.666025,3.666025,1454,10.6416
1311,22,47,3.529058,3.529058,1463,10.6600
1312,47,22,3.529339,3.529339,1474,10.6700
1313,22,35,3.921317,3.921317,1460,10.7689
1314,35,0,3.257968,3.257968,1368,10.4207
1315,0,21,3.895153,3.895153,1442,10.5719
1316,21,48,3.368031,3.368031,1444,10.7384
1317,48,51,3.560020,3.560020,1449,10.6725
1318,51,51,1.993175,1.993175,1474,10.6293
1319,51,16,2.794513,2.794513,1469,10.6529
1320,16,21,3.702431,3.702431,1464,10.6172
1321,21,9,3.882280,3.882280,1450,10.5755
1322,9,15,3.338627,3.338627,1035,8.6201
1323,15,19,3.964401,3.964401,1403,10.4577
1324,19,24,3.869320,3.869320,1453,10.7041
1325,24,54,4.149437,4.149437,1459,10.8288
1326,54,0,3.579675,3.579675,1363,10.3909
1327,0,25,3.037277,3.037277,1456,10.6060
1328,25,36,2.248222,2.248222,1341,10.0824
1329,36,29,2.544525,2.544525,1210,9.7486
1330,29,23,2.527693,2.527693,1424,10.6186
1331,23,29,2.021144,2.021144,1367,10.3565
1332,29,11,2.489907,2.489907,1286,10.0654
1333,11,45,3.088727,3.088727,1476,10.6007
1334,45,30,2.935028,2.935028,1430,10.5403
1335,30,46,2.986161,2.986161,1481,10.9155
1336,46,1,3.761353,3.761353,1471,10.7505
1337,1,47,3.638395,3.638395,1485,10.7210
1338,47,22,3.450234,3.450234,1451,10.6458
1339,22,35,3.860991,3.860991,1461,10.6921
1340,35,0,3.198037,3.198037,1299,9.9411
1341,0,60,3.809852,3.809852,1450,10.7167
1342,60,36,3.813491,3.813491,1423,10.5555
1343,36,21,3.756403,3.756403,1466,10.6477
1344,21,9,3.841158,3.841158,1475,10.7882
1345,9,44,4.136835,4.136835,1353,10.3918
1346,44,35,3.875797,3.875797,1225,9.8222
1347,35,8,3.420230,3.420230,1478,10.8186
1348,8,52,4.164900,4.164900,1452,10.6228
1349,52,21,4.047094,4.047094,1452,10.6481
1350,21,47,3.855398,3.855398,1441,10.6090
1351,47,51,3.843493,3.843493,1476,10.6966
1352,51,29,3.642559,3.642559,1466,10.5629
1353,29,11,2.352926,2.352926,1321,9.9945
1354,11,45,3.000929,3.000929,1462,10.6816
1355,45,30,2.876905,2.876905,1472,10.6133
1356,30,27,4.672818,4.672818,1429,10.5421
1357,27,20,4.048056,4.048056,1414,10.5184
1358,20,10,3.352766,3.352766,1437,10.7253
1359,10,11,4.400931,4.400931,1442,10.5623
1360,11,42,2.986353,2.986353,1469,10.6872
1361,42,45,2.630355,2.630355,1451,10.5978
1362,45,63,4.388745,4.388745,1446,10.6078
1363,63,18,3.841973,3.841973,1441,10.5828
1364,18,18,3.010126,3.010126,1443,10.5683
1365,18,38,4.084526,4.084526,1464,10.6307
1366,38,50,3.897647,3.897647,1441,10.6358
1367,50,33,4.113840,4.113840,1271,10.2274
1368,33,55,4.047738,4.047738,1450,10.5968
1369,55,63,4.244273,4.244273,1137,9.1384
1370,63,18,3.775758,3.775758,1458,10.7069
1371,18,12,4.181569,4.181569,1442,10.5866
1372,12,43,4.274442,4.274442,1452,10.6730
1373,43,46,4.095516,4.095516,1476,10.6797
1374,46,47,3.460361,3.460361,1410,10.5951
1375,47,56,3.442683,3.442683,1481,10.6535
1376,56,34,3.583775,3.583775,1429,10.5697
1377,34,35,4.193694,4.193694,1437,10.6099
1378,35,8,3.327411,3.327411,1433,10.6171
1379,8,41,3.637429,3.637429,1475,10.7444
1380,41,6,3.797170,3.797170,1455,10.5857
1381,6,22,3.941196,3.941196,1423,10.5626
1382,22,20,4.346971,4.346971,1478,10.6559
1383,20,10,3.315160,3.315160,1308,10.2505
1384,10,11,4.336166,4.336166,1462,10.5965
1385,11,42,2.861974,2.861974,1257,9.9292
1386,42,0,3.800472,3.800472,1120,8.6231
1387,0,25,2.999981,2.999981,1352,10.3210
1388,25,36,2.226929,2.226929,1456,10.6543
1389,36,34,3.940848,3.940848,1458,10.6466
1390,34,7,4.043801,4.043801,1461,10.6294
1391,7,31,3.797789,3.797789,1469,10.6314
1392,31,12,3.822434,3.822434,1471,10.6990
1393,12,35,3.424684,3.424684,1448,10.6791
1394,35,0,3.158933,3.158933,1479,10.6298
1395,0,25,2.944649,2.944649,1448,10.6922
1396,25,29,3.057761,3.057761,1459,10.6134
1397,29,11,2.386680,2.386680,1086,8.5665
1398,11,42,2.782866,2.782866,1454,10.5668
1399,42,0,3.731765,3.731765,1484,10.6287
1400,0,25,2.853898,2.853898,1451,10.5379
1401,25,2,3.621323,3.621323,1439,10.5062
1402,2,45,3.661352,3.661352,1522,10.6100
1403,45,30,2.825960,2.825960,1469,10.5978
1404,30,31,2.750330,2.750330,1454,10.7554
1405,31,12,3.733453,3.733453,1454,10.8354
1406,12,35,3.373683,3.373683,1495,10.7891
1407,35,8,3.255657,3.255657,1456,10.6079
1408,8,41,3.567056,3.567056,1471,10.8701
1409,41,6,3.753599,3.753599,1142,9.6701
1410,6,56,3.563687,3.563687,1167,10.0169
1411,56,34,3.524454,3.524454,1386,10.4972
1412,34,40,3.269244,3.269244,1461,10.7210
1413,40,25,4.406442,4.406442,1449,10.6137
1414,25,36,2.219805,2.219805,1477,10.8009
1415,36,34,3.837145,3.837145,1468,10.5799
1416,34,7,3.981837,3.981837,1486,10.6316
1417,7,22,3.856690,3.856690,1478,10.6585
1418,22,35,3.852032,3.852032,1478,10.6338
1419,35,0,3.106903,3.106903,1482,10.5831
1420,0,21,3.939118,3.939118,1470,10.6112
1421,21,9,3.791847,3.791847,1444,10.5979
1422,9,15,3.270895,3.270895,827,7.3044
1423,15,49,3.689877,3.689877,1088,8.6008
1424,49,50,3.986475,3.986475,969,8.9744
1425,50,53,3.973241,3.973241,1204,9.6625
1426,53,17,3.677659,3.677659,1439,10.6402
1427,17,7,3.935610,3.935610,1457,10.6229
1428,7,31,3.774120,3.774120,1477,10.7822
1429,31,30,2.457424,2.457424,1458,10.5706
1430,30,46,2.969371,2.969371,1456,10.6376
1431,46,46,1.719709,1.719709,1450,10.7028
1432,46,47,3.387653,3.387653,1467,10.7037
1433,47,51,3.820507,3.820507,1472,10.5927
1434,51,29,3.596307,3.596307,1458,10.6134
1435,29,11,2.279813,2.279813,1455,10.6296
1436,11,45,2.921995,2.921995,1466,10.6579
1437,45,30,2.783869,2.783869,1440,10.6177
1438,30,27,4.626885,4.626885,1458,10.5540
1439,27,2,4.139701,4.139701,1135,9.5903
1440,2,12,3.194660,3.194660,1464,10.6034
1441,12,43,4.224391,4.224391,1446,10.6764
1442,43,11,4.406540,4.406540,1381,10.4093
1443,11,45,2.785039,2.785039,1443,10.5760
1444,45,30,2.723387,2.723387,1493,10.5503
1445,30,31,2.710987,2.710987,1452,10.5922
1446,31,12,3.668229,3.668229,1438,10.6502
1447,12,35,3.355358,3.355358,1454,10.5976
1448,35,53,3.591890,3.591890,1466,10.7807
1449,53,17,3.610484,3.610484,1463,10.6432
1450,17,1,4.142839,4.142839,1463,10.6270
1451,1,47,3.533333,3.533333,1467,10.6962
1452,47,56,3.379417,3.379417,1444,10.6349
1453,56,34,3.467704,3.467704,1397,10.4369
1454,34,7,3.906407,3.906407,1461,10.5976
1455,7,31,3.756382,3.756382,1458,10.5959
1456,31,12,3.566584,3.566584,1480,10.7670
1457,12,35,3.291236,3.291236,1463,10.6895
1458,35,0,3.017977,3.017977,1441,10.7059
1459,0,21,3.844021,3.844021,1443,10.5694
1460,21,48,3.348639,3.348639,1462,10.6055
1461,48,25,3.597425,3.597425,1436,10.6743
1462,25,36,2.150412,2.150412,1450,10.6294
1463,36,21,3.625226,3.625226,1467,10.6116
1464,21,47,3.892614,3.892614,1483,10.5799
1465,47,56,3.312594,3.312594,1464,10.6482
1466,56,34,3.389093,3.389093,1466,10.8089
1467,34,40,3.200001,3.200001,1453,10.5691
1468,40,57,3.962291,3.962291,1476,10.6058
1469,57,59,4.034303,4.034303,1196,9.8623
1470,59,15,4.097001,4.097001,1495,10.7401
1471,15,49,3.605645,3.605645,1386,10.4789
1472,49,50,3.929817,3.929817,1374,10.3115
1473,50,33,4.034926,4.034926,1473,10.7155
1474,33,55,3.991667,3.991667,830,7.3096
1475,55,63,4.191636,4.191636,1457,10.7050
1476,63,6,4.161622,4.161622,467,4.4066
1477,6,56,3.531138,3.531138,1376,10.4512
1478,56,34,3.310310,3.310310,1468,10.6359
1479,34,7,3.833331,3.833331,1448,10.6404
1480,7,31,3.729581,3.729581,1450,10.6188
1481,31,54,3.745163,3.745163,1457,10.9036
1482,54,25,3.032198,3.032198,1426,10.5183
1483,25,36,2.090570,2.090570,1464,10.6166
1484,36,29,2.682637,2.682637,1322,10.1600
1485,29,23,2.609372,2.609372,1453,10.5675
1486,23,29,2.130176,2.130176,1473,10.6425
1487,29,23,2.427979,2.427979,1472,10.6738
1488,23,29,1.972043,1.972043,1450,10.5689
1489,29,23,2.256077,2.256077,1443,10.5819
1490,23,29,1.826652,1.826652,1470,10.6006
1491,29,23,2.095163,2.095163,1217,9.6652
1492,23,29,1.695541,1.695541,1088,9.2317
1493,29,48,3.195435,3.195435,1485,10.6576
1494,48,25,3.567361,3.567361,1442,10.6685
1495,25,29,2.944902,2.944902,1468,10.6326
1496,29,23,2.021191,2.021191,1476,10.6247
1497,23,29,1.615337,1.615337,1446,10.5600
1498,29,23,1.877975,1.877975,1433,10.5313
1499,23,29,1.509409,1.509409,1421,10.5027
1500,29,23,1.748339,1.748339,1512,10.6504
1501,23,29,1.418524,1.418524,1408,10.4470
1502,29,11,2.667117,2.667117,1438,10.6522
1503,11,42,2.883745,2.883745,1477,10.6012
1504,42,54,3.851677,3.851677,1432,10.7170
1505,54,25,3.005219,3.005219,1466,10.7530
1506,25,29,2.900584,2.900584,1489,10.6330
1507,29,11,2.507489,2.507489,1465,10.6213
1508,11,24,4.827592,4.827592,1450,10.6690
1509,24,54,4.087258,4.087258,1470,10.6851
1510,54,25,2.958042,2.958042,1482,10.6891
1511,25,36,2.134732,2.134732,1477,10.7399
1512,36,29,2.571585,2.571585,1457,10.7146
1513,29,23,1.834636,1.834636,1461,10.6957
1514,23,18,5.139864,5.139864,1463,10.7783
1515,18,38,4.030807,4.030807,234,3.8415
1516,38,2,3.920631,3.920631,1186,9.0128
1517,2,54,3.659518,3.659518,1474,10.6743
1518,54,0,3.596493,3.596493,1453,10.6605
1519,0,25,2.888342,2.888342,1495,10.6334
1520,25,36,2.091964,2.091964,1448,10.7703
1521,36,34,3.933284,3.933284,1473,10.6194
1522,34,40,3.127479,3.127479,1462,10.7516
1523,40,57,3.885928,3.885928,1405,10.6888
1524,57,52,3.873325,3.873325,879,8.3295
1525,52,21,4.031847,4.031847,1046,8.8983
1526,21,9,3.780777,3.780777,1474,10.6943
1527,9,44,4.058424,4.058424,634,6.8754
1528,44,35,3.903620,3.903620,960,8.3347
1529,35,8,3.197368,3.197368,1482,10.7495
1530,8,41,3.490365,3.490365,1069,8.4859
1531,41,6,3.704390,3.704390,1138,9.4830
1532,6,32,3.081700,3.081700,1305,10.2536
1533,32,61,4.117870,4.117870,619,5.3192
1534,61,33,4.066228,4.066228,508,5.3804
1535,33,11,4.307793,4.307793,1177,9.5145
1536,11,42,2.808135,2.808135,1458,10.6896
1537,42,54,3.762407,3.762407,1459,10.7927
1538,54,25,2.855984,2.855984,1443,10.5401
1539,25,36,2.032464,2.032464,1424,10.5355
1540,36,34,3.822688,3.822688,1454,10.5773
1541,34,35,4.310708,4.310708,1446,10.6872
1542,35,0,2.989082,2.989082,1458,10.6026
1543,0,60,3.895095,3.895095,1453,10.7148
1544,60,38,3.845193,3.845193,1400,10.5352
1545,38,2,3.865396,3.865396,1478,10.7383
1546,2,12,3.156223,3.156223,1482,10.7078
1547,12,35,3.276404,3.276404,1449,10.6226
1548,35,53,3.580355,3.580355,1443,10.6226
1549,53,17,3.540348,3.540348,1460,10.7413
1550,17,7,3.911261,3.911261,1466,10.6697
1551,7,31,3.674802,3.674802,1467,10.6844
1552,31,30,2.411142,2.411142,1471,10.6338
1553,30,31,2.578029,2.578029,1464,10.6436
1554,31,12,3.527895,3.527895,1477,10.5913
1555,12,35,3.211436,3.211436,1471,10.7085
1556,35,8,3.141214,3.141214,1431,10.6107
1557,8,41,3.419052,3.419052,1445,10.6595
1558,41,30,4.029311,4.029311,1446,10.6387
1559,30,46,2.907158,2.907158,1461,10.6552
1560,46,46,1.542398,1.542398,1463,10.6646
1561,46,46,1.366079,1.366079,1481,10.6277
1562,46,47,3.332898,3.332898,1476,10.6118
1563,47,56,3.263748,3.263748,1468,10.7122
1564,56,6,3.567392,3.567392,1460,10.6059
1565,6,32,3.001245,3.001245,1444,10.5952
1566,32,9,3.589988,3.589988,1469,10.6179
1567,9,15,3.197943,3.197943,1392,10.3969
1568,15,39,3.996926,3.996926,1460,10.6954
1569,39,44,3.716840,3.716840,1432,10.5364
1570,44,35,3.899539,3.899539,1387,10.4396
1571,35,8,3.044106,3.044106,1455,10.7488
1572,8,41,3.340970,3.340970,1457,10.6276
1573,41,6,3.659803,3.659803,1459,10.6282
1574,6,32,2.953237,2.953237,1464,10.6067
1575,32,27,3.864336,3.864336,1376,10.4350
1576,27,20,4.016859,4.016859,1464,10.5904
1577,20,3,3.973863,3.973863,1446,10.6509
1578,3,10,3.846630,3.846630,1481,10.7141
1579,10,2,3.600316,3.600316,1397,10.4754
1580,2,45,3.632679,3.632679,1433,10.6371
1581,45,63,4.364227,4.364227,1454,10.7339
1582,63,6,4.139527,4.139527,1438,10.5930
1583,6,32,2.905066,2.905066,1434,10.6233
1584,32,61,4.068450,4.068450,1448,10.7374
1585,61,2,4.298148,4.298148,1450,10.6791
1586,2,12,3.102212,3.102212,1461,10.6463
1587,12,35,3.156048,3.156048,1463,10.6860
1588,35,0,2.933386,2.933386,1471,10.6886
1589,0,25,2.867047,2.867047,1444,10.5749
1590,25,36,1.987125,1.987125,849,7.6731
1591,36,29,2.578638,2.578638,1429,10.8482
1592,29,23,1.776240,1.776240,1162,9.5768
1593,23,0,4.974364,4.974364,1121,9.1517
1594,0,25,2.758231,2.758231,1463,10.7676
1595,25,36,1.951401,1.951401,1356,10.3782
1596,36,34,3.766263,3.766263,1237,9.9584
1597,34,40,3.070806,3.070806,1431,10.6712
1598,40,25,4.479577,4.479577,1457,10.5708
1599,25,36,1.880368,1.880368,1464,10.9241
1600,36,29,2.542718,2.542718,1420,10.6443
1601,29,23,1.737702,1.737702,1482,10.7550
1602,23,29,1.545485,1.545485,1511,10.6397
1603,29,48,3.351736,3.351736,1453,10.6023
1604,48,25,3.667678,3.667678,1464,10.6989
1605,25,36,1.836789,1.836789,1479,10.7498
1606,36,29,2.463308,2.463308,1442,10.6996
1607,29,11,2.696403,2.696403,1468,10.7471
1608,11,45,2.949199,2.949199,1420,10.6369
1609,45,63,4.270993,4.270993,1490,10.7362
1610,63,18,3.752863,3.752863,1014,8.4799
1611,18,38,3.967760,3.967760,1426,10.5866
1612,38,54,4.057259,4.057259,1493,10.7093
1613,54,25,2.903550,2.903550,1462,10.7241
1614,25,2,3.886575,3.886575,1451,10.7518
1615,2,12,3.041477,3.041477,1457,10.8445
1616,12,35,3.078073,3.078073,1482,10.7305
1617,35,0,2.863401,2.863401,1377,10.5153
1618,0,25,2.793822,2.793822,1466,10.6787
1619,25,36,1.844159,1.844159,1465,10.6347
1620,36,21,3.797671,3.797671,1462,10.5954
1621,21,9,3.761928,3.761928,1479,10.7878
1622,9,15,3.124650,3.124650,1138,9.4163
1623,15,19,3.916548,3.916548,1026,8.9161
1624,19,51,3.983014,3.983014,1250,10.1729
1625,51,51,1.868019,1.868019,1465,10.7964
1626,51,16,2.682315,2.682315,1472,10.6924
1627,16,21,3.785497,3.785497,1481,10.6273
1628,21,9,3.657797,3.657797,1440,10.6479
1629,9,15,3.055614,3.055614,1476,10.6900
1630,15,49,3.548942,3.548942,1458,10.5848
1631,49,48,4.514549,4.514549,1417,10.5317
1632,48,51,3.524772,3.524772,1454,10.7225
1633,51,16,2.588616,2.588616,1484,10.7885
1634,16,21,3.695101,3.695101,1472,10.7338
1635,21,48,3.274124,3.274124,1471,10.7565
1636,48,25,3.623729,3.623729,1499,10.6401
1637,25,36,1.792188,1.792188,1472,10.8724
1638,36,29,2.450418,2.450418,1446,10.6951
1639,29,23,1.861692,1.861692,1458,10.6141
1640,23,29,1.558923,1.558923,1440,10.5512
1641,29,23,1.732256,1.732256,1464,10.6306
1642,23,18,5.166043,5.166043,1452,10.6923
1643,18,38,3.921967,3.921967,1472,10.7543
1644,38,54,4.005978,4.005978,1477,10.7633
1645,54,25,2.897150,2.897150,1453,10.7185
1646,25,36,1.771676,1.771676,1464,10.6227
1647,36,29,2.385574,2.385574,1470,10.6286
1648,29,23,1.703445,1.703445,1476,10.6469
1649,23,18,5.026931,5.026931,1459,10.6467
1650,18,38,3.878977,3.878977,1408,10.5854
1651,38,54,3.952897,3.952897,1471,10.6957
1652,54,25,2.858950,2.858950,1476,10.7172
1653,25,2,3.815964,3.815964,1442,10.7176
1654,2,45,3.579413,3.579413,1475,10.6000
1655,45,62,4.482063,4.482063,1466,10.6206
1656,62,60,4.185754,4.185754,1464,10.6797
1657,60,44,4.073654,4.073654,1468,10.6708
1658,44,27,4.158235,4.158235,756,6.2206
1659,27,20,3.968223,3.968223,1090,9.6314
1660,20,3,3.917676,3.917676,1327,10.2517
1661,3,39,3.623863,3.623863,886,7.3271
1662,39,44,3.648629,3.648629,1422,10.4887
1663,44,27,4.100676,4.100676,1323,10.1765
1664,27,20,3.925326,3.925326,1189,9.5687
1665,20,3,3.865845,3.865845,1432,10.6441
1666,3,41,3.972870,3.972870,975,8.1225
1667,41,6,3.596235,3.596235,1422,10.5496
1668,6,32,2.851762,2.851762,1386,10.4472
1669,32,27,3.751183,3.751183,1450,10.6443
1670,27,20,3.884265,3.884265,1400,10.4875
1671,20,3,3.812577,3.812577,1469,10.7136
1672,3,41,3.917816,3.917816,1459,10.6406
1673,41,30,4.002031,4.002031,1436,10.5899
1674,30,46,2.663902,2.663902,1466,10.7002
1675,46,47,3.209041,3.209041,1479,10.8105
1676,47,56,3.195969,3.195969,1461,10.6787
1677,56,1,3.582608,3.582608,1408,10.5442
1678,1,32,3.554449,3.554449,1454,10.6073
1679,32,9,3.624010,3.624010,1452,10.6285
1680,9,3,3.763737,3.763737,1459,10.6556
1681,3,41,3.867503,3.867503,1467,10.7572
1682,41,30,3.954898,3.954898,1443,10.6877
1683,30,31,2.546963,2.546963,1441,10.7674
1684,31,54,3.730652,3.730652,1021,8.1249
1685,54,25,2.811550,2.811550,1205,10.0550
1686,25,36,1.777272,1.777272,849,7.3309
1687,36,34,3.894017,3.894017,1027,9.1887
1688,34,40,2.997340,2.997340,1473,10.7321
1689,40,25,4.462317,4.462317,1455,10.6180
1690,25,36,1.720784,1.720784,1456,10.5577
1691,36,29,2.361423,2.361423,1470,10.7369
1692,29,11,2.789568,2.789568,1484,10.7084
1693,11,45,2.881014,2.881014,1183,9.7106
1694,45,30,2.952225,2.952225,1419,10.6112
1695,30,46,2.632588,2.632588,1380,10.5872
1696,46,47,3.097381,3.097381,1454,10.7443
1697,47,22,3.503802,3.503802,1456,10.5817
1698,22,35,3.948054,3.948054,1483,10.5919
1699,35,53,3.605648,3.605648,1480,10.7697
1700,53,17,3.469168,3.469168,1444,10.6450
1701,17,2,4.411252,4.411252,1458,10.7369
1702,2,12,3.005976,3.005976,1463,10.6830
1703,12,35,3.033749,3.033749,1460,10.6271
1704,35,0,2.798098,2.798098,1452,10.7308
1705,0,21,3.952744,3.952744,1468,10.6672
1706,21,47,3.898583,3.898583,1132,8.9287
1707,47,51,3.828439,3.828439,1464,10.6829
1708,51,51,1.699787,1.699787,1468,10.6996
1709,51,29,3.917175,3.917175,1463,10.5701
1710,29,23,1.725679,1.725679,1463,10.7021
1711,23,29,1.605612,1.605612,1451,10.6177
1712,29,23,1.613564,1.613564,1442,10.6072
1713,23,18,4.901624,4.901624,1458,10.5966
1714,18,18,2.726033,2.726033,1298,10.1020
1715,18,12,4.189835,4.189835,1478,10.6525
1716,12,35,2.949669,2.949669,1451,10.7972
1717,35,8,3.051071,3.051071,1463,10.7311
1718,8,52,4.240062,4.240062,1458,10.7631
1719,52,21,4.012614,4.012614,1452,10.6936
1720,21,48,3.263808,3.263808,1471,10.7172
1721,48,25,3.660027,3.660027,1452,10.6693
1722,25,36,1.720576,1.720576,1433,10.5861
1723,36,29,2.375368,2.375368,1465,10.7351
1724,29,11,2.734987,2.734987,1446,10.6061
1725,11,45,2.815269,2.815269,1439,10.6758
1726,45,63,4.230294,4.230294,1454,10.6047
1727,63,6,4.149524,4.149524,1216,9.4574
1728,6,22,3.916970,3.916970,830,7.9312
1729,22,47,3.261853,3.261853,1480,10.6387
1730,47,56,3.137190,3.137190,1485,10.6392
1731,56,34,3.354189,3.354189,1427,10.6959
1732,34,7,3.854084,3.854084,1462,10.6377
1733,7,31,3.660128,3.660128,1481,10.5821
1734,31,12,3.512972,3.512972,1448,10.6957
1735,12,35,2.878559,2.878559,1467,11.0117
1736,35,0,2.728848,2.728848,1398,10.5523
1737,0,60,3.964911,3.964911,1448,10.6526
1738,60,38,3.811323,3.811323,1280,10.1309
1739,38,50,3.877945,3.877945,1437,10.7090
1740,50,54,4.184072,4.184072,1408,10.6334
1741,54,25,2.887442,2.887442,1484,10.6063
1742,25,2,3.744991,3.744991,1463,10.7243
1743,2,54,3.551920,3.551920,1446,10.5918
1744,54,25,2.790560,2.790560,1474,10.5701
1745,25,29,2.691919,2.691919,1476,10.5655
1746,29,23,1.717601,1.717601,1487,10.6177
1747,23,29,1.587719,1.587719,1462,10.8272
1748,29,48,3.444219,3.444219,1483,10.5795
1749,48,25,3.609695,3.609695,1476,10.6799
1750,25,36,1.784257,1.784257,1281,9.9310
1751,36,34,3.814723,3.814723,1454,10.5757
1752,34,35,4.481894,4.481894,1456,10.7215
1753,35,8,2.973039,2.973039,1427,10.6063
1754,8,56,4.040379,4.040379,1311,10.2431
1755,56,34,3.303090,3.303090,1444,10.6672
1756,34,35,4.358988,4.358988,1458,10.6311
1757,35,0,2.665633,2.665633,1447,10.6092
1758,0,60,3.867096,3.867096,1452,10.6171
1759,60,38,3.761666,3.761666,1418,10.5805
1760,38,2,3.871390,3.871390,1447,10.6451
1761,2,12,2.992602,2.992602,1461,10.7337
1762,12,35,2.897528,2.897528,1412,10.5155
1763,35,0,2.576999,2.576999,1462,10.6947
1764,0,25,3.052497,3.052497,1450,10.6373
1765,25,2,3.657634,3.657634,1461,10.6014
1766,2,12,2.926877,2.926877,1465,10.6031
1767,12,35,2.817582,2.817582,1453,10.5842
1768,35,0,2.492763,2.492763,1446,10.6419
1769,0,25,2.979099,2.979099,1447,10.6526
1770,25,36,1.794598,1.794598,1412,10.5185
1771,36,34,3.692605,3.692605,1480,10.5567
1772,34,7,3.822839,3.822839,1468,10.6868
1773,7,31,3.630518,3.630518,1457,10.6994
1774,31,54,3.667728,3.667728,1462,10.6294
1775,54,25,2.809761,2.809761,1476,10.5667
1776,25,2,3.530820,3.530820,1464,10.5838
1777,2,12,2.866242,2.866242,1425,10.5895
1778,12,20,4.193146,4.193146,1477,10.5368
1779,20,3,3.764021,3.764021,1198,10.0086
1780,3,39,3.558165,3.558165,767,8.1805
1781,39,44,3.571667,3.571667,505,6.5822
1782,44,36,4.666280,4.666280,894,7.9893
1783,36,21,3.759059,3.759059,1467,10.5151
1784,21,47,3.856487,3.856487,1436,10.5434
1785,47,51,3.685204,3.685204,1458,10.7763
1786,51,29,3.878298,3.878298,1462,10.7878
1787,29,23,1.616106,1.616106,1448,10.6271
1788,23,18,4.635837,4.635837,1456,10.5549
1789,18,12,4.153844,4.153844,1290,9.7818
1790,12,35,2.755891,2.755891,1433,10.5467
1791,35,8,2.999174,2.999174,1455,10.6593
1792,8,41,3.312335,3.312335,1455,10.6618
1793,41,6,3.547514,3.547514,1371,10.3550
1794,6,32,2.822478,2.822478,1382,10.4529
1795,32,61,3.983186,3.983186,1293,10.2150
1796,61,33,4.005283,4.005283,998,7.9750
1797,33,18,4.066774,4.066774,642,5.9700
1798,18,12,4.084644,4.084644,1455,10.7119
1799,12,20,4.077758,4.077758,1460,10.6650
1800,20,10,3.248574,3.248574,1459,10.7580
1801,10,11,4.410963,4.410963,1462,10.6883
1802,11,24,4.643879,4.643879,1044,8.2933
1803,24,4,3.850315,3.850315,1435,10.5644
1804,4,19,3.978491,3.978491,1234,9.8924
1805,19,38,4.070782,4.070782,1478,10.6497
1806,38,50,3.807506,3.807506,1257,10.0229
1807,50,53,3.941798,3.941798,1445,10.6315
1808,53,11,4.063986,4.063986,1472,10.7120
1809,11,45,2.672122,2.672122,1413,10.5575
1810,45,30,2.962371,2.962371,1401,10.5085
1811,30,46,2.590794,2.590794,1454,10.5816
1812,46,1,3.990287,3.990287,1455,10.6460
1813,1,32,3.508966,3.508966,1473,10.6239
1814,32,27,3.644525,3.644525,1389,10.3481
1815,27,20,3.852709,3.852709,1453,10.6785
1816,20,3,3.720057,3.720057,1443,10.6128
1817,3,39,3.496278,3.496278,1445,10.6231
1818,39,59,3.977354,3.977354,1443,10.5970
1819,59,26,4.106684,4.106684,1452,10.5577
1820,26,52,4.042323,4.042323,1351,10.2383
1821,52,21,3.985595,3.985595,1453,10.6354
1822,21,9,3.662605,3.662605,1113,9.6175
1823,9,15,2.986927,2.986927,1467,10.5982
1824,15,49,3.462885,3.462885,1455,10.5852
1825,49,48,4.469582,4.469582,1432,10.6048
1826,48,51,3.427920,3.427920,985,8.4732
1827,51,16,2.519880,2.519880,1461,10.6572
1828,16,53,4.186869,4.186869,1461,10.6548
1829,53,0,3.264083,3.264083,1356,10.3339
1830,0,21,3.991735,3.991735,1446,10.7251
1831,21,47,3.786812,3.786812,1466,10.7756
1832,47,56,3.099864,3.099864,1453,10.6513
1833,56,34,3.249387,3.249387,1442,10.6859
1834,34,40,2.980586,2.980586,1449,10.5808
1835,40,57,3.832513,3.832513,1471,10.6141
1836,57,52,3.804879,3.804879,1440,10.5873
1837,52,21,3.956085,3.956085,1459,10.6775
1838,21,48,3.226750,3.226750,1469,10.7236
1839,48,51,3.341442,3.341442,1442,10.6345
1840,51,16,2.426888,2.426888,1477,10.6201
1841,16,21,3.750374,3.750374,1471,10.7062
1842,21,47,3.681440,3.681440,1459,10.7000
1843,47,56,3.027755,3.027755,1441,10.5657
1844,56,1,3.476553,3.476553,1475,10.5657
1845,1,32,3.421070,3.421070,1470,10.7016
1846,32,9,3.595300,3.595300,1434,10.6644
1847,9,3,3.721532,3.721532,1462,10.6365
1848,3,39,3.430439,3.430439,1446,11.0190
1849,39,15,3.725681,3.725681,1461,10.5971
1850,15,49,3.375002,3.375002,1457,10.5887
1851,49,48,4.421592,4.421592,1479,10.5739
1852,48,51,3.246673,3.246673,1457,10.5921
1853,51,16,2.340925,2.340925,1452,10.6668
1854,16,23,4.411684,4.411684,1448,10.6126
1855,23,29,1.629648,1.629648,690,5.8069
1856,29,23,1.612400,1.612400,1464,10.6157
1857,23,29,1.526682,1.526682,1308,10.3636
1858,29,11,2.801296,2.801296,1349,10.4982
1859,11,42,2.997647,2.997647,848,6.7356
1860,42,45,2.313402,2.313402,1075,8.6254
1861,45,63,4.140878,4.140878,1439,10.5401
1862,63,47,4.548691,4.548691,1483,10.6976
1863,47,22,3.463830,3.463830,1449,10.6536
1864,22,20,4.361022,4.361022,1453,10.5882
1865,20,3,3.678523,3.678523,1456,10.7208
1866,3,41,3.827712,3.827712,1469,10.7733
1867,41,6,3.481026,3.481026,1480,10.6630
1868,6,32,2.807380,2.807380,1454,10.5755
1869,32,9,3.495460,3.495460,1454,10.7569
1870,9,3,3.651585,3.651585,1424,10.5830
1871,3,39,3.367455,3.367455,1458,10.6651
1872,39,15,3.637280,3.637280,1479,10.5850
1873,15,49,3.289468,3.289468,1441,10.6130
1874,49,48,4.349163,4.349163,1462,10.5848
1875,48,25,3.677774,3.677774,321,4.3184
1876,25,36,1.890265,1.890265,763,6.9352
1877,36,29,2.477056,2.477056,1354,10.9297
1878,29,11,2.673332,2.673332,1428,10.7331
1879,11,42,2.942741,2.942741,840,8.6351
1880,42,45,2.202561,2.202561,1001,8.8070
1881,45,30,2.915511,2.915511,1309,10.2183
1882,30,31,2.688047,2.688047,1368,10.5059
1883,31,12,3.522515,3.522515,1470,10.6179
1884,12,20,4.009207,4.009207,1461,10.6622
1885,20,10,3.205348,3.205348,1459,10.7309
1886,10,2,3.694177,3.694177,1437,10.6109
1887,2,54,3.448652,3.448652,1432,10.7014
1888,54,0,3.880863,3.880863,1437,10.6447
1889,0,60,3.835640,3.835640,1426,10.6294
1890,60,38,3.717866,3.717866,1448,10.6366
1891,38,2,3.832138,3.832138,1457,10.7064
1892,2,12,2.839472,2.839472,1436,10.5913
1893,12,43,4.422327,4.422327,1444,10.8087
1894,43,51,4.049471,4.049471,1476,10.7384
1895,51,16,2.246392,2.246392,1310,10.2909
1896,16,53,4.178429,4.178429,758,7.8381
1897,53,11,4.045324,4.045324,1463,10.6069
1898,11,45,2.568787,2.568787,1431,10.5867
1899,45,63,4.083028,4.083028,1463,10.5659
1900,63,6,4.171256,4.171256,1469,10.6539
1901,6,32,2.766830,2.766830,1470,10.6248
1902,32,9,3.390391,3.390391,562,5.1633
1903,9,15,2.926305,2.926305,673,6.0112
1904,15,49,3.206336,3.206336,1446,10.5862
1905,49,50,3.910274,3.910274,1452,10.6444
1906,50,54,4.136016,4.136016,1401,10.4774
1907,54,25,2.817770,2.817770,1471,10.7645
1908,25,29,2.748256,2.748256,1438,10.6572
1909,29,11,2.590658,2.590658,1329,10.1052
1910,11,45,2.507883,2.507883,1472,10.5792
1911,45,30,2.930186,2.930186,1414,10.4228
1912,30,46,2.598282,2.598282,1450,10.7381
1913,46,1,3.849129,3.849129,1463,10.8083
1914,1,32,3.391599,3.391599,1468,10.6394
1915,32,9,3.282796,3.282796,1448,10.7522
1916,9,15,2.842995,2.842995,1282,10.0632
1917,15,49,3.122877,3.122877,1477,10.7439
1918,49,50,3.841603,3.841603,1417,10.6163
1919,50,53,3.879050,3.879050,1480,10.6053
1920,53,17,3.404247,3.404247,1319,10.3070
1921,17,2,4.406975,4.406975,1459,10.7847
1922,2,45,3.582513,3.582513,1256,10.1152
1923,45,63,3.977085,3.977085,1478,10.7574
1924,63,18,3.723626,3.723626,1456,10.6745
1925,18,12,4.013151,4.013151,1344,10.3191
1926,12,35,2.745916,2.745916,1462,10.6134
1927,35,0,2.491037,2.491037,1419,10.6308
1928,0,21,3.959359,3.959359,1394,10.4704
1929,21,9,3.830294,3.830294,1441,10.6199
1930,9,44,4.083243,4.083243,1461,10.7524
1931,44,35,4.095623,4.095623,1205,9.7015
1932,35,8,2.928090,2.928090,1490,10.6714
1933,8,41,3.232415,3.232415,1458,10.6978
1934,41,6,3.429673,3.429673,1413,10.5761
1935,6,32,2.744311,2.744311,1474,10.6795
1936,32,27,3.579522,3.579522,1452,10.5628
1937,27,20,3.815903,3.815903,1432,10.5490
1938,20,3,3.648492,3.648492,1449,10.6348
1939,3,10,3.526700,3.526700,1458,10.6283
1940,10,2,3.641441,3.641441,1450,10.6340
1941,2,45,3.499164,3.499164,1412,10.6792
1942,45,30,2.818866,2.818866,1400,10.5911
1943,30,31,2.714320,2.714320,1024,9.3230
1944,31,12,3.462698,3.462698,1448,10.6310
1945,12,35,2.728252,2.728252,1474,10.6846
1946,35,0,2.439962,2.439962,1455,10.6375
1947,0,25,3.041203,3.041203,1467,10.6994
1948,25,36,1.927455,1.927455,1473,10.7475
1949,36,29,2.330375,2.330375,1436,10.6298
1950,29,11,2.497191,2.497191,1447,10.5899
1951,11,45,2.500448,2.500448,1354,10.2924
1952,45,63,3.871872,3.871872,1469,10.6000
1953,63,47,4.552606,4.552606,1467,10.6856
1954,47,22,3.368795,3.368795,1287,10.0599
1955,22,35,4.147744,4.147744,1436,10.5488
1956,35,8,2.850418,2.850418,1442,10.5036
1957,8,52,4.293292,4.293292,1477,10.6980
1958,52,22,4.128905,4.128905,1160,9.5174
1959,22,20,4.329610,4.329610,1441,10.7151
1960,20,10,3.156912,3.156912,1481,10.7383
1961,10,11,4.558256,4.558256,1463,10.6229
1962,11,24,4.691983,4.691983,1486,10.6524
1963,24,0,4.128598,4.128598,1468,10.7791
1964,0,21,3.847929,3.847929,1474,10.6382
1965,21,9,3.775672,3.775672,1457,10.6860
1966,9,44,3.977921,3.977921,1322,10.1789
1967,44,36,4.608357,4.608357,1374,10.4702
1968,36,29,2.240507,2.240507,1432,10.7201
1969,29,23,2.009092,2.009092,1466,10.7530
1970,23,29,1.629029,1.629029,1455,10.8817
1971,29,48,3.474278,3.474278,1460,10.5990
1972,48,51,3.234510,3.234510,1467,10.6830
1973,51,51,1.559980,1.559980,1452,10.5688
1974,51,16,2.160530,2.160530,1449,10.6211
1975,16,23,4.316685,4.316685,1465,10.7157
1976,23,29,1.588673,1.588673,1492,10.6537
1977,29,23,1.921146,1.921146,1453,10.6876
1978,23,0,5.096193,5.096193,1432,10.6975
1979,0,60,3.786947,3.786947,845,6.7790
1980,60,36,3.514672,3.514672,1455,10.7472
1981,36,34,3.491447,3.491447,1424,10.6147
1982,34,35,4.407009,4.407009,1440,10.5658
1983,35,53,4.054806,4.054806,1406,10.5467
1984,53,17,3.342076,3.342076,1467,10.8584
1985,17,7,3.878873,3.878873,1379,10.3993
1986,7,31,3.588988,3.588988,1480,10.7360
1987,31,12,3.361073,3.361073,1465,10.7134
1988,12,43,4.313875,4.313875,1469,10.6895
1989,43,51,4.047418,4.047418,1411,10.5544
1990,51,29,3.695466,3.695466,1435,10.5964
1991,29,23,1.772437,1.772437,1480,10.6139
1992,23,29,1.516534,1.516534,1462,10.6462
1993,29,23,1.653247,1.653247,1466,10.8251
1994,23,29,1.428224,1.428224,1464,10.6457
1995,29,11,2.694748,2.694748,1451,10.6400
1996,11,42,3.103500,3.103500,1439,10.5942
1997,42,54,3.966674,3.966674,1476,10.6413
1998,54,25,2.796565,2.796565,1476,10.6493
1999,25,2,3.521024,3.521024,1464,10.7783
2000,2,12,2.878185,2.878185,1484,10.6758
2001,12,35,2.782748,2.782748,1498,10.5941
2002,35,0,2.497241,2.497241,1475,10.9180
2003,0,21,3.728085,3.728085,1457,10.5835
2004,21,9,3.723307,3.723307,1470,10.7527
2005,9,3,3.692141,3.692141,1354,10.3814
2006,3,39,3.309266,3.309266,561,6.4331
2007,39,44,3.445691,3.445691,1032,9.2209
2008,44,35,4.151115,4.151115,1282,10.2281
2009,35,0,2.409950,2.409950,1460,10.5628
2010,0,21,3.616497,3.616497,1452,10.6668
2011,21,48,3.351573,3.351573,1456,10.6489
2012,48,51,3.154914,3.154914,1476,10.6673
2013,51,51,1.434179,1.434179,1453,10.7661
2014,51,16,2.113151,2.113151,1463,10.7100
2015,16,21,3.948324,3.948324,1455,10.6434
2016,21,9,3.666459,3.666459,1467,10.5916
2017,9,44,3.882378,3.882378,1449,10.6673
2018,44,35,4.117553,4.117553,1378,10.4557
2019,35,8,2.827936,2.827936,1458,10.6800
2020,8,41,3.175345,3.175345,1470,10.7549
2021,41,6,3.361493,3.361493,1349,10.4848
2022,6,32,2.696821,2.696821,1458,10.6480
2023,32,9,3.413808,3.413808,1476,10.6061
2024,9,3,3.626496,3.626496,1472,10.6295
2025,3,39,3.245645,3.245645,1467,10.7332
2026,39,44,3.352177,3.352177,1451,10.7436
2027,44,36,4.597195,4.597195,1475,10.6333
2028,36,29,2.384134,2.384134,1322,10.2382
2029,29,48,3.331675,3.331675,1460,10.6306
2030,48,51,3.056013,3.056013,1462,10.6066
2031,51,29,3.500295,3.500295,1469,10.7513
2032,29,11,2.533885,2.533885,1406,10.5275
2033,11,42,3.009959,3.009959,1440,10.6243
2034,42,0,4.158072,4.158072,1423,10.5910
2035,0,21,3.522497,3.522497,1473,10.6590
2036,21,9,3.672246,3.672246,1467,10.6282
2037,9,44,3.782402,3.782402,791,6.4334
2038,44,35,4.097840,4.097840,1299,10.2649
2039,35,8,2.725410,2.725410,1442,10.6445
2040,8,41,3.085956,3.085956,1452,10.7535
2041,41,36,4.908113,4.908113,1450,10.7814
2042,36,34,3.272300,3.272300,1348,10.4957
2043,34,7,3.767755,3.767755,1470,10.6781
2044,7,31,3.551769,3.551769,1445,10.6391
2045,31,54,3.639713,3.639713,1449,10.6986
2046,54,25,2.779541,2.779541,1455,10.7058
2047,25,2,3.363926,3.363926,1450,10.7730
2048,2,12,2.817314,2.817314,1473,10.6346
2049,12,20,4.038698,4.038698,1483,10.7908
2050,20,10,3.090095,3.090095,1473,10.6937
2051,10,2,3.620146,3.620146,1468,10.8638
2052,2,54,3.378957,3.378957,1480,10.7225
2053,54,25,2.681002,2.681002,1485,10.5788
2054,25,29,2.828921,2.828921,1375,10.5419
2055,29,23,1.798148,1.798148,1464,10.7042
2056,23,29,1.505966,1.505966,1476,10.6370
2057,29,11,2.450416,2.450416,1433,10.5370
2058,11,45,2.631865,2.631865,1483,10.6958
2059,45,63,3.700138,3.700138,1462,10.6335
2060,63,47,4.490294,4.490294,1453,10.6407
2061,47,22,3.288082,3.288082,1411,10.6408
2062,22,47,3.071034,3.071034,771,7.5439
2063,47,56,2.995971,2.995971,1457,10.6223
2064,56,34,3.245845,3.245845,1359,10.4156
2065,34,40,2.937111,2.937111,1463,10.6466
2066,40,21,4.505118,4.505118,1475,10.5809
2067,21,47,3.826972,3.826972,1447,10.6638
2068,47,22,3.146388,3.146388,1472,10.6483
2069,22,35,4.157158,4.157158,1478,10.7431
2070,35,8,2.617422,2.617422,1492,10.7947
2071,8,41,2.993438,2.993438,1439,10.6190
2072,41,36,4.829205,4.829205,1430,10.7979
2073,36,29,2.437629,2.437629,1469,10.7121
2074,29,23,1.783967,1.783967,1353,10.3472
2075,23,18,4.468193,4.468193,1309,10.1970
2076,18,12,4.001529,4.001529,1463,10.7517
2077,12,35,2.937112,2.937112,1477,10.6642
2078,35,53,4.038513,4.038513,1449,10.6114
2079,53,17,3.282575,3.282575,1455,10.6269
2080,17,1,4.156868,4.156868,1455,10.6596
2081,1,19,3.961489,3.961489,944,7.8928
2082,19,24,3.840569,3.840569,1170,9.5064
2083,24,0,4.097224,4.097224,1456,10.6581
2084,0,21,3.438066,3.438066,1477,10.5931
2085,21,48,3.283504,3.283504,1437,10.6525
2086,48,25,3.777535,3.777535,1442,10.6507
2087,25,36,2.369630,2.369630,1424,10.6264
2088,36,34,3.228753,3.228753,1334,10.1041
2089,34,35,4.398831,4.398831,1463,10.6283
2090,35,0,2.587357,2.587357,1462,10.6826
2091,0,25,3.122939,3.122939,1452,10.5875
2092,25,36,2.280536,2.280536,1469,10.5356
2093,36,29,2.397767,2.397767,1405,10.5067
2094,29,23,1.732757,1.732757,1476,10.6934
2095,23,29,1.541331,1.541331,1454,10.5600
2096,29,11,2.475764,2.475764,1474,10.5808
2097,11,42,3.023104,3.023104,1387,10.4137
2098,42,54,3.976348,3.976348,1390,10.4137
2099,54,25,2.670042,2.670042,1465,10.7105
2100,25,29,2.682351,2.682351,1468,11.0112
2101,29,11,2.336214,2.336214,1463,10.5476
2102,11,42,2.943348,2.943348,1457,10.5370
2103,42,0,4.152251,4.152251,1440,10.4415
2104,0,60,3.805656,3.805656,1449,10.5592
2105,60,36,3.494921,3.494921,1472,10.8705
2106,36,29,2.297095,2.297095,1458,10.5538
2107,29,48,3.260654,3.260654,1454,10.6229
2108,48,51,3.018857,3.018857,1461,10.7291
2109,51,29,3.533113,3.533113,1457,10.7906
2110,29,11,2.234448,2.234448,1484,10.6565
2111,11,42,2.845308,2.845308,1480,10.6155
2112,42,54,3.971691,3.971691,1463,10.5798
2113,54,0,3.872523,3.872523,1459,10.8071
2114,0,25,2.940629,2.940629,1452,10.5879
2115,25,36,2.278779,2.278779,1511,10.6321
2116,36,29,2.303305,2.303305,1451,10.6766
2117,29,11,2.140821,2.140821,1460,10.6052
2118,11,42,2.763763,2.763763,1492,10.6120
2119,42,45,2.118193,2.118193,1401,10.4587
2120,45,62,4.774392,4.774392,1412,10.4884
2121,62,60,4.213258,4.213258,249,3.1284
2122,60,38,3.681821,3.681821,1461,10.7121
2123,38,2,3.816220,3.816220,1476,10.7949
2124,2,54,3.331544,3.331544,1494,10.6190
2125,54,25,2.583974,2.583974,1480,10.7127
2126,25,36,2.211098,2.211098,1435,10.6709
2127,36,29,2.240590,2.240590,1458,10.7137
2128,29,23,2.129429,2.129429,1460,10.6131
2129,23,29,1.704585,1.704585,1468,10.5826
2130,29,48,3.133565,3.133565,1484,10.6117
2131,48,6,5.269529,5.269529,1456,10.5781
2132,6,56,3.604219,3.604219,179,3.2997
2133,56,1,3.397354,3.397354,580,5.3126
2134,1,47,3.330208,3.330208,561,6.7448
2135,47,56,2.936692,2.936692,1478,10.7486
2136,56,1,3.279585,3.279585,857,7.4426
2137,1,32,3.285465,3.285465,1132,9.3412
2138,32,9,3.351024,3.351024,526,5.7121
2139,9,15,2.905340,2.905340,1414,10.6960
2140,15,49,3.037161,3.037161,1393,10.6561
2141,49,43,4.030418,4.030418,1444,10.5830
2142,43,11,4.497712,4.497712,927,8.7774
2143,11,45,2.752302,2.752302,1442,10.6725
2144,45,30,2.958641,2.958641,1457,10.7578
2145,30,46,2.628003,2.628003,1475,10.6769
2146,46,46,1.175928,1.175928,1479,10.7905
2147,46,47,3.246326,3.246326,1459,10.8671
2148,47,51,3.716715,3.716715,1471,10.7342
2149,51,29,3.519109,3.519109,1461,10.7339
2150,29,48,2.854787,2.854787,1460,10.7097
2151,48,6,5.232674,5.232674,1434,10.5997
2152,6,56,3.575602,3.575602,1172,9.5881
2153,56,34,3.228856,3.228856,1415,10.3813
2154,34,40,2.863084,2.863084,1473,10.7049
2155,40,57,3.754262,3.754262,1483,10.7328
2156,57,32,4.093844,4.093844,1461,10.5993
2157,32,9,3.221100,3.221100,1394,10.5051
2158,9,15,2.811229,2.811229,1467,10.6045
2159,15,19,4.020681,4.020681,1442,10.6043
2160,19,24,3.794899,3.794899,1443,10.5891
2161,24,4,3.754718,3.754718,1382,10.5123
2162,4,23,4.332530,4.332530,1272,10.0997
2163,23,29,1.702892,1.702892,1106,8.8299
2164,29,48,2.686166,2.686166,1431,10.5218
2165,48,25,3.808283,3.808283,1449,10.7885
2166,25,29,2.605575,2.605575,1037,8.7741
2167,29,11,2.314483,2.314483,1484,10.6170
2168,11,42,2.698873,2.698873,1466,10.5742
2169,42,0,4.117573,4.117573,1424,10.4501
2170,0,25,2.850908,2.850908,1224,9.9674
2171,25,29,2.550297,2.550297,1077,8.7448
2172,29,23,2.264815,2.264815,1358,10.2900
2173,23,18,4.161560,4.161560,1345,10.3971
2174,18,38,3.964837,3.964837,1281,9.9484
2175,38,50,3.732257,3.732257,1399,10.3838
2176,50,53,3.839510,3.839510,1473,10.5896
2177,53,17,3.195660,3.195660,1455,10.7228
2178,17,7,3.831953,3.831953,1452,10.6309
2179,7,31,3.495554,3.495554,1456,10.7446
2180,31,12,3.386349,3.386349,1456,10.6181
2181,12,35,2.903870,2.903870,1462,10.7073
2182,35,0,2.664114,2.664114,1465,10.6515
2183,0,21,3.484901,3.484901,1472,10.7285
2184,21,9,3.764245,3.764245,1454,10.6508
2185,9,15,2.727442,2.727442,429,4.2577
2186,15,49,2.978041,2.978041,521,5.8090
2187,49,43,3.951808,3.951808,1265,10.0363
2188,43,11,4.501407,4.501407,1459,10.6426
2189,11,24,4.884906,4.884906,1429,10.6175
2190,24,4,3.709644,3.709644,1486,10.7262
2191,4,6,4.042546,4.042546,1224,9.8414
2192,6,32,2.780244,2.780244,1390,10.4586
2193,32,27,3.462908,3.462908,1447,10.7194
2194,27,53,4.323926,4.323926,1376,10.4130
2195,53,17,3.123293,3.123293,1467,10.6755
2196,17,7,3.759471,3.759471,1456,10.6075
2197,7,31,3.438163,3.438163,1469,10.6950
2198,31,54,3.616559,3.616559,1479,10.6460
2199,54,25,2.592630,2.592630,1470,10.6516
2200,25,36,2.234018,2.234018,1202,9.7176
2201,36,34,3.417231,3.417231,1416,10.4497
2202,34,40,2.786321,2.786321,1428,10.5897
2203,40,25,4.713221,4.713221,1417,10.6841
2204,25,36,2.118600,2.118600,1442,10.6610
2205,36,29,2.245935,2.245935,1353,10.3112
2206,29,48,2.639609,2.639609,1460,10.8374
2207,48,25,3.731972,3.731972,1473,10.6287
2208,25,2,3.566126,3.566126,1460,10.6719
2209,2,12,2.856819,2.856819,1465,10.6625
2210,12,35,2.810555,2.810555,1458,10.6615
2211,35,0,2.589579,2.589579,1445,10.6016
2212,0,25,2.929083,2.929083,1447,10.6978
2213,25,29,2.433390,2.433390,1473,10.7294
2214,29,23,2.262093,2.262093,1459,10.8302
2215,23,29,1.756439,1.756439,1414,10.5380
2216,29,23,2.088223,2.088223,1438,10.5479
2217,23,29,1.633597,1.633597,1461,10.6592
2218,29,23,1.930392,1.930392,1460,10.5606
2219,23,29,1.527499,1.527499,1449,10.6888
2220,29,23,1.788896,1.788896,1452,10.6077
2221,23,29,1.437071,1.437071,1450,10.6154
2222,29,48,2.774508,2.774508,1467,10.6117
2223,48,25,3.680986,3.680986,1468,10.7434
2224,25,36,2.147853,2.147853,1466,10.6350
2225,36,34,3.388796,3.388796,1447,10.6569
2226,34,40,2.713455,2.713455,1459,10.7129
2227,40,57,3.701077,3.701077,1411,10.6621
2228,57,52,3.742883,3.742883,1323,10.3859
2229,52,22,4.067116,4.067116,1405,10.5533
2230,22,47,2.920293,2.920293,1456,10.9110
2231,47,56,2.882001,2.882001,1463,10.6113
2232,56,34,3.241424,3.241424,1476,10.8022
2233,34,35,4.352758,4.352758,1451,10.5924
2234,35,53,4.090929,4.090929,1380,10.4432
2235,53,17,3.067025,3.067025,1465,10.8274
2236,17,7,3.680259,3.680259,1456,10.6420
2237,7,31,3.381662,3.381662,1458,10.7312
2238,31,12,3.352586,3.352586,1467,10.6498
2239,12,35,2.769447,2.769447,1461,10.7553
2240,35,0,2.533388,2.533388,1483,10.8126
2241,0,25,2.887526,2.887526,1455,10.6823
2242,25,36,2.071386,2.071386,1458,10.6664
2243,36,29,2.249975,2.249975,1437,10.6358
2244,29,23,1.767732,1.767732,1436,10.5677
2245,23,29,1.427742,1.427742,1466,10.5889
2246,29,11,2.775203,2.775203,1439,10.4921
2247,11,42,2.688989,2.688989,1489,10.5728
2248,42,45,2.026495,2.026495,1448,10.6539
2249,45,30,2.851160,2.851160,1460,10.5992
2250,30,31,2.928690,2.928690,1447,10.5910
2251,31,12,3.233924,3.233924,1446,10.5920
2252,12,35,2.692122,2.692122,1461,10.6251
2253,35,0,2.456824,2.456824,1442,10.6096
2254,0,25,2.822362,2.822362,1465,10.5772
2255,25,36,2.021609,2.021609,1439,10.5286
2256,36,34,3.429234,3.429234,1442,10.5154
2257,34,7,3.942813,3.942813,1463,10.8736
2258,7,31,3.363969,3.363969,1382,10.4903
2259,31,30,2.645200,2.645200,1470,10.6721
2260,30,46,2.540502,2.540502,1459,10.5701
2261,46,47,3.112263,3.112263,1445,10.6445
2262,47,56,2.805786,2.805786,1447,10.6039
2263,56,34,3.203539,3.203539,1422,10.6758
2264,34,35,4.287538,4.287538,1461,10.7089
2265,35,0,2.376397,2.376397,1460,10.6473
2266,0,25,2.741347,2.741347,1448,10.5936
2267,25,36,1.959325,1.959325,1449,10.5658
2268,36,21,3.686822,3.686822,1472,10.6025
2269,21,9,3.689062,3.689062,1433,10.6726
2270,9,44,3.720277,3.720277,1446,10.6563
2271,44,35,4.248962,4.248962,1078,9.3968
2272,35,8,2.854844,2.854844,1504,10.7036
2273,8,41,2.901160,2.901160,1470,10.7192
2274,41,6,3.402938,3.402938,1437,10.6196
2275,6,32,2.737090,2.737090,1459,10.6104
2276,32,27,3.324878,3.324878,1401,10.6279
2277,27,53,4.292508,4.292508,1431,10.5271
2278,53,11,4.376793,4.376793,1468,10.6720
2279,11,42,2.581016,2.581016,1425,10.7004
2280,42,45,1.949651,1.949651,1479,10.7238
2281,45,63,3.672950,3.672950,1450,10.5223
2282,63,18,3.685083,3.685083,1472,10.5895
2283,18,38,3.864109,3.864109,1454,10.7037
2284,38,2,3.778506,3.778506,1448,10.7132
2285,2,12,2.882806,2.882806,1434,10.7386
2286,12,20,4.004586,4.004586,1475,10.6081
2287,20,10,3.009497,3.009497,1439,10.6583
2288,10,2,3.558665,3.558665,1483,10.6438
2289,2,54,3.326455,3.326455,1449,10.6827
2290,54,25,2.732577,2.732577,1444,10.5958
2291,25,2,3.653784,3.653784,1477,10.6207
2292,2,12,2.802979,2.802979,1473,10.6356
2293,12,20,3.878626,3.878626,1449,10.6058
2294,20,10,2.948501,2.948501,1434,10.6092
2295,10,2,3.498552,3.498552,1450,10.5582
2296,2,45,3.648329,3.648329,1448,10.6051
2297,45,63,3.495609,3.495609,1446,10.6009
2298,63,6,4.416814,4.416814,1466,10.6051
2299,6,22,4.036923,4.036923,354,6.9882
2300,22,47,2.881929,2.881929,1446,10.7634
2301,47,22,3.034631,3.034631,1241,9.7033
2302,22,20,4.431560,4.431560,996,8.1696
2303,20,10,2.909082,2.909082,1462,10.7097
2304,10,2,3.390685,3.390685,1470,10.5647
2305,2,12,2.704175,2.704175,1452,10.6401
2306,12,20,3.785069,3.785069,1481,10.6136
2307,20,10,2.848102,2.848102,1473,10.6374
2308,10,2,3.284299,3.284299,1458,10.5788
2309,2,54,3.261287,3.261287,1445,10.5673
2310,54,25,2.655575,2.655575,1459,10.5621
2311,25,2,3.624377,3.624377,1456,10.5910
2312,2,12,2.628130,2.628130,1438,10.5560
2313,12,43,4.484922,4.484922,1466,10.5887
2314,43,46,4.046636,4.046636,1462,10.7047
2315,46,46,1.157402,1.157402,1455,10.6540
2316,46,46,1.001209,1.001209,1452,10.6023
2317,46,1,3.916294,3.916294,1449,10.5621
2318,1,32,3.310631,3.310631,1147,9.7060
2319,32,9,3.286405,3.286405,974,8.5182
2320,9,15,2.662879,2.662879,1421,10.8986
2321,15,49,2.885088,2.885088,1430,10.6733
2322,49,48,4.621072,4.621072,1446,10.7979
2323,48,25,3.740143,3.740143,1391,10.6169
2324,25,29,2.533161,2.533161,1439,10.6472
2325,29,11,2.634478,2.634478,1480,10.6218
2326,11,45,2.747289,2.747289,1451,10.5457
2327,45,30,2.930379,2.930379,1469,10.5780
2328,30,31,2.888561,2.888561,1387,10.3545
2329,31,12,3.297953,3.297953,1482,10.6012
2330,12,35,2.850333,2.850333,1438,10.6725
2331,35,53,4.169628,4.169628,1463,10.6320
2332,53,11,4.333886,4.333886,1460,10.6680
2333,11,42,2.585371,2.585371,1488,10.7089
2334,42,45,1.871978,1.871978,1468,10.7142
2335,45,62,4.834884,4.834884,1478,10.6435
2336,62,20,4.280032,4.280032,1477,10.6046
2337,20,10,2.808762,2.808762,1449,10.6375
2338,10,2,3.224573,3.224573,1461,10.6022
2339,2,54,3.156341,3.156341,1447,10.6304
2340,54,0,3.961305,3.961305,1447,10.5661
2341,0,21,3.500978,3.500978,1467,10.6835
2342,21,48,3.211861,3.211861,1459,10.8513
2343,48,25,3.569215,3.569215,672,6.2197
2344,25,36,2.021116,2.021116,1458,10.5751
2345,36,29,2.294094,2.294094,1439,10.5511
2346,29,48,2.719634,2.719634,1410,10.4262
2347,48,51,3.215018,3.215018,1419,10.5073
2348,51,29,3.620093,3.620093,1478,10.8278
2349,29,48,2.482869,2.482869,1455,10.6432
2350,48,51,3.154554,3.154554,1469,10.6291
2351,51,29,3.400222,3.400222,1465,10.7062
2352,29,11,2.590277,2.590277,1450,10.6770
2353,11,45,2.615949,2.615949,1461,10.7255
2354,45,30,2.916255,2.916255,1481,10.6353
2355,30,31,2.834985,2.834985,1443,10.5738
2356,31,12,3.184796,3.184796,1451,10.6538
2357,12,43,4.358873,4.358873,1449,10.6677
2358,43,51,4.143810,4.143810,1461,10.8337
2359,51,16,2.232226,2.232226,1459,10.7223
2360,16,23,4.297152,4.297152,1461,10.7551
2361,23,29,1.683350,1.683350,1472,10.8882
2362,29,23,2.040827,2.040827,1452,10.7817
2363,23,29,1.567062,1.567062,1464,10.7550
2364,29,11,2.503579,2.503579,1456,10.9166
2365,11,42,2.649322,2.649322,1456,10.5911
2366,42,54,4.283708,4.283708,1459,10.5559
2367,54,25,2.676459,2.676459,1447,10.5965
2368,25,2,3.586769,3.586769,1436,10.5935
2369,2,12,2.653576,2.653576,1444,10.6019
2370,12,35,2.789573,2.789573,1441,10.6295
2371,35,8,2.828941,2.828941,1473,10.6946
2372,8,56,4.118449,4.118449,1466,10.7846
2373,56,1,3.216661,3.216661,1467,10.6773
2374,1,47,3.014570,3.014570,1439,10.7634
2375,47,56,2.699881,2.699881,1456,10.6642
2376,56,34,3.132440,3.132440,1320,10.1398
2377,34,7,3.785346,3.785346,1458,10.7159
2378,7,31,3.374225,3.374225,1472,10.6292
2379,31,12,3.124734,3.124734,1490,10.7145
2380,12,35,2.692304,2.692304,1450,10.6135
2381,35,8,2.756396,2.756396,1465,10.6718
2382,8,52,4.406495,4.406495,1440,10.7594
2383,52,21,4.017565,4.017565,1302,10.3253
2384,21,48,3.092062,3.092062,1461,10.6468
2385,48,25,3.486271,3.486271,1436,10.7294
2386,25,29,2.462604,2.462604,1452,10.5851
2387,29,11,2.369430,2.369430,1441,10.5722
2388,11,24,4.910605,4.910605,1448,10.5630
2389,24,0,4.124488,4.124488,1451,10.6348
2390,0,25,2.772759,2.772759,1469,10.6015
2391,25,2,3.506901,3.506901,1476,10.5665
2392,2,12,2.632565,2.632565,1466,10.6005
2393,12,20,3.804790,3.804790,1444,10.5847
2394,20,10,2.756205,2.756205,1470,10.7429
2395,10,21,4.920485,4.920485,1444,10.5968
2396,21,9,3.678495,3.678495,1450,10.5987
2397,9,44,3.616666,3.616666,1336,10.4478
2398,44,35,4.303310,4.303310,1423,10.5365
2399,35,0,2.601643,2.601643,1452,10.6852
2400,0,21,3.447977,3.447977,1484,10.6606
2401,21,48,3.100937,3.100937,1465,10.6397
2402,48,51,3.099244,3.099244,1416,10.6009
2403,51,29,3.244163,3.244163,1459,10.7159
2404,29,23,2.053550,2.053550,1465,10.6856
2405,23,29,1.594775,1.594775,1433,10.5929
2406,29,23,1.901747,1.901747,1458,10.7002
2407,23,29,1.490287,1.490287,1491,10.6081
2408,29,11,2.341835,2.341835,1212,9.6288
2409,11,45,2.765238,2.765238,1458,10.5972
2410,45,30,2.825689,2.825689,1479,11.0218
2411,30,31,2.838311,2.838311,1439,10.6088
2412,31,12,3.053229,3.053229,1455,10.6381
2413,12,35,2.719717,2.719717,1469,10.6420
2414,35,8,2.707847,2.707847,1460,10.6256
2415,8,52,4.308121,4.308121,1444,10.5536
2416,52,22,3.981311,3.981311,1170,9.8931
2417,22,35,4.388639,4.388639,1356,10.4367
2418,35,53,4.193107,4.193107,1474,10.6344
2419,53,17,3.052238,3.052238,1480,10.7264
2420,17,2,4.578472,4.578472,1458,10.6582
2421,2,54,3.053998,3.053998,1417,10.5206
2422,54,0,3.911016,3.911016,1455,10.6476
2423,0,21,3.324103,3.324103,1455,10.6701
2424,21,9,3.706041,3.706041,1476,10.7658
2425,9,3,3.715336,3.715336,1417,10.6677
2426,3,41,3.872889,3.872889,691,6.9509
2427,41,6,3.314597,3.314597,1450,10.6052
2428,6,56,3.620586,3.620586,1316,10.0325
2429,56,1,3.112963,3.112963,722,5.8117
2430,1,32,3.192460,3.192460,1467,10.7207
2431,32,9,3.308588,3.308588,1451,10.6002
2432,9,15,2.648865,2.648865,1410,10.5142
2433,15,49,2.797235,2.797235,1407,10.4877
2434,49,43,3.953026,3.953026,1030,8.9244
2435,43,51,4.103365,4.103365,1458,10.7909
2436,51,29,3.090197,3.090197,1431,10.6984
2437,29,48,2.514798,2.514798,1441,10.6215
2438,48,51,3.089987,3.089987,1457,10.5871
2439,51,16,2.257572,2.257572,1469,10.7811
2440,16,53,4.340537,4.340537,1458,10.6678
2441,53,17,2.979152,2.979152,1469,10.7605
2442,17,7,3.659451,3.659451,1454,10.6477
2443,7,16,4.245455,4.245455,1465,10.7306
2444,16,23,4.146260,4.146260,1445,10.6397
2445,23,29,1.511542,1.511542,1324,10.3507
2446,29,23,1.885870,1.885870,1470,10.6590
2447,23,29,1.415849,1.415849,1431,10.5596
2448,29,11,2.314147,2.314147,1448,10.5211
2449,11,45,2.701010,2.701010,1525,10.6998
2450,45,62,4.763507,4.763507,1453,10.6997
2451,62,60,4.176163,4.176163,1402,10.5467
2452,60,38,3.618691,3.618691,1349,10.2209
2453,38,2,3.806651,3.806651,1456,10.6377
2454,2,12,2.651853,2.651853,1455,10.6542
2455,12,35,2.674176,2.674176,1459,10.5886
2456,35,53,4.153016,4.153016,1459,10.6025
2457,53,11,4.401251,4.401251,1462,10.6646
2458,11,45,2.556056,2.556056,1045,8.2885
2459,45,30,2.836860,2.836860,1423,10.5460
2460,30,46,2.707708,2.707708,1433,10.5303
2461,46,46,0.951263,0.951263,1453,10.6044
2462,46,47,3.118942,3.118942,1463,10.5885
2463,47,22,2.994217,2.994217,1450,10.5959
2464,22,35,4.345172,4.345172,1458,10.7006
2465,35,8,2.639153,2.639153,1308,10.1122
2466,8,41,2.954763,2.954763,1463,10.7959
2467,41,6,3.240229,3.240229,1329,10.2119
2468,6,56,3.545729,3.545729,1475,10.7057
2469,56,34,3.057266,3.057266,1471,10.6929
2470,34,35,4.302143,4.302143,1458,10.6456
2471,35,53,3.997638,3.997638,1439,10.6806
2472,53,11,4.326776,4.326776,1446,10.6533
2473,11,42,2.808254,2.808254,1474,10.6635
2474,42,0,4.335624,4.335624,1451,10.6169
2475,0,60,4.013456,4.013456,1447,10.6086
2476,60,38,3.568510,3.568510,1463,10.7282
2477,38,54,3.901249,3.901249,1455,10.6099
2478,54,0,3.782844,3.782844,1441,10.6360
2479,0,60,3.876265,3.876265,1454,10.5682
2480,60,38,3.518368,3.518368,1439,10.5911
2481,38,2,3.720076,3.720076,1462,10.6587
2482,2,54,2.938279,2.938279,1464,10.7187
2483,54,25,2.688461,2.688461,1498,10.6924
2484,25,29,2.651489,2.651489,1438,10.6202
2485,29,48,2.461042,2.461042,1445,10.6572
2486,48,25,3.479153,3.479153,1457,10.6930
2487,25,29,2.466804,2.466804,1453,10.5943
2488,29,23,1.965590,1.965590,1453,10.6677
2489,23,29,1.458968,1.458968,1466,10.6037
2490,29,23,1.819645,1.819645,1451,10.5718
2491,23,29,1.372187,1.372187,1444,10.6179
2492,29,11,2.512478,2.512478,1464,10.5857
2493,11,42,2.755686,2.755686,1470,10.6348
2494,42,0,4.192828,4.192828,1439,10.5800
2495,0,21,3.275404,3.275404,1463,10.5930
2496,21,47,4.151982,4.151982,1430,10.6623
2497,47,56,2.764302,2.764302,1482,10.7758
2498,56,34,2.966720,2.966720,1378,10.4630
2499,34,40,2.722075,2.722075,1452,10.6641
2500,40,21,4.707018,4.707018,1424,10.7123
2501,21,47,4.014638,4.014638,1429,10.5637
2502,47,56,2.687132,2.687132,1452,10.5947
2503,56,34,2.884572,2.884572,1452,10.6291
2504,34,35,4.184378,4.184378,1466,10.6127
2505,35,0,2.859946,2.859946,1470,10.7150
2506,0,25,2.678300,2.678300,1444,10.5524
2507,25,36,2.297737,2.297737,1453,10.6204
2508,36,21,3.407489,3.407489,1465,10.6874
2509,21,47,3.954879,3.954879,1458,10.6108
2510,47,56,2.617666,2.617666,1445,10.5250
2511,56,34,2.795543,2.795543,1458,10.5861
2512,34,7,3.759796,3.759796,1462,10.6128
2513,7,31,3.370337,3.370337,1462,10.6256
2514,31,30,2.615922,2.615922,1443,10.7273
2515,30,46,2.512630,2.512630,1439,10.6351
2516,46,47,3.157424,3.157424,1456,10.5815
2517,47,56,2.549174,2.549174,1470,10.6356
2518,56,34,2.713933,2.713933,1452,10.6190
2519,34,40,2.714251,2.714251,1452,10.6155
2520,40,21,4.575329,4.575329,1481,10.5892
2521,21,9,3.738477,3.738477,1464,10.6496
2522,9,44,3.539681,3.539681,1445,10.6006
2523,44,36,4.639571,4.639571,1444,10.5779
2524,36,29,2.566998,2.566998,1444,10.7714
2525,29,23,1.781659,1.781659,1444,10.5944
2526,23,29,1.376948,1.376948,1454,10.7348
2527,29,48,2.590274,2.590274,1477,10.5899
2528,48,6,5.713716,5.713716,1388,10.3545
2529,6,32,2.838968,2.838968,1099,9.3212
2530,32,9,3.265629,3.265629,1456,10.5641
2531,9,44,3.413446,3.413446,1444,10.5698
2532,44,35,4.392921,4.392921,1453,10.5891
2533,35,0,2.769280,2.769280,1453,10.5621
2534,0,25,2.627481,2.627481,1471,10.7147
2535,25,36,2.299061,2.299061,1322,10.4151
2536,36,21,3.262712,3.262712,1453,10.5528
2537,21,9,3.734860,3.734860,1460,10.6975
2538,9,3,3.692465,3.692465,1462,10.6039
2539,3,39,3.198615,3.198615,600,6.5417
2540,39,15,3.437695,3.437695,1310,10.4968
2541,15,49,2.689772,2.689772,1386,10.5584
2542,49,48,4.726837,4.726837,1418,10.4219
2543,48,51,3.038121,3.038121,1464,10.5873
2544,51,29,2.966705,2.966705,1453,10.5778
2545,29,11,2.421065,2.421065,1449,10.6229
2546,11,45,2.649612,2.649612,1438,10.6022
2547,45,63,3.681613,3.681613,1437,10.5760
2548,63,18,3.630450,3.630450,1265,9.9639
2549,18,38,3.789764,3.789764,1463,10.7034
2550,38,50,3.677820,3.677820,1229,9.6100
2551,50,53,3.848446,3.848446,816,7.8227
2552,53,11,4.301717,4.301717,1321,10.2787
2553,11,24,4.769548,4.769548,1455,10.6937
2554,24,0,4.055766,4.055766,1436,10.6111
2555,0,21,3.223086,3.223086,1450,10.6846
2556,21,9,3.683302,3.683302,1456,10.5764
2557,9,3,3.592494,3.592494,1274,9.9703
2558,3,39,3.139262,3.139262,1440,10.5659
2559,39,59,3.936943,3.936943,1471,10.7184
2560,59,26,3.990582,3.990582,1190,9.1440
2561,26,43,4.130106,4.130106,1455,10.6361
2562,43,46,3.986237,3.986237,1456,10.6422
2563,46,47,2.966180,2.966180,1447,10.7812
2564,47,56,2.481745,2.481745,1411,10.6482
2565,56,6,4.152354,4.152354,1137,9.3324
2566,6,56,3.510399,3.510399,1471,10.6809
2567,56,34,2.653637,2.653637,1427,10.5776
2568,34,40,2.616926,2.616926,1441,10.6951
2569,40,25,4.878112,4.878112,1462,10.5814
2570,25,36,2.184702,2.184702,1436,10.6478
2571,36,29,2.614242,2.614242,1461,10.7230
2572,29,11,2.334566,2.334566,1160,9.3011
2573,11,45,2.583587,2.583587,1478,10.7838
2574,45,63,3.552359,3.552359,1471,10.6195
2575,63,6,4.482563,4.482563,1472,10.9807
2576,6,32,2.781856,2.781856,1453,10.6974
2577,32,9,3.310534,3.310534,1336,10.3205
2578,9,44,3.347965,3.347965,1432,10.6227
2579,44,35,4.329519,4.329519,1396,10.5168
2580,35,53,3.863574,3.863574,1438,10.5710
2581,53,11,4.264660,4.264660,1392,10.5911
2582,11,42,2.788183,2.788183,1473,10.6726
2583,42,45,1.705010,1.705010,1461,10.7795
2584,45,30,2.923696,2.923696,1466,10.7071
2585,30,46,2.532661,2.532661,1456,10.8157
2586,46,47,2.868884,2.868884,1202,9.2698
2587,47,51,4.094335,4.094335,1442,10.5904
2588,51,29,2.974554,2.974554,1470,10.6453
2589,29,48,2.435421,2.435421,1468,10.7571
2590,48,51,2.969491,2.969491,1478,10.7729
2591,51,16,2.324628,2.324628,1468,10.6526
2592,16,53,4.304022,4.304022,1456,10.6920
2593,53,17,3.006180,3.006180,1456,10.6674
2594,17,2,4.530363,4.530363,1252,9.8386
2595,2,12,2.669515,2.669515,1394,10.5104
2596,12,35,2.894328,2.894328,1453,10.6812
2597,35,0,2.768616,2.768616,1432,10.5579
2598,0,25,2.674205,2.674205,1371,10.4364
2599,25,2,3.538931,3.538931,1427,10.5689
2600,2,45,3.698909,3.698909,1454,10.7409
2601,45,63,3.402065,3.402065,1454,10.6344
2602,63,6,4.445044,4.445044,1486,10.7355
2603,6,32,2.749091,2.749091,1109,9.4465
2604,32,27,3.254198,3.254198,1302,10.2382
2605,27,2,4.574508,4.574508,1424,10.7385
2606,2,12,2.618819,2.618819,1465,10.6946
2607,12,35,2.790079,2.790079,1467,10.6695
2608,35,8,2.744470,2.744470,1448,10.6862
2609,8,41,2.850319,2.850319,1458,10.6141
2610,41,6,3.256834,3.256834,1472,10.6836
2611,6,56,3.510137,3.510137,1435,10.5333
2612,56,1,3.135897,3.135897,1136,9.4530
2613,1,19,4.008919,4.008919,1457,10.7256
2614,19,24,3.808706,3.808706,1419,10.6390
2615,24,4,3.643209,3.643209,1439,10.6168
2616,4,6,4.006545,4.006545,1442,10.6312
2617,6,32,2.709479,2.709479,1238,9.7505
2618,32,9,3.235499,3.235499,1450,10.5934
2619,9,15,2.781021,2.781021,1484,10.7292
2620,15,49,2.621573,2.621573,1005,8.7592
2621,49,43,3.872861,3.872861,698,7.8183
2622,43,51,4.110479,4.110479,566,5.1439
2623,51,16,2.211282,2.211282,1051,8.4584
2624,16,21,4.463899,4.463899,1470,10.8140
2625,21,47,4.008899,4.008899,1463,10.5698
2626,47,56,2.570312,2.570312,1448,10.6514
2627,56,6,3.977931,3.977931,1456,10.6615
2628,6,32,2.619402,2.619402,1439,10.6231
2629,32,9,3.134592,3.134592,1426,10.5523
2630,9,3,3.526268,3.526268,1463,10.5501
2631,3,39,3.086504,3.086504,1478,10.8527
2632,39,44,3.166164,3.166164,1475,10.5697
2633,44,35,4.345099,4.345099,1454,10.6504
2634,35,0,2.719778,2.719778,1161,9.6911
2635,0,25,2.594593,2.594593,1260,9.9889
2636,25,36,2.180295,2.180295,1445,10.6175
2637,36,29,2.624035,2.624035,1480,10.6483
2638,29,23,1.992165,1.992165,1425,10.5865
2639,23,29,1.542110,1.542110,1408,10.5019
2640,29,11,2.402647,2.402647,1445,10.6614
2641,11,42,2.758814,2.758814,1440,10.6824
2642,42,54,4.354913,4.354913,1430,10.5360
2643,54,25,2.754503,2.754503,1223,9.7657
2644,25,29,2.697706,2.697706,1464,10.6404
2645,29,23,1.953223,1.953223,1324,10.2753
2646,23,29,1.492247,1.492247,1451,10.6050
2647,29,11,2.338414,2.338414,1182,9.5249
2648,11,45,2.640178,2.640178,1443,10.6946
2649,45,30,2.853211,2.853211,1458,10.5117
2650,30,31,2.986233,2.986233,1398,10.6162
2651,31,54,3.825118,3.825118,1366,10.5122
2652,54,0,3.766441,3.766441,1442,10.5937
2653,0,25,2.452879,2.452879,1462,10.6714
2654,25,2,3.482041,3.482041,1447,10.7670
2655,2,45,3.617048,3.617048,1382,10.4061
2656,45,30,2.717526,2.717526,1454,10.6425
2657,30,46,2.596216,2.596216,1464,10.8824
2658,46,46,0.944579,0.944579,1459,10.7874
2659,46,46,0.809422,0.809422,1456,10.8040
2660,46,46,0.691572,0.691572,1455,10.8057
2661,46,46,0.591087,0.591087,1487,10.8587
2662,46,47,3.146320,3.146320,1455,10.8094
2663,47,51,4.042480,4.042480,1472,10.8088
2664,51,51,1.455715,1.455715,1470,10.8333
2665,51,29,2.960195,2.960195,1454,10.7080
2666,29,11,2.186422,2.186422,1478,10.6370
2667,11,45,2.603319,2.603319,1447,10.6082
2668,45,30,2.677938,2.677938,1460,10.6603
2669,30,46,2.360527,2.360527,1455,10.8489
2670,46,47,2.965829,2.965829,1462,10.6414
2671,47,51,3.950153,3.950153,1466,10.6818
2672,51,16,2.162660,2.162660,1450,10.6624
2673,16,21,4.324502,4.324502,1443,10.6045
2674,21,9,3.684285,3.684285,1470,10.6830
2675,9,3,3.407333,3.407333,1421,10.5521
2676,3,39,3.025478,3.025478,1212,10.1964
2677,39,15,3.258890,3.258890,1263,10.1125
2678,15,19,4.076093,4.076093,1410,10.4649
2679,19,24,3.769768,3.769768,1441,10.6382
2680,24,4,3.548940,3.548940,1428,10.6603
2681,4,6,3.965805,3.965805,1456,10.5590
2682,6,32,2.561952,2.561952,1446,10.5757
2683,32,9,3.115888,3.115888,1477,10.8078
2684,9,15,2.785993,2.785993,1453,10.6450
2685,15,49,2.578218,2.578218,1468,10.7274
2686,49,50,3.917353,3.917353,1452,10.7362
2687,50,53,3.803597,3.803597,1470,10.8021
2688,53,11,4.269738,4.269738,1448,10.9243
2689,11,42,2.836746,2.836746,1265,10.3055
2690,42,54,4.255725,4.255725,913,7.5969
2691,54,0,3.673757,3.673757,1454,10.6204
2692,0,25,2.319646,2.319646,1446,10.6903
2693,25,36,2.241602,2.241602,1343,10.3649
2694,36,34,3.891413,3.891413,1428,10.6522
2695,34,35,4.195846,4.195846,1439,10.6828
2696,35,0,2.685277,2.685277,1431,10.7302
2697,0,21,3.452926,3.452926,944,9.0996
2698,21,48,3.241215,3.241215,1379,10.5096
2699,48,25,3.679911,3.679911,1460,10.6705
2700,25,36,2.133852,2.133852,1442,10.6194
2701,36,29,2.646934,2.646934,1461,10.5737
2702,29,23,1.999360,1.999360,1459,10.7554
2703,23,29,1.553800,1.553800,1470,10.7004
2704,29,23,1.852509,1.852509,1462,10.6629
2705,23,29,1.454431,1.454431,1459,10.8723
2706,29,23,1.719945,1.719945,1448,10.5256
2707,23,18,4.628551,4.628551,1476,10.6300
2708,18,18,2.248662,2.248662,1468,10.7409
2709,18,12,4.206742,4.206742,1459,10.7738
2710,12,35,2.822883,2.822883,1342,10.3897
2711,35,8,2.732964,2.732964,1420,10.6231
2712,8,56,4.091640,4.091640,1465,10.8287
2713,56,1,3.037507,3.037507,877,8.7151
2714,1,32,3.232497,3.232497,487,4.9316
2715,32,9,3.002271,3.002271,1034,8.4714
2716,9,3,3.329131,3.329131,1192,9.8336
2717,3,39,2.975454,2.975454,1060,9.0884
2718,39,44,3.043499,3.043499,1458,10.6126
2719,44,35,4.316461,4.316461,1343,10.3285
2720,35,53,3.981230,3.981230,1156,9.4976
2721,53,11,4.170664,4.170664,1465,10.7117
2722,11,42,2.711669,2.711669,1446,10.6075
2723,42,54,4.144845,4.144845,1474,10.6811
2724,54,0,3.602151,3.602151,1451,10.6470
2725,0,21,3.345126,3.345126,1446,10.6734
2726,21,48,3.224252,3.224252,1459,10.6530
2727,48,51,2.964114,2.964114,1465,10.5757
2728,51,16,2.103412,2.103412,1009,8.3477
2729,16,21,4.322119,4.322119,1458,10.6062
2730,21,9,3.837504,3.837504,1487,10.6784
2731,9,15,2.747590,2.747590,1448,10.6663
2732,15,49,2.515178,2.515178,1471,10.7921
2733,49,43,3.821207,3.821207,1473,10.5924
2734,43,11,4.684615,4.684615,1373,10.5057
2735,11,42,2.584943,2.584943,1456,10.7462
2736,42,54,4.026542,4.026542,1412,10.8975
2737,54,0,3.498687,3.498687,1484,10.7199
2738,0,21,3.312862,3.312862,1452,10.5869
2739,21,48,3.134208,3.134208,1456,10.6641
2740,48,25,3.498007,3.498007,1468,10.6073
2741,25,2,3.464586,3.464586,1458,10.6446
2742,2,45,3.542873,3.542873,1459,10.6609
2743,45,30,2.540949,2.540949,1453,10.6377
2744,30,27,5.355545,5.355545,1480,10.6927
2745,27,2,4.495910,4.495910,1477,11.0740
2746,2,12,2.694248,2.694248,1460,10.7215
2747,12,35,2.801489,2.801489,1422,10.5826
2748,35,53,3.887212,3.887212,1466,10.6451
2749,53,11,4.100149,4.100149,1461,10.6865
2750,11,24,4.640195,4.640195,1465,10.5756
2751,24,0,4.124223,4.124223,1468,10.6259
2752,0,60,4.052499,4.052499,1462,10.5908
2753,60,38,3.472374,3.472374,1476,10.6715
2754,38,50,3.579779,3.579779,1473,10.7064
2755,50,33,3.885869,3.885869,1363,10.2997
2756,33,11,4.540411,4.540411,1295,9.9978
2757,11,42,2.508724,2.508724,1446,10.6733
2758,42,54,3.890709,3.890709,1484,10.6768
2759,54,25,2.796706,2.796706,1452,10.6029
2760,25,36,2.137670,2.137670,1461,10.5428
2761,36,34,3.830570,3.830570,1456,10.5972
2762,34,7,3.699462,3.699462,1382,10.6064
2763,7,22,3.802522,3.802522,1402,10.4442
2764,22,20,4.402179,4.402179,1409,10.7082
2765,20,10,2.727028,2.727028,1399,10.5445
2766,10,11,5.060948,5.060948,1457,10.6200
2767,11,24,4.403973,4.403973,834,7.9064
2768,24,54,4.040706,4.040706,1479,10.8344
2769,54,25,2.721950,2.721950,1446,10.5811
2770,25,36,2.047867,2.047867,1439,10.5322
2771,36,29,2.705239,2.705239,1448,10.5870
2772,29,11,2.726090,2.726090,1465,10.8228
2773,11,45,2.697347,2.697347,1447,10.6840
2774,45,30,2.484717,2.484717,1470,10.7860
2775,30,31,3.289993,3.289993,1453,10.7158
2776,31,54,3.757699,3.757699,1467,10.7309
2777,54,25,2.682318,2.682318,1454,10.6611
2778,25,36,1.981149,1.981149,1456,10.6462
2779,36,29,2.611953,2.611953,1465,10.6203
2780,29,23,1.848819,1.848819,1465,10.5290
2781,23,29,1.548514,1.548514,1447,10.6928
2782,29,11,2.665622,2.665622,1458,10.6597
2783,11,45,2.647247,2.647247,1449,10.5933
2784,45,63,3.455041,3.455041,1492,10.7513
2785,63,6,4.396380,4.396380,1456,10.6388
2786,6,56,3.417261,3.417261,151,3.6119
2787,56,34,2.784801,2.784801,573,6.8363
2788,34,7,3.562672,3.562672,1490,10.7131
2789,7,31,3.411151,3.411151,1475,10.6293
2790,31,54,3.629319,3.629319,1455,10.6448
2791,54,25,2.643916,2.643916,1464,10.6452
2792,25,36,1.932464,1.932464,1447,10.7098
2793,36,29,2.523206,2.523206,1459,10.5863
2794,29,11,2.535381,2.535381,1460,10.7875
2795,11,42,2.620908,2.620908,1472,10.6102
2796,42,45,1.880260,1.880260,1464,10.6112
2797,45,63,3.330539,3.330539,1466,10.6143
2798,63,47,4.704818,4.704818,1468,10.6423
2799,47,22,3.321747,3.321747,1466,10.9226
2800,22,35,4.336331,4.336331,1406,10.6461
2801,35,0,2.808910,2.808910,1499,10.6533
2802,0,21,3.253383,3.253383,1460,10.5705
2803,21,9,3.825716,3.825716,1457,10.6841
2804,9,15,2.659069,2.659069,1389,10.4627
2805,15,49,2.442158,2.442158,1045,9.2717
2806,49,50,3.866047,3.866047,994,8.9045
2807,50,53,3.790476,3.790476,1289,9.9599
2808,53,11,4.161346,4.161346,1467,10.7410
2809,11,42,2.529255,2.529255,1431,10.5314
2810,42,54,3.880016,3.880016,1449,10.7426
2811,54,25,2.571309,2.571309,1449,10.5464
2812,25,36,1.896990,1.896990,1457,10.8112
2813,36,29,2.456140,2.456140,1457,10.5332
2814,29,23,1.978528,1.978528,1479,10.6256
2815,23,18,4.215113,4.215113,1485,10.6137
2816,18,12,4.139854,4.139854,1458,10.8450
2817,12,35,2.759637,2.759637,1479,10.8564
2818,35,8,2.739137,2.739137,1449,10.6167
2819,8,41,2.790129,2.790129,1471,10.6697
2820,41,30,4.605749,4.605749,1447,10.8761
2821,30,46,2.431014,2.431014,1479,10.6135
2822,46,47,2.741489,2.741489,1459,10.7041
2823,47,51,3.889319,3.889319,1485,10.6728
2824,51,29,3.244855,3.244855,1446,10.7867
2825,29,23,1.846231,1.846231,1207,9.2629
2826,23,0,5.349810,5.349810,1443,10.7152
2827,0,25,2.418814,2.418814,1466,10.6756
2828,25,36,1.860876,1.860876,1471,10.5614
2829,36,29,2.456342,2.456342,1451,10.6594
2830,29,11,2.633504,2.633504,1477,10.7362
2831,11,45,2.645387,2.645387,1445,10.6251
2832,45,63,3.201221,3.201221,1448,10.5608
2833,63,18,3.627077,3.627077,1460,10.6783
2834,18,38,3.780943,3.780943,1472,10.6882
2835,38,2,3.743318,3.743318,1450,10.7239
2836,2,45,3.569478,3.569478,1474,10.6926
2837,45,63,3.037815,3.037815,1447,10.5404
2838,63,18,3.541813,3.541813,1454,10.6411
2839,18,38,3.688858,3.688858,1428,10.7060
2840,38,2,3.676786,3.676786,1462,10.7857
2841,2,54,3.191618,3.191618,1460,10.6689
2842,54,25,2.491688,2.491688,1472,10.5530
2843,25,29,2.714658,2.714658,1473,10.6127
2844,29,23,1.914994,1.914994,1458,10.6198
2845,23,0,5.178916,5.178916,1439,10.9815
2846,0,25,2.309738,2.309738,1452,10.5829
2847,25,29,2.648474,2.648474,1428,10.5211
2848,29,48,2.925108,2.925108,1474,10.8060
2849,48,51,2.948330,2.948330,1439,10.5600
2850,51,29,3.221033,3.221033,1495,10.6576
2851,29,23,1.895734,1.895734,1453,10.5779
2852,23,29,1.618036,1.618036,1463,10.7668
2853,29,11,2.658868,2.658868,1434,10.4982
2854,11,24,4.578636,4.578636,1478,10.6787
2855,24,0,4.017253,4.017253,1445,10.5788
2856,0,21,3.168084,3.168084,1478,10.6088
2857,21,48,3.224825,3.224825,1485,10.6946
2858,48,25,3.696181,3.696181,1446,10.6218
2859,25,29,2.514505,2.514505,1440,10.5187
2860,29,11,2.516088,2.516088,1470,10.7863
2861,11,42,2.685940,2.685940,1478,10.6601
2862,42,0,4.210158,4.210158,1461,10.5747
2863,0,25,2.262591,2.262591,1463,10.5833
2864,25,29,2.458719,2.458719,1440,10.6202
2865,29,23,2.013223,2.013223,1461,10.6115
2866,23,29,1.595020,1.595020,1413,10.7427
2867,29,11,2.458102,2.458102,1431,10.5711
2868,11,45,2.807338,2.807338,1471,10.5536
2869,45,30,2.826965,2.826965,1464,10.5409
2870,30,31,3.193892,3.193892,1445,10.5582
2871,31,54,3.528752,3.528752,1462,10.6198
2872,54,0,3.585623,3.585623,1477,10.6199
2873,0,60,4.066768,4.066768,1432,10.5537
2874,60,44,4.157813,4.157813,1455,10.7010
2875,44,35,4.271700,4.271700,667,8.2069
2876,35,53,3.777484,3.777484,1464,10.7517
2877,53,11,4.220683,4.220683,1445,10.5961
2878,11,24,4.539096,4.539096,1500,10.6109
2879,24,4,3.614410,3.614410,1457,10.6381
2880,4,23,4.357652,4.357652,1049,9.5112
2881,23,29,1.577225,1.577225,1450,10.7907
2882,29,48,2.912055,2.912055,1478,10.6896
2883,48,25,3.608132,3.608132,1473,10.5801
2884,25,29,2.312758,2.312758,1456,10.5653
2885,29,11,2.442614,2.442614,1444,10.5669
2886,11,24,4.415395,4.415395,1433,10.5347
2887,24,54,4.012943,4.012943,1456,10.6173
2888,54,0,3.462554,3.462554,1483,10.5970
2889,0,21,3.201931,3.201931,1454,10.5721
2890,21,9,3.815973,3.815973,1443,10.6399
2891,9,3,3.288943,3.288943,1428,10.5974
2892,3,10,3.679800,3.679800,893,9.2222
2893,10,2,3.464048,3.464048,1183,9.2128
2894,2,54,3.199647,3.199647,1437,10.5719
2895,54,0,3.329266,3.329266,1483,10.5879
2896,0,21,3.121354,3.121354,1463,10.5736
2897,21,48,3.205655,3.205655,1452,10.6308
2898,48,25,3.452864,3.452864,1483,10.8446
2899,25,29,2.194339,2.194339,1454,10.5672
2900,29,48,2.751081,2.751081,1428,10.5398
2901,48,51,3.030745,3.030745,1446,10.6525
2902,51,51,1.300889,1.300889,1422,10.6830
2903,51,16,2.138722,2.138722,1478,10.7045
2904,16,53,4.452751,4.452751,1474,10.6578
2905,53,17,3.049134,3.049134,1096,8.5244
2906,17,1,4.235583,4.235583,1439,10.6834
2907,1,47,2.924530,2.924530,1352,10.5019
2908,47,22,3.226682,3.226682,1430,10.6050
2909,22,20,4.360172,4.360172,1452,10.6662
2910,20,10,2.692144,2.692144,1223,10.0982
2911,10,21,4.922281,4.922281,1428,10.6785
2912,21,9,3.777993,3.777993,1459,10.6833
2913,9,15,2.653130,2.653130,1456,10.6072
2914,15,19,4.135691,4.135691,1449,10.6847
2915,19,24,3.935852,3.935852,1408,10.5942
2916,24,54,3.956627,3.956627,1445,10.5986
2917,54,25,2.617741,2.617741,1442,10.6899
2918,25,36,2.232342,2.232342,1383,10.3993
2919,36,34,3.991809,3.991809,1411,10.4778
2920,34,7,3.405945,3.405945,1449,10.6895
2921,7,31,3.395521,3.395521,1472,10.7288
2922,31,12,3.448554,3.448554,1456,10.7753
2923,12,20,3.731170,3.731170,1464,10.6396
2924,20,3,3.951694,3.951694,1450,10.7041
2925,3,41,4.044681,4.044681,685,5.4090
2926,41,30,4.537584,4.537584,1457,10.6106
2927,30,46,2.437417,2.437417,1466,10.6064
2928,46,47,2.561001,2.561001,1481,10.6600
2929,47,22,3.138386,3.138386,1450,10.7616
2930,22,35,4.323340,4.323340,1458,10.6116
2931,35,0,3.095881,3.095881,1467,10.6254
2932,0,25,2.222439,2.222439,1441,10.6756
2933,25,36,2.140023,2.140023,1467,10.7126
2934,36,21,3.383867,3.383867,1476,10.6294
2935,21,9,3.694229,3.694229,1462,10.7396
2936,9,3,3.259899,3.259899,1467,10.6531
2937,3,39,2.967116,2.967116,1186,9.9524
2938,39,44,2.959393,2.959393,1163,9.4803
2939,44,35,4.191875,4.191875,1469,10.6564
2940,35,8,2.686013,2.686013,1463,10.6791
2941,8,52,4.237346,4.237346,1447,10.7274
2942,52,21,4.123551,4.123551,1459,10.9065
2943,21,48,3.085679,3.085679,1209,9.7811
2944,48,6,5.766468,5.766468,1390,10.5367
2945,6,32,2.629617,2.629617,1451,10.6767
2946,32,9,3.327415,3.327415,1440,10.5285
2947,9,15,2.626745,2.626745,1450,10.6083
2948,15,39,3.503027,3.503027,1458,10.5949
2949,39,59,3.945531,3.945531,1354,10.4690
2950,59,10,3.929898,3.929898,1019,8.2383
2951,10,21,4.818462,4.818462,1460,10.8861
2952,21,9,3.647072,3.647072,1458,10.6603
2953,9,3,3.183936,3.183936,1458,10.8916
2954,3,41,4.033089,4.033089,1447,10.6528
2955,41,30,4.453115,4.453115,1461,10.7298
2956,30,31,3.085027,3.085027,1403,10.5130
2957,31,12,3.325963,3.325963,1455,10.6943
2958,12,35,2.922293,2.922293,1463,10.6874
2959,35,53,3.731477,3.731477,1450,10.6284
2960,53,11,4.150902,4.150902,1454,10.6009
2961,11,45,2.725555,2.725555,1406,10.5861
2962,45,30,2.913773,2.913773,1459,10.6082
2963,30,46,2.449712,2.449712,1469,10.6559
2964,46,46,0.781088,0.781088,1472,10.5690
2965,46,46,0.666971,0.666971,1449,10.5805
2966,46,47,2.608021,2.608021,1448,10.6763
2967,47,51,3.952891,3.952891,1458,10.6209
2968,51,16,2.054945,2.054945,1481,10.7883
2969,16,21,4.592553,4.592553,1451,10.6582
2970,21,9,3.494718,3.494718,1429,10.6231
2971,9,3,3.074708,3.074708,1419,10.7069
2972,3,41,3.957177,3.957177,1431,10.6786
2973,41,30,4.434823,4.434823,1331,10.0929
2974,30,31,3.079121,3.079121,1453,10.6807
2975,31,12,3.211985,3.211985,1358,10.3694
2976,12,20,3.658245,3.658245,1458,10.6112
2977,20,10,2.653660,2.653660,1469,10.6804
2978,10,2,3.370079,3.370079,1463,10.6179
2979,2,45,3.613939,3.613939,1455,10.6561
2980,45,63,3.006244,3.006244,1455,10.7102
2981,63,6,4.539669,4.539669,1447,10.6269
2982,6,32,2.613977,2.613977,1323,10.2264
2983,32,61,4.178375,4.178375,1382,10.4906
2984,61,2,4.424980,4.424980,1422,10.6221
2985,2,45,3.521677,3.521677,1436,10.6168
2986,45,62,4.851964,4.851964,1098,8.9853
2987,62,20,4.245357,4.245357,1469,10.6641
2988,20,3,4.036901,4.036901,1470,10.5624
2989,3,41,3.829404,3.829404,1436,10.6575
2990,41,6,3.310355,3.310355,1471,10.6226
2991,6,32,2.559600,2.559600,1433,10.8382
2992,32,61,4.033146,4.033146,1472,10.7721
2993,61,2,4.411823,4.411823,1331,10.3070
2994,2,54,3.204381,3.204381,1361,10.6736
2995,54,25,2.533096,2.533096,1320,10.3267
2996,25,29,2.329519,2.329519,1057,8.4261
2997,29,11,2.482682,2.482682,1476,10.7083
2998,11,24,4.232273,4.232273,1430,10.6865
2999,24,54,3.902952,3.902952,1447,10.8200
3000,54,0,3.309068,3.309068,1461,10.6546
3001,0,21,3.183044,3.183044,1477,10.5837
3002,21,48,3.033967,3.033967,1454,10.6845
3003,48,25,3.348990,3.348990,1409,11.0897
3004,25,36,2.127602,2.127602,1444,10.6701
3005,36,34,3.938685,3.938685,1461,10.5844
3006,34,40,2.679477,2.679477,1192,9.6589
3007,40,57,3.658260,3.658260,1444,10.7323
3008,57,32,4.114962,4.114962,1455,10.9150
3009,32,9,3.424493,3.424493,1466,10.7760
3010,9,44,3.613257,3.613257,1444,10.8742
3011,44,35,4.152388,4.152388,1314,10.1089
3012,35,8,2.648018,2.648018,1445,10.7628
3013,8,56,3.927413,3.927413,1463,10.7378
3014,56,6,3.788906,3.788906,1459,10.6450
3015,6,56,3.296427,3.296427,1439,10.6846
3016,56,34,2.860815,2.860815,1469,10.5997
3017,34,40,2.580632,2.580632,1477,10.7314
3018,40,21,4.887130,4.887130,1464,10.5891
3019,21,48,2.910850,2.910850,1462,10.6903
3020,48,25,3.184955,3.184955,1488,10.6994
3021,25,36,2.030109,2.030109,1418,10.4946
3022,36,34,3.927784,3.927784,1473,10.5994
3023,34,40,2.504970,2.504970,1457,10.7251
3024,40,21,4.745434,4.745434,1454,10.6757
3025,21,9,3.499546,3.499546,1466,10.7109
3026,9,3,3.023708,3.023708,1455,10.6391
3027,3,39,2.933766,2.933766,1347,10.4652
3028,39,59,3.854381,3.854381,1414,10.5579
3029,59,26,3.876650,3.876650,1275,10.3032
3030,26,43,4.018889,4.018889,850,7.6857
3031,43,51,4.132383,4.132383,803,7.4218
3032,51,29,3.408794,3.408794,1456,10.6505
3033,29,48,2.462319,2.462319,1437,10.6098
3034,48,6,5.808175,5.808175,1456,10.7084
3035,6,32,2.596995,2.596995,1429,10.5902
3036,32,61,3.850607,3.850607,1347,10.2566
3037,61,33,3.897157,3.897157,1442,10.6642
3038,33,11,4.624151,4.624151,1269,9.9859
3039,11,45,2.687504,2.687504,1438,10.7173
3040,45,62,4.693542,4.693542,1410,10.4728
3041,62,20,4.199244,4.199244,1476,10.7674
3042,20,10,2.630950,2.630950,1417,10.5577
3043,10,21,4.804622,4.804622,1437,10.6515
3044,21,47,4.347340,4.347340,1445,10.5712
3045,47,56,3.012511,3.012511,1466,10.7206
3046,56,34,2.863078,2.863078,1478,10.6376
3047,34,35,4.220040,4.220040,1489,10.7314
3048,35,53,3.624381,3.624381,1478,10.7152
3049,53,17,3.055604,3.055604,1474,10.6696
3050,17,7,3.692622,3.692622,1472,10.8158
3051,7,31,3.371428,3.371428,1469,10.7243
3052,31,54,3.558011,3.558011,1481,10.8441
3053,54,0,3.226420,3.226420,1395,10.5442
3054,0,21,3.256738,3.256738,1439,10.7076
3055,21,48,2.867518,2.867518,1454,10.6158
3056,48,6,5.634661,5.634661,1444,10.7432
3057,6,32,2.616685,2.616685,1448,10.8029
3058,32,9,3.407502,3.407502,1363,10.2728
3059,9,44,3.506809,3.506809,1459,10.6396
3060,44,27,4.090599,4.090599,1433,10.6450
3061,27,20,3.876890,3.876890,1438,10.6187
3062,20,10,2.578020,2.578020,1459,10.7540
3063,10,11,5.408332,5.408332,1451,10.5974
3064,11,45,2.520708,2.520708,1472,10.5867
3065,45,30,3.054570,3.054570,1457,10.6254
3066,30,46,2.385517,2.385517,1469,10.8060
3067,46,46,0.667456,0.667456,1464,10.7187
3068,46,46,0.570460,0.570460,1491,10.6752
3069,46,46,0.489384,0.489384,1485,10.7093
3070,46,46,0.422253,0.422253,1450,10.5999
3071,46,46,0.366894,0.366894,1459,10.6447
3072,46,1,5.040912,5.040912,1497,10.6392
3073,1,47,2.809971,2.809971,1471,10.6971
3074,47,56,2.852412,2.852412,1475,10.6924
3075,56,34,2.786507,2.786507,1464,10.6703
3076,34,40,2.462013,2.462013,1448,10.5838
3077,40,57,3.681508,3.681508,1449,10.5480
3078,57,52,3.678947,3.678947,1340,10.4241
3079,52,21,4.121417,4.121417,1402,10.5306
3080,21,9,3.551685,3.551685,1431,10.8093
3081,9,44,3.382821,3.382821,1476,10.7454
3082,44,35,4.108201,4.108201,1470,10.6263
3083,35,0,3.232771,3.232771,1470,10.7003
3084,0,25,2.293517,2.293517,1452,10.6400
3085,25,29,2.389817,2.389817,1467,10.5961
3086,29,11,2.578269,2.578269,1426,10.6583
3087,11,45,2.449314,2.449314,1431,10.4819
3088,45,30,2.989428,2.989428,1459,10.6716
3089,30,46,2.202273,2.202273,1460,10.6667
3090,46,1,4.696210,4.696210,1486,10.6774
3091,1,19,3.951527,3.951527,1461,10.6378
3092,19,24,3.894912,3.894912,1440,10.6545
3093,24,0,3.947156,3.947156,1477,10.6956
3094,0,21,3.176748,3.176748,1447,10.7076
3095,21,9,3.504923,3.504923,1459,10.8066
3096,9,3,2.985360,2.985360,1466,10.7981
3097,3,39,2.884055,2.884055,1424,10.6280
3098,39,44,2.815761,2.815761,1438,10.5229
3099,44,36,4.917433,4.917433,1458,10.5966
3100,36,21,3.338992,3.338992,1189,9.9000
3101,21,9,3.422611,3.422611,1458,10.7426
3102,9,3,2.898058,2.898058,1441,10.7682
3103,3,41,3.850895,3.850895,1466,10.6237
3104,41,30,4.497060,4.497060,1481,10.7591
3105,30,31,3.233041,3.233041,1391,10.6036
3106,31,54,3.412902,3.412902,858,6.8963
3107,54,25,2.667735,2.667735,1371,10.3323
3108,25,29,2.321594,2.321594,1415,10.5625
3109,29,23,2.455399,2.455399,1439,10.6531
3110,23,18,3.903033,3.903033,1442,10.7816
3111,18,38,3.576924,3.576924,1448,10.6851
3112,38,54,4.091989,4.091989,1459,10.7084
3113,54,0,3.193857,3.193857,1406,10.5255
3114,0,25,2.206615,2.206615,1469,10.7527
3115,25,29,2.262831,2.262831,1460,10.6523
3116,29,11,2.552021,2.552021,1440,10.5780
3117,11,45,2.409683,2.409683,1457,10.5495
3118,45,30,3.001945,3.001945,1430,10.5112
3119,30,46,2.258721,2.258721,1481,10.7212
3120,46,46,0.443629,0.443629,1462,10.6556
3121,46,46,0.384477,0.384477,1469,10.6196
3122,46,46,0.335721,0.335721,1465,10.6994
3123,46,1,4.679009,4.679009,1472,10.8047
3124,1,19,3.866770,3.866770,1447,10.6525
3125,19,24,3.834650,3.834650,1430,10.5562
3126,24,0,3.889759,3.889759,1354,10.3941
3127,0,21,3.067097,3.067097,1468,10.6529
3128,21,47,4.409682,4.409682,1485,10.7280
3129,47,51,3.720405,3.720405,1481,10.7534
3130,51,51,1.319893,1.319893,1472,10.6817
3131,51,29,3.493964,3.493964,1470,10.7775
3132,29,23,2.397699,2.397699,1468,10.9296
3133,23,18,3.813877,3.813877,1460,10.6726
3134,18,12,4.157097,4.157097,1456,10.6378
3135,12,35,3.068641,3.068641,1430,10.7228
3136,35,8,2.644286,2.644286,1460,10.7626
3137,8,41,2.884743,2.884743,1481,10.7060
3138,41,36,5.172175,5.172175,1369,10.4751
3139,36,34,3.676582,3.676582,1454,10.6019
3140,34,40,2.373995,2.373995,1478,10.8341
3141,40,25,5.176142,5.176142,687,6.7931
3142,25,36,2.324496,2.324496,1436,10.5740
3143,36,34,3.607369,3.607369,1481,10.6967
3144,34,40,2.310347,2.310347,1453,10.6729
3145,40,25,5.012288,5.012288,1458,10.7197
3146,25,2,3.984446,3.984446,1463,10.6546
3147,2,45,3.474818,3.474818,1463,10.6499
3148,45,63,3.154165,3.154165,1464,10.8049
3149,63,6,4.495355,4.495355,1390,10.4036
3150,6,32,2.603909,2.603909,1429,10.6248
3151,32,27,3.321101,3.321101,1446,10.6175
3152,27,53,4.402962,4.402962,1469,10.7499
3153,53,11,4.231547,4.231547,1453,10.7053
3154,11,45,2.354280,2.354280,1459,10.6621
3155,45,30,2.938426,2.938426,1436,10.5608
3156,30,31,3.313493,3.313493,1483,10.6227
3157,31,12,3.223028,3.223028,1451,10.6470
3158,12,35,2.982585,2.982585,1458,10.7583
3159,35,0,3.271652,3.271652,1473,10.7883
3160,0,60,4.150948,4.150948,1459,10.6261
3161,60,36,3.348259,3.348259,1451,10.6799
3162,36,21,3.098675,3.098675,1444,10.5637
3163,21,47,4.306346,4.306346,1451,10.5429
3164,47,51,3.509594,3.509594,1459,10.7593
3165,51,29,3.383280,3.383280,1512,10.6433
3166,29,11,2.497644,2.497644,1489,10.6118
3167,11,42,3.122850,3.122850,1456,10.6021
3168,42,54,3.864778,3.864778,1463,10.5417
3169,54,25,2.748650,2.748650,1452,10.6312
3170,25,2,3.808559,3.808559,1457,10.6120
3171,2,45,3.356852,3.356852,1496,10.6066
3172,45,62,4.709626,4.709626,1461,10.5466
3173,62,60,4.168432,4.168432,1470,10.6439
3174,60,38,3.463752,3.463752,1403,10.4304
3175,38,50,3.528765,3.528765,1437,10.5755
3176,50,54,4.379756,4.379756,1395,10.6036
3177,54,0,3.205016,3.205016,1448,10.5840
3178,0,21,2.960568,2.960568,1444,10.5444
3179,21,9,3.450212,3.450212,1427,10.5323
3180,9,44,3.377299,3.377299,1479,10.6860
3181,44,35,4.156856,4.156856,1445,10.7283
3182,35,8,2.605220,2.605220,1465,10.6768
3183,8,41,2.789968,2.789968,1485,10.7305
3184,41,6,3.405508,3.405508,1479,10.7759
3185,6,32,2.543510,2.543510,1412,10.5796
3186,32,61,3.741101,3.741101,1448,10.6355
3187,61,2,4.499502,4.499502,1452,10.5713
3188,2,12,3.102250,3.102250,1469,10.6531
3189,12,35,2.961785,2.961785,1438,10.5883
3190,35,8,2.533140,2.533140,1467,10.6416
3191,8,56,3.877058,3.877058,1468,10.6110
3192,56,1,3.014523,3.014523,1447,10.6588
3193,1,19,3.761126,3.761126,1457,10.7194
3194,19,24,3.764986,3.764986,1442,10.6040
3195,24,4,3.510838,3.510838,1373,10.5692
3196,4,23,4.210917,4.210917,1405,10.5277
3197,23,29,1.950505,1.950505,562,5.3323
3198,29,11,2.370510,2.370510,1327,10.3485
3199,11,45,2.391785,2.391785,1127,8.9587
3200,45,62,4.577134,4.577134,1299,10.2405
3201,62,21,4.724118,4.724118,1455,10.7630
3202,21,48,3.060324,3.060324,1425,10.5428
3203,48,6,5.279508,5.279508,1464,10.9557
3204,6,32,2.564644,2.564644,719,7.6160
3205,32,27,3.215797,3.215797,1010,8.7553
3206,27,20,3.855780,3.855780,1395,10.4189
3207,20,10,2.537495,2.537495,1439,10.6345
3208,10,11,5.430126,5.430126,1453,10.6456
3209,11,42,3.034005,3.034005,1408,10.5667
3210,42,54,3.809538,3.809538,1298,10.2349
3211,54,25,2.700539,2.700539,1468,10.8177
3212,25,29,2.462185,2.462185,1210,9.4071
3213,29,48,2.503843,2.503843,1437,10.6199
3214,48,6,5.189187,5.189187,1418,10.5286
3215,6,56,3.486151,3.486151,1454,10.7411
3216,56,1,2.916663,2.916663,1426,10.6736
3217,1,32,3.506866,3.506866,1455,10.6473
3218,32,9,3.699200,3.699200,1441,10.5359
3219,9,15,3.098409,3.098409,1462,10.7317
3220,15,49,2.514565,2.514565,1445,10.6017
3221,49,48,5.006168,5.006168,1468,10.6964
3222,48,51,3.085126,3.085126,1386,10.4767
3223,51,16,2.114092,2.114092,1438,10.6425
3224,16,53,4.426618,4.426618,1473,10.6375
3225,53,17,2.965566,2.965566,1472,10.9410
3226,17,7,3.582229,3.582229,1465,10.7565
3227,7,22,3.718371,3.718371,1457,10.6182
3228,22,47,2.764312,2.764312,1471,10.7264
3229,47,51,3.413196,3.413196,1456,10.6137
3230,51,16,2.053181,2.053181,1477,10.5744
3231,16,53,4.317808,4.317808,1444,10.7005
3232,53,17,2.888099,2.888099,1470,10.6630
3233,17,7,3.486639,3.486639,1466,10.7066
3234,7,31,3.365694,3.365694,1466,10.6066
3235,31,30,3.002687,3.002687,1474,10.6593
3236,30,46,2.174302,2.174302,1408,10.5445
3237,46,47,3.235890,3.235890,1451,10.7527
3238,47,56,2.913393,2.913393,1452,10.6438
3239,56,34,2.909253,2.909253,1427,10.5976
3240,34,40,2.234111,2.234111,1444,10.6153
3241,40,25,4.874647,4.874647,1453,10.6221
3242,25,29,2.361989,2.361989,1437,10.6753
3243,29,11,2.457043,2.457043,1213,9.8859
3244,11,42,2.929918,2.929918,1479,10.7001
3245,42,45,2.005200,2.005200,1460,10.5686
3246,45,30,2.951028,2.951028,1468,10.5889
3247,30,31,3.209297,3.209297,1463,10.6490
3248,31,12,3.185784,3.185784,1464,10.7089
3249,12,35,2.871151,2.871151,1452,10.5788
3250,35,53,3.808943,3.808943,1490,10.6326
3251,53,17,2.852154,2.852154,1462,10.6843
3252,17,7,3.385867,3.385867,1456,10.7043
3253,7,31,3.322564,3.322564,1408,10.5477
3254,31,54,3.421352,3.421352,1481,10.6606
3255,54,25,2.699831,2.699831,1424,10.6491
3256,25,36,2.394947,2.394947,1370,10.3820
3257,36,29,2.403032,2.403032,1396,10.3749
3258,29,23,2.556665,2.556665,1473,10.6304
3259,23,29,1.939742,1.939742,1326,10.4374
3260,29,23,2.365030,2.365030,1450,10.6105
3261,23,29,1.794577,1.794577,1423,10.5757
3262,29,23,2.186131,2.186131,1458,10.7592
3263,23,29,1.665307,1.665307,1434,10.5769
3264,29,23,2.021366,2.021366,1439,10.5591
3265,23,18,3.929661,3.929661,1495,10.6396
3266,18,18,1.768203,1.768203,1447,10.7109
3267,18,18,1.591097,1.591097,1463,10.6452
3268,18,38,3.595138,3.595138,1473,10.7444
3269,38,2,3.716324,3.716324,1353,10.3987
3270,2,12,3.068332,3.068332,1463,10.7029
3271,12,20,3.641503,3.641503,1453,10.7037
3272,20,8,3.797256,3.797256,1479,10.7575
3273,8,56,3.744696,3.744696,1457,10.6411
3274,56,34,2.810245,2.810245,1442,10.5901
3275,34,35,4.246288,4.246288,1470,10.6374
3276,35,8,2.482732,2.482732,1471,10.5676
3277,8,56,3.630912,3.630912,1462,10.7143
3278,56,34,2.714526,2.714526,1457,10.6489
3279,34,40,2.219588,2.219588,1449,10.6039
3280,40,57,3.747248,3.747248,1462,10.7703
3281,57,59,3.850742,3.850742,1457,10.7562
3282,59,10,3.874208,3.874208,1392,10.4593
3283,10,11,5.260437,5.260437,1444,10.6527
3284,11,45,2.354547,2.354547,1474,10.7412
3285,45,63,3.240363,3.240363,831,6.6522
3286,63,18,3.351045,3.351045,1461,10.7476
3287,18,38,3.475091,3.475091,1444,10.6518
3288,38,2,3.648084,3.648084,1461,10.7952
3289,2,54,3.326419,3.326419,1462,10.6434
3290,54,0,3.181520,3.181520,1482,10.7077
3291,0,25,2.418889,2.418889,1430,10.6218
3292,25,2,3.769575,3.769575,1490,10.6307
3293,2,54,3.177317,3.177317,1453,10.5682
3294,54,25,2.567044,2.567044,1467,10.5946
3295,25,2,3.615803,3.615803,1437,10.6390
3296,2,45,3.350129,3.350129,1453,10.6426
3297,45,30,2.904115,2.904115,1459,10.7380
3298,30,46,2.322951,2.322951,1460,10.6147
3299,46,46,0.499877,0.499877,1486,10.6418
3300,46,1,4.210488,4.210488,1448,10.6014
3301,1,19,3.696191,3.696191,1464,10.6616
3302,19,51,4.162830,4.162830,1414,10.4622
3303,51,16,1.947122,1.947122,1480,10.8047
3304,16,23,4.150926,4.150926,1483,10.7439
3305,23,29,1.636807,1.636807,1442,10.6254
3306,29,23,1.894279,1.894279,1470,10.5817
3307,23,29,1.528983,1.528983,1453,10.6142
3308,29,11,2.748886,2.748886,1480,10.5944
3309,11,45,2.351743,2.351743,1472,10.6177
3310,45,63,3.168473,3.168473,1478,10.6191
3311,63,47,4.863520,4.863520,1466,10.6408
3312,47,51,3.352559,3.352559,1469,10.7431
3313,51,16,1.916285,1.916285,1449,10.5732
3314,16,21,4.980407,4.980407,1434,10.5608
3315,21,48,3.006543,3.006543,1464,10.7873
3316,48,25,3.529776,3.529776,1467,10.5817
3317,25,36,2.420828,2.420828,1469,10.5638
3318,36,29,2.426636,2.426636,1433,10.5999
3319,29,23,1.882825,1.882825,1451,10.6200
3320,23,0,4.984393,4.984393,1463,10.6317
3321,0,25,2.316470,2.316470,1454,10.7090
3322,25,29,2.350259,2.350259,1449,10.5495
3323,29,11,2.687773,2.687773,1468,10.6145
3324,11,45,2.309306,2.309306,1499,10.6205
3325,45,63,3.059429,3.059429,1447,10.5236
3326,63,6,4.593933,4.593933,1442,10.7204
3327,6,32,2.667377,2.667377,1395,10.6262
3328,32,9,3.544382,3.544382,843,8.5837
3329,9,15,2.942421,2.942421,1456,10.6373
3330,15,49,2.461312,2.461312,1031,8.9689
3331,49,50,3.743300,3.743300,857,7.4050
3332,50,53,3.796497,3.796497,950,8.8281
3333,53,11,4.257475,4.257475,1474,10.7255
3334,11,42,3.084667,3.084667,1439,10.5856
3335,42,54,3.884332,3.884332,1472,10.5852
3336,54,25,2.514228,2.514228,1448,10.5286
3337,25,2,3.532583,3.532583,1389,10.5132
3338,2,12,3.046286,3.046286,1462,10.6922
3339,12,35,2.854380,2.854380,1466,10.6511
3340,35,0,3.366897,3.366897,1495,10.6525
3341,0,60,4.114989,4.114989,1440,10.6279
3342,60,44,4.111961,4.111961,1458,10.6450
3343,44,35,4.198090,4.198090,561,5.5270
3344,35,53,3.752666,3.752666,1455,10.6668
3345,53,17,2.809180,2.809180,1484,10.6780
3346,17,2,4.656725,4.656725,1458,10.7032
3347,2,45,3.257344,3.257344,1452,10.6666
3348,45,63,2.897940,2.897940,1481,10.6982
3349,63,18,3.336792,3.336792,1447,10.5634
3350,18,12,4.245922,4.245922,1448,10.6652
3351,12,35,2.863117,2.863117,1458,10.6786
3352,35,53,3.646551,3.646551,1457,10.7589
3353,53,11,4.206131,4.206131,1392,10.4141
3354,11,42,2.972480,2.972480,1448,10.6734
3355,42,54,3.789122,3.789122,1476,10.6799
3356,54,25,2.445077,2.445077,1438,10.6268
3357,25,36,2.451672,2.451672,1450,10.6607
3358,36,29,2.338094,2.338094,1463,10.5995
3359,29,11,2.704191,2.704191,1471,10.6583
3360,11,45,2.350871,2.350871,1453,10.6937
3361,45,63,2.820578,2.820578,1425,10.5085
3362,63,18,3.242124,3.242124,1450,10.5667
3363,18,12,4.108613,4.108613,1460,10.6837
3364,12,35,2.791316,2.791316,1421,10.5432
3365,35,8,2.529501,2.529501,1478,10.6263
3366,8,56,3.498117,3.498117,1462,10.6712
3367,56,34,2.628336,2.628336,1373,10.5243
3368,34,7,3.845254,3.845254,1458,10.6050
3369,7,31,3.255196,3.255196,1421,10.5357
3370,31,12,3.306162,3.306162,1458,10.7590
3371,12,35,2.706763,2.706763,1462,10.6576
3372,35,8,2.459686,2.459686,1455,10.6059
3373,8,41,2.899125,2.899125,1455,10.6448
3374,41,30,4.569723,4.569723,1452,10.9057
3375,30,31,3.245074,3.245074,1438,10.6051
3376,31,54,3.428136,3.428136,1486,10.6093
3377,54,25,2.400085,2.400085,1447,10.5942
3378,25,29,2.369930,2.369930,1158,9.0890
3379,29,23,2.065205,2.065205,1426,10.5647
3380,23,18,3.742699,3.742699,1439,10.7046
3381,18,12,4.021345,4.021345,1482,10.8011
3382,12,20,3.636051,3.636051,1448,10.6304
3383,20,3,4.101285,4.101285,1481,10.7163
3384,3,41,3.756224,3.756224,1024,9.0710
3385,41,30,4.481487,4.481487,1432,10.6991
3386,30,31,3.110652,3.110652,1453,10.6132
3387,31,12,3.236219,3.236219,1406,10.5384
3388,12,35,2.690119,2.690119,1436,10.6215
3389,35,53,3.671836,3.671836,1441,10.6002
3390,53,11,4.148410,4.148410,1474,10.6944
3391,11,45,2.289288,2.289288,1479,10.6540
3392,45,30,3.329397,3.329397,1446,10.5708
3393,30,46,2.374718,2.374718,1453,10.6030
3394,46,47,2.969823,2.969823,1444,10.5333
3395,47,56,2.966716,2.966716,1440,10.7620
3396,56,1,2.911792,2.911792,1457,10.6306
3397,1,19,3.592859,3.592859,1445,10.6882
3398,19,24,3.693437,3.693437,1368,10.3526
3399,24,54,3.913649,3.913649,1334,10.3802
3400,54,0,3.268829,3.268829,1464,10.7058
3401,0,25,2.224808,2.224808,1464,10.6767
3402,25,36,2.424868,2.424868,1142,9.3640
3403,36,34,3.852273,3.852273,1420,10.5030
3404,34,7,3.693087,3.693087,1483,10.8496
3405,7,31,3.285859,3.285859,1457,10.5707
3406,31,12,3.132908,3.132908,1472,10.6892
3407,12,43,4.577215,4.577215,1448,10.6199
3408,43,11,4.583213,4.583213,909,7.8715
3409,11,42,2.976479,2.976479,920,7.5920
3410,42,54,3.701661,3.701661,1467,10.9236
3411,54,25,2.328161,2.328161,1429,10.5699
3412,25,36,2.329132,2.329132,1451,10.6772
3413,36,29,2.247937,2.247937,1454,10.5702
3414,29,11,2.799612,2.799612,1448,10.8911
3415,11,45,2.271561,2.271561,1440,10.5363
3416,45,63,2.849400,2.849400,1450,10.5567
3417,63,47,4.922869,4.922869,1463,10.7123
3418,47,56,2.897225,2.897225,1448,10.5979
3419,56,34,2.659484,2.659484,1348,10.4579
3420,34,35,4.318665,4.318665,1455,10.6604
3421,35,0,3.347272,3.347272,1481,10.6964
3422,0,21,3.270623,3.270623,1466,10.7588
3423,21,48,3.039180,3.039180,1456,10.6016
3424,48,51,3.200590,3.200590,1482,10.7275
3425,51,29,3.614832,3.614832,1466,10.6140
3426,29,11,2.621585,2.621585,1450,10.5557
3427,11,45,2.208543,2.208543,1483,10.6638
3428,45,63,2.763125,2.763125,1467,10.5750
3429,63,18,3.163114,3.163114,1452,10.6336
3430,18,12,3.929190,3.929190,1448,10.7031
3431,12,20,3.592585,3.592585,1454,10.7045
3432,20,10,2.528659,2.528659,1138,8.7763
3433,10,2,3.588059,3.588059,1466,10.6844
3434,2,45,3.263958,3.263958,1436,10.6785
3435,45,30,3.368381,3.368381,1458,10.6952
3436,30,31,3.237201,3.237201,1449,10.6609
3437,31,12,3.043324,3.043324,1453,10.6270
3438,12,35,2.778562,2.778562,1442,10.6505
3439,35,0,3.203750,3.203750,1450,10.5876
3440,0,60,4.061463,4.061463,1468,10.5804
3441,60,36,3.244576,3.244576,1451,10.6463
3442,36,34,3.830281,3.830281,1449,10.6451
3443,34,40,2.308733,2.308733,1463,10.7831
3444,40,57,3.572193,3.572193,1415,10.6387
3445,57,59,3.769124,3.769124,828,7.0330
3446,59,26,3.794040,3.794040,298,3.4091
3447,26,43,3.946502,3.946502,1130,9.6584
3448,43,51,4.153232,4.153232,1150,9.2752
3449,51,29,3.488024,3.488024,1438,10.6291
3450,29,23,2.086817,2.086817,1455,10.6217
3451,23,29,1.743304,1.743304,1440,10.6483
3452,29,11,2.515909,2.515909,1446,10.6163
3453,11,42,3.052105,3.052105,1415,10.4156
3454,42,54,3.640884,3.640884,1466,10.5839
3455,54,0,3.286602,3.286602,1473,10.5734
3456,0,60,3.956275,3.956275,1470,10.6445
3457,60,38,3.494970,3.494970,1457,10.6134
3458,38,50,3.481067,3.481067,1483,10.7012
3459,50,54,4.472626,4.472626,1458,10.6547
3460,54,25,2.384753,2.384753,1468,10.7209
3461,25,2,3.580657,3.580657,1447,10.5324
3462,2,45,3.157906,3.157906,1461,10.6762
3463,45,62,4.715454,4.715454,1470,10.6038
3464,62,60,4.121802,4.121802,1466,10.6908
3465,60,36,3.159521,3.159521,1458,10.7429
3466,36,29,2.408835,2.408835,1474,10.6475
3467,29,11,2.406351,2.406351,1461,10.6455
3468,11,42,2.956784,2.956784,1469,10.6617
3469,42,54,3.598128,3.598128,1468,10.5186
3470,54,0,3.238192,3.238192,1476,10.6970
3471,0,21,3.286008,3.286008,1455,10.6347
3472,21,9,3.568335,3.568335,1443,10.5376
3473,9,44,3.255932,3.255932,1429,10.6859
3474,44,35,4.425779,4.425779,1094,9.3529
3475,35,53,3.541943,3.541943,1466,10.6697
3476,53,11,4.234875,4.234875,1468,10.7027
3477,11,42,2.817544,2.817544,1462,10.6466
3478,42,0,4.178414,4.178414,1470,10.6777
3479,0,60,3.885909,3.885909,1475,10.6850
3480,60,36,3.056523,3.056523,1473,10.6629
3481,36,34,3.703779,3.703779,1435,10.7072
3482,34,35,4.160195,4.160195,1452,10.6807
3483,35,0,3.255844,3.255844,1444,10.6256
3484,0,21,3.178295,3.178295,1458,10.6711
3485,21,48,3.102031,3.102031,1490,10.6124
3486,48,6,4.842457,4.842457,1447,10.6880
3487,6,32,2.675076,2.675076,1444,10.7155
3488,32,9,3.478548,3.478548,1392,10.4479
3489,9,3,2.928293,2.928293,1440,10.6643
3490,3,41,3.662487,3.662487,1113,8.7876
3491,41,36,5.186339,5.186339,1368,10.4077
3492,36,29,2.431505,2.431505,1443,10.7034
3493,29,23,2.142539,2.142539,1469,10.5604
3494,23,29,1.746127,1.746127,1446,10.5495
3495,29,11,2.442634,2.442634,1493,10.5569
3496,11,45,2.434292,2.434292,1451,10.6045
3497,45,62,4.534494,4.534494,681,5.9359
3498,62,21,4.600553,4.600553,1358,10.2346
3499,21,9,3.664810,3.664810,1473,10.6509
3500,9,3,2.827939,2.827939,1448,10.6401
3501,3,41,3.567034,3.567034,1039,8.2334
3502,41,6,3.534954,3.534954,1474,10.8077
3503,6,32,2.611829,2.611829,1440,10.5782
3504,32,9,3.441071,3.441071,1433,10.4922
3505,9,15,2.991690,2.991690,1421,10.5702
3506,15,19,4.123164,4.123164,641,5.8623
3507,19,51,4.048085,4.048085,941,7.6367
3508,51,16,1.905707,1.905707,1438,10.6909
3509,16,53,4.473441,4.473441,1480,10.6300
3510,53,0,3.832487,3.832487,1477,10.9225
3511,0,21,3.027005,3.027005,1476,10.9183
3512,21,47,4.275814,4.275814,1460,10.6292
3513,47,22,3.335457,3.335457,1463,10.7301
3514,22,47,2.823018,2.823018,1470,10.6696
3515,47,51,3.361759,3.361759,1466,10.6240
3516,51,29,3.535508,3.535508,1452,10.5909
3517,29,23,2.023420,2.023420,1432,10.5799
3518,23,0,4.820169,4.820169,1463,10.5853
3519,0,60,3.788963,3.788963,1430,10.6392
3520,60,38,3.476527,3.476527,1462,10.7304
3521,38,50,3.388004,3.388004,1412,10.5677
3522,50,54,4.388689,4.388689,1430,10.5458
3523,54,25,2.447636,2.447636,1392,10.4675
3524,25,2,3.428748,3.428748,1454,10.6263
3525,2,45,3.075599,3.075599,1466,10.6370
3526,45,63,2.765057,2.765057,1469,10.5746
3527,63,18,3.054344,3.054344,1464,10.6493
3528,18,18,1.240770,1.240770,1461,10.6858
3529,18,12,3.871568,3.871568,1462,10.6816
3530,12,35,2.894953,2.894953,1417,10.4689
3531,35,8,2.587300,2.587300,1467,10.7228
3532,8,41,2.852761,2.852761,1451,10.7253
3533,41,6,3.438416,3.438416,1470,10.6009
3534,6,32,2.545874,2.545874,1447,10.5823
3535,32,61,3.689866,3.689866,1436,10.7177
3536,61,33,3.828177,3.828177,1454,10.6347
3537,33,11,4.763263,4.763263,1466,10.6273
3538,11,45,2.350111,2.350111,1477,10.6649
3539,45,30,3.401121,3.401121,1366,10.3310
3540,30,46,2.515019,2.515019,793,6.4991
3541,46,47,2.792607,2.792607,1481,10.9875
3542,47,22,3.192213,3.192213,1452,10.7649
3543,22,47,2.628461,2.628461,1426,10.6571
3544,47,56,2.818397,2.818397,1458,10.6253
3545,56,34,2.761930,2.761930,1464,10.5878
3546,34,7,3.647028,3.647028,1443,10.6927
3547,7,31,3.263121,3.263121,1450,10.5459
3548,31,12,3.003157,3.003157,1447,10.6013
3549,12,35,2.806998,2.806998,1446,10.6773
3550,35,0,3.118964,3.118964,1421,10.6335
3551,0,25,2.395596,2.395596,1460,10.6116
3552,25,2,3.302095,3.302095,1467,10.6558
3553,2,45,2.961630,2.961630,1494,10.6089
3554,45,30,3.261467,3.261467,1442,10.5964
3555,30,46,2.535803,2.535803,1439,10.5975
3556,46,47,2.676558,2.676558,1466,10.6620
3557,47,51,3.375750,3.375750,1459,10.6934
3558,51,29,3.450277,3.450277,1459,10.6689
3559,29,23,1.911582,1.911582,1460,10.6609
3560,23,29,1.687373,1.687373,1467,10.6587
3561,29,48,2.974384,2.974384,1477,10.6284
3562,48,6,4.775971,4.775971,1455,10.5909
3563,6,32,2.564983,2.564983,1207,10.0698
3564,32,9,3.308580,3.308580,1335,10.2728
3565,9,15,2.860523,2.860523,1468,10.6672
3566,15,19,4.023352,4.023352,1428,10.5477
3567,19,51,3.931907,3.931907,821,6.7628
3568,51,51,1.413843,1.413843,1483,10.7254
3569,51,16,1.981874,1.981874,1447,10.6451
3570,16,21,5.006306,5.006306,1442,10.5457
3571,21,48,2.992690,2.992690,1468,10.6887
3572,48,51,3.394181,3.394181,1468,10.6854
3573,51,29,3.319141,3.319141,1481,10.5948
3574,29,11,2.515137,2.515137,1450,10.5333
3575,11,45,2.327836,2.327836,1480,10.5599
3576,45,30,3.145900,3.145900,1444,10.6864
3577,30,31,3.471261,3.471261,1461,10.5600
3578,31,30,3.075891,3.075891,1476,10.6481
3579,30,31,3.205891,3.205891,1473,10.6551
3580,31,54,3.482785,3.482785,1469,10.6392
3581,54,0,3.277155,3.277155,1458,10.6169
3582,0,21,3.096468,3.096468,1465,10.6367
3583,21,47,4.217502,4.217502,1448,10.6495
3584,47,56,2.768895,2.768895,1455,10.6839
3585,56,6,4.222964,4.222964,1457,10.6732
3586,6,56,3.531256,3.531256,1459,10.6474
3587,56,1,2.841457,2.841457,1461,10.6398
3588,1,32,3.581238,3.581238,1455,10.5247
3589,32,27,3.218373,3.218373,1426,10.5243
3590,27,2,4.655656,4.655656,941,7.6116
3591,2,12,3.434306,3.434306,1454,10.6685
3592,12,20,3.558955,3.558955,1437,10.7983
3593,20,10,2.487759,2.487759,1458,10.6449
3594,10,11,5.492349,5.492349,1447,10.5438
3595,11,42,2.894577,2.894577,1422,10.6683
3596,42,54,3.627192,3.627192,707,6.7676
3597,54,25,2.427098,2.427098,1454,10.6155
3598,25,36,2.680702,2.680702,1452,10.6814
3599,36,29,2.672043,2.672043,1504,10.6842
3600,29,23,1.943195,1.943195,1244,9.6821
3601,23,29,1.657961,1.657961,1349,10.2578
3602,29,23,1.805153,1.805153,1464,10.6815
3603,23,18,3.816411,3.816411,1479,10.6406
3604,18,18,1.084166,1.084166,1485,10.6764
3605,18,12,3.854104,3.854104,1457,10.6789
3606,12,35,2.772706,2.772706,1440,10.6624
3607,35,8,2.578336,2.578336,1384,10.6499
3608,8,52,4.432890,4.432890,1212,9.8806
3609,52,22,3.918704,3.918704,1391,10.6139
3610,22,35,4.552577,4.552577,1375,10.2983
3611,35,53,3.634259,3.634259,1462,10.7367
3612,53,17,2.969849,2.969849,1463,10.6309
3613,17,7,3.415977,3.415977,1463,10.6792
3614,7,22,3.654046,3.654046,1269,9.9709
3615,22,47,2.698660,2.698660,1445,10.6133
3616,47,56,2.679413,2.679413,1476,10.6684
3617,56,1,2.712418,2.712418,1443,10.7601
3618,1,47,2.605162,2.605162,1127,9.1472
3619,47,56,2.534094,2.534094,1453,10.7118
3620,56,1,2.581764,2.581764,1435,10.5192
3621,1,47,2.491424,2.491424,1090,8.4309
3622,47,56,2.398578,2.398578,1467,10.5742
3623,56,34,2.885001,2.885001,1452,10.6527
3624,34,40,2.355855,2.355855,1433,10.6642
3625,40,25,5.017362,5.017362,1467,10.6425
3626,25,36,2.548948,2.548948,1385,10.4662
3627,36,29,2.572854,2.572854,1440,10.6859
3628,29,23,1.749719,1.749719,1469,10.6938
3629,23,29,1.578053,1.578053,1381,10.3874
3630,29,23,1.633086,1.633086,1469,10.7939
3631,23,29,1.481272,1.481272,1447,10.6434
3632,29,23,1.530917,1.530917,1454,10.5896
3633,23,29,1.397778,1.397778,1470,10.6510
3634,29,23,1.442113,1.442113,1473,10.6457
3635,23,29,1.326168,1.326168,1481,10.6751
3636,29,23,1.365325,1.365325,1450,10.8129
3637,23,29,1.264921,1.264921,1497,10.6960
3638,29,23,1.299126,1.299126,1451,10.6281
3639,23,29,1.212552,1.212552,1493,10.6652
3640,29,23,1.242124,1.242124,1466,10.5642
3641,23,29,1.167697,1.167697,1474,10.5832
3642,29,11,3.198677,3.198677,1476,10.6233
3643,11,45,2.436279,2.436279,1470,10.6395
3644,45,63,2.901814,2.901814,1469,10.6665
3645,63,47,4.928590,4.928590,1465,10.6528
3646,47,56,2.328235,2.328235,1478,10.7943
3647,56,34,2.798514,2.798514,1442,10.5726
3648,34,35,4.137143,4.137143,1446,10.6685
3649,35,8,2.473848,2.473848,1463,10.7898
3650,8,41,2.840403,2.840403,1462,10.6194
3651,41,36,5.133707,5.133707,1341,10.3735
3652,36,21,3.093379,3.093379,1460,10.6863
3653,21,9,3.838885,3.838885,1461,10.6523
3654,9,3,2.786350,2.786350,1452,10.6837
3655,3,41,3.518786,3.518786,1143,9.3896
3656,41,30,4.813623,4.813623,1403,10.5758
3657,30,46,2.542975,2.542975,1390,10.4697
3658,46,1,3.800500,3.800500,1458,10.6827
3659,1,47,2.450731,2.450731,1443,10.6959
3660,47,22,3.222932,3.222932,1464,10.6521
3661,22,47,2.555819,2.555819,1447,10.5891
3662,47,56,2.220677,2.220677,1449,10.5676
3663,56,6,4.400822,4.400822,1455,10.5757
3664,6,32,2.526131,2.526131,1447,10.6159
3665,32,9,3.296507,3.296507,1423,10.5119
3666,9,3,2.669816,2.669816,1463,10.6159
3667,3,41,3.425139,3.425139,1443,10.6177
3668,41,30,4.720316,4.720316,1458,10.6556
3669,30,31,3.065997,3.065997,1360,10.4234
3670,31,30,2.856610,2.856610,1357,10.3983
3671,30,46,2.439581,2.439581,1461,10.6052
3672,46,47,2.700754,2.700754,1415,10.5284
3673,47,22,3.095586,3.095586,1461,10.7966
3674,22,20,4.600829,4.600829,1448,10.6278
3675,20,10,2.449953,2.449953,1455,10.6410
3676,10,21,4.894319,4.894319,1429,10.5627
3677,21,47,4.307890,4.307890,1345,10.4027
3678,47,51,3.439702,3.439702,1462,10.7021
3679,51,29,3.228919,3.228919,1457,10.7497
3680,29,23,1.261310,1.261310,1462,10.6653
3681,23,29,1.161073,1.161073,1427,10.6374
3682,29,23,1.207651,1.207651,1454,10.6396
3683,23,29,1.124113,1.124113,1385,10.4213
3684,29,48,3.570868,3.570868,1436,10.5855
3685,48,51,3.391884,3.391884,1448,10.6047
3686,51,16,2.047966,2.047966,1430,10.6376
3687,16,21,4.965920,4.965920,1470,10.6384
3688,21,9,3.785249,3.785249,1464,10.6721
3689,9,3,2.572769,2.572769,1453,10.7292
3690,3,10,4.082794,4.082794,1460,10.6538
3691,10,2,3.582243,3.582243,1441,10.7004
3692,2,12,3.344584,3.344584,1446,10.7610
3693,12,35,2.790592,2.790592,1390,10.4931
3694,35,0,3.107081,3.107081,1467,10.6440
3695,0,60,3.723500,3.723500,1463,10.6117
3696,60,38,3.398543,3.398543,1452,10.6044
3697,38,54,4.140459,4.140459,803,6.3975
3698,54,25,2.478851,2.478851,1487,10.7880
3699,25,36,2.630669,2.630669,1472,10.6683
3700,36,34,3.750147,3.750147,1442,10.6580
3701,34,7,3.615581,3.615581,1163,9.3457
3702,7,31,3.357676,3.357676,1252,9.9040
3703,31,54,3.404116,3.404116,759,5.9696
3704,54,25,2.397746,2.397746,1473,10.6549
3705,25,2,3.362325,3.362325,1451,10.5935
3706,2,45,3.009564,3.009564,1450,10.5656
3707,45,62,4.444221,4.444221,1472,10.6357
3708,62,21,4.499426,4.499426,1461,10.6290
3709,21,48,2.994811,2.994811,1479,10.6626
3710,48,6,4.803333,4.803333,1480,10.6246
3711,6,32,2.552672,2.552672,1196,9.7380
3712,32,9,3.250139,3.250139,796,7.7478
3713,9,15,2.935736,2.935736,1468,10.6814
3714,15,19,3.892207,3.892207,1418,10.5177
3715,19,51,3.924913,3.924913,1285,10.2168
3716,51,16,1.966065,1.966065,1453,10.6978
3717,16,21,4.804846,4.804846,1435,10.6555
3718,21,9,3.771253,3.771253,1468,10.8264
3719,9,15,2.851180,2.851180,1449,10.7209
3720,15,49,2.622314,2.622314,1463,10.6989
3721,49,43,3.747088,3.747088,1284,9.8525
3722,43,51,4.121001,4.121001,1295,10.1953
3723,51,16,1.896040,1.896040,1454,10.6419
3724,16,23,3.990891,3.990891,1464,10.6087
3725,23,29,1.100785,1.100785,1448,10.6074
3726,29,48,3.264468,3.264468,1471,11.0339
3727,48,6,4.748257,4.748257,1460,10.6575
3728,6,56,3.541290,3.541290,1449,10.7341
3729,56,1,2.566453,2.566453,1474,10.6291
3730,1,19,3.707656,3.707656,793,6.2655
3731,19,24,3.699873,3.699873,1452,10.5970
3732,24,0,4.237375,4.237375,1472,10.8450
3733,0,21,3.182779,3.182779,1473,10.6886
3734,21,48,2.847325,2.847325,1466,10.6639
3735,48,25,4.026071,4.026071,1428,10.5732
3736,25,2,3.243114,3.243114,1441,10.6515
3737,2,45,2.894402,2.894402,1474,10.8064
3738,45,30,3.341228,3.341228,1445,10.6525
3739,30,46,2.429458,2.429458,1447,10.6436
3740,46,46,0.911276,0.911276,1465,10.6826
3741,46,1,3.831479,3.831479,1484,10.6457
3742,1,47,2.355556,2.355556,1460,10.8126
3743,47,51,3.412525,3.412525,1490,10.6411
3744,51,51,1.430890,1.430890,1447,10.6534
3745,51,16,1.895151,1.895151,1458,10.6186
3746,16,23,3.861557,3.861557,1454,10.5999
3747,23,18,4.182950,4.182950,1344,10.2356
3748,18,12,3.720953,3.720953,1457,10.6804
3749,12,35,2.741083,2.741083,1468,10.6500
3750,35,0,3.051736,3.051736,1078,9.0404
3751,0,25,2.525039,2.525039,1448,10.5685
3752,25,2,3.113126,3.113126,1446,10.5828
3753,2,12,3.324494,3.324494,1464,10.6409
3754,12,20,3.537045,3.537045,1161,9.1928
3755,20,10,2.449981,2.449981,1377,10.2499
3756,10,11,5.339626,5.339626,1456,10.7687
3757,11,42,2.984581,2.984581,1458,10.7014
3758,42,45,2.339942,2.339942,1428,10.6542
3759,45,63,2.822626,2.822626,1461,10.5862
3760,63,18,2.893743,2.893743,1469,10.7447
3761,18,18,0.963881,0.963881,1462,10.6743
3762,18,12,3.658797,3.658797,1480,10.6793
3763,12,20,3.436382,3.436382,1464,10.6419
3764,20,10,2.411913,2.411913,1467,10.6674
3765,10,11,5.199945,5.199945,1451,10.5734
3766,11,45,2.340556,2.340556,1428,10.5656
3767,45,62,4.340522,4.340522,1471,10.6024
3768,62,60,4.059541,4.059541,1469,10.6037
3769,60,36,3.061446,3.061446,1470,10.6585
3770,36,34,3.601647,3.601647,1458,10.6300
3771,34,40,2.385012,2.385012,962,9.3447
3772,40,25,4.877595,4.877595,1225,10.0494
3773,25,36,2.583640,2.583640,1454,10.6060
3774,36,29,2.827148,2.827148,1449,10.5937
3775,29,48,2.861994,2.861994,1452,10.6464
3776,48,51,3.504785,3.504785,1461,10.6154
3777,51,29,3.278080,3.278080,1406,10.4652
3778,29,48,2.627989,2.627989,1479,10.6823
3779,48,25,3.921270,3.921270,1455,10.6357
3780,25,29,2.824746,2.824746,1462,10.5896
3781,29,23,1.548518,1.548518,1447,10.5867
3782,23,29,1.269786,1.269786,1446,10.5589
3783,29,48,2.553358,2.553358,1474,10.6497
3784,48,25,3.787748,3.787748,1467,10.5891
3785,25,36,2.473379,2.473379,1457,10.6266
3786,36,21,3.298154,3.298154,1445,10.5836
3787,21,47,4.226431,4.226431,1461,10.6434
3788,47,22,2.975530,2.975530,1472,10.8119
3789,22,47,2.396526,2.396526,1376,10.5196
3790,47,56,2.342990,2.342990,1452,10.7556
3791,56,1,2.456612,2.456612,1466,10.6880
3792,1,32,3.683958,3.683958,1464,10.7482
3793,32,9,3.219445,3.219445,1426,10.6823
3794,9,44,3.433232,3.433232,1468,10.7292
3795,44,35,4.640858,4.640858,1088,9.0910
3796,35,0,2.963185,2.963185,1445,10.6180
3797,0,25,2.602352,2.602352,1452,10.6139
3798,25,36,2.374101,2.374101,1477,10.5890
3799,36,21,3.176353,3.176353,1455,10.5939
3800,21,9,3.882173,3.882173,1448,10.6017
3801,9,15,2.794231,2.794231,1447,10.6371
3802,15,19,3.858801,3.858801,1331,10.2875
3803,19,24,3.636137,3.636137,1454,10.5363
3804,24,0,4.319011,4.319011,1463,10.6837
3805,0,60,3.686162,3.686162,1430,10.5580
3806,60,36,2.909164,2.909164,1448,10.6132
3807,36,34,3.696358,3.696358,1444,10.5618
3808,34,7,3.509190,3.509190,1476,10.6719
3809,7,31,3.279331,3.279331,1441,10.6805
3810,31,12,3.294392,3.294392,1479,10.6719
3811,12,43,4.655850,4.655850,1461,10.6170
3812,43,51,4.127861,4.127861,1323,10.4152
3813,51,29,3.206023,3.206023,1438,10.6451
3814,29,11,3.291251,3.291251,1381,10.4901
3815,11,42,2.965384,2.965384,1487,10.5804
3816,42,54,3.668910,3.668910,1460,10.5841
3817,54,25,2.532402,2.532402,1445,10.6928
3818,25,36,2.302522,2.302522,1457,10.5880
3819,36,29,2.963796,2.963796,1468,10.5486
3820,29,48,2.376762,2.376762,1467,10.6994
3821,48,25,3.724763,3.724763,1475,10.5547
3822,25,29,2.678686,2.678686,1449,10.6540
3823,29,48,2.240949,2.240949,1458,10.6653
3824,48,25,3.574990,3.574990,1412,10.4800
3825,25,29,2.491001,2.491001,1470,10.6155
3826,29,23,1.826205,1.826205,1468,10.6539
3827,23,29,1.365865,1.365865,1483,10.5621
3828,29,48,2.215540,2.215540,1462,10.6233
3829,48,51,3.684274,3.684274,1463,10.5341
3830,51,29,3.154728,3.154728,1466,10.7020
3831,29,48,2.039458,2.039458,1455,10.8567
3832,48,51,3.567391,3.567391,1470,10.6150
3833,51,51,1.254978,1.254978,1449,10.5878
3834,51,51,1.090111,1.090111,1460,10.5475
3835,51,29,3.037810,3.037810,1455,10.6622
3836,29,48,1.907866,1.907866,1444,10.5429
3837,48,25,3.505986,3.505986,1454,10.6474
3838,25,36,2.279017,2.279017,1466,10.6096
3839,36,29,2.934938,2.934938,1424,10.6156
3840,29,48,1.805333,1.805333,1433,10.5246
3841,48,51,3.358548,3.358548,1478,10.5772
3842,51,29,2.910304,2.910304,1457,10.6712
3843,29,23,2.013751,2.013751,1471,10.5380
3844,23,29,1.454959,1.454959,1468,10.5967
3845,29,48,1.795565,1.795565,1494,10.6305
3846,48,25,3.406572,3.406572,1541,10.5821
3847,25,36,2.205324,2.205324,1500,10.5745
3848,36,29,2.926681,2.926681,1461,10.6948
3849,29,23,1.966923,1.966923,1420,10.4775
3850,23,18,3.823776,3.823776,1459,10.5276
3851,18,12,3.519623,3.519623,1482,10.7503
3852,12,43,4.508388,4.508388,1471,10.7981
3853,43,51,4.187281,4.187281,457,6.1097
3854,51,51,1.021948,1.021948,1462,10.5742
3855,51,16,2.187783,2.187783,1474,10.7305
3856,16,21,4.846790,4.846790,1415,10.7224
3857,21,48,2.676037,2.676037,1462,10.7271
3858,48,25,3.153495,3.153495,1458,10.5951
3859,25,36,2.134361,2.134361,1476,10.7867
3860,36,29,2.833336,2.833336,1462,10.6441
3861,29,23,1.886211,1.886211,1479,10.5631
3862,23,29,1.486360,1.486360,1491,10.5522
3863,29,23,1.748157,1.748157,1462,10.6627
3864,23,29,1.395516,1.395516,1462,10.5701
3865,29,11,3.570352,3.570352,1406,10.4579
3866,11,45,2.500735,2.500735,1472,10.6104
3867,45,30,3.287165,3.287165,1492,10.5649
3868,30,46,2.361224,2.361224,1499,10.7078
3869,46,46,0.813853,0.813853,1351,10.2261
3870,46,47,2.941293,2.941293,1471,10.7246
3871,47,22,2.863091,2.863091,1470,10.7189
3872,22,47,2.284364,2.284364,1348,10.4808
3873,47,56,2.312184,2.312184,1474,10.7444
3874,56,1,2.363800,2.363800,1445,10.6002
3875,1,47,2.271058,2.271058,1454,10.5780
3876,47,22,2.714794,2.714794,1489,10.7021
3877,22,20,4.640309,4.640309,1484,10.8885
3878,20,10,2.366023,2.366023,1075,9.0241
3879,10,11,5.110144,5.110144,1465,10.6053
3880,11,42,3.005213,3.005213,1473,10.6186
3881,42,0,4.406192,4.406192,1420,10.5465
3882,0,25,2.648658,2.648658,1439,10.6390
3883,25,29,2.262297,2.262297,1465,10.5695
3884,29,23,1.726919,1.726919,1459,10.6173
3885,23,29,1.323175,1.323175,1490,10.5895
3886,29,11,3.545961,3.545961,1446,10.5568
3887,11,42,2.937915,2.937915,1461,10.7896
3888,42,54,3.648684,3.648684,1434,10.5306
3889,54,25,2.656065,2.656065,1476,10.5927
3890,25,2,3.569373,3.569373,1458,10.5254
3891,2,12,3.346564,3.346564,1279,9.8305
3892,12,35,2.953525,2.953525,1464,10.8303
3893,35,53,3.609727,3.609727,1446,10.6956
3894,53,17,2.923871,2.923871,1456,10.8446
3895,17,2,4.648560,4.648560,1449,10.6708
3896,2,54,3.449772,3.449772,1432,10.6078
3897,54,0,3.525039,3.525039,1430,10.6407
3898,0,25,2.510455,2.510455,1444,10.7729
3899,25,2,3.460856,3.460856,1476,10.6209
3900,2,12,3.284361,3.284361,1450,10.6048
3901,12,35,2.846742,2.846742,1447,10.6064
3902,35,0,3.054592,3.054592,1466,10.6888
3903,0,21,3.311278,3.311278,1457,10.6722
3904,21,48,2.762830,2.762830,1420,10.5708
3905,48,25,3.076945,3.076945,1402,10.3553
3906,25,2,3.365106,3.365106,1465,10.5870
3907,2,12,3.200374,3.200374,1439,10.7328
3908,12,35,2.750932,2.750932,1461,10.5862
3909,35,8,2.691924,2.691924,1452,10.6195
3910,8,52,4.283896,4.283896,1441,10.5653
3911,52,52,2.743942,2.743942,1420,10.6316
3912,52,21,4.243880,4.243880,1241,9.9190
3913,21,47,4.223722,4.223722,1430,10.5483
3914,47,56,2.236935,2.236935,1442,10.7394
3915,56,1,2.273926,2.273926,1465,10.7526
3916,1,47,2.267813,2.267813,1224,9.3815
3917,47,56,2.123580,2.123580,1474,10.7048
3918,56,34,3.210464,3.210464,1442,10.5584
3919,34,40,2.382801,2.382801,1466,10.6687
3920,40,57,3.469312,3.469312,1452,10.6171
3921,57,52,3.616931,3.616931,1475,10.6812
3922,52,21,4.198814,4.198814,1280,9.7555
3923,21,48,2.707412,2.707412,1163,9.1450
3924,48,25,2.893056,2.893056,1413,10.5190
3925,25,2,3.260535,3.260535,1433,10.6131
3926,2,54,3.299379,3.299379,1445,10.5459
3927,54,25,2.557360,2.557360,1462,10.5654
3928,25,36,2.354691,2.354691,1469,10.6240
3929,36,29,2.760510,2.760510,1439,10.6235
3930,29,11,3.274448,3.274448,1431,10.5327
3931,11,42,2.856079,2.856079,1442,10.5691
3932,42,54,3.570842,3.570842,1471,10.6391
3933,54,25,2.470027,2.470027,1429,10.5740
3934,25,29,2.256691,2.256691,1392,10.4478
3935,29,11,3.101271,3.101271,1449,10.6260
3936,11,42,2.780529,2.780529,1452,10.6887
3937,42,45,2.348307,2.348307,1461,10.7787
3938,45,62,4.083478,4.083478,1456,10.8329
3939,62,60,4.003232,4.003232,1443,10.6262
3940,60,36,2.923509,2.923509,1457,10.7068
3941,36,29,2.589796,2.589796,1487,10.7336
3942,29,23,1.924139,1.924139,1445,10.7440
3943,23,29,1.421015,1.421015,1458,10.7359
3944,29,48,2.380324,2.380324,1460,10.6547
3945,48,25,2.939133,2.939133,1441,10.5281
3946,25,36,2.338693,2.338693,1436,10.6444
3947,36,29,2.507411,2.507411,1453,10.7175
3948,29,11,3.053007,3.053007,1468,10.6371
3949,11,42,2.739622,2.739622,1456,10.8178
3950,42,45,2.248361,2.248361,1479,10.7121
3951,45,30,3.241634,3.241634,1506,10.6101
3952,30,46,2.320447,2.320447,1449,10.6074
3953,46,47,2.862341,2.862341,1481,10.7131
3954,47,51,3.608576,3.608576,1434,10.7320
3955,51,16,2.065167,2.065167,1463,10.7101
3956,16,23,3.838078,3.838078,1464,10.6339
3957,23,29,1.487774,1.487774,1480,10.9709
3958,29,48,2.307914,2.307914,1450,10.6569
3959,48,51,3.379016,3.379016,1465,10.6968
3960,51,16,2.019811,2.019811,1466,10.6683
3961,16,21,4.814685,4.814685,1498,10.6842
3962,21,9,3.741213,3.741213,1465,10.7762
3963,9,15,2.687573,2.687573,1451,10.8104
3964,15,49,2.646498,2.646498,1424,10.6527
3965,49,48,5.386956,5.386956,976,8.8616
3966,48,51,3.153250,3.153250,1451,10.5916
3967,51,29,3.159611,3.159611,1434,10.5828
3968,29,23,1.990882,1.990882,1463,10.7337
3969,23,29,1.436387,1.436387,1463,10.6041
3970,29,11,2.936095,2.936095,1470,10.5977
3971,11,45,2.606963,2.606963,1453,10.5520
3972,45,30,3.143181,3.143181,1463,10.5860
3973,30,31,3.413715,3.413715,1476,10.7131
3974,31,12,3.345074,3.345074,1180,9.7514
3975,12,20,3.448192,3.448192,1498,10.6608
3976,20,10,2.340206,2.340206,1442,10.6580
3977,10,2,3.849639,3.849639,1466,10.6458
3978,2,45,3.074971,3.074971,1410,10.5258
3979,45,30,3.016149,3.016149,1478,10.7743
3980,30,31,3.367149,3.367149,1480,10.7002
3981,31,54,3.418696,3.418696,1471,10.6470
3982,54,25,2.565127,2.565127,1466,10.6093
3983,25,2,3.247223,3.247223,1453,10.6124
3984,2,12,3.181327,3.181327,1477,10.6847
3985,12,35,2.677109,2.677109,1452,10.6078
3986,35,8,2.619688,2.619688,1439,10.5664
3987,8,41,2.835263,2.835263,1444,10.6226
3988,41,36,5.397191,5.397191,1389,10.3770
3989,36,21,3.463805,3.463805,1471,10.6096
3990,21,47,4.168676,4.168676,1462,10.6930
3991,47,56,2.080666,2.080666,1471,10.6892
3992,56,1,2.222022,2.222022,1458,10.5902
3993,1,19,3.857119,3.857119,1464,10.7405
3994,19,24,3.534683,3.534683,1399,10.4846
3995,24,54,3.905349,3.905349,1460,10.6531
3996,54,0,3.565812,3.565812,1471,10.7904
3997,0,25,2.617026,2.617026,1464,10.5891
3998,25,29,2.222346,2.222346,1494,10.7244
3999,29,23,1.918897,1.918897,1454,10.5826
4000,23,29,1.388870,1.388870,1452,10.8176
4001,29,48,2.433900,2.433900,1492,10.5700
4002,48,51,3.060568,3.060568,1452,10.5346
4003,51,16,2.060130,2.060130,1483,10.7383
4004,16,21,4.719377,4.719377,1473,10.5949
4005,21,9,3.633575,3.633575,1463,10.6793
4006,9,44,3.363502,3.363502,1476,10.6546
4007,44,36,4.828885,4.828885,1405,10.5574
4008,36,29,2.584707,2.584707,1485,10.5856
4009,29,11,2.858422,2.858422,1457,10.6400
4010,11,42,2.807386,2.807386,1454,10.6463
4011,42,45,2.164556,2.164556,1475,10.6328
4012,45,63,3.062405,3.062405,1450,10.6111
4013,63,18,2.852015,2.852015,1476,10.6084
4014,18,12,3.486502,3.486502,1463,10.6836
4015,12,35,2.620592,2.620592,1354,10.2789
4016,35,0,3.019051,3.019051,1441,10.6098
4017,0,60,3.742914,3.742914,1458,10.7451
4018,60,38,3.351393,3.351393,1355,10.2034
4019,38,50,3.256447,3.256447,1450,10.6732
4020,50,54,4.331886,4.331886,1474,10.6612
4021,54,25,2.567899,2.567899,1475,10.6544
4022,25,36,2.578066,2.578066,1473,10.6488
4023,36,21,3.419127,3.419127,1447,10.5764
4024,21,9,3.540686,3.540686,1468,10.5709
4025,9,44,3.245374,3.245374,1467,10.7076
4026,44,35,4.925356,4.925356,1367,10.3229
4027,35,53,3.676494,3.676494,1471,10.6869
4028,53,17,2.887253,2.887253,1457,10.7025
4029,17,1,4.466687,4.466687,1463,10.7693
4030,1,32,3.600339,3.600339,1446,10.6333
4031,32,9,3.480153,3.480153,1370,10.5166
4032,9,3,2.784072,2.784072,1467,10.6177
4033,3,39,3.234451,3.234451,1472,10.6583
4034,39,44,2.815517,2.815517,1187,9.3516
4035,44,35,4.815749,4.815749,1426,10.5865
4036,35,8,2.551331,2.551331,1465,10.8179
4037,8,56,3.815210,3.815210,1470,10.6779
4038,56,6,4.426577,4.426577,1455,10.6451
4039,6,56,3.429321,3.429321,1360,10.3868
4040,56,34,3.062445,3.062445,1466,10.6363
4041,34,7,3.390870,3.390870,1445,10.6519
4042,7,31,3.314383,3.314383,1450,10.6939
4043,31,12,3.351567,3.351567,1440,10.6698
4044,12,20,3.391393,3.391393,1333,10.1604
4045,20,3,4.595079,4.595079,1463,10.6595
4046,3,10,3.817980,3.817980,1448,10.6072
4047,10,2,3.767009,3.767009,1469,10.6899
4048,2,12,3.132191,3.132191,1481,10.6746
4049,12,20,3.245250,3.245250,1469,10.6776
4050,20,10,2.392225,2.392225,1440,10.5937
4051,10,11,5.436726,5.436726,1469,10.6212
4052,11,45,2.486227,2.486227,1322,10.3787
4053,45,30,2.997576,2.997576,1259,9.9620
4054,30,46,2.546901,2.546901,1464,10.6360
4055,46,1,3.812544,3.812544,1461,10.5942
4056,1,47,2.276862,2.276862,1448,10.6323
4057,47,56,2.115054,2.115054,1452,10.6125
4058,56,34,2.976741,2.976741,1457,10.6519
4059,34,40,2.393378,2.393378,1433,10.5753
4060,40,57,3.333910,3.333910,1209,9.9982
4061,57,32,4.153927,4.153927,1447,10.6392
4062,32,61,3.566845,3.566845,1455,10.5585
4063,61,33,3.729954,3.729954,1471,10.6737
4064,33,11,4.747277,4.747277,1473,10.5937
4065,11,45,2.387445,2.387445,1271,10.2136
4066,45,30,2.902538,2.902538,1444,10.6873
4067,30,46,2.535373,2.535373,1451,10.6404
4068,46,1,3.731000,3.731000,1455,10.8040
4069,1,47,2.156271,2.156271,1472,10.7118
4070,47,56,2.021707,2.021707,1466,10.5767
4071,56,1,2.261527,2.261527,1470,10.6191
4072,1,32,3.631853,3.631853,1415,10.5194
4073,32,9,3.384783,3.384783,1471,10.6245
4074,9,15,2.762957,2.762957,1452,10.6060
4075,15,19,3.778173,3.778173,1480,10.6002
4076,19,24,3.460301,3.460301,696,5.5109
4077,24,54,3.854179,3.854179,1302,10.0758
4078,54,0,3.542189,3.542189,1143,9.6318
4079,0,60,3.620985,3.620985,673,6.0509
4080,60,38,3.295155,3.295155,1239,10.2761
4081,38,50,3.167272,3.167272,1275,10.1245
4082,50,33,3.726161,3.726161,1460,10.6522
4083,33,55,3.695446,3.695446,1471,10.7086
4084,55,42,4.436889,4.436889,1464,10.5888
4085,42,54,3.670862,3.670862,1192,9.9737
4086,54,25,2.525632,2.525632,1442,10.5932
4087,25,2,3.217704,3.217704,1272,9.9315
4088,2,54,3.384553,3.384553,1458,10.7326
4089,54,0,3.439635,3.439635,1483,10.7545
4090,0,60,3.517613,3.517613,1459,10.6735
4091,60,38,3.244656,3.244656,1457,10.6096
4092,38,50,3.085225,3.085225,1455,10.6041
4093,50,54,4.257138,4.257138,1442,10.6162
4094,54,0,3.333970,3.333970,1470,10.7714
4095,0,21,3.570388,3.570388,1445,10.6106
4096,21,9,3.665472,3.665472,1453,10.6651
4097,9,44,3.200768,3.200768,1431,10.6356
4098,44,35,4.670775,4.670775,1474,10.7978
4099,35,8,2.441969,2.441969,1431,10.5709
4100,8,41,2.802599,2.802599,1469,10.5731
4101,41,36,5.192074,5.192074,1456,10.5667
4102,36,29,2.598444,2.598444,1387,10.3908
4103,29,48,2.279929,2.279929,1439,10.6956
4104,48,51,2.909051,2.909051,946,8.0720
4105,51,51,1.033651,1.033651,1484,10.7383
4106,51,51,0.886522,0.886522,935,7.8932
4107,51,51,0.756300,0.756300,1184,9.0734
4108,51,51,0.644044,0.644044,1410,10.4868
4109,51,51,0.549308,0.549308,1467,10.6758
4110,51,51,0.470538,0.470538,1437,10.6879
4111,51,16,2.508768,2.508768,1462,10.6538
4112,16,21,4.716917,4.716917,1453,10.6322
4113,21,48,2.730167,2.730167,1473,10.8364
4114,48,25,3.165530,3.165530,1240,9.7419
4115,25,36,2.666871,2.666871,1463,10.6235
4116,36,21,3.291636,3.291636,1456,10.7012
4117,21,9,3.585383,3.585383,1450,10.7334
4118,9,15,2.764155,2.764155,1469,10.6210
4119,15,49,2.671714,2.671714,1463,10.6359
4120,49,50,3.634221,3.634221,1441,10.5729
4121,50,53,3.928361,3.928361,1449,10.5940
4122,53,17,2.777822,2.777822,1464,10.7883
4123,17,2,4.689320,4.689320,1447,10.6014
4124,2,45,3.040960,3.040960,1473,10.6313
4125,45,30,2.778981,2.778981,1011,8.3182
4126,30,46,2.516719,2.516719,1466,10.7210
4127,46,47,2.948152,2.948152,1465,10.7761
4128,47,22,2.940204,2.940204,1463,10.7087
4129,22,35,4.844508,4.844508,1456,10.6368
4130,35,8,2.352283,2.352283,1454,10.6094
4131,8,41,2.725400,2.725400,1457,10.6923
4132,41,6,3.529849,3.529849,1461,10.6586
4133,6,22,4.332309,4.332309,1474,10.6477
4134,22,35,4.704606,4.704606,1479,10.5765
4135,35,8,2.275140,2.275140,1463,10.7697
4136,8,41,2.656008,2.656008,1479,10.6425
4137,41,6,3.423210,3.423210,1467,10.6188
4138,6,56,3.414112,3.414112,1416,10.4839
4139,56,34,2.885231,2.885231,1452,10.6585
4140,34,7,3.340554,3.340554,1464,10.7231
4141,7,31,3.236343,3.236343,1452,10.6475
4142,31,12,3.333102,3.333102,1456,10.8038
4143,12,20,3.104341,3.104341,1291,10.0658
4144,20,10,2.358383,2.358383,1421,10.5605
4145,10,2,3.690330,3.690330,1442,10.6359
4146,2,12,3.133031,3.133031,1436,10.7199
4147,12,35,3.111739,3.111739,1447,10.6298
4148,35,8,2.238868,2.238868,1447,10.6435
4149,8,41,2.591315,2.591315,1459,10.5996
4150,41,6,3.315993,3.315993,1448,10.6554
4151,6,32,2.701035,2.701035,1475,10.6918
4152,32,9,3.450744,3.450744,1455,10.6040
4153,9,3,2.888896,2.888896,1444,10.6778
4154,3,10,3.780966,3.780966,1426,10.6285
4155,10,11,5.228016,5.228016,1457,10.6837
4156,11,42,2.818085,2.818085,1172,10.1831
4157,42,54,3.611022,3.611022,1426,10.6042
4158,54,0,3.260950,3.260950,1448,10.7937
4159,0,21,3.497550,3.497550,1457,10.7277
4160,21,47,4.254088,4.254088,1463,10.7171
4161,47,22,2.813034,2.813034,1473,10.7850
4162,22,35,4.638850,4.638850,1454,10.6199
4163,35,53,3.570344,3.570344,1481,10.6417
4164,53,11,4.547208,4.547208,1454,10.5847
4165,11,45,2.358803,2.358803,1303,10.1136
4166,45,63,3.177979,3.177979,1187,9.9438
4167,63,47,4.795535,4.795535,1453,10.6149
4168,47,51,3.436346,3.436346,1444,10.5902
4169,51,51,0.525713,0.525713,1453,10.6892
4170,51,16,2.346060,2.346060,1469,10.6230
4171,16,53,4.858460,4.858460,1441,10.6209
4172,53,17,2.760087,2.760087,1485,10.7480
4173,17,2,4.553201,4.553201,1453,10.6824
4174,2,12,3.044301,3.044301,832,6.6833
4175,12,35,3.052882,3.052882,1427,10.8700
4176,35,0,3.228903,3.228903,1447,10.6789
4177,0,25,2.590484,2.590484,1446,10.6448
4178,25,29,2.299615,2.299615,1466,10.6256
4179,29,23,2.088241,2.088241,1127,9.3329
4180,23,18,3.805317,3.805317,1453,10.6391
4181,18,38,3.853860,3.853860,1375,10.4765
4182,38,2,3.899480,3.899480,1437,10.6642
4183,2,45,2.994727,2.994727,1444,10.6872
4184,45,30,2.751715,2.751715,1453,10.6699
4185,30,31,3.791037,3.791037,1453,10.5836
4186,31,12,3.276337,3.276337,1461,10.7246
4187,12,35,2.930242,2.930242,1447,10.6109
4188,35,0,3.075520,3.075520,1455,10.6437
4189,0,60,3.521365,3.521365,1450,10.6672
4190,60,38,3.205380,3.205380,1446,10.5672
4191,38,2,3.759825,3.759825,1442,10.5752
4192,2,12,2.989457,2.989457,1444,10.5778
4193,12,35,2.829652,2.829652,1468,10.6807
4194,35,0,2.925487,2.925487,1476,10.7857
4195,0,21,3.488567,3.488567,1442,10.7125
4196,21,48,2.761472,2.761472,1446,10.6005
4197,48,51,2.562352,2.562352,1430,10.6085
4198,51,29,3.525027,3.525027,1448,10.5700
4199,29,23,1.959228,1.959228,1462,10.6805
4200,23,29,1.577708,1.577708,1453,10.6456
4201,29,48,2.276326,2.276326,1472,10.6179
4202,48,25,3.109170,3.109170,1465,10.5718
4203,25,2,3.484474,3.484474,1449,10.5777
4204,2,45,2.907590,2.907590,1462,10.6388
4205,45,63,3.060511,3.060511,1466,10.5931
4206,63,18,2.866764,2.866764,1464,10.5695
4207,18,38,3.726180,3.726180,1467,10.6374
4208,38,2,3.687233,3.687233,1487,10.6261
4209,2,12,2.900769,2.900769,1452,10.5644
4210,12,43,4.698259,4.698259,1464,10.5563
4211,43,51,4.295679,4.295679,1031,8.6680
4212,51,16,2.095080,2.095080,1452,10.6758
4213,16,23,3.824957,3.824957,1408,10.4021
4214,23,29,1.576588,1.576588,1441,10.6294
4215,29,23,1.861262,1.861262,1461,10.5933
4216,23,29,1.474472,1.474472,1437,10.5639
4217,29,11,3.323338,3.323338,1476,10.6899
4218,11,45,2.397686,2.397686,1431,10.5812
4219,45,63,2.963580,2.963580,1460,10.6440
4220,63,6,5.124310,5.124310,1453,10.5694
4221,6,56,3.365619,3.365619,590,6.8913
4222,56,34,2.718120,2.718120,901,7.9687
4223,34,40,2.413270,2.413270,1271,9.6980
4224,40,25,4.932711,4.932711,832,7.4034
4225,25,36,2.658206,2.658206,1458,10.5616
4226,36,29,2.610939,2.610939,1449,10.6114
4227,29,11,3.127383,3.127383,1474,10.5598
4228,11,45,2.345243,2.345243,1447,10.6291
4229,45,62,4.393336,4.393336,1444,10.7010
4230,62,60,3.937361,3.937361,1457,10.5957
4231,60,38,3.134001,3.134001,1483,10.7301
4232,38,54,4.084313,4.084313,1460,10.5943
4233,54,0,3.328009,3.328009,1467,10.5825
4234,0,25,2.732916,2.732916,1444,10.6216
4235,25,29,2.214745,2.214745,1461,10.5918
4236,29,23,1.923782,1.923782,1443,10.5311
4237,23,18,3.932544,3.932544,1457,10.5634
4238,18,12,3.686450,3.686450,1445,10.7066
4239,12,35,2.787906,2.787906,1453,10.6444
4240,35,0,2.830905,2.830905,1442,10.6067
4241,0,60,3.494073,3.494073,1456,10.5828
4242,60,36,2.937255,2.937255,1436,10.7152
4243,36,21,3.092952,3.092952,1460,10.6580
4244,21,48,2.724230,2.724230,1459,10.5725
4245,48,51,2.726797,2.726797,1462,10.5305
4246,51,29,3.171313,3.171313,1486,10.8172
4247,29,48,2.323756,2.323756,1478,10.6184
4248,48,25,3.088476,3.088476,1451,10.5642
4249,25,2,3.471887,3.471887,1444,10.5821
4250,2,12,2.870331,2.870331,1476,10.5662
4251,12,20,3.180541,3.180541,1462,10.5660
4252,20,10,2.411670,2.411670,1405,10.6693
4253,10,2,3.814064,3.814064,1460,10.7163
4254,2,45,2.883181,2.883181,1456,10.5912
4255,45,63,2.896631,2.896631,1441,10.5409
4256,63,18,2.872030,2.872030,1480,10.5704
4257,18,12,3.552226,3.552226,1452,10.6013
4258,12,35,2.776517,2.776517,1453,10.5937
4259,35,0,2.706693,2.706693,1459,10.6583
4260,0,25,2.784938,2.784938,1425,10.5373
4261,25,29,2.230169,2.230169,1460,10.5893
4262,29,11,3.046036,3.046036,1459,10.5828
4263,11,42,3.003791,3.003791,1424,10.6495
4264,42,0,4.596097,4.596097,1437,10.7542
4265,0,21,3.462210,3.462210,1451,10.5699
4266,21,47,4.190056,4.190056,1432,10.6942
4267,47,22,2.712357,2.712357,1450,10.6158
4268,22,35,4.680024,4.680024,810,7.8171
4269,35,8,2.537123,2.537123,1449,10.7622
4270,8,41,2.474198,2.474198,1457,10.5970
4271,41,6,3.264951,3.264951,1431,10.6420
4272,6,56,3.269664,3.269664,1475,10.6948
4273,56,34,2.593019,2.593019,1210,9.6345
4274,34,35,4.498299,4.498299,1460,10.7133
4275,35,0,2.722388,2.722388,1461,10.6369
4276,0,21,3.351013,3.351013,1459,10.6021
4277,21,9,3.863746,3.863746,1445,10.5695
4278,9,44,3.158821,3.158821,1443,10.6345
4279,44,35,5.091788,5.091788,1384,10.5372
4280,35,8,2.417472,2.417472,1469,10.6175
4281,8,41,2.426188,2.426188,1457,10.5863
4282,41,6,3.159795,3.159795,1436,10.5823
4283,6,32,2.689024,2.689024,1453,10.6159
4284,32,9,3.402242,3.402242,1451,10.7039
4285,9,15,2.737842,2.737842,1462,10.6302
4286,15,19,3.697149,3.697149,1390,10.4114
4287,19,38,4.605449,4.605449,1217,9.7777
4288,38,50,3.071249,3.071249,991,8.9457
4289,50,54,4.143761,4.143761,1444,10.6406
4290,54,25,2.801066,2.801066,1429,10.5822
4291,25,36,2.685485,2.685485,998,7.8882
4292,36,21,2.889007,2.889007,1437,10.5549
4293,21,48,2.739939,2.739939,1394,10.5164
4294,48,25,3.000549,3.000549,1450,10.7961
4295,25,36,2.576926,2.576926,1447,10.6254
4296,36,29,2.605126,2.605126,1452,10.7180
4297,29,23,2.006134,2.006134,1446,10.6110
4298,23,18,3.752953,3.752953,1445,10.6158
4299,18,12,3.433030,3.433030,1440,10.8392
4300,12,43,4.568516,4.568516,1455,10.6426
4301,43,51,4.268708,4.268708,1282,9.8659
4302,51,29,3.121764,3.121764,1268,10.1149
4303,29,23,1.875177,1.875177,1473,10.7513
4304,23,18,3.675968,3.675968,1461,10.6697
4305,18,38,3.830933,3.830933,1461,10.6339
4306,38,2,3.702618,3.702618,1451,10.6358
4307,2,45,2.843235,2.843235,1440,10.5941
4308,45,63,2.770099,2.770099,1423,10.5515
4309,63,6,5.198615,5.198615,1453,10.6357
4310,6,32,2.636745,2.636745,1159,9.9339
4311,32,9,3.249220,3.249220,1257,10.1398
4312,9,15,2.619925,2.619925,1464,10.7253
4313,15,49,2.705909,2.705909,1445,10.6364
4314,49,50,3.515839,3.515839,1150,9.2897
4315,50,54,4.082435,4.082435,1401,10.5170
4316,54,0,3.416628,3.416628,931,7.9081
4317,0,25,2.681646,2.681646,1474,10.6917
4318,25,36,2.469749,2.469749,1463,10.6391
4319,36,29,2.568190,2.568190,1447,10.6209
4320,29,23,1.817507,1.817507,1471,10.6140
4321,23,18,3.582056,3.582056,1427,10.7404
4322,18,38,3.711524,3.711524,1473,10.6530
4323,38,50,3.071353,3.071353,1472,10.6131
4324,50,53,3.917834,3.917834,1437,10.7698
4325,53,11,4.510932,4.510932,1268,10.0682
4326,11,45,2.437904,2.437904,1450,10.6841
4327,45,30,3.002706,3.002706,1457,10.5411
4328,30,31,3.648749,3.648749,1448,10.8386
4329,31,54,3.665690,3.665690,1300,10.1252
4330,54,25,2.810029,2.810029,1473,10.6936
4331,25,36,2.377541,2.377541,1443,10.9957
4332,36,29,2.470358,2.470358,1456,10.6185
4333,29,23,1.787306,1.787306,1468,10.6179
4334,23,0,5.429856,5.429856,1459,10.6525
4335,0,25,2.501872,2.501872,1448,10.5818
4336,25,36,2.293200,2.293200,1451,10.7814
4337,36,29,2.376602,2.376602,1465,10.6385
4338,29,23,1.755799,1.755799,1446,10.6146
4339,23,18,3.548068,3.548068,1458,10.5607
4340,18,38,3.593661,3.593661,1462,10.6815
4341,38,2,3.682324,3.682324,1421,10.5580
4342,2,12,2.905460,2.905460,1466,10.6537
4343,12,35,3.032800,3.032800,1471,10.6013
4344,35,8,2.368039,2.368039,1475,10.6822
4345,8,41,2.368150,2.368150,1449,10.6138
4346,41,36,5.518289,5.518289,1423,10.5510
4347,36,29,2.304184,2.304184,1446,10.6698
4348,29,23,1.721954,1.721954,1441,10.5674
4349,23,18,3.441492,3.441492,1490,10.6348
4350,18,38,3.494971,3.494971,1472,10.6379
4351,38,50,3.078296,3.078296,1487,10.6527
4352,50,33,3.703113,3.703113,1376,10.5608
4353,33,11,4.734250,4.734250,1408,10.5235
4354,11,45,2.401984,2.401984,1465,10.6243
4355,45,63,2.769502,2.769502,1464,10.6059
4356,63,6,5.049031,5.049031,1466,10.5511
4357,6,32,2.593688,2.593688,1243,9.8650
4358,32,61,3.563885,3.563885,927,8.7989
4359,61,34,4.574087,4.574087,309,4.9997
4360,34,35,4.354438,4.354438,1489,10.9523
4361,35,0,2.787754,2.787754,1425,10.7083
4362,0,21,3.302989,3.302989,1195,9.5416
4363,21,47,4.117594,4.117594,1466,10.6405
4364,47,22,2.602135,2.602135,1467,10.7563
4365,22,35,4.458285,4.458285,1464,10.6413
4366,35,0,2.692656,2.692656,1464,10.6529
4367,0,25,2.550269,2.550269,1454,10.6022
4368,25,36,2.365700,2.365700,1399,10.3046
4369,36,29,2.228066,2.228066,1446,10.5072
4370,29,11,3.397916,3.397916,1503,10.5777
4371,11,45,2.354204,2.354204,1477,10.5307
4372,45,30,2.977451,2.977451,1443,10.5985
4373,30,31,3.587785,3.587785,1473,10.5629
4374,31,54,3.498209,3.498209,1459,10.6129
4375,54,25,2.735963,2.735963,1452,10.6146
4376,25,29,2.241748,2.241748,1469,10.6274
4377,29,23,1.819417,1.819417,1438,10.5333
4378,23,29,1.692099,1.692099,1496,10.6806
4379,29,11,3.298305,3.298305,1469,10.6756
4380,11,42,3.083320,3.083320,1484,10.7577
4381,42,54,3.780226,3.780226,1469,10.5964
4382,54,25,2.633008,2.633008,1467,10.6721
4383,25,36,2.377750,2.377750,1443,10.5487
4384,36,29,2.067423,2.067423,1463,10.5929
4385,29,11,3.130106,3.130106,1465,10.5933
4386,11,45,2.384312,2.384312,1430,10.5487
4387,45,62,4.386440,4.386440,1535,10.6265
4388,62,21,4.446396,4.446396,1436,10.6970
4389,21,48,2.944007,2.944007,1467,10.7676
4390,48,51,2.849967,2.849967,1452,10.5715
4391,51,29,3.355141,3.355141,1480,10.6324
4392,29,48,2.639635,2.639635,1492,10.5940
4393,48,25,3.311630,3.311630,1477,10.6358
4394,25,29,2.151088,2.151088,1476,10.6768
4395,29,23,1.973714,1.973714,1451,10.6625
4396,23,29,1.617116,1.617116,1437,10.5526
4397,29,11,3.033090,3.033090,1440,10.5207
4398,11,42,3.097721,3.097721,1456,10.5703
4399,42,45,2.246451,2.246451,1443,10.5596
4400,45,62,4.196649,4.196649,1462,10.5622
4401,62,21,4.340486,4.340486,1465,10.6623
4402,21,48,2.811531,2.811531,1464,10.5893
4403,48,25,3.189049,3.189049,1454,10.6267
4404,25,29,2.027529,2.027529,1471,10.6491
4405,29,48,2.584197,2.584197,1449,10.6804
4406,48,51,2.928378,2.928378,1433,10.4982
4407,51,29,3.178775,3.178775,1473,10.7076
4408,29,11,2.882881,2.882881,1455,10.5316
4409,11,24,5.478721,5.478721,1442,10.6990
4410,24,54,3.762828,3.762828,581,5.2396
4411,54,25,2.678417,2.678417,1464,10.6811
4412,25,29,2.041557,2.041557,1468,10.5728
4413,29,11,2.710982,2.710982,1438,10.6782
4414,11,45,2.463389,2.463389,1471,10.6042
4415,45,30,3.001989,3.001989,1418,10.5649
4416,30,31,3.521923,3.521923,1447,10.7491
4417,31,54,3.361237,3.361237,1491,10.5647
4418,54,25,2.597685,2.597685,1461,10.6201
4419,25,29,2.008247,2.008247,1414,10.8628
4420,29,23,2.196036,2.196036,1459,10.6225
4421,23,29,1.589795,1.589795,1449,10.5258
4422,29,11,2.621692,2.621692,1460,10.5084
4423,11,42,3.214669,3.214669,1429,10.6067
4424,42,0,4.703172,4.703172,1451,10.5248
4425,0,21,3.295345,3.295345,1447,10.6145
4426,21,47,3.967502,3.967502,1461,10.5658
4427,47,51,3.496455,3.496455,1441,10.6399
4428,51,51,0.963339,0.963339,1445,10.7012
4429,51,16,2.164260,2.164260,1449,10.6013
4430,16,21,5.129775,5.129775,1471,10.6481
4431,21,48,2.735731,2.735731,1504,10.6441
4432,48,6,5.317667,5.317667,1448,10.5279
4433,6,56,3.304767,3.304767,467,6.0740
4434,56,34,2.524468,2.524468,1477,10.6448
4435,34,7,3.298708,3.298708,1471,10.5635
4436,7,31,3.398791,3.398791,1470,10.5316
4437,31,30,3.128033,3.128033,1499,10.6232
4438,30,46,2.777232,2.777232,1454,10.6967
4439,46,46,0.991051,0.991051,1435,10.7268
4440,46,46,0.850055,0.850055,1457,10.6286
4441,46,47,3.071222,3.071222,1475,10.6153
4442,47,51,3.386263,3.386263,1458,10.5644
4443,51,16,2.070254,2.070254,1441,10.5330
4444,16,21,4.952679,4.952679,1453,10.6775
4445,21,9,4.086692,4.086692,1470,10.5981
4446,9,3,2.892010,2.892010,1467,10.6203
4447,3,41,3.611265,3.611265,1354,10.3028
4448,41,36,5.310920,5.310920,1456,10.6378
4449,36,29,2.152663,2.152663,1294,9.8324
4450,29,11,2.457510,2.457510,1436,10.6158
4451,11,45,2.517433,2.517433,1460,10.6000
4452,45,63,3.017059,3.017059,1455,10.6471
4453,63,18,3.037861,3.037861,1190,9.4448
4454,18,38,3.278010,3.278010,1469,10.6270
4455,38,50,2.998289,2.998289,1335,10.2349
4456,50,53,3.852779,3.852779,1458,10.6626
4457,53,11,4.823868,4.823868,1453,10.7560
4458,11,42,3.105844,3.105844,1435,10.5528
4459,42,45,2.110447,2.110447,1462,10.6409
4460,45,63,2.878607,2.878607,1447,10.6203
4461,63,6,4.923658,4.923658,1468,10.5898
4462,6,56,3.257057,3.257057,1452,10.6649
4463,56,34,2.416481,2.416481,1417,10.5887
4464,34,40,2.503439,2.503439,1465,10.6965
4465,40,25,5.089618,5.089618,1454,10.5996
4466,25,36,2.666689,2.666689,1479,10.6472
4467,36,34,4.481502,4.481502,1451,10.7267
4468,34,40,2.397662,2.397662,1448,10.6681
4469,40,25,4.938808,4.938808,1456,10.6487
4470,25,29,2.003624,2.003624,1469,10.6535
4471,29,11,2.416502,2.416502,1458,10.7042
4472,11,42,3.021927,3.021927,1468,10.6190
4473,42,0,4.641236,4.641236,1444,10.6916
4474,0,60,3.662452,3.662452,1433,10.6781
4475,60,38,3.276360,3.276360,1443,10.6497
4476,38,54,4.045022,4.045022,1473,10.6807
4477,54,25,2.708492,2.708492,1439,10.5829
4478,25,36,2.597137,2.597137,1484,10.6497
4479,36,21,3.140860,3.140860,1441,10.5636
4480,21,48,2.644820,2.644820,1431,10.5207
4481,48,6,5.062265,5.062265,1455,10.5746
4482,6,56,3.193070,3.193070,1455,10.6908
4483,56,6,3.634930,3.634930,1446,10.8538
4484,6,32,2.738881,2.738881,1409,10.4826
4485,32,27,3.339525,3.339525,1409,10.5902
4486,27,20,3.977405,3.977405,1265,10.3849
4487,20,3,4.638774,4.638774,1159,9.6417
4488,3,41,3.458361,3.458361,1404,10.6111
4489,41,36,5.251262,5.251262,451,5.8065
4490,36,21,2.939321,2.939321,1428,10.6826
4491,21,47,3.897954,3.897954,1464,10.7689
4492,47,22,2.645427,2.645427,1453,10.7133
4493,22,20,4.668882,4.668882,1468,10.6721
4494,20,8,3.483615,3.483615,1468,10.6407
4495,8,41,2.371382,2.371382,1467,10.7183
4496,41,30,5.259542,5.259542,1423,10.5550
4497,30,31,3.301127,3.301127,1435,10.5533
4498,31,12,3.589675,3.589675,1458,10.6110
4499,12,35,3.017778,3.017778,1445,10.6395
4500,35,53,3.943822,3.943822,1472,10.6911
4501,53,11,4.746400,4.746400,1447,10.6533
4502,11,42,2.831696,2.831696,1455,10.6792
4503,42,54,4.010994,4.010994,1407,10.7635
4504,54,44,6.050950,6.050950,1257,9.7202
4505,44,35,4.987893,4.987893,944,8.3518
4506,35,8,2.362049,2.362049,1420,10.5817
4507,8,41,2.325796,2.325796,1437,10.5857
4508,41,30,5.091598,5.091598,1460,10.6898
4509,30,46,2.544033,2.544033,1492,10.6920
4510,46,1,3.796001,3.796001,1467,10.6178
4511,1,32,3.446505,3.446505,1442,10.7084
4512,32,9,3.251480,3.251480,1441,10.5632
4513,9,3,2.842948,2.842948,1457,10.7341
4514,3,39,3.294018,3.294018,1372,10.2504
4515,39,15,3.267290,3.267290,1436,10.5626
4516,15,19,3.552410,3.552410,1349,10.1634
4517,19,24,3.442188,3.442188,1409,10.5517
4518,24,0,4.595074,4.595074,1341,10.2763
4519,0,21,3.205269,3.205269,1437,10.6763
4520,21,48,2.584087,2.584087,1439,10.6665
4521,48,25,3.344731,3.344731,1429,10.6402
4522,25,2,3.819811,3.819811,1435,10.5773
4523,2,12,2.933652,2.933652,1464,10.6857
4524,12,20,3.199354,3.199354,1449,10.6461
4525,20,10,2.368893,2.368893,1447,10.7750
4526,10,2,3.733554,3.733554,1434,10.5619
4527,2,54,3.653091,3.653091,1463,10.6760
4528,54,44,5.902121,5.902121,1479,10.5998
4529,44,35,4.795344,4.795344,1452,10.6418
4530,35,8,2.285498,2.285498,1286,10.0352
4531,8,41,2.274123,2.274123,1451,10.6094
4532,41,6,3.537996,3.537996,1477,10.7076
4533,6,32,2.706784,2.706784,1492,10.6818
4534,32,9,3.105723,3.105723,1449,10.6339
4535,9,15,2.684676,2.684676,1462,10.6634
4536,15,49,2.624558,2.624558,1449,10.5783
4537,49,48,5.432955,5.432955,1397,10.6133
4538,48,25,3.205707,3.205707,1435,10.5598
4539,25,29,2.018349,2.018349,1312,10.1570
4540,29,23,2.281524,2.281524,1260,10.1725
4541,23,29,1.764501,1.764501,1471,10.7621
4542,29,48,2.690962,2.690962,1442,10.6867
4543,48,51,2.957653,2.957653,1464,10.7949
4544,51,29,3.281983,3.281983,1460,10.5900
4545,29,23,2.133097,2.133097,1467,10.7299
4546,23,18,3.385704,3.385704,1459,10.7695
4547,18,38,3.176310,3.176310,1431,10.7478
4548,38,2,3.789340,3.789340,1448,10.8245
4549,2,45,3.090795,3.090795,1169,9.1132
4550,45,63,2.711082,2.711082,1465,10.6180
4551,63,18,3.003014,3.003014,1447,10.6916
4552,18,12,3.686049,3.686049,1461,10.7030
4553,12,20,3.110948,3.110948,1458,10.5760
4554,20,10,2.338735,2.338735,1458,10.7322
4555,10,2,3.615901,3.615901,1468,10.6099
4556,2,12,2.844480,2.844480,1479,10.5898
4557,12,20,2.981141,2.981141,1465,10.6707
4558,20,10,2.314861,2.314861,1474,10.6789
4559,10,2,3.460255,3.460255,1460,10.6383
4560,2,12,2.738604,2.738604,1476,10.7467
4561,12,20,2.852046,2.852046,1457,10.6300
4562,20,10,2.293343,2.293343,1448,10.6249
4563,10,11,5.813897,5.813897,1450,10.5710
4564,11,42,2.723861,2.723861,1410,10.6189
4565,42,54,3.899983,3.899983,1452,10.7335
4566,54,25,2.683991,2.683991,1476,10.8186
4567,25,29,2.029361,2.029361,1470,10.7376
4568,29,11,2.710637,2.710637,1453,10.5969
4569,11,45,2.540409,2.540409,1481,10.6898
4570,45,30,3.316089,3.316089,1469,10.6469
4571,30,46,2.542676,2.542676,1475,10.7211
4572,46,1,3.639571,3.639571,1465,10.6807
4573,1,47,2.488497,2.488497,1444,10.6747
4574,47,51,3.302810,3.302810,1462,10.6274
4575,51,29,3.189219,3.189219,1457,10.6641
4576,29,23,2.095800,2.095800,1487,10.6348
4577,23,29,1.630468,1.630468,1441,10.6025
4578,29,23,1.936939,1.936939,1402,10.5192
4579,23,18,3.427636,3.427636,1445,10.5666
4580,18,12,3.630083,3.630083,1468,10.6645
4581,12,35,3.361853,3.361853,1455,10.6788
4582,35,0,2.984967,2.984967,1456,10.8244
4583,0,25,2.779510,2.779510,1467,10.6813
4584,25,2,3.940439,3.940439,1449,10.6175
4585,2,45,3.043440,3.043440,1458,10.6483
4586,45,30,3.164096,3.164096,1445,10.5888
4587,30,46,2.542152,2.542152,1468,10.6793
4588,46,46,0.781930,0.781930,1479,10.6943
4589,46,47,3.112826,3.112826,1447,10.5772
4590,47,56,2.781863,2.781863,1459,10.6275
4591,56,1,2.577749,2.577749,1321,10.2982
4592,1,47,2.346597,2.346597,1467,10.6112
4593,47,51,3.302715,3.302715,1461,10.6461
4594,51,29,3.037349,3.037349,1457,10.7162
4595,29,23,1.810899,1.810899,1447,10.7107
4596,23,29,1.534038,1.534038,1454,10.6044
4597,29,11,2.711125,2.711125,1444,10.6173
4598,11,42,2.785475,2.785475,1446,10.6417
4599,42,0,4.609617,4.609617,1459,10.5426
4600,0,25,2.643733,2.643733,1463,10.6237
4601,25,29,2.136013,2.136013,1433,10.6071
4602,29,23,1.800334,1.800334,1413,10.5286
4603,23,29,1.460505,1.460505,1496,10.6460
4604,29,11,2.630226,2.630226,1459,10.6160
4605,11,42,2.721121,2.721121,1472,10.5285
4606,42,54,3.887705,3.887705,1475,10.5881
4607,54,25,2.582351,2.582351,1467,10.5495
4608,25,29,2.092948,2.092948,1499,10.6278
4609,29,11,2.466406,2.466406,1469,10.5366
4610,11,42,2.639119,2.639119,1452,10.4975
4611,42,54,3.796316,3.796316,1444,10.5266
4612,54,25,2.475120,2.475120,1435,10.5451
4613,25,36,2.911057,2.911057,1477,10.7178
4614,36,34,4.218505,4.218505,1495,10.5719
4615,34,35,4.220370,4.220370,1310,10.4088
4616,35,0,2.972632,2.972632,1475,10.7258
4617,0,60,3.635679,3.635679,1479,10.9100
4618,60,38,3.253207,3.253207,1459,10.7469
4619,38,2,3.724631,3.724631,1464,10.6352
4620,2,45,2.980049,2.980049,1484,10.6508
4621,45,30,3.043443,3.043443,1469,10.5774
4622,30,46,2.491668,2.491668,1462,10.6584
4623,46,47,2.943388,2.943388,1473,10.7187
4624,47,22,2.715152,2.715152,1460,10.6186
4625,22,35,4.382477,4.382477,1428,10.5824
4626,35,8,2.309017,2.309017,1447,10.6497
4627,8,41,2.214287,2.214287,1205,9.5839
4628,41,36,5.103892,5.103892,1464,10.7861
4629,36,34,3.997554,3.997554,1433,10.5256
4630,34,40,2.328169,2.328169,1466,10.7613
4631,40,57,3.322497,3.322497,931,8.1697
4632,57,32,4.154846,4.154846,1101,9.0852
4633,32,61,3.433536,3.433536,1438,10.5878
4634,61,2,4.876269,4.876269,1423,10.5688
4635,2,12,2.720466,2.720466,1453,10.5712
4636,12,35,3.376029,3.376029,1459,10.6094
4637,35,0,2.870051,2.870051,1452,10.6409
4638,0,25,2.640039,2.640039,1418,10.5251
4639,25,2,3.915647,3.915647,1367,10.2417
4640,2,45,2.878604,2.878604,1468,10.6056
4641,45,30,2.920433,2.920433,1429,10.5616
4642,30,46,2.494019,2.494019,1128,9.0533
4643,46,1,3.773873,3.773873,1450,10.6545
4644,1,32,3.461504,3.461504,1452,10.5710
4645,32,27,3.247613,3.247613,1332,10.1177
4646,27,2,4.764811,4.764811,378,4.2217
4647,2,45,2.800137,2.800137,1127,9.3070
4648,45,62,4.179962,4.179962,1509,10.6141
4649,62,21,4.304606,4.304606,1458,10.7413
4650,21,9,4.185434,4.185434,1449,10.6477
4651,9,15,2.594348,2.594348,1446,10.6379
4652,15,49,2.573551,2.573551,1412,10.5193
4653,49,43,3.999121,3.999121,418,5.4127
4654,43,11,4.686575,4.686575,1470,10.6085
4655,11,45,2.789616,2.789616,1449,10.6823
4656,45,30,2.871384,2.871384,1463,10.6905
4657,30,31,3.731646,3.731646,1427,10.6117
4658,31,12,3.722578,3.722578,1422,10.5880
4659,12,35,3.223563,3.223563,1483,10.7136
4660,35,0,2.725416,2.725416,1472,10.6910
4661,0,21,3.359189,3.359189,1456,10.6892
4662,21,47,3.873690,3.873690,1491,10.6683
4663,47,22,2.602656,2.602656,1431,10.5964
4664,22,35,4.348629,4.348629,1458,10.7153
4665,35,0,2.634435,2.634435,1467,10.8267
4666,0,21,3.256062,3.256062,1442,10.6018
4667,21,48,2.834833,2.834833,1365,10.2847
4668,48,51,2.969026,2.969026,1440,10.6036
4669,51,16,2.160645,2.160645,1452,10.7305
4670,16,21,5.046705,5.046705,1464,10.7146
4671,21,9,4.187477,4.187477,1464,10.6168
4672,9,3,2.853481,2.853481,1477,10.6543
4673,3,41,3.504895,3.504895,1336,9.9467
4674,41,30,5.209718,5.209718,1444,10.6253
4675,30,31,3.535821,3.535821,1461,10.6691
4676,31,30,3.095132,3.095132,1466,10.6853
4677,30,31,3.267865,3.267865,1451,10.6766
4678,31,54,3.412434,3.412434,1470,10.6356
4679,54,25,2.438660,2.438660,1449,10.6364
4680,25,36,2.973760,2.973760,1459,10.6245
4681,36,29,2.533887,2.533887,1434,10.7054
4682,29,11,2.400397,2.400397,1449,10.6999
4683,11,45,2.741044,2.741044,1449,10.5741
4684,45,63,3.020752,3.020752,1417,10.5808
4685,63,6,4.736319,4.736319,1458,10.5854
4686,6,56,3.086481,3.086481,1447,10.7676
4687,56,6,3.435044,3.435044,1323,10.3180
4688,6,32,2.729294,2.729294,1428,10.5608
4689,32,9,3.239343,3.239343,1320,10.3736
4690,9,44,3.450347,3.450347,1492,10.6643
4691,44,36,4.620974,4.620974,935,8.0518
4692,36,34,3.863918,3.863918,1465,10.6299
4693,34,40,2.261888,2.261888,1432,10.6206
4694,40,25,4.993004,4.993004,1479,10.7231
4695,25,36,2.891132,2.891132,1215,9.5643
4696,36,29,2.446819,2.446819,1467,10.6598
4697,29,11,2.262368,2.262368,1474,10.7711
4698,11,45,2.671580,2.671580,1473,10.6068
4699,45,63,2.936122,2.936122,1451,10.5541
4700,63,18,3.011573,3.011573,1451,10.7407
4701,18,38,3.149844,3.149844,1463,10.7185
4702,38,54,3.990472,3.990472,1449,10.5656
4703,54,25,2.461446,2.461446,1467,10.6141
4704,25,36,2.804292,2.804292,1463,10.6018
4705,36,29,2.344283,2.344283,1459,10.6004
4706,29,11,2.152725,2.152725,1457,10.6395
4707,11,45,2.610252,2.610252,1467,10.6183
4708,45,63,2.871319,2.871319,1446,10.6922
4709,63,6,4.799963,4.799963,1452,10.5689
4710,6,32,2.694902,2.694902,1457,10.6830
4711,32,61,3.370168,3.370168,1246,9.9488
4712,61,33,3.664341,3.664341,994,8.5296
4713,33,11,5.085756,5.085756,1295,10.4884
4714,11,42,2.769212,2.769212,1444,10.5786
4715,42,54,3.705765,3.705765,1443,10.6215
4716,54,25,2.373510,2.373510,1482,10.6117
4717,25,29,2.297759,2.297759,1484,10.6019
4718,29,11,2.149552,2.149552,1469,10.6011
4719,11,24,5.803535,5.803535,1447,10.5769
4720,24,54,3.692935,3.692935,1451,10.6370
4721,54,25,2.295389,2.295389,1460,10.6508
4722,25,2,3.960668,3.960668,1467,10.6306
4723,2,12,2.740116,2.740116,1473,10.7009
4724,12,20,2.846534,2.846534,1419,10.5881
4725,20,10,2.269597,2.269597,1473,10.7964
4726,10,11,6.142441,6.142441,1456,10.6487
4727,11,42,2.660439,2.660439,1471,10.6291
4728,42,54,3.600663,3.600663,1454,10.7025
4729,54,0,4.017996,4.017996,1459,10.8749
4730,0,60,3.660820,3.660820,1466,10.7238
4731,60,38,3.230643,3.230643,1451,10.6415
4732,38,2,3.679952,3.679952,1464,10.5775
4733,2,12,2.635661,2.635661,1451,10.6348
4734,12,35,3.225515,3.225515,1446,10.5885
4735,35,8,2.442070,2.442070,1469,10.6038
4736,8,56,3.960490,3.960490,1436,10.5544
4737,56,1,2.595556,2.595556,1446,10.6652
4738,1,32,3.354151,3.354151,1408,10.5493
4739,32,9,3.135992,3.135992,1346,10.4952
4740,9,44,3.319841,3.319841,1428,10.7273
4741,44,27,3.860875,3.860875,370,3.8778
4742,27,53,4.499973,4.499973,1308,10.2850
4743,53,17,2.689099,2.689099,1474,10.7997
4744,17,7,3.552960,3.552960,1471,10.6751
4745,7,31,3.441869,3.441869,1464,10.6440
4746,31,12,3.734751,3.734751,1466,10.7495
4747,12,35,3.083984,3.083984,1460,10.6318
4748,35,8,2.390759,2.390759,1493,10.6376
4749,8,41,2.305599,2.305599,1451,10.6957
4750,41,6,3.591217,3.591217,1441,10.6275
4751,6,32,2.656112,2.656112,1480,10.6859
4752,32,61,3.279354,3.279354,1322,10.2206
4753,61,33,3.599229,3.599229,1373,10.4214
4754,33,11,5.078041,5.078041,1452,10.7033
4755,11,42,2.493734,2.493734,1454,10.6610
4756,42,45,2.268986,2.268986,1439,10.4985
4757,45,63,2.747409,2.747409,1429,10.5997
4758,63,6,4.738261,4.738261,1475,10.6591
4759,6,32,2.622824,2.622824,1467,10.7841
4760,32,9,2.997741,2.997741,1471,10.6545
4761,9,3,2.836329,2.836329,1463,10.6619
4762,3,39,3.310409,3.310409,1434,10.5968
4763,39,59,3.694593,3.694593,1449,10.6601
4764,59,26,3.611101,3.611101,1452,10.7538
4765,26,43,3.826543,3.826543,1447,10.7032
4766,43,46,4.214865,4.214865,1492,10.6346
4767,46,47,2.828725,2.828725,1426,10.6330
4768,47,51,3.291308,3.291308,1441,10.6726
4769,51,16,2.072162,2.072162,1399,10.5218
4770,16,53,4.631581,4.631581,1467,10.8878
4771,53,0,3.967508,3.967508,1445,10.6396
4772,0,60,3.511859,3.511859,1491,10.5822
4773,60,38,3.176795,3.176795,1431,10.6585
4774,38,2,3.514130,3.514130,1441,10.6370
4775,2,45,2.891849,2.891849,1425,10.6358
4776,45,63,2.596514,2.596514,1438,10.6092
4777,63,6,4.644559,4.644559,1487,10.7433
4778,6,32,2.604105,2.604105,1468,10.7208
4779,32,61,3.198890,3.198890,1461,10.6241
4780,61,33,3.534816,3.534816,1049,8.7047
4781,33,18,4.443920,4.443920,1454,10.5954
4782,18,12,3.589297,3.589297,1450,10.6267
4783,12,20,2.830672,2.830672,1380,10.5067
4784,20,10,2.254359,2.254359,1468,10.7333
4785,10,11,5.898441,5.898441,1428,10.7365
4786,11,45,2.413762,2.413762,999,9.0326
4787,45,30,3.328425,3.328425,1407,10.5928
4788,30,31,3.269442,3.269442,1467,11.0152
4789,31,12,3.603873,3.603873,1475,10.6214
4790,12,43,4.664998,4.664998,1450,10.5850
4791,43,51,4.375853,4.375853,1503,10.6570
4792,51,29,3.268360,3.268360,1416,10.6801
4793,29,11,2.386352,2.386352,1448,10.6611
4794,11,42,2.485706,2.485706,1446,10.5507
4795,42,0,4.864574,4.864574,1458,10.7413
4796,0,25,2.774668,2.774668,1471,10.7611
4797,25,36,2.828685,2.828685,1464,10.5712
4798,36,29,2.356346,2.356346,1427,10.6550
4799,29,48,2.894502,2.894502,1470,10.8484
4800,48,51,2.993816,2.993816,1467,10.7042
4801,51,16,2.024327,2.024327,1481,10.6648
4802,16,23,3.947574,3.947574,1452,10.7070
4803,23,29,1.933294,1.933294,1484,10.7594
4804,29,11,2.333162,2.333162,1453,10.9855
4805,11,45,2.460941,2.460941,1456,10.6379
4806,45,30,3.212847,3.212847,1453,10.6127
4807,30,31,3.233573,3.233573,1459,10.6646
4808,31,30,2.860586,2.860586,1454,10.6803
4809,30,46,2.771459,2.771459,1468,10.8784
4810,46,1,3.490710,3.490710,1467,10.6188
4811,1,19,3.928692,3.928692,1456,10.6657
4812,19,51,4.164352,4.164352,818,7.1569
4813,51,16,1.928974,1.928974,1410,10.5904
4814,16,21,4.833833,4.833833,1462,10.6410
4815,21,48,2.736491,2.736491,1483,10.7322
4816,48,51,3.012759,3.012759,1458,10.7400
4817,51,16,1.903297,1.903297,1461,10.5904
4818,16,23,3.787167,3.787167,1467,10.6436
4819,23,0,4.924262,4.924262,1466,10.6824
4820,0,21,3.346237,3.346237,1451,10.6437
4821,21,48,2.675873,2.675873,1472,10.7798
4822,48,25,3.667819,3.667819,1449,10.5738
4823,25,36,2.707090,2.707090,1456,10.6349
4824,36,21,3.138548,3.138548,1431,10.5378
4825,21,9,4.338032,4.338032,1477,10.5851
4826,9,15,2.735596,2.735596,1447,10.6980
4827,15,49,2.526444,2.526444,1453,10.6906
4828,49,43,3.898724,3.898724,1125,9.0899
4829,43,51,4.340623,4.340623,1320,10.4220
4830,51,29,3.170595,3.170595,1497,10.6002
4831,29,11,2.244728,2.244728,1455,10.6490
4832,11,42,2.527833,2.527833,1446,10.6246
4833,42,54,3.606348,3.606348,1469,10.6206
4834,54,0,3.885308,3.885308,1430,10.5366
4835,0,60,3.463995,3.463995,1433,10.7812
4836,60,38,3.118677,3.118677,1487,11.0956
4837,38,2,3.359209,3.359209,1445,10.6507
4838,2,12,2.711918,2.711918,1497,10.5962
4839,12,35,3.069477,3.069477,1451,10.6108
4840,35,8,2.359022,2.359022,1468,10.7471
4841,8,41,2.250074,2.250074,1455,10.6761
4842,41,36,5.191263,5.191263,1492,10.7119
4843,36,29,2.486656,2.486656,1468,10.6711
4844,29,11,2.140583,2.140583,1441,10.6265
4845,11,45,2.512468,2.512468,1468,10.7687
4846,45,30,3.146559,3.146559,1492,10.6107
4847,30,46,2.740699,2.740699,1445,10.6363
4848,46,46,0.937902,0.937902,1467,10.6444
4849,46,47,2.892722,2.892722,1442,10.5358
4850,47,22,2.632519,2.632519,1437,10.6762
4851,22,35,4.309249,4.309249,1452,10.6716
4852,35,53,4.205718,4.205718,1467,10.6267
4853,53,17,2.675990,2.675990,1458,10.7358
4854,17,7,3.425956,3.425956,1473,10.6797
4855,7,16,4.715929,4.715929,1468,10.7221
4856,16,21,4.661436,4.661436,1389,10.6146
4857,21,9,4.167492,4.167492,1469,10.7764
4858,9,3,2.775125,2.775125,1444,10.6124
4859,3,39,3.238105,3.238105,1461,10.6368
4860,39,44,2.855216,2.855216,1230,9.9487
4861,44,35,5.210094,5.210094,1451,10.6886
4862,35,0,2.866184,2.866184,1429,11.0015
4863,0,21,3.301289,3.301289,1484,10.6340
4864,21,9,4.105761,4.105761,1202,9.4168
4865,9,15,2.741101,2.741101,1484,10.7224
4866,15,39,3.619207,3.619207,1511,10.5756
4867,39,15,3.058202,3.058202,1097,8.5926
4868,15,49,2.501490,2.501490,1468,10.5961
4869,49,43,3.776128,3.776128,1338,10.3238
4870,43,11,4.770516,4.770516,1490,10.8166
4871,11,42,2.478449,2.478449,1375,10.4977
4872,42,54,3.485757,3.485757,1431,10.9052
4873,54,25,2.412787,2.412787,1440,10.6434
4874,25,36,2.799639,2.799639,1005,8.3205
4875,36,29,2.401752,2.401752,1455,10.6546
4876,29,48,2.753217,2.753217,1341,10.1488
4877,48,25,3.618262,3.618262,1451,10.5717
4878,25,36,2.662537,2.662537,1465,10.6264
4879,36,29,2.303126,2.303126,1461,10.6661
4880,29,11,2.233587,2.233587,1464,10.6286
4881,11,42,2.415437,2.415437,1465,10.6984
4882,42,0,4.652352,4.652352,1470,10.7098
4883,0,25,2.697587,2.697587,1438,10.7942
4884,25,29,2.388443,2.388443,1483,10.7043
4885,29,48,2.700754,2.700754,1461,10.6672
4886,48,51,3.104546,3.104546,1474,10.6807
4887,51,29,3.203132,3.203132,1477,10.7335
4888,29,11,2.175099,2.175099,1472,10.7704
4889,11,45,2.603960,2.603960,1459,10.7556
4890,45,30,3.049817,3.049817,1458,10.5272
4891,30,46,2.651746,2.651746,1461,10.8780
4892,46,47,2.792605,2.792605,1487,10.8868
4893,47,22,2.574773,2.574773,1501,10.7225
4894,22,35,4.207706,4.207706,1460,10.8604
4895,35,8,2.336876,2.336876,1471,10.6841
4896,8,41,2.198409,2.198409,1468,10.7254
4897,41,36,5.134827,5.134827,1463,10.7661
4898,36,29,2.307924,2.307924,1467,10.6970
4899,29,48,2.551774,2.551774,1226,9.6990
4900,48,51,3.021948,3.021948,1493,10.7492
4901,51,16,2.050144,2.050144,1476,10.7009
4902,16,23,3.583846,3.583846,1461,10.7333
4903,23,29,2.274084,2.274084,1476,10.7377
4904,29,11,2.120537,2.120537,1463,10.6397
4905,11,45,2.534975,2.534975,1472,10.6890
4906,45,62,4.565690,4.565690,1469,10.7097
4907,62,21,4.266800,4.266800,1467,10.6623
4908,21,9,3.996575,3.996575,1472,10.7331
4909,9,44,3.379112,3.379112,1494,10.6368
4910,44,35,5.101582,5.101582,1446,10.7296
4911,35,8,2.254285,2.254285,1455,10.6515
4912,8,41,2.161990,2.161990,1445,10.6345
4913,41,6,3.770771,3.770771,1469,10.6619
4914,6,32,2.516624,2.516624,1471,10.9249
4915,32,27,3.410394,3.410394,1428,10.5909
4916,27,20,4.170228,4.170228,985,8.4011
4917,20,3,5.013874,5.013874,1468,10.7308
4918,3,39,2.997543,2.997543,1271,10.1034
4919,39,59,3.692078,3.692078,1463,10.6548
4920,59,10,3.849839,3.849839,1370,10.5240
4921,10,2,3.670867,3.670867,1451,10.6906
4922,2,54,3.827813,3.827813,1434,10.7569
4923,54,0,3.759836,3.759836,1424,10.5603
4924,0,25,2.568318,2.568318,1413,10.6927
4925,25,36,2.778594,2.778594,1480,11.0001
4926,36,29,2.266542,2.266542,1456,10.6061
4927,29,23,2.968692,2.968692,763,8.0724
4928,23,29,2.163442,2.163442,1469,10.8135
4929,29,11,2.071743,2.071743,963,8.5543
4930,11,45,2.483708,2.483708,1464,10.6557
4931,45,30,3.057177,3.057177,1430,10.5889
4932,30,46,2.638429,2.638429,1451,10.5676
4933,46,1,3.684314,3.684314,1438,11.0477
4934,1,19,3.803986,3.803986,1366,10.6148
4935,19,51,4.160218,4.160218,1261,10.0546
4936,51,16,1.958830,1.958830,1454,10.6666
4937,16,23,3.414648,3.414648,1451,10.6873
4938,23,0,4.771423,4.771423,1467,10.7206
4939,0,25,2.468145,2.468145,1460,10.6944
4940,25,2,4.015657,4.015657,1458,10.6194
4941,2,12,2.637801,2.637801,1356,10.2813
4942,12,20,2.812488,2.812488,851,6.7041
4943,20,10,2.270020,2.270020,1463,10.6483
4944,10,2,3.578341,3.578341,1486,10.7975
4945,2,45,3.009200,3.009200,1464,10.6636
4946,45,30,2.898542,2.898542,1438,10.5348
4947,30,31,3.493604,3.493604,1453,10.5746
4948,31,12,3.613234,3.613234,1447,10.7081
4949,12,35,3.344969,3.344969,1460,10.6467
4950,35,0,3.008394,3.008394,1445,10.6020
4951,0,21,3.322120,3.322120,1441,10.6283
4952,21,47,3.809437,3.809437,1470,10.5704
4953,47,56,3.090281,3.090281,1459,10.6165
4954,56,34,2.817164,2.817164,1470,10.7131
4955,34,7,3.387354,3.387354,1458,10.7420
4956,7,22,3.728510,3.728510,1467,10.6545
4957,22,20,4.840930,4.840930,1469,10.6175
4958,20,10,2.226845,2.226845,1476,10.7341
4959,10,21,5.239590,5.239590,1468,10.6573
4960,21,48,2.751984,2.751984,1475,10.8509
4961,48,51,3.021652,3.021652,1468,10.5788
4962,51,16,1.942460,1.942460,1474,10.8026
4963,16,53,4.575042,4.575042,1468,10.6546
4964,53,17,2.608608,2.608608,1458,10.6745
4965,17,2,4.787090,4.787090,1436,10.5810
4966,2,45,2.921505,2.921505,1461,10.6508
4967,45,30,2.749113,2.749113,1050,9.2664
4968,30,46,2.756648,2.756648,1031,8.8863
4969,46,47,2.812221,2.812221,1469,10.7800
4970,47,56,3.004588,3.004588,1463,10.7436
4971,56,34,2.734908,2.734908,1470,10.6777
4972,34,35,4.147980,4.147980,1444,10.6367
4973,35,53,4.081717,4.081717,1443,10.5963
4974,53,11,5.075637,5.075637,1442,10.5533
4975,11,42,2.633159,2.633159,1454,10.6560
4976,42,54,3.454364,3.454364,1446,10.6360
4977,54,25,2.416062,2.416062,1401,10.5184
4978,25,36,2.763860,2.763860,1472,10.7189
4979,36,34,4.143869,4.143869,1455,10.5758
4980,34,35,3.961386,3.961386,1437,10.5803
4981,35,53,3.965753,3.965753,1470,10.6455
4982,53,11,4.945157,4.945157,1436,10.5801
4983,11,42,2.504300,2.504300,1440,10.5859
4984,42,0,4.333983,4.333983,1450,10.5303
4985,0,60,3.593718,3.593718,1420,10.6928
4986,60,38,3.064248,3.064248,1526,10.6139
4987,38,54,3.896141,3.896141,1380,10.3742
4988,54,25,2.343060,2.343060,1465,10.6590
4989,25,36,2.680613,2.680613,1448,10.6355
4990,36,21,3.237987,3.237987,1449,10.5295
4991,21,47,3.730018,3.730018,1446,10.5895
4992,47,56,2.884724,2.884724,1437,10.7347
4993,56,1,2.507783,2.507783,1451,10.6298
4994,1,32,3.367659,3.367659,1438,10.5148
4995,32,9,3.336241,3.336241,1431,10.7802
4996,9,15,2.730828,2.730828,1454,10.6611
4997,15,49,2.459010,2.459010,1405,10.4519
4998,49,50,3.646640,3.646640,1270,10.0958
4999,50,33,3.526808,3.526808,1427,10.5607
5000,33,55,3.559868,3.559868,1422,10.5286
5001,55,4,3.642631,3.642631,1419,10.5289
5002,4,23,4.401575,4.401575,1361,10.3253
5003,23,29,2.279321,2.279321,1397,10.5833
5004,29,11,2.209024,2.209024,1454,10.5464
5005,11,42,2.435986,2.435986,1357,10.3391
5006,42,0,4.185260,4.185260,1469,10.6227
5007,0,25,2.415572,2.415572,890,7.8450
5008,25,36,2.587834,2.587834,1476,10.6575
5009,36,34,4.145601,4.145601,1469,10.6149
5010,34,7,3.332201,3.332201,1372,10.3859
5011,7,31,3.537550,3.537550,1405,10.6462
5012,31,30,3.016552,3.016552,1469,10.8320
5013,30,31,3.394494,3.394494,1464,10.5662
5014,31,12,3.528919,3.528919,1454,10.7495
5015,12,35,3.342509,3.342509,1474,10.6816
5016,35,8,2.309034,2.309034,1487,10.6645
5017,8,41,2.116123,2.116123,1457,10.6698
5018,41,30,5.427352,5.427352,1459,10.5975
5019,30,46,2.577913,2.577913,1483,10.6398
5020,46,47,2.747171,2.747171,1465,10.7230
5021,47,22,2.818422,2.818422,1457,10.7482
5022,22,47,2.440122,2.440122,1451,10.7104
5023,47,56,2.810369,2.810369,1462,10.6429
5024,56,6,3.706296,3.706296,1420,10.5902
5025,6,56,3.097350,3.097350,1459,10.7017
5026,56,34,2.873320,2.873320,1472,10.5918
5027,34,40,2.438544,2.438544,1460,10.5876
5028,40,21,5.646260,5.646260,1467,10.6739
5029,21,48,2.695178,2.695178,1459,10.8379
5030,48,6,4.939454,4.939454,1473,10.6113
5031,6,56,3.009020,3.009020,1470,10.6498
5032,56,1,2.522870,2.522870,1460,10.7042
5033,1,47,2.299494,2.299494,1453,10.5432
5034,47,56,2.719113,2.719113,1446,10.5925
5035,56,34,2.825416,2.825416,1457,10.5704
5036,34,35,3.908634,3.908634,1431,10.5182
5037,35,53,3.913552,3.913552,1468,10.5826
5038,53,17,2.715101,2.715101,1456,10.6053
5039,17,2,4.616292,4.616292,1464,10.6533
5040,2,45,2.881713,2.881713,613,6.2622
5041,45,63,3.052846,3.052846,1432,10.6416
5042,63,47,4.761632,4.761632,1407,10.5522
5043,47,51,3.745823,3.745823,1462,10.6570
5044,51,51,1.419635,1.419635,1473,10.6096
5045,51,29,3.185914,3.185914,1475,10.5977
5046,29,11,2.113683,2.113683,1470,10.6464
5047,11,45,2.666674,2.666674,1456,10.7522
5048,45,30,2.891194,2.891194,1438,10.7289
5049,30,46,2.569780,2.569780,1463,10.6093
5050,46,47,2.656736,2.656736,1460,10.6180
5051,47,56,2.685229,2.685229,1467,10.5934
5052,56,34,2.734313,2.734313,1453,10.6177
5053,34,40,2.467986,2.467986,1441,10.6496
5054,40,25,5.044953,5.044953,1474,10.5850
5055,25,2,4.108150,4.108150,1429,10.6222
5056,2,45,2.767052,2.767052,1444,10.6450
5057,45,63,2.998585,2.998585,1471,10.7543
5058,63,47,4.610790,4.610790,1463,10.6067
5059,47,51,3.604289,3.604289,1468,10.6406
5060,51,16,1.986547,1.986547,1487,10.6962
5061,16,53,4.489948,4.489948,1463,10.5841
5062,53,17,2.640852,2.640852,1503,10.6458
5063,17,1,4.609241,4.609241,1407,10.5750
5064,1,47,2.407154,2.407154,1465,10.6148
5065,47,22,2.920448,2.920448,1460,10.6160
5066,22,47,2.432244,2.432244,1459,10.5919
5067,47,56,2.595028,2.595028,1439,10.5968
5068,56,34,2.662767,2.662767,1444,10.5577
5069,34,40,2.421674,2.421674,1478,10.5754
5070,40,57,3.313420,3.313420,1443,10.5724
5071,57,52,3.526229,3.526229,758,6.5113
5072,52,21,4.576854,4.576854,1347,10.4837
5073,21,48,2.628879,2.628879,1442,10.6106
5074,48,25,3.660637,3.660637,1453,10.6027
5075,25,36,2.455668,2.455668,1450,10.6627
5076,36,34,4.199194,4.199194,1454,10.6027
5077,34,40,2.338642,2.338642,1448,10.6028
5078,40,21,5.469882,5.469882,1476,10.6015
5079,21,47,3.770425,3.770425,1469,10.6748
5080,47,56,2.476235,2.476235,1467,10.5981
5081,56,6,3.691904,3.691904,1408,10.5190
5082,6,56,2.883282,2.883282,1454,10.6166
5083,56,34,2.681678,2.681678,1453,10.5568
5084,34,40,2.303440,2.303440,1440,10.5636
5085,40,25,4.951684,4.951684,1449,10.5339
5086,25,36,2.329122,2.329122,1478,10.7976
5087,36,29,2.555447,2.555447,1498,10.5929
5088,29,23,2.828301,2.828301,1446,10.6108
5089,23,0,4.400796,4.400796,1451,10.5763
5090,0,21,3.388507,3.388507,1453,10.6509
5091,21,9,4.028522,4.028522,1446,10.6708
5092,9,3,2.906049,2.906049,1464,10.7005
5093,3,41,3.619875,3.619875,1473,10.6968
5094,41,6,3.562864,3.562864,1374,10.4215
5095,6,32,2.599370,2.599370,1463,10.6124
5096,32,9,3.294422,3.294422,1444,10.6069
5097,9,44,3.319748,3.319748,1444,10.6007
5098,44,36,4.929729,4.929729,1443,10.6243
5099,36,34,4.094979,4.094979,1412,10.5284
5100,34,7,3.606333,3.606333,1464,10.6030
5101,7,16,4.725516,4.725516,1448,10.6325
5102,16,23,3.265683,3.265683,1481,10.7010
5103,23,29,2.254521,2.254521,1463,10.6316
5104,29,48,2.598546,2.598546,1447,10.6498
5105,48,51,2.986663,2.986663,1467,10.5627
5106,51,29,3.028445,3.028445,1472,10.6130
5107,29,48,2.429871,2.429871,1448,10.5708
5108,48,51,2.889194,2.889194,1451,10.5514
5109,51,29,2.843783,2.843783,1453,10.6132
5110,29,23,2.630811,2.630811,1473,10.6259
5111,23,18,3.526339,3.526339,1459,10.6171
5112,18,38,3.094748,3.094748,1475,10.6801
5113,38,2,3.448073,3.448073,1458,10.7006
5114,2,54,3.652099,3.652099,1461,10.6726
5115,54,0,3.604566,3.604566,1452,10.5693
5116,0,60,3.601053,3.601053,1450,10.6707
5117,60,38,3.030280,3.030280,1447,10.6253
5118,38,54,3.691268,3.691268,1450,10.6433
5119,54,25,2.540136,2.540136,1460,10.5379
5120,25,36,2.418602,2.418602,1461,10.7015
5121,36,21,3.203462,3.203462,1460,10.6032
5122,21,9,4.034574,4.034574,1432,10.6090
5123,9,44,3.202049,3.202049,1470,10.9343
5124,44,27,3.751412,3.751412,1411,10.7425
5125,27,20,4.161742,4.161742,490,4.6342
5126,20,3,4.852219,4.852219,1445,10.6348
5127,3,41,3.462416,3.462416,1412,10.5670
5128,41,30,5.190823,5.190823,1439,10.6793
5129,30,46,2.450538,2.450538,1478,10.6149
5130,46,47,2.625076,2.625076,1449,10.5813
5131,47,56,2.438858,2.438858,1493,10.5894
5132,56,34,2.686857,2.686857,1481,10.6286
5133,34,7,3.500324,3.500324,1457,10.5726
5134,7,31,3.512420,3.512420,1517,10.6382
5135,31,12,3.425674,3.425674,1454,10.6127
5136,12,43,4.530351,4.530351,1469,10.7018
5137,43,51,4.443239,4.443239,726,6.2179
5138,51,16,2.125778,2.125778,1449,10.7452
5139,16,21,4.777655,4.777655,1475,10.7510
5140,21,48,2.502519,2.502519,1450,10.6194
5141,48,51,2.873515,2.873515,1455,10.5696
5142,51,16,2.093970,2.093970,1458,10.6239
5143,16,23,3.128282,3.128282,1464,10.5963
5144,23,29,2.115715,2.115715,1468,10.6829
5145,29,23,2.408257,2.408257,1474,10.6574
5146,23,29,1.954618,1.954618,1463,10.5888
5147,29,11,2.343628,2.343628,1462,10.6120
5148,11,42,2.609135,2.609135,1433,10.7150
5149,42,45,2.434111,2.434111,1468,10.5818
5150,45,30,2.904726,2.904726,1479,10.5951
5151,30,31,3.463085,3.463085,1437,10.5747
5152,31,12,3.270199,3.270199,1010,8.1445
5153,12,35,3.270012,3.270012,702,5.7148
5154,35,53,3.842189,3.842189,1447,10.6436
5155,53,11,4.842089,4.842089,1368,10.2675
5156,11,45,2.633495,2.633495,1468,10.6094
5157,45,30,2.811919,2.811919,1467,10.5607
5158,30,31,3.417366,3.417366,1454,10.5631
5159,31,30,2.891911,2.891911,1478,10.6581
5160,30,46,2.537849,2.537849,1475,10.6696
5161,46,47,2.553463,2.553463,1480,10.6926
5162,47,56,2.364668,2.364668,1463,10.6816
5163,56,34,2.604045,2.604045,1469,10.6168
5164,34,35,3.937453,3.937453,1486,10.5990
5165,35,8,2.330451,2.330451,1484,10.6342
5166,8,41,2.222654,2.222654,1447,10.6179
5167,41,6,3.434259,3.434259,1423,10.6818
5168,6,56,2.899721,2.899721,1434,10.7321
5169,56,34,2.474670,2.474670,1464,10.6436
5170,34,35,3.806989,3.806989,1449,10.6427
5171,35,8,2.253451,2.253451,1460,10.6238
5172,8,41,2.198927,2.198927,1426,10.5993
5173,41,6,3.315898,3.315898,1464,10.6005
5174,6,22,4.921227,4.921227,1457,10.7771
5175,22,35,3.863221,3.863221,1460,10.5934
5176,35,0,3.371720,3.371720,1453,10.5969
5177,0,25,2.561618,2.561618,1463,10.6294
5178,25,2,4.014574,4.014574,1452,10.8112
5179,2,45,2.775578,2.775578,1439,10.6120
5180,45,63,2.974972,2.974972,1462,10.7005
5181,63,6,4.784832,4.784832,1440,10.8040
5182,6,32,2.617752,2.617752,1458,10.5525
5183,32,61,3.115251,3.115251,1462,10.5664
5184,61,33,3.419556,3.419556,1472,10.5472
5185,33,55,3.456464,3.456464,1415,10.6143
5186,55,42,4.575133,4.575133,1468,10.6853
5187,42,54,3.499298,3.499298,1423,10.6317
5188,54,0,3.587918,3.587918,1369,10.5314
5189,0,25,2.414337,2.414337,1449,10.5981
5190,25,2,3.891036,3.891036,1477,10.6114
5191,2,12,2.866579,2.866579,1469,10.6108
5192,12,20,2.955775,2.955775,1449,10.5969
5193,20,3,4.780097,4.780097,1464,10.7115
5194,3,41,3.387356,3.387356,1002,8.3362
5195,41,36,5.348041,5.348041,1452,10.6032
5196,36,29,2.774824,2.774824,1460,10.5837
5197,29,11,2.309828,2.309828,1430,10.5902
5198,11,45,2.635994,2.635994,1338,10.3673
5199,45,63,2.890723,2.890723,1454,10.6081
5200,63,18,3.294151,3.294151,1441,10.6239
5201,18,12,3.693755,3.693755,1045,8.9933
5202,12,20,2.849623,2.849623,1437,10.6980
5203,20,10,2.227568,2.227568,1464,10.6505
5204,10,2,3.696599,3.696599,1014,8.2723
5205,2,54,3.468968,3.468968,1448,10.6360
5206,54,25,2.463949,2.463949,1411,10.4331
5207,25,2,3.814933,3.814933,1456,10.6900
5208,2,54,3.279064,3.279064,1454,10.6135
5209,54,25,2.354019,2.354019,1451,10.5971
5210,25,29,2.888531,2.888531,1462,10.6398
5211,29,11,2.186994,2.186994,1429,10.5527
5212,11,42,2.735991,2.735991,1448,10.5839
5213,42,54,3.487545,3.487545,1474,10.6004
5214,54,25,2.258259,2.258259,1461,10.8101
5215,25,36,2.731987,2.731987,1447,10.7137
5216,36,21,3.161116,3.161116,1495,10.5788
5217,21,48,2.510000,2.510000,1466,10.6024
5218,48,25,3.725257,3.725257,1445,10.6173
5219,25,2,3.724451,3.724451,1468,10.5819
5220,2,54,3.133627,3.133627,1448,10.7547
5221,54,0,3.568070,3.568070,1443,10.6033
5222,0,25,2.275369,2.275369,1465,10.6790
5223,25,36,2.619665,2.619665,1445,10.5857
5224,36,34,4.122644,4.122644,1473,10.5721
5225,34,7,3.474976,3.474976,1443,10.8548
5226,7,31,3.529395,3.529395,1261,9.9712
5227,31,12,3.295358,3.295358,1460,10.6781
5228,12,35,3.434947,3.434947,1468,10.6402
5229,35,0,3.340934,3.340934,1481,10.7701
5230,0,25,2.236186,2.236186,1449,10.6397
5231,25,29,2.893077,2.893077,1466,10.6573
5232,29,48,2.542633,2.542633,1503,10.6505
5233,48,51,2.839835,2.839835,1453,10.6200
5234,51,29,2.806423,2.806423,1451,10.5411
5235,29,11,2.170659,2.170659,1445,10.6188
5236,11,42,2.674151,2.674151,1458,10.5744
5237,42,0,3.948688,3.948688,1467,10.5645
5238,0,25,2.142785,2.142785,1469,10.6896
5239,25,2,3.659948,3.659948,1460,10.6704
5240,2,12,2.867100,2.867100,1465,10.6075
5241,12,43,4.525811,4.525811,1440,10.5969
5242,43,46,4.234281,4.234281,683,7.4908
5243,46,1,3.963573,3.963573,1470,10.7538
5244,1,32,3.302452,3.302452,1303,10.2717
5245,32,9,3.290847,3.290847,667,6.6868
5246,9,3,3.006382,3.006382,1473,10.8465
5247,3,41,3.292047,3.292047,556,5.2006
5248,41,36,5.264577,5.264577,1465,10.6836
5249,36,29,2.744782,2.744782,1435,10.6060
5250,29,48,2.418826,2.418826,1467,10.6411
5251,48,51,2.747392,2.747392,1451,10.5841
5252,51,16,2.146700,2.146700,1463,10.6055
5253,16,53,4.302887,4.302887,1480,10.7246
5254,53,11,4.749520,4.749520,1381,10.5008
5255,11,42,2.563030,2.563030,1460,10.7258
5256,42,0,3.800294,3.800294,1478,10.6076
5257,0,21,3.493479,3.493479,1493,10.6910
5258,21,47,3.843965,3.843965,1452,10.6386
5259,47,51,3.721857,3.721857,1437,10.5685
5260,51,16,2.083204,2.083204,1459,10.6778
5261,16,53,4.165245,4.165245,1452,10.6647
5262,53,11,4.568318,4.568318,1486,10.6880
5263,11,42,2.463293,2.463293,1477,10.6338
5264,42,0,3.640403,3.640403,1353,10.2697
5265,0,25,2.084541,2.084541,1454,10.7851
5266,25,36,2.779915,2.779915,1438,10.5671
5267,36,34,3.938816,3.938816,1470,10.6535
5268,34,35,3.567700,3.567700,1434,10.5936
5269,35,0,3.464188,3.464188,1445,10.5708
5270,0,60,3.811141,3.811141,1455,10.6423
5271,60,38,3.000593,3.000593,1453,10.6920
5272,38,2,3.322501,3.322501,1484,10.6627
5273,2,12,2.754814,2.754814,1469,10.6113
5274,12,35,3.445851,3.445851,1464,10.6287
5275,35,53,4.042796,4.042796,1464,10.6980
5276,53,17,2.718080,2.718080,1465,10.7125
5277,17,1,4.445889,4.445889,1293,10.0204
5278,1,47,2.469276,2.469276,1408,10.5279
5279,47,22,3.024726,3.024726,1396,10.4667
5280,22,47,2.478434,2.478434,1457,10.5966
5281,47,56,2.351531,2.351531,1430,10.6242
5282,56,34,2.589614,2.589614,1461,10.5561
5283,34,40,2.642759,2.642759,1454,10.6457
5284,40,57,3.259106,3.259106,1455,10.7752
5285,57,32,4.275349,4.275349,1421,10.5276
5286,32,9,3.140425,3.140425,1446,10.5700
5287,9,15,2.851785,2.851785,1462,10.6996
5288,15,19,3.694115,3.694115,1464,10.5953
5289,19,51,4.334185,4.334185,1409,10.4402
5290,51,29,2.824536,2.824536,1490,10.6204
5291,29,48,2.305582,2.305582,809,7.5843
5292,48,51,2.773038,2.773038,1403,10.6219
5293,51,16,2.057058,2.057058,1467,10.5826
5294,16,53,4.054781,4.054781,1472,10.7724
5295,53,11,4.382711,4.382711,1469,10.6222
5296,11,45,2.830859,2.830859,1437,10.5892
5297,45,63,2.832461,2.832461,1468,10.5974
5298,63,6,4.661876,4.661876,1255,10.3562
5299,6,32,2.669299,2.669299,1442,10.5594
5300,32,9,2.993306,2.993306,1476,10.6165
5301,9,15,2.747939,2.747939,1458,10.5826
5302,15,19,3.591701,3.591701,1444,10.5531
5303,19,24,3.401728,3.401728,1457,10.5549
5304,24,0,4.687644,4.687644,1449,10.8413
5305,0,25,2.067542,2.067542,1426,10.6987
5306,25,36,2.666386,2.666386,1464,10.6351
5307,36,29,2.770607,2.770607,1327,10.2903
5308,29,11,2.445863,2.445863,1228,9.3838
5309,11,45,2.763943,2.763943,1446,10.6096
5310,45,30,3.051999,3.051999,1077,9.1994
5311,30,31,3.312428,3.312428,1447,10.6055
5312,31,30,2.865324,2.865324,1471,10.7080
5313,30,46,2.575705,2.575705,1467,10.6617
5314,46,46,1.103351,1.103351,1455,10.6840
5315,46,46,0.950463,0.950463,1462,10.5911
5316,46,1,4.092237,4.092237,1486,10.5695
5317,1,47,2.307400,2.307400,1451,10.6745
5318,47,22,2.819181,2.819181,1457,10.6033
5319,22,20,4.670264,4.670264,1458,10.7207
5320,20,10,2.182964,2.182964,1469,10.7240
5321,10,21,5.276569,5.276569,1473,10.7838
5322,21,48,2.568791,2.568791,1364,10.4117
5323,48,51,2.675732,2.675732,1478,10.6783
5324,51,51,1.283281,1.283281,1448,10.6212
5325,51,29,2.761722,2.761722,1445,10.5951
5326,29,23,2.827809,2.827809,1472,10.6189
5327,23,29,2.159939,2.159939,1445,10.5847
5328,29,11,2.359729,2.359729,1429,10.5744
5329,11,45,2.712350,2.712350,1481,10.6600
5330,45,30,3.015220,3.015220,1462,10.6140
5331,30,46,2.407286,2.407286,1457,10.6051
5332,46,47,2.775257,2.775257,1445,10.6372
5333,47,56,2.326219,2.326219,1469,10.7057
5334,56,1,2.722502,2.722502,1468,10.7136
5335,1,32,3.301268,3.301268,1477,10.6133
5336,32,27,3.364520,3.364520,1436,10.7157
5337,27,2,5.007603,5.007603,1328,10.5893
5338,2,12,2.664396,2.664396,1487,10.7606
5339,12,35,3.322742,3.322742,1456,10.7127
5340,35,8,2.408664,2.408664,1464,10.6982
5341,8,56,4.033810,4.033810,1467,10.7605
5342,56,6,3.641020,3.641020,1454,10.7303
5343,6,32,2.588659,2.588659,1467,10.7249
5344,32,27,3.257236,3.257236,1459,10.7544
5345,27,20,4.207785,4.207785,1406,10.4858
5346,20,3,4.658317,4.658317,1452,10.6137
5347,3,41,3.177000,3.177000,1457,10.6979
5348,41,6,3.313804,3.313804,1442,10.5646
5349,6,32,2.508994,2.508994,1467,10.6261
5350,32,9,2.928585,2.928585,1486,10.6097
5351,9,3,3.069318,3.069318,1458,10.6301
5352,3,41,3.090579,3.090579,1477,10.6668
5353,41,36,5.209721,5.209721,1467,10.6587
5354,36,29,2.784506,2.784506,1377,10.4751
5355,29,11,2.228425,2.228425,1443,10.5987
5356,11,42,2.628335,2.628335,952,8.3977
5357,42,54,3.643142,3.643142,1386,10.4731
5358,54,0,3.423441,3.423441,1234,9.8136
5359,0,21,3.535063,3.535063,1444,10.6262
5360,21,47,3.856320,3.856320,1445,10.7021
5361,47,51,3.732507,3.732507,1418,10.5562
5362,51,29,2.666531,2.666531,1442,10.6716
5363,29,11,2.110924,2.110924,1468,10.7045
5364,11,42,2.543915,2.543915,1239,9.4480
5365,42,0,3.582180,3.582180,1450,10.7531
5366,0,25,2.067559,2.067559,1448,10.5723
5367,25,36,2.750316,2.750316,1451,10.5504
5368,36,29,2.751771,2.751771,1457,10.5922
5369,29,48,2.410904,2.410904,1467,10.6620
5370,48,51,2.615158,2.615158,1452,10.6302
5371,51,29,2.579600,2.579600,1451,10.6345
5372,29,23,2.921856,2.921856,1476,10.6772
5373,23,18,3.548075,3.548075,1460,10.5387
5374,18,38,3.114026,3.114026,1456,10.6516
5375,38,2,3.276956,3.276956,1464,10.6372
5376,2,45,2.998741,2.998741,1450,10.6217
5377,45,63,2.888502,2.888502,1443,10.6115
5378,63,18,3.260405,3.260405,1466,10.6506
5379,18,12,3.702553,3.702553,1460,10.6351
5380,12,43,4.387969,4.387969,1336,10.1659
5381,43,51,4.630614,4.630614,1463,10.7727
5382,51,29,2.457694,2.457694,1480,10.7047
5383,29,11,2.149040,2.149040,1459,10.6996
5384,11,24,5.801145,5.801145,1472,10.5937
5385,24,0,4.430418,4.430418,1370,10.5744
5386,0,25,2.021870,2.021870,1462,10.6887
5387,25,36,2.653541,2.653541,1444,10.7190
5388,36,29,2.750164,2.750164,1458,10.6388
5389,29,23,2.860279,2.860279,1456,10.6305
5390,23,29,2.071556,2.071556,1465,10.6861
5391,29,11,2.072613,2.072613,1469,10.7265
5392,11,45,2.950156,2.950156,1490,10.6151
5393,45,63,2.824191,2.824191,1463,10.6747
5394,63,18,3.171595,3.171595,1440,10.6600
5395,18,12,3.545063,3.545063,1475,10.7398
5396,12,20,3.027734,3.027734,1466,10.7595
5397,20,10,2.156753,2.156753,1414,10.5027
5398,10,11,6.501538,6.501538,570,5.2333
5399,11,24,5.568809,5.568809,1447,10.6217
5400,24,0,4.229994,4.229994,1471,10.7709
5401,0,60,3.770969,3.770969,1458,10.6413
5402,60,38,2.988391,2.988391,1463,10.6761
5403,38,50,3.300587,3.300587,1471,10.7880
5404,50,53,3.983814,3.983814,1424,10.5691
5405,53,11,4.453918,4.453918,314,5.4611
5406,11,24,5.352364,5.352364,1467,10.7371
5407,24,54,3.675904,3.675904,1336,10.3426
5408,54,25,2.383903,2.383903,1454,10.6169
5409,25,29,3.030267,3.030267,1471,10.7488
5410,29,23,2.692436,2.692436,1468,10.6722
5411,23,29,1.975974,1.975974,1481,10.7868
5412,29,11,2.198313,2.198313,1479,10.6905
5413,11,42,2.712275,2.712275,1483,10.7021
5414,42,54,3.604288,3.604288,1454,10.6521
5415,54,0,3.284783,3.284783,1473,10.5542
5416,0,60,3.659465,3.659465,1438,10.5644
5417,60,44,4.852951,4.852951,1465,10.6133
5418,44,35,5.257341,5.257341,477,6.2688
5419,35,53,3.946785,3.946785,1463,10.6962
5420,53,11,4.339661,4.339661,1171,9.6184
5421,11,45,2.818728,2.818728,1457,10.6083
5422,45,62,4.715391,4.715391,1462,10.6100
5423,62,21,4.310638,4.310638,1474,10.7459
5424,21,9,4.349224,4.349224,1438,10.5819
5425,9,44,3.289600,3.289600,1472,10.7180
5426,44,35,5.146224,5.146224,772,7.7420
5427,35,53,3.753846,3.753846,1470,10.6515
5428,53,17,2.765502,2.765502,1455,10.6128
5429,17,1,4.311626,4.311626,1449,10.7737
5430,1,19,3.772478,3.772478,1462,10.6399
5431,19,24,3.449253,3.449253,604,5.4541
5432,24,54,3.626844,3.626844,1433,10.5727
5433,54,25,2.332241,2.332241,1459,10.6200
5434,25,29,2.969169,2.969169,1398,10.5232
5435,29,11,2.154839,2.154839,1457,10.6182
5436,11,42,2.660642,2.660642,1436,10.5157
5437,42,54,3.513502,3.513502,1485,10.5767
5438,54,25,2.240335,2.240335,1463,10.6336
5439,25,2,3.711998,3.711998,1442,10.6943
5440,2,12,2.669472,2.669472,1440,10.6004
5441,12,35,3.528216,3.528216,1447,10.5409
5442,35,8,2.366328,2.366328,1455,10.6370
5443,8,41,2.402197,2.402197,1456,10.7247
5444,41,6,3.201776,3.201776,1119,9.7109
5445,6,32,2.440378,2.440378,1464,10.6675
5446,32,9,2.889182,2.889182,1469,10.6237
5447,9,3,2.996532,2.996532,1340,9.9089
5448,3,39,3.183092,3.183092,1215,9.5314
5449,39,44,2.833754,2.833754,1159,9.3131
5450,44,35,5.139145,5.139145,1461,10.6598
5451,35,0,3.786822,3.786822,1449,10.5618
5452,0,21,3.560849,3.560849,1476,10.6503
5453,21,48,2.775157,2.775157,1477,10.6345
5454,48,25,3.827096,3.827096,1491,10.8144
5455,25,36,2.717861,2.717861,1471,10.6455
5456,36,34,3.990686,3.990686,1471,10.5750
5457,34,40,2.501544,2.501544,1455,10.6097
5458,40,25,5.174070,5.174070,1248,9.5931
5459,25,2,3.586427,3.586427,1457,10.6097
5460,2,45,2.967216,2.967216,896,7.0663
5461,45,63,2.777234,2.777234,1491,10.6770
5462,63,18,3.092754,3.092754,1440,10.5889
5463,18,38,3.162718,3.162718,580,5.1524
5464,38,2,3.176637,3.176637,1229,9.6905
5465,2,12,2.583007,2.583007,1470,10.5989
5466,12,35,3.518016,3.518016,1470,10.6139
5467,35,8,2.325902,2.325902,1449,10.7357
5468,8,41,2.355817,2.355817,1471,10.7151
5469,41,36,5.180836,5.180836,1430,10.6573
5470,36,29,2.731641,2.731641,1467,10.6500
5471,29,11,2.078456,2.078456,1469,10.6881
5472,11,42,2.575544,2.575544,1463,10.6360
5473,42,54,3.441686,3.441686,1455,10.5914
5474,54,25,2.323922,2.323922,1474,10.7056
5475,25,36,2.756264,2.756264,1468,10.6036
5476,36,29,2.630282,2.630282,1446,10.6720
5477,29,23,2.781165,2.781165,1445,10.5499
5478,23,29,2.089374,2.089374,1461,10.6696
5479,29,11,2.040512,2.040512,1447,10.5952
5480,11,42,2.513330,2.513330,1451,10.5873
5481,42,54,3.354971,3.354971,1443,10.6085
5482,54,0,3.337504,3.337504,1461,10.5735
5483,0,25,2.097348,2.097348,1462,10.6694
5484,25,2,3.479906,3.479906,1454,10.6116
5485,2,45,2.923807,2.923807,1471,10.6470
5486,45,62,4.498684,4.498684,1469,10.6077
5487,62,60,4.036842,4.036842,1456,10.7536
5488,60,38,2.989774,2.989774,1462,10.7996
5489,38,50,3.237852,3.237852,1472,10.6961
5490,50,33,3.418271,3.418271,1422,10.5785
5491,33,11,5.616549,5.616549,630,7.0333
5492,11,45,2.969104,2.969104,1417,10.5645
5493,45,30,3.249765,3.249765,1456,10.6022
5494,30,31,3.265391,3.265391,1426,10.5295
5495,31,12,3.473213,3.473213,1470,10.7069
5496,12,35,3.363374,3.363374,1460,10.6489
5497,35,0,3.686118,3.686118,1460,10.7014
5498,0,25,2.057362,2.057362,1452,10.7841
5499,25,36,2.722333,2.722333,1448,10.6198
5500,36,34,3.893509,3.893509,1467,10.5828
5501,34,35,3.753073,3.753073,1467,10.7423
5502,35,53,3.801511,3.801511,1478,10.6356
5503,53,17,2.728451,2.728451,1435,10.6652
5504,17,2,4.832606,4.832606,1291,10.0409
5505,2,45,2.831806,2.831806,1516,10.6507
5506,45,30,3.112161,3.112161,1460,10.7941
5507,30,31,3.230319,3.230319,1455,10.6418
5508,31,12,3.332317,3.332317,1454,10.8513
5509,12,20,2.999840,2.999840,1445,10.6832
5510,20,10,2.126489,2.126489,1446,10.6586
5511,10,11,6.459336,6.459336,1466,10.7175
5512,11,42,2.398932,2.398932,1463,10.6823
5513,42,54,3.251973,3.251973,1443,10.7795
5514,54,25,2.263628,2.263628,1480,10.7342
5515,25,36,2.635821,2.635821,1469,10.6345
5516,36,29,2.642710,2.642710,1480,10.6825
5517,29,11,2.238982,2.238982,1471,10.6446
5518,11,42,2.324221,2.324221,1469,10.6532
5519,42,54,3.159844,3.159844,1437,10.6101
5520,54,0,3.366101,3.366101,1426,10.5105
5521,0,21,3.611079,3.611079,1450,10.5533
5522,21,48,2.831954,2.831954,1438,10.5605
5523,48,6,4.808849,4.808849,1444,10.5926
5524,6,56,3.017975,3.017975,737,6.3420
5525,56,34,2.709235,2.709235,1449,10.5930
5526,34,35,3.615984,3.615984,1465,10.7729
5527,35,8,2.325214,2.325214,1459,10.7054
5528,8,41,2.310908,2.310908,1456,10.6628
5529,41,36,5.222259,5.222259,1447,10.6096
5530,36,29,2.597600,2.597600,1464,10.6956
5531,29,23,2.780907,2.780907,1476,10.6506
5532,23,18,3.676534,3.676534,1461,10.5633
5533,18,18,1.252179,1.252179,1461,10.6896
5534,18,38,3.157622,3.157622,1488,10.6705
5535,38,2,3.142824,3.142824,1473,10.7972
5536,2,45,2.777078,2.777078,1496,10.6130
5537,45,63,2.819522,2.819522,1456,10.6740
5538,63,18,2.997749,2.997749,1401,10.4707
5539,18,12,3.639301,3.639301,1475,10.7919
5540,12,35,3.418015,3.418015,1443,10.6764
5541,35,53,3.758585,3.758585,1464,10.6278
5542,53,17,2.700828,2.700828,1450,10.6427
5543,17,7,3.622332,3.622332,1359,10.5056
5544,7,22,3.734139,3.734139,1327,10.3828
5545,22,47,2.503534,2.503534,1327,10.3236
5546,47,56,2.311539,2.311539,1420,10.5707
5547,56,34,2.639183,2.639183,1448,10.6540
5548,34,40,2.582357,2.582357,1454,10.6205
5549,40,57,3.174509,3.174509,1467,10.6541
5550,57,32,4.263583,4.263583,1403,10.5402
5551,32,9,2.753265,2.753265,1479,10.6522
5552,9,15,2.849832,2.849832,1472,10.6088
5553,15,39,3.407962,3.407962,1449,10.6841
5554,39,44,2.666105,2.666105,1446,10.6265
5555,44,35,5.293370,5.293370,1452,10.6597
5556,35,53,3.562180,3.562180,1467,10.6668
5557,53,11,4.335478,4.335478,1350,10.2586
5558,11,42,2.281562,2.281562,978,8.5795
5559,42,54,3.051352,3.051352,1414,10.5840
5560,54,0,3.236217,3.236217,1427,10.6258
5561,0,25,2.010392,2.010392,1307,10.0963
5562,25,29,2.878644,2.878644,1461,10.6109
5563,29,11,2.317915,2.317915,1423,10.5677
5564,11,45,2.992215,2.992215,1457,10.6487
5565,45,30,3.093947,3.093947,1404,10.4964
5566,30,31,3.179406,3.179406,1479,10.5798
5567,31,12,3.228904,3.228904,1450,10.6020
5568,12,43,4.364382,4.364382,1262,9.8511
5569,43,46,4.015685,4.015685,1459,10.6555
5570,46,46,1.031314,1.031314,1473,10.7645
5571,46,47,2.750657,2.750657,1448,10.6176
5572,47,22,2.882360,2.882360,1481,10.9127
5573,22,35,4.071977,4.071977,1449,10.7725
5574,35,53,3.412002,3.412002,1455,10.6593
5575,53,17,2.757822,2.757822,1445,10.6475
5576,17,7,3.476476,3.476476,1437,10.5967
5577,7,16,4.621980,4.621980,1460,10.7159
5578,16,53,3.927108,3.927108,1231,9.5402
5579,53,0,4.348054,4.348054,1475,10.6392
5580,0,21,3.510665,3.510665,1440,10.5947
5581,21,47,3.831520,3.831520,1439,10.5741
5582,47,51,3.702060,3.702060,1438,10.5974
5583,51,29,2.983134,2.983134,1450,10.6941
5584,29,23,2.697874,2.697874,1478,10.6790
5585,23,29,2.102794,2.102794,1475,10.7844
5586,29,48,2.804602,2.804602,1462,10.5813
5587,48,6,4.707318,4.707318,1464,10.6149
5588,6,56,2.961067,2.961067,1475,10.7404
5589,56,34,2.525636,2.525636,1450,10.6303
5590,34,40,2.534544,2.534544,1460,10.6200
5591,40,57,3.078967,3.078967,1450,10.6032
5592,57,59,3.757467,3.757467,1226,10.0259
5593,59,26,3.473984,3.473984,717,7.2855
5594,26,43,3.793258,3.793258,222,3.8202
5595,43,51,4.554573,4.554573,1288,10.3375
5596,51,51,1.497991,1.497991,1457,10.6136
5597,51,16,2.301961,2.301961,1442,10.6592
5598,16,21,4.753814,4.753814,1468,10.7547
5599,21,48,2.738921,2.738921,1448,10.5845
5600,48,6,4.588055,4.588055,1438,10.6545
5601,6,32,2.738917,2.738917,1446,10.7294
5602,32,9,2.616546,2.616546,1203,9.6788
5603,9,15,2.761663,2.761663,1473,10.7830
5604,15,19,3.524803,3.524803,1464,10.6181
5605,19,51,4.245170,4.245170,1449,10.5935
5606,51,29,2.946367,2.946367,1432,10.7011
5607,29,11,2.255365,2.255365,1457,10.6570
5608,11,24,5.289911,5.289911,1450,10.5657
5609,24,0,4.118194,4.118194,1397,10.4820
5610,0,21,3.418624,3.418624,1447,10.5469
5611,21,9,4.721127,4.721127,1379,10.4673
5612,9,15,2.659009,2.659009,1463,10.7280
5613,15,19,3.420585,3.420585,1456,10.5822
5614,19,51,4.128882,4.128882,1449,10.6088
5615,51,29,2.885854,2.885854,1448,10.6405
5616,29,48,2.588044,2.588044,1468,10.9550
5617,48,6,4.514810,4.514810,1442,10.5477
5618,6,56,2.924817,2.924817,1456,10.7382
5619,56,34,2.422310,2.422310,1466,10.6146
5620,34,7,3.779967,3.779967,1472,10.7073
5621,7,31,3.566573,3.566573,1462,10.5606
5622,31,12,3.125836,3.125836,1464,10.6315
5623,12,20,2.977119,2.977119,1190,9.5690
5624,20,10,2.095154,2.095154,1155,9.4225
5625,10,11,6.360315,6.360315,1392,10.5202
5626,11,45,2.831211,2.831211,1473,10.7427
5627,45,30,2.986233,2.986233,1461,10.6805
5628,30,46,2.758868,2.758868,1465,10.8067
5629,46,46,0.897133,0.897133,1466,10.6710
5630,46,46,0.766941,0.766941,1455,10.5529
5631,46,47,2.849788,2.849788,1471,10.7070
5632,47,56,2.455426,2.455426,1468,10.6701
5633,56,1,2.869652,2.869652,1452,10.5995
5634,1,19,3.686503,3.686503,1468,10.6060
5635,19,24,3.476088,3.476088,1427,10.5493
5636,24,0,4.080416,4.080416,1423,10.6190
5637,0,21,3.299900,3.299900,1440,10.6919
5638,21,9,4.671168,4.671168,1470,10.5571
5639,9,3,3.028655,3.028655,1459,10.6566
5640,3,10,3.872384,3.872384,1327,10.4071
5641,10,2,4.084441,4.084441,1048,9.0358
5642,2,12,2.775780,2.775780,1456,10.6491
5643,12,20,2.856352,2.856352,1003,8.1835
5644,20,10,2.146245,2.146245,1470,10.6092
5645,10,11,6.145031,6.145031,1394,10.3980
5646,11,45,2.650211,2.650211,1499,10.6834
5647,45,62,4.575966,4.575966,1457,10.7164
5648,62,21,4.134077,4.134077,1459,10.6065
5649,21,48,2.709316,2.709316,1453,10.6814
5650,48,51,3.121142,3.121142,1434,10.5901
5651,51,29,2.755052,2.755052,1450,10.5874
5652,29,11,2.438540,2.438540,1474,10.5684
5653,11,42,2.483347,2.483347,1458,10.6999
5654,42,0,3.590107,3.590107,1436,10.6796
5655,0,21,3.185858,3.185858,1462,10.5901
5656,21,48,2.669725,2.669725,1460,10.6283
5657,48,25,3.853787,3.853787,1476,10.6059
5658,25,36,2.775288,2.775288,1457,10.6020
5659,36,21,3.032436,3.032436,1456,10.5800
5660,21,48,2.565998,2.565998,1468,10.6329
5661,48,51,3.083815,3.083815,1471,10.6143
5662,51,29,2.629448,2.629448,1459,10.6526
5663,29,23,2.595559,2.595559,1491,10.6239
5664,23,29,2.016554,2.016554,1452,10.6292
5665,29,23,2.399699,2.399699,1446,10.5396
5666,23,29,1.864152,1.864152,1484,10.8277
5667,29,48,2.470593,2.470593,1453,10.5735
5668,48,51,2.993627,2.993627,1485,10.6534
5669,51,29,2.406693,2.406693,1478,10.7046
5670,29,11,2.495113,2.495113,1464,10.9522
5671,11,45,2.732501,2.732501,1466,10.5604
5672,45,30,2.972314,2.972314,1466,10.6859
5673,30,46,2.623246,2.623246,1460,10.6783
5674,46,46,0.686972,0.686972,1463,10.6896
5675,46,46,0.586514,0.586514,1458,10.5702
5676,46,47,2.917083,2.917083,1460,10.5568
5677,47,51,3.792966,3.792966,1469,10.6489
5678,51,51,1.300401,1.300401,1472,10.7976
5679,51,29,2.358061,2.358061,1452,10.7232
5680,29,48,2.384022,2.384022,1448,10.6066
5681,48,25,3.777320,3.777320,1466,10.7331
5682,25,36,2.652602,2.652602,1465,10.6311
5683,36,34,4.006251,4.006251,1441,10.6648
5684,34,35,3.546184,3.546184,1444,10.5864
5685,35,53,3.376957,3.376957,1457,10.6564
5686,53,11,4.280493,4.280493,1405,10.5063
5687,11,42,2.582140,2.582140,1436,10.6663
5688,42,45,2.492619,2.492619,1449,10.5426
5689,45,30,2.853551,2.853551,1454,10.5815
5690,30,31,3.511496,3.511496,1465,10.5616
5691,31,54,4.098681,4.098681,1457,10.7585
5692,54,25,2.430552,2.430552,1485,10.5845
5693,25,36,2.575969,2.575969,1459,10.5831
5694,36,29,3.165371,3.165371,1457,10.5790
5695,29,11,2.473058,2.473058,1405,10.5023
5696,11,42,2.514600,2.514600,1493,10.7138
5697,42,45,2.402943,2.402943,1442,10.5816
5698,45,30,2.747737,2.747737,1476,10.5964
5699,30,31,3.465860,3.465860,1473,10.5666
5700,31,12,3.073979,3.073979,1463,10.5909
5701,12,20,2.739281,2.739281,1430,10.5984
5702,20,10,2.115643,2.115643,1451,10.7693
5703,10,11,6.116492,6.116492,1433,10.5293
5704,11,42,2.431530,2.431530,1495,10.5534
5705,42,45,2.291248,2.291248,1478,10.7609
5706,45,30,2.644357,2.644357,1445,10.5036
5707,30,46,2.806033,2.806033,1468,10.6342
5708,46,47,2.727021,2.727021,1436,10.5471
5709,47,56,2.471822,2.471822,1471,10.6666
5710,56,34,2.486321,2.486321,1467,10.5875
5711,34,35,3.417594,3.417594,1461,10.6435
5712,35,8,2.432184,2.432184,1490,10.6064
5713,8,52,4.794707,4.794707,1454,10.6541
5714,52,22,4.021355,4.021355,101,2.8126
5715,22,20,4.599327,4.599327,1452,10.5911
5716,20,3,4.982563,4.982563,1459,10.6149
5717,3,41,3.158906,3.158906,1279,10.2002
5718,41,6,3.259785,3.259785,1449,10.7264
5719,6,56,2.911914,2.911914,1455,10.6683
5720,56,34,2.371975,2.371975,1483,10.6257
5721,34,40,2.682601,2.682601,1456,10.5996
5722,40,21,5.436462,5.436462,1481,10.6516
5723,21,48,2.541812,2.541812,1476,10.6230
5724,48,6,4.612245,4.612245,1468,10.6835
5725,6,32,2.909902,2.909902,1464,10.6250
5726,32,9,2.712321,2.712321,1365,10.3110
5727,9,3,2.982756,2.982756,1473,10.6758
5728,3,41,3.078001,3.078001,1452,10.6293
5729,41,36,5.214245,5.214245,1463,10.6316
5730,36,21,2.943861,2.943861,1472,10.7144
5731,21,9,4.762030,4.762030,1471,10.7145
5732,9,3,2.867095,2.867095,1484,10.6274
5733,3,10,3.840812,3.840812,1455,10.5956
5734,10,11,5.826573,5.826573,1434,10.5839
5735,11,42,2.377170,2.377170,1482,10.5995
5736,42,45,2.189565,2.189565,797,7.5025
5737,45,30,2.544616,2.544616,793,7.2403
5738,30,27,6.637922,6.637922,1464,10.6483
5739,27,2,4.797975,4.797975,1399,10.6208
5740,2,12,2.773731,2.773731,1430,10.6082
5741,12,20,2.675290,2.675290,252,5.5357
5742,20,3,5.018888,5.018888,1431,10.5992
5743,3,10,3.546696,3.546696,1417,10.5279
5744,10,2,3.899850,3.899850,1465,10.6607
5745,2,12,2.664791,2.664791,1442,10.7091
5746,12,20,2.554503,2.554503,1159,9.4442
5747,20,8,3.625520,3.625520,1453,10.5941
5748,8,41,2.443429,2.443429,1435,10.7689
5749,41,36,4.992782,4.992782,1466,10.5903
5750,36,29,3.183425,3.183425,1466,10.6389
5751,29,11,2.638705,2.638705,1256,10.2010
5752,11,45,2.408894,2.408894,1349,10.3729
5753,45,30,2.468578,2.468578,1256,9.9102
5754,30,46,2.929472,2.929472,1456,10.7223
5755,46,1,4.464689,4.464689,1467,10.6715
5756,1,32,3.357762,3.357762,1452,10.6319
5757,32,9,2.728713,2.728713,1455,10.7438
5758,9,3,2.838112,2.838112,1472,10.6111
5759,3,39,3.282579,3.282579,1452,10.6475
5760,39,44,2.559343,2.559343,1243,9.9512
5761,44,27,3.651213,3.651213,1464,10.5828
5762,27,2,4.688190,4.688190,1455,10.6251
5763,2,12,2.601685,2.601685,1455,10.6166
5764,12,35,3.762417,3.762417,1410,10.3910
5765,35,0,4.080417,4.080417,1415,10.5626
5766,0,25,2.255492,2.255492,1417,10.5855
5767,25,29,3.032713,3.032713,1479,10.6357
5768,29,23,2.584583,2.584583,1456,10.6441
5769,23,29,1.968924,1.968924,1468,10.6246
5770,29,48,2.379849,2.379849,1444,10.6420
5771,48,6,4.454379,4.454379,1389,10.5388
5772,6,56,2.896389,2.896389,1488,10.6692
5773,56,34,2.287580,2.287580,1458,10.8264
5774,34,7,3.812177,3.812177,1480,10.5959
5775,7,16,4.548235,4.548235,1476,10.6982
5776,16,21,4.784585,4.784585,1444,10.6668
5777,21,48,2.430120,2.430120,1447,10.6833
5778,48,51,2.974427,2.974427,1436,10.6677
5779,51,29,2.501025,2.501025,1464,10.6689
5780,29,11,2.602937,2.602937,1455,10.5961
5781,11,45,2.401807,2.401807,1411,10.5696
5782,45,63,3.523966,3.523966,1489,10.6016
5783,63,47,4.581456,4.581456,543,5.9983
5784,47,22,3.229774,3.229774,1481,10.9313
5785,22,47,2.691602,2.691602,1468,10.6376
5786,47,56,2.498459,2.498459,1481,10.7302
5787,56,1,2.857384,2.857384,1447,10.7199
5788,1,32,3.238800,3.238800,1448,10.5494
5789,32,9,2.650790,2.650790,1459,10.8760
5790,9,44,3.602381,3.602381,1445,10.5787
5791,44,35,5.240033,5.240033,1413,10.5618
5792,35,0,3.953059,3.953059,1441,10.6198
5793,0,60,3.769698,3.769698,1447,10.6368
5794,60,38,2.964903,2.964903,962,7.6910
5795,38,50,3.102260,3.102260,1417,10.6619
5796,50,54,4.248169,4.248169,1336,10.2666
5797,54,25,2.434955,2.434955,927,7.8099
5798,25,36,2.872308,2.872308,1479,10.6280
5799,36,29,3.089067,3.089067,1450,10.6107
5800,29,11,2.452050,2.452050,1430,10.5932
5801,11,42,2.488631,2.488631,1472,10.6352
5802,42,54,3.437870,3.437870,1454,10.6099
5803,54,25,2.342747,2.342747,1469,10.6443
5804,25,29,2.980669,2.980669,1459,10.7822
5805,29,11,2.326090,2.326090,1414,10.4263
5806,11,24,5.287920,5.287920,1499,10.5819
5807,24,0,4.063223,4.063223,1357,10.4092
5808,0,21,3.189405,3.189405,1459,10.6112
5809,21,9,4.763964,4.763964,1470,10.6981
5810,9,3,2.776033,2.776033,1246,9.7402
5811,3,39,3.228017,3.228017,1410,10.6702
5812,39,44,2.449475,2.449475,590,6.1076
5813,44,36,5.101068,5.101068,1451,10.6618
5814,36,29,2.904107,2.904107,1461,10.7627
5815,29,11,2.191204,2.191204,1457,10.5789
5816,11,45,2.502732,2.502732,1450,10.5611
5817,45,62,4.804248,4.804248,1483,10.6035
5818,62,60,3.999529,3.999529,1475,10.6506
5819,60,38,2.880766,2.880766,1475,10.7375
5820,38,2,3.214706,3.214706,1469,10.9080
5821,2,45,3.347691,3.347691,1476,10.7592
5822,45,63,3.363360,3.363360,1449,10.6786
5823,63,18,2.984473,2.984473,1476,10.9197
5824,18,18,1.109771,1.109771,1459,10.6114
5825,18,38,3.198710,3.198710,1453,10.6809
5826,38,50,3.061203,3.061203,1459,10.6216
5827,50,53,4.192208,4.192208,1400,10.4695
5828,53,17,2.702497,2.702497,645,7.0378
5829,17,2,4.707233,4.707233,866,8.3191
5830,2,12,2.572795,2.572795,1465,10.7371
5831,12,35,3.705777,3.705777,1468,10.6768
5832,35,8,2.407860,2.407860,1480,10.7672
5833,8,52,4.649146,4.649146,1420,10.6727
5834,52,22,3.942598,3.942598,361,5.6889
5835,22,35,3.956562,3.956562,1444,10.6815
5836,35,8,2.331539,2.331539,1446,10.5645
5837,8,41,2.446611,2.446611,1454,10.6061
5838,41,6,3.284138,3.284138,1453,10.6071
5839,6,56,2.851945,2.851945,1452,10.7203
5840,56,1,2.768280,2.768280,1439,10.5419
5841,1,19,3.732363,3.732363,1377,10.3481
5842,19,24,3.362844,3.362844,1438,10.5536
5843,24,4,3.443029,3.443029,818,6.6937
5844,4,23,4.296635,4.296635,1481,10.7647
5845,23,29,2.115913,2.115913,1367,10.3453
5846,29,23,2.727441,2.727441,1438,10.7110
5847,23,29,1.950507,1.950507,1469,10.6395
5848,29,23,2.517406,2.517406,1462,10.6306
5849,23,18,3.748753,3.748753,1459,10.6641
5850,18,18,0.981282,0.981282,1455,10.6400
5851,18,18,0.841758,0.841758,1399,10.5005
5852,18,38,3.224478,3.224478,1442,10.6250
5853,38,2,3.232019,3.232019,1296,10.0079
5854,2,54,3.711797,3.711797,1458,10.7162
5855,54,0,3.418047,3.418047,1443,10.5211
5856,0,21,3.118965,3.118965,1463,10.6566
5857,21,48,2.552255,2.552255,1460,10.7170
5858,48,51,2.922867,2.922867,1470,10.5809
5859,51,29,2.563087,2.563087,1435,10.6781
5860,29,48,2.450528,2.450528,1463,10.6718
5861,48,6,4.362544,4.362544,1430,10.5503
5862,6,32,3.192459,3.192459,1459,10.7732
5863,32,9,2.614386,2.614386,1442,10.6506
5864,9,3,2.688696,2.688696,1477,10.6262
5865,3,41,3.161733,3.161733,1422,10.5499
5866,41,6,3.163872,3.163872,1444,10.6221
5867,6,56,2.813119,2.813119,1471,10.7290
5868,56,6,3.158395,3.158395,1475,10.6844
5869,6,32,3.092120,3.092120,1447,10.5652
5870,32,61,3.429747,3.429747,1480,10.5528
5871,61,33,3.282648,3.282648,807,8.4207
5872,33,55,3.322282,3.322282,1234,10.1337
5873,55,63,4.628648,4.628648,1283,9.8868
5874,63,18,2.745424,2.745424,1435,10.6286
5875,18,38,3.075026,3.075026,1458,10.7063
5876,38,2,3.139722,3.139722,1465,10.6905
5877,2,45,3.348056,3.348056,1149,8.9037
5878,45,63,3.205507,3.205507,1464,10.5930
5879,63,18,2.702719,2.702719,1432,10.6374
5880,18,18,0.769525,0.769525,1428,10.6026
5881,18,18,0.657061,0.657061,1474,10.5657
5882,18,38,3.117627,3.117627,1460,10.6210
5883,38,2,3.055482,3.055482,1467,10.6477
5884,2,54,3.601633,3.601633,1454,10.5595
5885,54,0,3.291263,3.291263,1469,10.7275
5886,0,25,2.202361,2.202361,1469,10.6382
5887,25,36,2.975909,2.975909,1461,10.6439
5888,36,34,3.983633,3.983633,1443,10.6196
5889,34,35,3.396654,3.396654,1464,10.7151
5890,35,53,3.497990,3.497990,1453,10.7880
5891,53,17,2.672827,2.672827,1446,10.6600
5892,17,7,3.431446,3.431446,1044,9.1276
5893,7,31,3.521167,3.521167,1236,9.7388
5894,31,54,4.096130,4.096130,1484,10.7299
5895,54,25,2.301350,2.301350,1462,10.6846
5896,25,2,3.921895,3.921895,1476,10.6795
5897,2,12,2.530484,2.530484,1466,10.6953
5898,12,43,4.382156,4.382156,1470,10.6041
5899,43,51,4.608823,4.608823,1223,9.9562
5900,51,29,2.475378,2.475378,1452,10.6263
5901,29,23,2.409052,2.409052,1474,10.6574
5902,23,29,1.766151,1.766151,1463,10.6343
5903,29,11,2.308957,2.308957,1453,10.8196
5904,11,42,2.649475,2.649475,1473,10.5803
5905,42,54,3.467819,3.467819,1465,10.6335
5906,54,0,3.194156,3.194156,1441,10.5958
5907,0,25,2.070941,2.070941,1462,10.6036
5908,25,36,2.939798,2.939798,1459,10.6744
5909,36,29,3.041748,3.041748,1470,10.6030
5910,29,11,2.171403,2.171403,1448,10.6233
5911,11,45,2.699571,2.699571,1479,10.7314
5912,45,63,3.139981,3.139981,1458,10.5740
5913,63,18,2.588715,2.588715,1478,10.6702
5914,18,38,2.948948,2.948948,1455,10.7144
5915,38,2,2.962358,2.962358,1465,10.7593
5916,2,12,2.449464,2.449464,1438,10.5908
5917,12,20,2.536857,2.536857,1471,10.8354
5918,20,3,5.087843,5.087843,1446,10.7077
5919,3,41,3.017193,3.017193,1405,10.6530
5920,41,6,2.991570,2.991570,1024,8.6107
5921,6,32,2.976164,2.976164,1476,10.8874
5922,32,9,2.500276,2.500276,1442,10.6513
5923,9,44,3.606129,3.606129,1466,10.6993
5924,44,35,5.248151,5.248151,745,7.1935
5925,35,53,3.325518,3.325518,1458,10.6528
5926,53,11,4.329571,4.329571,1452,10.6091
5927,11,24,5.208451,5.208451,1453,10.6790
5928,24,0,3.892512,3.892512,962,7.8882
5929,0,21,3.166579,3.166579,1467,10.6887
5930,21,48,2.550688,2.550688,1455,10.6258
5931,48,25,3.761130,3.761130,1483,10.5885
5932,25,36,2.786952,2.786952,1467,10.5967
5933,36,21,2.913316,2.913316,1460,10.5660
5934,21,48,2.455230,2.455230,1466,10.6503
5935,48,25,3.593496,3.593496,1489,10.5831
5936,25,29,2.933138,2.933138,1466,10.6091
5937,29,23,2.394792,2.394792,1470,10.5447
5938,23,18,3.697384,3.697384,1470,10.7686
5939,18,38,2.786632,2.786632,1452,10.6127
5940,38,2,2.886119,2.886119,1506,10.6363
5941,2,12,2.382871,2.382871,1474,10.7690
5942,12,20,2.425464,2.425464,1429,10.6989
5943,20,10,2.435976,2.435976,1473,10.8862
5944,10,2,4.053526,4.053526,1410,10.4979
5945,2,12,2.270784,2.270784,1458,10.6429
5946,12,35,3.947428,3.947428,1475,10.7507
5947,35,8,2.352687,2.352687,1461,10.7161
5948,8,41,2.493630,2.493630,1483,10.6373
5949,41,30,5.484707,5.484707,1442,10.5658
5950,30,46,2.705239,2.705239,1463,10.5675
5951,46,46,0.711504,0.711504,1459,10.6126
5952,46,1,4.175852,4.175852,1445,10.6047
5953,1,19,3.646216,3.646216,1461,10.6166
5954,19,24,3.288322,3.288322,1452,10.7042
5955,24,0,3.854291,3.854291,1428,10.5872
5956,0,25,2.075169,2.075169,1459,10.5868
5957,25,36,2.697042,2.697042,1429,10.5010
5958,36,34,4.082197,4.082197,1446,10.5383
5959,34,40,2.642819,2.642819,1447,10.6987
5960,40,25,5.226295,5.226295,1419,10.6228
5961,25,29,2.803763,2.803763,1416,10.4982
5962,29,11,2.233673,2.233673,1454,10.6166
5963,11,42,2.677912,2.677912,1442,10.6744
5964,42,54,3.425471,3.425471,1466,10.5937
5965,54,0,3.117758,3.117758,1464,10.5760
5966,0,60,3.901003,3.901003,1448,10.5913
5967,60,36,3.028603,3.028603,1443,10.6020
5968,36,34,3.922852,3.922852,1463,10.5905
5969,34,7,3.633953,3.633953,1451,10.6798
5970,7,16,4.400448,4.400448,1399,10.5533
5971,16,23,3.302107,3.302107,1361,10.2573
5972,23,18,3.571687,3.571687,1426,10.5563
5973,18,12,4.108256,4.108256,1455,10.6858
5974,12,35,3.806856,3.806856,1462,10.6409
5975,35,8,2.289166,2.289166,1456,10.7245
5976,8,52,4.637568,4.637568,1478,10.6139
5977,52,22,3.840689,3.840689,552,5.4837
5978,22,35,3.894703,3.894703,1457,10.6885
5979,35,8,2.217146,2.217146,1451,10.5929
5980,8,52,4.529677,4.529677,1427,10.5660
5981,52,22,3.748812,3.748812,1421,10.6376
5982,22,47,2.751956,2.751956,1465,10.6141
5983,47,56,2.511326,2.511326,1489,10.6826
5984,56,34,2.627216,2.627216,1467,10.6132
5985,34,7,3.544889,3.544889,1452,10.6210
5986,7,31,3.425050,3.425050,1469,10.6144
5987,31,12,3.524112,3.524112,1470,10.6263
5988,12,20,2.418394,2.418394,1441,10.5958
5989,20,10,2.397075,2.397075,1457,10.6552
5990,10,2,3.875755,3.875755,1438,10.6190
5991,2,12,2.280441,2.280441,1470,10.7127
5992,12,20,2.323018,2.323018,1459,10.6579
5993,20,10,2.374196,2.374196,1482,10.7532
5994,10,2,3.700267,3.700267,1450,10.6008
5995,2,12,2.195467,2.195467,1460,10.6122
5996,12,35,3.820494,3.820494,1462,10.6077
5997,35,0,4.337346,4.337346,1488,10.6779
5998,0,21,3.094573,3.094573,1477,10.6520
5999,21,9,4.951464,4.951464,1459,10.5836
6000,9,44,3.444992,3.444992,294,3.9609
6001,44,36,5.152660,5.152660,248,4.0539
6002,36,29,2.881641,2.881641,1475,10.5873
6003,29,48,2.469150,2.469150,1461,10.6102
6004,48,51,3.041821,3.041821,1467,10.6581
6005,51,29,2.671515,2.671515,1478,10.6978
6006,29,11,2.184473,2.184473,1446,10.6521
6007,11,42,2.591840,2.591840,1464,10.5686
6008,42,54,3.335861,3.335861,1456,10.5469
6009,54,25,2.420705,2.420705,1424,10.6531
6010,25,2,4.205935,4.205935,1470,10.5583
6011,2,45,3.501018,3.501018,1455,10.6207
6012,45,30,2.824606,2.824606,1452,10.5268
6013,30,46,2.658832,2.658832,1466,10.6265
6014,46,46,0.646109,0.646109,1462,10.6378
6015,46,1,4.085460,4.085460,1486,10.6059
6016,1,32,3.266369,3.266369,1434,10.5506
6017,32,9,2.515827,2.515827,1224,10.1323
6018,9,15,3.154720,3.154720,1437,10.5760
6019,15,49,2.796351,2.796351,1342,10.3718
6020,49,50,3.443993,3.443993,545,5.9801
6021,50,54,4.273274,4.273274,1374,10.5632
6022,54,25,2.351896,2.351896,1465,10.6357
6023,25,2,4.058776,4.058776,1458,10.5466
6024,2,12,2.101982,2.101982,1453,10.5657
6025,12,35,3.669917,3.669917,1463,10.5795
6026,35,0,4.161674,4.161674,1458,10.7238
6027,0,21,3.004139,3.004139,1464,10.5966
6028,21,9,4.915298,4.915298,1469,10.6708
6029,9,44,3.382490,3.382490,1115,9.5331
6030,44,36,4.964458,4.964458,1417,10.6137
6031,36,29,2.868319,2.868319,1440,10.5918
6032,29,48,2.355695,2.355695,1458,10.6862
6033,48,51,2.922387,2.922387,1458,10.5845
6034,51,51,1.306929,1.306929,1465,10.6842
6035,51,16,2.870678,2.870678,1450,10.5836
6036,16,23,3.194423,3.194423,1474,10.7578
6037,23,29,2.090292,2.090292,1489,10.6584
6038,29,23,2.501573,2.501573,1445,10.5992
6039,23,29,1.929122,1.929122,1462,10.5940
6040,29,23,2.307670,2.307670,1440,10.5751
6041,23,18,3.627399,3.627399,1460,10.5744
6042,18,18,0.791451,0.791451,1468,10.6263
6043,18,38,2.782601,2.782601,1459,10.6192
6044,38,54,3.807258,3.807258,1429,10.5664
6045,54,25,2.305801,2.305801,1435,10.5250
6046,25,36,2.967818,2.967818,1408,10.5430
6047,36,34,3.790570,3.790570,1440,10.5877
6048,34,40,2.683468,2.683468,1467,10.6525
6049,40,57,3.014321,3.014321,1459,10.5951
6050,57,52,3.569278,3.569278,1381,10.5059
6051,52,22,3.667788,3.667788,589,5.5800
6052,22,47,2.707328,2.707328,1074,8.6962
6053,47,22,2.990380,2.990380,1467,10.6071
6054,22,35,3.939709,3.939709,1450,10.5797
6055,35,8,2.249615,2.249615,1475,10.6183
6056,8,56,4.071184,4.071184,1466,10.6987
6057,56,34,2.577771,2.577771,1437,10.6187
6058,34,40,2.631874,2.631874,1456,10.6267
6059,40,25,5.146262,5.146262,1462,10.7457
6060,25,2,3.926471,3.926471,1452,10.5798
6061,2,54,3.535959,3.535959,1354,10.4831
6062,54,25,2.280599,2.280599,1486,10.6382
6063,25,36,2.852099,2.852099,1467,10.6433
6064,36,34,3.761285,3.761285,1475,10.6104
6065,34,40,2.540286,2.540286,1453,10.6026
6066,40,57,3.053187,3.053187,1467,10.5797
6067,57,32,4.319185,4.319185,1401,10.4085
6068,32,9,2.521624,2.521624,1435,10.6227
6069,9,3,2.853342,2.853342,1466,10.5972
6070,3,41,2.990787,2.990787,1451,10.6456
6071,41,6,2.905300,2.905300,1487,10.6005
6072,6,56,2.806769,2.806769,1458,10.6450
6073,56,6,2.949128,2.949128,1469,10.6096
6074,6,32,3.026425,3.026425,1437,10.5519
6075,32,9,2.412318,2.412318,1471,10.6465
6076,9,44,3.336854,3.336854,1460,10.6047
6077,44,35,5.462916,5.462916,1424,10.6477
6078,35,8,2.182741,2.182741,1292,10.3882
6079,8,52,4.441591,4.441591,1463,10.6749
6080,52,22,3.599830,3.599830,1462,10.6756
6081,22,47,2.564782,2.564782,1451,10.6339
6082,47,56,2.510514,2.510514,1471,10.7103
6083,56,34,2.608594,2.608594,1464,10.6264
6084,34,7,3.602383,3.602383,1439,10.5632
6085,7,31,3.289517,3.289517,1465,10.6696
6086,31,12,3.627621,3.627621,1425,10.6200
6087,12,35,3.628139,3.628139,1427,10.6127
6088,35,0,4.047537,4.047537,1477,10.6041
6089,0,60,3.767100,3.767100,1289,10.1869
6090,60,38,3.228959,3.228959,1329,10.4227
6091,38,50,3.414780,3.414780,1468,10.7131
6092,50,53,4.123014,4.123014,1290,10.1193
6093,53,17,2.617165,2.617165,1420,10.5885
6094,17,1,4.341717,4.341717,1467,10.7060
6095,1,47,2.261868,2.261868,1452,10.6829
6096,47,51,3.760124,3.760124,1446,10.6359
6097,51,16,2.745904,2.745904,1456,10.6572
6098,16,21,4.754790,4.754790,1470,10.7176
6099,21,47,4.134534,4.134534,1487,10.6255
6100,47,56,2.423160,2.423160,1486,10.6461
6101,56,34,2.516754,2.516754,1468,10.6286
6102,34,40,2.581165,2.581165,1471,10.5451
6103,40,57,2.967255,2.967255,1440,10.6551
6104,57,32,4.194958,4.194958,1453,10.6770
6105,32,9,2.329359,2.329359,1474,10.6805
6106,9,3,2.816743,2.816743,1476,10.9420
6107,3,41,2.927604,2.927604,1454,10.7156
6108,41,6,2.781052,2.781052,1441,10.7054
6109,6,32,3.019316,3.019316,1469,10.6472
6110,32,27,3.702725,3.702725,1464,10.6255
6111,27,20,4.386513,4.386513,1467,10.6454
6112,20,10,2.241813,2.241813,1181,9.7160
6113,10,2,3.738079,3.738079,1476,10.6055
6114,2,45,3.342625,3.342625,1454,10.7328
6115,45,30,2.696326,2.696326,1378,10.5617
6116,30,31,3.892337,3.892337,1430,10.6046
6117,31,54,4.212498,4.212498,1452,10.6617
6118,54,25,2.190974,2.190974,1363,10.6321
6119,25,36,2.767369,2.767369,1466,10.6554
6120,36,29,2.822720,2.822720,1473,10.6180
6121,29,23,2.215951,2.215951,1450,10.7361
6122,23,29,1.836055,1.836055,1468,10.8477
6123,29,23,2.047179,2.047179,1454,10.6436
6124,23,29,1.704349,1.704349,1451,10.6047
6125,29,23,1.894856,1.894856,1474,10.6179
6126,23,0,4.683840,4.683840,1461,10.6176
6127,0,25,2.182277,2.182277,1454,10.6791
6128,25,36,2.673250,2.673250,1465,10.6524
6129,36,34,3.871963,3.871963,1438,10.7157
6130,34,7,3.534079,3.534079,1438,10.6108
6131,7,31,3.245755,3.245755,1455,10.8083
6132,31,12,3.526567,3.526567,1462,10.7015
6133,12,35,3.424728,3.424728,592,5.4254
6134,35,0,3.912085,3.912085,1463,10.7178
6135,0,25,2.147891,2.147891,1451,10.6846
6136,25,36,2.562615,2.562615,1454,10.6416
6137,36,29,2.764699,2.764699,1450,10.6255
6138,29,48,2.587642,2.587642,1455,10.5983
6139,48,51,2.793126,2.793126,1457,10.5799
6140,51,29,2.654760,2.654760,1452,10.5964
6141,29,48,2.405595,2.405595,1464,10.6073
6142,48,6,4.504692,4.504692,1454,10.5932
6143,6,32,2.976481,2.976481,1462,10.6594
6144,32,9,2.225482,2.225482,1440,10.7000
6145,9,3,2.728062,2.728062,1450,10.6908
6146,3,39,3.456719,3.456719,1456,10.6312
6147,39,15,3.078649,3.078649,1002,9.1284
6148,15,49,2.655859,2.655859,1422,10.4825
6149,49,50,3.367733,3.367733,1441,10.7205
6150,50,53,3.991082,3.991082,1263,9.7247
6151,53,11,4.254054,4.254054,1414,10.6571
6152,11,42,2.678363,2.678363,1461,10.7163
6153,42,54,3.421258,3.421258,1458,10.7542
6154,54,44,6.116753,6.116753,1461,10.7045
6155,44,35,5.364328,5.364328,721,7.1036
6156,35,8,2.231137,2.231137,1441,10.6174
6157,8,41,2.772044,2.772044,798,7.2486
6158,41,6,2.733344,2.733344,1441,10.6171
6159,6,32,2.884946,2.884946,1144,8.8037
6160,32,27,3.707362,3.707362,1440,10.5465
6161,27,2,4.784531,4.784531,1407,10.6029
6162,2,12,2.267097,2.267097,1472,10.8284
6163,12,35,3.401920,3.401920,1431,10.5407
6164,35,0,3.777245,3.777245,1454,10.7140
6165,0,25,2.143427,2.143427,1483,10.6872
6166,25,2,4.054428,4.054428,1443,10.5704
6167,2,12,2.173765,2.173765,1476,10.6796
6168,12,35,3.281803,3.281803,1478,10.7012
6169,35,8,2.244741,2.244741,1428,10.6358
6170,8,52,4.316107,4.316107,1456,10.6468
6171,52,21,4.659544,4.659544,1438,10.6976
6172,21,48,2.512832,2.512832,1420,10.5742
6173,48,51,2.735354,2.735354,1402,10.5489
6174,51,29,2.549789,2.549789,1464,10.8180
6175,29,11,2.648549,2.648549,1416,10.5111
6176,11,45,3.018080,3.018080,1438,10.8493
6177,45,30,2.631709,2.631709,1462,10.5897
6178,30,46,2.718400,2.718400,1446,10.6863
6179,46,1,3.928153,3.928153,1475,10.7168
6180,1,32,3.397435,3.397435,1472,10.7293
6181,32,61,3.623516,3.623516,1406,10.5502
6182,61,33,3.196850,3.196850,1416,10.5144
6183,33,11,5.740541,5.740541,701,5.9296
6184,11,45,2.868946,2.868946,1479,10.7431
6185,45,63,3.155224,3.155224,1453,10.6278
6186,63,18,2.730148,2.730148,1468,10.6959
6187,18,38,2.695234,2.695234,1447,10.6406
6188,38,2,3.182003,3.182003,1477,10.7129
6189,2,45,3.347082,3.347082,1478,10.7279
6190,45,63,2.987832,2.987832,1460,10.6460
6191,63,18,2.688224,2.688224,1450,10.5795
6192,18,12,4.134053,4.134053,1469,10.6659
6193,12,35,3.158033,3.158033,1453,10.6680
6194,35,0,3.629911,3.629911,1449,10.7456
6195,0,25,2.139609,2.139609,1470,10.6445
6196,25,29,2.979999,2.979999,1460,10.6152
6197,29,23,2.057507,2.057507,1446,10.5306
6198,23,29,1.676410,1.676410,1478,10.6680
6199,29,23,1.904357,1.904357,1461,10.5575
6200,23,18,3.881111,3.881111,1487,10.7036
6201,18,12,4.006379,4.006379,1463,10.7442
6202,12,20,2.629947,2.629947,1448,10.6293
6203,20,10,2.221813,2.221813,1478,10.7096
6204,10,2,3.695355,3.695355,1436,10.6835
6205,2,45,3.248424,3.248424,1449,10.7033
6206,45,30,2.646441,2.646441,1471,10.5750
6207,30,46,2.713483,2.713483,1448,10.6015
6208,46,1,3.759821,3.759821,1454,10.6636
6209,1,32,3.298225,3.298225,1390,10.4560
6210,32,27,3.578864,3.578864,1046,9.2594
6211,27,2,4.794584,4.794584,638,5.6579
6212,2,12,2.218180,2.218180,1437,10.5819
6213,12,20,2.515921,2.515921,1475,10.6418
6214,20,3,5.231219,5.231219,1478,10.7409
6215,3,10,3.741277,3.741277,1446,10.7236
6216,10,2,3.530174,3.530174,1463,10.6481
6217,2,12,2.142444,2.142444,1440,10.5662
6218,12,35,3.170514,3.170514,1456,10.6593
6219,35,53,3.827490,3.827490,1452,10.6576
6220,53,17,2.570398,2.570398,1468,10.6090
6221,17,7,3.497207,3.497207,1461,10.6473
6222,7,16,4.390105,4.390105,1349,10.7159
6223,16,21,4.554254,4.554254,1323,10.1524
6224,21,48,2.481844,2.481844,1475,10.6933
6225,48,25,3.680944,3.680944,1457,10.6238
6226,25,29,2.742243,2.742243,1433,10.6418
6227,29,23,1.832540,1.832540,1481,10.6094
6228,23,29,1.588290,1.588290,1447,10.6829
6229,29,23,1.705492,1.705492,1462,10.5940
6230,23,29,1.488878,1.488878,1481,10.6414
6231,29,48,2.588604,2.588604,1456,10.6994
6232,48,6,4.399232,4.399232,1460,10.6129
6233,6,56,2.912295,2.912295,1469,10.7079
6234,56,34,2.524757,2.524757,1455,10.6627
6235,34,7,3.464616,3.464616,1462,10.6474
6236,7,16,4.295345,4.295345,1439,10.6138
6237,16,53,3.787982,3.787982,1449,10.6519
6238,53,17,2.478967,2.478967,1490,10.6107
6239,17,2,4.907101,4.907101,1408,10.4768
6240,2,12,2.077937,2.077937,1214,10.2648
6241,12,20,2.445205,2.445205,1226,9.5187
6242,20,3,5.145764,5.145764,1469,10.7144
6243,3,41,2.897087,2.897087,1460,10.6294
6244,41,30,5.269259,5.269259,1441,10.5442
6245,30,46,2.602286,2.602286,1446,10.6907
6246,46,46,0.681859,0.681859,1440,10.6364
6247,46,46,0.582222,0.582222,1490,10.5506
6248,46,47,3.403621,3.403621,1465,10.6277
6249,47,56,2.435229,2.435229,1458,10.5831
6250,56,34,2.431553,2.431553,1440,10.5747
6251,34,7,3.369597,3.369597,1464,10.5619
6252,7,31,3.164225,3.164225,1470,10.6902
6253,31,30,3.715721,3.715721,1472,10.6413
6254,30,46,2.377895,2.377895,1453,10.6327
6255,46,46,0.542768,0.542768,1456,10.6248
6256,46,1,3.983413,3.983413,1467,10.6449
6257,1,32,3.225326,3.225326,1490,10.6560
6258,32,9,2.308101,2.308101,1428,10.5935
6259,9,15,3.353456,3.353456,1471,10.7424
6260,15,19,3.362840,3.362840,1414,10.5152
6261,19,24,3.125348,3.125348,1451,10.6011
6262,24,4,3.368011,3.368011,1205,9.4405
6263,4,19,3.722550,3.722550,984,7.8257
6264,19,51,4.419261,4.419261,1431,10.6022
6265,51,29,2.521692,2.521692,1471,10.6901
6266,29,48,2.386362,2.386362,1472,10.6816
6267,48,25,3.584257,3.584257,1450,10.6239
6268,25,36,2.565199,2.565199,1477,10.6570
6269,36,34,3.914315,3.914315,1467,10.6102
6270,34,40,2.716678,2.716678,1460,10.7419
6271,40,25,4.976309,4.976309,1439,10.5995
6272,25,36,2.404392,2.404392,1484,10.6758
6273,36,29,2.820075,2.820075,1441,10.5876
6274,29,23,1.764346,1.764346,1440,10.5679
6275,23,29,1.456299,1.456299,1486,10.8717
6276,29,11,3.009544,3.009544,1450,10.6192
6277,11,45,2.962392,2.962392,1459,10.5557
6278,45,30,2.724012,2.724012,1455,10.5357
6279,30,27,6.138662,6.138662,1444,10.6177
6280,27,2,4.525394,4.525394,1424,10.6318
6281,2,12,2.057200,2.057200,1485,10.6682
6282,12,43,4.673653,4.673653,1441,10.6499
6283,43,51,4.605002,4.605002,1409,10.6769
6284,51,16,2.772311,2.772311,1440,10.6712
6285,16,21,4.385074,4.385074,1476,10.6419
6286,21,47,3.952591,3.952591,1443,10.5875
6287,47,56,2.367183,2.367183,1463,10.7301
6288,56,1,2.766163,2.766163,1469,10.5439
6289,1,47,2.203755,2.203755,1465,10.7479
6290,47,56,2.262888,2.262888,1496,10.6113
6291,56,1,2.619287,2.619287,1495,10.6141
6292,1,19,4.016937,4.016937,1473,10.5934
6293,19,24,2.986540,2.986540,1465,10.6870
6294,24,4,3.258954,3.258954,1359,10.4782
6295,4,19,3.590751,3.590751,1454,10.5909
6296,19,51,4.299819,4.299819,1384,10.4512
6297,51,16,2.615532,2.615532,1434,10.6374
6298,16,53,3.736208,3.736208,1455,10.5968
6299,53,17,2.393695,2.393695,1447,10.6334
6300,17,1,4.374076,4.374076,1438,10.5619
6301,1,32,3.134362,3.134362,1466,10.6840
6302,32,27,3.485518,3.485518,1459,10.5577
6303,27,2,4.504695,4.504695,1458,10.6608
6304,2,12,2.013955,2.013955,988,8.5192
6305,12,35,3.109667,3.109667,1123,9.0587
6306,35,0,3.518154,3.518154,1435,10.5970
6307,0,60,3.787562,3.787562,1484,10.7246
6308,60,44,4.798769,4.798769,1490,10.6544
6309,44,36,4.776750,4.776750,1445,10.5820
6310,36,29,2.678574,2.678574,1475,10.6513
6311,29,23,1.753527,1.753527,1456,10.7641
6312,23,29,1.428948,1.428948,1096,8.9047
6313,29,11,2.880988,2.880988,1371,10.3805
6314,11,45,2.899892,2.899892,1465,10.6886
6315,45,63,3.042525,3.042525,1429,10.6251
6316,63,47,4.819573,4.819573,1458,10.6840
6317,47,56,2.229987,2.229987,1444,10.6296
6318,56,34,2.541872,2.541872,1385,10.4294
6319,34,35,4.049242,4.049242,1323,10.2612
6320,35,8,2.380579,2.380579,1426,10.6474
6321,8,41,2.784696,2.784696,1461,10.6153
6322,41,6,2.720338,2.720338,1450,10.6304
6323,6,32,3.055780,3.055780,1456,10.6336
6324,32,9,2.258585,2.258585,1456,10.5927
6325,9,3,2.878787,2.878787,1443,10.6573
6326,3,39,3.420319,3.420319,1451,10.5932
6327,39,44,2.623255,2.623255,1423,10.4650
6328,44,36,4.708392,4.708392,1441,10.5733
6329,36,29,2.577551,2.577551,1073,8.9483
6330,29,23,1.742978,1.742978,1453,10.6131
6331,23,18,3.987273,3.987273,1351,10.2823
6332,18,18,0.841833,0.841833,1410,10.5985
6333,18,12,4.041169,4.041169,1458,10.6700
6334,12,35,3.064110,3.064110,1184,9.3564
6335,35,8,2.340479,2.340479,1464,10.8312
6336,8,41,2.739880,2.739880,1470,10.6389
6337,41,6,2.628222,2.628222,1444,10.5668
6338,6,32,2.966954,2.966954,1466,10.6359
6339,32,61,3.673880,3.673880,1450,10.6412
6340,61,33,3.133750,3.133750,1435,10.7704
6341,33,11,5.702390,5.702390,1385,10.3090
6342,11,42,2.852704,2.852704,1327,10.1876
6343,42,45,2.537310,2.537310,1453,10.7655
6344,45,63,2.922938,2.922938,1401,10.5603
6345,63,18,2.712630,2.712630,1161,9.0671
6346,18,38,2.803963,2.803963,1470,10.6892
6347,38,50,3.369624,3.369624,1462,10.9194
6348,50,53,3.947430,3.947430,1455,10.6104
6349,53,17,2.303339,2.303339,773,6.1832
6350,17,2,4.768542,4.768542,1398,10.5414
6351,2,12,2.053304,2.053304,1453,10.6088
6352,12,20,2.448795,2.448795,1430,10.6152
6353,20,10,2.431363,2.431363,1483,10.6492
6354,10,11,6.060659,6.060659,1449,10.6287
6355,11,42,2.738084,2.738084,1437,10.8262
6356,42,54,3.460949,3.460949,1464,10.9373
6357,54,25,2.424516,2.424516,1466,10.8386
6358,25,36,2.565713,2.565713,1131,9.2667
6359,36,29,2.504359,2.504359,1465,10.7041
6360,29,23,1.720847,1.720847,1447,10.5595
6361,23,29,1.498500,1.498500,1440,10.5777
6362,29,11,3.051329,3.051329,1468,10.6787
6363,11,45,2.720554,2.720554,1476,10.6316
6364,45,30,2.787238,2.787238,1457,10.7271
6365,30,46,2.447089,2.447089,1479,10.7443
6366,46,46,0.553092,0.553092,1463,10.6705
6367,46,47,3.380288,3.380288,1460,10.6048
6368,47,56,2.170620,2.170620,1470,10.6893
6369,56,34,2.472451,2.472451,1447,10.6802
6370,34,40,2.723346,2.723346,1466,10.5735
6371,40,21,5.090637,5.090637,1428,10.5708
6372,21,48,2.537168,2.537168,1464,10.7164
6373,48,6,4.176078,4.176078,1463,10.6606
6374,6,56,3.177119,3.177119,1469,10.7589
6375,56,6,3.393636,3.393636,1454,10.6364
6376,6,32,2.914309,2.914309,1464,10.6573
6377,32,61,3.559977,3.559977,1398,10.4901
6378,61,33,3.077878,3.077878,1421,10.5485
6379,33,11,5.687717,5.687717,1392,10.4981
6380,11,42,2.677685,2.677685,1465,10.7304
6381,42,0,4.097835,4.097835,1492,10.7535
6382,0,21,3.377476,3.377476,1463,10.6793
6383,21,48,2.484364,2.484364,1424,10.5812
6384,48,51,3.135778,3.135778,1461,10.7061
6385,51,16,2.542549,2.542549,1398,10.4806
6386,16,23,3.182588,3.182588,1447,10.5312
6387,23,29,1.532139,1.532139,1467,10.6729
6388,29,23,1.696766,1.696766,1443,10.5413
6389,23,29,1.440888,1.440888,1463,10.6022
6390,29,48,2.647489,2.647489,1477,10.6388
6391,48,51,3.054766,3.054766,1438,10.6424
6392,51,51,1.418242,1.418242,1457,10.5950
6393,51,51,1.243025,1.243025,1424,10.4992
6394,51,51,1.077259,1.077259,1473,10.5893
6395,51,16,2.627615,2.627615,1469,10.5654
6396,16,21,4.333781,4.333781,1441,10.7044
6397,21,9,4.823961,4.823961,1434,10.5274
6398,9,44,3.536667,3.536667,1453,10.6716
6399,44,35,5.529143,5.529143,1448,10.6121
6400,35,8,2.244467,2.244467,1481,10.6347
6401,8,52,4.257102,4.257102,1115,8.8580
6402,52,21,4.513506,4.513506,1173,9.5707
6403,21,48,2.405431,2.405431,1480,10.6091
6404,48,25,3.534065,3.534065,1453,10.6035
6405,25,36,2.490813,2.490813,1468,10.7268
6406,36,34,3.986915,3.986915,1463,10.7187
6407,34,35,3.965163,3.965163,1445,10.7069
6408,35,8,2.143330,2.143330,1460,10.7166
6409,8,41,2.771836,2.771836,1473,10.6899
6410,41,36,5.579759,5.579759,1489,10.6208
6411,36,34,3.723985,3.723985,1452,10.6676
6412,34,35,3.770672,3.770672,1461,10.6493
6413,35,0,3.523360,3.523360,1450,10.5900
6414,0,60,3.719939,3.719939,1471,10.6827
6415,60,38,3.284502,3.284502,1447,10.6331
6416,38,2,3.506779,3.506779,1462,10.6402
6417,2,45,3.623319,3.623319,1478,10.7440
6418,45,30,2.636502,2.636502,1437,10.6231
6419,30,46,2.400107,2.400107,1429,10.6415
6420,46,47,3.212091,3.212091,1441,10.6152
6421,47,22,3.419696,3.419696,1455,10.5878
6422,22,35,4.191879,4.191879,1466,10.7528
6423,35,53,4.035135,4.035135,1446,10.5952
6424,53,17,2.281684,2.281684,1466,10.6343
6425,17,7,3.550345,3.550345,1456,10.7870
6426,7,31,3.003915,3.003915,1442,10.5889
6427,31,12,4.138320,4.138320,1449,10.7393
6428,12,35,3.233069,3.233069,1434,10.6435
6429,35,53,3.937493,3.937493,1481,10.7315
6430,53,17,2.268824,2.268824,1440,10.5943
6431,17,2,4.659743,4.659743,1454,10.6569
6432,2,45,3.512939,3.512939,1451,10.7393
6433,45,30,2.509295,2.509295,1439,10.6419
6434,30,31,4.370077,4.370077,1382,10.4164
6435,31,54,4.224935,4.224935,1453,10.6588
6436,54,25,2.408362,2.408362,1468,10.6502
6437,25,36,2.563971,2.563971,1444,10.6832
6438,36,34,3.633307,3.633307,1459,10.6183
6439,34,40,2.673500,2.673500,1462,10.6588
6440,40,57,2.974515,2.974515,1446,10.6745
6441,57,52,3.580857,3.580857,1396,10.4833
6442,52,22,3.548901,3.548901,1310,10.0983
6443,22,20,4.628266,4.628266,1454,10.6208
6444,20,10,2.293393,2.293393,1444,10.7242
6445,10,2,3.448114,3.448114,1429,10.6551
6446,2,45,3.432150,3.432150,1450,10.6680
6447,45,63,2.850809,2.850809,1451,10.5874
6448,63,6,5.229641,5.229641,1471,10.7256
6449,6,32,2.796675,2.796675,1424,10.5337
6450,32,61,3.421933,3.421933,1429,10.5795
6451,61,33,3.015084,3.015084,1468,10.6283
6452,33,18,4.781806,4.781806,1437,10.7395
6453,18,38,2.619622,2.619622,1471,10.7300
6454,38,54,3.815991,3.815991,1476,10.7084
6455,54,0,3.696227,3.696227,764,6.1996
6456,0,21,3.417601,3.417601,1459,10.6645
6457,21,47,3.907839,3.907839,1466,10.7135
6458,47,22,3.311843,3.311843,1451,10.7554
6459,22,35,4.134368,4.134368,1290,10.0468
6460,35,0,3.444043,3.444043,1467,10.6650
6461,0,25,2.412180,2.412180,1458,10.6808
6462,25,29,2.529559,2.529559,1465,10.6107
6463,29,11,3.052997,3.052997,1474,10.8517
6464,11,42,2.668492,2.668492,1461,10.7014
6465,42,0,4.000184,4.000184,1421,10.6651
6466,0,21,3.321244,3.321244,1488,10.6451
6467,21,47,3.819859,3.819859,1459,10.6140
6468,47,51,3.676239,3.676239,1453,10.5630
6469,51,51,0.994142,0.994142,1439,10.5892
6470,51,29,3.027159,3.027159,1472,10.6050
6471,29,11,2.844038,2.844038,1444,10.6405
6472,11,42,2.584626,2.584626,1452,10.6089
6473,42,54,3.537202,3.537202,1484,10.6117
6474,54,44,5.751072,5.751072,1455,10.7141
6475,44,35,5.409371,5.409371,1350,10.2902
6476,35,0,3.372158,3.372158,1458,10.7238
6477,0,25,2.363199,2.363199,1459,10.9131
6478,25,2,4.610531,4.610531,1478,10.6914
6479,2,45,3.258108,3.258108,1418,10.6035
6480,45,63,2.706763,2.706763,1451,10.5709
6481,63,18,2.846430,2.846430,1456,10.6215
6482,18,12,3.820452,3.820452,1475,10.7028
6483,12,20,2.485789,2.485789,1442,10.5933
6484,20,10,2.250330,2.250330,1465,10.6061
6485,10,11,6.146195,6.146195,1439,10.6358
6486,11,42,2.483093,2.483093,1442,10.7221
6487,42,45,2.839946,2.839946,1452,10.7082
6488,45,63,2.611961,2.611961,1452,10.5509
6489,63,18,2.790926,2.790926,1463,10.6033
6490,18,18,0.916080,0.916080,1482,10.6443
6491,18,18,0.783624,0.783624,1463,10.5534
6492,18,38,2.729699,2.729699,1468,10.5529
6493,38,2,3.599284,3.599284,1469,10.6543
6494,2,54,3.890866,3.890866,1446,10.5986
6495,54,25,2.372742,2.372742,1446,10.7467
6496,25,36,2.564517,2.564517,1451,10.6190
6497,36,29,2.698999,2.698999,1441,10.6015
6498,29,11,2.825159,2.825159,1456,10.6579
6499,11,45,2.974541,2.974541,1494,10.7792
6500,45,63,2.560707,2.560707,1454,10.5898
6501,63,18,2.638001,2.638001,1456,10.6631
6502,18,12,3.803438,3.803438,1493,10.6238
6503,12,20,2.425015,2.425015,1449,10.5681
6504,20,3,5.061171,5.061171,1441,10.6889
6505,3,39,3.297902,3.297902,179,4.3155
6506,39,44,2.576996,2.576996,677,8.1301
6507,44,35,5.302831,5.302831,1427,10.9550
6508,35,8,2.255356,2.255356,1478,10.6619
6509,8,41,2.621603,2.621603,1424,10.6019
6510,41,6,2.749826,2.749826,1385,10.4323
6511,6,32,2.684176,2.684176,1465,10.7544
6512,32,9,2.328733,2.328733,1384,10.5523
6513,9,3,2.897266,2.897266,1454,10.6248
6514,3,41,3.027390,3.027390,1287,10.0343
6515,41,36,5.523670,5.523670,1433,10.4699
6516,36,21,3.375187,3.375187,1443,10.6466
6517,21,47,3.757539,3.757539,1457,10.6662
6518,47,22,3.201163,3.201163,1464,10.8434
6519,22,35,4.086637,4.086637,1458,10.6362
6520,35,0,3.316636,3.316636,1474,10.7099
6521,0,25,2.364203,2.364203,1425,10.5423
6522,25,2,4.427581,4.427581,1468,10.5977
6523,2,54,3.670872,3.670872,1469,10.9326
6524,54,25,2.302453,2.302453,1395,10.5140
6525,25,29,2.631787,2.631787,1464,10.7185
6526,29,11,2.660473,2.660473,1444,10.6639
6527,11,45,2.922037,2.922037,1466,10.5788
6528,45,62,4.815934,4.815934,1466,10.6477
6529,62,60,3.999007,3.999007,1436,10.7671
6530,60,36,3.074533,3.074533,1465,10.6068
6531,36,34,3.449189,3.449189,1495,10.6016
6532,34,40,2.573063,2.573063,1474,10.6059
6533,40,57,2.902705,2.902705,1454,10.6153
6534,57,52,3.468942,3.468942,1432,10.6386
6535,52,21,4.552971,4.552971,1410,10.5636
6536,21,9,4.824725,4.824725,1454,10.5911
6537,9,15,3.395723,3.395723,1464,10.6332
6538,15,49,2.692333,2.692333,1445,10.6667
6539,49,50,3.239541,3.239541,1460,10.6066
6540,50,53,3.866126,3.866126,1434,10.6140
6541,53,11,4.456130,4.456130,1467,10.7325
6542,11,24,4.897443,4.897443,1455,10.6331
6543,24,4,3.166442,3.166442,1257,10.0356
6544,4,6,5.359684,5.359684,725,5.9152
6545,6,22,5.170273,5.170273,1479,10.6291
6546,22,35,3.919223,3.919223,1459,10.8883
6547,35,53,3.723129,3.723129,1443,10.6914
6548,53,11,4.319414,4.319414,1446,10.6146
6549,11,45,2.768337,2.768337,1164,9.3625
6550,45,63,2.575457,2.575457,1266,10.0715
6551,63,6,5.413432,5.413432,1448,10.6999
6552,6,32,2.622979,2.622979,1314,10.1277
6553,32,9,2.296838,2.296838,1074,8.4529
6554,9,44,3.599482,3.599482,1469,10.6357
6555,44,35,5.198056,5.198056,1473,10.7203
6556,35,53,3.558923,3.558923,1433,10.7408
6557,53,11,4.186855,4.186855,1395,10.4957
6558,11,45,2.650274,2.650274,1447,10.6304
6559,45,63,2.500961,2.500961,1465,10.9042
6560,63,18,2.658780,2.658780,1354,10.4637
6561,18,12,3.594814,3.594814,1470,10.6611
6562,12,35,3.802445,3.802445,1421,10.5079
6563,35,53,3.464602,3.464602,1466,10.6886
6564,53,0,3.953328,3.953328,1451,10.6869
6565,0,25,2.365261,2.365261,1354,10.2652
6566,25,2,4.261815,4.261815,1425,10.7068
6567,2,45,3.372898,3.372898,1486,10.6972
6568,45,30,2.920982,2.920982,1462,10.6312
6569,30,46,2.534379,2.534379,1468,10.6719
6570,46,1,3.854267,3.854267,1453,10.6574
6571,1,32,3.192783,3.192783,1464,10.7314
6572,32,9,2.203360,2.203360,1203,9.5826
6573,9,15,3.362406,3.362406,1459,10.6413
6574,15,49,2.681448,2.681448,1396,10.4936
6575,49,48,5.793472,5.793472,1364,10.3534
6576,48,6,3.900683,3.900683,1459,10.6612
6577,6,56,3.125316,3.125316,1484,10.7336
6578,56,1,2.692898,2.692898,1450,10.6345
6579,1,47,2.294700,2.294700,1465,10.9353
6580,47,22,3.091700,3.091700,1455,10.6732
6581,22,35,3.904670,3.904670,1462,10.6766
6582,35,8,2.359053,2.359053,1448,10.6855
6583,8,52,4.114391,4.114391,1481,10.6419
6584,52,21,4.398583,4.398583,1320,10.1204
6585,21,48,2.682997,2.682997,1439,10.5521
6586,48,6,3.788158,3.788158,1343,10.3513
6587,6,32,2.797680,2.797680,1477,10.8868
6588,32,27,3.828690,3.828690,1459,10.6119
6589,27,20,4.517917,4.517917,1441,10.5981
6590,20,10,2.192425,2.192425,745,6.0054
6591,10,21,5.408787,5.408787,1443,10.7067
6592,21,9,4.739987,4.739987,1421,10.5477
6593,9,3,2.923521,2.923521,1478,10.7727
6594,3,10,3.626945,3.626945,1474,10.6775
6595,10,11,6.036188,6.036188,1483,10.8266
6596,11,42,2.593650,2.593650,403,5.6991
6597,42,54,3.640668,3.640668,1440,10.6437
6598,54,25,2.254615,2.254615,1248,9.7598
6599,25,2,4.063980,4.063980,1454,10.7372
6600,2,45,3.205797,3.205797,1163,9.6616
6601,45,63,2.390091,2.390091,1456,10.5840
6602,63,6,5.255770,5.255770,1420,10.5663
6603,6,32,2.758686,2.758686,1463,10.6455
6604,32,61,3.555664,3.555664,1457,10.6148
6605,61,34,5.015164,5.015164,1344,10.2904
6606,34,35,3.548258,3.548258,1457,10.6857
6607,35,53,3.403166,3.403166,1439,10.6278
6608,53,11,4.062098,4.062098,1460,10.6820
6609,11,24,4.706451,4.706451,1463,10.6340
6610,24,54,4.130212,4.130212,1173,9.6175
6611,54,25,2.179171,2.179171,1169,9.6182
6612,25,2,3.892830,3.892830,1467,10.6750
6613,2,45,3.063210,3.063210,1483,10.7722
6614,45,30,2.835106,2.835106,1351,10.1464
6615,30,46,2.535222,2.535222,1500,10.5811
6616,46,1,3.672608,3.672608,1385,10.4016
6617,1,47,2.155353,2.155353,1449,10.6270
6618,47,22,2.963278,2.963278,1454,10.6131
6619,22,20,4.695919,4.695919,1488,10.6347
6620,20,10,2.167641,2.167641,1465,10.6135
6621,10,2,3.713401,3.713401,1444,10.6374
6622,2,45,2.968915,2.968915,1264,10.2279
6623,45,63,2.307034,2.307034,1358,10.3275
6624,63,6,5.108646,5.108646,1452,10.6087
6625,6,32,2.720608,2.720608,1421,10.5118
6626,32,27,3.781518,3.781518,1482,10.6541
6627,27,20,4.479058,4.479058,1421,10.6502
6628,20,3,4.674140,4.674140,1481,10.7428
6629,3,41,2.994220,2.994220,1457,10.7161
6630,41,6,3.108467,3.108467,1498,10.6797
6631,6,32,2.606352,2.606352,1476,10.6489
6632,32,9,2.284755,2.284755,1452,10.7314
6633,9,44,3.581758,3.581758,1455,10.7092
6634,44,35,5.107159,5.107159,1432,10.5063
6635,35,8,2.341595,2.341595,1447,10.6190
6636,8,41,2.700699,2.700699,1476,10.6057
6637,41,36,5.197609,5.197609,1467,10.6400
6638,36,34,3.295706,3.295706,1433,10.5994
6639,34,40,2.475026,2.475026,1474,10.6144
6640,40,25,4.986337,4.986337,1450,10.6179
6641,25,36,2.909909,2.909909,1372,10.3327
6642,36,29,2.809244,2.809244,1455,10.6760
6643,29,11,2.908832,2.908832,1463,10.6821
6644,11,45,2.789483,2.789483,1465,10.6450
6645,45,30,2.787982,2.787982,1261,9.7677
6646,30,46,2.537146,2.537146,1448,10.5792
6647,46,1,3.549701,3.549701,1338,10.0785
6648,1,32,3.308679,3.308679,1460,10.6212
6649,32,27,3.695258,3.695258,1439,10.6293
6650,27,2,4.881803,4.881803,1408,10.5214
6651,2,12,2.386077,2.386077,1370,10.4754
6652,12,35,3.845549,3.845549,1404,10.6323
6653,35,0,3.287894,3.287894,1459,10.6143
6654,0,25,2.435979,2.435979,1462,10.6550
6655,25,29,2.653106,2.653106,1457,10.6135
6656,29,11,2.783792,2.783792,1441,10.6626
6657,11,45,2.727416,2.727416,1447,10.5784
6658,45,30,2.685186,2.685186,1448,10.6189
6659,30,46,2.532669,2.532669,1450,10.5776
6660,46,47,3.146806,3.146806,1460,10.6279
6661,47,56,2.541100,2.541100,1481,10.6861
6662,56,34,2.956807,2.956807,1459,10.6479
6663,34,35,3.507429,3.507429,1470,10.6021
6664,35,8,2.311890,2.311890,1459,10.6718
6665,8,52,4.030054,4.030054,1451,10.6734
6666,52,21,4.213157,4.213157,1438,10.8915
6667,21,47,3.717092,3.717092,1475,10.5805
6668,47,56,2.421972,2.421972,1460,10.5938
6669,56,34,2.858882,2.858882,1453,10.6060
6670,34,7,3.621904,3.621904,1458,10.6004
6671,7,31,2.950579,2.950579,1445,10.5865
6672,31,12,4.194174,4.194174,1462,10.5256
6673,12,35,3.703047,3.703047,1411,10.3803
6674,35,0,3.162981,3.162981,1458,10.6376
6675,0,25,2.413544,2.413544,1460,10.6515
6676,25,2,3.945516,3.945516,1422,10.5904
6677,2,12,2.350983,2.350983,1376,10.4915
6678,12,20,2.683158,2.683158,1423,10.5511
6679,20,10,2.155029,2.155029,1438,10.8637
6680,10,11,6.042222,6.042222,1456,10.7129
6681,11,42,2.618103,2.618103,1443,10.7679
6682,42,0,4.235904,4.235904,537,5.8393
6683,0,60,3.889940,3.889940,1460,10.6082
6684,60,36,3.043491,3.043491,1453,10.6640
6685,36,29,2.682254,2.682254,1471,10.5908
6686,29,11,2.808170,2.808170,1452,10.6100
6687,11,45,2.621341,2.621341,1445,10.5480
6688,45,30,2.596975,2.596975,1454,10.6199
6689,30,46,2.531687,2.531687,1480,10.5833
6690,46,1,3.555975,3.555975,1461,10.5742
6691,1,32,3.213831,3.213831,1472,10.8617
6692,32,9,2.250563,2.250563,844,8.0334
6693,9,15,3.334501,3.334501,1468,10.6665
6694,15,19,3.420844,3.420844,1413,10.5020
6695,19,24,2.889547,2.889547,1049,9.1267
6696,24,0,4.685657,4.685657,1467,10.7342
6697,0,25,2.324234,2.324234,1439,10.5853
6698,25,29,2.563944,2.563944,1467,10.6237
6699,29,11,2.691109,2.691109,1474,10.6560
6700,11,42,2.564419,2.564419,1478,10.5729
6701,42,0,4.106579,4.106579,1452,10.6201
6702,0,25,2.228388,2.228388,1466,10.6212
6703,25,2,3.804721,3.804721,1425,10.6314
6704,2,12,2.275264,2.275264,1442,10.6162
6705,12,43,4.441462,4.441462,1472,10.6115
6706,43,46,4.010901,4.010901,1459,10.7512
6707,46,47,3.058872,3.058872,1456,10.6509
6708,47,56,2.353383,2.353383,1448,10.5923
6709,56,34,2.770352,2.770352,1457,10.6517
6710,34,7,3.519126,3.519126,1459,10.6090
6711,7,31,2.847579,2.847579,1434,10.6210
6712,31,12,4.215349,4.215349,1461,10.6893
6713,12,20,2.579528,2.579528,1436,10.5591
6714,20,10,2.125445,2.125445,1479,10.8122
6715,10,21,5.230275,5.230275,1442,10.5604
6716,21,9,4.623213,4.623213,1456,10.7318
6717,9,15,3.193392,3.193392,1432,10.5445
6718,15,49,2.738113,2.738113,1435,10.5299
6719,49,50,3.176247,3.176247,1439,10.5853
6720,50,53,3.879769,3.879769,1454,10.6692
6721,53,11,4.119509,4.119509,1485,10.6334
6722,11,45,2.584060,2.584060,1443,10.7028
6723,45,63,2.572290,2.572290,1476,10.7231
6724,63,47,4.923755,4.923755,1470,10.7716
6725,47,22,3.154293,3.154293,1464,10.6408
6726,22,35,3.897062,3.897062,1429,10.6255
6727,35,53,3.482284,3.482284,1471,10.6113
6728,53,11,3.986438,3.986438,1467,10.6520
6729,11,42,2.524690,2.524690,1466,10.6440
6730,42,54,3.718542,3.718542,1436,10.6222
6731,54,25,2.335244,2.335244,1453,10.6874
6732,25,2,3.639069,3.639069,1361,10.2369
6733,2,12,2.267033,2.267033,1445,10.6181
6734,12,35,3.732033,3.732033,1457,10.6556
6735,35,0,3.285019,3.285019,1360,10.3169
6736,0,25,2.231696,2.231696,1452,10.6462
6737,25,36,3.002060,3.002060,1470,10.6163
6738,36,29,2.554486,2.554486,1486,10.5788
6739,29,11,2.749231,2.749231,1418,10.5611
6740,11,45,2.546078,2.546078,1425,10.5774
6741,45,63,2.507391,2.507391,1437,10.5850
6742,63,18,2.838626,2.838626,1449,10.5818
6743,18,18,0.803914,0.803914,1463,10.7401
6744,18,38,2.764545,2.764545,1476,10.6866
6745,38,50,3.425744,3.425744,1453,10.5987
6746,50,53,3.811031,3.811031,1409,10.5406
6747,53,11,3.926810,3.926810,1476,10.7353
6748,11,45,2.428826,2.428826,1454,10.6915
6749,45,63,2.448233,2.448233,1485,10.5599
6750,63,6,5.045804,5.045804,1454,10.5565
6751,6,56,3.349702,3.349702,528,6.7266
6752,56,34,2.632110,2.632110,405,4.0291
6753,34,40,2.652979,2.652979,1470,10.6332
6754,40,57,2.845245,2.845245,1387,10.4880
6755,57,59,3.921475,3.921475,1392,10.5724
6756,59,26,3.323944,3.323944,813,7.2259
6757,26,52,3.778877,3.778877,1194,9.8272
6758,52,21,4.090873,4.090873,1416,10.5864
6759,21,9,4.490154,4.490154,1459,10.6989
6760,9,15,3.066094,3.066094,1374,10.4610
6761,15,19,3.395576,3.395576,1473,10.6615
6762,19,24,2.800560,2.800560,1428,10.6625
6763,24,54,4.159021,4.159021,1477,10.7095
6764,54,25,2.316324,2.316324,1471,10.8020
6765,25,29,2.581909,2.581909,1270,9.8912
6766,29,48,2.903946,2.903946,1431,10.6783
6767,48,51,2.706031,2.706031,1444,10.5493
6768,51,29,3.509979,3.509979,1463,10.7415
6769,29,11,2.716587,2.716587,1247,9.9529
6770,11,24,4.899454,4.899454,1458,10.8235
6771,24,0,4.598923,4.598923,1471,10.6588
6772,0,21,3.607955,3.607955,1466,10.7746
6773,21,48,2.927408,2.927408,1440,10.5748
6774,48,25,3.701196,3.701196,1465,10.6512
6775,25,2,3.534234,3.534234,1463,10.6261
6776,2,45,3.194208,3.194208,1463,10.6860
6777,45,62,5.044365,5.044365,1484,10.5912
6778,62,20,4.067994,4.067994,1455,10.6275
6779,20,10,2.074962,2.074962,1415,10.8252
6780,10,11,6.190813,6.190813,1367,10.5988
6781,11,45,2.381319,2.381319,1487,10.8001
6782,45,62,4.913478,4.913478,1281,10.0117
6783,62,60,3.945157,3.945157,1416,10.6389
6784,60,44,4.776880,4.776880,1449,10.6601
6785,44,35,5.035966,5.035966,1107,8.6654
6786,35,8,2.416847,2.416847,1461,10.6738
6787,8,41,2.641824,2.641824,1461,10.7385
6788,41,6,3.136228,3.136228,1443,10.6441
6789,6,32,2.758183,2.758183,1457,10.6969
6790,32,27,3.548089,3.548089,1453,10.7573
6791,27,20,4.523036,4.523036,1452,10.6576
6792,20,10,1.997095,1.997095,1452,10.6711
6793,10,2,3.811006,3.811006,1429,10.5633
6794,2,45,3.125791,3.125791,1365,10.4161
6795,45,63,2.389342,2.389342,1457,10.8288
6796,63,18,2.809237,2.809237,1459,10.8087
6797,18,18,0.730463,0.730463,1490,10.6278
6798,18,12,3.740047,3.740047,1484,10.7625
6799,12,35,3.713328,3.713328,1463,10.6960
6800,35,0,3.278330,3.278330,1467,10.6523
6801,0,25,2.311042,2.311042,1393,10.3929
6802,25,29,2.503614,2.503614,1470,10.6479
6803,29,23,2.618877,2.618877,1474,10.7056
6804,23,29,1.951720,1.951720,1461,10.6323
6805,29,11,2.819514,2.819514,1446,10.6429
6806,11,42,2.655919,2.655919,1446,10.6396
6807,42,45,2.577440,2.577440,1444,10.5520
6808,45,30,2.930009,2.930009,1468,10.6414
6809,30,31,4.678976,4.678976,1457,10.5956
6810,31,30,4.056732,4.056732,1458,10.6930
6811,30,31,4.326645,4.326645,1432,10.6076
6812,31,54,4.327185,4.327185,1456,10.6552
6813,54,0,4.038056,4.038056,1450,10.7845
6814,0,25,2.202434,2.202434,1484,10.7599
6815,25,2,3.480731,3.480731,1431,10.6627
6816,2,45,3.079063,3.079063,1465,10.6466
6817,45,63,2.354909,2.354909,1441,10.5779
6818,63,47,4.962200,4.962200,1460,10.7507
6819,47,56,2.414601,2.414601,1463,10.6646
6820,56,6,3.698519,3.698519,1444,10.7409
6821,6,56,3.162996,3.162996,1467,10.6372
6822,56,6,3.413781,3.413781,1442,10.7726
6823,6,56,2.911640,2.911640,1437,10.7822
6824,56,1,2.790100,2.790100,1447,10.5615
6825,1,47,2.256572,2.256572,1440,10.6548
6826,47,56,2.363635,2.363635,1468,10.6089
6827,56,34,2.639901,2.639901,1448,10.5781
6828,34,40,2.590997,2.590997,1447,10.7034
6829,40,57,2.782146,2.782146,1459,10.6854
6830,57,59,3.824440,3.824440,1112,9.1817
6831,59,26,3.245166,3.245166,303,5.2643
6832,26,52,3.670631,3.670631,948,7.7145
6833,52,21,4.035867,4.035867,1482,10.7496
6834,21,48,2.899158,2.899158,1457,10.6083
6835,48,6,3.575174,3.575174,1447,10.5927
6836,6,32,2.689552,2.689552,1470,10.5972
6837,32,9,2.356067,2.356067,1457,10.6898
6838,9,44,3.606953,3.606953,1465,10.6383
6839,44,35,4.946859,4.946859,1443,10.6079
6840,35,53,3.452346,3.452346,1452,10.5959
6841,53,17,2.539162,2.539162,1456,10.7495
6842,17,1,4.403855,4.403855,1470,10.6133
6843,1,32,3.186685,3.186685,1469,10.7212
6844,32,9,2.261922,2.261922,1423,10.5461
6845,9,15,3.040932,3.040932,1462,10.6569
6846,15,49,2.818118,2.818118,1449,10.6337
6847,49,50,3.120917,3.120917,1453,10.5990
6848,50,54,4.272177,4.272177,1415,10.5034
6849,54,25,2.425117,2.425117,1477,10.7762
6850,25,29,2.469280,2.469280,1092,9.4445
6851,29,11,2.723237,2.723237,1158,9.1543
6852,11,42,2.570490,2.570490,1477,10.7668
6853,42,54,3.779045,3.779045,1479,10.6891
6854,54,0,3.986790,3.986790,1446,10.7103
6855,0,21,3.659191,3.659191,1395,10.5269
6856,21,48,2.842969,2.842969,1460,10.7437
6857,48,6,3.447377,3.447377,1448,10.6322
6858,6,32,2.729942,2.729942,1454,10.6003
6859,32,27,3.551405,3.551405,1439,10.5872
6860,27,2,5.143616,5.143616,438,5.5911
6861,2,54,3.593716,3.593716,1466,10.6904
6862,54,0,3.831144,3.831144,1418,10.5823
6863,0,25,2.074426,2.074426,1467,10.6682
6864,25,29,2.412439,2.412439,1422,10.6485
6865,29,23,2.601580,2.601580,1453,10.6389
6866,23,29,1.889264,1.889264,1472,10.7112
6867,29,23,2.400159,2.400159,1460,10.6415
6868,23,29,1.745423,1.745423,1475,10.6667
6869,29,11,2.718664,2.718664,1412,10.5290
6870,11,24,4.740417,4.740417,1456,10.6742
6871,24,0,4.391773,4.391773,1474,10.8318
6872,0,25,2.037165,2.037165,1444,10.5887
6873,25,36,3.145321,3.145321,1457,10.6623
6874,36,34,3.621624,3.621624,1451,10.6143
6875,34,40,2.494944,2.494944,1457,10.8601
6876,40,57,2.728943,2.728943,1455,10.6064
6877,57,32,4.856903,4.856903,1459,10.5988
6878,32,61,3.735980,3.735980,1451,10.6742
6879,61,2,5.221883,5.221883,1405,10.4738
6880,2,45,3.142266,3.142266,1441,10.7493
6881,45,63,2.221911,2.221911,1455,10.7320
6882,63,6,4.963940,4.963940,1480,10.6365
6883,6,56,2.983994,2.983994,1465,10.7295
6884,56,6,3.219538,3.219538,1482,10.7331
6885,6,32,2.747110,2.747110,1472,10.6652
6886,32,27,3.409200,3.409200,1466,10.7714
6887,27,2,4.988432,4.988432,1471,10.6125
6888,2,45,3.101574,3.101574,1461,10.8123
6889,45,30,2.939525,2.939525,1457,10.7086
6890,30,31,4.224248,4.224248,1473,10.6365
6891,31,30,3.629868,3.629868,1447,10.6619
6892,30,31,3.905054,3.905054,1473,10.6977
6893,31,12,3.934105,3.934105,1474,10.6764
6894,12,20,2.629117,2.629117,946,8.2610
6895,20,10,1.980734,1.980734,1472,10.7370
6896,10,11,6.272088,6.272088,1321,10.3171
6897,11,42,2.546345,2.546345,1476,10.8075
6898,42,54,3.717431,3.717431,1467,10.7471
6899,54,25,2.381935,2.381935,1380,10.4415
6900,25,36,3.010248,3.010248,1458,10.5835
6901,36,29,2.480804,2.480804,1452,10.7578
6902,29,11,2.750602,2.750602,1480,10.6936
6903,11,42,2.445246,2.445246,1448,10.6072
6904,42,45,2.828586,2.828586,1423,10.5727
6905,45,63,2.203683,2.203683,1468,10.6422
6906,63,6,4.821352,4.821352,1465,10.6948
6907,6,32,2.702752,2.702752,1466,10.7909
6908,32,27,3.315836,3.315836,1446,10.6071
6909,27,20,4.616624,4.616624,1379,10.3904
6910,20,10,1.913907,1.913907,1456,10.6390
6911,10,11,6.174136,6.174136,1037,8.4081
6912,11,42,2.358601,2.358601,1498,10.6425
6913,42,45,2.701066,2.701066,1290,10.0210
6914,45,62,4.728236,4.728236,1459,10.7849
6915,62,60,3.875621,3.875621,1449,10.6525
6916,60,36,3.046863,3.046863,1477,10.7607
6917,36,34,3.546291,3.546291,1473,10.7535
6918,34,40,2.407855,2.407855,1473,10.7019
6919,40,57,2.675751,2.675751,1276,10.0033
6920,57,32,4.747648,4.747648,1390,10.3138
6921,32,61,3.695277,3.695277,642,6.4680
6922,61,33,3.051504,3.051504,593,5.4311
6923,33,55,3.223465,3.223465,724,6.2675
6924,55,4,3.345156,3.345156,1442,10.5676
6925,4,23,4.169509,4.169509,1175,9.2701
6926,23,29,1.846319,1.846319,1453,10.6634
6927,29,48,3.055764,3.055764,1466,10.6858
6928,48,51,2.805093,2.805093,1470,10.6964
6929,51,16,2.565706,2.565706,1473,10.6630
6930,16,21,4.528337,4.528337,1462,10.7373
6931,21,47,3.747252,3.747252,1475,10.6179
6932,47,56,2.334671,2.334671,1450,10.7078
6933,56,34,2.730196,2.730196,1465,10.6083
6934,34,35,3.677222,3.677222,1450,10.5928
6935,35,8,2.448635,2.448635,1468,10.6999
6936,8,41,2.572724,2.572724,1510,10.6272
6937,41,30,5.171444,5.171444,1473,10.7568
6938,30,31,3.685998,3.685998,1392,10.5442
6939,31,12,3.760377,3.760377,1470,10.6851
6940,12,20,2.583188,2.583188,1435,10.6932
6941,20,10,1.896244,1.896244,1485,10.6679
6942,10,2,3.667923,3.667923,1449,10.6447
6943,2,12,2.512733,2.512733,1445,10.6094
6944,12,35,3.674409,3.674409,1476,10.7006
6945,35,53,3.417454,3.417454,1459,10.6306
6946,53,17,2.498047,2.498047,1412,10.5913
6947,17,7,3.487786,3.487786,1434,10.6502
6948,7,31,3.041159,3.041159,1424,10.5944
6949,31,12,3.716331,3.716331,1463,10.6860
6950,12,20,2.505851,2.505851,1457,10.6602
6951,20,10,1.899479,1.899479,1460,10.6567
6952,10,2,3.487072,3.487072,1475,10.7709
6953,2,12,2.466268,2.466268,1454,10.6487
6954,12,35,3.559015,3.559015,1453,10.6446
6955,35,0,3.476898,3.476898,1479,10.7397
6956,0,21,3.666987,3.666987,1473,10.6170
6957,21,47,3.661450,3.661450,1446,10.5601
6958,47,51,3.664913,3.664913,1454,10.5921
6959,51,16,2.469232,2.469232,1451,10.7094
6960,16,21,4.407669,4.407669,1370,10.3856
6961,21,47,3.550966,3.550966,1461,10.6466
6962,47,22,3.161965,3.161965,1466,10.5908
6963,22,47,2.725473,2.725473,1457,10.7347
6964,47,22,2.928519,2.928519,1442,10.5965
6965,22,20,4.779536,4.779536,1451,10.5244
6966,20,10,1.868683,1.868683,1497,10.7669
6967,10,11,5.997762,5.997762,1455,10.8100
6968,11,45,2.459951,2.459951,1441,10.6294
6969,45,30,3.053273,3.053273,1455,10.5880
6970,30,46,2.739020,2.739020,1452,10.5799
6971,46,1,3.393658,3.393658,1476,10.5706
6972,1,47,2.293554,2.293554,1465,10.6393
6973,47,22,2.807041,2.807041,1486,10.6469
6974,22,35,4.106632,4.106632,1450,10.5845
6975,35,0,3.355310,3.355310,1490,10.6243
6976,0,21,3.601983,3.601983,1428,10.5628
6977,21,9,4.598027,4.598027,1460,10.5767
6978,9,44,3.498514,3.498514,1453,10.6444
6979,44,27,3.183240,3.183240,1298,10.2666
6980,27,2,4.924191,4.924191,1470,10.6199
6981,2,12,2.418689,2.418689,1463,10.6559
6982,12,20,2.505418,2.505418,1460,10.7068
6983,20,10,1.863043,1.863043,1457,10.5949
6984,10,2,3.320989,3.320989,1472,10.6235
6985,2,45,3.423753,3.423753,1469,10.6848
6986,45,30,2.887242,2.887242,1446,10.7157
6987,30,31,3.837295,3.837295,1471,10.5948
6988,31,30,3.299576,3.299576,1432,10.5859
6989,30,31,3.539056,3.539056,1331,10.1231
6990,31,12,3.604382,3.604382,1469,10.7038
6991,12,35,3.506097,3.506097,1476,10.5939
6992,35,53,3.387878,3.387878,1481,10.6806
6993,53,11,4.047245,4.047245,1449,10.5748
6994,11,42,2.407125,2.407125,1457,10.6841
6995,42,54,3.724452,3.724452,1459,10.6114
6996,54,25,2.403369,2.403369,1397,10.4395
6997,25,36,2.894459,2.894459,1454,10.6296
6998,36,29,2.474595,2.474595,1447,10.5888
6999,29,11,3.090999,3.090999,1006,8.0369
7000,11,42,2.308350,2.308350,1469,10.7027
7001,42,54,3.620658,3.620658,1448,10.5660
7002,54,0,3.916995,3.916995,1471,10.6709
7003,0,21,3.526538,3.526538,1473,10.6630
7004,21,48,2.866621,2.866621,1459,10.6211
7005,48,25,3.784628,3.784628,1457,10.5838
7006,25,29,2.377925,2.377925,1452,10.5462
7007,29,23,2.515510,2.515510,1518,10.6077
7008,23,29,1.824493,1.824493,1480,10.7717
7009,29,23,2.321015,2.321015,1419,10.5100
7010,23,29,1.687569,1.687569,1457,10.6608
7011,29,23,2.141088,2.141088,1436,10.5740
7012,23,29,1.568465,1.568465,1466,10.6541
7013,29,23,1.976764,1.976764,1436,10.4822
7014,23,29,1.466901,1.466901,1438,10.5419
7015,29,23,1.828624,1.828624,1428,10.5117
7016,23,29,1.381701,1.381701,1466,10.5346
7017,29,11,3.268529,3.268529,1452,10.5676
7018,11,42,2.332437,2.332437,1453,10.6027
7019,42,0,4.111641,4.111641,1477,10.6421
7020,0,25,2.258320,2.258320,1459,10.5585
7021,25,2,3.956770,3.956770,1442,10.5471
7022,2,12,2.390941,2.390941,1475,10.7125
7023,12,35,3.377823,3.377823,1477,10.6021
7024,35,8,2.615665,2.615665,1458,10.6309
7025,8,41,2.496731,2.496731,1439,10.5848
7026,41,6,3.340078,3.340078,1200,10.3283
7027,6,32,2.642330,2.642330,1478,10.7011
7028,32,9,2.365998,2.365998,1455,10.6404
7029,9,3,3.207045,3.207045,1311,10.1865
7030,3,41,3.104621,3.104621,1449,10.6464
7031,41,6,3.192515,3.192515,1477,10.6304
7032,6,32,2.536426,2.536426,1441,10.6503
7033,32,27,3.260823,3.260823,1440,10.5811
7034,27,20,4.763857,4.763857,1471,10.6385
7035,20,10,1.845489,1.845489,1349,10.2809
7036,10,2,3.193963,3.193963,1444,10.8377
7037,2,54,3.993999,3.993999,1461,10.6893
7038,54,25,2.391360,2.391360,1036,8.5912
7039,25,36,2.886893,2.886893,1460,10.5785
7040,36,34,3.569156,3.569156,1456,10.5952
7041,34,40,2.415278,2.415278,1463,10.7058
7042,40,57,2.585987,2.585987,1453,10.6394
7043,57,52,3.589131,3.589131,1458,10.6335
7044,52,22,3.793097,3.793097,1450,10.6259
7045,22,35,4.066199,4.066199,1452,10.6889
7046,35,8,2.527527,2.527527,1440,10.5655
7047,8,56,4.202128,4.202128,1454,10.5978
7048,56,34,2.705633,2.705633,1485,10.6781
7049,34,40,2.370752,2.370752,1448,10.6584
7050,40,25,5.043903,5.043903,1452,10.6322
7051,25,36,2.708232,2.708232,1421,10.6110
7052,36,29,2.468197,2.468197,1456,10.6573
7053,29,23,1.799833,1.799833,1467,10.6590
7054,23,29,1.395835,1.395835,1469,10.6392
7055,29,11,3.138399,3.138399,1469,10.6842
7056,11,24,4.610315,4.610315,1481,10.6164
7057,24,54,4.015402,4.015402,1492,10.8805
7058,54,25,2.411912,2.411912,1475,10.6096
7059,25,36,2.625952,2.625952,1480,10.6333
7060,36,34,3.624074,3.624074,1270,9.8612
7061,34,40,2.295195,2.295195,1461,10.6269
7062,40,21,4.943143,4.943143,1465,10.6331
7063,21,48,2.839594,2.839594,1458,10.7693
7064,48,51,2.821833,2.821833,1461,10.5736
7065,51,29,3.484025,3.484025,1466,10.6035
7066,29,23,1.707531,1.707531,1437,10.5999
7067,23,29,1.364744,1.364744,1460,10.5704
7068,29,11,2.957760,2.957760,1455,10.5339
7069,11,45,2.781041,2.781041,1416,10.5218
7070,45,30,2.851256,2.851256,1435,10.5518
7071,30,46,2.775947,2.775947,1475,10.6153
7072,46,47,2.979943,2.979943,1451,10.6225
7073,47,51,3.637786,3.637786,1470,10.7535
7074,51,16,2.454402,2.454402,1425,10.5351
7075,16,21,4.326947,4.326947,1407,10.4000
7076,21,9,4.466479,4.466479,1421,10.5154
7077,9,15,3.034595,3.034595,1472,10.6846
7078,15,49,2.757603,2.757603,1457,10.6031
7079,49,50,3.004689,3.004689,687,6.9828
7080,50,53,3.815418,3.815418,986,8.6809
7081,53,11,4.154306,4.154306,1449,10.6336
7082,11,42,2.381536,2.381536,1471,10.7149
7083,42,45,2.652323,2.652323,1451,10.5960
7084,45,30,2.735524,2.735524,1458,10.7145
7085,30,31,3.606543,3.606543,1448,10.5942
7086,31,54,4.198241,4.198241,1460,10.6757
7087,54,25,2.338617,2.338617,1455,10.6380
7088,25,29,2.490456,2.490456,1473,10.6477
7089,29,48,3.368982,3.368982,1479,10.6124
7090,48,51,2.789079,2.789079,1429,10.5691
7091,51,29,3.376171,3.376171,1473,10.6243
7092,29,11,2.873295,2.873295,1455,10.6117
7093,11,45,2.624454,2.624454,1441,10.5292
7094,45,30,2.655710,2.655710,1453,10.6056
7095,30,31,3.556691,3.556691,1465,10.6298
7096,31,54,4.005495,4.005495,1469,10.5748
7097,54,25,2.253080,2.253080,1462,10.6207
7098,25,29,2.486531,2.486531,1453,10.5587
7099,29,48,3.148749,3.148749,1465,10.5765
7100,48,25,3.781844,3.781844,1439,10.5232
7101,25,36,2.625152,2.625152,1429,10.6371
7102,36,29,2.517799,2.517799,1458,10.6631
7103,29,23,1.941096,1.941096,1437,10.5184
7104,23,29,1.406252,1.406252,1456,10.6685
7105,29,48,3.026696,3.026696,1512,10.5975
7106,48,51,2.787709,2.787709,1478,10.7650
7107,51,29,3.301730,3.301730,1450,10.6499
7108,29,11,2.823552,2.823552,1463,10.5781
7109,11,45,2.585037,2.585037,1453,10.5483
7110,45,30,2.582413,2.582413,1459,10.5871
7111,30,46,2.964783,2.964783,1442,10.5956
7112,46,1,3.397819,3.397819,1482,10.6886
7113,1,32,3.391007,3.391007,1453,10.7334
7114,32,9,2.377724,2.377724,1212,9.9478
7115,9,15,2.935012,2.935012,1458,10.6680
7116,15,49,2.742754,2.742754,1231,9.6635
7117,49,43,4.207988,4.207988,1288,10.2400
7118,43,11,4.671720,4.671720,1187,10.2235
7119,11,45,2.445925,2.445925,1442,10.5437
7120,45,63,2.789893,2.789893,1476,10.5599
7121,63,18,2.863384,2.863384,1461,10.5666
7122,18,12,3.698196,3.698196,1466,10.6582
7123,12,35,3.340516,3.340516,1481,10.7856
7124,35,0,3.417429,3.417429,1483,10.6413
7125,0,21,3.541805,3.541805,1461,10.6091
7126,21,48,2.732215,2.732215,1353,10.2847
7127,48,25,3.673269,3.673269,1465,10.7216
7128,25,36,2.509513,2.509513,1453,10.6672
7129,36,29,2.554190,2.554190,1458,10.6204
7130,29,48,2.756255,2.756255,1454,10.5777
7131,48,6,3.890015,3.890015,1468,10.6171
7132,6,56,3.055839,3.055839,1458,10.7011
7133,56,1,2.872016,2.872016,1471,10.6891
7134,1,47,2.149558,2.149558,1453,10.6895
7135,47,56,2.479738,2.479738,1432,10.6203
7136,56,1,2.721529,2.721529,1456,10.5859
7137,1,32,3.237278,3.237278,1452,10.5871
7138,32,9,2.294928,2.294928,1439,10.6889
7139,9,44,3.583421,3.583421,1415,10.5860
7140,44,35,5.131112,5.131112,422,4.3044
7141,35,0,3.298184,3.298184,1461,10.6127
7142,0,60,4.120112,4.120112,1475,10.6099
7143,60,36,2.922375,2.922375,1380,10.5259
7144,36,29,2.479301,2.479301,1424,10.6536
7145,29,23,2.036589,2.036589,1422,10.5709
7146,23,29,1.458398,1.458398,1473,10.6559
7147,29,48,2.663745,2.663745,1469,10.7368
7148,48,25,3.562428,3.562428,1469,10.5788
7149,25,29,2.172857,2.172857,1431,10.5261
7150,29,23,1.981828,1.981828,1459,10.6934
7151,23,29,1.391193,1.391193,1475,10.9028
7152,29,48,2.609673,2.609673,1446,10.6812
7153,48,6,3.975932,3.975932,1445,10.6269
7154,6,56,2.969909,2.969909,1221,9.4271
7155,56,34,2.763795,2.763795,1465,10.7483
7156,34,40,2.269519,2.269519,1473,10.6043
7157,40,25,5.010267,5.010267,1478,10.7146
7158,25,36,2.448225,2.448225,1493,10.6188
7159,36,34,3.741666,3.741666,1456,10.6756
7160,34,7,3.918472,3.918472,1467,10.7429
7161,7,31,3.170609,3.170609,1474,10.5711
7162,31,30,3.105835,3.105835,1479,10.6418
7163,30,46,2.775638,2.775638,1456,10.6619
7164,46,47,2.968595,2.968595,1453,10.5660
7165,47,56,2.444114,2.444114,1457,10.6382
7166,56,34,2.731542,2.731542,1475,10.6417
7167,34,35,3.776305,3.776305,1445,10.5674
7168,35,8,2.525638,2.525638,1452,10.5482
7169,8,41,2.553008,2.553008,1454,10.5959
7170,41,36,5.634908,5.634908,1471,10.8028
7171,36,29,2.460220,2.460220,1440,10.6249
7172,29,23,1.911969,1.911969,1439,10.7002
7173,23,0,4.731862,4.731862,1476,10.6446
7174,0,25,2.511375,2.511375,1450,10.5739
7175,25,36,2.498028,2.498028,1451,10.5800
7176,36,29,2.371161,2.371161,1424,10.5509
7177,29,11,3.074739,3.074739,1471,10.6563
7178,11,42,2.591537,2.591537,1473,10.6477
7179,42,45,2.412678,2.412678,1455,10.6604
7180,45,63,2.665051,2.665051,1462,10.6052
7181,63,47,4.784711,4.784711,1429,10.4932
7182,47,22,3.078326,3.078326,1462,10.6453
7183,22,47,2.643256,2.643256,1454,10.7317
7184,47,56,2.373641,2.373641,1446,10.5851
7185,56,1,2.687613,2.687613,1448,10.5481
7186,1,47,2.116182,2.116182,1483,10.5801
7187,47,56,2.265941,2.265941,1464,10.5748
7188,56,6,3.367758,3.367758,1468,10.6151
7189,6,32,2.749053,2.749053,1453,10.6714
7190,32,61,3.737742,3.737742,1473,10.7133
7191,61,33,2.978588,2.978588,176,4.1172
7192,33,11,6.195198,6.195198,753,7.9152
7193,11,42,2.469981,2.469981,1259,9.8191
7194,42,54,3.841686,3.841686,1461,10.6078
7195,54,25,2.450333,2.450333,1442,10.8868
7196,25,36,2.418422,2.418422,1441,10.5293
7197,36,29,2.289770,2.289770,1431,10.5280
7198,29,11,3.035910,3.035910,1444,10.6045
7199,11,45,2.480136,2.480136,1444,10.6107
7200,45,62,4.855925,4.855925,1450,10.5760
7201,62,60,3.832302,3.832302,1463,10.7654
7202,60,38,3.376188,3.376188,1450,10.6939
7203,38,54,4.086967,4.086967,1436,10.6277
7204,54,25,2.380884,2.380884,1468,10.5856
7205,25,29,2.115194,2.115194,1430,10.5539
7206,29,23,2.069253,2.069253,1449,10.6059
7207,23,29,1.521516,1.521516,1455,10.6356
7208,29,11,2.939248,2.939248,1455,10.6231
7209,11,42,2.473336,2.473336,1489,10.6907
7210,42,54,3.794376,3.794376,1459,10.6273
7211,54,25,2.305822,2.305822,1432,10.5832
7212,25,2,4.270285,4.270285,1465,10.6623
7213,2,12,2.391816,2.391816,918,7.6837
7214,12,35,3.352087,3.352087,1457,10.6425
7215,35,0,3.247803,3.247803,1467,10.5978
7216,0,25,2.544909,2.544909,1455,10.6823
7217,25,2,4.110047,4.110047,1460,10.7275
7218,2,45,3.624101,3.624101,1470,10.7289
7219,45,30,2.752923,2.752923,1441,10.5848
7220,30,31,3.511958,3.511958,1466,10.6084
7221,31,12,3.656727,3.656727,1473,10.6231
7222,12,35,3.205251,3.205251,1443,10.6250
7223,35,8,2.529117,2.529117,1459,10.5771
7224,8,52,4.085988,4.085988,1468,10.6469
7225,52,21,4.057262,4.057262,150,3.0679
7226,21,48,2.745549,2.745549,1473,10.6604
7227,48,51,2.876930,2.876930,1441,10.6190
7228,51,29,3.579397,3.579397,1480,10.6378
7229,29,23,1.930403,1.930403,1469,10.6259
7230,23,18,4.307906,4.307906,1470,10.5873
7231,18,12,3.599295,3.599295,1460,10.5723
7232,12,20,2.664393,2.664393,1432,10.6626
7233,20,10,1.872302,1.872302,1435,10.5868
7234,10,21,5.281062,5.281062,1436,10.6167
7235,21,47,3.666454,3.666454,1449,10.6423
7236,47,51,3.700410,3.700410,1424,10.5262
7237,51,51,1.208842,1.208842,1440,10.6171
7238,51,51,1.045230,1.045230,1475,10.6266
7239,51,29,3.606285,3.606285,1431,10.5287
7240,29,23,1.803487,1.803487,1454,10.5937
7241,23,18,4.201294,4.201294,1459,10.5400
7242,18,12,3.480551,3.480551,1462,10.6126
7243,12,35,3.205888,3.205888,1462,10.5896
7244,35,0,3.131687,3.131687,1461,10.6504
7245,0,21,3.635574,3.635574,1439,10.5758
7246,21,48,2.810578,2.810578,1441,10.5615
7247,48,51,2.641278,2.641278,1454,10.6818
7248,51,16,2.740215,2.740215,1445,10.5754
7249,16,53,4.409966,4.409966,1451,10.5510
7250,53,11,4.233525,4.233525,1448,10.7464
7251,11,45,2.521582,2.521582,1478,10.6223
7252,45,30,2.665163,2.665163,1439,10.5861
7253,30,46,2.842137,2.842137,1452,10.5434
7254,46,47,2.908950,2.908950,971,7.7808
7255,47,56,2.214392,2.214392,1459,10.6211
7256,56,34,2.771418,2.771418,1457,10.5694
7257,34,40,2.350797,2.350797,1487,10.5831
7258,40,25,4.963768,4.963768,1411,10.4934
7259,25,2,3.930417,3.930417,1442,10.5360
7260,2,54,3.816319,3.816319,1331,10.3441
7261,54,0,4.044241,4.044241,1424,10.5073
7262,0,25,2.497573,2.497573,1424,10.5288
7263,25,29,2.328585,2.328585,1449,10.6015
7264,29,48,2.622238,2.622238,1437,10.5945
7265,48,6,3.761975,3.761975,1442,10.6678
7266,6,32,2.701569,2.701569,1449,10.6155
7267,32,9,2.248259,2.248259,1409,10.5051
7268,9,3,3.241329,3.241329,1454,10.6334
7269,3,39,3.492673,3.492673,1457,10.6466
7270,39,15,3.201515,3.201515,1379,10.4532
7271,15,49,2.585347,2.585347,1466,10.6420
7272,49,43,4.083868,4.083868,1419,10.3499
7273,43,46,4.128053,4.128053,1227,10.1376
7274,46,47,2.779139,2.779139,1392,10.4692
7275,47,22,3.136366,3.136366,1431,10.5611
7276,22,35,4.178103,4.178103,1451,10.6263
7277,35,0,3.044085,3.044085,1409,10.6376
7278,0,25,2.444581,2.444581,1452,10.6083
7279,25,36,2.559080,2.559080,1423,10.5724
7280,36,34,3.739155,3.739155,1490,10.5648
7281,34,7,3.888897,3.888897,1455,10.7422
7282,7,16,4.313411,4.313411,1450,10.6025
7283,16,21,4.294588,4.294588,1455,10.6963
7284,21,9,4.476951,4.476951,1465,10.6777
7285,9,15,2.959002,2.959002,1457,10.6689
7286,15,49,2.566748,2.566748,1393,10.4999
7287,49,43,3.976148,3.976148,1393,10.4162
7288,43,46,4.092389,4.092389,1364,10.5534
7289,46,47,2.660093,2.660093,1441,10.6012
7290,47,51,3.654281,3.654281,1463,10.6365
7291,51,51,0.958465,0.958465,1445,10.5730
7292,51,29,3.538070,3.538070,1445,10.6500
7293,29,48,2.421849,2.421849,1424,10.5679
7294,48,6,3.714393,3.714393,949,8.2645
7295,6,32,2.705138,2.705138,1464,10.6462
7296,32,9,2.209862,2.209862,1453,10.6350
7297,9,3,3.171861,3.171861,1449,10.6521
7298,3,10,3.808559,3.808559,1473,10.7881
7299,10,2,3.232643,3.232643,735,6.1787
7300,2,12,2.433077,2.433077,1459,10.8123
7301,12,35,3.164650,3.164650,804,6.5015
7302,35,0,2.911013,2.911013,1461,10.6437
7303,0,25,2.414697,2.414697,1463,10.8139
7304,25,36,2.448348,2.448348,1447,10.5906
7305,36,21,4.095326,4.095326,1522,10.6129
7306,21,48,2.667728,2.667728,1451,10.6106
7307,48,25,3.496218,3.496218,1447,10.5678
7308,25,29,2.361422,2.361422,1442,10.5575
7309,29,11,2.938233,2.938233,1463,10.6870
7310,11,42,2.502979,2.502979,1459,10.7320
7311,42,0,4.302542,4.302542,1450,10.5643
7312,0,21,3.607621,3.607621,1462,10.6701
7313,21,48,2.619866,2.619866,1479,10.7504
7314,48,51,2.694998,2.694998,1443,10.8049
7315,51,51,0.837515,0.837515,1467,10.6429
7316,51,29,3.476736,3.476736,1463,10.5853
7317,29,23,1.969606,1.969606,1446,10.6303
7318,23,29,1.593767,1.593767,1460,10.7910
7319,29,11,2.831304,2.831304,1465,10.6719
7320,11,42,2.447721,2.447721,1457,10.7159
7321,42,54,3.792411,3.792411,1451,10.5554
7322,54,25,2.410287,2.410287,1478,10.6290
7323,25,36,2.409139,2.409139,1464,10.5892
7324,36,34,3.705658,3.705658,1448,10.6903
7325,34,40,2.335873,2.335873,1466,11.0283
7326,40,57,2.853565,2.853565,1472,10.7124
7327,57,52,3.400159,3.400159,1427,10.6345
7328,52,22,3.779521,3.779521,718,7.0385
7329,22,35,4.078447,4.078447,1460,10.7780
7330,35,0,2.867929,2.867929,1456,10.6483
7331,0,60,4.280777,4.280777,1472,10.6802
7332,60,38,3.325125,3.325125,1446,10.7018
7333,38,2,3.754358,3.754358,1469,10.8336
7334,2,54,3.825328,3.825328,1449,10.6127
7335,54,25,2.310765,2.310765,1448,10.6500
7336,25,36,2.326665,2.326665,1440,10.5568
7337,36,34,3.611489,3.611489,1461,10.5975
7338,34,7,3.779442,3.779442,1493,10.5997
7339,7,16,4.234678,4.234678,1421,10.5318
7340,16,23,3.759781,3.759781,1467,10.6406
7341,23,29,1.596580,1.596580,1475,10.6814
7342,29,23,1.879273,1.879273,1483,10.6761
7343,23,29,1.492561,1.492561,1449,10.6042
7344,29,48,2.560509,2.560509,1460,10.6498
7345,48,25,3.471258,3.471258,1470,10.5778
7346,25,36,2.223371,2.223371,1477,10.5718
7347,36,29,2.638076,2.638076,1463,10.5812
7348,29,11,2.815588,2.815588,1420,10.5277
7349,11,45,2.722720,2.722720,1469,10.6146
7350,45,30,2.637327,2.637327,1446,10.5570
7351,30,31,3.566317,3.566317,1451,10.5909
7352,31,12,3.623899,3.623899,1462,10.6160
7353,12,35,3.105722,3.105722,1448,10.5755
7354,35,8,2.686915,2.686915,1460,10.6578
7355,8,56,4.120059,4.120059,1473,10.6285
7356,56,34,2.841166,2.841166,1460,10.7797
7357,34,35,3.840793,3.840793,1475,10.5574
7358,35,53,3.896671,3.896671,1460,10.6204
7359,53,17,2.478827,2.478827,1476,10.7460
7360,17,1,4.366472,4.366472,1474,10.6979
7361,1,32,3.219973,3.219973,1458,10.6967
7362,32,9,2.126877,2.126877,1462,10.6524
7363,9,15,2.922541,2.922541,1449,10.5629
7364,15,49,2.545370,2.545370,1457,10.6061
7365,49,43,3.859729,3.859729,275,4.6610
7366,43,11,4.756120,4.756120,1026,9.2666
7367,11,42,2.425091,2.425091,1464,10.5743
7368,42,54,3.747998,3.747998,1384,10.3879
7369,54,0,4.047263,4.047263,1404,10.4949
7370,0,25,2.433402,2.433402,1325,10.1120
7371,25,36,2.154425,2.154425,1437,10.5249
7372,36,29,2.551297,2.551297,1430,10.6180
7373,29,11,2.755974,2.755974,1442,10.5783
7374,11,42,2.349561,2.349561,1456,10.6536
7375,42,54,3.643786,3.643786,1494,10.7328
7376,54,25,2.315530,2.315530,1488,10.6709
7377,25,36,2.096536,2.096536,1475,10.6174
7378,36,29,2.457866,2.457866,1455,10.6063
7379,29,11,2.627971,2.627971,1475,10.6565
7380,11,42,2.279565,2.279565,1425,10.5126
7381,42,45,2.492285,2.492285,1429,10.6948
7382,45,63,2.880753,2.880753,1459,10.5627
7383,63,18,2.980277,2.980277,1431,10.7190
7384,18,18,0.899737,0.899737,1473,10.6161
7385,18,12,3.441755,3.441755,1467,10.6572
7386,12,35,3.086933,3.086933,1472,10.7450
7387,35,53,3.784854,3.784854,1473,10.7559
7388,53,17,2.448550,2.448550,1390,10.5517
7389,17,7,3.496928,3.496928,1151,9.6510
7390,7,31,3.212488,3.212488,1100,9.5329
7391,31,12,3.601831,3.601831,1447,10.6447
7392,12,43,4.864702,4.864702,1459,10.7932
7393,43,46,3.961790,3.961790,1451,10.7594
7394,46,46,1.271195,1.271195,1468,10.7979
7395,46,47,2.613502,2.613502,1493,10.5789
7396,47,56,2.362064,2.362064,1459,10.7329
7397,56,34,2.751433,2.751433,1452,10.6171
7398,34,40,2.423351,2.423351,1447,10.5600
7399,40,57,2.773356,2.773356,1478,10.6516
7400,57,52,3.270097,3.270097,1309,10.2702
7401,52,22,3.680072,3.680072,1278,10.0284
7402,22,35,4.023701,4.023701,1458,10.6162
7403,35,53,3.609214,3.609214,1448,10.6247
7404,53,11,4.405373,4.405373,1448,10.5689
7405,11,45,2.656762,2.656762,1467,10.6378
7406,45,63,2.817449,2.817449,1497,10.6647
7407,63,18,2.888012,2.888012,1274,10.1372
7408,18,18,0.784359,0.784359,1368,10.3604
7409,18,12,3.394896,3.394896,1363,10.4259
7410,12,35,3.099630,3.099630,1465,10.6758
7411,35,0,2.884904,2.884904,1465,10.6695
7412,0,25,2.470872,2.470872,1481,10.6725
7413,25,36,2.037330,2.037330,1489,10.6340
7414,36,34,3.870337,3.870337,1464,10.6028
7415,34,40,2.347034,2.347034,1468,10.5805
7416,40,57,2.745930,2.745930,1446,10.6769
7417,57,52,3.156716,3.156716,1458,10.6742
7418,52,21,4.155510,4.155510,1405,10.5546
7419,21,47,3.856859,3.856859,1456,10.6155
7420,47,56,2.251164,2.251164,1466,10.6716
7421,56,1,2.677859,2.677859,1457,10.6054
7422,1,32,3.105892,3.105892,1444,10.5516
7423,32,27,3.385956,3.385956,1432,10.6689
7424,27,20,4.560231,4.560231,1454,10.6391
7425,20,3,4.451430,4.451430,1460,10.7462
7426,3,41,3.128932,3.128932,1371,10.4677
7427,41,36,6.011774,6.011774,1461,10.6607
7428,36,21,4.040086,4.040086,1136,9.2283
7429,21,48,2.662495,2.662495,1460,10.7590
7430,48,51,2.601899,2.601899,1434,10.6417
7431,51,29,3.416626,3.416626,1466,10.7971
7432,29,11,2.542297,2.542297,1453,10.7216
7433,11,42,2.269143,2.269143,1459,10.6609
7434,42,45,2.296629,2.296629,1449,10.5658
7435,45,30,2.776920,2.776920,1451,10.5856
7436,30,31,3.553591,3.553591,1457,10.5458
7437,31,12,3.489332,3.489332,1454,10.6809
7438,12,35,2.964404,2.964404,1472,10.7567
7439,35,8,2.825494,2.825494,1444,10.6452
7440,8,41,2.641114,2.641114,1447,10.6093
7441,41,6,3.378885,3.378885,1461,10.6324
7442,6,32,2.672730,2.672730,1449,10.6373
7443,32,9,2.113307,2.113307,1398,10.4493
7444,9,3,3.166825,3.166825,1441,10.6608
7445,3,41,3.061566,3.061566,1428,10.5844
7446,41,6,3.241743,3.241743,1464,10.7021
7447,6,56,3.171944,3.171944,1436,10.6161
7448,56,34,2.770094,2.770094,1477,10.6287
7449,34,7,3.911399,3.911399,1527,10.6140
7450,7,16,4.098135,4.098135,1445,10.5987
7451,16,23,3.666306,3.666306,1453,10.6372
7452,23,29,1.712503,1.712503,1471,10.7439
7453,29,23,2.162380,2.162380,1477,10.6643
7454,23,29,1.590495,1.590495,1465,10.6256
7455,29,11,2.488885,2.488885,1469,10.5404
7456,11,45,2.588899,2.588899,1454,10.6732
7457,45,30,2.699746,2.699746,1483,10.7343
7458,30,31,3.506722,3.506722,1449,10.6586
7459,31,12,3.322646,3.322646,1465,10.5713
7460,12,35,2.835340,2.835340,1454,10.5693
7461,35,8,2.765157,2.765157,1448,10.6624
7462,8,41,2.649146,2.649146,1463,10.6517
7463,41,36,5.854158,5.854158,1466,10.6266
7464,36,29,2.605554,2.605554,1440,10.5761
7465,29,11,2.340148,2.340148,1432,10.5896
7466,11,42,2.343349,2.343349,1446,10.5813
7467,42,0,4.398595,4.398595,1450,10.5726
7468,0,21,3.609556,3.609556,1452,10.5436
7469,21,48,2.661002,2.661002,1462,10.6803
7470,48,51,2.578126,2.578126,1454,10.5944
7471,51,16,3.004521,3.004521,1461,10.6667
7472,16,21,4.346931,4.346931,1460,10.7506
7473,21,9,4.630541,4.630541,1474,10.5970
7474,9,15,2.882896,2.882896,1439,10.5999
7475,15,49,2.504572,2.504572,1437,10.6191
7476,49,43,3.816908,3.816908,1402,10.7111
7477,43,11,4.849673,4.849673,1114,9.6243
7478,11,42,2.199987,2.199987,1409,10.4981
7479,42,54,3.759107,3.759107,1485,10.5915
7480,54,0,3.960753,3.960753,1382,10.4876
7481,0,60,4.252596,4.252596,1328,10.1473
7482,60,36,2.903177,2.903177,1454,10.7073
7483,36,29,2.556458,2.556458,1467,10.6082
7484,29,11,2.348419,2.348419,1414,10.4996
7485,11,45,2.655095,2.655095,1463,10.6044
7486,45,30,2.632802,2.632802,1448,10.5597
7487,30,31,3.447425,3.447425,1437,10.5445
7488,31,12,3.176440,3.176440,1463,10.6846
7489,12,35,2.725200,2.725200,1447,10.6240
7490,35,0,2.961582,2.961582,1445,10.6282
7491,0,25,2.483839,2.483839,1459,10.5781
7492,25,29,2.400037,2.400037,1435,10.5775
7493,29,23,2.310024,2.310024,1450,10.5710
7494,23,29,1.653932,1.653932,1449,10.7446
7495,29,23,2.127998,2.127998,1475,10.6689
7496,23,29,1.539914,1.539914,1444,10.6335
7497,29,11,2.372177,2.372177,1470,10.6589
7498,11,42,2.280558,2.280558,1447,10.5670
7499,42,54,3.644771,3.644771,1441,10.5479
7500,54,0,3.905112,3.905112,1472,10.5967
7501,0,60,4.162277,4.162277,1472,10.6662
7502,60,38,3.287249,3.287249,1441,10.6043
7503,38,54,4.132213,4.132213,1439,10.6904
7504,54,25,2.478646,2.478646,1470,10.5987
7505,25,36,2.464657,2.464657,1464,10.6826
7506,36,21,3.767621,3.767621,1436,10.5788
7507,21,9,4.537403,4.537403,1471,10.6459
7508,9,15,2.780571,2.780571,999,9.0668
7509,15,49,2.489108,2.489108,1300,10.2254
7510,49,43,3.707117,3.707117,296,4.2263
7511,43,51,4.938740,4.938740,596,5.3584
7512,51,16,2.748774,2.748774,1470,10.6907
7513,16,53,4.375663,4.375663,1469,10.6285
7514,53,11,4.465666,4.465666,1070,9.2586
7515,11,45,2.615255,2.615255,1471,10.7639
7516,45,30,2.574307,2.574307,1492,10.6476
7517,30,46,3.316583,3.316583,1442,10.6219
7518,46,46,1.151292,1.151292,1430,10.4765
7519,46,46,0.994667,0.994667,1418,10.4109
7520,46,1,3.715161,3.715161,1447,10.5941
7521,1,32,3.053896,3.053896,1464,10.6507
7522,32,27,3.329541,3.329541,1308,10.2501
7523,27,2,5.017681,5.017681,1086,9.1596
7524,2,54,3.924337,3.924337,1448,10.6686
7525,54,25,2.363000,2.363000,1449,10.5890
7526,25,2,4.120851,4.120851,1444,10.7727
7527,2,12,2.734113,2.734113,1457,10.7208
7528,12,35,2.614508,2.614508,1462,10.6104
7529,35,0,2.894661,2.894661,1476,10.6986
7530,0,25,2.393302,2.393302,1474,10.6094
7531,25,29,2.447728,2.447728,1445,10.5331
7532,29,11,2.356372,2.356372,1448,10.5471
7533,11,42,2.253380,2.253380,1467,10.6032
7534,42,54,3.642904,3.642904,1483,10.6875
7535,54,0,3.827533,3.827533,1451,10.6360
7536,0,60,4.074900,4.074900,1445,10.5610
7537,60,38,3.240115,3.240115,1453,10.6599
7538,38,2,3.605744,3.605744,1478,10.7336
7539,2,45,3.984546,3.984546,1451,10.6094
7540,45,63,3.030948,3.030948,1479,10.6233
7541,63,6,4.566834,4.566834,1447,10.6549
7542,6,32,2.704717,2.704717,1424,10.6155
7543,32,27,3.240289,3.240289,1424,10.6741
7544,27,2,5.059341,5.059341,1193,9.4949
7545,2,12,2.672715,2.672715,1452,10.6067
7546,12,35,2.513682,2.513682,1475,10.5990
7547,35,8,2.883396,2.883396,1449,10.6440
7548,8,52,4.075186,4.075186,1445,10.6833
7549,52,21,4.103541,4.103541,1368,10.4347
7550,21,47,3.888951,3.888951,1470,10.7627
7551,47,22,3.273625,3.273625,1474,10.7023
7552,22,35,4.264568,4.264568,1452,10.6107
7553,35,53,3.937557,3.937557,1460,10.6588
7554,53,17,2.458068,2.458068,1481,10.6489
7555,17,2,4.955030,4.955030,1454,10.6149
7556,2,54,3.846447,3.846447,1476,10.7080
7557,54,44,5.812125,5.812125,1444,10.6844
7558,44,35,5.531657,5.531657,1386,10.6287
7559,35,0,2.838413,2.838413,1426,10.6663
7560,0,25,2.307457,2.307457,1451,10.5796
7561,25,29,2.404013,2.404013,1434,10.5572
7562,29,23,2.149701,2.149701,1444,10.7669
7563,23,18,4.047277,4.047277,1507,10.6179
7564,18,38,3.109168,3.109168,1157,9.9907
7565,38,2,3.593613,3.593613,1464,10.6553
7566,2,45,3.977662,3.977662,1464,10.6826
7567,45,63,2.834469,2.834469,997,9.3693
7568,63,18,2.944769,2.944769,1433,10.7220
7569,18,12,3.445694,3.445694,1437,10.5802
7570,12,35,2.658863,2.658863,1455,10.6804
7571,35,8,2.795080,2.795080,1470,10.8366
7572,8,52,3.967655,3.967655,1440,10.6485
7573,52,22,3.628700,3.628700,555,5.1546
7574,22,47,2.878375,2.878375,1266,9.9696
7575,47,51,3.509468,3.509468,1457,10.6784
7576,51,16,2.621525,2.621525,1434,10.6659
7577,16,23,3.580296,3.580296,1455,10.6407
7578,23,29,1.629472,1.629472,1452,10.5999
7579,29,23,1.999131,1.999131,1439,10.6410
7580,23,29,1.520808,1.520808,1437,10.5839
7581,29,23,1.848174,1.848174,1464,10.6272
7582,23,29,1.428712,1.428712,1440,10.5572
7583,29,11,2.496411,2.496411,1449,10.6303
7584,11,24,4.810077,4.810077,1426,10.5438
7585,24,0,4.814575,4.814575,1440,10.6458
7586,0,60,3.935582,3.935582,1508,10.6123
7587,60,38,3.232065,3.232065,1425,10.7164
7588,38,50,3.275368,3.275368,1481,10.6145
7589,50,53,3.828650,3.828650,1452,10.7100
7590,53,17,2.349530,2.349530,1409,10.5513
7591,17,7,3.423292,3.423292,1275,10.0679
7592,7,31,3.287595,3.287595,1277,9.7371
7593,31,12,3.286470,3.286470,1452,10.6231
7594,12,35,2.544899,2.544899,1451,10.6175
7595,35,53,3.904221,3.904221,1442,10.5925
7596,53,17,2.332559,2.332559,1451,10.6341
7597,17,7,3.285753,3.285753,1386,10.2662
7598,7,31,3.165524,3.165524,1467,10.7021
7599,31,54,4.226164,4.226164,1454,10.6521
7600,54,25,2.327061,2.327061,1465,10.5896
7601,25,36,2.591538,2.591538,1455,10.6006
7602,36,29,2.454447,2.454447,1474,10.5648
7603,29,23,1.834936,1.834936,1438,10.5684
7604,23,29,1.418515,1.418515,1473,10.6529
7605,29,48,3.287689,3.287689,1464,10.6898
7606,48,51,2.719561,2.719561,1475,10.6492
7607,51,29,3.363755,3.363755,1433,10.6596
7608,29,23,1.739562,1.739562,1453,10.6713
7609,23,18,4.282009,4.282009,1460,10.5621
7610,18,12,3.378149,3.378149,1471,10.6234
7611,12,35,2.475832,2.475832,1479,10.6483
7612,35,8,2.826505,2.826505,1448,10.6511
7613,8,41,2.745571,2.745571,1476,10.6768
7614,41,6,3.218859,3.218859,704,6.0484
7615,6,32,2.570898,2.570898,1469,10.7027
7616,32,9,2.275398,2.275398,1455,10.6483
7617,9,3,3.136452,3.136452,1467,10.6086
7618,3,41,3.037726,3.037726,1452,10.7650
7619,41,36,5.657868,5.657868,1454,10.5807
7620,36,29,2.539394,2.539394,1485,10.7008
7621,29,48,2.992464,2.992464,1169,9.5681
7622,48,51,2.668002,2.668002,1475,10.7726
7623,51,51,1.008570,1.008570,1467,10.6849
7624,51,29,3.327154,3.327154,1469,10.5810
7625,29,48,2.738049,2.738049,1433,10.6281
7626,48,51,2.546917,2.546917,1452,10.6307
7627,51,16,2.771692,2.771692,1459,10.5722
7628,16,21,4.330585,4.330585,1449,10.7661
7629,21,47,3.757877,3.757877,1466,10.6391
7630,47,56,2.288011,2.288011,1469,10.6245
7631,56,34,2.719548,2.719548,1447,10.6027
7632,34,40,2.384609,2.384609,1464,10.5608
7633,40,25,4.995749,4.995749,1449,10.5896
7634,25,2,4.073043,4.073043,1443,10.6515
7635,2,45,3.791717,3.791717,1404,10.6757
7636,45,30,2.497512,2.497512,1431,10.5733
7637,30,31,3.600416,3.600416,1449,10.6474
7638,31,30,3.036924,3.036924,1460,10.5854
7639,30,27,6.823126,6.823126,1461,10.6960
7640,27,20,4.384652,4.384652,950,9.0097
7641,20,10,2.062575,2.062575,1456,10.7441
7642,10,11,6.670349,6.670349,1406,10.5697
7643,11,45,2.792595,2.792595,544,5.2308
7644,45,30,2.467646,2.467646,1492,10.6182
7645,30,46,3.186605,3.186605,1424,10.5282
7646,46,1,3.576427,3.576427,1455,10.6027
7647,1,47,2.240791,2.240791,1451,10.7081
7648,47,56,2.182056,2.182056,1466,10.6807
7649,56,6,3.595339,3.595339,1458,10.5752
7650,6,56,3.095542,3.095542,1470,10.5989
7651,56,6,3.313992,3.313992,1454,10.5833
7652,6,56,2.846640,2.846640,1445,10.6251
7653,56,34,2.663318,2.663318,1455,10.5614
7654,34,7,3.929413,3.929413,1451,10.5957
7655,7,16,4.015223,4.015223,1311,10.1548
7656,16,21,4.104727,4.104727,1476,10.7109
7657,21,9,4.340430,4.340430,1479,10.5722
7658,9,15,2.768053,2.768053,1440,10.5528
7659,15,49,2.446533,2.446533,1483,10.5532
7660,49,43,3.561014,3.561014,1063,9.1723
7661,43,11,4.810012,4.810012,1088,9.4200
7662,11,24,4.349935,4.349935,1455,10.5645
7663,24,54,4.050555,4.050555,1479,10.6614
7664,54,25,2.390822,2.390822,1459,10.6570
7665,25,2,3.906043,3.906043,1455,10.5957
7666,2,12,2.713878,2.713878,1429,10.6561
7667,12,43,5.097196,5.097196,1300,10.0485
7668,43,51,5.007150,5.007150,1463,10.6791
7669,51,16,2.592817,2.592817,1463,10.6078
7670,16,21,3.937034,3.937034,1421,10.5542
7671,21,48,2.582092,2.582092,1476,10.6748
7672,48,25,3.677418,3.677418,1463,10.6315
7673,25,29,2.360173,2.360173,1454,10.6422
7674,29,23,1.817248,1.817248,1490,10.5867
7675,23,29,1.475410,1.475410,1466,10.6096
7676,29,11,2.850147,2.850147,1443,10.5678
7677,11,45,2.731166,2.731166,1465,10.5629
7678,45,62,4.914960,4.914960,1479,10.5536
7679,62,60,3.827094,3.827094,1458,10.6003
7680,60,38,3.132759,3.132759,1453,10.6601
7681,38,50,3.147150,3.147150,1455,10.6155
7682,50,53,3.733416,3.733416,1334,10.4533
7683,53,11,4.482244,4.482244,1432,10.6668
7684,11,42,2.471184,2.471184,1461,10.8221
7685,42,54,3.507625,3.507625,1481,10.5560
7686,54,0,3.804156,3.804156,1465,10.5803
7687,0,21,3.936313,3.936313,1449,10.8085
7688,21,47,3.699390,3.699390,1464,10.6952
7689,47,56,2.142142,2.142142,1446,10.6040
7690,56,34,2.560352,2.560352,1477,10.6270
7691,34,35,4.288044,4.288044,1467,10.5765
7692,35,8,2.657051,2.657051,1456,10.6106
7693,8,56,4.044526,4.044526,1455,10.6672
7694,56,34,2.400395,2.400395,1453,10.5999
7695,34,40,2.512052,2.512052,1452,10.5840
7696,40,57,2.721901,2.721901,1276,9.5689
7697,57,52,3.040117,3.040117,1447,10.6983
7698,52,21,4.055514,4.055514,1360,10.2808
7699,21,9,4.248527,4.248527,1395,10.7972
7700,9,44,3.951003,3.951003,1463,10.6820
7701,44,35,5.470238,5.470238,1337,10.1954
7702,35,0,2.990424,2.990424,1460,10.6385
7703,0,25,2.351175,2.351175,1479,10.5934
7704,25,36,2.714173,2.714173,1423,10.5613
7705,36,21,3.864794,3.864794,1403,10.4173
7706,21,48,2.538325,2.538325,1454,10.6667
7707,48,51,2.625579,2.625579,1463,10.5949
7708,51,29,3.160472,3.160472,1441,10.6302
7709,29,23,1.756755,1.756755,1446,10.5525
7710,23,18,3.981199,3.981199,1438,10.5599
7711,18,18,0.885695,0.885695,1450,10.8078
7712,18,18,0.757329,0.757329,1447,10.7004
7713,18,38,3.298158,3.298158,1457,10.6222
7714,38,50,3.069553,3.069553,1474,10.7749
7715,50,33,3.461232,3.461232,1440,10.7156
7716,33,55,3.087169,3.087169,1417,10.9751
7717,55,63,4.735826,4.735826,1463,10.5907
7718,63,47,4.657530,4.657530,1442,10.6085
7719,47,56,2.142068,2.142068,1459,10.7217
7720,56,34,2.318020,2.318020,1199,9.7128
7721,34,40,2.462684,2.462684,1280,9.8357
7722,40,25,4.854021,4.854021,1181,9.2415
7723,25,29,2.425205,2.425205,1467,10.6689
7724,29,23,1.700275,1.700275,1468,10.6935
7725,23,29,1.470031,1.470031,1491,10.6883
7726,29,11,2.868792,2.868792,1462,10.6216
7727,11,42,2.434981,2.434981,1447,10.5896
7728,42,45,2.408797,2.408797,1487,10.6388
7729,45,62,4.749986,4.749986,1460,10.5773
7730,62,21,4.583356,4.583356,1473,10.6672
7731,21,9,4.208573,4.208573,1455,10.6517
7732,9,44,3.817957,3.817957,1143,9.5932
7733,44,35,5.334166,5.334166,774,6.3006
7734,35,8,2.543070,2.543070,1468,10.6445
7735,8,41,2.810920,2.810920,1471,10.6972
7736,41,6,3.126983,3.126983,1451,10.6998
7737,6,32,2.528280,2.528280,1342,10.2882
7738,32,61,4.016056,4.016056,17,2.9120
7739,61,33,2.884243,2.884243,803,7.4061
7740,33,11,6.199886,6.199886,938,8.9732
7741,11,42,2.335465,2.335465,1471,10.7084
7742,42,0,4.171372,4.171372,1447,10.5782
7743,0,60,3.885792,3.885792,1380,10.7121
7744,60,38,3.115332,3.115332,1468,10.6628
7745,38,54,4.124105,4.124105,1053,8.4682
7746,54,0,3.627651,3.627651,1462,10.6749
7747,0,60,3.760189,3.760189,1456,10.5871
7748,60,38,3.063529,3.063529,1476,10.6154
7749,38,2,3.398106,3.398106,1459,10.7048
7750,2,54,3.666509,3.666509,1457,10.6980
7751,54,44,5.659662,5.659662,1463,10.5854
7752,44,35,5.129110,5.129110,425,6.0825
7753,35,8,2.455517,2.455517,1463,10.6130
7754,8,41,2.742099,2.742099,1452,10.6616
7755,41,6,3.014612,3.014612,1393,10.4718
7756,6,32,2.413561,2.413561,1451,10.7533
7757,32,9,2.451960,2.451960,1457,10.6869
7758,9,15,2.813265,2.813265,1453,10.6032
7759,15,49,2.425864,2.425864,1482,10.6708
7760,49,50,3.606988,3.606988,1156,9.4760
7761,50,53,3.616877,3.616877,1460,10.7470
7762,53,11,4.411200,4.411200,1418,10.5780
7763,11,42,2.242511,2.242511,1490,10.8331
7764,42,54,3.618593,3.618593,1480,10.6428
7765,54,25,2.481107,2.481107,1132,9.0171
7766,25,36,2.642731,2.642731,1468,10.8263
7767,36,29,2.653480,2.653480,1357,10.4455
7768,29,11,2.907832,2.907832,1310,10.0716
7769,11,42,2.175372,2.175372,1225,9.2871
7770,42,45,2.390345,2.390345,1461,10.6474
7771,45,63,3.044275,3.044275,1443,10.6359
7772,63,6,4.582713,4.582713,1464,10.6458
7773,6,22,5.313518,5.313518,1382,10.6058
7774,22,35,4.428181,4.428181,550,5.1249
7775,35,0,3.063016,3.063016,1469,10.6528
7776,0,25,2.328431,2.328431,1467,10.6476
7777,25,36,2.541197,2.541197,1359,10.3855
7778,36,29,2.556793,2.556793,1400,10.4301
7779,29,11,2.758563,2.758563,1452,10.6490
7780,11,45,2.690585,2.690585,1428,10.5471
7781,45,30,2.683922,2.683922,1477,10.8035
7782,30,46,3.054854,3.054854,1472,10.6510
7783,46,1,3.508051,3.508051,1459,10.7297
7784,1,32,3.155400,3.155400,1445,10.7090
7785,32,61,3.939708,3.939708,1435,10.6586
7786,61,33,2.851210,2.851210,1386,10.5272
7787,33,11,6.232569,6.232569,1234,10.1217
7788,11,42,2.182102,2.182102,1099,9.0308
7789,42,54,3.570463,3.570463,1462,10.6854
7790,54,25,2.412669,2.412669,1453,10.7239
7791,25,36,2.461130,2.461130,1455,10.5842
7792,36,21,3.845843,3.845843,1455,10.8446
7793,21,9,4.127192,4.127192,1448,10.5819
7794,9,15,2.733025,2.733025,1175,9.2918
7795,15,49,2.409961,2.409961,1477,10.9452
7796,49,43,3.615385,3.615385,1430,10.5412
7797,43,46,4.060471,4.060471,1288,10.0167
7798,46,46,0.985065,0.985065,1309,10.3642
7799,46,46,0.844775,0.844775,1466,10.7028
7800,46,47,3.212572,3.212572,1454,10.5823
7801,47,51,3.523719,3.523719,1459,10.7218
7802,51,51,1.109864,1.109864,1406,10.7237
7803,51,16,2.575677,2.575677,1437,10.5710
7804,16,53,4.596532,4.596532,1452,10.6370
7805,53,11,4.350847,4.350847,1463,10.7688
7806,11,42,2.106532,2.106532,1379,10.2889
7807,42,54,3.422751,3.422751,1462,10.6811
7808,54,25,2.328751,2.328751,1455,10.6699
7809,25,36,2.374375,2.374375,1461,10.7160
7810,36,29,2.521685,2.521685,1451,10.6666
7811,29,23,1.995085,1.995085,1457,10.5903
7812,23,29,1.615694,1.615694,1463,10.5957
7813,29,11,2.901586,2.901586,1459,10.6514
7814,11,42,2.076691,2.076691,1449,10.6249
7815,42,54,3.301490,3.301490,1451,10.6560
7816,54,25,2.277250,2.277250,1324,9.9873
7817,25,2,3.983770,3.983770,1463,10.5572
7818,2,12,2.699127,2.699127,1476,10.7003
7819,12,20,3.219450,3.219450,1466,10.5736
7820,20,3,4.190027,4.190027,1331,10.3395
7821,3,39,3.623461,3.623461,1103,9.5902
7822,39,44,2.945857,2.945857,1476,10.8091
7823,44,35,5.045606,5.045606,1230,10.1929
7824,35,53,3.828943,3.828943,1468,10.6940
7825,53,17,2.283009,2.283009,1453,10.7781
7826,17,2,4.912520,4.912520,1463,10.8036
7827,2,45,3.882132,3.882132,1464,10.5798
7828,45,63,2.953773,2.953773,1466,10.7098
7829,63,18,2.962323,2.962323,1472,10.6260
7830,18,38,3.184616,3.184616,1455,10.6408
7831,38,50,3.123694,3.123694,1461,10.5837
7832,50,53,3.572921,3.572921,1464,10.7147
7833,53,11,4.296044,4.296044,1453,10.6990
7834,11,45,2.752924,2.752924,1466,10.6129
7835,45,30,2.669056,2.669056,1437,10.5476
7836,30,31,3.525568,3.525568,1446,10.6324
7837,31,54,4.125538,4.125538,1470,10.6996
7838,54,0,3.711316,3.711316,1444,10.6310
7839,0,25,2.240772,2.240772,1440,10.6008
7840,25,36,2.376400,2.376400,1464,10.6341
7841,36,29,2.463492,2.463492,1457,10.7499
7842,29,23,1.975808,1.975808,1444,10.6347
7843,23,29,1.575960,1.575960,1457,10.5841
7844,29,23,1.830477,1.830477,1461,10.5800
7845,23,0,4.751672,4.751672,1431,10.5389
7846,0,21,3.915044,3.915044,1469,10.6379
7847,21,48,2.628129,2.628129,1464,10.6372
7848,48,51,2.549901,2.549901,1458,10.6349
7849,51,16,2.479931,2.479931,1461,10.6342
7850,16,53,4.593678,4.593678,1476,10.6740
7851,53,11,4.082876,4.082876,1437,10.7735
7852,11,24,4.262747,4.262747,1463,10.5606
7853,24,0,4.521204,4.521204,1390,10.5133
7854,0,60,3.770840,3.770840,1456,10.6990
7855,60,38,3.072683,3.072683,1466,10.7701
7856,38,2,3.330946,3.330946,1465,10.6453
7857,2,12,2.638966,2.638966,1445,10.8178
7858,12,43,4.858544,4.858544,1491,10.6344
7859,43,51,4.991552,4.991552,1424,10.6372
7860,51,29,3.407066,3.407066,1463,10.6212
7861,29,23,1.722675,1.722675,1449,10.6469
7862,23,29,1.509973,1.509973,1463,10.6895
7863,29,23,1.608615,1.608615,1496,10.5992
7864,23,29,1.420940,1.420940,1133,8.9434
7865,29,23,1.509240,1.509240,1440,10.6090
7866,23,0,4.656034,4.656034,1466,10.5741
7867,0,21,3.786560,3.786560,1467,10.7391
7868,21,9,4.103066,4.103066,1456,10.6145
7869,9,3,3.309847,3.309847,1139,9.8052
7870,3,39,3.567445,3.567445,935,9.0157
7871,39,15,3.298884,3.298884,1021,9.0360
7872,15,49,2.287955,2.287955,1454,10.6231
7873,49,43,3.586800,3.586800,1387,10.4532
7874,43,51,4.872347,4.872347,1209,9.6064
7875,51,29,3.230803,3.230803,1338,10.2838
7876,29,11,3.169271,3.169271,1454,10.5596
7877,11,45,2.728878,2.728878,1467,10.6424
7878,45,63,2.960378,2.960378,1464,10.7066
7879,63,18,2.927426,2.927426,1455,10.6745
7880,18,12,3.437338,3.437338,1445,10.6471
7881,12,35,3.032825,3.032825,1452,10.6186
7882,35,8,2.463695,2.463695,1323,10.0781
7883,8,56,3.917940,3.917940,1447,10.6777
7884,56,34,2.252249,2.252249,1469,10.6426
7885,34,40,2.404624,2.404624,1464,10.7290
7886,40,25,4.948178,4.948178,1436,10.6272
7887,25,29,2.559827,2.559827,1368,10.4333
7888,29,11,2.975679,2.975679,1474,10.5615
7889,11,45,2.660019,2.660019,1472,10.6457
7890,45,63,2.890729,2.890729,1453,10.5975
7891,63,18,2.883024,2.883024,1475,10.5973
7892,18,12,3.260756,3.260756,1474,10.7305
7893,12,35,2.945177,2.945177,1477,10.6321
7894,35,8,2.418147,2.418147,1451,10.6986
7895,8,41,2.717226,2.717226,1441,10.6517
7896,41,30,5.085212,5.085212,1448,10.8451
7897,30,31,3.293465,3.293465,1469,10.8132
7898,31,12,3.550725,3.550725,1439,10.5832
7899,12,20,3.236790,3.236790,1421,10.5309
7900,20,3,4.129334,4.129334,1474,10.8372
7901,3,41,3.029628,3.029628,1311,10.2179
7902,41,30,4.907409,4.907409,1279,10.0386
7903,30,46,2.960012,2.960012,1461,10.6793
7904,46,1,3.484258,3.484258,1454,10.5690
7905,1,47,2.284256,2.284256,1460,10.6112
7906,47,51,3.547851,3.547851,1459,10.6481
7907,51,29,3.169066,3.169066,1475,10.6533
7908,29,48,3.036374,3.036374,1493,10.6742
7909,48,25,3.802367,3.802367,1415,10.5278
7910,25,2,3.906079,3.906079,1465,10.6674
7911,2,12,2.630406,2.630406,1456,10.7226
7912,12,35,2.832521,2.832521,1431,10.5775
7913,35,53,4.005859,4.005859,1462,10.6933
7914,53,17,2.241987,2.241987,1442,10.6141
7915,17,2,4.781788,4.781788,1438,10.6317
7916,2,45,3.853201,3.853201,1460,10.5991
7917,45,30,2.867851,2.867851,1448,10.8017
7918,30,46,2.936124,2.936124,1473,10.7014
7919,46,47,3.037345,3.037345,1465,10.5633
7920,47,51,3.443560,3.443560,1453,10.6126
7921,51,51,1.172518,1.172518,1433,10.6241
7922,51,16,2.449882,2.449882,1457,10.6371
7923,16,21,4.146457,4.146457,1467,10.6565
7924,21,48,2.561079,2.561079,1452,10.6387
7925,48,25,3.641746,3.641746,1461,10.6340
7926,25,36,2.380431,2.380431,1457,10.5654
7927,36,29,2.596979,2.596979,1475,10.6223
7928,29,11,2.811221,2.811221,1463,10.5938
7929,11,45,2.652767,2.652767,1462,10.5377
7930,45,63,2.850952,2.850952,1459,10.6904
7931,63,6,4.625098,4.625098,1461,10.6362
7932,6,32,2.512153,2.512153,1451,10.6537
7933,32,9,2.521019,2.521019,1325,10.4620
7934,9,15,2.773421,2.773421,1408,10.4342
7935,15,49,2.270261,2.270261,1391,10.5362
7936,49,50,3.730927,3.730927,1507,10.6841
7937,50,53,3.528079,3.528079,1406,10.5423
7938,53,11,4.165976,4.165976,1466,10.6699
7939,11,42,2.423877,2.423877,1473,10.5845
7940,42,45,2.245550,2.245550,1443,10.5660
7941,45,30,2.879859,2.879859,1449,10.5673
7942,30,46,2.912001,2.912001,1457,10.5519
7943,46,46,0.819510,0.819510,1477,10.7634
7944,46,46,0.699591,0.699591,1455,10.5964
7945,46,47,3.080546,3.080546,1469,10.7332
7946,47,51,3.306061,3.306061,1460,10.6329
7947,51,51,1.046792,1.046792,1457,10.6137
7948,51,29,3.344385,3.344385,1469,10.7511
7949,29,23,1.791436,1.791436,1466,10.5840
7950,23,18,4.012566,4.012566,1458,10.5808
7951,18,38,3.145947,3.145947,1456,10.6501
7952,38,50,3.120527,3.120527,1453,10.6819
7953,50,33,3.391108,3.391108,1414,10.7223
7954,33,11,6.135453,6.135453,1431,10.5134
7955,11,42,2.342947,2.342947,1411,10.4993
7956,42,54,3.308722,3.308722,1449,10.6359
7957,54,0,3.500892,3.500892,1457,10.5951
7958,0,25,2.296405,2.296405,1459,10.6669
7959,25,2,3.870375,3.870375,1469,10.5713
7960,2,45,3.770689,3.770689,1456,10.6422
7961,45,62,4.823725,4.823725,1436,10.5723
7962,62,60,3.796574,3.796574,1464,10.6027
7963,60,38,3.041726,3.041726,1426,10.6183
7964,38,2,3.249246,3.249246,1461,10.6213
7965,2,12,2.583418,2.583418,1454,10.6309
7966,12,20,3.089027,3.089027,1454,10.5754
7967,20,10,2.128677,2.128677,1470,10.6285
7968,10,2,3.802883,3.802883,1472,10.7615
7969,2,12,2.473636,2.473636,1470,10.6067
7970,12,35,2.749604,2.749604,1470,10.5942
7971,35,0,3.386833,3.386833,1465,10.7035
7972,0,25,2.239483,2.239483,1474,10.7222
7973,25,29,2.535009,2.535009,1451,10.5547
7974,29,23,1.738590,1.738590,1443,10.6711
7975,23,29,1.509713,1.509713,1461,10.6031
7976,29,48,2.910396,2.910396,1453,10.6339
7977,48,6,3.991861,3.991861,1458,10.5665
7978,6,56,3.090488,3.090488,1360,10.4892
7979,56,34,2.199822,2.199822,1470,10.6644
7980,34,7,4.101513,4.101513,1466,10.5939
7981,7,22,3.914462,3.914462,1446,10.7271
7982,22,35,4.551234,4.551234,1466,10.6196
7983,35,0,3.237116,3.237116,1474,10.6404
7984,0,60,3.766973,3.766973,1435,10.5858
7985,60,38,3.004635,3.004635,1387,10.5742
7986,38,2,3.146607,3.146607,1483,10.7429
7987,2,12,2.400018,2.400018,1462,10.6282
7988,12,35,2.738836,2.738836,1451,10.5940
7989,35,8,2.545616,2.545616,1459,10.7064
7990,8,52,4.160590,4.160590,1464,10.6215
7991,52,21,4.065091,4.065091,1186,9.5289
7992,21,48,2.491008,2.491008,1458,10.6630
7993,48,25,3.533537,3.533537,1447,10.5977
7994,25,2,3.858150,3.858150,1451,10.5467
7995,2,54,3.894561,3.894561,1457,10.6278
7996,54,0,3.461620,3.461620,1315,10.1960
7997,0,25,2.167636,2.167636,1438,10.5254
7998,25,36,2.478175,2.478175,1441,10.5971
7999,36,21,3.785554,3.785554,1436,10.5593
8000,21,47,3.998736,3.998736,1434,10.5575
8001,47,56,2.385554,2.385554,1456,10.6192
8002,56,34,2.132063,2.132063,1436,10.6005
8003,34,7,3.994769,3.994769,1472,10.7378
8004,7,22,3.740547,3.740547,1430,10.5484
8005,22,20,4.761990,4.761990,1446,10.5903
8006,20,3,4.051249,4.051249,1423,10.7251
8007,3,41,2.936660,2.936660,1379,10.4963
8008,41,6,3.145062,3.145062,1471,10.6743
8009,6,56,3.014387,3.014387,1455,10.6190
8010,56,34,2.041414,2.041414,1450,10.5892
8011,34,7,3.888425,3.888425,1466,10.6707
8012,7,31,3.334958,3.334958,1478,10.6703
8013,31,12,3.682753,3.682753,1422,10.5755
8014,12,35,2.601052,2.601052,1458,10.6132
8015,35,0,3.190962,3.190962,1458,10.5700
8016,0,25,2.118689,2.118689,1439,10.5865
8017,25,36,2.379021,2.379021,1470,10.6114
8018,36,29,2.627839,2.627839,1451,10.5372
8019,29,23,1.731489,1.731489,1457,10.6178
8020,23,29,1.486681,1.486681,1488,10.6897
8021,29,23,1.616235,1.616235,1450,10.5557
8022,23,29,1.400263,1.400263,1469,10.6097
8023,29,11,3.196552,3.196552,1457,10.5928
8024,11,42,2.360906,2.360906,1431,10.5615
8025,42,54,3.277026,3.277026,1475,10.6360
8026,54,25,2.453202,2.453202,1462,10.6772
8027,25,2,3.779236,3.779236,1340,10.2832
8028,2,45,3.714044,3.714044,1473,10.6871
8029,45,63,2.764868,2.764868,1462,10.5592
8030,63,6,4.477827,4.477827,1447,10.5518
8031,6,22,5.211879,5.211879,1455,10.8510
8032,22,35,4.554367,4.554367,1451,10.6621
8033,35,0,3.054722,3.054722,1482,10.6435
8034,0,25,2.094010,2.094010,1468,10.6659
8035,25,36,2.365130,2.365130,1466,10.5763
8036,36,29,2.542079,2.542079,1438,10.5326
8037,29,48,2.892614,2.892614,1446,10.5839
8038,48,51,2.875571,2.875571,1440,10.5547
8039,51,16,2.465735,2.465735,1481,10.5803
8040,16,53,4.528271,4.528271,1452,10.6297
8041,53,17,2.156931,2.156931,1482,10.6967
8042,17,2,4.776262,4.776262,1427,10.5827
8043,2,45,3.582965,3.582965,1457,10.7334
8044,45,30,2.801179,2.801179,1461,10.6164
8045,30,46,2.785631,2.785631,1469,10.6518
8046,46,47,2.981143,2.981143,1452,10.6712
8047,47,56,2.370521,2.370521,1455,10.6537
8048,56,1,3.029885,3.029885,1460,10.6393
8049,1,47,2.181005,2.181005,1478,10.7180
8050,47,51,3.248433,3.248433,1445,10.5469
8051,51,29,3.307378,3.307378,1437,10.5656
8052,29,11,3.021369,3.021369,1465,10.6179
8053,11,45,2.831496,2.831496,1476,10.5885
8054,45,30,2.730796,2.730796,1477,10.5683
8055,30,46,2.777367,2.777367,1447,10.5742
8056,46,47,2.820444,2.820444,1449,10.5732
8057,47,56,2.328514,2.328514,1468,10.6047
8058,56,34,2.062791,2.062791,1460,10.5527
8059,34,40,2.619349,2.619349,1463,10.6164
8060,40,25,4.729954,4.729954,1483,10.8593
8061,25,36,2.236974,2.236974,1455,10.5422
8062,36,29,2.529978,2.529978,1460,10.5885
8063,29,11,2.845743,2.845743,1447,10.6225
8064,11,45,2.764719,2.764719,1476,10.5795
8065,45,30,2.663600,2.663600,1442,10.5699
8066,30,46,2.759596,2.759596,1461,10.5639
8067,46,47,2.711043,2.711043,1462,10.5609
8068,47,22,4.070433,4.070433,1440,10.6080
8069,22,35,4.392265,4.392265,1449,10.5451
8070,35,0,2.941321,2.941321,1469,10.7813
8071,0,25,2.168969,2.168969,1464,10.5625
8072,25,2,3.751949,3.751949,1472,10.5966
8073,2,45,3.465196,3.465196,1480,10.5758
8074,45,30,2.544108,2.544108,1454,10.5569
8075,30,46,2.739118,2.739118,1487,10.5628
8076,46,47,2.604972,2.604972,1441,10.5737
8077,47,51,3.290547,3.290547,1501,10.5840
8078,51,29,3.260085,3.260085,1458,10.6005
8079,29,48,2.661138,2.661138,1472,10.5816
8080,48,25,3.502563,3.502563,1456,10.5911
8081,25,36,2.198022,2.198022,1456,10.5601
8082,36,29,2.554272,2.554272,1463,10.6185
8083,29,23,1.978295,1.978295,1501,10.5719
8084,23,18,3.912235,3.912235,1470,10.5810
8085,18,18,0.926202,0.926202,1467,10.5942
8086,18,12,3.518991,3.518991,1458,10.5637
8087,12,43,4.897300,4.897300,1449,10.6786
8088,43,51,4.855497,4.855497,653,7.8417
8089,51,16,2.428723,2.428723,1485,10.6977
8090,16,23,3.786129,3.786129,1442,10.5486
8091,23,29,1.540053,1.540053,1464,10.6286
8092,29,11,2.775824,2.775824,1478,10.5465
8093,11,42,2.501843,2.501843,1477,10.5931
8094,42,0,4.115311,4.115311,1440,10.5338
8095,0,25,2.123461,2.123461,1481,10.7167
8096,25,29,2.446080,2.446080,1464,10.6126
8097,29,23,1.953772,1.953772,1454,10.5257
8098,23,18,3.776069,3.776069,1449,10.5417
8099,18,18,0.817890,0.817890,1448,10.5622
8100,18,18,0.698380,0.698380,1454,10.5470
8101,18,12,3.588854,3.588854,1441,10.5514
8102,12,20,3.224186,3.224186,1474,10.6008
8103,20,10,2.125149,2.125149,1040,8.7337
8104,10,11,6.961620,6.961620,1263,10.0153
8105,11,42,2.383576,2.383576,1443,10.5209
8106,42,45,2.510318,2.510318,1450,10.5817
8107,45,62,4.730329,4.730329,1464,10.6204
8108,62,60,3.753319,3.753319,1479,10.5702
8109,60,38,2.961534,2.961534,1465,10.6261
8110,38,50,3.063815,3.063815,1440,10.5240
8111,50,54,4.462907,4.462907,1464,10.8364
8112,54,0,3.632938,3.632938,1464,10.5559
8113,0,25,2.027794,2.027794,1440,10.6061
8114,25,36,2.202305,2.202305,1465,10.5478
8115,36,29,2.434572,2.434572,1448,10.6033
8116,29,11,2.861193,2.861193,1465,10.5918
8117,11,42,2.335219,2.335219,1468,10.5302
8118,42,0,3.925123,3.925123,1446,10.5761
8119,0,25,1.961366,1.961366,1442,10.5531
8120,25,36,2.134275,2.134275,1459,10.5924
8121,36,21,3.917331,3.917331,1469,10.5510
8122,21,9,4.033073,4.033073,1439,10.6663
8123,9,15,2.678154,2.678154,1102,9.3906
8124,15,49,2.241163,2.241163,515,4.9780
8125,49,43,3.651942,3.651942,518,4.9265
8126,43,11,4.950257,4.950257,911,9.1363
8127,11,45,2.726306,2.726306,1470,10.5322
8128,45,30,2.550350,2.550350,1469,10.7177
8129,30,31,3.956065,3.956065,1397,10.5413
8130,31,12,3.675040,3.675040,1439,10.5969
8131,12,35,2.824390,2.824390,1476,10.6549
8132,35,53,4.119429,4.119429,1463,10.6127
8133,53,17,2.119862,2.119862,1465,10.7126
8134,17,7,3.416515,3.416515,1469,10.6923
8135,7,22,3.625744,3.625744,960,8.1075
8136,22,20,4.732939,4.732939,1438,10.5573
8137,20,10,2.064356,2.064356,1481,10.7952
8138,10,21,5.235976,5.235976,1463,10.6186
8139,21,9,3.896897,3.896897,1458,10.6449
8140,9,15,2.619174,2.619174,1476,10.6675
8141,15,49,2.228731,2.228731,1439,10.6260
8142,49,50,3.847256,3.847256,1398,10.4825
8143,50,54,4.324014,4.324014,1444,10.6044
8144,54,25,2.718323,2.718323,1365,10.4408
8145,25,29,2.492201,2.492201,1459,10.7397
8146,29,11,2.805116,2.805116,1309,10.3698
8147,11,42,2.290337,2.290337,1453,10.7366
8148,42,0,3.796818,3.796818,1455,10.7290
8149,0,21,4.040200,4.040200,1431,10.6202
8150,21,48,2.624236,2.624236,1451,10.5796
8151,48,51,3.018883,3.018883,1461,10.5987
8152,51,29,3.363102,3.363102,1470,10.6360
8153,29,11,2.624062,2.624062,1448,10.5601
8154,11,42,2.229885,2.229885,1443,10.5427
8155,42,54,3.576022,3.576022,1430,10.4803
8156,54,0,3.449627,3.449627,1472,10.8259
8157,0,25,1.933290,1.933290,1452,10.6794
8158,25,29,2.526605,2.526605,1462,10.6412
8159,29,11,2.498085,2.498085,1458,10.6038
8160,11,45,2.877591,2.877591,1444,10.5429
8161,45,62,4.608694,4.608694,1464,10.6344
8162,62,20,4.296958,4.296958,1453,10.7785
8163,20,10,2.024164,2.024164,999,8.8080
8164,10,21,5.059271,5.059271,689,6.8409
8165,21,9,3.845167,3.845167,1448,10.6183
8166,9,15,2.566887,2.566887,1460,10.5868
8167,15,49,2.216074,2.216074,758,6.4059
8168,49,43,3.637599,3.637599,989,8.8744
8169,43,51,4.844306,4.844306,1392,10.6446
8170,51,16,2.340202,2.340202,1468,10.6971
8171,16,23,3.707155,3.707155,1453,10.6973
8172,23,0,4.252040,4.252040,1490,10.6162
8173,0,25,1.860178,1.860178,1470,10.7742
8174,25,29,2.476028,2.476028,1470,10.7276
8175,29,11,2.379763,2.379763,1483,10.6193
8176,11,42,2.283479,2.283479,1448,10.5977
8177,42,0,3.525675,3.525675,1464,10.6907
8178,0,25,1.805239,1.805239,1466,10.6150
8179,25,2,3.811895,3.811895,1478,10.5371
8180,2,45,3.466447,3.466447,1472,10.7258
8181,45,62,4.384464,4.384464,1455,10.6391
8182,62,20,4.271026,4.271026,1486,10.6809
8183,20,10,1.993146,1.993146,1341,10.1851
8184,10,2,3.957422,3.957422,1464,10.6931
8185,2,12,2.682785,2.682785,1463,10.5587
8186,12,20,3.144323,3.144323,1470,10.6508
8187,20,10,1.976186,1.976186,1473,10.6275
8188,10,2,3.779885,3.779885,1493,10.6957
8189,2,12,2.560048,2.560048,1452,10.6015
8190,12,35,2.778837,2.778837,1456,10.5786
8191,35,0,3.395370,3.395370,1470,10.7510
8192,0,25,1.758112,1.758112,1475,10.6524
8193,25,36,2.413517,2.413517,1453,10.6182
8194,36,34,4.595472,4.595472,1454,10.6145
8195,34,35,4.478507,4.478507,1449,10.6826
8196,35,53,4.037359,4.037359,1455,10.5883
8197,53,11,4.569716,4.569716,1470,10.7597
8198,11,45,2.825989,2.825989,1464,10.6593
8199,45,63,3.210458,3.210458,1437,10.7257
8200,63,6,4.271003,4.271003,1472,10.8106
8201,6,32,2.714566,2.714566,1473,10.8127
8202,32,9,2.651886,2.651886,1335,10.3360
8203,9,15,2.461731,2.461731,1474,10.6599
8204,15,19,4.198168,4.198168,1462,10.7731
8205,19,24,2.802881,2.802881,1455,10.5691
8206,24,4,3.208639,3.208639,1366,10.3256
8207,4,23,4.035190,4.035190,996,8.4206
8208,23,29,1.821190,1.821190,1453,10.8562
8209,29,48,2.851074,2.851074,1457,10.5833
8210,48,25,3.548244,3.548244,1466,10.7481
8211,25,36,2.260721,2.260721,1450,10.7461
8212,36,29,2.402164,2.402164,1462,10.6385
8213,29,11,2.452635,2.452635,1451,10.5726
8214,11,45,2.745457,2.745457,1422,10.5120
8215,45,63,3.122452,3.122452,1451,10.6063
8216,63,18,3.057807,3.057807,1450,10.6419
8217,18,38,3.407420,3.407420,1469,10.7054
8218,38,2,3.231179,3.231179,1481,10.7667
8219,2,45,3.525459,3.525459,1464,10.6160
8220,45,63,2.952243,2.952243,960,7.6079
8221,63,6,4.293736,4.293736,1390,10.3925
8222,6,22,5.084815,5.084815,1237,9.9571
8223,22,20,4.726757,4.726757,1407,10.5591
8224,20,3,4.090413,4.090413,1287,9.9970
8225,3,41,2.885587,2.885587,1250,9.5809
8226,41,6,3.205386,3.205386,1427,10.6764
8227,6,32,2.690998,2.690998,1458,10.7537
8228,32,9,2.548746,2.548746,1460,10.6743
8229,9,44,4.229003,4.229003,1387,10.4864
8230,44,35,5.200595,5.200595,1294,10.2150
8231,35,8,2.667559,2.667559,1458,10.6847
8232,8,41,2.712403,2.712403,1492,10.6096
8233,41,6,3.090557,3.090557,1449,10.7223
8234,6,56,3.188480,3.188480,1452,10.6460
8235,56,34,2.124549,2.124549,1455,10.5933
8236,34,40,2.549526,2.549526,1458,10.6430
8237,40,21,4.905969,4.905969,1466,10.6990
8238,21,48,2.645749,2.645749,1476,10.6398
8239,48,25,3.438430,3.438430,1447,10.7545
8240,25,36,2.161954,2.161954,1462,10.5789
8241,36,34,4.597134,4.597134,1476,10.5945
8242,34,40,2.411483,2.411483,1423,10.5143
8243,40,57,3.017135,3.017135,1476,10.6334
8244,57,32,4.975645,4.975645,1432,10.6224
8245,32,61,3.798575,3.798575,1476,10.6913
8246,61,33,2.806101,2.806101,1496,10.5702
8247,33,55,3.029318,3.029318,900,8.1193
8248,55,42,5.244047,5.244047,1057,8.6875
8249,42,54,3.389217,3.389217,1450,10.6528
8250,54,44,5.420285,5.420285,1437,10.6937
8251,44,35,5.045513,5.045513,1473,10.7230
8252,35,0,3.319911,3.319911,1462,10.6266
8253,0,25,1.864997,1.864997,1456,10.5759
8254,25,36,2.071457,2.071457,1427,10.5307
8255,36,29,2.397820,2.397820,1431,10.6095
8256,29,11,2.388400,2.388400,1479,10.6354
8257,11,42,2.460250,2.460250,1494,10.5716
8258,42,54,3.282022,3.282022,1442,10.6019
8259,54,25,2.741082,2.741082,1468,10.7549
8260,25,29,2.382917,2.382917,1441,10.5288
8261,29,23,2.633001,2.633001,1432,10.5303
8262,23,29,1.810921,1.810921,1442,10.5996
8263,29,11,2.335369,2.335369,1468,10.5822
8264,11,42,2.414214,2.414214,1456,10.6777
8265,42,54,3.181455,3.181455,1491,10.7425
8266,54,0,3.515180,3.515180,1449,10.6661
8267,0,25,1.837761,1.837761,1461,10.6636
8268,25,2,3.970571,3.970571,1462,10.6655
8269,2,12,2.522900,2.522900,1454,10.6630
8270,12,35,2.903507,2.903507,1474,10.6460
8271,35,0,3.267616,3.267616,1314,10.3724
8272,0,25,1.774538,1.774538,1478,10.7824
8273,25,36,2.185354,2.185354,1451,10.6413
8274,36,29,2.267655,2.267655,1454,10.6575
8275,29,23,2.532876,2.532876,1439,10.5436
8276,23,18,3.533215,3.533215,1465,10.6119
8277,18,18,0.750363,0.750363,1492,10.7166
8278,18,38,3.319440,3.319440,1451,10.5917
8279,38,54,4.252141,4.252141,1458,10.6002
8280,54,25,2.648674,2.648674,1446,10.6119
8281,25,2,3.852934,3.852934,1474,10.6315
8282,2,12,2.453622,2.453622,1478,10.6588
8283,12,35,2.792734,2.792734,1455,10.6872
8284,35,8,2.721472,2.721472,1456,10.6644
8285,8,41,2.647955,2.647955,1471,10.7275
8286,41,36,6.061933,6.061933,1380,10.5441
8287,36,29,2.212465,2.212465,1454,10.6173
8288,29,23,2.423293,2.423293,1479,10.5426
8289,23,18,3.424052,3.424052,1467,10.5840
8290,18,38,3.161262,3.161262,1449,10.6836
8291,38,2,3.215335,3.215335,1457,10.8775
8292,2,12,2.343777,2.343777,1456,10.6064
8293,12,35,2.683741,2.683741,1343,10.0718
8294,35,0,3.188973,3.188973,1460,10.6181
8295,0,21,4.220062,4.220062,1437,10.5348
8296,21,48,2.639371,2.639371,1451,10.5641
8297,48,51,3.103209,3.103209,1460,10.6417
8298,51,16,2.266383,2.266383,1465,10.6955
8299,16,53,4.563599,4.563599,1469,10.6745
8300,53,0,3.975261,3.975261,1467,10.6913
8301,0,21,4.037846,4.037846,1448,10.5762
8302,21,47,4.106541,4.106541,1462,10.6400
8303,47,56,2.433245,2.433245,1441,10.6482
8304,56,6,3.449567,3.449567,1438,10.5792
8305,6,56,2.966666,2.966666,1464,10.8225
8306,56,34,2.188276,2.188276,1451,10.6296
8307,34,35,4.496577,4.496577,1459,10.5776
8308,35,0,3.015671,3.015671,1443,10.5953
8309,0,25,1.885476,1.885476,1447,10.5679
8310,25,2,3.644328,3.644328,1463,10.5983
8311,2,54,3.988820,3.988820,1457,10.5768
8312,54,25,2.527481,2.527481,1461,10.6461
8313,25,36,2.392274,2.392274,1459,10.6057
8314,36,21,3.606559,3.606559,1461,10.5725
8315,21,47,4.043841,4.043841,1445,10.6045
8316,47,22,3.923498,3.923498,1461,10.5441
8317,22,47,3.281381,3.281381,1465,10.5811
8318,47,56,2.312613,2.312613,1397,10.4506
8319,56,6,3.261464,3.261464,1490,10.5499
8320,6,32,2.654036,2.654036,1455,10.5779
8321,32,9,2.477209,2.477209,1375,10.4459
8322,9,3,3.601753,3.601753,1446,10.6154
8323,3,41,2.842012,2.842012,1467,10.6124
8324,41,6,2.993354,2.993354,1452,10.6533
8325,6,32,2.547330,2.547330,1469,10.6048
8326,32,9,2.383282,2.383282,1462,10.5826
8327,9,3,3.485729,3.485729,1439,10.5477
8328,3,39,3.661190,3.661190,1469,10.6114
8329,39,44,2.901628,2.901628,1276,10.0012
8330,44,36,5.296432,5.296432,1469,10.7085
8331,36,34,4.336109,4.336109,1400,10.7018
8332,34,35,4.224892,4.224892,1447,10.6172
8333,35,53,4.173757,4.173757,1463,10.6328
8334,53,17,2.142355,2.142355,1473,10.7100
8335,17,7,3.249917,3.249917,1451,10.6537
8336,7,31,3.251378,3.251378,1471,10.7250
8337,31,54,4.445842,4.445842,1458,10.6011
8338,54,25,2.419302,2.419302,863,8.2321
8339,25,2,3.512856,3.512856,1429,10.6502
8340,2,12,2.345227,2.345227,1419,10.5020
8341,12,20,3.236274,3.236274,1422,10.7515
8342,20,10,2.007545,2.007545,1470,10.8326
8343,10,11,7.252789,7.252789,1473,10.6182
8344,11,42,2.320196,2.320196,1425,10.5609
8345,42,45,2.619697,2.619697,618,5.9181
8346,45,30,2.877226,2.877226,1369,10.3518
8347,30,31,3.822428,3.822428,1451,10.6072
8348,31,12,3.862959,3.862959,1465,10.7059
8349,12,20,3.082760,3.082760,1440,10.6133
8350,20,10,1.977606,1.977606,1462,10.6919
8351,10,2,3.938125,3.938125,1441,10.5331
8352,2,54,3.878510,3.878510,1434,10.5830
8353,54,25,2.311873,2.311873,1166,9.3267
8354,25,29,2.477329,2.477329,1452,10.6081
8355,29,11,2.585567,2.585567,1459,10.6831
8356,11,45,2.843230,2.843230,1446,10.5739
8357,45,63,2.944190,2.944190,1472,10.5703
8358,63,18,3.155874,3.155874,1444,10.5711
8359,18,18,0.742495,0.742495,1446,10.5368
8360,18,38,3.076907,3.076907,1464,10.6170
8361,38,50,3.179670,3.179670,1467,10.8350
8362,50,33,3.287082,3.287082,1468,10.7653
8363,33,11,6.342985,6.342985,1435,10.5925
8364,11,45,2.698681,2.698681,1404,10.5863
8365,45,30,2.917285,2.917285,1435,10.6639
8366,30,31,3.751319,3.751319,1437,10.5747
8367,31,12,3.699161,3.699161,1416,10.5915
8368,12,35,2.763681,2.763681,1451,10.6872
8369,35,53,4.056335,4.056335,1464,10.7113
8370,53,17,2.129123,2.129123,1449,10.6176
8371,17,7,3.119758,3.119758,1410,10.6346
8372,7,22,3.577595,3.577595,1462,10.7651
8373,22,35,4.488473,4.488473,1475,10.7804
8374,35,0,2.967688,2.967688,1463,10.6455
8375,0,60,4.232487,4.232487,1478,10.6273
8376,60,38,3.144483,3.144483,1455,10.6237
8377,38,2,3.180851,3.180851,1190,9.3033
8378,2,12,2.383931,2.383931,1453,10.6100
8379,12,20,2.991577,2.991577,1456,10.6111
8380,20,3,4.216063,4.216063,1466,10.6657
8381,3,39,3.547579,3.547579,1110,9.3317
8382,39,59,3.731871,3.731871,1090,8.9584
8383,59,26,3.072062,3.072062,1439,10.5587
8384,26,43,3.608088,3.608088,1455,10.6912
8385,43,11,5.073915,5.073915,1466,10.7352
8386,11,24,4.244500,4.244500,1470,10.6941
8387,24,0,4.947334,4.947334,1469,10.7212
8388,0,60,4.061266,4.061266,1457,10.5878
8389,60,38,3.100993,3.100993,1287,9.9739
8390,38,54,4.020583,4.020583,1445,10.9406
8391,54,25,2.316425,2.316425,1453,10.7490
8392,25,2,3.453371,3.453371,1422,10.5456
8393,2,45,3.502310,3.502310,1458,10.7318
8394,45,30,2.778778,2.778778,1411,10.4921
8395,30,46,2.979574,2.979574,1479,10.7451
8396,46,47,2.698565,2.698565,1468,10.6764
8397,47,51,3.283188,3.283188,1470,10.6440
8398,51,29,3.712203,3.712203,1465,10.6394
8399,29,11,2.624643,2.624643,1484,10.6721
8400,11,42,2.376047,2.376047,1457,10.5632
8401,42,54,3.332357,3.332357,1460,10.6279
8402,54,25,2.249345,2.249345,1449,10.5645
8403,25,29,2.517485,2.517485,1459,10.5637
8404,29,48,2.958056,2.958056,1454,10.5834
8405,48,51,3.027798,3.027798,1441,10.5716
8406,51,29,3.529511,3.529511,1454,10.5740
8407,29,11,2.521250,2.521250,1471,10.6529
8408,11,45,2.743201,2.743201,1437,10.6045
8409,45,63,3.006806,3.006806,1457,10.6068
8410,63,6,4.362036,4.362036,1446,10.6082
8411,6,32,2.496944,2.496944,1361,10.3535
8412,32,9,2.285487,2.285487,1437,10.5830
8413,9,44,4.247950,4.247950,1217,9.8725
8414,44,35,5.153804,5.153804,1457,10.7464
8415,35,53,3.812309,3.812309,1371,10.5080
8416,53,17,2.115173,2.115173,1453,10.7753
8417,17,7,2.988008,2.988008,1369,10.4491
8418,7,22,3.450549,3.450549,1479,10.7226
8419,22,35,4.389521,4.389521,1444,10.6392
8420,35,0,2.990078,2.990078,1468,10.6581
8421,0,60,3.912894,3.912894,1443,10.5355
8422,60,38,3.060121,3.060121,1440,10.8697
8423,38,50,3.134189,3.134189,1454,10.6058
8424,50,53,3.832585,3.832585,1263,10.2241
8425,53,11,4.733499,4.733499,1465,10.6872
8426,11,42,2.353725,2.353725,1020,8.3208
8427,42,45,2.381474,2.381474,1459,10.6716
8428,45,63,2.900712,2.900712,1477,10.6641
8429,63,47,4.812854,4.812854,1472,10.6457
8430,47,51,3.113243,3.113243,1024,8.1537
8431,51,16,2.340413,2.340413,1462,10.6032
8432,16,23,3.694120,3.694120,1453,10.5750
8433,23,29,1.983348,1.983348,1478,10.6703
8434,29,48,2.777321,2.777321,1468,10.5948
8435,48,6,4.201980,4.201980,1466,10.6031
8436,6,32,2.437069,2.437069,1456,10.6617
8437,32,27,3.798000,3.798000,1471,10.6237
8438,27,20,4.449137,4.449137,1423,10.5468
8439,20,3,3.964217,3.964217,437,6.0922
8440,3,39,3.446095,3.446095,1428,10.6534
8441,39,15,3.293814,3.293814,1440,10.6951
8442,15,49,2.212670,2.212670,1479,10.7702
8443,49,48,6.432024,6.432024,1468,10.6156
8444,48,6,3.972776,3.972776,1408,10.6472
8445,6,56,2.980263,2.980263,1455,10.6291
8446,56,1,3.121089,3.121089,1463,10.6271
8447,1,47,2.306265,2.306265,1462,10.6467
8448,47,22,3.895341,3.895341,1461,10.6720
8449,22,20,4.853746,4.853746,1470,10.6855
8450,20,3,3.825447,3.825447,1393,10.5515
8451,3,41,2.837692,2.837692,1456,10.6483
8452,41,6,3.092450,3.092450,1447,10.5994
8453,6,56,2.870292,2.870292,1465,10.6797
8454,56,6,2.970399,2.970399,1463,10.7130
8455,6,32,2.413498,2.413498,1490,10.6587
8456,32,9,2.283425,2.283425,1429,10.5749
8457,9,15,2.653064,2.653064,1428,10.5024
8458,15,49,2.200929,2.200929,1459,10.5635
8459,49,50,3.924612,3.924612,1438,10.5326
8460,50,53,3.685311,3.685311,1409,10.5996
8461,53,17,2.068312,2.068312,1443,10.6530
8462,17,7,2.865796,2.865796,1445,10.5882
8463,7,31,3.317398,3.317398,1470,10.5492
8464,31,54,4.332511,4.332511,1469,10.6643
8465,54,25,2.217842,2.217842,904,8.5554
8466,25,36,2.695685,2.695685,1448,10.6313
8467,36,29,2.357619,2.357619,1418,10.5118
8468,29,11,2.543702,2.543702,1475,10.6869
8469,11,24,4.277505,4.277505,1458,10.7787
8470,24,0,4.835919,4.835919,1430,10.6958
8471,0,60,3.759088,3.759088,1472,10.7303
8472,60,38,3.008195,3.008195,1444,10.8507
8473,38,2,2.958804,2.958804,1474,10.5975
8474,2,12,2.381449,2.381449,1446,10.5685
8475,12,35,3.016043,3.016043,1423,10.8082
8476,35,8,2.834549,2.834549,1476,10.6813
8477,8,41,2.631833,2.631833,1451,10.7566
8478,41,30,4.929757,4.929757,1459,10.6361
8479,30,46,2.847607,2.847607,1455,10.7101
8480,46,1,4.002286,4.002286,1446,10.6448
8481,1,47,2.159684,2.159684,1443,10.6314
8482,47,22,3.719479,3.719479,1466,10.6151
8483,22,47,3.131208,3.131208,1447,10.6153
8484,47,56,2.398298,2.398298,1441,10.5744
8485,56,34,2.441576,2.441576,1470,10.6080
8486,34,35,4.029256,4.029256,1456,10.5370
8487,35,8,2.704986,2.704986,1450,10.6646
8488,8,41,2.590547,2.590547,1454,10.7169
8489,41,36,5.758686,5.758686,1466,10.6094
8490,36,34,4.010021,4.010021,1413,10.4665
8491,34,40,2.472470,2.472470,1471,10.6260
8492,40,57,2.835643,2.835643,1471,10.6674
8493,57,59,4.084597,4.084597,1192,9.6305
8494,59,10,4.193927,4.193927,1455,10.7134
8495,10,21,4.893285,4.893285,1454,10.5907
8496,21,48,2.778882,2.778882,1472,10.5867
8497,48,51,3.003038,3.003038,1424,10.6173
8498,51,16,2.270541,2.270541,1456,10.6674
8499,16,21,4.694144,4.694144,1463,10.7133
8500,21,48,2.637430,2.637430,1454,10.6991
8501,48,25,3.720579,3.720579,1390,10.5509
8502,25,29,2.409650,2.409650,1450,10.6351
8503,29,11,2.417111,2.417111,1417,10.5501
8504,11,42,2.397007,2.397007,1474,10.5918
8505,42,54,3.313565,3.313565,1454,10.7095
8506,54,0,3.831236,3.831236,1476,10.7421
8507,0,21,3.953124,3.953124,1457,10.6667
8508,21,47,3.920978,3.920978,1461,10.6106
8509,47,51,3.107322,3.107322,1468,10.6972
8510,51,29,3.504188,3.504188,1457,10.6006
8511,29,11,2.274695,2.274695,1442,10.6088
8512,11,42,2.328769,2.328769,1463,10.6762
8513,42,0,4.019850,4.019850,1472,10.5971
8514,0,25,2.171154,2.171154,1449,10.7279
8515,25,29,2.431939,2.431939,1454,10.6045
8516,29,48,2.835078,2.835078,1484,10.5870
8517,48,6,4.014321,4.014321,1447,10.5760
8518,6,56,2.745355,2.745355,1477,10.6397
8519,56,34,2.416612,2.416612,1444,10.6416
8520,34,7,4.175231,4.175231,1449,10.5960
8521,7,31,3.181407,3.181407,1461,10.8421
8522,31,12,3.811408,3.811408,1466,10.5939
8523,12,35,2.912786,2.912786,1396,10.4395
8524,35,8,2.641576,2.641576,1469,10.7356
8525,8,52,4.124320,4.124320,1456,10.7595
8526,52,22,3.639046,3.639046,1263,10.0736
8527,22,47,3.102050,3.102050,1449,10.6299
8528,47,22,3.385504,3.385504,1477,10.6650
8529,22,47,2.856095,2.856095,1469,10.7289
8530,47,56,2.330535,2.330535,1477,10.5829
8531,56,1,3.171137,3.171137,1452,10.5832
8532,1,32,3.397433,3.397433,1424,10.5551
8533,32,9,2.220973,2.220973,1455,10.6016
8534,9,3,3.590412,3.590412,1471,10.6171
8535,3,41,2.788612,2.788612,1450,10.6935
8536,41,36,5.537480,5.537480,1488,10.5954
8537,36,34,3.818388,3.818388,1180,9.4424
8538,34,40,2.443832,2.443832,1453,10.6619
8539,40,57,2.792212,2.792212,1456,10.6643
8540,57,32,4.896670,4.896670,1434,10.5890
8541,32,9,2.099405,2.099405,1465,10.5950
8542,9,15,2.582963,2.582963,1472,10.5737
8543,15,19,4.013887,4.013887,1476,10.5671
8544,19,51,4.925825,4.925825,1488,10.5762
8545,51,51,1.344769,1.344769,1472,10.7207
8546,51,29,3.459428,3.459428,1431,10.5770
8547,29,23,2.703167,2.703167,1386,10.4523
8548,23,29,1.963311,1.963311,1475,10.6036
8549,29,11,2.249941,2.249941,867,7.0736
8550,11,42,2.295374,2.295374,1359,10.3457
8551,42,54,3.262794,3.262794,1478,10.5916
8552,54,25,2.264658,2.264658,1467,10.6209
8553,25,36,2.958490,2.958490,1446,10.6922
8554,36,29,2.545070,2.545070,1436,10.6467
8555,29,11,2.151732,2.151732,1447,10.7301
8556,11,45,2.962919,2.962919,1460,10.7229
8557,45,63,2.825384,2.825384,1443,10.6911
8558,63,6,4.307721,4.307721,1448,10.6242
8559,6,56,2.707157,2.707157,1461,10.6308
8560,56,1,3.072986,3.072986,1461,10.6139
8561,1,47,2.102307,2.102307,1456,10.6502
8562,47,56,2.282718,2.282718,1456,10.6602
8563,56,1,2.908283,2.908283,1338,10.2527
8564,1,47,2.008109,2.008109,1417,10.4770
8565,47,22,3.234606,3.234606,1460,10.6509
8566,22,35,4.355916,4.355916,1464,10.6074
8567,35,53,3.893282,3.893282,1463,10.6288
8568,53,11,4.833993,4.833993,1458,10.6422
8569,11,42,2.261738,2.261738,1480,10.7593
8570,42,54,3.150460,3.150460,1450,10.6145
8571,54,0,3.679979,3.679979,1474,10.6278
8572,0,25,2.110653,2.110653,1459,10.6358
8573,25,29,2.464846,2.464846,1452,10.6551
8574,29,23,2.692870,2.692870,1472,10.6163
8575,23,18,3.312586,3.312586,1461,10.6688
8576,18,12,3.985841,3.985841,1472,10.5796
8577,12,35,2.900029,2.900029,1442,10.6767
8578,35,53,3.781239,3.781239,1450,10.7113
8579,53,17,2.124461,2.124461,1435,10.6202
8580,17,7,2.816558,2.816558,1466,10.6645
8581,7,31,3.063005,3.063005,1420,10.7714
8582,31,30,3.572788,3.572788,1449,10.6054
8583,30,31,3.645164,3.645164,1470,10.8264
8584,31,12,3.803009,3.803009,1445,10.6015
8585,12,35,2.751043,2.751043,1455,10.6197
8586,35,53,3.675250,3.675250,1461,10.6769
8587,53,17,2.121645,2.121645,1461,10.6139
8588,17,1,4.758472,4.758472,1448,10.5967
8589,1,47,1.961474,1.961474,1468,10.6751
8590,47,56,2.222759,2.222759,1454,10.6047
8591,56,1,2.805862,2.805862,1450,10.6422
8592,1,32,3.356886,3.356886,1472,10.5672
8593,32,9,2.054794,2.054794,1437,10.5947
8594,9,15,2.458153,2.458153,1470,10.5807
8595,15,49,2.286021,2.286021,1449,10.6838
8596,49,43,3.562587,3.562587,1475,10.7881
8597,43,11,5.256632,5.256632,880,8.1457
8598,11,42,2.151891,2.151891,853,8.0386
8599,42,0,3.832530,3.832530,1316,10.1742
8600,0,25,2.028776,2.028776,1456,10.6338
8601,25,2,3.454657,3.454657,1438,10.6522
8602,2,54,3.814195,3.814195,1405,10.7049
8603,54,0,3.416390,3.416390,1447,10.6240
8604,0,21,4.005650,4.005650,1462,10.6658
8605,21,9,4.327506,4.327506,1515,10.5998
8606,9,15,2.361335,2.361335,1447,10.6124
8607,15,49,2.267921,2.267921,1421,10.5221
8608,49,50,3.883520,3.883520,1305,10.0207
8609,50,53,3.726398,3.726398,907,7.6668
8610,53,17,2.046313,2.046313,1471,10.7945
8611,17,1,4.603209,4.603209,1456,10.6776
8612,1,32,3.245671,3.245671,1469,10.6935
8613,32,9,2.096063,2.096063,1461,10.6746
8614,9,3,3.600210,3.600210,1433,10.5061
8615,3,39,3.502906,3.502906,1471,10.6223
8616,39,59,3.684628,3.684628,1454,10.7172
8617,59,10,4.053025,4.053025,1459,10.5983
8618,10,2,3.963020,3.963020,1472,10.6421
8619,2,12,2.481514,2.481514,1412,10.6354
8620,12,35,2.657180,2.657180,1437,10.6657
8621,35,53,3.629966,3.629966,1465,10.6340
8622,53,17,2.038176,2.038176,1466,10.7145
8623,17,2,4.973021,4.973021,1444,10.6854
8624,2,45,3.541538,3.541538,1481,10.6957
8625,45,63,2.711712,2.711712,1425,10.5580
8626,63,47,5.161880,5.161880,1472,10.6479
8627,47,51,3.133635,3.133635,1474,10.7007
8628,51,29,3.454039,3.454039,1494,10.6701
8629,29,23,2.494762,2.494762,1458,10.6352
8630,23,29,1.911771,1.911771,1447,10.6862
8631,29,11,2.395030,2.395030,591,4.8133
8632,11,45,2.906426,2.906426,1458,10.6537
8633,45,63,2.650849,2.650849,1473,10.7603
8634,63,18,3.366385,3.366385,1460,10.5673
8635,18,12,3.833700,3.833700,1394,10.4549
8636,12,20,3.186721,3.186721,1437,10.6832
8637,20,10,2.173410,2.173410,1386,10.6493
8638,10,2,3.816829,3.816829,1443,10.5420
8639,2,45,3.451699,3.451699,1459,10.6946
8640,45,30,3.232869,3.232869,1473,10.7771
8641,30,31,3.578198,3.578198,1478,10.7285
8642,31,54,4.257206,4.257206,1447,10.6793
8643,54,25,2.261080,2.261080,1449,11.0038
8644,25,2,3.534994,3.534994,1460,10.6869
8645,2,12,2.440151,2.440151,1451,10.7013
8646,12,20,3.056284,3.056284,1451,10.7147
8647,20,10,2.150080,2.150080,1457,10.7408
8648,10,2,3.711110,3.711110,1456,10.6417
8649,2,54,3.888099,3.888099,1459,10.6342
8650,54,25,2.125946,2.125946,1459,10.6639
8651,25,29,2.554914,2.554914,1475,10.6438
8652,29,48,2.882665,2.882665,1463,10.6634
8653,48,51,3.109223,3.109223,1461,10.6114
8654,51,16,2.349316,2.349316,1448,10.7112
8655,16,53,5.026661,5.026661,1408,10.4975
8656,53,11,4.705108,4.705108,1469,10.6824
8657,11,45,2.774434,2.774434,1482,10.6361
8658,45,63,2.638202,2.638202,1476,10.6608
8659,63,18,3.290871,3.290871,1437,10.5559
8660,18,12,3.645195,3.645195,1470,10.7521
8661,12,20,2.953498,2.953498,1447,10.6500
8662,20,10,2.124597,2.124597,1451,10.7711
8663,10,11,7.161459,7.161459,1457,10.5868
8664,11,45,2.595423,2.595423,1416,10.6306
8665,45,63,2.570587,2.570587,1466,10.6416
8666,63,18,3.221471,3.221471,1458,10.5879
8667,18,18,0.832649,0.832649,1461,10.5914
8668,18,12,3.549354,3.549354,1460,10.5706
8669,12,35,2.789641,2.789641,1474,10.7372
8670,35,8,2.816890,2.816890,1481,10.7374
8671,8,41,2.632472,2.632472,1427,10.5914
8672,41,6,3.239828,3.239828,1315,10.1474
8673,6,56,2.690002,2.690002,1464,10.7028
8674,56,1,2.774320,2.774320,1471,10.6362
8675,1,19,4.772071,4.772071,1463,10.7895
8676,19,24,2.787793,2.787793,523,5.1857
8677,24,0,4.564314,4.564314,1434,10.6529
8678,0,21,3.859935,3.859935,1396,10.5104
8679,21,48,2.699218,2.699218,1459,10.6374
8680,48,6,3.926895,3.926895,1451,10.6911
8681,6,22,4.931413,4.931413,1462,10.6844
8682,22,20,4.899879,4.899879,1480,10.8455
8683,20,3,3.939751,3.939751,1201,9.7797
8684,3,39,3.395107,3.395107,1427,10.6890
8685,39,44,2.839884,2.839884,1339,10.2935
8686,44,35,5.271761,5.271761,1416,10.5523
8687,35,0,3.586933,3.586933,1453,10.6553
8688,0,25,2.077410,2.077410,1458,10.6069
8689,25,36,3.098796,3.098796,1449,10.6264
8690,36,34,3.749861,3.749861,1447,10.6051
8691,34,35,3.976496,3.976496,1441,10.6138
8692,35,8,2.685556,2.685556,1460,10.6170
8693,8,41,2.591498,2.591498,1468,10.6617
8694,41,6,3.176246,3.176246,1464,10.7177
8695,6,32,2.847901,2.847901,1469,10.7166
8696,32,9,2.037967,2.037967,1446,10.6339
8697,9,44,4.353680,4.353680,1489,10.5905
8698,44,35,5.143787,5.143787,1420,10.5378
8699,35,53,3.589206,3.589206,1459,10.6146
8700,53,11,4.552475,4.552475,1437,10.6149
8701,11,42,2.351262,2.351262,1472,10.8743
8702,42,45,2.388209,2.388209,1245,9.7914
8703,45,30,3.335721,3.335721,1426,10.6517
8704,30,31,3.514269,3.514269,1466,10.6166
8705,31,54,4.067997,4.067997,1441,10.5989
8706,54,0,3.410532,3.410532,1491,10.7961
8707,0,60,3.968595,3.968595,1455,10.6272
8708,60,38,3.010002,3.010002,1467,10.6380
8709,38,50,3.130503,3.130503,1469,10.6422
8710,50,54,4.401021,4.401021,1433,10.6408
8711,54,25,2.173282,2.173282,1452,10.6533
8712,25,36,2.969650,2.969650,1472,10.5850
8713,36,34,3.682321,3.682321,1453,10.5959
8714,34,35,3.824708,3.824708,1467,10.7927
8715,35,8,2.589548,2.589548,1448,10.6152
8716,8,41,2.544652,2.544652,1452,10.5973
8717,41,36,5.378488,5.378488,1455,10.6501
8718,36,21,3.322793,3.322793,1442,10.5295
8719,21,48,2.621829,2.621829,1453,10.5753
8720,48,51,3.027081,3.027081,1459,10.5911
8721,51,16,2.264217,2.264217,722,6.1142
8722,16,23,3.622765,3.622765,1466,10.7089
8723,23,18,3.249446,3.249446,1463,10.6685
8724,18,38,3.341083,3.341083,1422,10.6057
8725,38,50,3.038313,3.038313,1459,10.6748
8726,50,54,4.206043,4.206043,1260,9.8293
8727,54,0,3.347160,3.347160,1240,9.6837
8728,0,25,1.963114,1.963114,1452,10.6350
8729,25,36,2.950288,2.950288,1457,10.5696
8730,36,34,3.560033,3.560033,1473,10.5874
8731,34,40,2.402292,2.402292,1471,10.6245
8732,40,57,2.681430,2.681430,1465,10.7215
8733,57,32,4.785863,4.785863,1201,9.6806
8734,32,27,3.691093,3.691093,1359,10.2504
8735,27,20,4.429871,4.429871,1448,10.6249
8736,20,10,2.051164,2.051164,1469,10.8347
8737,10,2,3.534641,3.534641,1153,9.6834
8738,2,45,3.560878,3.560878,1447,10.6166
8739,45,30,3.171434,3.171434,1478,10.7061
8740,30,46,3.008596,3.008596,1481,10.6625
8741,46,47,2.924905,2.924905,1438,10.7494
8742,47,22,3.243778,3.243778,1458,10.6387
8743,22,35,4.409489,4.409489,1455,10.7421
8744,35,53,3.493704,3.493704,1442,10.6017
8745,53,17,2.079634,2.079634,1467,10.6272
8746,17,7,2.826174,2.826174,1471,10.7378
8747,7,31,3.137192,3.137192,1432,10.6501
8748,31,54,4.161696,4.161696,1465,10.6288
8749,54,25,2.138640,2.138640,1208,9.8167
8750,25,36,2.830438,2.830438,1436,10.6118
8751,36,29,2.729918,2.729918,1472,10.5966
8752,29,48,2.632464,2.632464,1433,10.6840
8753,48,51,2.934651,2.934651,1455,10.6807
8754,51,29,3.295960,3.295960,1464,10.6757
8755,29,23,2.492364,2.492364,1453,10.5711
8756,23,18,3.179095,3.179095,1460,10.6438
8757,18,12,3.498853,3.498853,1457,10.6925
8758,12,35,3.110114,3.110114,1450,10.6701
8759,35,0,3.625453,3.625453,1465,10.7064
8760,0,25,1.951307,1.951307,1454,10.5838
8761,25,36,2.712652,2.712652,1444,10.5432
8762,36,34,3.591509,3.591509,1462,10.5569
8763,34,7,4.103948,4.103948,1496,10.6313
8764,7,31,3.004965,3.004965,1433,10.6753
8765,31,30,3.382487,3.382487,1443,10.5742
8766,30,31,3.461977,3.461977,1442,10.5618
8767,31,12,4.174024,4.174024,1472,10.6009
8768,12,35,2.949581,2.949581,1462,10.7175
8769,35,53,3.430213,3.430213,1467,10.7910
8770,53,11,4.441078,4.441078,1468,10.6579
8771,11,42,2.403348,2.403348,1468,10.7075
8772,42,45,2.434987,2.434987,1455,10.6590
8773,45,30,3.101910,3.101910,1431,10.7336
8774,30,46,2.965267,2.965267,1450,10.6088
8775,46,46,1.063046,1.063046,1426,10.6136
8776,46,1,3.926547,3.926547,1455,10.5350
8777,1,32,3.169701,3.169701,1446,10.6493
8778,32,27,3.534965,3.534965,1394,10.4768
8779,27,53,5.177946,5.177946,1242,10.0649
8780,53,11,4.335702,4.335702,1439,10.6377
8781,11,42,2.363872,2.363872,1366,10.4112
8782,42,54,3.478251,3.478251,1374,10.3591
8783,54,25,2.102605,2.102605,1473,10.5409
8784,25,2,3.788874,3.788874,1448,10.7902
8785,2,45,3.449431,3.449431,1425,10.5390
8786,45,30,2.965536,2.965536,1446,10.6376
8787,30,31,3.545355,3.545355,1469,10.5887
8788,31,12,4.000383,4.000383,1457,10.6093
8789,12,20,3.152616,3.152616,1461,10.5660
8790,20,10,2.037884,2.037884,1472,10.7080
8791,10,21,4.918220,4.918220,17,2.6586
8792,21,9,4.366285,4.366285,1434,10.6540
8793,9,15,2.406223,2.406223,1451,10.6484
8794,15,19,4.027851,4.027851,1258,9.9523
8795,19,24,2.707985,2.707985,1435,10.5396
8796,24,4,3.110902,3.110902,1051,8.8303
8797,4,23,3.937738,3.937738,1296,9.9915
8798,23,29,2.089785,2.089785,1421,10.5591
8799,29,11,2.968716,2.968716,1235,10.1145
8800,11,42,2.306222,2.306222,1016,8.1459
8801,42,54,3.348349,3.348349,1462,10.6279
8802,54,0,3.410545,3.410545,1473,10.6590
8803,0,25,1.931477,1.931477,1449,10.6392
8804,25,2,3.617751,3.617751,1449,10.5057
8805,2,12,2.718661,2.718661,1480,10.6436
8806,12,43,5.336616,5.336616,1459,10.7862
8807,43,11,4.927757,4.927757,1443,10.6017
8808,11,45,2.608160,2.608160,1479,10.6047
8809,45,62,4.706770,4.706770,1467,10.6885
8810,62,60,3.768792,3.768792,1427,10.6228
8811,60,38,2.985847,2.985847,1438,10.5902
8812,38,50,2.910583,2.910583,1455,10.6708
8813,50,53,3.887388,3.887388,1404,10.3878
8814,53,17,2.121252,2.121252,1478,10.7283
8815,17,7,2.772650,2.772650,1407,10.5793
8816,7,22,3.576563,3.576563,1006,8.9245
8817,22,20,4.840687,4.840687,1303,10.1190
8818,20,10,1.989409,1.989409,1480,10.7075
8819,10,11,6.835534,6.835534,1450,10.5627
8820,11,42,2.305478,2.305478,1415,10.6044
8821,42,45,2.379483,2.379483,1390,10.3999
8822,45,63,2.830074,2.830074,1420,10.5672
8823,63,6,4.372754,4.372754,1474,10.8490
8824,6,32,2.880581,2.880581,1412,10.5577
8825,32,9,2.104213,2.104213,1470,10.6487
8826,9,15,2.317003,2.317003,1431,10.6783
8827,15,19,3.930336,3.930336,1430,10.5426
8828,19,51,4.895021,4.895021,1456,10.6806
8829,51,16,2.172081,2.172081,1459,10.6243
8830,16,21,4.759710,4.759710,1473,10.6994
8831,21,48,2.625324,2.625324,1468,10.6689
8832,48,51,2.920866,2.920866,1472,10.6316
8833,51,29,3.155005,3.155005,1466,10.7316
8834,29,11,3.066929,3.066929,1438,10.6385
8835,11,42,2.257299,2.257299,1437,10.5272
8836,42,54,3.271467,3.271467,1448,10.5976
8837,54,25,2.098300,2.098300,666,6.0105
8838,25,29,3.037659,3.037659,1469,10.8467
8839,29,11,2.923850,2.923850,1438,10.7172
8840,11,42,2.192854,2.192854,1492,10.6266
8841,42,45,2.339936,2.339936,1448,10.5846
8842,45,63,2.744381,2.744381,1473,10.9406
8843,63,6,4.279209,4.279209,1474,10.6594
8844,6,32,2.850879,2.850879,1467,10.6861
8845,32,61,4.231219,4.231219,1438,10.6160
8846,61,33,2.765049,2.765049,1050,9.4301
8847,33,11,6.164978,6.164978,1079,8.9644
8848,11,24,4.251385,4.251385,1482,10.6963
8849,24,4,3.022448,3.022448,1426,10.5789
8850,4,23,3.768676,3.768676,1372,10.7187
8851,23,29,2.092834,2.092834,1461,10.6637
8852,29,23,2.503887,2.503887,1488,10.6021
8853,23,29,1.931786,1.931786,1480,10.6649
8854,29,11,2.942542,2.942542,1444,10.6227
8855,11,24,4.182562,4.182562,1438,10.5105
8856,24,4,2.954433,2.954433,1465,10.5862
8857,4,6,6.095242,6.095242,1460,10.6472
8858,6,56,2.842330,2.842330,1343,10.4491
8859,56,1,2.672329,2.672329,1117,8.5691
8860,1,32,3.074616,3.074616,1443,10.5454
8861,32,61,4.060710,4.060710,1409,10.4817
8862,61,33,2.756932,2.756932,1349,10.1696
8863,33,18,5.356936,5.356936,1479,10.7143
8864,18,38,3.142656,3.142656,1403,10.5852
8865,38,2,3.275144,3.275144,653,6.0175
8866,2,54,3.958905,3.958905,1447,10.7508
8867,54,0,3.339119,3.339119,1381,10.5736
8868,0,21,3.994373,3.994373,1451,10.7157
8869,21,47,3.984934,3.984934,1459,10.6568
8870,47,56,2.426159,2.426159,1443,10.6074
8871,56,34,2.987956,2.987956,1453,10.6855
8872,34,40,2.396454,2.396454,1448,10.7982
8873,40,25,5.344699,5.344699,1477,10.6520
8874,25,36,2.737723,2.737723,1468,10.6444
8875,36,21,3.417460,3.417460,1451,10.6775
8876,21,9,4.372907,4.372907,1443,10.6050
8877,9,44,4.191729,4.191729,1456,10.6772
8878,44,35,5.060628,5.060628,1435,10.5923
8879,35,53,3.326748,3.326748,1458,10.6771
8880,53,0,3.837816,3.837816,1461,10.6694
8881,0,25,2.034761,2.034761,1031,8.7703
8882,25,2,3.483519,3.483519,1251,9.9032
8883,2,45,3.421261,3.421261,1456,10.6656
8884,45,30,3.053850,3.053850,1449,10.5836
8885,30,46,2.942355,2.942355,1036,8.4014
8886,46,47,3.026938,3.026938,1480,10.6707
8887,47,22,3.221872,3.221872,1438,10.6392
8888,22,35,4.451515,4.451515,1458,10.6353
8889,35,0,3.595478,3.595478,1455,10.6548
8890,0,25,1.992554,1.992554,1458,10.7039
8891,25,29,2.941481,2.941481,1495,10.6657
8892,29,11,2.794086,2.794086,1446,10.6894
8893,11,42,2.253921,2.253921,1497,10.6942
8894,42,0,3.715092,3.715092,1442,10.6639
8895,0,21,3.807935,3.807935,1475,10.6522
8896,21,9,4.324900,4.324900,1430,10.6109
8897,9,3,3.535305,3.535305,1447,10.6860
8898,3,39,3.328473,3.328473,1328,10.4252
8899,39,59,3.631119,3.631119,696,7.5015
8900,59,10,4.000092,4.000092,854,6.7222
8901,10,2,3.598688,3.598688,1383,10.5356
8902,2,12,2.644396,2.644396,1455,10.7540
8903,12,35,3.055678,3.055678,1422,10.6942
8904,35,0,3.514219,3.514219,1455,10.6317
8905,0,60,4.000093,4.000093,1461,10.6707
8906,60,38,2.999835,2.999835,1478,10.6713
8907,38,2,3.159128,3.159128,1478,10.7419
8908,2,12,2.530627,2.530627,1486,10.6325
8909,12,35,2.948686,2.948686,1447,10.6358
8910,35,53,3.283162,3.283162,1452,10.5821
8911,53,17,2.186815,2.186815,1444,10.5647
8912,17,7,2.651330,2.651330,1379,10.4148
8913,7,31,3.058999,3.058999,1448,10.6218
8914,31,54,4.120327,4.120327,1454,10.6391
8915,54,0,3.304863,3.304863,1469,10.7071
8916,0,25,1.945800,1.945800,1459,10.6698
8917,25,36,2.769886,2.769886,1442,10.5588
8918,36,29,2.810307,2.810307,1452,10.5693
8919,29,23,2.468407,2.468407,1466,10.7319
8920,23,29,1.864103,1.864103,1465,10.6350
8921,29,11,2.720734,2.720734,1455,10.5884
8922,11,45,2.709279,2.709279,1457,10.5733
8923,45,63,2.686913,2.686913,1480,10.5647
8924,63,6,4.141402,4.141402,1433,10.5810
8925,6,32,2.882980,2.882980,1452,10.7224
8926,32,9,2.276477,2.276477,830,7.3326
8927,9,15,2.361736,2.361736,1344,10.7198
8928,15,19,3.764381,3.764381,1429,10.6080
8929,19,51,4.789461,4.789461,1449,10.6922
8930,51,16,2.111188,2.111188,1465,10.6755
8931,16,53,5.307833,5.307833,1443,10.6785
8932,53,17,2.087908,2.087908,1477,10.7493
8933,17,2,4.858806,4.858806,1442,10.7190
8934,2,45,3.429395,3.429395,1466,10.7310
8935,45,30,3.025265,3.025265,1445,10.6218
8936,30,46,2.908974,2.908974,1446,10.6336
8937,46,47,2.920326,2.920326,1457,10.5899
8938,47,56,2.383306,2.383306,1460,10.6377
8939,56,1,2.563575,2.563575,1462,10.6297
8940,1,32,2.991440,2.991440,1461,10.7006
8941,32,9,2.210966,2.210966,1461,10.7927
8942,9,15,2.275900,2.275900,1462,10.6950
8943,15,19,3.663846,3.663846,1443,10.5776
8944,19,38,5.822173,5.822173,1474,10.6138
8945,38,2,3.096237,3.096237,1403,10.6162
8946,2,54,3.973247,3.973247,1458,10.6854
8947,54,44,5.734244,5.734244,1412,10.5086
8948,44,27,3.146080,3.146080,1463,10.6327
8949,27,20,4.435777,4.435777,1478,10.7959
8950,20,3,3.674391,3.674391,1430,10.5520
8951,3,10,3.258495,3.258495,1453,10.6117
8952,10,2,3.588507,3.588507,1472,10.7429
8953,2,12,2.470061,2.470061,1459,10.6835
8954,12,35,2.837175,2.837175,1444,10.6770
8955,35,8,2.889116,2.889116,1478,10.6350
8956,8,56,3.946866,3.946866,1441,10.6276
8957,56,6,3.289805,3.289805,1442,10.6341
8958,6,32,2.786315,2.786315,1464,10.6998
8959,32,9,2.137317,2.137317,1471,10.7010
8960,9,3,3.595243,3.595243,1474,10.5989
8961,3,41,2.920332,2.920332,1470,10.6796
8962,41,6,3.371871,3.371871,1464,10.6124
8963,6,32,2.672450,2.672450,1483,10.7333
8964,32,27,3.805028,3.805028,1466,10.6204
8965,27,53,5.055656,5.055656,1457,10.6266
8966,53,0,3.678948,3.678948,1451,10.6380
8967,0,21,3.741227,3.741227,1126,9.3160
8968,21,9,4.382583,4.382583,1458,10.7982
8969,9,3,3.412129,3.412129,1408,10.4882
8970,3,41,2.829154,2.829154,1454,10.6541
8971,41,30,4.960776,4.960776,1424,10.5906
8972,30,31,3.554579,3.554579,1420,10.6271
8973,31,54,3.927901,3.927901,1475,10.6033
8974,54,25,2.193209,2.193209,1203,9.6899
8975,25,29,2.803374,2.803374,1452,10.6181
8976,29,23,2.349041,2.349041,1468,10.6636
8977,23,18,3.362233,3.362233,1463,10.6344
8978,18,18,0.994375,0.994375,1254,10.0230
8979,18,18,0.853099,0.853099,1453,10.6505
8980,18,12,3.695914,3.695914,918,8.2942
8981,12,43,5.194199,5.194199,1460,10.6458
8982,43,51,4.854235,4.854235,872,7.7730
8983,51,29,3.252271,3.252271,1471,10.7417
8984,29,23,2.211658,2.211658,1454,10.6395
8985,23,18,3.178030,3.178030,1481,10.6993
8986,18,12,3.570185,3.570185,1472,10.7573
8987,12,20,3.341864,3.341864,1481,10.6477
8988,20,10,2.093234,2.093234,1435,10.6771
8989,10,2,3.423370,3.423370,1451,10.5783
8990,2,12,2.452495,2.452495,1472,10.8385
8991,12,20,3.188928,3.188928,1486,10.8427
8992,20,10,2.080503,2.080503,1462,10.5924
8993,10,11,6.939007,6.939007,1475,10.5785
8994,11,42,2.360032,2.360032,1447,10.6528
8995,42,54,3.420583,3.420583,1482,10.5994
8996,54,25,2.129065,2.129065,1378,10.4455
8997,25,36,2.742239,2.742239,1443,10.6828
8998,36,29,2.734763,2.734763,1456,10.5815
8999,29,23,2.151266,2.151266,1438,10.5091
9000,23,29,1.756852,1.756852,1423,10.4569
9001,29,11,2.859590,2.859590,1459,10.7084
9002,11,24,4.111047,4.111047,1458,10.8218
9003,24,0,4.619441,4.619441,1459,10.6755
9004,0,60,3.908959,3.908959,1451,10.7569
9005,60,44,5.222775,5.222775,1473,10.7001
9006,44,36,4.943081,4.943081,1052,9.2151
9007,36,29,2.622395,2.622395,1463,11.0112
9008,29,23,2.087304,2.087304,1464,10.8450
9009,23,29,1.669647,1.669647,1465,10.6238
9010,29,11,2.755859,2.755859,1434,10.6670
9011,11,42,2.371047,2.371047,1477,10.5773
9012,42,54,3.323157,3.323157,1462,10.5952
9013,54,25,2.109043,2.109043,1465,10.7220
9014,25,36,2.738729,2.738729,1468,10.6748
9015,36,29,2.545314,2.545314,1455,10.6191
9016,29,23,2.048112,2.048112,1437,10.5645
9017,23,29,1.612978,1.612978,1459,10.6582
9018,29,23,1.894160,1.894160,1462,10.5995
9019,23,0,4.678459,4.678459,1473,10.6297
9020,0,25,2.056236,2.056236,1457,10.7307
9021,25,36,2.634366,2.634366,1468,10.6062
9022,36,29,2.473758,2.473758,1487,10.5891
9023,29,11,2.735072,2.735072,1469,10.6176
9024,11,42,2.357830,2.357830,1454,10.6940
9025,42,54,3.236357,3.236357,1440,10.5949
9026,54,25,2.048936,2.048936,1487,10.6478
9027,25,29,2.689353,2.689353,1441,10.5244
9028,29,23,1.957885,1.957885,1515,10.7190
9029,23,29,1.578593,1.578593,1467,10.6325
9030,29,48,3.405863,3.405863,1471,10.6032
9031,48,51,3.125355,3.125355,1451,10.8042
9032,51,29,3.345253,3.345253,1467,10.6394
9033,29,23,1.842785,1.842785,1459,10.7063
9034,23,29,1.489761,1.489761,1453,10.5879
9035,29,23,1.712413,1.712413,1450,10.6064
9036,23,0,4.640700,4.640700,1470,10.5794
9037,0,60,3.867849,3.867849,1475,10.5662
9038,60,38,3.086080,3.086080,1454,10.7700
9039,38,2,3.093286,3.093286,1451,10.6775
9040,2,12,2.380627,2.380627,1445,10.6242
9041,12,20,2.993257,2.993257,1452,10.7035
9042,20,3,3.835365,3.835365,1300,10.3069
9043,3,41,2.734110,2.734110,1080,9.9427
9044,41,6,3.271677,3.271677,777,7.7325
9045,6,56,2.852790,2.852790,1384,10.2718
9046,56,34,2.948190,2.948190,1464,10.7124
9047,34,40,2.367484,2.367484,1465,10.7069
9048,40,25,5.351341,5.351341,1458,10.7222
9049,25,36,2.541859,2.541859,1486,10.5562
9050,36,34,3.873896,3.873896,1470,10.6945
9051,34,35,3.808112,3.808112,1434,10.5771
9052,35,8,2.766530,2.766530,1446,10.6280
9053,8,41,2.590382,2.590382,1436,10.5515
9054,41,36,5.601132,5.601132,1383,10.4128
9055,36,34,3.623969,3.623969,1454,10.5711
9056,34,7,4.170983,4.170983,1457,10.5549
9057,7,22,3.458616,3.458616,1463,10.5955
9058,22,47,3.021310,3.021310,1450,10.6233
9059,47,56,2.346598,2.346598,1458,10.5821
9060,56,34,2.961202,2.961202,1434,10.6213
9061,34,7,4.079562,4.079562,1455,10.5516
9062,7,31,2.992031,2.992031,1420,10.5887
9063,31,12,4.419684,4.419684,1441,10.5558
9064,12,20,2.825382,2.825382,1459,10.6059
9065,20,10,2.103256,2.103256,1468,10.6869
9066,10,2,3.319098,3.319098,1419,10.6460
9067,2,45,3.611193,3.611193,1477,10.7603
9068,45,30,2.979242,2.979242,1480,10.8065
9069,30,46,2.862812,2.862812,1464,10.6262
9070,46,47,2.923174,2.923174,1461,10.5962
9071,47,22,3.257191,3.257191,1449,10.5746
9072,22,47,2.862011,2.862011,1452,10.6361
9073,47,22,3.006407,3.006407,1445,10.5492
9074,22,35,4.467470,4.467470,1442,10.6261
9075,35,0,3.646925,3.646925,1448,10.5507
9076,0,21,3.720748,3.720748,1382,10.3177
9077,21,9,4.285396,4.285396,1474,10.5802
9078,9,44,4.374739,4.374739,1487,10.5749
9079,44,27,3.000908,3.000908,682,5.7385
9080,27,20,4.619463,4.619463,1371,10.4115
9081,20,10,2.037879,2.037879,1471,10.7075
9082,10,2,3.149489,3.149489,1408,10.5383
9083,2,12,2.447631,2.447631,1464,10.6049
9084,12,35,3.093463,3.093463,1454,10.7253
9085,35,8,2.717744,2.717744,1444,10.5713
9086,8,41,2.553135,2.553135,1464,10.6447
9087,41,6,3.179595,3.179595,1460,10.6092
9088,6,32,2.618357,2.618357,1471,10.6362
9089,32,27,3.617847,3.617847,1464,10.6000
9090,27,2,5.656556,5.656556,1165,9.5995
9091,2,54,4.441089,4.441089,1438,10.6126
9092,54,0,3.328646,3.328646,1084,8.6141
9093,0,25,2.102389,2.102389,1429,10.5840
9094,25,2,4.149398,4.149398,1454,10.5804
9095,2,12,2.347610,2.347610,1468,10.6983
9096,12,35,2.970222,2.970222,1451,10.5761
9097,35,0,3.544026,3.544026,1479,10.6257
9098,0,25,2.038055,2.038055,1462,10.6466
9099,25,29,2.693822,2.693822,1434,10.4473
9100,29,11,2.779172,2.779172,1438,10.5816
9101,11,42,2.391400,2.391400,1459,10.6310
9102,42,0,3.528203,3.528203,1468,10.6313
9103,0,25,1.958978,1.958978,1441,10.5662
9104,25,36,2.692639,2.692639,1445,10.5558
9105,36,29,2.567575,2.567575,1460,10.6420
9106,29,48,3.250140,3.250140,1472,10.5990
9107,48,51,3.046876,3.046876,1461,10.6162
9108,51,51,1.443694,1.443694,1450,10.6135
9109,51,29,3.327198,3.327198,1494,10.6385
9110,29,23,1.793818,1.793818,1474,10.6255
9111,23,29,1.526767,1.526767,1435,10.5933
9112,29,11,2.702915,2.702915,1475,10.5816
9113,11,45,3.159203,3.159203,1465,10.5991
9114,45,63,2.727187,2.727187,1443,10.5892
9115,63,18,3.413145,3.413145,1456,10.5904
9116,18,38,3.344178,3.344178,1452,10.6088
9117,38,50,2.795862,2.795862,1484,10.7044
9118,50,53,3.855565,3.855565,1361,10.5413
9119,53,17,2.055592,2.055592,1461,10.8433
9120,17,7,2.738835,2.738835,1437,10.8735
9121,7,31,2.883004,2.883004,765,6.6452
9122,31,30,3.454266,3.454266,1461,10.6576
9123,30,31,3.450023,3.450023,1466,10.6293
9124,31,12,4.432984,4.432984,1453,10.6030
9125,12,35,2.794204,2.794204,1467,10.7402
9126,35,8,2.722047,2.722047,1441,10.6765
9127,8,41,2.510770,2.510770,1458,10.5683
9128,41,6,3.052395,3.052395,1442,10.6416
9129,6,32,2.503970,2.503970,1459,10.6598
9130,32,61,4.274081,4.274081,1468,10.6687
9131,61,33,2.709122,2.709122,1347,10.2610
9132,33,18,5.226653,5.226653,1438,10.6443
9133,18,38,3.119540,3.119540,1334,10.3820
9134,38,50,2.710594,2.710594,1454,10.7266
9135,50,54,4.260409,4.260409,1452,10.6859
9136,54,0,3.267801,3.267801,1180,9.2788
9137,0,25,1.905632,1.905632,1455,10.5990
9138,25,2,4.083962,4.083962,1452,10.5866
9139,2,12,2.351157,2.351157,1461,10.6430
9140,12,20,2.850066,2.850066,1439,10.6300
9141,20,10,2.066578,2.066578,1475,10.6606
9142,10,2,3.153491,3.153491,1490,10.6394
9143,2,45,3.623319,3.623319,1466,10.6426
9144,45,30,3.030342,3.030342,1478,10.6608
9145,30,46,2.817605,2.817605,1434,10.6217
9146,46,47,2.890908,2.890908,1461,10.6742
9147,47,56,2.326503,2.326503,1450,10.6559
9148,56,1,2.628820,2.628820,1444,10.5633
9149,1,47,2.105663,2.105663,1457,10.5967
9150,47,22,3.004101,3.004101,1467,10.6995
9151,22,35,4.536771,4.536771,1452,10.6129
9152,35,53,3.568375,3.568375,1471,10.6250
9153,53,17,2.060032,2.060032,1449,10.6244
9154,17,7,2.637600,2.637600,1451,10.5368
9155,7,31,2.846040,2.846040,1417,10.6364
9156,31,54,4.150547,4.150547,1479,10.6256
9157,54,25,2.140573,2.140573,1463,10.6584
9158,25,36,2.651901,2.651901,1450,10.6314
9159,36,34,3.644238,3.644238,1461,10.6822
9160,34,40,2.449800,2.449800,1487,10.6142
9161,40,57,2.727994,2.727994,1441,10.5502
9162,57,52,3.031894,3.031894,1468,10.8448
9163,52,21,4.366494,4.366494,1408,10.5836
9164,21,48,2.827259,2.827259,1454,10.6628
9165,48,25,4.218385,4.218385,1463,10.5420
9166,25,29,2.651986,2.651986,1459,10.7153
9167,29,48,3.069810,3.069810,1438,10.8406
9168,48,6,4.241636,4.241636,1450,10.6630
9169,6,32,2.438023,2.438023,1179,9.2518
9170,32,9,2.392837,2.392837,1456,10.6486
9171,9,3,3.329245,3.329245,1458,10.5469
9172,3,10,3.346824,3.346824,1460,10.6200
9173,10,2,3.014430,3.014430,1032,8.8215
9174,2,12,2.317105,2.317105,1466,10.6916
9175,12,43,5.176086,5.176086,1467,10.7433
9176,43,11,4.964639,4.964639,674,6.7222
9177,11,42,2.397589,2.397589,1464,10.6844
9178,42,0,3.357493,3.357493,1452,10.6560
9179,0,25,1.878219,1.878219,1457,10.6146
9180,25,36,2.545636,2.545636,1436,10.5163
9181,36,21,3.515637,3.515637,1449,10.5849
9182,21,9,4.184956,4.184956,1440,10.5980
9183,9,15,2.508496,2.508496,1442,10.7646
9184,15,49,2.616396,2.616396,1451,10.6029
9185,49,50,3.855335,3.855335,1350,10.4472
9186,50,53,3.791566,3.791566,1465,10.7869
9187,53,17,2.003367,2.003367,1463,10.7341
9188,17,2,4.759460,4.759460,1467,10.6161
9189,2,45,3.576739,3.576739,1478,10.6906
9190,45,30,2.931119,2.931119,1440,10.6263
9191,30,31,3.578826,3.578826,1490,10.5916
9192,31,54,3.918611,3.918611,1447,10.5939
9193,54,44,5.499498,5.499498,1485,10.6964
9194,44,36,4.803778,4.803778,1180,9.4514
9195,36,21,3.353099,3.353099,1414,10.5618
9196,21,48,2.704737,2.704737,1439,10.5969
9197,48,25,4.044460,4.044460,1456,10.5936
9198,25,29,2.536150,2.536150,1447,10.6305
9199,29,23,1.880592,1.880592,1470,10.5911
9200,23,29,1.535650,1.535650,1461,10.7035
9201,29,11,2.770600,2.770600,1451,10.5732
9202,11,24,4.138432,4.138432,1459,10.6466
9203,24,54,4.207194,4.207194,1453,10.6499
9204,54,25,2.186533,2.186533,1452,10.6376
9205,25,36,2.535852,2.535852,1456,10.5798
9206,36,29,2.550566,2.550566,1474,10.6284
9207,29,11,2.594763,2.594763,1482,10.6447
9208,11,45,3.260396,3.260396,1440,10.6123
9209,45,30,2.880955,2.880955,1446,10.5578
9210,30,31,3.536501,3.536501,1469,10.7171
9211,31,54,3.759312,3.759312,1461,10.7016
9212,54,44,5.350342,5.350342,1483,10.6859
9213,44,35,5.048197,5.048197,882,7.7421
9214,35,8,2.628489,2.628489,1418,10.5955
9215,8,41,2.477576,2.477576,1464,10.9193
9216,41,36,5.483375,5.483375,1343,10.3919
9217,36,34,3.539857,3.539857,1466,10.7106
9218,34,40,2.381843,2.381843,1487,10.5863
9219,40,57,2.701759,2.701759,1467,10.6799
9220,57,32,4.935400,4.935400,1465,10.6425
9221,32,9,2.326609,2.326609,1452,10.6719
9222,9,3,3.235389,3.235389,1456,10.7967
9223,3,39,3.587454,3.587454,1474,10.7956
9224,39,59,3.470647,3.470647,1458,10.6852
9225,59,15,4.548959,4.548959,1368,10.4095
9226,15,49,2.457048,2.457048,1466,10.5685
9227,49,43,3.707769,3.707769,1438,10.6145
9228,43,11,4.979741,4.979741,1377,10.4962
9229,11,42,2.415393,2.415393,1446,10.6779
9230,42,0,3.298423,3.298423,1475,10.7676
9231,0,25,1.956151,1.956151,1460,10.6380
9232,25,36,2.558836,2.558836,1425,10.5479
9233,36,34,3.469306,3.469306,381,4.4756
9234,34,35,3.723225,3.723225,1476,10.6531
9235,35,0,3.773813,3.773813,1459,10.7936
9236,0,60,3.982859,3.982859,1448,10.6217
9237,60,44,5.071208,5.071208,1431,10.7266
9238,44,35,4.827346,4.827346,1434,10.7540
9239,35,53,3.484777,3.484777,1457,10.6449
9240,53,17,1.995390,1.995390,1463,10.6749
9241,17,2,4.554483,4.554483,1443,10.6548
9242,2,12,2.305150,2.305150,1447,10.7029
9243,12,20,2.703543,2.703543,1472,10.5925
9244,20,10,2.084686,2.084686,1471,10.5990
9245,10,2,2.914112,2.914112,1387,10.4169
9246,2,45,3.578200,3.578200,1434,10.5539
9247,45,30,2.772512,2.772512,1463,10.6542
9248,30,31,3.487834,3.487834,1440,10.5890
9249,31,12,4.437554,4.437554,1471,10.6588
9250,12,35,3.056465,3.056465,1450,10.7515
9251,35,0,3.626822,3.626822,1460,10.6239
9252,0,60,3.823629,3.823629,1452,10.6648
9253,60,36,3.076021,3.076021,1460,10.5976
9254,36,29,2.629141,2.629141,1441,10.5697
9255,29,23,1.952156,1.952156,1461,10.6107
9256,23,0,4.134958,4.134958,1444,10.5468
9257,0,60,3.720707,3.720707,1475,10.5840
9258,60,38,3.231348,3.231348,1444,10.6629
9259,38,54,4.494071,4.494071,1458,10.6420
9260,54,44,5.101951,5.101951,1459,10.6243
9261,44,35,4.747699,4.747699,1137,9.6026
9262,35,53,3.368604,3.368604,1466,10.6816
9263,53,11,4.902474,4.902474,1474,10.6416
9264,11,45,3.144652,3.144652,1449,10.6252
9265,45,63,2.867166,2.867166,1453,10.5962
9266,63,6,4.062863,4.062863,1496,10.6431
9267,6,32,2.498106,2.498106,1457,10.6353
9268,32,27,3.640203,3.640203,1378,10.2939
9269,27,53,4.917314,4.917314,1296,10.5020
9270,53,11,4.814492,4.814492,1448,10.6700
9271,11,42,2.396702,2.396702,1459,10.6510
9272,42,45,2.892159,2.892159,1467,10.7400
9273,45,63,2.770257,2.770257,1460,10.6322
9274,63,6,3.992153,3.992153,1475,10.7211
9275,6,32,2.459579,2.459579,1485,10.6151
9276,32,9,2.276385,2.276385,1214,9.5019
9277,9,44,4.611228,4.611228,1470,10.6808
9278,44,35,4.627788,4.627788,1392,10.5050
9279,35,8,2.710480,2.710480,1463,10.7476
9280,8,41,2.423554,2.423554,1311,10.0102
9281,41,6,3.219422,3.219422,1461,10.6049
9282,6,56,3.101741,3.101741,1460,10.6501
9283,56,34,3.150330,3.150330,1430,10.5766
9284,34,35,3.688196,3.688196,1453,10.8311
9285,35,53,3.303976,3.303976,1455,10.6048
9286,53,17,2.098396,2.098396,1473,10.6484
9287,17,2,4.340393,4.340393,1456,10.6343
9288,2,12,2.390140,2.390140,1465,10.7463
9289,12,20,2.610014,2.610014,1413,10.4945
9290,20,10,2.070330,2.070330,1458,10.6532
9291,10,2,2.803222,2.803222,1460,10.6660
9292,2,12,2.326483,2.326483,1457,10.5706
9293,12,35,3.174989,3.174989,1468,10.6528
9294,35,0,3.534903,3.534903,1440,10.6201
9295,0,25,2.091917,2.091917,1454,10.6094
9296,25,36,2.487480,2.487480,1456,10.5909
9297,36,21,3.332116,3.332116,1448,10.7881
9298,21,9,4.218834,4.218834,1466,10.6195
9299,9,3,3.139605,3.139605,1458,10.6515
9300,3,41,2.834448,2.834448,1134,9.0016
9301,41,36,5.393345,5.393345,1444,10.6144
9302,36,34,3.365405,3.365405,1450,10.6677
9303,34,35,3.560259,3.560259,1446,10.5969
9304,35,0,3.404085,3.404085,1456,10.5775
9305,0,25,2.050068,2.050068,1463,10.5737
9306,25,2,4.548948,4.548948,1413,10.5259
9307,2,12,2.207377,2.207377,1471,10.6769
9308,12,35,3.103380,3.103380,1449,10.5708
9309,35,0,3.262787,3.262787,1461,10.5589
9310,0,25,1.985633,1.985633,1446,10.5438
9311,25,36,2.547590,2.547590,1434,10.5340
9312,36,34,3.296711,3.296711,1472,10.6615
9313,34,35,3.441774,3.441774,1459,10.5881
9314,35,53,3.387802,3.387802,1455,10.6163
9315,53,11,4.692440,4.692440,1482,10.6498
9316,11,42,2.352323,2.352323,1443,10.5642
9317,42,54,3.565443,3.565443,1469,10.5696
9318,54,0,3.505089,3.505089,1467,10.6393
9319,0,60,3.643936,3.643936,1443,10.6303
9320,60,38,3.203860,3.203860,1487,10.5700
9321,38,2,3.674188,3.674188,1472,10.5827
9322,2,12,2.116037,2.116037,1446,10.5540
9323,12,43,5.105154,5.105154,1477,10.6734
9324,43,51,4.811888,4.811888,990,9.2399
9325,51,16,2.145328,2.145328,758,6.1390
9326,16,21,4.911097,4.911097,530,6.1486
9327,21,9,4.024666,4.024666,1470,10.9073
9328,9,15,2.688130,2.688130,1412,10.6230
9329,15,49,2.428910,2.428910,692,7.1673
9330,49,48,6.121879,6.121879,409,5.8309
9331,48,25,4.043135,4.043135,1462,10.5790
9332,25,36,2.427817,2.427817,1448,10.5998
9333,36,29,2.785840,2.785840,1470,10.5657
9334,29,23,1.916455,1.916455,1430,10.5577
9335,23,18,3.639091,3.639091,1467,10.5826
9336,18,12,4.015391,4.015391,1442,10.5877
9337,12,35,3.061481,3.061481,1512,10.6237
9338,35,8,2.820702,2.820702,1451,10.7452
9339,8,52,4.422724,4.422724,1370,10.4800
9340,52,21,4.252377,4.252377,294,4.4049
9341,21,48,2.765239,2.765239,1463,10.6325
9342,48,51,3.048359,3.048359,1471,10.6422
9343,51,29,3.613822,3.613822,1469,10.6227
9344,29,11,2.938195,2.938195,1459,10.5831
9345,11,42,2.315233,2.315233,1469,10.5884
9346,42,45,2.836372,2.836372,1449,10.6331
9347,45,63,2.684015,2.684015,1447,10.5577
9348,63,18,3.525269,3.525269,1444,10.6552
9349,18,12,3.814032,3.814032,1467,10.6377
9350,12,35,2.934755,2.934755,1457,10.6891
9351,35,0,3.226046,3.226046,1445,10.6124
9352,0,60,3.493387,3.493387,1441,10.6550
9353,60,38,3.160892,3.160892,1432,10.4806
9354,38,50,2.781097,2.781097,1454,10.5998
9355,50,53,3.860033,3.860033,1188,9.9344
9356,53,17,2.097658,2.097658,1468,10.6471
9357,17,2,4.233106,4.233106,1442,10.6293
9358,2,45,3.680619,3.680619,1415,10.6770
9359,45,63,2.560164,2.560164,1481,10.6153
9360,63,18,3.450017,3.450017,1433,10.5482
9361,18,12,3.632246,3.632246,1467,10.6892
9362,12,43,4.807092,4.807092,1463,10.5824
9363,43,46,3.868172,3.868172,1403,10.6106
9364,46,1,3.881704,3.881704,1448,10.6190
9365,1,32,3.238013,3.238013,768,6.2682
9366,32,9,2.360877,2.360877,744,6.3730
9367,9,44,4.505178,4.505178,1430,10.6531
9368,44,35,4.674256,4.674256,722,6.0658
9369,35,53,3.348976,3.348976,1449,10.8493
9370,53,17,2.097180,2.097180,1474,10.7250
9371,17,7,2.707217,2.707217,1471,10.7184
9372,7,31,2.942889,2.942889,1434,10.6416
9373,31,54,3.709737,3.709737,1446,10.5850
9374,54,0,3.480199,3.480199,1381,10.4466
9375,0,60,3.367004,3.367004,1489,10.6883
9376,60,38,3.117020,3.117020,1464,10.6059
9377,38,54,4.460301,4.460301,1483,10.5934
9378,54,25,2.379632,2.379632,1447,10.6501
9379,25,36,2.394590,2.394590,1440,10.6678
9380,36,34,3.271291,3.271291,1472,10.6791
9381,34,35,3.403364,3.403364,1470,10.6281
9382,35,8,2.783993,2.783993,1249,9.7044
9383,8,41,2.476430,2.476430,1439,10.5958
9384,41,6,3.112806,3.112806,1452,10.7285
9385,6,56,3.023399,3.023399,1454,10.6234
9386,56,1,2.642118,2.642118,1444,10.5666
9387,1,47,1.991546,1.991546,1453,10.7753
9388,47,22,2.860103,2.860103,1458,10.6402
9389,22,35,4.661769,4.661769,1467,10.5756
9390,35,53,3.282041,3.282041,1453,10.5691
9391,53,17,2.104085,2.104085,1444,10.6353
9392,17,7,2.607676,2.607676,1447,10.5732
9393,7,31,2.854856,2.854856,1479,10.6062
9394,31,12,4.837352,4.837352,1469,10.6561
9395,12,20,2.704738,2.704738,1470,10.7405
9396,20,10,2.084629,2.084629,1458,10.6600
9397,10,21,5.082527,5.082527,1446,10.6108
9398,21,48,2.749059,2.749059,1445,10.5955
9399,48,25,3.946968,3.946968,1496,10.6097
9400,25,29,2.631823,2.631823,1428,10.5570
9401,29,48,3.000300,3.000300,1452,10.5747
9402,48,6,4.145495,4.145495,1468,10.6034
9403,6,32,2.544268,2.544268,1458,10.6659
9404,32,27,3.599968,3.599968,1448,10.6405
9405,27,20,4.730431,4.730431,1470,10.6138
9406,20,10,2.009458,2.009458,1455,10.7222
9407,10,2,2.885550,2.885550,1517,10.6124
9408,2,12,2.440300,2.440300,1468,10.7507
9409,12,35,3.087723,3.087723,1447,10.6616
9410,35,8,2.714039,2.714039,1464,10.6112
9411,8,56,3.955923,3.955923,1449,10.6025
9412,56,1,2.577724,2.577724,1435,10.5869
9413,1,32,3.121704,3.121704,1475,10.5686
9414,32,9,2.324821,2.324821,1467,10.6683
9415,9,3,3.109461,3.109461,1455,10.5557
9416,3,39,3.582764,3.582764,1446,10.7563
9417,39,44,3.220785,3.220785,1481,10.8008
9418,44,36,4.571301,4.571301,1368,10.4327
9419,36,21,3.513470,3.513470,1470,10.6066
9420,21,9,4.012994,4.012994,665,5.3131
9421,9,44,4.371417,4.371417,1454,10.5938
9422,44,35,4.694736,4.694736,1352,10.1271
9423,35,8,2.607833,2.607833,1447,10.6008
9424,8,41,2.545669,2.545669,1437,10.6356
9425,41,6,3.064627,3.064627,1458,10.6322
9426,6,32,2.512593,2.512593,1448,10.6718
9427,32,61,4.396664,4.396664,1459,10.5883
9428,61,33,2.663958,2.663958,1437,10.5641
9429,33,55,2.965176,2.965176,1113,9.4645
9430,55,4,3.042292,3.042292,789,7.1298
9431,4,19,3.407974,3.407974,1082,9.3006
9432,19,51,4.586125,4.586125,1473,10.8778
9433,51,51,1.456914,1.456914,1429,10.5208
9434,51,29,3.591825,3.591825,1431,10.5520
9435,29,11,2.823253,2.823253,961,7.8728
9436,11,42,2.295385,2.295385,1466,10.6004
9437,42,0,3.485132,3.485132,1328,10.1722
9438,0,60,3.275177,3.275177,1086,8.5642
9439,60,38,3.061538,3.061538,1437,10.5547
9440,38,2,3.643144,3.643144,1454,10.6116
9441,2,12,2.323800,2.323800,1423,10.6100
9442,12,43,4.609157,4.609157,1462,10.6100
9443,43,11,4.750560,4.750560,1485,10.8352
9444,11,45,3.051657,3.051657,1220,9.6694
9445,45,30,3.034795,3.034795,1458,10.8465
9446,30,31,3.504769,3.504769,1459,10.7312
9447,31,12,4.683369,4.683369,1462,10.6720
9448,12,43,4.422488,4.422488,1462,10.7073
9449,43,11,4.589157,4.589157,1488,10.7039
9450,11,45,2.904109,2.904109,1478,10.6303
9451,45,30,2.953499,2.953499,1430,10.5976
9452,30,46,3.162292,3.162292,1473,10.6274
9453,46,46,1.113681,1.113681,1430,10.6247
9454,46,1,3.791978,3.791978,1456,10.5977
9455,1,47,1.903706,1.903706,1448,10.6276
9456,47,56,2.509232,2.509232,1462,10.6894
9457,56,34,3.291413,3.291413,1463,10.8466
9458,34,40,2.581570,2.581570,1462,10.6053
9459,40,25,5.043075,5.043075,1461,10.6145
9460,25,36,2.406195,2.406195,1478,10.7384
9461,36,34,3.218138,3.218138,1440,10.7689
9462,34,40,2.514441,2.514441,1257,9.9776
9463,40,57,2.672761,2.672761,1459,10.6063
9464,57,59,4.157977,4.157977,1242,9.8917
9465,59,15,4.425559,4.425559,1046,8.9965
9466,15,49,2.318756,2.318756,1285,10.0451
9467,49,43,4.044526,4.044526,1433,10.5603
9468,43,51,4.823373,4.823373,1371,10.6903
9469,51,29,3.492119,3.492119,1445,10.6668
9470,29,11,2.829829,2.829829,1457,10.6533
9471,11,45,2.822692,2.822692,1437,10.8571
9472,45,63,2.690598,2.690598,1439,10.6604
9473,63,18,3.345402,3.345402,1453,10.6766
9474,18,18,1.020024,1.020024,1468,10.6424
9475,18,18,0.876026,0.876026,1461,10.6456
9476,18,38,3.386367,3.386367,1445,10.6385
9477,38,50,2.800356,2.800356,1453,10.6340
9478,50,53,3.802693,3.802693,1468,10.6785
9479,53,17,2.038557,2.038557,1468,10.7031
9480,17,7,2.505389,2.505389,1333,10.2483
9481,7,31,2.834673,2.834673,1498,10.6690
9482,31,54,3.714178,3.714178,1461,10.7172
9483,54,25,2.490680,2.490680,1462,10.7205
9484,25,36,2.313656,2.313656,1427,10.5354
9485,36,29,2.959140,2.959140,1439,10.5634
9486,29,11,2.708309,2.708309,1459,10.6652
9487,11,45,2.754561,2.754561,1455,10.6350
9488,45,63,2.636075,2.636075,1439,10.6015
9489,63,18,3.177873,3.177873,1448,10.5686
9490,18,38,3.221789,3.221789,1470,10.6835
9491,38,50,2.714756,2.714756,1449,10.6586
9492,50,53,3.660285,3.660285,1478,10.8363
9493,53,17,1.985556,1.985556,1374,10.3718
9494,17,1,4.760084,4.760084,1443,10.5955
9495,1,32,3.072728,3.072728,1399,10.6654
9496,32,61,4.190714,4.190714,1437,10.5826
9497,61,33,2.681485,2.681485,1208,9.7814
9498,33,11,6.419305,6.419305,1210,9.3921
9499,11,45,2.642274,2.642274,976,7.8023
9500,45,63,2.563582,2.563582,1411,10.4466
9501,63,18,3.114548,3.114548,1449,10.6142
9502,18,12,3.866448,3.866448,1464,10.6741
9503,12,35,3.074028,3.074028,1113,8.5640
9504,35,8,2.540342,2.540342,1344,10.3009
9505,8,41,2.494672,2.494672,1462,10.7539
9506,41,30,5.102602,5.102602,1450,10.6649
9507,30,46,2.960978,2.960978,1455,10.6016
9508,46,47,2.946549,2.946549,1452,10.7426
9509,47,51,3.732746,3.732746,1452,10.7492
9510,51,16,2.149503,2.149503,1481,10.6344
9511,16,53,5.474757,5.474757,1492,10.8293
9512,53,11,4.675145,4.675145,1474,10.7059
9513,11,42,2.407306,2.407306,1460,10.6154
9514,42,54,3.605064,3.605064,1415,10.5573
9515,54,25,2.423419,2.423419,1184,9.0720
9516,25,2,4.705589,4.705589,1459,10.7725
9517,2,12,2.344039,2.344039,1463,10.6424
9518,12,35,2.960891,2.960891,1450,10.5642
9519,35,0,3.358037,3.358037,1446,10.6211
9520,0,25,2.269231,2.269231,1458,10.6397
9521,25,36,2.276663,2.276663,1462,10.6540
9522,36,21,3.479135,3.479135,1470,10.6372
9523,21,48,2.712793,2.712793,1475,10.5870
9524,48,51,3.191180,3.191180,1459,10.5498
9525,51,16,2.087216,2.087216,1480,10.7862
9526,16,23,3.740209,3.740209,1463,10.5867
9527,23,29,1.918707,1.918707,1460,10.6533
9528,29,11,2.816325,2.816325,1464,10.6181
9529,11,42,2.350864,2.350864,1454,10.6048
9530,42,54,3.493016,3.493016,1446,10.5533
9531,54,25,2.309592,2.309592,1462,10.7082
9532,25,36,2.200855,2.200855,1434,10.5689
9533,36,21,3.353988,3.353988,1475,10.6539
9534,21,48,2.647528,2.647528,1470,10.5786
9535,48,6,4.000864,4.000864,1447,10.6072
9536,6,32,2.488104,2.488104,1456,10.6613
9537,32,9,2.399832,2.399832,1379,10.4042
9538,9,3,3.009789,3.009789,1433,10.6986
9539,3,41,2.877665,2.877665,1400,10.5343
9540,41,30,4.934747,4.934747,1464,10.7083
9541,30,31,3.426249,3.426249,1449,10.6212
9542,31,12,4.674024,4.674024,1456,10.6478
9543,12,20,2.779737,2.779737,1447,10.6708
9544,20,3,3.985963,3.985963,1406,10.5063
9545,3,39,3.534574,3.534574,1450,10.6783
9546,39,44,3.098964,3.098964,924,8.0187
9547,44,35,4.700771,4.700771,1313,9.9554
9548,35,8,2.520558,2.520558,1463,10.6641
9549,8,56,3.878557,3.878557,1447,10.6253
9550,56,1,2.537504,2.537504,1472,10.6436
9551,1,47,1.900072,1.900072,1453,10.7000
9552,47,56,2.465742,2.465742,1471,11.0811
9553,56,1,2.399024,2.399024,1461,10.5694
9554,1,32,2.991096,2.991096,1438,10.5691
9555,32,61,4.087895,4.087895,1457,10.5961
9556,61,33,2.674389,2.674389,1459,10.6733
9557,33,55,2.884563,2.884563,1313,10.3438
9558,55,4,2.936040,2.936040,745,7.9392
9559,4,6,6.081383,6.081383,1461,10.7993
9560,6,32,2.470470,2.470470,1466,10.6111
9561,32,9,2.353530,2.353530,1454,10.5882
9562,9,15,2.897977,2.897977,1487,10.6086
9563,15,19,3.465452,3.465452,1451,10.6549
9564,19,24,2.860580,2.860580,1452,10.6370
9565,24,54,4.201430,4.201430,1456,10.8069
9566,54,25,2.248057,2.248057,989,8.0981
9567,25,29,2.791950,2.791950,1302,10.1672
9568,29,11,2.700913,2.700913,1303,9.9812
9569,11,42,2.291105,2.291105,1461,10.6386
9570,42,54,3.337237,3.337237,1462,10.6115
9571,54,25,2.159525,2.159525,1500,10.6671
9572,25,36,2.189926,2.189926,1468,10.7840
9573,36,29,2.870273,2.870273,1442,10.5818
9574,29,11,2.600268,2.600268,1500,10.7005
9575,11,42,2.224510,2.224510,1477,10.7335
9576,42,54,3.228602,3.228602,1463,10.6787
9577,54,25,2.098491,2.098491,1449,10.6718
9578,25,29,2.650697,2.650697,1455,10.7398
9579,29,11,2.491554,2.491554,1449,10.6224
9580,11,42,2.165774,2.165774,1490,10.6109
9581,42,0,3.688952,3.688952,1467,10.6441
9582,0,60,3.296971,3.296971,1430,10.5162
9583,60,38,3.096012,3.096012,1475,10.6992
9584,38,54,4.420082,4.420082,1466,10.9779
9585,54,25,2.045381,2.045381,1459,10.5941
9586,25,29,2.567251,2.567251,1460,10.6187
9587,29,23,2.520324,2.520324,1468,10.6436
9588,23,0,4.001928,4.001928,1466,10.7051
9589,0,60,3.205845,3.205845,1446,10.5644
9590,60,44,5.552672,5.552672,1438,10.5627
9591,44,36,4.494063,4.494063,811,7.5583
9592,36,29,2.550980,2.550980,1452,10.7404
9593,29,23,2.434962,2.434962,1479,10.6948
9594,23,18,3.518478,3.518478,1475,10.7333
9595,18,38,3.125196,3.125196,1475,10.6564
9596,38,50,2.667513,2.667513,1462,10.7104
9597,50,53,3.547247,3.547247,1452,10.6957
9598,53,11,4.723641,4.723641,1444,10.6706
9599,11,45,2.931359,2.931359,1455,10.6547
9600,45,30,3.371777,3.371777,1471,10.6193
9601,30,46,2.933154,2.933154,1462,10.7085
9602,46,47,2.864893,2.864893,1477,10.6468
9603,47,56,2.379313,2.379313,1487,10.8033
9604,56,34,3.301191,3.301191,1394,10.4751
9605,34,40,2.423522,2.423522,1465,10.6706
9606,40,21,4.732951,4.732951,1421,10.5268
9607,21,47,4.576978,4.576978,1473,10.6049
9608,47,56,2.229021,2.229021,1461,10.7653
9609,56,6,3.637688,3.637688,1458,10.7507
9610,6,32,2.346842,2.346842,1458,10.7693
9611,32,9,2.265351,2.265351,1472,10.6569
9612,9,3,3.024659,3.024659,1463,10.7079
9613,3,39,3.472834,3.472834,1443,10.5992
9614,39,15,3.273027,3.273027,1200,10.1296
9615,15,49,2.324622,2.324622,1435,10.6971
9616,49,50,4.156276,4.156276,1463,10.5608
9617,50,54,4.242383,4.242383,1376,10.3876
9618,54,44,5.295688,5.295688,708,6.3418
9619,44,35,4.450507,4.450507,1464,10.6208
9620,35,8,2.454853,2.454853,1437,10.6788
9621,8,41,2.539813,2.539813,1459,10.7543
9622,41,6,3.173730,3.173730,1449,10.5724
9623,6,56,3.096943,3.096943,1465,10.5613
9624,56,6,3.349132,3.349132,1449,10.6207
9625,6,56,2.853048,2.853048,1452,10.6412
9626,56,34,3.245640,3.245640,1458,10.6151
9627,34,40,2.371349,2.371349,1450,10.6189
9628,40,21,4.537313,4.537313,1480,10.7456
9629,21,48,2.600819,2.600819,1454,10.6114
9630,48,51,3.201367,3.201367,1464,10.6419
9631,51,29,3.674583,3.674583,1454,10.6712
9632,29,23,2.258584,2.258584,1452,10.6039
9633,23,29,1.819961,1.819961,1473,10.6501
9634,29,23,2.087155,2.087155,1479,10.6867
9635,23,29,1.688563,1.688563,1468,10.6722
9636,29,23,1.931396,1.931396,1463,10.7057
9637,23,29,1.573530,1.573530,1421,10.5867
9638,29,11,2.767208,2.767208,1475,10.6395
9639,11,24,4.360224,4.360224,1466,10.7022
9640,24,0,4.617469,4.617469,1478,10.6418
9641,0,25,2.367940,2.367940,1460,10.6584
9642,25,2,4.761395,4.761395,1424,10.5755
9643,2,45,3.614774,3.614774,1040,8.9577
9644,45,63,2.598855,2.598855,1462,10.6634
9645,63,18,3.058654,3.058654,1467,10.6543
9646,18,12,3.842530,3.842530,1456,10.6298
9647,12,35,3.023500,3.023500,1451,10.6097
9648,35,53,3.496130,3.496130,1462,10.7060
9649,53,17,1.980763,1.980763,1437,10.6511
9650,17,2,4.123630,4.123630,1464,10.6242
9651,2,45,3.496999,3.496999,1464,10.6459
9652,45,30,3.230111,3.230111,1461,10.5968
9653,30,31,3.489129,3.489129,1469,10.6280
9654,31,12,4.514336,4.514336,1441,10.6806
9655,12,35,2.868459,2.868459,1464,10.7183
9656,35,53,3.382305,3.382305,1443,10.6376
9657,53,17,1.977370,1.977370,1469,10.6110
9658,17,2,3.933332,3.933332,1459,10.6452
9659,2,45,3.384856,3.384856,1466,10.6897
9660,45,30,3.083823,3.083823,1470,10.5651
9661,30,31,3.455917,3.455917,1468,10.6150
9662,31,12,4.304743,4.304743,1479,10.5434
9663,12,20,2.760077,2.760077,1464,10.6674
9664,20,3,3.901714,3.901714,1386,10.4585
9665,3,39,3.346098,3.346098,1500,10.6381
9666,39,15,3.102114,3.102114,494,4.8068
9667,15,49,2.212091,2.212091,1434,10.6783
9668,49,50,4.045500,4.045500,1455,10.6178
9669,50,53,3.522334,3.522334,1450,10.6366
9670,53,11,4.618155,4.618155,1474,10.6657
9671,11,42,2.350975,2.350975,1464,10.7024
9672,42,54,3.222597,3.222597,1052,9.5493
9673,54,25,2.132730,2.132730,1464,10.6551
9674,25,36,2.477867,2.477867,1478,10.8240
9675,36,29,2.607908,2.607908,1447,10.6010
9676,29,11,2.723380,2.723380,1467,10.5828
9677,11,24,4.260820,4.260820,1476,10.5665
9678,24,4,2.964205,2.964205,1433,10.6276
9679,4,19,3.300494,3.300494,1218,9.5698
9680,19,38,5.701967,5.701967,1427,10.5548
9681,38,2,3.784842,3.784842,1424,10.5827
9682,2,12,2.620216,2.620216,1315,10.2067
9683,12,35,2.782500,2.782500,1462,10.5603
9684,35,0,3.539306,3.539306,1449,10.5638
9685,0,25,2.374428,2.374428,1438,10.6153
9686,25,29,2.438471,2.438471,1500,10.6110
9687,29,23,2.010715,2.010715,1439,10.5979
9688,23,29,1.552025,1.552025,1464,10.6114
9689,29,11,2.646803,2.646803,1478,10.6524
9690,11,45,3.142575,3.142575,1475,10.6433
9691,45,63,2.620211,2.620211,1367,10.2045
9692,63,18,2.992467,2.992467,1430,10.6261
9693,18,18,0.902572,0.902572,1453,10.6362
9694,18,38,3.173113,3.173113,1426,10.5651
9695,38,50,2.692188,2.692188,1467,10.7335
9696,50,53,3.373960,3.373960,1456,10.6668
9697,53,11,4.591444,4.591444,1484,10.7070
9698,11,42,2.404577,2.404577,1452,10.6399
9699,42,54,3.141287,3.141287,1445,10.6324
9700,54,25,2.106655,2.106655,1466,10.6579
9701,25,2,4.749808,4.749808,1430,10.5156
9702,2,54,4.667059,4.667059,1462,10.7521
9703,54,25,1.990386,1.990386,1466,10.5603
9704,25,2,4.619074,4.619074,1454,10.6506
9705,2,54,4.386129,4.386129,1471,10.6317
9706,54,0,3.699800,3.699800,1453,10.5306
9707,0,25,2.255961,2.255961,1458,10.6880
9708,25,36,2.547684,2.547684,1449,10.6015
9709,36,34,3.562872,3.562872,1466,10.5720
9710,34,35,3.654999,3.654999,1429,10.5747
9711,35,53,3.460681,3.460681,1456,10.6263
9712,53,17,2.023593,2.023593,1447,10.8034
9713,17,2,3.828012,3.828012,1467,10.7255
9714,2,12,2.527451,2.527451,1469,10.6798
9715,12,35,2.742152,2.742152,1455,10.6182
9716,35,53,3.346259,3.346259,1450,10.5842
9717,53,17,2.019391,2.019391,1464,10.6033
9718,17,7,2.620038,2.620038,1474,10.6533
9719,7,31,2.909353,2.909353,1438,10.5538
9720,31,30,3.326210,3.326210,1453,10.6986
9721,30,46,2.986777,2.986777,1458,10.5736
9722,46,46,1.030951,1.030951,1546,10.6704
9723,46,47,2.907196,2.907196,1448,10.6579
9724,47,56,2.203680,2.203680,1447,10.6255
9725,56,34,3.202440,3.202440,1450,10.5510
9726,34,35,3.568246,3.568246,1440,10.6533
9727,35,0,3.474949,3.474949,1439,10.5655
9728,0,25,2.232266,2.232266,1466,10.6298
9729,25,36,2.426266,2.426266,1452,10.6418
9730,36,29,2.567297,2.567297,1473,10.6537
9731,29,23,1.969017,1.969017,1462,10.6223
9732,23,29,1.560611,1.560611,1390,10.3595
9733,29,11,2.705929,2.705929,1443,10.5711
9734,11,45,3.095346,3.095346,1462,10.6284
9735,45,63,2.613638,2.613638,1450,10.5575
9736,63,6,4.452487,4.452487,1485,10.5602
9737,6,32,2.369697,2.369697,1447,10.6452
9738,32,27,3.840109,3.840109,1476,10.5834
9739,27,20,4.590101,4.590101,530,5.6774
9740,20,10,2.099908,2.099908,1325,10.3699
9741,10,11,7.042653,7.042653,1312,10.0959
9742,11,45,2.886228,2.886228,1458,10.5867
9743,45,63,2.546452,2.546452,1456,10.6123
9744,63,18,2.941597,2.941597,1464,10.5827
9745,18,38,3.020747,3.020747,1387,10.4822
9746,38,50,2.621942,2.621942,1438,10.6591
9747,50,33,3.693895,3.693895,1465,10.7831
9748,33,11,6.492298,6.492298,984,8.6735
9749,11,42,2.450441,2.450441,1432,10.6065
9750,42,54,3.181844,3.181844,1455,10.5595
9751,54,25,1.987396,1.987396,1466,10.6627
9752,25,36,2.335886,2.335886,1457,10.9497
9753,36,21,3.473878,3.473878,1458,10.6293
9754,21,47,4.538775,4.538775,1445,10.6195
9755,47,22,3.098370,3.098370,1312,10.0692
9756,22,20,5.116958,5.116958,1457,10.6181
9757,20,10,2.027715,2.027715,1441,10.6966
9758,10,2,3.302280,3.302280,1440,10.6034
9759,2,12,2.458116,2.458116,1480,10.6581
9760,12,35,2.713274,2.713274,1477,10.6968
9761,35,8,2.673396,2.673396,1477,10.7523
9762,8,41,2.483930,2.483930,1465,10.6216
9763,41,6,3.091683,3.091683,1432,10.5669
9764,6,32,2.271890,2.271890,1480,10.6763
9765,32,27,3.733240,3.733240,1473,10.7219
9766,27,20,4.529398,4.529398,1439,10.6780
9767,20,10,1.996496,1.996496,1442,10.5728
9768,10,21,5.126768,5.126768,1429,10.5585
9769,21,9,3.992749,3.992749,1484,10.7308
9770,9,44,4.391933,4.391933,1468,10.6640
9771,44,35,4.546784,4.546784,1283,10.2062
9772,35,0,3.344760,3.344760,1466,10.7010
9773,0,21,3.967022,3.967022,1080,8.5532
9774,21,47,4.366561,4.366561,1471,10.6370
9775,47,51,3.691495,3.691495,1452,10.5907
9776,51,29,3.634623,3.634623,1488,10.6988
9777,29,11,2.781655,2.781655,1457,10.6781
9778,11,45,2.840681,2.840681,1437,10.6370
9779,45,30,3.402657,3.402657,1309,10.0748
9780,30,31,3.331500,3.331500,1454,10.6115
9781,31,12,4.299928,4.299928,1453,10.6636
9782,12,43,4.366012,4.366012,1395,10.5232
9783,43,51,4.775908,4.775908,1428,10.5683
9784,51,29,3.535508,3.535508,1405,10.5094
9785,29,11,2.585940,2.585940,1460,10.6000
9786,11,42,2.422641,2.422641,1477,10.7521
9787,42,54,3.085546,3.085546,1449,10.6550
9788,54,25,1.976735,1.976735,1443,10.5975
9789,25,29,2.758571,2.758571,1466,10.8266
9790,29,11,2.453426,2.453426,1447,10.6176
9791,11,42,2.352380,2.352380,1449,10.5456
9792,42,45,2.703346,2.703346,1462,10.6969
9793,45,30,3.306279,3.306279,1456,10.7067
9794,30,31,3.302066,3.302066,1450,10.6729
9795,31,12,4.099558,4.099558,1463,10.6714
9796,12,35,2.696428,2.696428,1438,10.6916
9797,35,0,3.209570,3.209570,1457,10.6001
9798,0,60,3.297935,3.297935,1445,10.6286
9799,60,38,3.294312,3.294312,1435,10.6352
9800,38,50,2.540317,2.540317,1431,10.6749
9801,50,54,4.083661,4.083661,558,5.0645
9802,54,0,3.863177,3.863177,1464,10.7030
9803,0,25,2.353346,2.353346,1440,10.5892
9804,25,36,2.353914,2.353914,1455,10.6140
9805,36,29,2.713544,2.713544,1435,10.5705
9806,29,23,2.097198,2.097198,1465,10.5677
9807,23,29,1.602939,1.602939,1457,10.5898
9808,29,48,3.468445,3.468445,1445,10.6089
9809,48,6,3.877006,3.877006,1474,10.6450
9810,6,56,2.897387,2.897387,1444,10.7358
9811,56,1,2.578251,2.578251,1463,10.6954
9812,1,47,2.157091,2.157091,1363,10.3456
9813,47,56,2.196464,2.196464,1494,10.5834
9814,56,1,2.437162,2.437162,1439,10.6086
9815,1,47,2.071938,2.071938,1468,10.6861
9816,47,56,2.101145,2.101145,1466,10.5859
9817,56,6,3.309124,3.309124,1444,10.7032
9818,6,32,2.234567,2.234567,1461,10.6276
9819,32,9,2.415752,2.415752,1446,10.7876
9820,9,44,4.237693,4.237693,1433,10.6044
9821,44,35,4.484914,4.484914,1480,10.7357
9822,35,0,3.106052,3.106052,1446,10.6544
9823,0,21,3.932428,3.932428,1445,10.5615
9824,21,48,2.733111,2.733111,1444,10.5653
9825,48,25,4.161729,4.161729,1446,10.5701
9826,25,29,2.503169,2.503169,777,6.7217
9827,29,11,2.490468,2.490468,1447,10.7432
9828,11,42,2.345001,2.345001,1459,10.6973
9829,42,0,3.755828,3.755828,1495,10.6502
9830,0,60,3.235154,3.235154,1445,10.6232
9831,60,38,3.238579,3.238579,1447,10.5536
9832,38,50,2.477526,2.477526,1458,10.6184
9833,50,53,3.419450,3.419450,1267,9.8859
9834,53,11,4.733887,4.733887,1462,10.6648
9835,11,45,2.869434,2.869434,1478,10.7543
9836,45,30,3.230031,3.230031,1479,10.6023
9837,30,31,3.269649,3.269649,1454,10.6485
9838,31,12,3.910735,3.910735,1460,10.7043
9839,12,20,3.077698,3.077698,1454,10.6535
9840,20,3,3.601985,3.601985,1475,10.7025
9841,3,39,3.232547,3.232547,1459,10.6336
9842,39,59,3.648991,3.648991,1235,9.8805
9843,59,15,4.160306,4.160306,1394,10.6663
9844,15,49,2.137389,2.137389,1425,10.6655
9845,49,50,4.173486,4.173486,1452,10.6341
9846,50,33,3.619262,3.619262,898,7.1385
9847,33,55,2.748342,2.748342,1435,10.7243
9848,55,4,2.834202,2.834202,1428,10.7094
9849,4,23,4.109898,4.109898,1473,10.5781
9850,23,0,4.007438,4.007438,1456,10.7142
9851,0,60,3.137275,3.137275,1483,10.7834
9852,60,38,3.181800,3.181800,1456,10.7749
9853,38,50,2.535907,2.535907,1380,10.3660
9854,50,53,3.280520,3.280520,1463,10.6554
9855,53,17,2.013797,2.013797,1468,10.7036
9856,17,1,4.585683,4.585683,1469,10.6488
9857,1,32,3.099498,3.099498,1455,10.6714
9858,32,61,4.209278,4.209278,1363,10.5435
9859,61,33,2.742674,2.742674,1470,10.6808
9860,33,55,2.636972,2.636972,1473,10.6278
9861,55,42,5.659836,5.659836,1431,10.5814
9862,42,0,3.471147,3.471147,725,6.9814
9863,0,25,2.368716,2.368716,648,6.5251
9864,25,2,4.640181,4.640181,1427,10.6827
9865,2,12,2.539670,2.539670,1450,10.7145
9866,12,20,2.934830,2.934830,1461,10.5796
9867,20,10,1.981668,1.981668,1465,10.7384
9868,10,2,3.274415,3.274415,1465,10.7727
9869,2,45,3.479469,3.479469,1474,10.6320
9870,45,30,3.058663,3.058663,1425,10.5864
9871,30,31,3.230609,3.230609,1443,10.6208
9872,31,30,2.932585,2.932585,1442,10.7932
9873,30,31,2.971516,2.971516,1440,10.5297
9874,31,54,3.921358,3.921358,1399,10.4660
9875,54,0,3.580539,3.580539,1448,10.6811
9876,0,60,3.070653,3.070653,1437,10.5863
9877,60,38,3.124185,3.124185,1367,10.3897
9878,38,50,2.495260,2.495260,1465,10.6548
9879,50,33,3.639806,3.639806,1461,10.6662
9880,33,18,5.278364,5.278364,1468,10.6573
9881,18,12,4.152554,4.152554,1476,10.6294
9882,12,35,2.812412,2.812412,1495,10.6133
9883,35,8,2.736387,2.736387,1475,10.6901
9884,8,56,3.739377,3.739377,1405,10.5668
9885,56,6,3.143849,3.143849,1369,10.5344
9886,6,56,2.641913,2.641913,1472,10.6764
9887,56,6,2.891034,2.891034,1449,10.6282
9888,6,32,2.162834,2.162834,1469,10.6564
9889,32,9,2.385768,2.385768,1468,10.6905
9890,9,3,3.107743,3.107743,1465,10.5741
9891,3,39,3.166885,3.166885,1460,10.8130
9892,39,44,3.220962,3.220962,1439,10.8115
9893,44,35,4.437586,4.437586,1444,10.6366
9894,35,0,3.219504,3.219504,1466,10.7089
9895,0,60,2.923527,2.923527,1408,10.4804
9896,60,36,3.019430,3.019430,1474,10.6501
9897,36,34,3.680057,3.680057,1453,10.6701
9898,34,35,3.623595,3.623595,1471,10.6953
9899,35,8,2.642958,2.642958,1471,10.6465
9900,8,41,2.511068,2.511068,1487,10.7975
9901,41,6,2.984412,2.984412,1470,10.6075
9902,6,32,2.096195,2.096195,1453,10.5908
9903,32,9,2.299669,2.299669,1451,10.5812
9904,9,3,3.009266,3.009266,1419,10.5072
9905,3,41,3.022577,3.022577,1465,10.5945
9906,41,36,5.492801,5.492801,1444,10.5999
9907,36,34,3.438509,3.438509,1459,10.7341
9908,34,35,3.466344,3.466344,1452,10.6300
9909,35,8,2.530317,2.530317,1441,10.5761
9910,8,41,2.486083,2.486083,1461,10.6962
9911,41,6,2.917282,2.917282,1439,10.5584
9912,6,56,2.596071,2.596071,1445,10.5577
9913,56,34,3.355875,3.355875,1465,10.5823
9914,34,7,4.698877,4.698877,1455,10.5403
9915,7,31,3.038104,3.038104,1455,10.6372
9916,31,12,3.895460,3.895460,1449,10.6443
9917,12,35,2.895243,2.895243,1449,10.7482
9918,35,8,2.453218,2.453218,1469,10.6670
9919,8,41,2.454903,2.454903,1467,10.6142
9920,41,6,2.812768,2.812768,1460,10.6287
9921,6,56,2.504280,2.504280,1460,10.5795
9922,56,34,3.223078,3.223078,1446,10.5445
9923,34,40,2.580768,2.580768,1433,10.5569
9924,40,57,2.692560,2.692560,1449,10.5814
9925,57,32,5.155708,5.155708,1353,10.3522
9926,32,61,4.049832,4.049832,1462,10.6192
9927,61,33,2.770536,2.770536,1431,10.5831
9928,33,11,6.466415,6.466415,1410,10.5035
9929,11,45,2.815791,2.815791,727,5.7898
9930,45,30,3.017477,3.017477,876,8.3683
9931,30,46,3.312936,3.312936,1449,10.6008
9932,46,47,2.945614,2.945614,1466,10.6590
9933,47,51,3.663281,3.663281,1458,10.6225
9934,51,29,3.615810,3.615810,1448,10.6015
9935,29,11,2.606183,2.606183,1451,10.6363
9936,11,42,2.435752,2.435752,1305,10.0518
9937,42,45,2.561860,2.561860,1397,10.6035
9938,45,62,5.136138,5.136138,1446,10.5605
9939,62,20,4.135263,4.135263,1445,10.5877
9940,20,3,3.666587,3.666587,1247,9.6088
9941,3,39,3.128637,3.128637,1342,10.3107
9942,39,44,3.091162,3.091162,1100,9.5664
9943,44,35,4.419605,4.419605,1391,10.6204
9944,35,53,3.600233,3.600233,1446,10.6541
9945,53,17,2.007532,2.007532,1456,10.6569
9946,17,2,3.730947,3.730947,1454,10.6231
9947,2,54,4.489642,4.489642,1477,10.5822
9948,54,0,3.500540,3.500540,1458,10.6128
9949,0,25,2.326494,2.326494,1406,10.4643
9950,25,36,2.502600,2.502600,1462,10.6743
9951,36,29,2.886371,2.886371,1454,10.6615
9952,29,11,2.506364,2.506364,1500,10.6383
9953,11,45,2.710897,2.710897,1464,10.6012
9954,45,62,5.000958,5.000958,1441,10.5508
9955,62,60,3.853627,3.853627,1459,10.5881
9956,60,38,3.050903,3.050903,1462,10.8523
9957,38,2,3.916191,3.916191,1443,10.6684
9958,2,45,3.477489,3.477489,1461,10.6347
9959,45,63,2.994317,2.994317,1464,10.6613
9960,63,6,4.542944,4.542944,1461,10.5863
9961,6,56,2.398219,2.398219,1424,10.6052
9962,56,1,2.761975,2.761975,1298,10.1417
9963,1,32,3.121527,3.121527,1447,10.6543
9964,32,9,2.227843,2.227843,1377,10.3740
9965,9,15,3.169988,3.169988,1456,10.8445
9966,15,39,3.066373,3.066373,1453,10.8793
9967,39,59,3.697380,3.697380,1460,10.6934
9968,59,15,4.017543,4.017543,1101,8.7837
9969,15,19,3.345205,3.345205,1461,10.8871
9970,19,24,2.793165,2.793165,1104,9.1638
9971,24,4,2.806690,2.806690,1445,10.5994
9972,4,23,3.890988,3.890988,1470,10.7526
9973,23,18,3.690470,3.690470,1453,10.6263
9974,18,38,3.009266,3.009266,1466,10.6848
9975,38,50,2.467793,2.467793,1443,10.5977
9976,50,54,4.045205,4.045205,1469,10.6749
9977,54,25,2.241072,2.241072,1438,10.5684
9978,25,2,4.515695,4.515695,1468,10.7479
9979,2,45,3.272956,3.272956,1451,10.6079
9980,45,30,3.052444,3.052444,1447,10.6949
9981,30,46,3.248970,3.248970,1454,10.5929
9982,46,46,1.012537,1.012537,1462,10.7684
9983,46,47,2.932164,2.932164,1435,10.5631
9984,47,51,3.531421,3.531421,1459,10.7889
9985,51,16,2.223461,2.223461,1487,10.6820
9986,16,21,5.202439,5.202439,1444,10.6887
9987,21,47,4.325540,4.325540,1448,10.6047
9988,47,22,3.182704,3.182704,1447,10.5803
9989,22,47,2.747890,2.747890,1442,10.5708
9990,47,22,2.939375,2.939375,1462,10.6423
9991,22,47,2.530474,2.530474,1462,10.6036
9992,47,51,3.394814,3.394814,1467,10.6198
9993,51,51,1.405504,1.405504,1464,10.6426
9994,51,29,3.697544,3.697544,1435,10.5895
9995,29,48,3.127275,3.127275,1464,10.7188
9996,48,25,4.060890,4.060890,1451,10.5673
9997,25,2,4.371728,4.371728,1436,10.6103
9998,2,45,3.073074,3.073074,1461,10.7039
9999,45,63,2.872400,2.872400,1479,10.7029
10000,63,6,4.463461,4.463461,1457,10.6139
10001,6,56,2.345263,2.345263,1446,10.7112
10002,56,1,2.774273,2.774273,1457,10.5743
10003,1,19,5.025577,5.025577,1214,9.3709
10004,19,24,2.720193,2.720193,632,6.5289
10005,24,54,4.062419,4.062419,1246,9.9500
10006,54,25,2.214966,2.214966,1462,10.5668
10007,25,36,2.472878,2.472878,1455,10.6588
10008,36,29,2.908167,2.908167,1448,10.6623
10009,29,23,2.350268,2.350268,1462,10.5898
10010,23,29,1.837008,1.837008,1485,10.7062
10011,29,23,2.172670,2.172670,1461,10.6315
10012,23,29,1.702585,1.702585,1466,10.6523
10013,29,48,3.110275,3.110275,1444,10.5526
10014,48,6,4.011774,4.011774,1458,10.6249
10015,6,32,2.480191,2.480191,1449,10.8518
10016,32,27,3.766328,3.766328,1454,10.6124
10017,27,2,5.976277,5.976277,1242,10.1705
10018,2,12,2.647764,2.647764,1439,10.6395
10019,12,35,2.895084,2.895084,1446,10.6470
10020,35,0,3.261847,3.261847,1472,10.5904
10021,0,21,4.073250,4.073250,1367,10.2930
10022,21,47,4.185194,4.185194,1469,10.6083
10023,47,51,3.164758,3.164758,1461,10.6145
10024,51,51,1.207498,1.207498,1433,10.5877
10025,51,16,2.305397,2.305397,1485,10.5878
10026,16,21,5.073204,5.073204,1459,10.6341
10027,21,47,4.021848,4.021848,1511,10.6937
10028,47,56,2.438389,2.438389,1466,10.7327
10029,56,1,2.615900,2.615900,1459,10.6336
10030,1,32,2.955786,2.955786,1461,10.6247
10031,32,9,2.204394,2.204394,1444,10.5444
10032,9,15,3.086776,3.086776,1458,10.5791
10033,15,49,2.270747,2.270747,1465,10.6669
10034,49,50,4.187428,4.187428,1282,10.1312
10035,50,53,3.221533,3.221533,1358,10.5381
10036,53,11,4.655256,4.655256,1468,10.6671
10037,11,45,2.752175,2.752175,1427,10.6917
10038,45,30,3.012300,3.012300,1457,10.7592
10039,30,46,3.148877,3.148877,1456,10.7432
10040,46,47,3.143357,3.143357,1426,10.6382
10041,47,56,2.357714,2.357714,1459,10.5968
10042,56,1,2.473491,2.473491,1456,10.6402
10043,1,19,5.063366,5.063366,1423,10.5514
10044,19,24,2.649345,2.649345,588,6.7736
10045,24,54,3.992540,3.992540,1305,10.3117
10046,54,0,3.661476,3.661476,1434,10.6005
10047,0,25,2.333320,2.333320,1441,10.6514
10048,25,29,2.605151,2.605151,1471,10.5891
10049,29,48,2.995824,2.995824,1451,10.8222
10050,48,25,3.891335,3.891335,1457,10.6107
10051,25,2,4.414010,4.414010,1459,10.6022
10052,2,12,2.532681,2.532681,1482,10.6822
10053,12,35,2.803620,2.803620,1455,10.6961
10054,35,0,3.182012,3.182012,1469,10.8060
10055,0,25,2.272009,2.272009,1450,10.6273
10056,25,36,2.476997,2.476997,1451,10.5357
10057,36,29,2.751684,2.751684,1444,10.5841
10058,29,23,2.197479,2.197479,1434,10.5687
10059,23,29,1.650975,1.650975,1468,10.6742
10060,29,11,2.827155,2.827155,1450,10.5635
10061,11,42,2.640448,2.640448,1461,10.5771
10062,42,0,3.447356,3.447356,1444,10.5400
10063,0,21,4.070616,4.070616,1449,10.5241
10064,21,48,2.587145,2.587145,1452,10.6139
10065,48,25,3.767439,3.767439,1463,10.6025
10066,25,36,2.382769,2.382769,1476,10.5697
10067,36,29,2.668017,2.668017,1459,10.5670
10068,29,11,2.696358,2.696358,1442,10.6122
10069,11,42,2.560924,2.560924,1433,10.5288
10070,42,45,2.675629,2.675629,1457,10.5457
10071,45,30,2.932914,2.932914,1468,10.5456
10072,30,31,3.338740,3.338740,1462,10.5834
10073,31,54,3.999250,3.999250,1462,10.6587
10074,54,25,2.309140,2.309140,1444,10.5707
10075,25,2,4.347019,4.347019,1438,10.5092
10076,2,54,4.094852,4.094852,1480,10.7489
10077,54,0,3.596011,3.596011,1433,10.5886
10078,0,25,2.224146,2.224146,1462,10.5688
10079,25,29,2.381995,2.381995,1457,10.5305
10080,29,11,2.576888,2.576888,1451,10.5519
10081,11,45,2.842409,2.842409,1444,10.6070
10082,45,63,2.975560,2.975560,1491,10.5929
10083,63,6,4.294706,4.294706,1414,10.5292
10084,6,32,2.459416,2.459416,1405,10.4437
10085,32,9,2.120070,2.120070,1302,10.2685
10086,9,15,2.966995,2.966995,1437,10.5870
10087,15,49,2.253818,2.253818,525,4.9039
10088,49,50,4.086174,4.086174,521,5.4995
10089,50,53,3.061251,3.061251,1281,9.9251
10090,53,17,2.032105,2.032105,1468,10.6756
10091,17,7,2.687369,2.687369,1465,10.6265
10092,7,22,3.730695,3.730695,1280,10.2287
10093,22,47,2.649886,2.649886,1228,9.9466
10094,47,56,2.271121,2.271121,1473,10.6348
10095,56,34,3.224677,3.224677,1440,10.6082
10096,34,40,2.501295,2.501295,1440,10.6113
10097,40,57,2.637842,2.637842,1483,10.5947
10098,57,59,4.068130,4.068130,1485,10.7500
10099,59,15,3.969115,3.969115,1447,10.6078
10100,15,49,2.151200,2.151200,1368,10.4743
10101,49,50,3.993558,3.993558,1100,8.9355
10102,50,33,3.391008,3.391008,1462,10.6185
10103,33,11,6.381837,6.381837,1480,10.6074
10104,11,42,2.510056,2.510056,1439,10.5385
10105,42,54,3.420856,3.420856,1481,10.6374
10106,54,25,2.193226,2.193226,1463,10.6317
10107,25,36,2.412008,2.412008,1475,10.6770
10108,36,34,3.828644,3.828644,1438,10.5839
10109,34,40,2.424000,2.424000,1474,10.4924
10110,40,57,2.622734,2.622734,1438,10.6769
10111,57,52,3.107944,3.107944,1458,10.6213
10112,52,22,3.885170,3.885170,1403,10.4479
10113,22,20,4.984391,4.984391,1448,10.7109
10114,20,10,1.993101,1.993101,1290,10.2300
10115,10,2,3.499823,3.499823,1428,10.6195
10116,2,12,2.438836,2.438836,1466,10.7032
10117,12,35,2.727277,2.727277,304,3.5514
10118,35,0,3.211808,3.211808,1108,8.5791
10119,0,21,3.996628,3.996628,1451,10.6391
10120,21,9,4.349477,4.349477,1446,10.6093
10121,9,3,3.094528,3.094528,1464,10.7182
10122,3,39,3.005999,3.005999,1482,10.6586
10123,39,44,3.001243,3.001243,1462,10.7272
10124,44,35,4.456264,4.456264,1460,10.6638
10125,35,0,3.057357,3.057357,1465,10.7285
10126,0,60,3.129724,3.129724,1448,10.6195
10127,60,38,3.065947,3.065947,1445,10.5334
10128,38,50,2.714751,2.714751,1441,10.6745
10129,50,33,3.298689,3.298689,1440,10.6360
10130,33,55,2.615101,2.615101,1408,10.5295
10131,55,42,5.522482,5.522482,1442,10.6173
10132,42,45,2.538011,2.538011,1435,10.7864
10133,45,30,2.956483,2.956483,1406,10.5886
10134,30,31,3.286383,3.286383,1427,10.5241
10135,31,12,3.791428,3.791428,1471,10.6229
10136,12,20,3.086715,3.086715,1469,10.7802
10137,20,10,1.964038,1.964038,1460,10.6388
10138,10,11,6.970072,6.970072,1464,10.5419
10139,11,42,2.539968,2.539968,1179,9.5893
10140,42,45,2.414881,2.414881,1460,10.8636
10141,45,30,2.851022,2.851022,1467,10.7014
10142,30,46,3.320441,3.320441,1481,10.7308
10143,46,47,3.111567,3.111567,1463,10.7532
10144,47,56,2.178831,2.178831,1457,10.7028
10145,56,34,3.163207,3.163207,1456,10.6894
10146,34,35,3.691262,3.691262,1452,10.5930
10147,35,0,2.922962,2.922962,1428,10.7102
10148,0,25,2.366568,2.366568,1462,10.6454
10149,25,2,4.313145,4.313145,1451,10.5679
10150,2,12,2.402508,2.402508,1466,10.6366
10151,12,20,2.964991,2.964991,1437,10.5612
10152,20,3,3.664181,3.664181,1425,10.6490
10153,3,41,3.000448,3.000448,1462,10.7074
10154,41,6,3.074719,3.074719,1437,10.6541
10155,6,32,2.410988,2.410988,1462,10.6401
10156,32,9,2.157498,2.157498,1462,10.5901
10157,9,15,2.967491,2.967491,1459,10.6155
10158,15,49,2.149715,2.149715,1439,10.7035
10159,49,43,4.337208,4.337208,1361,10.3073
10160,43,11,4.921205,4.921205,1427,10.4668
10161,11,42,2.439994,2.439994,1479,10.7283
10162,42,0,3.575539,3.575539,1469,10.6183
10163,0,60,3.036824,3.036824,1473,10.7523
10164,60,36,3.028757,3.028757,1463,10.6465
10165,36,29,2.668706,2.668706,1139,8.6933
10166,29,23,2.332419,2.332419,1444,10.5743
10167,23,29,1.767728,1.767728,1452,10.6118
10168,29,23,2.154130,2.154130,1454,10.6392
10169,23,29,1.639844,1.639844,1485,10.6536
10170,29,48,3.115702,3.115702,1451,10.5984
10171,48,51,3.520088,3.520088,1449,10.5743
10172,51,16,2.211589,2.211589,1463,10.6310
10173,16,21,4.962347,4.962347,1458,10.6899
10174,21,9,4.183519,4.183519,1439,10.8645
10175,9,3,3.064828,3.064828,1465,10.6143
10176,3,39,2.984207,2.984207,1338,10.3869
10177,39,59,3.705733,3.705733,496,4.9122
10178,59,26,3.015764,3.015764,701,5.8003
10179,26,52,3.476994,3.476994,530,4.7158
10180,52,21,4.488868,4.488868,1365,10.4006
10181,21,47,3.998736,3.998736,1449,10.6629
10182,47,51,3.113555,3.113555,1478,10.6274
10183,51,29,3.925225,3.925225,1462,10.7881
10184,29,48,2.894286,2.894286,1432,10.6037
10185,48,25,3.724380,3.724380,1455,10.6731
10186,25,36,2.355788,2.355788,1458,10.6243
10187,36,29,2.669063,2.669063,1445,10.5955
10188,29,11,3.005528,3.005528,1450,10.6385
10189,11,42,2.435785,2.435785,1476,10.6766
10190,42,45,2.389355,2.389355,1466,10.6322
10191,45,30,2.769812,2.769812,1462,10.6445
10192,30,46,3.259335,3.259335,1483,10.7668
10193,46,47,3.073735,3.073735,711,5.6216
10194,47,22,3.150886,3.150886,1467,10.6538
10195,22,47,2.669410,2.669410,1479,10.6510
10196,47,22,2.907399,2.907399,1470,10.7156
10197,22,35,5.317317,5.317317,1449,10.6229
10198,35,0,2.911234,2.911234,1476,10.7111
10199,0,21,4.083010,4.083010,1470,10.7785
10200,21,48,2.523126,2.523126,1452,10.5859
10201,48,6,4.199867,4.199867,1461,10.5789
10202,6,56,2.613027,2.613027,1464,10.6578
10203,56,34,3.018961,3.018961,1458,10.6357
10204,34,35,3.541645,3.541645,1468,10.6112
10205,35,0,2.785809,2.785809,1440,10.6065
10206,0,60,2.924867,2.924867,1479,10.5813
10207,60,38,3.045288,3.045288,1451,10.6049
10208,38,2,3.765043,3.765043,1475,10.7597
10209,2,45,3.329456,3.329456,1477,10.6048
10210,45,62,4.922681,4.922681,1446,10.6579
10211,62,21,4.555682,4.555682,1454,10.6091
10212,21,47,3.929890,3.929890,1475,10.6646
10213,47,51,3.024083,3.024083,1465,10.5973
10214,51,16,2.236868,2.236868,1449,10.6240
10215,16,23,3.847526,3.847526,1450,10.5756
10216,23,29,1.706116,1.706116,1461,10.6113
10217,29,11,2.853958,2.853958,1464,10.5709
10218,11,45,2.707938,2.707938,1457,10.5847
10219,45,63,3.096088,3.096088,1471,10.6098
10220,63,47,5.064126,5.064126,1451,10.5942
10221,47,51,2.860788,2.860788,1480,10.6583
10222,51,51,1.131572,1.131572,1469,10.6866
10223,51,29,3.992884,3.992884,1459,10.5648
10224,29,23,2.154421,2.154421,1440,10.6355
10225,23,18,3.834492,3.834492,1432,10.5541
10226,18,12,4.310364,4.310364,1463,10.7116
10227,12,35,3.012999,3.012999,1460,10.7016
10228,35,8,2.673329,2.673329,1449,10.5787
10229,8,52,4.958145,4.958145,690,5.5881
10230,52,22,3.802654,3.802654,62,2.2975
10231,22,35,5.139065,5.139065,1456,10.6549
10232,35,0,2.715219,2.715219,1457,10.6935
10233,0,25,2.603253,2.603253,1484,10.5869
10234,25,36,2.312645,2.312645,1446,10.6284
10235,36,21,3.542801,3.542801,1452,10.5864
10236,21,48,2.511033,2.511033,1463,10.5786
10237,48,25,3.639026,3.639026,1463,10.6121
10238,25,36,2.213543,2.213543,1421,10.5689
10239,36,29,2.779172,2.779172,1482,10.5569
10240,29,48,2.790071,2.790071,1464,10.5778
10241,48,25,3.466793,3.466793,1461,10.5207
10242,25,29,2.318857,2.318857,1452,10.5851
10243,29,23,2.199932,2.199932,1413,10.4916
10244,23,18,3.719705,3.719705,1462,10.5336
10245,18,18,1.086785,1.086785,1452,10.5610
10246,18,12,4.310267,4.310267,1487,10.5981
10247,12,35,3.006205,3.006205,1448,10.6798
10248,35,0,2.606564,2.606564,1453,10.7326
10249,0,25,2.568220,2.568220,1462,10.5680
10250,25,36,2.180048,2.180048,1468,10.8321
10251,36,29,2.587458,2.587458,1454,10.6177
10252,29,23,2.145206,2.145206,1450,10.5084
10253,23,29,1.661711,1.661711,1477,10.5966
10254,29,11,2.937768,2.937768,1448,10.5699
10255,11,45,2.725853,2.725853,1426,10.6924
10256,45,30,2.831822,2.831822,1434,10.6015
10257,30,46,3.189487,3.189487,1466,10.6083
10258,46,1,4.482796,4.482796,1474,10.5945
10259,1,47,2.475571,2.475571,802,6.6671
10260,47,56,2.295768,2.295768,1465,10.6841
10261,56,34,2.897841,2.897841,1309,9.9582
10262,34,35,3.505541,3.505541,1449,10.6594
10263,35,0,2.507717,2.507717,1446,10.7505
10264,0,21,3.967275,3.967275,1447,10.5594
10265,21,47,3.955730,3.955730,1489,10.5828
10266,47,22,2.921338,2.921338,1449,10.5585
10267,22,35,4.950424,4.950424,1394,10.3918
10268,35,53,3.921877,3.921877,1465,10.5882
10269,53,17,2.002426,2.002426,1213,9.7670
10270,17,2,3.840776,3.840776,1454,10.7211
10271,2,45,3.304748,3.304748,1438,10.5379
10272,45,30,2.673879,2.673879,1408,10.5685
10273,30,31,3.582809,3.582809,1491,10.5599
10274,31,12,3.809898,3.809898,1455,10.6727
10275,12,43,4.335602,4.335602,1443,10.5645
10276,43,46,3.658911,3.658911,784,8.0675
10277,46,47,3.124542,3.124542,1457,10.5548
10278,47,22,2.879572,2.879572,1458,10.5647
10279,22,20,4.941083,4.941083,1464,10.5613
10280,20,10,1.946339,1.946339,1459,10.7252
10281,10,21,5.168634,5.168634,1457,10.6179
10282,21,9,4.334161,4.334161,1423,10.6620
10283,9,3,2.882473,2.882473,1449,10.6247
10284,3,10,3.536288,3.536288,1470,10.6471
10285,10,11,6.791067,6.791067,1427,10.6443
10286,11,42,2.604937,2.604937,1043,8.6101
10287,42,0,3.895933,3.895933,1468,10.5693
10288,0,21,3.812441,3.812441,1469,10.7559
10289,21,9,4.299185,4.299185,1454,10.6282
10290,9,3,2.740638,2.740638,1470,10.6223
10291,3,39,2.960360,2.960360,1487,10.6277
10292,39,44,2.919877,2.919877,676,5.4303
10293,44,35,4.629895,4.629895,1442,10.6244
10294,35,53,3.723255,3.723255,1460,10.6166
10295,53,11,4.802614,4.802614,1448,10.6268
10296,11,42,2.522347,2.522347,1261,9.9613
10297,42,54,3.497192,3.497192,1464,10.5828
10298,54,25,2.492664,2.492664,1462,10.6802
10299,25,36,2.173835,2.173835,1245,9.6836
10300,36,34,4.219977,4.219977,1466,10.6443
10301,34,40,2.551037,2.551037,1455,10.6714
10302,40,25,5.185040,5.185040,1461,10.6144
10303,25,29,2.277637,2.277637,1452,10.6317
10304,29,11,2.991444,2.991444,1456,10.5805
10305,11,42,2.451046,2.451046,1445,10.6237
10306,42,45,2.427379,2.427379,1378,10.4536
10307,45,63,3.086608,3.086608,1452,10.6253
10308,63,6,4.240665,4.240665,1461,10.6350
10309,6,32,2.500135,2.500135,1412,10.5363
10310,32,9,2.332585,2.332585,1425,10.5119
10311,9,15,2.984241,2.984241,1451,10.5493
10312,15,19,3.546090,3.546090,594,5.7603
10313,19,51,4.588349,4.588349,1359,10.3275
10314,51,16,2.196871,2.196871,1455,10.7074
10315,16,21,5.096101,5.096101,1459,10.6713
10316,21,48,2.579397,2.579397,1461,10.7606
10317,48,6,4.051794,4.051794,1434,10.7738
10318,6,32,2.454677,2.454677,1462,10.7572
10319,32,9,2.235874,2.235874,1416,10.5929
10320,9,15,2.872950,2.872950,1462,10.6068
10321,15,49,2.241956,2.241956,728,6.5359
10322,49,43,4.260631,4.260631,1457,10.8256
10323,43,11,4.877925,4.877925,1394,10.6450
10324,11,45,2.631673,2.631673,1480,10.7336
10325,45,30,2.701478,2.701478,1381,10.4746
10326,30,31,3.511941,3.511941,1468,10.6433
10327,31,12,3.631763,3.631763,1453,10.6871
10328,12,35,3.138929,3.138929,1445,10.6596
10329,35,0,2.569150,2.569150,1457,10.6216
10330,0,60,2.996074,2.996074,1450,10.5975
10331,60,36,2.916869,2.916869,1453,10.6035
10332,36,21,3.475239,3.475239,1448,10.5408
10333,21,9,4.285685,4.285685,1457,10.7189
10334,9,3,2.749743,2.749743,1462,10.7444
10335,3,41,3.078153,3.078153,1466,10.6322
10336,41,30,5.497897,5.497897,1452,10.6045
10337,30,31,3.280863,3.280863,1435,10.5839
10338,31,12,3.472040,3.472040,1470,10.6660
10339,12,20,3.144046,3.144046,1433,10.5693
10340,20,10,1.923424,1.923424,1467,10.6845
10341,10,2,3.567207,3.567207,1467,10.6603
10342,2,54,4.212919,4.212919,1447,10.7051
10343,54,0,4.062303,4.062303,1408,10.5113
10344,0,21,3.633992,3.633992,1461,10.6155
10345,21,9,4.238275,4.238275,1478,10.8330
10346,9,3,2.622266,2.622266,1478,10.9918
10347,3,39,2.995942,2.995942,1420,10.4811
10348,39,59,3.701170,3.701170,1395,10.4018
10349,59,15,3.855170,3.855170,972,8.1780
10350,15,49,2.137346,2.137346,1322,10.3424
10351,49,48,6.108598,6.108598,1456,10.6307
10352,48,25,3.475356,3.475356,1454,10.6059
10353,25,2,4.503539,4.503539,1488,10.6444
10354,2,12,2.632021,2.632021,1454,10.6035
10355,12,35,3.088510,3.088510,515,5.0707
10356,35,0,2.539569,2.539569,1382,10.5223
10357,0,60,2.883889,2.883889,1446,10.5889
10358,60,38,3.045871,3.045871,1481,10.5836
10359,38,50,2.665705,2.665705,1456,10.6319
10360,50,53,3.102353,3.102353,1474,10.6824
10361,53,17,2.029007,2.029007,1437,10.6632
10362,17,2,3.717407,3.717407,1466,10.6719
10363,2,45,3.366925,3.366925,1479,10.6293
10364,45,30,2.674715,2.674715,1472,10.6823
10365,30,31,3.237552,3.237552,1444,10.6383
10366,31,30,2.800262,2.800262,1486,10.5942
10367,30,31,2.975277,2.975277,1459,10.5820
10368,31,12,3.368154,3.368154,1438,10.6304
10369,12,20,3.109291,3.109291,1443,10.5726
10370,20,10,1.912182,1.912182,1441,10.6176
10371,10,11,6.555399,6.555399,1467,10.8019
10372,11,42,2.470555,2.470555,1418,10.5313
10373,42,45,2.349535,2.349535,1469,10.6890
10374,45,63,3.115990,3.115990,1477,10.6669
10375,63,47,4.898700,4.898700,1471,10.6223
10376,47,56,2.322646,2.322646,1410,10.5364
10377,56,34,2.893645,2.893645,1445,10.6082
10378,34,40,2.499226,2.499226,1462,10.6337
10379,40,25,4.959146,4.959146,1480,10.6655
10380,25,2,4.428437,4.428437,1446,10.5384
10381,2,45,3.234280,3.234280,1464,10.7350
10382,45,30,2.648606,2.648606,1452,10.6015
10383,30,31,2.926909,2.926909,1462,10.5770
10384,31,12,3.219368,3.219368,1476,10.6010
10385,12,35,3.051718,3.051718,1454,10.6878
10386,35,53,3.719643,3.719643,1465,10.7345
10387,53,17,2.005369,2.005369,1462,10.6786
10388,17,7,2.700275,2.700275,1457,10.9395
10389,7,31,3.402077,3.402077,1458,10.6313
10390,31,12,3.085023,3.085023,1452,10.6875
10391,12,35,2.951784,2.951784,1456,10.6023
10392,35,0,2.470068,2.470068,1450,10.6476
10393,0,25,2.869119,2.869119,1460,10.5950
10394,25,29,2.268407,2.268407,1402,10.5162
10395,29,11,3.066760,3.066760,1447,10.6106
10396,11,42,2.419993,2.419993,1466,10.6394
10397,42,0,3.924023,3.924023,1454,10.6945
10398,0,60,2.818499,2.818499,1443,10.6439
10399,60,38,2.995794,2.995794,1439,10.5651
10400,38,50,2.624923,2.624923,1066,8.2893
10401,50,54,3.944409,3.944409,1287,10.2440
10402,54,25,2.744237,2.744237,1468,10.6183
10403,25,36,2.286668,2.286668,1446,10.5610
10404,36,21,3.260009,3.260009,1443,10.5468
10405,21,48,2.735149,2.735149,1474,10.6666
10406,48,6,3.840478,3.840478,1449,10.5811
10407,6,32,2.444063,2.444063,1450,10.6758
10408,32,61,4.210859,4.210859,1467,10.6861
10409,61,33,2.790823,2.790823,1329,10.3401
10410,33,11,6.005008,6.005008,1219,9.9135
10411,11,45,2.689988,2.689988,1457,10.5317
10412,45,30,2.594550,2.594550,1450,10.5711
10413,30,46,3.575435,3.575435,1439,10.6355
10414,46,1,4.328226,4.328226,1464,10.7348
10415,1,19,4.631820,4.631820,1411,10.5410
10416,19,51,4.314960,4.314960,1444,10.6399
10417,51,16,2.056172,2.056172,1456,10.6113
10418,16,23,3.773003,3.773003,1453,10.6708
10419,23,29,1.831897,1.831897,1438,10.5936
10420,29,23,2.138872,2.138872,1439,10.6359
10421,23,18,3.516300,3.516300,1441,10.6515
10422,18,18,0.971616,0.971616,1475,10.6411
10423,18,38,3.274708,3.274708,1458,10.5878
10424,38,2,3.804961,3.804961,1453,10.6525
10425,2,45,3.133738,3.133738,1462,10.7122
10426,45,63,3.067202,3.067202,1454,10.7008
10427,63,6,4.166824,4.166824,1460,10.6987
10428,6,32,2.393392,2.393392,1482,10.8101
10429,32,27,4.010687,4.010687,1257,10.0116
10430,27,2,5.892607,5.892607,577,6.6323
10431,2,45,3.089325,3.089325,1403,10.5679
10432,45,62,4.863545,4.863545,1443,10.6713
10433,62,60,3.831490,3.831490,1451,10.6606
10434,60,38,2.906981,2.906981,1508,10.6044
10435,38,2,3.699297,3.699297,1455,10.5892
10436,2,45,2.951113,2.951113,1472,10.6336
10437,45,63,2.922566,2.922566,1448,10.5591
10438,63,18,3.349613,3.349613,1454,10.5486
10439,18,12,4.623138,4.623138,1456,10.5867
10440,12,35,2.850311,2.850311,1446,10.5678
10441,35,8,2.954496,2.954496,1437,10.6707
10442,8,41,2.461434,2.461434,1445,10.6156
10443,41,6,3.368318,3.368318,1454,10.5775
10444,6,32,2.276166,2.276166,1448,10.7045
10445,32,9,2.401692,2.401692,1439,10.5815
10446,9,44,4.473765,4.473765,1469,10.7174
10447,44,35,4.700444,4.700444,1443,10.6718
10448,35,0,2.511663,2.511663,1470,10.6183
10449,0,25,2.831033,2.831033,1468,10.6214
10450,25,36,2.217300,2.217300,1446,10.6067
10451,36,29,2.605635,2.605635,1461,10.6307
10452,29,11,3.113038,3.113038,1481,10.5865
10453,11,42,2.434016,2.434016,1480,10.6427
10454,42,54,3.576082,3.576082,1444,10.6556
10455,54,25,2.706678,2.706678,1445,10.5892
10456,25,36,2.140434,2.140434,1466,10.6456
10457,36,29,2.505629,2.505629,1461,10.6536
10458,29,23,2.216247,2.216247,1481,10.6834
10459,23,29,1.749660,1.749660,1472,10.6165
10460,29,11,3.031170,3.031170,1463,10.5582
10461,11,42,2.386386,2.386386,1493,10.6123
10462,42,0,3.888693,3.888693,1463,10.6446
10463,0,25,2.732639,2.732639,1449,10.7679
10464,25,29,2.222777,2.222777,1312,10.1195
10465,29,11,2.883907,2.883907,1449,10.5720
10466,11,24,4.402600,4.402600,1442,10.6305
10467,24,54,3.830245,3.830245,1467,10.7097
10468,54,25,2.686692,2.686692,1473,10.6612
10469,25,36,2.134442,2.134442,1447,10.6526
10470,36,34,4.251750,4.251750,1464,10.5935
10471,34,40,2.407423,2.407423,1469,10.8606
10472,40,57,2.722402,2.722402,1469,10.7645
10473,57,52,2.984106,2.984106,1454,10.6809
10474,52,52,1.317621,1.317621,1195,9.4442
10475,52,22,3.825113,3.825113,1267,9.9667
10476,22,35,5.122025,5.122025,1458,10.6442
10477,35,0,2.540216,2.540216,1479,10.7677
10478,0,60,2.850410,2.850410,1462,10.6048
10479,60,36,2.894957,2.894957,1460,10.5432
10480,36,34,4.076078,4.076078,1474,10.7577
10481,34,35,3.556156,3.556156,1469,10.6518
10482,35,8,2.829527,2.829527,1461,10.5990
10483,8,41,2.412693,2.412693,1438,10.6499
10484,41,30,5.396925,5.396925,1456,10.6333
10485,30,31,2.904426,2.904426,1418,10.5830
10486,31,54,3.963760,3.963760,1447,10.8626
10487,54,25,2.577224,2.577224,1461,10.8007
10488,25,36,2.016964,2.016964,1352,10.0791
10489,36,34,3.964816,3.964816,1461,10.6240
10490,34,40,2.395915,2.395915,1464,10.6678
10491,40,25,4.961944,4.961944,1469,10.5938
10492,25,36,1.911505,1.911505,1475,10.7387
10493,36,34,3.844595,3.844595,1476,10.6555
10494,34,40,2.344189,2.344189,1465,10.6168
10495,40,57,2.804335,2.804335,1464,10.6281
10496,57,52,2.805206,2.805206,1294,9.8915
10497,52,22,3.699535,3.699535,885,6.9654
10498,22,47,2.777693,2.777693,1462,10.6079
10499,47,56,2.263833,2.263833,1459,10.6543
10500,56,6,3.246794,3.246794,1434,10.6022
10501,6,22,4.991031,4.991031,1450,10.6242
10502,22,20,4.792187,4.792187,1464,10.6224
10503,20,3,3.782491,3.782491,1374,10.4943
10504,3,39,2.855230,2.855230,1460,10.5976
10505,39,59,3.597424,3.597424,879,7.6401
10506,59,26,2.950168,2.950168,1470,10.7228
10507,26,52,3.380605,3.380605,608,6.4006
10508,52,21,4.892910,4.892910,1471,10.6655
10509,21,48,2.687698,2.687698,1448,10.6370
10510,48,51,3.749796,3.749796,1446,10.6550
10511,51,16,1.993655,1.993655,1460,10.6724
10512,16,23,3.646668,3.646668,1447,10.7072
10513,23,18,3.379087,3.379087,1449,10.6787
10514,18,12,4.490292,4.490292,1469,10.6562
10515,12,35,2.985577,2.985577,1391,10.4507
10516,35,8,2.747649,2.747649,1452,10.6363
10517,8,41,2.379731,2.379731,1467,10.7042
10518,41,30,5.206707,5.206707,1504,10.7553
10519,30,46,3.335945,3.335945,1277,9.7453
10520,46,47,3.099770,3.099770,1422,10.6504
10521,47,22,2.949249,2.949249,1430,10.6336
10522,22,20,4.625990,4.625990,1457,10.6841
10523,20,3,3.657158,3.657158,1458,10.7055
10524,3,41,2.978068,2.978068,1455,10.5620
10525,41,6,3.303687,3.303687,1460,10.6699
10526,6,32,2.198366,2.198366,1472,10.6289
10527,32,61,4.255686,4.255686,1448,10.6029
10528,61,2,5.743980,5.743980,1474,10.6906
10529,2,54,4.083355,4.083355,1278,10.0600
10530,54,0,4.253543,4.253543,717,7.9297
10531,0,25,2.704754,2.704754,1376,10.4719
10532,25,2,4.584675,4.584675,1418,10.5581
10533,2,12,2.948140,2.948140,1463,11.0320
10534,12,35,2.874408,2.874408,786,7.6412
10535,35,53,3.791930,3.791930,752,6.8287
10536,53,17,1.995249,1.995249,1481,10.6545
10537,17,7,2.586905,2.586905,1431,10.5950
10538,7,31,3.345794,3.345794,1467,10.7049
10539,31,12,3.220289,3.220289,1446,10.6000
10540,12,35,2.774055,2.774055,1433,10.6418
10541,35,8,2.739906,2.739906,1476,10.6426
10542,8,41,2.347421,2.347421,1464,10.6060
10543,41,30,5.129016,5.129016,1444,10.5678
10544,30,31,2.817161,2.817161,1456,10.6359
10545,31,12,3.076821,3.076821,1457,10.6435
10546,12,35,2.685155,2.685155,1451,10.6346
10547,35,53,3.734408,3.734408,1436,10.6126
10548,53,11,4.917082,4.917082,1474,10.6648
10549,11,42,2.385858,2.385858,1191,9.4320
10550,42,45,2.708809,2.708809,1320,10.1937
10551,45,30,2.937206,2.937206,1464,10.6589
10552,30,46,3.310987,3.310987,1458,10.6697
10553,46,46,1.118896,1.118896,1454,10.5802
10554,46,46,0.965118,0.965118,1456,10.6410
10555,46,46,0.826947,0.826947,1444,10.5973
10556,46,1,4.555387,4.555387,1462,10.5716
10557,1,47,2.450167,2.450167,1437,10.6530
10558,47,22,2.802296,2.802296,1471,10.6292
10559,22,47,2.505424,2.505424,1480,10.6931
10560,47,51,3.010805,3.010805,1473,10.6526
10561,51,51,1.291054,1.291054,1444,10.6045
10562,51,29,4.274171,4.274171,1439,10.5302
10563,29,23,2.140714,2.140714,1482,10.7088
10564,23,29,1.810102,1.810102,1468,10.7083
10565,29,23,1.979980,1.979980,1465,10.6616
10566,23,29,1.680638,1.680638,1463,10.5861
10567,29,11,2.898746,2.898746,1445,10.5715
10568,11,45,2.903149,2.903149,1460,10.7065
10569,45,62,4.640683,4.640683,1464,10.6088
10570,62,21,4.479041,4.479041,1458,10.6517
10571,21,9,4.099610,4.099610,1453,10.6002
10572,9,15,2.992037,2.992037,1453,10.6872
10573,15,19,3.499860,3.499860,1465,10.6240
10574,19,51,4.275300,4.275300,1231,10.1989
10575,51,51,1.164316,1.164316,1443,10.6961
10576,51,51,1.005186,1.005186,1475,10.6278
10577,51,29,4.212119,4.212119,1428,10.6228
10578,29,11,2.706248,2.706248,1448,10.5646
10579,11,45,2.835052,2.835052,1445,10.5534
10580,45,30,2.940554,2.940554,1470,10.6184
10581,30,46,3.105238,3.105238,1474,10.6483
10582,46,1,4.407708,4.407708,1491,10.6604
10583,1,32,3.080804,3.080804,1451,10.6616
10584,32,61,4.031301,4.031301,1450,10.6649
10585,61,2,5.736537,5.736537,1383,10.3937
10586,2,45,3.094140,3.094140,1473,10.5829
10587,45,63,3.038929,3.038929,1440,10.5642
10588,63,18,3.229241,3.229241,1458,10.5735
10589,18,38,3.165788,3.165788,1385,10.3255
10590,38,2,3.700310,3.700310,1458,10.5877
10591,2,12,2.992069,2.992069,1466,10.7012
10592,12,35,2.563285,2.563285,1460,10.6859
10593,35,0,2.702263,2.702263,1485,10.6531
10594,0,21,3.836294,3.836294,1465,10.5897
10595,21,9,4.034440,4.034440,1474,10.6781
10596,9,3,2.745065,2.745065,1449,10.5848
10597,3,41,2.883686,2.883686,1480,10.5882
10598,41,30,5.104474,5.104474,1470,10.6962
10599,30,31,2.879705,2.879705,1487,10.6264
10600,31,54,3.818318,3.818318,1474,10.6418
10601,54,0,4.206773,4.206773,1413,10.5393
10602,0,21,3.684807,3.684807,1444,10.6015
10603,21,47,4.063262,4.063262,1453,10.5698
10604,47,56,2.331438,2.331438,1444,10.6283
10605,56,34,3.179162,3.179162,1468,10.7689
10606,34,40,2.275433,2.275433,1436,10.5442
10607,40,25,4.721049,4.721049,1441,10.5431
10608,25,2,4.451331,4.451331,1463,10.6681
10609,2,45,2.935350,2.935350,1464,10.6982
10610,45,62,4.487868,4.487868,1411,10.5214
10611,62,21,4.355151,4.355151,1436,10.5674
10612,21,9,4.046382,4.046382,1444,10.5900
10613,9,3,2.641183,2.641183,1445,10.5458
10614,3,41,2.783993,2.783993,1428,10.7157
10615,41,30,4.978129,4.978129,1459,10.6291
10616,30,46,3.019185,3.019185,1470,10.5930
10617,46,1,4.225292,4.225292,1460,10.6532
10618,1,19,4.606700,4.606700,1460,10.6797
10619,19,24,2.746723,2.746723,1385,10.5744
10620,24,4,2.690386,2.690386,580,5.5021
10621,4,23,3.952404,3.952404,464,4.6104
10622,23,29,1.673235,1.673235,1465,10.6932
10623,29,11,2.570422,2.570422,1466,10.6060
10624,11,42,2.472187,2.472187,1452,10.7619
10625,42,0,3.800032,3.800032,1468,10.6361
10626,0,25,2.678954,2.678954,1446,10.6714
10627,25,29,2.512017,2.512017,1389,10.3781
10628,29,11,2.435291,2.435291,1465,10.5577
10629,11,24,4.509272,4.509272,1446,10.5718
10630,24,4,2.622884,2.622884,1467,10.7518
10631,4,23,3.789402,3.789402,1473,10.6044
10632,23,0,4.474572,4.474572,1452,10.6927
10633,0,21,3.555603,3.555603,1459,10.7129
10634,21,48,2.833405,2.833405,1300,10.1760
10635,48,6,3.690983,3.690983,1477,10.6309
10636,6,56,3.002246,3.002246,839,7.5228
10637,56,1,2.589667,2.589667,1458,10.6798
10638,1,47,2.338793,2.338793,1474,10.6234
10639,47,56,2.240793,2.240793,1440,10.6063
10640,56,1,2.462069,2.462069,1426,10.5779
10641,1,32,2.989865,2.989865,1486,10.6045
10642,32,9,2.659203,2.659203,1480,10.8160
10643,9,3,2.554237,2.554237,1452,10.6515
10644,3,10,3.742817,3.742817,1468,10.6613
10645,10,2,3.905517,3.905517,1478,10.7521
10646,2,45,2.908599,2.908599,1481,10.6612
10647,45,30,3.024746,3.024746,1231,9.5446
10648,30,46,2.981122,2.981122,1467,10.6590
10649,46,47,3.430420,3.430420,1449,10.5659
10650,47,22,2.821966,2.821966,1461,10.7347
10651,22,35,5.113393,5.113393,1435,10.5353
10652,35,53,3.600026,3.600026,1468,10.6152
10653,53,17,2.040252,2.040252,1463,10.6761
10654,17,7,2.480325,2.480325,1460,10.6617
10655,7,31,3.313442,3.313442,1481,10.6471
10656,31,12,3.067857,3.067857,1477,10.6578
10657,12,35,2.595064,2.595064,1459,10.6839
10658,35,0,2.836751,2.836751,1452,10.6135
10659,0,60,2.966640,2.966640,1416,10.5651
10660,60,36,2.997141,2.997141,566,5.1269
10661,36,34,3.602975,3.602975,1466,10.6611
10662,34,40,2.232914,2.232914,1463,10.7308
10663,40,57,2.824283,2.824283,1454,10.6344
10664,57,32,5.078090,5.078090,1431,10.7216
10665,32,9,2.488135,2.488135,1406,10.5246
10666,9,3,2.459239,2.459239,1442,10.5619
10667,3,41,2.758030,2.758030,1471,10.6431
10668,41,6,3.384002,3.384002,1479,10.5956
10669,6,32,2.384387,2.384387,1444,10.6242
10670,32,27,3.968103,3.968103,1407,10.4887
10671,27,2,5.600134,5.600134,1465,10.6305
10672,2,12,2.986089,2.986089,1297,10.3251
10673,12,35,2.483847,2.483847,1392,10.5759
10674,35,53,3.549820,3.549820,1468,10.6043
10675,53,17,2.030132,2.030132,1440,10.5802
10676,17,7,2.409708,2.409708,1451,10.6553
10677,7,31,3.220348,3.220348,1444,10.6162
10678,31,54,3.667534,3.667534,1457,10.5966
10679,54,25,2.751227,2.751227,1401,10.6077
10680,25,2,4.490441,4.490441,1462,10.7787
10681,2,12,2.875497,2.875497,1480,10.6451
10682,12,35,2.379040,2.379040,1456,10.5744
10683,35,8,2.982653,2.982653,1456,10.6501
10684,8,56,3.904685,3.904685,1458,10.6231
10685,56,1,2.392124,2.392124,1443,10.6133
10686,1,47,2.241031,2.241031,1417,10.6076
10687,47,22,2.712359,2.712359,1456,10.6162
10688,22,20,4.467274,4.467274,1455,10.6533
10689,20,10,1.973535,1.973535,1467,10.6735
10690,10,11,6.676927,6.676927,1451,10.6528
10691,11,42,2.461934,2.461934,1095,9.4924
10692,42,54,3.644206,3.644206,1416,10.6432
10693,54,0,4.056506,4.056506,1462,10.6722
10694,0,25,2.575164,2.575164,1458,10.7081
10695,25,36,2.154192,2.154192,1237,9.7099
10696,36,34,3.484776,3.484776,1403,10.6844
10697,34,35,3.705015,3.705015,1484,10.6701
10698,35,8,2.818813,2.818813,1448,10.6585
10699,8,41,2.427043,2.427043,1449,10.6011
10700,41,36,6.003102,6.003102,1480,10.6326
10701,36,34,3.231826,3.231826,1464,10.6412
10702,34,35,3.556688,3.556688,1471,10.5848
10703,35,8,2.676412,2.676412,1439,10.5186
10704,8,41,2.395684,2.395684,1444,10.6012
10705,41,36,5.783614,5.783614,1470,10.5473
10706,36,29,2.997723,2.997723,1474,10.7168
10707,29,48,3.129260,3.129260,1466,10.6010
10708,48,25,3.591934,3.591934,1452,10.6445
10709,25,2,4.399028,4.399028,1463,10.5974
10710,2,54,3.945144,3.945144,1471,10.6163
10711,54,25,2.634902,2.634902,1485,10.6161
10712,25,36,2.318696,2.318696,1436,10.5367
10713,36,34,3.073660,3.073660,1472,10.6480
10714,34,40,2.331748,2.331748,1457,10.7283
10715,40,25,4.544048,4.544048,1470,10.5520
10716,25,36,2.194730,2.194730,1476,10.6070
10717,36,21,3.245294,3.245294,1444,10.5777
10718,21,9,4.170967,4.170967,1458,10.5957
10719,9,44,4.405721,4.405721,1449,10.5601
10720,44,35,5.010060,5.010060,1289,10.2561
10721,35,0,2.898703,2.898703,1437,10.5602
10722,0,25,2.573054,2.573054,1439,10.5321
10723,25,29,2.515057,2.515057,1477,10.5702
10724,29,23,2.225373,2.225373,1447,10.5792
10725,23,29,1.771418,1.771418,1452,10.6309
10726,29,11,2.593929,2.593929,1474,10.8115
10727,11,42,2.445760,2.445760,1423,10.6385
10728,42,0,3.697268,3.697268,1453,10.5642
10729,0,60,2.968564,2.968564,1455,10.6042
10730,60,38,3.017509,3.017509,1443,10.6914
10731,38,50,2.622137,2.622137,1474,10.7410
10732,50,53,3.325706,3.325706,1431,10.6441
10733,53,17,1.986275,1.986275,1464,10.6500
10734,17,2,3.911744,3.911744,1424,10.5095
10735,2,45,2.889569,2.889569,1467,10.6489
10736,45,30,2.907020,2.907020,1475,10.5890
10737,30,46,2.962511,2.962511,1461,10.5969
10738,46,46,0.839671,0.839671,1459,10.6538
10739,46,46,0.716854,0.716854,1485,10.6426
10740,46,1,4.185242,4.185242,1472,10.6840
10741,1,32,2.985061,2.985061,1449,10.6545
10742,32,9,2.515806,2.515806,1340,10.2680
10743,9,15,3.165266,3.165266,1450,10.5899
10744,15,49,2.224028,2.224028,1440,10.6023
10745,49,43,4.037517,4.037517,1120,9.2666
10746,43,11,4.993870,4.993870,529,5.5331
10747,11,45,3.132055,3.132055,1471,10.7466
10748,45,30,2.833086,2.833086,1489,10.6507
10749,30,46,2.828780,2.828780,1479,10.6107
10750,46,46,0.640288,0.640288,1471,10.7168
10751,46,1,4.122234,4.122234,1442,10.5811
10752,1,32,2.868134,2.868134,1471,10.6843
10753,32,61,3.894174,3.894174,1393,10.4430
10754,61,33,2.934018,2.934018,1452,10.6711
10755,33,11,6.055247,6.055247,780,6.6682
10756,11,42,2.334554,2.334554,1389,10.6076
10757,42,54,3.635905,3.635905,1448,10.6224
10758,54,25,2.638317,2.638317,1414,10.5364
10759,25,2,4.356784,4.356784,1448,10.6016
10760,2,12,2.842041,2.842041,1325,10.1889
10761,12,35,2.521788,2.521788,1463,10.6103
10762,35,0,2.879732,2.879732,1470,10.6209
10763,0,25,2.517195,2.517195,1445,10.5712
10764,25,36,2.222087,2.222087,1433,10.5973
10765,36,29,2.916540,2.916540,1420,10.6333
10766,29,11,2.699787,2.699787,1461,10.6264
10767,11,45,3.094428,3.094428,1459,10.6284
10768,45,30,2.774831,2.774831,1460,10.6398
10769,30,31,3.320196,3.320196,1463,10.6994
10770,31,12,3.151591,3.151591,1460,10.7003
10771,12,20,3.690947,3.690947,1481,10.6915
10772,20,10,1.942966,1.942966,1456,10.6247
10773,10,11,6.440689,6.440689,1393,10.5586
10774,11,45,2.936026,2.936026,1445,10.6288
10775,45,30,2.702275,2.702275,1453,10.6495
10776,30,46,2.866533,2.866533,1465,10.6655
10777,46,47,3.596057,3.596057,1469,10.6487
10778,47,22,2.670691,2.670691,1463,10.6826
10779,22,47,2.386906,2.386906,1465,10.6757
10780,47,22,2.462204,2.462204,1454,10.6640
10781,22,47,2.197509,2.197509,1443,10.5583
10782,47,56,2.418529,2.418529,1439,10.6262
10783,56,1,2.339083,2.339083,1480,10.5773
10784,1,47,2.057114,2.057114,1449,10.6159
10785,47,56,2.287224,2.287224,1489,10.6306
10786,56,1,2.228764,2.228764,1482,10.6278
10787,1,32,2.790162,2.790162,1489,10.5804
10788,32,9,2.496159,2.496159,1452,10.6302
10789,9,15,3.030017,3.030017,1459,10.6798
10790,15,49,2.206935,2.206935,1490,10.8450
10791,49,43,3.928125,3.928125,1393,10.7249
10792,43,51,4.622774,4.622774,482,5.6800
10793,51,16,2.068840,2.068840,1444,10.6919
10794,16,23,3.560730,3.560730,1465,10.7060
10795,23,29,1.841865,1.841865,1305,10.0085
10796,29,11,2.668639,2.668639,1457,10.6172
10797,11,24,4.155204,4.155204,1490,10.5871
10798,24,54,3.795501,3.795501,790,6.4280
10799,54,25,2.626169,2.626169,1477,10.7526
10800,25,36,2.153809,2.153809,1443,10.6312
10801,36,29,2.836009,2.836009,1442,10.6025
10802,29,11,2.530707,2.530707,1462,10.5868
10803,11,45,2.943934,2.943934,1441,10.5909
10804,45,30,2.643446,2.643446,1465,10.6433
10805,30,46,2.843204,2.843204,1436,10.5408
10806,46,1,3.940109,3.940109,1463,10.8063
10807,1,47,1.987380,1.987380,1459,10.6364
10808,47,51,3.221824,3.221824,1449,10.5275
10809,51,16,2.033747,2.033747,1446,10.6158
10810,16,21,5.318498,5.318498,1482,10.6445
10811,21,48,2.765732,2.765732,1448,10.6643
10812,48,6,3.651047,3.651047,1456,10.6077
10813,6,56,3.080293,3.080293,1458,10.6126
10814,56,34,3.485122,3.485122,1460,10.6146
10815,34,40,2.261767,2.261767,1432,10.6640
10816,40,57,2.808173,2.808173,1465,10.6188
10817,57,32,5.021037,5.021037,1472,10.7126
10818,32,9,2.348405,2.348405,1473,10.5943
10819,9,3,2.562027,2.562027,1430,10.6152
10820,3,39,3.149585,3.149585,1463,10.7061
10821,39,44,2.874087,2.874087,1452,10.6294
10822,44,36,5.097924,5.097924,1452,10.6034
10823,36,29,2.688969,2.688969,1378,10.3193
10824,29,11,2.394028,2.394028,1459,10.6545
10825,11,24,4.140017,4.140017,1461,10.6794
10826,24,0,5.335943,5.335943,1439,10.6377
10827,0,25,2.551909,2.551909,1426,10.6695
10828,25,36,2.181480,2.181480,1450,10.5890
10829,36,29,2.596011,2.596011,1500,10.6874
10830,29,23,2.536085,2.536085,1303,10.1045
10831,23,29,1.870149,1.870149,1461,10.6600
10832,29,11,2.334343,2.334343,1452,10.7059
10833,11,24,4.047045,4.047045,1478,10.6465
10834,24,0,5.097317,5.097317,1469,10.6522
10835,0,25,2.476241,2.476241,1464,10.6141
10836,25,2,4.233784,4.233784,1456,10.5584
10837,2,12,2.790407,2.790407,1460,10.8432
10838,12,35,2.483108,2.483108,1447,10.6729
10839,35,0,3.032871,3.032871,1471,10.6309
10840,0,60,2.985511,2.985511,1451,10.7065
10841,60,36,2.957000,2.957000,1432,10.6315
10842,36,29,2.559691,2.559691,1439,10.6295
10843,29,48,3.323006,3.323006,1443,10.5882
10844,48,25,3.579785,3.579785,1436,10.5797
10845,25,2,4.134054,4.134054,1447,10.5861
10846,2,12,2.701851,2.701851,1467,10.5991
10847,12,20,3.540272,3.540272,1443,10.6505
10848,20,3,3.844245,3.844245,1425,10.5469
10849,3,41,2.717941,2.717941,1228,10.0275
10850,41,36,5.693542,5.693542,1437,10.9227
10851,36,29,2.536560,2.536560,1437,10.5176
10852,29,23,2.548624,2.548624,1445,10.6262
10853,23,29,1.840129,1.840129,1458,10.5863
10854,29,11,2.337391,2.337391,1429,10.5813
10855,11,45,3.072098,3.072098,1474,10.6307
10856,45,30,2.608135,2.608135,1493,10.6311
10857,30,31,3.501275,3.501275,1461,10.8481
10858,31,12,3.059524,3.059524,1464,10.7476
10859,12,35,2.442631,2.442631,1465,10.6525
10860,35,0,2.935952,2.935952,1459,10.5959
10861,0,21,3.696271,3.696271,1452,10.5733
10862,21,9,4.124681,4.124681,1433,10.5843
10863,9,15,2.983473,2.983473,1467,10.7476
10864,15,49,2.203610,2.203610,1370,10.5525
10865,49,43,3.790665,3.790665,581,5.4274
10866,43,11,5.152685,5.152685,891,7.0200
10867,11,45,2.884204,2.884204,1373,10.3923
10868,45,63,3.468812,3.468812,1456,10.5863
10869,63,6,4.256206,4.256206,1422,10.5583
10870,6,22,4.761749,4.761749,1443,10.6382
10871,22,20,4.403809,4.403809,1464,10.6825
10872,20,10,1.940639,1.940639,1461,10.6445
10873,10,11,6.495403,6.495403,1372,10.5133
10874,11,42,2.690504,2.690504,1457,10.5662
10875,42,45,2.485900,2.485900,1479,10.5897
10876,45,63,3.333728,3.333728,1463,10.7197
10877,63,6,4.224069,4.224069,1469,10.5954
10878,6,56,3.011568,3.011568,1458,10.7139
10879,56,6,3.280508,3.280508,1438,10.6225
10880,6,32,2.643730,2.643730,1463,10.6694
10881,32,61,3.722207,3.722207,1482,10.6367
10882,61,33,2.913387,2.913387,1393,10.6316
10883,33,11,6.118170,6.118170,1468,10.6254
10884,11,24,3.693331,3.693331,1402,10.4018
10885,24,4,2.714769,2.714769,1465,10.7491
10886,4,19,3.436027,3.436027,1463,10.8370
10887,19,51,4.019189,4.019189,1439,10.6545
10888,51,16,1.929116,1.929116,1476,10.6540
10889,16,21,5.191120,5.191120,1470,10.6558
10890,21,48,2.681441,2.681441,1462,10.6944
10891,48,51,3.950844,3.950844,1445,10.6013
10892,51,16,1.860674,1.860674,1443,10.7809
10893,16,53,6.298351,6.298351,1445,10.5544
10894,53,17,1.908698,1.908698,704,6.0054
10895,17,2,3.795939,3.795939,1207,9.4900
10896,2,12,2.651603,2.651603,1427,10.5190
10897,12,35,2.353780,2.353780,1395,10.5620
10898,35,0,2.815645,2.815645,1474,10.6945
10899,0,21,3.608481,3.608481,1453,10.6343
10900,21,47,4.132286,4.132286,1459,10.6254
10901,47,56,2.275736,2.275736,1456,10.6949
10902,56,34,3.368055,3.368055,1446,10.6422
10903,34,40,2.214228,2.214228,1442,10.6840
10904,40,57,2.740968,2.740968,1452,10.6621
10905,57,32,4.799154,4.799154,1455,11.0981
10906,32,9,2.356170,2.356170,1474,10.7180
10907,9,3,2.582568,2.582568,1448,10.5773
10908,3,10,3.688220,3.688220,1444,10.7879
10909,10,2,4.259474,4.259474,1349,10.3034
10910,2,54,3.968579,3.968579,497,4.9937
10911,54,0,4.169844,4.169844,1091,8.9492
10912,0,21,3.464402,3.464402,1133,8.9594
10913,21,48,2.672979,2.672979,1468,10.6642
10914,48,25,3.496708,3.496708,1449,10.6377
10915,25,2,4.119708,4.119708,1458,10.6188
10916,2,45,3.005011,3.005011,1447,10.6052
10917,45,63,3.154467,3.154467,1446,10.6415
10918,63,6,4.190156,4.190156,1471,10.6689
10919,6,32,2.659218,2.659218,1441,10.6211
10920,32,61,3.579197,3.579197,1453,10.6337
10921,61,2,6.001061,6.001061,1395,10.5184
10922,2,12,2.600554,2.600554,1464,10.6804
10923,12,35,2.280465,2.280465,1503,10.6206
10924,35,0,2.751577,2.751577,1450,10.5971
10925,0,25,2.610819,2.610819,1444,10.6025
10926,25,2,4.088924,4.088924,1454,10.5609
10927,2,45,2.931192,2.931192,1481,10.6269
10928,45,30,2.702777,2.702777,1469,10.6165
10929,30,46,2.928309,2.928309,1481,10.6684
10930,46,47,3.560429,3.560429,1454,10.6910
10931,47,51,3.184942,3.184942,1464,10.6505
10932,51,29,4.496560,4.496560,1462,10.7977
10933,29,23,2.289016,2.289016,1470,10.7962
10934,23,29,1.826243,1.826243,1456,10.5888
10935,29,23,2.113968,2.113968,1461,10.6618
10936,23,29,1.692749,1.692749,1456,10.6871
10937,29,11,2.662294,2.662294,1454,10.5829
10938,11,42,2.661111,2.661111,1465,10.6101
10939,42,45,2.544807,2.544807,1465,10.6071
10940,45,63,3.070532,3.070532,1464,10.7998
10941,63,6,4.142055,4.142055,1461,10.5942
10942,6,32,2.610190,2.610190,1397,10.4325
10943,32,9,2.270218,2.270218,1368,10.6518
10944,9,44,4.401512,4.401512,1457,10.6983
10945,44,35,5.101792,5.101792,654,7.0773
10946,35,0,2.589802,2.589802,1447,10.6913
10947,0,25,2.566150,2.566150,1463,10.6501
10948,25,29,2.407715,2.407715,1435,10.6919
10949,29,23,2.070526,2.070526,1441,10.6131
10950,23,29,1.604857,1.604857,1482,10.6025
10951,29,11,2.590597,2.590597,1479,10.6324
10952,11,24,3.681184,3.681184,1453,10.6392
10953,24,4,2.656787,2.656787,1442,10.6537
10954,4,19,3.259094,3.259094,1389,10.5254
10955,19,38,5.718868,5.718868,1445,10.6907
10956,38,2,3.638206,3.638206,1448,10.6802
10957,2,12,2.574372,2.574372,1471,10.6734
10958,12,35,2.323082,2.323082,1320,10.1464
10959,35,53,3.904947,3.904947,1470,10.5817
10960,53,17,1.912442,1.912442,1467,10.7347
10961,17,2,3.725267,3.725267,1381,10.4249
10962,2,12,2.495049,2.495049,1449,10.6675
10963,12,35,2.236599,2.236599,1436,10.6288
10964,35,8,3.091286,3.091286,1440,10.6197
10965,8,56,3.811961,3.811961,1439,10.5976
10966,56,34,3.197630,3.197630,1470,10.8138
10967,34,35,3.820503,3.820503,1451,10.6476
10968,35,0,2.559089,2.559089,1460,10.6331
10969,0,60,3.122506,3.122506,1460,10.7582
10970,60,38,3.139944,3.139944,1438,10.5687
10971,38,50,2.468506,2.468506,1431,10.6608
10972,50,54,3.909843,3.909843,1483,10.7825
10973,54,25,2.888165,2.888165,1489,10.6031
10974,25,2,3.921543,3.921543,1457,10.5439
10975,2,45,2.898464,2.898464,1487,11.2631
10976,45,63,2.927198,2.927198,1432,10.5753
10977,63,18,3.336539,3.336539,1427,10.5861
10978,18,38,3.136814,3.136814,1474,10.7171
10979,38,2,3.555338,3.555338,1448,10.5726
10980,2,54,3.811933,3.811933,1450,10.5784
10981,54,0,4.201905,4.201905,1453,10.7212
10982,0,25,2.497118,2.497118,1446,10.5446
10983,25,29,2.378905,2.378905,1452,10.5985
10984,29,23,2.017844,2.017844,1423,10.6236
10985,23,29,1.540687,1.540687,1457,10.6357
10986,29,48,3.327678,3.327678,1445,10.6310
10987,48,25,3.398340,3.398340,1457,10.5554
10988,25,36,2.628029,2.628029,1440,10.5956
10989,36,34,3.312819,3.312819,1473,10.5875
10990,34,7,5.271693,5.271693,1464,10.6574
10991,7,31,3.059084,3.059084,1218,10.0833
10992,31,12,3.131692,3.131692,1457,10.7111
10993,12,43,5.026140,5.026140,1451,10.6932
10994,43,51,4.604582,4.604582,379,5.6486
10995,51,16,1.854641,1.854641,1416,10.5980
10996,16,23,3.615518,3.615518,1497,10.6805
10997,23,29,1.531431,1.531431,1469,10.8202
10998,29,48,3.158764,3.158764,1441,10.5656
10999,48,25,3.232762,3.232762,1482,10.7310
11000,25,2,3.918640,3.918640,1456,10.6841
11001,2,12,2.533281,2.533281,1424,10.5048
11002,12,35,2.274443,2.274443,1447,10.6904
11003,35,0,2.539626,2.539626,1466,10.6072
11004,0,21,3.561645,3.561645,1446,10.5310
11005,21,9,4.237619,4.237619,1458,10.6219
11006,9,44,4.216204,4.216204,1461,10.7608
11007,44,36,4.927066,4.927066,840,7.9061
11008,36,29,2.728513,2.728513,1452,10.5710
11009,29,23,1.990873,1.990873,1469,10.6502
11010,23,29,1.498026,1.498026,1470,10.7210
11011,29,48,3.052530,3.052530,1450,10.6029
11012,48,25,3.102144,3.102144,1422,10.5507
11013,25,29,2.149304,2.149304,1458,10.5668
11014,29,11,2.725661,2.725661,1454,10.5691
11015,11,45,2.994985,2.994985,1457,10.5252
11016,45,63,2.837815,2.837815,1452,10.5022
11017,63,18,3.267997,3.267997,1459,10.5842
11018,18,12,4.677860,4.677860,1450,10.5802
11019,12,35,2.194928,2.194928,1424,10.6388
11020,35,53,3.924241,3.924241,1453,10.6458
11021,53,17,1.927063,1.927063,1488,10.6063
11022,17,2,3.612244,3.612244,1384,10.5204
11023,2,12,2.506617,2.506617,1462,10.6292
11024,12,35,2.120795,2.120795,1455,10.6207
11025,35,0,2.493423,2.493423,1455,10.5113
11026,0,60,3.122266,3.122266,1478,10.5735
11027,60,38,3.123771,3.123771,1440,10.5469
11028,38,50,2.454965,2.454965,1473,10.5895
11029,50,54,3.725713,3.725713,1450,10.6901
11030,54,25,2.990042,2.990042,1456,10.6811
11031,25,36,2.703245,2.703245,1470,10.5517
11032,36,29,2.593915,2.593915,1430,10.5479
11033,29,48,2.908668,2.908668,1432,10.5592
11034,48,51,4.242020,4.242020,1420,10.6087
11035,51,16,1.808977,1.808977,1440,10.7515
11036,16,21,5.203374,5.203374,1444,10.7401
11037,21,47,4.022416,4.022416,1466,10.5549
11038,47,51,3.103831,3.103831,1436,10.6152
11039,51,29,4.341878,4.341878,1457,10.6861
11040,29,23,2.043751,2.043751,1441,10.5491
11041,23,29,1.532826,1.532826,1480,10.6401
11042,29,23,1.887947,1.887947,1457,10.6003
11043,23,29,1.437550,1.437550,1461,10.7011
11044,29,11,2.676438,2.676438,1442,10.5979
11045,11,42,2.849052,2.849052,1440,10.6061
11046,42,0,4.288161,4.288161,1456,10.6329
11047,0,60,2.946737,2.946737,1458,10.6251
11048,60,36,3.126092,3.126092,1469,10.6121
11049,36,29,2.697706,2.697706,1456,10.6402
11050,29,11,2.490090,2.490090,1465,10.5509
11051,11,24,3.713639,3.713639,1453,10.6042
11052,24,0,5.250447,5.250447,1470,10.6221
11053,0,25,2.613053,2.613053,1459,10.6741
11054,25,2,3.850331,3.850331,1438,10.5540
11055,2,12,2.446560,2.446560,1460,10.7483
11056,12,35,2.090537,2.090537,1457,10.7020
11057,35,8,3.208924,3.208924,1442,10.5683
11058,8,41,2.386598,2.386598,1402,10.4926
11059,41,30,5.215096,5.215096,1357,10.5236
11060,30,46,2.833717,2.833717,1398,10.4792
11061,46,46,0.797395,0.797395,1445,10.7474
11062,46,47,3.487795,3.487795,1484,10.8347
11063,47,51,2.979990,2.979990,1447,10.6146
11064,51,16,1.871044,1.871044,1428,10.5342
11065,16,53,6.239180,6.239180,1382,10.3900
11066,53,11,5.372070,5.372070,1485,10.6204
11067,11,42,2.754819,2.754819,1456,10.6840
11068,42,54,3.739942,3.739942,1438,10.5824
11069,54,0,4.167621,4.167621,1454,10.6569
11070,0,60,2.841649,2.841649,1460,10.6873
11071,60,38,3.112627,3.112627,1472,10.5730
11072,38,50,2.415938,2.415938,1461,10.7268
11073,50,54,3.571753,3.571753,1461,10.6640
11074,54,0,4.075314,4.075314,1454,10.6157
11075,0,25,2.435072,2.435072,1459,10.6463
11076,25,2,3.712419,3.712419,1473,10.6285
11077,2,45,2.890044,2.890044,1452,10.7678
11078,45,30,2.956925,2.956925,1464,10.5813
11079,30,31,3.536775,3.536775,1465,10.7166
11080,31,54,3.946933,3.946933,1465,10.6258
11081,54,44,5.650180,5.650180,1465,10.5367
11082,44,35,5.194950,5.194950,1219,9.9399
11083,35,53,3.822063,3.822063,1480,10.6144
11084,53,11,5.265808,5.265808,1460,10.5892
11085,11,42,2.636967,2.636967,1443,10.5930
11086,42,54,3.650731,3.650731,1448,10.5907
11087,54,25,2.919689,2.919689,1445,10.6081
11088,25,29,2.344080,2.344080,1472,10.6006
11089,29,11,2.534424,2.534424,1459,10.5860
11090,11,42,2.556424,2.556424,1444,10.6743
11091,42,54,3.554934,3.554934,1468,10.6134
11092,54,0,3.964506,3.964506,1454,10.5718
11093,0,21,3.652959,3.652959,1427,10.5577
11094,21,47,3.937404,3.937404,1452,10.6164
11095,47,56,2.309501,2.309501,1456,10.6303
11096,56,6,3.389453,3.389453,1374,10.4988
11097,6,32,2.477719,2.477719,1466,10.6868
11098,32,9,2.255457,2.255457,1345,10.5692
11099,9,3,2.568258,2.568258,1459,10.9309
11100,3,41,2.722736,2.722736,1446,10.7614
11101,41,30,5.146015,5.146015,1468,10.6678
11102,30,46,2.787176,2.787176,1445,10.6302
11103,46,47,3.342311,3.342311,1290,10.1053
11104,47,56,2.210506,2.210506,1446,10.6399
11105,56,34,3.173374,3.173374,1468,10.7520
11106,34,40,2.268092,2.268092,1467,10.6118
11107,40,57,2.620745,2.620745,1452,10.5917
11108,57,32,4.631428,4.631428,1264,9.9884
11109,32,9,2.146019,2.146019,1444,10.6236
11110,9,44,4.186591,4.186591,1455,10.5721
11111,44,35,5.057587,5.057587,1389,10.4390
11112,35,53,3.563659,3.563659,1490,10.6696
11113,53,17,1.978812,1.978812,1466,10.7606
11114,17,2,3.500545,3.500545,1461,10.6373
11115,2,54,3.673140,3.673140,1456,10.6387
11116,54,0,3.764498,3.764498,1453,10.7841
11117,0,21,3.532673,3.532673,1461,10.6636
11118,21,47,3.883101,3.883101,1467,10.5941
11119,47,22,2.907240,2.907240,1487,10.6887
11120,22,35,5.239765,5.239765,1448,10.6461
11121,35,0,2.861079,2.861079,1430,10.6055
11122,0,25,2.339447,2.339447,1445,10.6562
11123,25,36,2.720323,2.720323,1496,10.6211
11124,36,29,2.664459,2.664459,1442,10.5484
11125,29,23,2.085432,2.085432,1474,10.7157
11126,23,18,3.882430,3.882430,1452,10.6758
11127,18,38,3.105289,3.105289,1292,10.1135
11128,38,54,3.993842,3.993842,1450,10.5917
11129,54,25,2.780428,2.780428,1227,9.9056
11130,25,36,2.594943,2.594943,1456,10.5777
11131,36,29,2.563527,2.563527,1454,10.5772
11132,29,23,2.024449,2.024449,1464,10.6048
11133,23,29,1.635550,1.635550,1418,10.5704
11134,29,11,2.547808,2.547808,1469,10.6075
11135,11,42,2.526603,2.526603,1468,10.6406
11136,42,45,2.818561,2.818561,1475,10.5558
11137,45,30,2.982746,2.982746,1467,10.6003
11138,30,46,2.762338,2.762338,1465,10.6574
11139,46,47,3.221546,3.221546,1457,10.6412
11140,47,56,2.173114,2.173114,1456,10.7569
11141,56,34,3.058824,3.058824,1467,10.7079
11142,34,40,2.237138,2.237138,1459,10.6133
11143,40,57,2.588737,2.588737,1455,10.5949
11144,57,59,4.508145,4.508145,1444,10.8072
11145,59,15,3.849868,3.849868,1439,10.6220
11146,15,49,2.152128,2.152128,1182,9.5700
11147,49,50,4.536176,4.536176,1060,9.0172
11148,50,54,3.353536,3.353536,1492,10.6539
11149,54,25,2.768176,2.768176,1273,10.1630
11150,25,29,2.325833,2.325833,1449,10.7625
11151,29,48,3.046036,3.046036,1451,10.7081
11152,48,51,4.063354,4.063354,1450,10.6130
11153,51,16,1.821476,1.821476,1472,10.6251
11154,16,21,5.097593,5.097593,1433,10.5446
11155,21,48,2.639426,2.639426,1453,10.7118
11156,48,6,4.041645,4.041645,1445,10.5748
11157,6,56,2.961674,2.961674,1457,10.7511
11158,56,34,2.909657,2.909657,1450,10.5480
11159,34,40,2.203808,2.203808,1461,10.5689
11160,40,25,4.747975,4.747975,1460,10.6765
11161,25,2,3.638087,3.638087,1454,10.6357
11162,2,12,2.516097,2.516097,1468,10.6531
11163,12,20,3.729731,3.729731,795,6.2992
11164,20,3,3.804673,3.804673,659,6.1577
11165,3,41,2.573931,2.573931,1466,10.5927
11166,41,30,5.064689,5.064689,1453,10.6227
11167,30,31,3.450719,3.450719,1451,10.6793
11168,31,12,3.258809,3.258809,1466,10.8182
11169,12,35,2.416837,2.416837,1457,10.6149
11170,35,53,3.445764,3.445764,1461,10.5711
11171,53,17,1.972743,1.972743,1448,10.5673
11172,17,7,2.684943,2.684943,1450,10.5538
11173,7,31,3.054639,3.054639,1468,10.6138
11174,31,12,3.154610,3.154610,1448,10.5856
11175,12,35,2.313300,2.313300,1444,10.5901
11176,35,53,3.328985,3.328985,1428,10.5484
11177,53,17,1.969926,1.969926,1450,10.6065
11178,17,1,4.914729,4.914729,1464,10.6221
11179,1,19,4.818897,4.818897,1459,10.6901
11180,19,24,2.879060,2.879060,1372,10.4224
11181,24,4,2.548607,2.548607,956,8.4602
11182,4,23,3.860458,3.860458,1432,10.5676
11183,23,29,1.674965,1.674965,1130,9.4588
11184,29,48,2.829403,2.829403,1452,10.7240
11185,48,51,4.019659,4.019659,1460,10.7529
11186,51,16,1.788096,1.788096,1444,10.5930
11187,16,21,4.894424,4.894424,1464,10.7230
11188,21,9,4.176829,4.176829,1469,10.7922
11189,9,3,2.581480,2.581480,1507,10.6689
11190,3,39,3.245985,3.245985,1446,10.6377
11191,39,44,2.823135,2.823135,1423,10.5904
11192,44,35,5.097674,5.097674,1451,10.6125
11193,35,8,3.111124,3.111124,1284,10.0353
11194,8,52,5.099298,5.099298,1481,10.6666
11195,52,22,3.775596,3.775596,904,7.9747
11196,22,47,2.657077,2.657077,1442,10.6723
11197,47,22,2.882654,2.882654,1451,10.5914
11198,22,35,5.206783,5.206783,1453,10.7075
11199,35,53,3.152268,3.152268,1424,10.5510
11200,53,11,5.305612,5.305612,1455,10.7548
11201,11,42,2.471584,2.471584,1248,9.7914
11202,42,45,2.706396,2.706396,1246,9.9651
11203,45,63,2.952503,2.952503,1462,10.6077
11204,63,6,4.132947,4.132947,1447,10.6031
11205,6,32,2.651141,2.651141,1449,10.6492
11206,32,9,2.176525,2.176525,1443,10.5505
11207,9,3,2.500839,2.500839,1460,10.5778
11208,3,41,2.559863,2.559863,1445,10.5888
11209,41,6,4.044059,4.044059,1438,10.6181
11210,6,32,2.528933,2.528933,1420,10.5704
11211,32,9,2.095590,2.095590,1490,10.6631
11212,9,44,4.061947,4.061947,1474,10.5963
11213,44,35,4.998315,4.998315,1442,10.6500
11214,35,0,2.902369,2.902369,1474,10.6387
11215,0,25,2.393503,2.393503,1475,10.7063
11216,25,36,2.551778,2.551778,1455,10.7719
11217,36,34,3.567562,3.567562,1478,10.7172
11218,34,7,5.262012,5.262012,1449,10.6167
11219,7,22,4.046310,4.046310,1465,10.6299
11220,22,20,4.159404,4.159404,1413,10.6559
11221,20,10,1.966610,1.966610,1048,8.6366
11222,10,2,4.789955,4.789955,1404,10.6188
11223,2,12,2.497779,2.497779,1233,9.6527
11224,12,35,2.538150,2.538150,1397,10.4577
11225,35,53,3.023023,3.023023,1458,10.6700
11226,53,11,5.178157,5.178157,1455,10.5972
11227,11,45,2.979856,2.979856,1270,9.9019
11228,45,30,3.109424,3.109424,1342,10.3713
11229,30,31,3.453176,3.453176,1464,10.6171
11230,31,12,3.051711,3.051711,1450,10.6543
11231,12,43,4.908142,4.908142,1479,10.6054
11232,43,51,4.734150,4.734150,1388,10.7570
11233,51,29,4.206810,4.206810,1458,10.6717
11234,29,11,2.617145,2.617145,1484,10.7978
11235,11,42,2.448784,2.448784,1458,10.6500
11236,42,54,3.576516,3.576516,1434,10.6435
11237,54,25,2.763510,2.763510,1432,10.6348
11238,25,2,3.639275,3.639275,1447,10.5945
11239,2,12,2.441564,2.441564,1429,10.5879
11240,12,20,3.904868,3.904868,1456,10.7856
11241,20,3,3.844851,3.844851,1433,10.6381
11242,3,39,3.180967,3.180967,1438,10.7021
11243,39,44,2.687394,2.687394,1058,9.2607
11244,44,35,4.950147,4.950147,1451,10.6507
11245,35,0,2.840901,2.840901,1461,10.6092
11246,0,25,2.374721,2.374721,1477,10.6124
11247,25,2,3.488300,3.488300,1425,10.6166
11248,2,12,2.367864,2.367864,1454,10.6117
11249,12,35,2.652179,2.652179,1452,10.6477
11250,35,8,3.103600,3.103600,1426,10.5235
11251,8,41,2.435450,2.435450,1469,10.6968
11252,41,6,3.860694,3.860694,1469,10.6409
11253,6,22,4.730031,4.730031,1453,10.6322
11254,22,35,5.077370,5.077370,1471,10.6641
11255,35,53,2.955787,2.955787,1466,10.6065
11256,53,11,5.094201,5.094201,1474,10.6155
11257,11,42,2.385639,2.385639,1332,10.5120
11258,42,54,3.454782,3.454782,1243,9.7713
11259,54,25,2.621347,2.621347,1482,10.7741
11260,25,36,2.546316,2.546316,1459,10.6784
11261,36,34,3.456566,3.456566,1469,10.7072
11262,34,40,2.166706,2.166706,1462,10.5940
11263,40,57,2.629547,2.629547,1454,10.7249
11264,57,32,4.431088,4.431088,1458,10.6512
11265,32,9,2.014796,2.014796,1437,10.7314
11266,9,15,3.336415,3.336415,1447,10.6017
11267,15,49,2.189091,2.189091,1479,10.6073
11268,49,50,4.323934,4.323934,767,6.8174
11269,50,53,3.927032,3.927032,1373,10.4936
11270,53,11,4.908869,4.908869,1478,10.6584
11271,11,42,2.340228,2.340228,1474,10.7245
11272,42,0,4.177153,4.177153,1438,10.6195
11273,0,60,3.057162,3.057162,1458,10.6130
11274,60,38,3.093480,3.093480,1461,10.5709
11275,38,50,2.608535,2.608535,1453,10.6811
11276,50,53,3.763472,3.763472,1449,10.6717
11277,53,11,4.734757,4.734757,1469,10.6894
11278,11,45,2.962125,2.962125,1467,10.6263
11279,45,62,4.647959,4.647959,1337,10.1017
11280,62,60,3.895769,3.895769,1418,10.6007
11281,60,36,3.076907,3.076907,1461,10.5915
11282,36,34,3.315088,3.315088,1460,10.6537
11283,34,40,2.113689,2.113689,1466,10.6744
11284,40,21,4.945393,4.945393,1511,10.5718
11285,21,9,4.062246,4.062246,1433,10.5686
11286,9,3,2.604436,2.604436,1425,10.5251
11287,3,41,2.508572,2.508572,1456,10.5867
11288,41,36,5.670257,5.670257,1492,10.7461
11289,36,34,3.103985,3.103985,1480,10.6480
11290,34,7,5.165054,5.165054,1441,10.6820
11291,7,22,3.819585,3.819585,1442,10.6300
11292,22,35,4.862911,4.862911,1466,10.6540
11293,35,53,3.019284,3.019284,1480,10.6269
11294,53,17,2.155964,2.155964,1468,10.8023
11295,17,7,2.758544,2.758544,1451,10.6247
11296,7,31,2.941696,2.941696,1482,10.7201
11297,31,12,3.016707,3.016707,1450,10.6358
11298,12,20,3.795191,3.795191,1442,10.5506
11299,20,10,1.997554,1.997554,1462,10.6512
11300,10,2,4.779768,4.779768,1430,10.6663
11301,2,45,2.995946,2.995946,1464,10.6488
11302,45,62,4.479765,4.479765,1464,10.5821
11303,62,21,4.289550,4.289550,1459,10.5917
11304,21,47,3.703563,3.703563,680,5.4336
11305,47,56,2.211666,2.211666,1464,10.6935
11306,56,34,3.066720,3.066720,1455,10.6653
11307,34,35,3.928830,3.928830,1449,10.6560
11308,35,53,2.961631,2.961631,1475,10.6626
11309,53,17,2.131938,2.131938,1453,10.6324
11310,17,1,4.630214,4.630214,1464,10.5593
11311,1,32,3.234771,3.234771,1475,10.6847
11312,32,9,2.040541,2.040541,1445,10.5966
11313,9,3,2.521228,2.521228,1458,10.5557
11314,3,39,3.191161,3.191161,1471,10.6561
11315,39,44,2.589174,2.589174,1450,10.6772
11316,44,35,4.977662,4.977662,1443,10.5888
11317,35,0,3.031910,3.031910,1457,10.7727
11318,0,60,2.968712,2.968712,1473,10.8049
11319,60,44,5.816054,5.816054,1423,10.5148
11320,44,36,4.940756,4.940756,1454,10.6969
11321,36,29,2.842107,2.842107,1471,10.5667
11322,29,23,2.117566,2.117566,1460,10.6719
11323,23,29,1.756332,1.756332,1466,10.6828
11324,29,23,1.959211,1.959211,1480,10.6698
11325,23,29,1.632773,1.632773,1479,10.6360
11326,29,11,2.890975,2.890975,1480,10.5883
11327,11,45,2.890326,2.890326,1477,10.6411
11328,45,63,3.061560,3.061560,1464,10.6619
11329,63,18,3.185175,3.185175,1455,10.5989
11330,18,18,1.098327,1.098327,1463,10.6024
11331,18,38,3.071579,3.071579,1481,10.6782
11332,38,50,2.513365,2.513365,1450,10.6179
11333,50,53,3.773824,3.773824,1438,10.6212
11334,53,17,2.036099,2.036099,1461,10.7270
11335,17,7,2.756808,2.756808,1471,10.6472
11336,7,31,2.862531,2.862531,1424,10.5933
11337,31,12,2.928725,2.928725,1401,10.5399
11338,12,20,3.664736,3.664736,1471,10.6712
11339,20,3,3.961072,3.961072,1461,10.6592
11340,3,41,2.435671,2.435671,1406,10.5408
11341,41,30,5.068769,5.068769,1395,10.4861
11342,30,27,6.453809,6.453809,1451,10.6175
11343,27,53,4.531002,4.531002,872,7.6468
11344,53,17,1.970360,1.970360,1464,10.6567
11345,17,2,3.537798,3.537798,1438,10.5343
11346,2,54,3.641989,3.641989,1455,10.6200
11347,54,25,2.606644,2.606644,763,6.3110
11348,25,29,2.561752,2.561752,1504,10.6162
11349,29,23,1.924677,1.924677,1451,10.5635
11350,23,29,1.540949,1.540949,1441,10.6429
11351,29,48,2.869247,2.869247,1357,10.2982
11352,48,25,3.471327,3.471327,1485,10.8632
11353,25,36,2.686001,2.686001,1470,10.6421
11354,36,29,2.684253,2.684253,1473,10.7243
11355,29,11,2.820470,2.820470,1438,10.6122
11356,11,45,2.862965,2.862965,1465,10.6310
11357,45,63,2.997318,2.997318,1458,10.6613
11358,63,6,4.276378,4.276378,1462,10.7120
11359,6,56,3.056999,3.056999,1436,10.6200
11360,56,34,2.934924,2.934924,1415,10.5674
11361,34,35,3.794894,3.794894,1461,10.5880
11362,35,8,3.024158,3.024158,1454,10.7161
11363,8,56,3.729521,3.729521,1450,10.6170
11364,56,6,3.310155,3.310155,1473,10.6588
11365,6,32,2.621327,2.621327,1492,10.6408
11366,32,27,4.181701,4.181701,1439,10.5941
11367,27,20,4.889228,4.889228,1319,10.2752
11368,20,8,3.245441,3.245441,1481,10.6281
11369,8,41,2.447984,2.447984,1447,10.5807
11370,41,30,4.837457,4.837457,1435,10.6037
11371,30,46,2.890224,2.890224,1478,10.7581
11372,46,47,3.178807,3.178807,1454,10.6314
11373,47,51,3.081640,3.081640,1454,10.6641
11374,51,29,4.159224,4.159224,719,6.9095
11375,29,11,2.614814,2.614814,1467,10.7145
11376,11,24,4.183772,4.183772,1453,10.7640
11377,24,0,5.045929,5.045929,197,3.2403
11378,0,21,3.681370,3.681370,1454,10.5892
11379,21,48,2.651311,2.651311,1456,10.7206
11380,48,6,4.031877,4.031877,1440,10.6040
11381,6,32,2.560524,2.560524,1475,10.6068
11382,32,9,2.027096,2.027096,1457,10.6951
11383,9,15,3.285004,3.285004,1523,10.6217
11384,15,39,2.980325,2.980325,1472,10.6571
11385,39,59,3.639193,3.639193,1462,10.8124
11386,59,10,4.041604,4.041604,1410,10.4922
11387,10,2,4.592527,4.592527,1432,10.6698
11388,2,45,2.984708,2.984708,1438,10.5473
11389,45,30,3.467738,3.467738,1449,10.7066
11390,30,46,2.849071,2.849071,1456,10.7438
11391,46,47,3.059653,3.059653,1442,10.6425
11392,47,56,2.235386,2.235386,1457,10.5821
11393,56,1,2.804938,2.804938,1436,10.5736
11394,1,47,2.479944,2.479944,1458,10.6376
11395,47,22,3.142746,3.142746,1443,10.5570
11396,22,35,4.599191,4.599191,1435,10.6976
11397,35,8,2.852510,2.852510,1469,10.5755
11398,8,41,2.397528,2.397528,1471,10.7362
11399,41,6,3.935532,3.935532,1443,10.6617
11400,6,32,2.458756,2.458756,1451,10.6143
11401,32,9,1.958045,1.958045,1439,10.6176
11402,9,44,4.041907,4.041907,1458,10.5987
11403,44,35,4.685518,4.685518,1466,10.6638
11404,35,8,2.750283,2.750283,1455,10.6506
11405,8,56,3.665133,3.665133,1419,10.6448
11406,56,6,3.243552,3.243552,1458,10.5640
11407,6,32,2.356169,2.356169,1477,10.6205
11408,32,61,4.003697,4.003697,1455,10.5836
11409,61,33,2.887128,2.887128,1450,10.5686
11410,33,11,6.246526,6.246526,1372,10.5307
11411,11,42,2.508820,2.508820,1189,10.3880
11412,42,0,4.014551,4.014551,798,7.1226
11413,0,25,2.478784,2.478784,808,7.7528
11414,25,36,2.593010,2.593010,1420,10.4723
11415,36,29,2.725080,2.725080,1479,10.6733
11416,29,23,2.028255,2.028255,1444,10.6347
11417,23,29,1.612760,1.612760,1454,10.5713
11418,29,11,2.671860,2.671860,1467,10.7248
11419,11,42,2.451951,2.451951,1436,10.5932
11420,42,45,2.555262,2.555262,1467,10.6398
11421,45,62,4.440406,4.440406,1459,10.5672
11422,62,60,3.764709,3.764709,1466,10.6823
11423,60,38,3.018215,3.018215,1450,10.6424
11424,38,50,2.454366,2.454366,1444,10.6365
11425,50,54,3.309464,3.309464,1465,10.7119
11426,54,0,3.930711,3.930711,1490,10.6076
11427,0,25,2.382979,2.382979,1438,10.5851
11428,25,2,3.762517,3.762517,1441,10.5680
11429,2,45,2.896383,2.896383,1489,10.6412
11430,45,63,2.968580,2.968580,1428,10.5521
11431,63,6,4.322736,4.322736,1473,10.6389
11432,6,56,2.888974,2.888974,1467,10.7091
11433,56,34,2.884727,2.884727,1454,10.7763
11434,34,40,2.265695,2.265695,1454,10.6927
11435,40,57,2.609068,2.609068,1422,10.5576
11436,57,52,3.162748,3.162748,1461,10.8381
11437,52,22,3.729298,3.729298,1416,10.5203
11438,22,35,4.526316,4.526316,1416,10.5521
11439,35,0,3.395001,3.395001,1477,10.6524
11440,0,25,2.309661,2.309661,1449,10.6115
11441,25,36,2.540823,2.540823,1478,10.5974
11442,36,29,2.675192,2.675192,1462,10.6642
11443,29,11,2.546124,2.546124,1466,10.6433
11444,11,45,2.908800,2.908800,1446,10.5649
11445,45,62,4.329572,4.329572,1473,10.5977
11446,62,60,3.670803,3.670803,1477,10.7678
11447,60,38,2.916988,2.916988,1458,10.6607
11448,38,2,3.754247,3.754247,1507,10.7041
11449,2,45,2.785192,2.785192,1499,10.5912
11450,45,30,3.497863,3.497863,1461,10.6509
11451,30,31,3.551394,3.551394,1461,10.6007
11452,31,12,2.840203,2.840203,1466,10.7166
11453,12,35,3.111035,3.111035,1448,10.7598
11454,35,53,3.220327,3.220327,1452,10.6526
11455,53,11,4.917907,4.917907,1458,10.6232
11456,11,42,2.479457,2.479457,1479,10.8573
11457,42,54,3.578386,3.578386,1481,10.6863
11458,54,25,2.691018,2.691018,1470,10.6199
11459,25,2,3.629316,3.629316,1478,10.6056
11460,2,45,2.653092,2.653092,1449,10.5537
11461,45,30,3.326245,3.326245,1456,10.6542
11462,30,46,2.925968,2.925968,1465,10.6361
11463,46,46,0.947066,0.947066,1464,10.6112
11464,46,46,0.810509,0.810509,1444,10.5451
11465,46,47,3.102995,3.102995,1448,10.6783
11466,47,56,2.219215,2.219215,1480,10.8053
11467,56,34,2.778996,2.778996,1486,10.6151
11468,34,40,2.218940,2.218940,1492,10.6799
11469,40,57,2.581886,2.581886,1462,10.6707
11470,57,52,3.074176,3.074176,904,7.0872
11471,52,22,3.593662,3.593662,996,8.8574
11472,22,47,2.956830,2.956830,1439,10.7204
11473,47,56,2.093714,2.093714,1466,10.7348
11474,56,34,2.673769,2.673769,1439,10.7270
11475,34,40,2.186037,2.186037,1452,10.6129
11476,40,57,2.563922,2.563922,1464,10.6456
11477,57,52,2.995656,2.995656,1463,10.5989
11478,52,22,3.459337,3.459337,1459,10.6109
11479,22,47,2.931941,2.931941,1464,10.6224
11480,47,51,3.081865,3.081865,1441,10.5464
11481,51,51,1.435770,1.435770,1260,9.5148
11482,51,16,1.883137,1.883137,1450,10.6821
11483,16,21,4.669284,4.669284,1463,10.6305
11484,21,9,4.147066,4.147066,1465,10.6506
11485,9,15,3.132311,3.132311,1449,10.7221
11486,15,49,2.278332,2.278332,1453,10.6240
11487,49,43,3.795616,3.795616,1462,10.8116
11488,43,51,4.569466,4.569466,1443,10.7270
11489,51,29,4.281562,4.281562,1443,10.5990
11490,29,11,2.484466,2.484466,1473,10.8239
11491,11,42,2.390611,2.390611,1460,10.6749
11492,42,54,3.463379,3.463379,1473,10.6872
11493,54,0,3.938709,3.938709,1464,10.6064
11494,0,60,3.072537,3.072537,1351,10.1747
11495,60,44,5.674921,5.674921,1431,10.5632
11496,44,35,4.502284,4.502284,1434,10.7663
11497,35,8,2.724666,2.724666,1470,10.6364
11498,8,41,2.387422,2.387422,1474,10.6801
11499,41,30,4.827328,4.827328,1460,10.6790
11500,30,46,2.740119,2.740119,1405,10.4071
11501,46,47,3.145057,3.145057,1459,10.7385
11502,47,56,2.053289,2.053289,1447,10.6241
11503,56,6,3.283069,3.283069,1453,10.6825
11504,6,56,2.699830,2.699830,1472,10.5928
11505,56,34,2.611275,2.611275,1445,10.5902
11506,34,40,2.154749,2.154749,1471,10.6125
11507,40,21,4.891585,4.891585,1445,10.6137
11508,21,9,3.978933,3.978933,1454,10.6531
11509,9,3,2.680327,2.680327,1457,10.6218
11510,3,41,2.467477,2.467477,1478,10.5611
11511,41,30,4.704625,4.704625,1456,10.7325
11512,30,46,2.681125,2.681125,1454,10.7121
11513,46,46,0.757135,0.757135,1466,10.6312
11514,46,47,3.120258,3.120258,1480,10.5945
11515,47,51,3.030039,3.030039,1438,10.5975
11516,51,29,4.152044,4.152044,1452,10.5849
11517,29,48,2.732938,2.732938,1460,10.6835
11518,48,25,3.467530,3.467530,1459,10.6120
11519,25,2,3.526509,3.526509,1402,10.5044
11520,2,45,2.549078,2.549078,1465,10.6934
11521,45,30,3.372148,3.372148,1464,10.5945
11522,30,31,3.618864,3.618864,1462,10.6957
11523,31,12,2.742306,2.742306,1468,10.6588
11524,12,35,3.076190,3.076190,1460,10.5689
11525,35,8,2.653016,2.653016,1458,10.6766
11526,8,56,3.543778,3.543778,1448,10.6338
11527,56,34,2.478303,2.478303,1470,10.6651
11528,34,35,3.771333,3.771333,1460,10.5910
11529,35,8,2.542306,2.542306,1466,10.5437
11530,8,52,5.383127,5.383127,1444,10.5412
11531,52,21,5.235655,5.235655,33,2.1828
11532,21,48,2.598212,2.598212,1470,10.5941
11533,48,25,3.310092,3.310092,1468,10.6543
11534,25,36,2.579543,2.579543,1436,10.5995
11535,36,34,3.626534,3.626534,1473,10.6223
11536,34,40,2.143383,2.143383,1444,10.5766
11537,40,25,4.797421,4.797421,1496,10.5757
11538,25,2,3.508640,3.508640,1471,10.5605
11539,2,54,3.537516,3.537516,1474,10.5851
11540,54,25,2.708603,2.708603,1450,10.6385
11541,25,36,2.449788,2.449788,1447,10.6450
11542,36,34,3.556546,3.556546,1452,10.5632
11543,34,7,5.462863,5.462863,1472,10.6215
11544,7,22,3.735401,3.735401,1352,10.4503
11545,22,35,4.526506,4.526506,1451,10.6474
11546,35,8,2.443638,2.443638,1458,10.5635
11547,8,41,2.469624,2.469624,1446,10.6381
11548,41,6,3.909460,3.909460,1446,10.5643
11549,6,32,2.414654,2.414654,1426,10.5672
11550,32,9,2.163321,2.163321,1442,10.5842
11551,9,3,2.609135,2.609135,1443,10.6367
11552,3,39,3.110104,3.110104,1467,10.6447
11553,39,59,3.518538,3.518538,1426,10.5808
11554,59,26,2.856948,2.856948,776,7.1538
11555,26,43,3.855749,3.855749,998,8.6110
11556,43,46,3.904045,3.904045,762,7.1491
11557,46,47,2.926511,2.926511,1459,10.6857
11558,47,56,2.141927,2.141927,1460,10.6663
11559,56,1,3.005348,3.005348,1419,10.5410
11560,1,32,3.301239,3.301239,1443,10.5943
11561,32,9,2.081419,2.081419,1471,10.5421
11562,9,3,2.526306,2.526306,1445,10.5645
11563,3,10,4.012202,4.012202,1461,10.6270
11564,10,11,6.416874,6.416874,1442,10.6201
11565,11,42,2.350367,2.350367,750,7.6323
11566,42,45,2.678139,2.678139,675,6.0918
11567,45,63,3.098624,3.098624,1380,10.3863
11568,63,18,3.122355,3.122355,1290,9.8763
11569,18,12,5.061696,5.061696,1262,9.7948
11570,12,35,3.052889,3.052889,1424,10.6928
11571,35,8,2.367816,2.367816,1443,10.6297
11572,8,41,2.437324,2.437324,1464,10.6066
11573,41,6,3.754891,3.754891,1439,10.6620
11574,6,56,2.703619,2.703619,1457,10.6506
11575,56,6,2.999634,2.999634,1451,10.5923
11576,6,56,2.488517,2.488517,1454,10.6565
11577,56,1,2.989756,2.989756,1465,10.5928
11578,1,32,3.186712,3.186712,1464,10.7541
11579,32,27,4.255977,4.255977,1443,10.5496
11580,27,2,5.728532,5.728532,1465,10.6521
11581,2,45,2.535471,2.535471,1480,10.6755
11582,45,30,3.292290,3.292290,1389,10.6810
11583,30,31,3.580469,3.580469,1466,10.7021
11584,31,12,2.737413,2.737413,1446,10.6909
11585,12,35,2.934570,2.934570,1443,10.8034
11586,35,53,3.294503,3.294503,1456,10.6137
11587,53,11,4.787933,4.787933,1469,10.6845
11588,11,42,2.318527,2.318527,369,4.6311
11589,42,0,3.872412,3.872412,1003,9.2461
11590,0,60,3.032945,3.032945,1432,10.5729
11591,60,38,2.908158,2.908158,1435,10.5654
11592,38,2,3.599019,3.599019,1469,10.5930
11593,2,12,2.850466,2.850466,1474,10.6618
11594,12,35,2.825945,2.825945,1475,10.8216
11595,35,0,3.606914,3.606914,1463,10.6029
11596,0,60,2.927518,2.927518,1451,10.6047
11597,60,36,3.101400,3.101400,1449,10.5740
11598,36,29,2.955857,2.955857,1424,10.6245
11599,29,23,2.132291,2.132291,1450,10.6397
11600,23,29,1.781273,1.781273,1416,10.6007
11601,29,23,1.974413,1.974413,1464,10.5977
11602,23,29,1.655227,1.655227,1460,10.6446
11603,29,11,2.822342,2.822342,1457,10.6306
11604,11,45,2.903317,2.903317,1497,10.5917
11605,45,30,3.194576,3.194576,1456,10.5912
11606,30,31,3.530873,3.530873,1448,10.6125
11607,31,12,2.638994,2.638994,1464,10.6543
11608,12,20,3.846932,3.846932,1422,10.5026
11609,20,10,2.137736,2.137736,1461,10.7241
11610,10,2,4.830040,4.830040,1436,10.6614
11611,2,12,2.755645,2.755645,1418,10.5936
11612,12,43,4.915603,4.915603,1444,10.6087
11613,43,46,3.665850,3.665850,1431,10.6767
11614,46,1,4.294641,4.294641,1459,10.7055
11615,1,47,2.436499,2.436499,1475,10.6805
11616,47,22,3.618985,3.618985,1502,10.6338
11617,22,20,4.197606,4.197606,1462,10.7615
11618,20,8,2.972411,2.972411,1458,10.7378
11619,8,41,2.348998,2.348998,1443,10.6217
11620,41,30,4.745276,4.745276,1460,10.6594
11621,30,46,2.966468,2.966468,1457,10.7059
11622,46,47,2.840092,2.840092,1440,10.5804
11623,47,56,2.142981,2.142981,1448,10.6275
11624,56,6,2.844175,2.844175,1476,10.6056
11625,6,32,2.418058,2.418058,1465,10.5788
11626,32,61,3.889929,3.889929,1471,10.7071
11627,61,33,2.846966,2.846966,1417,10.7689
11628,33,18,5.133763,5.133763,1344,10.2059
11629,18,12,4.962424,4.962424,974,9.1266
11630,12,35,2.801803,2.801803,1461,10.6222
11631,35,53,3.204228,3.204228,1454,10.5924
11632,53,17,2.124838,2.124838,1454,10.5944
11633,17,7,2.753477,2.753477,1481,10.5987
11634,7,31,2.929145,2.929145,1432,10.6286
11635,31,30,3.298181,3.298181,1486,10.5600
11636,30,46,2.835969,2.835969,1435,10.5571
11637,46,47,2.748865,2.748865,1477,10.6015
11638,47,56,2.077670,2.077670,1442,10.5614
11639,56,34,2.758298,2.758298,1491,10.5975
11640,34,35,3.677653,3.677653,1440,10.5081
11641,35,53,3.125599,3.125599,1439,10.5827
11642,53,0,3.427769,3.427769,1458,10.6965
11643,0,25,2.547694,2.547694,1459,10.7128
11644,25,36,2.395299,2.395299,1446,10.7822
11645,36,29,2.815329,2.815329,1452,10.5948
11646,29,23,1.931138,1.931138,1434,10.5979
11647,23,29,1.576626,1.576626,1307,10.4481
11648,29,11,2.726191,2.726191,1471,10.6473
11649,11,42,2.367346,2.367346,1462,10.6371
11650,42,54,3.480804,3.480804,1452,10.6300
11651,54,25,2.712854,2.712854,1473,10.6899
11652,25,2,3.662924,3.662924,1461,10.7064
11653,2,45,2.528201,2.528201,1498,10.6338
11654,45,30,3.183633,3.183633,1460,10.5578
11655,30,46,2.791866,2.791866,1454,10.6056
11656,46,46,0.890796,0.890796,1465,10.6539
11657,46,47,2.737462,2.737462,1501,10.5830
11658,47,22,3.848611,3.848611,1448,10.6308
11659,22,47,3.188278,3.188278,1398,10.5385
11660,47,51,3.108294,3.108294,1462,10.5809
11661,51,29,4.076303,4.076303,1446,10.8021
11662,29,23,1.832062,1.832062,1462,10.6366
11663,23,18,4.070804,4.070804,1464,10.6498
11664,18,38,3.058735,3.058735,1450,10.7437
11665,38,50,2.467559,2.467559,1444,10.5970
11666,50,54,3.185803,3.185803,1466,10.7228
11667,54,25,2.667149,2.667149,1439,10.6060
11668,25,29,2.687802,2.687802,1471,10.6317
11669,29,23,1.775517,1.775517,1460,10.5549
11670,23,18,3.974864,3.974864,1468,10.7345
11671,18,12,4.927914,4.927914,1444,10.5738
11672,12,35,2.761599,2.761599,1459,10.6108
11673,35,53,2.986610,2.986610,1434,10.6415
11674,53,11,4.841701,4.841701,1473,10.7651
11675,11,45,2.884534,2.884534,1453,10.6106
11676,45,30,3.102934,3.102934,1464,10.5700
11677,30,31,3.514784,3.514784,1454,10.6368
11678,31,54,4.335638,4.335638,1458,10.7525
11679,54,0,3.925862,3.925862,1479,10.5970
11680,0,25,2.447293,2.447293,1468,10.5650
11681,25,2,3.537310,3.537310,1452,10.5662
11682,2,54,3.483842,3.483842,1463,10.5806
11683,54,25,2.481617,2.481617,1458,10.6596
11684,25,36,2.480670,2.480670,1442,10.5759
11685,36,34,3.564340,3.564340,1452,10.5151
11686,34,35,3.523971,3.523971,1454,10.5870
11687,35,0,3.533224,3.533224,1460,10.5935
11688,0,25,2.371701,2.371701,1455,10.6439
11689,25,36,2.358563,2.358563,1452,10.6631
11690,36,21,4.090791,4.090791,1448,10.5451
11691,21,47,3.991966,3.991966,1429,10.5578
11692,47,22,3.508553,3.508553,1481,10.6174
11693,22,20,4.045102,4.045102,1408,10.5862
11694,20,10,2.102449,2.102449,1474,10.7188
11695,10,11,6.218704,6.218704,1158,9.7824
11696,11,42,2.475402,2.475402,1473,10.5923
11697,42,45,2.628119,2.628119,1455,10.5540
11698,45,63,3.265141,3.265141,1436,10.6425
11699,63,18,3.126235,3.126235,1437,10.5554
11700,18,12,4.709052,4.709052,1465,10.6230
11701,12,35,2.756367,2.756367,1446,10.6414
11702,35,0,3.359829,3.359829,1453,10.5893
11703,0,25,2.347126,2.347126,1462,10.5711
11704,25,36,2.248332,2.248332,1439,10.5351
11705,36,34,3.578973,3.578973,1491,10.6489
11706,34,7,5.275344,5.275344,1453,10.6935
11707,7,31,2.807624,2.807624,1451,10.6156
11708,31,30,3.197911,3.197911,1441,10.7354
11709,30,31,3.263537,3.263537,1437,10.5128
11710,31,12,3.031976,3.031976,1466,10.5890
11711,12,35,2.659871,2.659871,1448,10.5867
11712,35,0,3.201054,3.201054,1487,10.5809
11713,0,21,3.999791,3.999791,1476,10.5865
11714,21,9,4.026065,4.026065,1445,10.6102
11715,9,15,3.081678,3.081678,1319,10.3723
11716,15,49,2.248653,2.248653,1402,10.6782
11717,49,43,3.750849,3.750849,1392,10.2962
11718,43,51,4.473639,4.473639,863,9.1718
11719,51,16,1.969271,1.969271,1424,10.5549
11720,16,23,3.657887,3.657887,1449,10.7407
11721,23,29,1.651097,1.651097,1469,10.6564
11722,29,23,1.672043,1.672043,1453,10.5698
11723,23,29,1.542437,1.542437,1450,10.5431
11724,29,11,3.030280,3.030280,1493,10.6037
11725,11,42,2.430534,2.430534,1455,10.5434
11726,42,0,4.083838,4.083838,1458,10.5999
11727,0,21,3.839497,3.839497,1452,10.6995
11728,21,9,4.009695,4.009695,1456,10.5972
11729,9,3,2.447552,2.447552,1475,10.6692
11730,3,41,2.609908,2.609908,1441,10.5632
11731,41,6,3.560431,3.560431,915,8.1039
11732,6,32,2.330794,2.330794,1461,10.5959
11733,32,9,2.270549,2.270549,1432,10.5792
11734,9,3,2.386422,2.386422,1453,10.5942
11735,3,41,2.543417,2.543417,1453,10.6086
11736,41,6,3.417569,3.417569,1459,10.6540
11737,6,32,2.257511,2.257511,1468,10.7275
11738,32,9,2.187098,2.187098,1449,10.5995
11739,9,44,4.108137,4.108137,1440,10.5823
11740,44,36,4.843465,4.843465,1457,10.6824
11741,36,21,3.713029,3.713029,1475,10.6407
11742,21,47,4.013200,4.013200,1447,10.7520
11743,47,51,2.964321,2.964321,1366,10.3778
11744,51,29,4.000780,4.000780,1441,10.5799
11745,29,23,1.612817,1.612817,1473,10.6024
11746,23,29,1.484468,1.484468,1453,10.6812
11747,29,11,2.935905,2.935905,1462,10.6912
11748,11,45,2.897124,2.897124,1451,10.6034
11749,45,62,4.346674,4.346674,1450,10.6219
11750,62,20,4.369816,4.369816,1430,10.6130
11751,20,3,4.100765,4.100765,1462,10.7571
11752,3,39,3.194381,3.194381,1490,10.6440
11753,39,44,2.674323,2.674323,1270,10.0585
11754,44,35,4.951592,4.951592,1450,10.5958
11755,35,53,2.935712,2.935712,1468,10.6975
11756,53,17,2.246989,2.246989,1452,10.8884
11757,17,7,2.723793,2.723793,1457,10.6323
11758,7,16,4.823876,4.823876,1458,10.5842
11759,16,21,4.648047,4.648047,1439,10.7531
11760,21,47,3.872043,3.872043,1450,10.6632
11761,47,56,2.160684,2.160684,1434,10.5805
11762,56,6,2.812192,2.812192,1462,10.6262
11763,6,32,2.176892,2.176892,1444,10.5743
11764,32,27,4.410614,4.410614,1459,10.5934
11765,27,20,4.921873,4.921873,1471,10.7699
11766,20,3,3.899594,3.899594,1440,10.5611
11767,3,39,3.045183,3.045183,1438,10.6219
11768,39,44,2.566447,2.566447,1447,10.5753
11769,44,35,4.860020,4.860020,1466,10.6100
11770,35,53,2.771563,2.771563,1487,10.6319
11771,53,17,2.222078,2.222078,1469,10.7798
11772,17,2,3.628878,3.628878,1456,10.6883
11773,2,45,2.599000,2.599000,1459,10.6090
11774,45,30,3.161952,3.161952,1460,10.6819
11775,30,31,3.215586,3.215586,1471,10.6033
11776,31,12,2.906136,2.906136,1455,10.6267
11777,12,35,2.792519,2.792519,1454,10.6214
11778,35,8,2.783566,2.783566,1456,10.5958
11779,8,56,3.578977,3.578977,1457,10.5640
11780,56,34,2.811104,2.811104,1461,10.6742
11781,34,40,2.271790,2.271790,1462,10.6630
11782,40,57,2.577627,2.577627,1441,10.6688
11783,57,32,4.551221,4.551221,1466,10.7014
11784,32,9,2.122376,2.122376,1460,10.6485
11785,9,15,3.190590,3.190590,1458,10.6094
11786,15,49,2.276412,2.276412,1461,10.6147
11787,49,48,5.608976,5.608976,1458,10.7274
11788,48,6,3.946626,3.946626,1450,10.7270
11789,6,56,2.528181,2.528181,1460,10.6187
11790,56,34,2.695594,2.695594,1435,10.6219
11791,34,40,2.238686,2.238686,1464,10.5810
11792,40,57,2.561221,2.561221,1470,10.5617
11793,57,52,2.976260,2.976260,1451,10.6438
11794,52,21,5.305853,5.305853,1460,10.5930
11795,21,48,2.811759,2.811759,1467,10.5967
11796,48,6,3.833657,3.833657,1452,10.6140
11797,6,32,2.273860,2.273860,1447,10.6617
11798,32,9,2.049870,2.049870,1444,10.5620
11799,9,3,2.664633,2.664633,1451,10.5694
11800,3,39,2.973302,2.973302,1442,10.6217
11801,39,44,2.483448,2.483448,1483,10.6702
11802,44,35,4.830638,4.830638,1449,10.5970
11803,35,0,3.198183,3.198183,1451,10.8233
11804,0,60,3.094039,3.094039,1257,9.6080
11805,60,38,2.950702,2.950702,1438,10.5709
11806,38,50,2.403650,2.403650,367,4.5881
11807,50,33,3.567618,3.567618,1469,10.7433
11808,33,18,4.987275,4.987275,1347,10.1588
11809,18,12,4.645509,4.645509,1458,10.6306
11810,12,20,4.003700,4.003700,1417,10.5383
11811,20,3,3.885796,3.885796,1436,10.6579
11812,3,41,2.482149,2.482149,1471,10.6810
11813,41,6,3.375235,3.375235,1462,10.7047
11814,6,56,2.512922,2.512922,1477,10.6059
11815,56,6,2.635375,2.635375,1466,10.6342
11816,6,32,2.245590,2.245590,1445,10.5732
11817,32,9,2.010421,2.010421,1458,10.6176
11818,9,15,3.160043,3.160043,1463,10.5884
11819,15,49,2.274650,2.274650,1446,10.5909
11820,49,43,3.660666,3.660666,1140,9.3781
11821,43,11,5.417055,5.417055,1445,10.5404
11822,11,45,2.756559,2.756559,1420,10.5895
11823,45,63,3.260539,3.260539,1483,10.8459
11824,63,6,4.849163,4.849163,1464,10.8522
11825,6,56,2.356067,2.356067,1440,10.4975
11826,56,6,2.504079,2.504079,1395,10.5009
11827,6,32,2.232620,2.232620,1457,10.6731
11828,32,9,1.949686,1.949686,1476,10.7105
11829,9,15,3.035376,3.035376,1464,10.5792
11830,15,49,2.258134,2.258134,1481,10.6539
11831,49,43,3.566779,3.566779,1464,10.7127
11832,43,46,3.847830,3.847830,1433,10.7715
11833,46,47,2.836751,2.836751,1454,10.6294
11834,47,51,2.857147,2.857147,1455,10.6514
11835,51,51,1.287597,1.287597,1469,10.5937
11836,51,16,2.153284,2.153284,1450,10.7873
11837,16,21,4.521484,4.521484,1472,10.6514
11838,21,9,4.044616,4.044616,1441,10.6555
11839,9,3,2.789046,2.789046,1486,10.8472
11840,3,41,2.436090,2.436090,1436,10.6818
11841,41,36,5.800722,5.800722,1481,10.7783
11842,36,29,3.070044,3.070044,1308,10.3632
11843,29,23,1.621231,1.621231,1472,10.6577
11844,23,29,1.452899,1.452899,1465,10.5955
11845,29,11,2.891779,2.891779,1460,10.7106
11846,11,42,2.416998,2.416998,1465,10.7276
11847,42,45,2.455041,2.455041,1436,10.5509
11848,45,63,3.129476,3.129476,1463,10.7067
11849,63,18,3.170440,3.170440,1452,10.5695
11850,18,12,4.439790,4.439790,1472,10.6082
11851,12,20,3.855387,3.855387,1475,10.7227
11852,20,3,3.878437,3.878437,1393,10.4496
11853,3,41,2.291035,2.291035,1386,10.4489
11854,41,30,5.002464,5.002464,1449,10.6787
11855,30,27,6.413761,6.413761,1477,10.7052
11856,27,20,4.847800,4.847800,1455,10.6890
11857,20,3,3.698565,3.698565,1286,9.8959
11858,3,39,3.007384,3.007384,1417,10.6612
11859,39,15,2.940019,2.940019,1418,10.8160
11860,15,49,2.153853,2.153853,1262,9.8277
11861,49,50,4.735702,4.735702,1470,10.8097
11862,50,54,3.169385,3.169385,1471,10.7585
11863,54,0,4.004823,4.004823,1419,10.6239
11864,0,60,2.974129,2.974129,1473,10.6196
11865,60,38,2.901668,2.901668,1449,10.6675
11866,38,50,2.487546,2.487546,1449,10.5876
11867,50,54,3.032754,3.032754,1457,10.6438
11868,54,0,3.907486,3.907486,1460,10.5951
11869,0,60,2.854330,2.854330,1452,10.6426
11870,60,38,2.846121,2.846121,1458,10.6321
11871,38,50,2.455659,2.455659,1458,10.5770
11872,50,53,4.196129,4.196129,1449,10.7104
11873,53,17,2.111285,2.111285,1451,10.7116
11874,17,2,3.479297,3.479297,1448,10.5838
11875,2,12,3.020251,3.020251,1445,10.6488
11876,12,35,2.923258,2.923258,1435,10.6317
11877,35,53,2.812928,2.812928,1461,10.6898
11878,53,11,4.936511,4.936511,1448,10.5592
11879,11,42,2.388152,2.388152,1465,10.7416
11880,42,0,3.855240,3.855240,1459,10.7288
11881,0,60,2.752827,2.752827,1466,10.6883
11882,60,38,2.794432,2.794432,1454,10.6166
11883,38,50,2.423252,2.423252,1462,10.6182
11884,50,53,4.118229,4.118229,1470,10.6555
11885,53,11,4.743057,4.743057,1459,10.6396
11886,11,42,2.353758,2.353758,1461,10.6842
11887,42,0,3.671119,3.671119,1451,10.6765
11888,0,21,3.905960,3.905960,1459,10.5980
11889,21,47,3.850130,3.850130,1455,10.5583
11890,47,56,2.209070,2.209070,1358,10.3826
11891,56,34,2.710993,2.710993,1452,10.6140
11892,34,7,5.236090,5.236090,1442,10.5430
11893,7,31,2.787754,2.787754,1463,10.7983
11894,31,30,2.986584,2.986584,1464,10.6052
11895,30,46,2.927291,2.927291,1461,10.7982
11896,46,46,0.957643,0.957643,1445,10.6773
11897,46,47,2.835136,2.835136,1443,10.7527
11898,47,22,3.588817,3.588817,1448,10.6141
11899,22,35,4.648524,4.648524,1481,10.6913
11900,35,0,3.411977,3.411977,1460,10.6215
11901,0,21,3.743122,3.743122,1465,10.6244
11902,21,48,2.811255,2.811255,1454,10.5873
11903,48,51,4.056508,4.056508,1428,10.5965
11904,51,16,2.055686,2.055686,1455,10.6214
11905,16,53,6.421520,6.421520,1455,10.6079
11906,53,17,2.074997,2.074997,1430,10.6894
11907,17,7,2.812211,2.812211,1375,10.4672
11908,7,16,4.746867,4.746867,1483,10.6587
11909,16,23,3.618182,3.618182,1460,10.5845
11910,23,18,3.916082,3.916082,1478,10.6017
11911,18,12,4.322523,4.322523,1443,10.6097
11912,12,20,3.808654,3.808654,1452,10.6588
11913,20,10,2.206569,2.206569,1407,10.6582
11914,10,2,4.694603,4.694603,1322,10.3773
11915,2,12,2.961115,2.961115,1449,10.6211
11916,12,20,3.667302,3.667302,1455,10.8377
11917,20,3,3.723797,3.723797,1466,10.6402
11918,3,39,2.883900,2.883900,1459,10.6607
11919,39,44,2.501569,2.501569,605,6.7239
11920,44,35,4.754990,4.754990,1053,8.8549
11921,35,0,3.302561,3.302561,1467,10.6679
11922,0,60,2.693755,2.693755,1458,10.6779
11923,60,38,2.734907,2.734907,1453,10.6017
11924,38,2,3.672382,3.672382,1422,10.5339
11925,2,45,2.744550,2.744550,1468,10.5665
11926,45,30,3.303672,3.303672,1460,10.5658
11927,30,27,6.308099,6.308099,1473,10.7083
11928,27,2,5.221526,5.221526,1134,9.4840
11929,2,12,2.938926,2.938926,1442,10.5980
11930,12,43,4.840405,4.840405,1473,10.5687
11931,43,11,5.264037,5.264037,1414,10.7752
11932,11,42,2.282088,2.282088,1469,10.7194
11933,42,54,3.709815,3.709815,1438,10.5765
11934,54,0,3.755637,3.755637,1470,10.6620
11935,0,21,3.631554,3.631554,1454,10.6315
11936,21,48,2.755391,2.755391,1467,10.6854
11937,48,51,3.937554,3.937554,1454,10.6262
11938,51,29,3.772465,3.772465,1482,10.7166
11939,29,11,3.048168,3.048168,1484,10.5967
11940,11,42,2.193871,2.193871,1449,10.6072
11941,42,45,2.556853,2.556853,1477,10.7938
11942,45,63,3.069945,3.069945,1467,10.5821
11943,63,6,4.851244,4.851244,1461,10.6485
11944,6,32,2.206698,2.206698,780,7.2898
11945,32,9,1.974937,1.974937,1211,10.1875
11946,9,44,4.073751,4.073751,1446,10.7610
11947,44,36,4.985445,4.985445,1391,10.4526
11948,36,29,3.115270,3.115270,1443,10.5593
11949,29,23,1.742103,1.742103,1455,10.7660
11950,23,29,1.563269,1.563269,1439,10.6179
11951,29,23,1.624619,1.624619,1423,10.5513
11952,23,29,1.466173,1.466173,1462,10.5845
11953,29,23,1.521627,1.521627,1452,10.5628
11954,23,29,1.382412,1.382412,1457,10.5695
11955,29,23,1.432223,1.432223,1443,10.6007
11956,23,29,1.310734,1.310734,1465,10.6168
11957,29,11,3.199843,3.199843,1461,10.5754
11958,11,45,2.815962,2.815962,1447,10.5558
11959,45,30,3.306634,3.306634,1446,10.6190
11960,30,46,2.899515,2.899515,1455,10.6248
11961,46,47,2.710739,2.710739,1458,10.6815
11962,47,56,2.230760,2.230760,1461,10.6830
11963,56,34,2.593082,2.593082,1473,10.6395
11964,34,7,5.131609,5.131609,1480,10.6686
11965,7,31,2.715446,2.715446,1425,10.6347
11966,31,12,3.222376,3.222376,1462,10.5936
11967,12,43,4.689036,4.689036,1456,10.6693
11968,43,11,5.163132,5.163132,481,5.4615
11969,11,24,4.252644,4.252644,1472,10.6820
11970,24,4,2.469745,2.469745,1402,10.4771
11971,4,23,3.950671,3.950671,1464,10.6655
11972,23,29,1.286211,1.286211,1459,10.7004
11973,29,11,3.093846,3.093846,1462,10.7099
11974,11,45,2.732209,2.732209,1472,10.6265
11975,45,63,3.047321,3.047321,1453,10.6325
11976,63,6,4.792705,4.792705,1466,10.6609
11977,6,32,2.186955,2.186955,1219,9.6067
11978,32,9,1.893166,1.893166,1346,10.2089
11979,9,15,3.006173,3.006173,1463,10.6958
11980,15,49,2.173824,2.173824,1379,10.5146
11981,49,43,3.730963,3.730963,1410,10.4923
11982,43,46,3.629178,3.629178,1446,10.5875
11983,46,47,2.595067,2.595067,1470,10.6797
11984,47,56,2.176054,2.176054,1465,10.6286
11985,56,6,2.753313,2.753313,1493,10.6683
11986,6,32,2.122870,2.122870,1457,10.6142
11987,32,9,1.840293,1.840293,1443,10.5618
11988,9,15,2.894249,2.894249,1471,10.6343
11989,15,19,4.301413,4.301413,1449,10.5883
11990,19,38,5.718434,5.718434,1473,10.6641
11991,38,2,3.552870,3.552870,1346,10.5093
11992,2,12,2.885275,2.885275,1390,10.4345
11993,12,35,3.128042,3.128042,1483,10.7482
11994,35,0,3.226221,3.226221,1482,10.6160
11995,0,60,2.668279,2.668279,1420,10.6738
11996,60,38,2.794306,2.794306,1434,10.5955
11997,38,50,2.404870,2.404870,1428,10.6246
11998,50,53,3.969702,3.969702,1268,9.8399
11999,53,0,3.179834,3.179834,1452,10.6590
12000,0,21,3.557785,3.557785,1478,10.7569
12001,21,48,2.779957,2.779957,1478,10.7214
12002,48,51,3.835533,3.835533,1468,10.6395
12003,51,29,3.487958,3.487958,1462,10.6559
12004,29,23,1.519209,1.519209,1423,10.7064
12005,23,29,1.267753,1.267753,1458,10.6579
12006,29,11,2.975625,2.975625,1474,10.6233
12007,11,42,2.309973,2.309973,1447,10.7281
12008,42,0,3.794644,3.794644,1469,10.6984
12009,0,21,3.393393,3.393393,1486,10.6759
12010,21,47,3.942603,3.942603,1460,10.5941
12011,47,22,3.675002,3.675002,1452,10.6716
12012,22,20,4.050636,4.050636,1447,10.6993
12013,20,10,2.198214,2.198214,1444,10.6505
12014,10,11,6.210525,6.210525,1213,9.8457
12015,11,42,2.234139,2.234139,1457,10.6262
12016,42,54,3.673729,3.673729,1458,10.7003
12017,54,25,2.885144,2.885144,1465,10.7563
12018,25,2,3.718442,3.718442,1474,10.5861
12019,2,12,2.792059,2.792059,1476,10.6753
12020,12,43,4.705256,4.705256,1454,10.6197
12021,43,46,3.401324,3.401324,650,7.1352
12022,46,1,4.505754,4.505754,1452,10.6361
12023,1,32,3.303570,3.303570,1403,10.5717
12024,32,9,1.764995,1.764995,1423,10.6567
12025,9,15,2.771503,2.771503,1427,10.5859
12026,15,39,2.979478,2.979478,1177,9.5624
12027,39,44,2.370088,2.370088,1420,10.5814
12028,44,36,4.872257,4.872257,1451,10.5716
12029,36,29,3.196439,3.196439,1347,10.2615
12030,29,23,1.529702,1.529702,1468,10.7014
12031,23,29,1.289090,1.289090,1333,10.3963
12032,29,11,2.976002,2.976002,1471,10.6142
12033,11,45,2.821567,2.821567,706,6.3439
12034,45,62,4.386031,4.386031,1476,10.6225
12035,62,60,3.644921,3.644921,1425,10.6287
12036,60,38,2.676350,2.676350,1375,10.5271
12037,38,2,3.391158,3.391158,1435,10.6007
12038,2,12,2.723616,2.723616,1465,10.6054
12039,12,43,4.585220,4.585220,1465,10.5863
12040,43,51,4.713452,4.713452,1442,10.5934
12041,51,51,1.394076,1.394076,1307,10.2697
12042,51,51,1.220997,1.220997,1108,9.3202
12043,51,16,2.178325,2.178325,1472,10.6220
12044,16,23,3.525070,3.525070,1459,10.7772
12045,23,18,4.008962,4.008962,1474,10.6408
12046,18,38,3.357515,3.357515,1463,10.6542
12047,38,2,3.275927,3.275927,1445,10.7259
12048,2,12,2.652999,2.652999,1437,10.5967
12049,12,35,3.109633,3.109633,1455,10.6441
12050,35,0,3.120726,3.120726,1478,10.7603
12051,0,25,2.742450,2.742450,1474,10.6658
12052,25,29,3.036304,3.036304,1430,10.7468
12053,29,11,2.722165,2.722165,1457,10.6153
12054,11,42,2.230150,2.230150,1457,10.6087
12055,42,54,3.568129,3.568129,1474,10.5564
12056,54,25,2.740423,2.740423,1478,10.6753
12057,25,2,3.557367,3.557367,1437,10.6544
12058,2,12,2.552477,2.552477,1454,10.6480
12059,12,20,3.730539,3.730539,1434,10.5591
12060,20,10,2.183845,2.183845,1477,10.5675
12061,10,2,4.790914,4.790914,1425,10.5408
12062,2,54,3.638790,3.638790,1439,10.5812
12063,54,25,2.593692,2.593692,1465,10.6369
12064,25,2,3.553373,3.553373,1458,10.6299
12065,2,45,2.801205,2.801205,1470,10.6096
12066,45,30,3.328159,3.328159,1488,10.5545
12067,30,46,2.982111,2.982111,1478,10.6087
12068,46,1,4.361500,4.361500,1444,10.6113
12069,1,47,2.695817,2.695817,1419,10.6166
12070,47,51,2.862282,2.862282,1458,10.6010
12071,51,16,2.139950,2.139950,1365,10.3371
12072,16,21,4.539782,4.539782,1417,10.7187
12073,21,9,4.379012,4.379012,1471,10.6436
12074,9,3,3.189347,3.189347,1477,10.6920
12075,3,10,3.568453,3.568453,1468,10.7061
12076,10,2,4.745085,4.745085,1280,9.9040
12077,2,12,2.458142,2.458142,1427,10.6150
12078,12,35,3.051820,3.051820,1343,10.2837
12079,35,8,2.991340,2.991340,1465,10.6503
12080,8,41,2.480088,2.480088,1469,10.7139
12081,41,30,4.805617,4.805617,1458,10.5401
12082,30,46,2.872335,2.872335,1443,10.6267
12083,46,47,2.658429,2.658429,1425,10.6517
12084,47,56,2.208175,2.208175,1453,10.6183
12085,56,1,3.123878,3.123878,1468,10.6412
12086,1,32,3.187091,3.187091,1477,10.6006
12087,32,61,4.336590,4.336590,1445,10.5944
12088,61,33,2.786541,2.786541,1342,10.2761
12089,33,11,6.321132,6.321132,40,2.2951
12090,11,45,2.811962,2.811962,1301,10.3761
12091,45,30,3.365992,3.365992,1443,10.5765
12092,30,46,2.823732,2.823732,1443,10.6552
12093,46,46,0.940540,0.940540,1472,10.6002
12094,46,46,0.805155,0.805155,1470,10.6180
12095,46,46,0.687283,0.687283,1439,10.6191
12096,46,46,0.586946,0.586946,1438,10.6317
12097,46,46,0.502949,0.502949,1455,10.6222
12098,46,46,0.433365,0.433365,1448,10.6321
12099,46,1,4.961243,4.961243,1441,10.5781
12100,1,47,2.507891,2.507891,1450,10.6640
12101,47,51,2.829999,2.829999,1473,10.6222
12102,51,51,1.078620,1.078620,1463,10.6259
12103,51,51,0.926839,0.926839,1462,10.5331
12104,51,16,2.215699,2.215699,1494,10.7075
12105,16,53,6.181348,6.181348,1464,10.5867
12106,53,11,4.815879,4.815879,1439,10.7289
12107,11,42,2.188393,2.188393,1341,10.4647
12108,42,54,3.454151,3.454151,367,4.1785
12109,54,25,2.488772,2.488772,1409,10.5592
12110,25,29,3.055995,3.055995,1445,10.6451
12111,29,23,1.652906,1.652906,1452,10.6568
12112,23,29,1.399997,1.399997,1445,10.5993
12113,29,23,1.545818,1.545818,1449,10.6077
12114,23,29,1.325389,1.325389,1495,10.6206
12115,29,23,1.452231,1.452231,1494,10.5565
12116,23,29,1.262501,1.262501,1408,10.4940
12117,29,23,1.371080,1.371080,1456,10.5686
12118,23,29,1.209554,1.209554,1432,10.5285
12119,29,11,3.123647,3.123647,1442,10.5312
12120,11,24,4.227115,4.227115,1442,10.6538
12121,24,54,3.427356,3.427356,1427,10.6324
12122,54,0,3.908297,3.908297,1454,10.6230
12123,0,21,3.402978,3.402978,1478,10.6311
12124,21,48,2.846684,2.846684,1454,10.7454
12125,48,25,3.889779,3.889779,1457,10.6065
12126,25,29,2.879485,2.879485,1473,10.5490
12127,29,11,2.870291,2.870291,1451,10.6188
12128,11,42,2.251308,2.251308,1437,10.5724
12129,42,54,3.303679,3.303679,1433,10.5147
12130,54,25,2.461472,2.461472,1488,10.5681
12131,25,29,2.829850,2.829850,1455,10.5271
12132,29,23,1.526955,1.526955,1486,10.5820
12133,23,29,1.239216,1.239216,1420,10.4741
12134,29,11,2.750192,2.750192,1434,10.4685
12135,11,42,2.198145,2.198145,1424,10.5189
12136,42,54,3.214634,3.214634,1422,10.4981
12137,54,0,3.803164,3.803164,1432,10.5252
12138,0,60,2.795482,2.795482,1469,10.6219
12139,60,38,2.702849,2.702849,1442,10.6482
12140,38,2,3.204417,3.204417,1454,10.6646
12141,2,54,3.640381,3.640381,1443,10.6287
12142,54,25,2.359744,2.359744,1431,10.5019
12143,25,36,3.239242,3.239242,1439,10.5279
12144,36,29,3.016478,3.016478,1469,10.8025
12145,29,23,1.537136,1.537136,1459,10.5596
12146,23,29,1.262197,1.262197,1440,10.6536
12147,29,23,1.442724,1.442724,1490,10.6272
12148,23,29,1.209458,1.209458,1448,10.5680
12149,29,11,2.724358,2.724358,1448,10.5325
12150,11,42,2.184367,2.184367,1418,10.5420
12151,42,0,3.732549,3.732549,1447,10.5164
12152,0,25,2.467872,2.467872,1486,10.6931
12153,25,2,3.670255,3.670255,1475,10.5615
12154,2,12,2.450350,2.450350,1443,10.5261
12155,12,35,2.935394,2.935394,1441,10.5578
12156,35,0,3.245707,3.245707,1466,10.6342
12157,0,25,2.394319,2.394319,1470,10.6812
12158,25,36,3.144013,3.144013,1405,10.5117
12159,36,34,3.579038,3.579038,1423,10.5201
12160,34,40,2.273422,2.273422,1437,10.5843
12161,40,21,4.771439,4.771439,1450,10.6602
12162,21,48,2.796161,2.796161,1496,10.5504
12163,48,25,3.807987,3.807987,1477,10.6191
12164,25,36,2.971792,2.971792,1461,10.4948
12165,36,34,3.539725,3.539725,1440,10.5009
12166,34,35,3.775743,3.775743,1446,10.5902
12167,35,8,2.896604,2.896604,1481,10.5707
12168,8,52,5.030201,5.030201,1459,10.5611
12169,52,21,5.469800,5.469800,387,6.1031
12170,21,48,2.663793,2.663793,1448,10.5394
12171,48,6,3.676693,3.676693,1462,10.6217
12172,6,56,2.474225,2.474225,1451,10.5670
12173,56,1,2.973395,2.973395,1457,10.5398
12174,1,19,4.833965,4.833965,1369,10.3396
12175,19,24,2.874637,2.874637,1031,9.3446
12176,24,0,4.903457,4.903457,158,4.1559
12177,0,21,3.516537,3.516537,1470,10.5745
12178,21,47,3.996186,3.996186,1459,10.5518
12179,47,51,2.577625,2.577625,1457,10.5730
12180,51,16,2.159006,2.159006,1466,10.6089
12181,16,23,3.548455,3.548455,1438,10.5822
12182,23,29,1.244766,1.244766,1467,10.5622
12183,29,23,1.449250,1.449250,1454,10.5717
12184,23,18,4.248396,4.248396,1447,10.5162
12185,18,12,4.480158,4.480158,1463,10.7394
12186,12,20,3.557700,3.557700,1413,10.7159
12187,20,10,2.182467,2.182467,1343,10.3420
12188,10,2,4.648818,4.648818,747,6.5092
12189,2,12,2.416028,2.416028,1406,10.5294
12190,12,35,2.944715,2.944715,1442,10.5641
12191,35,0,3.238863,3.238863,1461,10.6730
12192,0,25,2.360228,2.360228,1464,10.5832
12193,25,36,2.837716,2.837716,1461,10.5960
12194,36,29,3.002589,3.002589,1435,10.5558
12195,29,11,2.589732,2.589732,1461,10.6184
12196,11,42,2.164355,2.164355,1458,10.5634
12197,42,54,3.235987,3.235987,1459,10.6949
12198,54,0,3.684464,3.684464,1451,10.5295
12199,0,21,3.436123,3.436123,1444,10.6433
12200,21,9,4.372998,4.372998,1449,10.5653
12201,9,44,3.997029,3.997029,1468,10.6421
12202,44,36,4.900010,4.900010,1460,10.6681
12203,36,21,3.430026,3.430026,1412,10.5850
12204,21,48,2.694489,2.694489,1482,10.5533
12205,48,51,3.818384,3.818384,1465,10.6061
12206,51,29,4.032174,4.032174,1457,10.7140
12207,29,11,2.427097,2.427097,1465,10.5839
12208,11,42,2.093715,2.093715,1446,10.6257
12209,42,54,3.122747,3.122747,1471,10.5975
12210,54,25,2.308663,2.308663,1445,10.5335
12211,25,36,2.859737,2.859737,1491,10.6689
12212,36,34,3.542442,3.542442,1463,10.6779
12213,34,35,3.642089,3.642089,1450,10.6021
12214,35,8,2.809728,2.809728,1453,10.7062
12215,8,56,3.466832,3.466832,1464,10.6031
12216,56,34,2.824985,2.824985,1473,10.7007
12217,34,35,3.515628,3.515628,1455,10.5855
12218,35,53,3.419657,3.419657,1467,10.5957
12219,53,11,5.078818,5.078818,1462,10.6061
12220,11,42,2.006751,2.006751,1465,10.6234
12221,42,54,3.010929,3.010929,1465,10.6252
12222,54,0,3.585824,3.585824,1472,10.6059
12223,0,60,2.928819,2.928819,1469,10.5891
12224,60,44,5.857113,5.857113,1454,10.5833
12225,44,35,4.823369,4.823369,1066,9.4821
12226,35,53,3.218752,3.218752,1462,10.5744
12227,53,17,2.189945,2.189945,1487,10.6222
12228,17,1,4.459791,4.459791,1480,10.7914
12229,1,47,2.545280,2.545280,1449,10.6514
12230,47,51,2.527607,2.527607,1445,10.5678
12231,51,16,2.134251,2.134251,1414,10.5090
12232,16,53,6.138422,6.138422,1474,10.6602
12233,53,17,2.111823,2.111823,1453,10.6266
12234,17,2,3.552899,3.552899,1455,10.6212
12235,2,12,2.379827,2.379827,1444,10.6030
12236,12,35,3.070706,3.070706,1481,10.6580
12237,35,8,2.753486,2.753486,1441,10.5807
12238,8,41,2.532337,2.532337,1449,10.6294
12239,41,6,3.679844,3.679844,1392,10.5148
12240,6,56,2.419359,2.419359,1455,10.6647
12241,56,34,2.726911,2.726911,1478,10.6284
12242,34,35,3.452742,3.452742,1450,10.6173
12243,35,0,3.395346,3.395346,1455,10.5617
12244,0,25,2.279362,2.279362,1460,10.5980
12245,25,36,2.756584,2.756584,1370,10.6367
12246,36,34,3.614744,3.614744,1484,10.6022
12247,34,40,2.365073,2.365073,1447,10.6428
12248,40,25,5.161287,5.161287,1448,10.5675
12249,25,29,3.081970,3.081970,1453,10.5753
12250,29,11,2.415177,2.415177,1430,10.5593
12251,11,42,1.969021,1.969021,1430,10.5988
12252,42,0,3.725083,3.725083,1461,10.5121
12253,0,21,3.303653,3.303653,1434,10.5436
12254,21,48,2.682053,2.682053,1456,10.6128
12255,48,51,3.728185,3.728185,1449,10.5412
12256,51,29,3.827708,3.827708,1462,10.5855
12257,29,23,1.655435,1.655435,1467,10.5827
12258,23,18,3.857853,3.857853,1441,10.7003
12259,18,12,4.410577,4.410577,1457,10.5688
12260,12,20,3.445833,3.445833,1475,10.7459
12261,20,10,2.169555,2.169555,1446,10.6089
12262,10,2,4.417068,4.417068,936,8.4815
12263,2,45,3.036517,3.036517,1404,10.5672
12264,45,63,3.175838,3.175838,1466,10.7029
12265,63,18,3.206550,3.206550,1462,10.6050
12266,18,12,4.200459,4.200459,1437,10.6074
12267,12,35,3.097839,3.097839,1451,10.5588
12268,35,0,3.302702,3.302702,973,7.6498
12269,0,21,3.140604,3.140604,1434,10.5446
12270,21,48,2.636448,2.636448,1456,10.6373
12271,48,51,3.623241,3.623241,1473,10.5263
12272,51,29,3.583257,3.583257,1449,10.6544
12273,29,11,2.385735,2.385735,1467,10.6803
12274,11,42,1.945797,1.945797,1447,10.6025
12275,42,45,3.029666,3.029666,1459,10.6002
12276,45,63,3.104547,3.104547,1474,10.6273
12277,63,6,4.673920,4.673920,1478,10.5790
12278,6,22,4.540405,4.540405,1458,10.6355
12279,22,35,4.536844,4.536844,1034,8.7548
12280,35,0,3.204372,3.204372,1461,10.6361
12281,0,60,2.907277,2.907277,1450,10.6189
12282,60,44,5.718580,5.718580,1454,10.6451
12283,44,36,4.497046,4.497046,543,6.7345
12284,36,29,3.224264,3.224264,1441,10.5948
12285,29,23,1.683850,1.683850,1463,10.6294
12286,23,29,1.505392,1.505392,1466,10.6527
12287,29,11,2.326179,2.326179,1449,10.6602
12288,11,42,1.932260,1.932260,1454,10.6048
12289,42,0,3.761324,3.761324,1476,10.5873
12290,0,25,2.387312,2.387312,1456,10.6424
12291,25,36,2.737930,2.737930,1431,10.5349
12292,36,21,3.280742,3.280742,1479,10.7145
12293,21,48,2.594214,2.594214,1490,10.6090
12294,48,51,3.530248,3.530248,1458,10.6075
12295,51,16,2.135387,2.135387,1460,10.6813
12296,16,53,5.889146,5.889146,1444,10.6406
12297,53,0,3.233765,3.233765,1249,10.0767
12298,0,25,2.317203,2.317203,1479,10.6403
12299,25,36,2.622190,2.622190,1424,10.5094
12300,36,34,3.614070,3.614070,1452,10.6084
12301,34,35,3.280783,3.280783,1452,10.6681
12302,35,8,2.721649,2.721649,1453,10.5942
12303,8,52,5.049968,5.049968,1417,10.5441
12304,52,22,3.489719,3.489719,537,5.4333
12305,22,35,4.373861,4.373861,669,5.7889
12306,35,8,2.575919,2.575919,1480,10.6985
12307,8,52,4.988280,4.988280,1462,10.5571
12308,52,22,3.314936,3.314936,1333,10.3909
12309,22,47,3.408515,3.408515,1469,10.5940
12310,47,22,3.589226,3.589226,1469,10.6306
12311,22,35,4.245835,4.245835,1446,10.6406
12312,35,0,3.324231,3.324231,1426,10.5370
12313,0,25,2.237574,2.237574,1477,10.6070
12314,25,36,2.506779,2.506779,1454,10.5618
12315,36,34,3.555294,3.555294,1456,10.6385
12316,34,40,2.296715,2.296715,1476,10.6376
12317,40,25,5.031179,5.031179,1451,10.6519
12318,25,2,4.064068,4.064068,1456,10.5932
12319,2,12,2.464344,2.464344,1474,10.6295
12320,12,20,3.317526,3.317526,1479,10.6386
12321,20,10,2.164838,2.164838,1459,10.7288
12322,10,2,4.303097,4.303097,1437,10.5615
12323,2,45,2.970727,2.970727,1444,10.5997
12324,45,63,2.969658,2.969658,1436,10.5863
12325,63,47,4.447469,4.447469,1460,10.7125
12326,47,51,2.548630,2.548630,1434,10.6631
12327,51,29,3.429592,3.429592,1447,10.5837
12328,29,11,2.260040,2.260040,1468,10.6086
12329,11,45,3.663231,3.663231,1416,10.6246
12330,45,30,3.390544,3.390544,1475,10.8024
12331,30,31,3.524180,3.524180,1445,10.5690
12332,31,30,3.216465,3.216465,1467,10.6486
12333,30,46,2.554999,2.554999,1469,10.6079
12334,46,1,4.525847,4.525847,1474,10.7223
12335,1,32,3.114769,3.114769,1462,10.7140
12336,32,27,4.365222,4.365222,1457,10.5951
12337,27,20,5.035083,5.035083,1077,9.4894
12338,20,3,3.915051,3.915051,1455,10.6583
12339,3,41,2.382997,2.382997,1314,10.0769
12340,41,30,4.704776,4.704776,1461,10.6184
12341,30,31,3.251711,3.251711,1493,10.7265
12342,31,30,2.978317,2.978317,1459,10.6559
12343,30,46,2.509657,2.509657,1464,10.6542
12344,46,1,4.280635,4.280635,1464,10.6416
12345,1,47,2.419351,2.419351,1454,10.6432
12346,47,56,2.397888,2.397888,1451,10.5758
12347,56,34,2.899647,2.899647,1442,10.5305
12348,34,40,2.234145,2.234145,1467,10.6770
12349,40,57,2.658942,2.658942,1435,10.5821
12350,57,32,4.596406,4.596406,1426,10.5752
12351,32,27,4.117945,4.117945,1457,10.7752
12352,27,2,5.273370,5.273370,1447,10.6263
12353,2,12,2.445125,2.445125,1474,10.7430
12354,12,35,3.349042,3.349042,1440,10.5674
12355,35,0,3.156395,3.156395,1476,10.6604
12356,0,21,3.019750,3.019750,1449,10.5979
12357,21,48,2.581247,2.581247,1459,10.6616
12358,48,25,3.727538,3.727538,1443,10.6346
12359,25,36,2.377576,2.377576,1436,10.5431
12360,36,34,3.540450,3.540450,1431,10.6119
12361,34,35,3.171834,3.171834,1460,10.5946
12362,35,8,2.561286,2.561286,1451,10.6114
12363,8,41,2.601705,2.601705,1490,10.5921
12364,41,6,3.694556,3.694556,1467,10.6224
12365,6,32,2.413297,2.413297,1441,10.6265
12366,32,61,3.990429,3.990429,1435,10.7096
12367,61,33,2.754793,2.754793,631,6.0291
12368,33,18,5.043357,5.043357,848,7.6641
12369,18,18,1.226716,1.226716,1351,10.2441
12370,18,12,4.134683,4.134683,1309,10.2803
12371,12,35,3.309974,3.309974,1488,10.6518
12372,35,0,3.028736,3.028736,1465,10.7692
12373,0,60,2.959239,2.959239,1476,10.6865
12374,60,38,2.814757,2.814757,1467,10.6436
12375,38,54,3.663249,3.663249,1398,10.4211
12376,54,0,3.882443,3.882443,1449,10.6253
12377,0,21,2.933123,2.933123,1464,10.6730
12378,21,47,4.329357,4.329357,1463,10.6681
12379,47,56,2.329516,2.329516,1475,10.7522
12380,56,34,2.893124,2.893124,1479,10.5707
12381,34,7,5.062191,5.062191,1435,10.5713
12382,7,31,2.690433,2.690433,1288,9.8528
12383,31,12,4.014369,4.014369,1469,10.6176
12384,12,43,4.523033,4.523033,1469,10.6623
12385,43,51,4.829441,4.829441,1406,10.5015
12386,51,16,2.056959,2.056959,1407,10.7037
12387,16,21,4.930299,4.930299,1368,10.4384
12388,21,48,2.520323,2.520323,1469,10.6936
12389,48,51,3.597238,3.597238,1468,10.5676
12390,51,51,1.175235,1.175235,1456,10.6434
12391,51,16,2.047100,2.047100,1494,10.6442
12392,16,21,4.744514,4.744514,1456,10.6846
12393,21,47,4.087847,4.087847,1457,10.6659
12394,47,51,2.536614,2.536614,1463,10.6558
12395,51,16,2.011940,2.011940,1461,10.6867
12396,16,21,4.552122,4.552122,1428,10.7152
12397,21,47,3.900172,3.900172,1449,10.6331
12398,47,56,2.323481,2.323481,1454,10.6335
12399,56,1,2.930048,2.930048,1456,10.5780
12400,1,47,2.502940,2.502940,1451,10.5597
12401,47,22,3.702321,3.702321,1461,10.5580
12402,22,47,3.164314,3.164314,1465,10.6446
12403,47,56,2.189322,2.189322,1480,10.5774
12404,56,6,2.908253,2.908253,1462,10.5701
12405,6,56,2.411238,2.411238,1455,10.5942
12406,56,1,2.881939,2.881939,1424,10.5223
12407,1,19,4.857569,4.857569,1460,10.5909
12408,19,24,2.778639,2.778639,1220,9.9055
12409,24,54,3.322546,3.322546,1076,8.9971
12410,54,0,3.789799,3.789799,1288,10.1406
12411,0,25,2.301044,2.301044,1472,10.7105
12412,25,36,2.328941,2.328941,1449,10.8234
12413,36,34,3.508520,3.508520,1484,10.6719
12414,34,40,2.249077,2.249077,1461,10.6130
12415,40,57,2.575294,2.575294,1470,10.7131
12416,57,52,2.957877,2.957877,1447,10.6577
12417,52,22,3.325539,3.325539,1468,10.5999
12418,22,20,4.104233,4.104233,1460,10.7135
12419,20,3,3.767208,3.767208,1471,10.6932
12420,3,41,2.286178,2.286178,1475,10.6949
12421,41,30,4.592380,4.592380,1457,10.6349
12422,30,46,2.494518,2.494518,1445,10.6811
12423,46,47,3.274983,3.274983,1409,10.5244
12424,47,56,2.130651,2.130651,1462,10.6181
12425,56,1,2.724495,2.724495,1452,10.5991
12426,1,32,3.135339,3.135339,1459,10.6841
12427,32,9,2.148949,2.148949,1437,10.6178
12428,9,44,3.829157,3.829157,1449,10.6195
12429,44,35,4.922692,4.922692,1471,10.6771
12430,35,8,2.501883,2.501883,1455,10.6716
12431,8,41,2.532714,2.532714,1444,10.5994
12432,41,6,3.572993,3.572993,1469,10.5891
12433,6,32,2.388988,2.388988,1462,10.5688
12434,32,9,2.060325,2.060325,1468,10.6577
12435,9,15,2.675277,2.675277,1441,10.6014
12436,15,49,2.321716,2.321716,1461,10.5679
12437,49,50,4.695448,4.695448,1446,10.5177
12438,50,53,3.976387,3.976387,721,7.7814
12439,53,17,2.096901,2.096901,1463,10.6249
12440,17,7,2.874968,2.874968,1448,10.6054
12441,7,31,2.622352,2.622352,1431,10.5494
12442,31,12,3.905825,3.905825,1456,10.5910
12443,12,35,3.223023,3.223023,1442,10.7178
12444,35,0,3.086056,3.086056,1448,10.6981
12445,0,25,2.234910,2.234910,1436,10.5884
12446,25,29,3.301502,3.301502,1224,9.2595
12447,29,11,2.156667,2.156667,1462,10.6704
12448,11,42,2.044949,2.044949,1463,10.5852
12449,42,0,3.902517,3.902517,1357,10.4524
12450,0,21,3.031558,3.031558,1478,10.6081
12451,21,9,4.792725,4.792725,1444,10.5383
12452,9,15,2.562776,2.562776,1445,10.6317
12453,15,49,2.288622,2.288622,1422,10.5381
12454,49,48,5.652883,5.652883,1441,10.8443
12455,48,51,3.424397,3.424397,1458,10.6351
12456,51,29,3.286695,3.286695,1447,10.5715
12457,29,48,3.291930,3.291930,1433,10.5854
12458,48,6,3.922779,3.922779,1457,10.7024
12459,6,32,2.375567,2.375567,1463,10.6354
12460,32,27,4.152164,4.152164,1454,10.6447
12461,27,20,5.013839,5.013839,1438,10.6203
12462,20,3,3.570342,3.570342,600,5.5109
12463,3,41,2.226059,2.226059,1468,10.5589
12464,41,30,4.468990,4.468990,1460,10.6069
12465,30,46,2.468583,2.468583,1443,10.6113
12466,46,1,3.994059,3.994059,1484,10.6157
12467,1,47,2.324246,2.324246,1449,10.6552
12468,47,51,2.651819,2.651819,1452,10.6180
12469,51,16,2.042019,2.042019,1470,10.6460
12470,16,21,4.367731,4.367731,1448,10.6107
12471,21,47,3.867268,3.867268,1458,10.6272
12472,47,22,3.719806,3.719806,1450,10.6043
12473,22,47,3.118004,3.118004,1447,10.6226
12474,47,56,2.136472,2.136472,1455,10.6787
12475,56,1,2.592608,2.592608,1455,10.5887
12476,1,32,3.023936,3.023936,1453,10.6112
12477,32,9,2.127811,2.127811,1444,10.5749
12478,9,3,3.398490,3.398490,1460,10.6082
12479,3,41,2.155023,2.155023,1449,10.5300
12480,41,6,3.526783,3.526783,1451,10.5819
12481,6,32,2.314085,2.314085,1449,10.6762
12482,32,27,4.066250,4.066250,1448,10.5404
12483,27,20,4.967598,4.967598,1413,10.5378
12484,20,10,2.116105,2.116105,1398,10.5073
12485,10,11,6.616759,6.616759,1457,10.6605
12486,11,24,4.353233,4.353233,345,4.1795
12487,24,54,3.167042,3.167042,1321,10.3068
12488,54,25,2.633802,2.633802,794,6.9766
12489,25,2,4.231955,4.231955,1067,9.4332
12490,2,12,2.528856,2.528856,1453,10.8055
12491,12,35,3.118608,3.118608,1439,10.7140
12492,35,8,2.497581,2.497581,1452,10.6700
12493,8,52,4.955839,4.955839,1433,10.6832
12494,52,21,5.725150,5.725150,1442,10.6376
12495,21,48,2.467196,2.467196,1423,10.6581
12496,48,25,3.599794,3.599794,1433,10.5168
12497,25,2,4.116815,4.116815,1459,10.7559
12498,2,12,2.421908,2.421908,1467,10.7257
12499,12,35,3.015320,3.015320,1455,10.5976
12500,35,0,3.021557,3.021557,1457,10.6198
12501,0,25,2.159791,2.159791,1473,10.6255
12502,25,36,2.368454,2.368454,1459,10.5814
12503,36,34,3.414118,3.414118,1414,10.6023
12504,34,40,2.186738,2.186738,1192,9.4765
12505,40,25,4.800833,4.800833,1455,10.6352
12506,25,29,3.213657,3.213657,1453,10.6098
12507,29,23,1.929307,1.929307,1467,10.6128
12508,23,29,1.595584,1.595584,1479,10.6550
12509,29,11,2.341652,2.341652,1457,10.6040
12510,11,45,3.618672,3.618672,1458,10.5782
12511,45,62,4.202145,4.202145,1460,10.6113
12512,62,21,4.188349,4.188349,1474,10.6701
12513,21,47,3.733543,3.733543,1474,10.7363
12514,47,22,3.469225,3.469225,1468,10.6908
12515,22,47,2.897156,2.897156,1469,10.6882
12516,47,56,2.098740,2.098740,1472,10.6177
12517,56,34,3.213126,3.213126,1469,10.6498
12518,34,35,3.324543,3.324543,1455,10.5886
12519,35,0,2.921528,2.921528,1449,10.6250
12520,0,60,3.016369,3.016369,1466,10.6692
12521,60,38,2.753716,2.753716,1445,10.5826
12522,38,2,3.275271,3.275271,1445,10.5886
12523,2,12,2.377532,2.377532,1450,10.5687
12524,12,20,3.616105,3.616105,1482,10.5693
12525,20,10,2.106227,2.106227,1458,10.6725
12526,10,11,6.477727,6.477727,1455,10.5606
12527,11,42,2.097024,2.097024,1442,10.6623
12528,42,54,3.118295,3.118295,1440,10.5735
12529,54,0,3.971185,3.971185,1458,10.6049
12530,0,21,3.169399,3.169399,1466,10.6701
12531,21,48,2.485284,2.485284,1430,10.5331
12532,48,25,3.462879,3.462879,1462,10.6541
12533,25,36,2.286233,2.286233,1465,10.7243
12534,36,34,3.386961,3.386961,1434,10.6606
12535,34,40,2.180919,2.180919,1479,10.8155
12536,40,57,2.607012,2.607012,1462,10.6679
12537,57,32,4.576682,4.576682,1461,10.7191
12538,32,9,2.043767,2.043767,1470,10.7995
12539,9,3,3.284915,3.284915,1429,10.5827
12540,3,39,3.043874,3.043874,1446,10.7794
12541,39,44,2.466596,2.466596,1451,10.6479
12542,44,35,5.017014,5.017014,1443,10.5848
12543,35,0,2.914614,2.914614,1448,10.7210
12544,0,60,2.916512,2.916512,1438,10.7470
12545,60,38,2.713190,2.713190,1461,10.6970
12546,38,2,3.130730,3.130730,1447,10.6117
12547,2,12,2.332093,2.332093,1470,10.6237
12548,12,20,3.459945,3.459945,1407,10.4964
12549,20,3,3.685221,3.685221,1398,10.5034
12550,3,10,3.232056,3.232056,1452,10.7250
12551,10,2,4.386426,4.386426,1389,10.5195
12552,2,12,2.246295,2.246295,1466,10.6331
12553,12,20,3.315386,3.315386,1462,10.6336
12554,20,8,3.143709,3.143709,1263,9.8458
12555,8,41,2.547290,2.547290,1477,10.6551
12556,41,30,4.283046,4.283046,1478,10.6428
12557,30,27,5.480497,5.480497,1423,10.5770
12558,27,20,5.002192,5.002192,1360,10.1676
12559,20,3,3.597500,3.597500,1456,10.6617
12560,3,39,2.997035,2.997035,1473,10.6299
12561,39,59,3.773660,3.773660,1453,10.6691
12562,59,15,4.074653,4.074653,1313,9.9408
12563,15,39,2.881495,2.881495,1446,10.4987
12564,39,44,2.385563,2.385563,1467,10.6360
12565,44,27,3.322351,3.322351,1462,10.6583
12566,27,20,5.002609,5.002609,1463,10.6757
12567,20,3,3.407356,3.407356,1430,10.5456
12568,3,39,2.856618,2.856618,1466,10.7351
12569,39,44,2.314248,2.314248,1449,10.7501
12570,44,35,4.968233,4.968233,1458,10.6721
12571,35,8,2.480127,2.480127,1450,10.5802
12572,8,56,3.588905,3.588905,1452,10.6457
12573,56,1,2.526787,2.526787,1476,10.6940
12574,1,32,3.007029,3.007029,1444,10.5888
12575,32,27,3.786119,3.786119,1446,10.7720
12576,27,2,5.467519,5.467519,1465,10.6349
12577,2,45,3.063024,3.063024,501,6.1476
12578,45,30,3.741654,3.741654,648,5.1356
12579,30,31,3.181529,3.181529,1127,9.5138
12580,31,54,5.065459,5.065459,1450,10.6839
12581,54,0,3.861399,3.861399,806,8.1227
12582,0,25,2.225668,2.225668,1396,10.5040
12583,25,36,2.219262,2.219262,1410,10.5118
12584,36,29,3.303085,3.303085,1469,10.5201
12585,29,11,2.381137,2.381137,1411,10.7292
12586,11,45,3.520409,3.520409,1445,10.6862
12587,45,30,3.700751,3.700751,1294,10.0498
12588,30,46,2.569088,2.569088,1451,10.6898
12589,46,46,0.712225,0.712225,1467,10.6381
12590,46,47,3.433467,3.433467,1456,10.5716
12591,47,51,2.574276,2.574276,1158,8.8601
12592,51,16,2.012008,2.012008,1471,10.6552
12593,16,21,4.241284,4.241284,1462,10.7675
12594,21,9,4.614082,4.614082,1488,10.6459
12595,9,15,2.706859,2.706859,1464,10.5854
12596,15,39,2.787307,2.787307,1479,10.5673
12597,39,44,2.197753,2.197753,1469,10.8006
12598,44,27,3.189378,3.189378,1445,10.5645
12599,27,20,5.058921,5.058921,1442,10.6060
12600,20,10,2.188747,2.188747,1130,8.7896
12601,10,2,4.160487,4.160487,1456,10.7034
12602,2,12,2.271533,2.271533,1457,10.6783
12603,12,35,3.356894,3.356894,1395,10.4185
12604,35,8,2.392452,2.392452,1458,10.6363
12605,8,41,2.594011,2.594011,1465,10.6134
12606,41,6,3.364839,3.364839,1450,10.5991
12607,6,56,2.656826,2.656826,1458,10.5766
12608,56,34,3.163484,3.163484,1462,10.5964
12609,34,40,2.139785,2.139785,1445,10.5729
12610,40,25,4.596039,4.596039,1459,10.6453
12611,25,36,2.095614,2.095614,1333,10.3512
12612,36,21,3.685196,3.685196,1428,10.6153
12613,21,48,2.426716,2.426716,1449,10.6460
12614,48,25,3.331192,3.331192,1454,10.6366
12615,25,2,4.474760,4.474760,1465,10.7324
12616,2,54,3.977797,3.977797,1461,10.6508
12617,54,0,3.715207,3.715207,1443,10.6442
12618,0,25,2.176486,2.176486,1460,10.5598
12619,25,36,2.060329,2.060329,1460,10.5800
12620,36,29,3.238821,3.238821,1457,10.5942
12621,29,23,2.006469,2.006469,1458,10.6478
12622,23,29,1.626891,1.626891,1464,10.6394
12623,29,11,2.333910,2.333910,1456,10.6495
12624,11,45,3.452472,3.452472,1467,10.7193
12625,45,30,3.669083,3.669083,1460,10.6286
12626,30,46,2.487191,2.487191,1465,10.6284
12627,46,1,3.890228,3.890228,1456,10.6329
12628,1,47,2.304236,2.304236,1468,10.7117
12629,47,22,3.354822,3.354822,1411,10.5359
12630,22,35,4.559650,4.559650,1378,10.5337
12631,35,8,2.296709,2.296709,1448,10.6398
12632,8,41,2.530696,2.530696,1455,10.6180
12633,41,6,3.219316,3.219316,1494,10.7376
12634,6,32,2.397057,2.397057,1459,10.6506
12635,32,9,2.154332,2.154332,1465,10.6131
12636,9,44,3.837069,3.837069,1460,10.6328
12637,44,36,5.216441,5.216441,1484,10.8727
12638,36,29,3.048543,3.048543,1459,10.6471
12639,29,11,2.191865,2.191865,1459,10.7019
12640,11,42,2.257046,2.257046,1422,10.5737
12641,42,0,3.864834,3.864834,1453,10.5524
12642,0,21,3.109874,3.109874,1455,10.7329
12643,21,9,4.663226,4.663226,1462,10.6709
12644,9,15,2.677225,2.677225,1444,10.6245
12645,15,19,4.325269,4.325269,1455,10.5958
12646,19,24,2.726704,2.726704,330,4.8076
12647,24,0,4.977888,4.977888,746,6.1088
12648,0,21,2.954029,2.954029,1466,10.6341
12649,21,9,4.617949,4.617949,1477,10.6620
12650,9,3,3.448038,3.448038,1448,10.7171
12651,3,39,2.759756,2.759756,1464,10.5722
12652,39,44,2.139917,2.139917,1460,10.6110
12653,44,35,5.058130,5.058130,1472,10.9103
12654,35,53,3.732110,3.732110,1410,10.5939
12655,53,17,2.128842,2.128842,1441,10.6270
12656,17,2,3.638057,3.638057,1465,10.6146
12657,2,12,2.213637,2.213637,1461,10.7408
12658,12,20,3.384412,3.384412,1482,10.7722
12659,20,10,2.188507,2.188507,1430,10.6420
12660,10,2,4.068798,4.068798,1465,10.7934
12661,2,12,2.146068,2.146068,1459,10.7417
12662,12,35,3.497171,3.497171,1448,10.6031
12663,35,8,2.252694,2.252694,1453,10.7197
12664,8,56,3.506953,3.506953,1473,10.6736
12665,56,1,2.524162,2.524162,1448,10.6508
12666,1,19,5.122759,5.122759,1456,10.6773
12667,19,38,5.482641,5.482641,1390,10.4275
12668,38,2,3.213463,3.213463,1449,10.7261
12669,2,45,3.134177,3.134177,1425,10.6193
12670,45,63,3.241063,3.241063,1444,10.6324
12671,63,6,4.907391,4.907391,1451,10.6030
12672,6,32,2.387469,2.387469,1448,10.6285
12673,32,61,4.155921,4.155921,1367,10.3985
12674,61,2,5.556579,5.556579,1202,9.8981
12675,2,45,3.053032,3.053032,1460,10.7163
12676,45,63,3.102591,3.102591,1439,10.6465
12677,63,47,4.276141,4.276141,1441,10.6510
12678,47,56,2.236131,2.236131,1483,10.6376
12679,56,34,3.065342,3.065342,1469,10.6486
12680,34,35,3.370437,3.370437,1445,10.5823
12681,35,53,3.675865,3.675865,1456,10.7109
12682,53,11,5.292943,5.292943,1469,10.6206
12683,11,45,3.407496,3.407496,1428,10.5829
12684,45,63,3.022187,3.022187,1476,10.8820
12685,63,18,3.217809,3.217809,1475,10.7157
12686,18,12,4.216101,4.216101,1385,10.4443
12687,12,35,3.371503,3.371503,1448,10.6038
12688,35,53,3.509988,3.509988,1464,10.7219
12689,53,17,2.162149,2.162149,1463,10.7395
12690,17,2,3.522180,3.522180,1458,10.7720
12691,2,12,2.241051,2.241051,1471,10.6481
12692,12,20,3.285161,3.285161,1465,10.7419
12693,20,3,3.472420,3.472420,1460,10.7219
12694,3,41,2.359826,2.359826,1458,10.6568
12695,41,6,3.219005,3.219005,1461,10.6841
12696,6,32,2.313346,2.313346,1457,10.6351
12697,32,9,2.264945,2.264945,1456,10.6417
12698,9,3,3.419895,3.419895,1473,10.5998
12699,3,41,2.289020,2.289020,1454,10.5964
12700,41,36,6.043800,6.043800,1265,10.0714
12701,36,29,2.971972,2.971972,1483,10.7130
12702,29,23,2.080193,2.080193,1445,10.7963
12703,23,0,4.751820,4.751820,1074,8.5439
12704,0,60,3.016229,3.016229,1491,10.6358
12705,60,38,2.803824,2.803824,1490,10.7276
12706,38,2,3.145202,3.145202,1443,10.6636
12707,2,12,2.182909,2.182909,1446,10.8579
12708,12,20,3.126684,3.126684,1452,10.7077
12709,20,3,3.501085,3.501085,1452,10.6247
12710,3,41,2.185789,2.185789,1449,10.5572
12711,41,30,4.460045,4.460045,1464,10.6252
12712,30,31,3.241271,3.241271,1448,10.6087
12713,31,30,3.049954,3.049954,1449,10.7835
12714,30,46,2.483143,2.483143,1434,10.5901
12715,46,47,3.215324,3.215324,1455,10.6846
12716,47,51,2.570793,2.570793,1435,10.6289
12717,51,16,1.983574,1.983574,1412,10.6121
12718,16,53,5.992413,5.992413,1452,10.6362
12719,53,11,5.076828,5.076828,1465,10.5846
12720,11,42,2.225441,2.225441,622,5.3530
12721,42,45,2.667434,2.667434,1385,10.5847
12722,45,63,2.952812,2.952812,1459,10.6219
12723,63,18,3.126820,3.126820,1438,10.5338
12724,18,18,1.068807,1.068807,1445,10.5985
12725,18,38,3.633552,3.633552,1474,10.7774
12726,38,54,3.637808,3.637808,1429,10.6122
12727,54,25,2.959719,2.959719,1468,10.6986
12728,25,36,2.306370,2.306370,1472,10.5854
12729,36,29,2.873888,2.873888,1462,10.6328
12730,29,23,2.030541,2.030541,1470,10.7802
12731,23,29,1.666373,1.666373,1474,10.6551
12732,29,23,1.880540,1.880540,1456,10.6370
12733,23,18,3.787244,3.787244,1464,10.6012
12734,18,38,3.506530,3.506530,1457,10.6366
12735,38,50,2.751854,2.751854,1442,10.5932
12736,50,53,4.064172,4.064172,1473,10.6491
12737,53,17,2.111623,2.111623,1308,10.3391
12738,17,2,3.385720,3.385720,1365,10.2975
12739,2,45,3.173463,3.173463,1429,10.5629
12740,45,30,3.832306,3.832306,1456,10.6865
12741,30,31,3.093881,3.093881,1455,10.6865
12742,31,54,4.917883,4.917883,1435,10.6397
12743,54,0,3.474196,3.474196,1451,10.7313
12744,0,21,2.910519,2.910519,1484,10.6858
12745,21,9,4.524170,4.524170,1445,10.5888
12746,9,15,2.703927,2.703927,1202,9.9241
12747,15,19,4.204300,4.204300,1470,10.7801
12748,19,51,4.567209,4.567209,1135,8.9758
12749,51,16,1.866119,1.866119,1442,10.7480
12750,16,21,4.221619,4.221619,1466,10.7712
12751,21,48,2.566411,2.566411,1468,10.5339
12752,48,25,3.370465,3.370465,1472,10.6466
12753,25,29,2.652844,2.652844,1460,10.6002
12754,29,23,1.833296,1.833296,1443,10.5915
12755,23,29,1.581599,1.581599,1469,10.5819
12756,29,23,1.704608,1.704608,1480,10.6107
12757,23,29,1.481404,1.481404,1449,10.5488
12758,29,23,1.591633,1.591633,1438,10.5376
12759,23,29,1.395463,1.395463,1469,10.5602
12760,29,48,3.509986,3.509986,1460,10.5205
12761,48,51,3.599538,3.599538,1473,10.5918
12762,51,29,3.538923,3.538923,1475,10.6444
12763,29,23,1.546333,1.546333,1463,10.5980
12764,23,29,1.330981,1.330981,1458,10.5528
12765,29,23,1.453474,1.453474,1466,10.5584
12766,23,29,1.267837,1.267837,1490,10.6048
12767,29,48,3.435275,3.435275,1461,10.5931
12768,48,51,3.485769,3.485769,1462,10.5394
12769,51,29,3.284548,3.284548,1468,10.6119
12770,29,23,1.440548,1.440548,1441,10.5232
12771,23,29,1.225746,1.225746,1511,10.6000
12772,29,11,3.034640,3.034640,1472,10.5910
12773,11,45,3.286719,3.286719,1451,10.5427
12774,45,30,3.740567,3.740567,1471,10.6354
12775,30,31,3.053559,3.053559,1459,10.6577
12776,31,54,4.743690,4.743690,1444,10.6923
12777,54,25,2.857007,2.857007,1441,10.6050
12778,25,2,4.488227,4.488227,1482,10.5417
12779,2,45,3.036485,3.036485,1454,10.6251
12780,45,63,2.936204,2.936204,1477,10.5715
12781,63,18,3.032206,3.032206,1474,10.6112
12782,18,12,4.162662,4.162662,1465,10.5934
12783,12,35,3.358347,3.358347,1474,10.6546
12784,35,53,3.494803,3.494803,1466,10.6229
12785,53,11,4.969483,4.969483,1425,10.5479
12786,11,45,3.163923,3.163923,1462,10.7400
12787,45,63,2.855388,2.855388,1444,10.6199
12788,63,47,4.328418,4.328418,1473,10.5885
12789,47,22,3.394064,3.394064,1452,10.6355
12790,22,35,4.544899,4.544899,1220,9.6916
12791,35,53,3.371286,3.371286,1462,10.6569
12792,53,11,4.862253,4.862253,1445,10.6733
12793,11,42,2.498380,2.498380,1462,10.6321
12794,42,0,3.541707,3.541707,1451,10.6044
12795,0,21,2.914358,2.914358,1443,10.5963
12796,21,47,3.825732,3.825732,1453,10.6804
12797,47,51,2.572651,2.572651,1478,10.6931
12798,51,16,1.982582,1.982582,1442,10.6678
12799,16,21,4.075923,4.075923,1464,10.6326
12800,21,9,4.380314,4.380314,1476,10.5564
12801,9,44,3.853964,3.853964,1460,10.6014
12802,44,35,5.126614,5.126614,1416,10.4867
12803,35,0,3.686224,3.686224,1486,10.7309
12804,0,60,2.997084,2.997084,1447,10.5769
12805,60,36,3.256027,3.256027,1441,10.5920
12806,36,29,2.961045,2.961045,1452,10.5905
12807,29,23,1.479228,1.479228,1467,10.6259
12808,23,29,1.254365,1.254365,1446,10.5493
12809,29,23,1.394434,1.394434,1483,10.5857
12810,23,29,1.203183,1.203183,1445,10.5562
12811,29,11,3.117557,3.117557,1432,10.6298
12812,11,45,3.138460,3.138460,1465,10.5804
12813,45,30,3.763646,3.763646,1474,10.5598
12814,30,31,3.011574,3.011574,1457,10.6260
12815,31,30,2.827083,2.827083,1479,10.6636
12816,30,31,2.773174,2.773174,1440,10.6593
12817,31,12,4.273498,4.273498,1450,10.5678
12818,12,35,3.364037,3.364037,1460,10.6954
12819,35,8,2.378582,2.378582,1474,10.7454
12820,8,41,2.517644,2.517644,1463,10.5666
12821,41,6,3.175662,3.175662,1437,10.5858
12822,6,32,2.279990,2.279990,1444,10.5589
12823,32,61,4.063702,4.063702,1430,10.5980
12824,61,2,5.469810,5.469810,1414,10.5697
12825,2,12,2.353303,2.353303,1448,10.6177
12826,12,20,2.993359,2.993359,1449,10.6013
12827,20,3,3.437262,3.437262,1464,10.6489
12828,3,41,2.116810,2.116810,1491,10.6096
12829,41,6,3.037381,3.037381,1452,10.6060
12830,6,56,2.847004,2.847004,1458,10.5619
12831,56,1,2.510431,2.510431,1438,10.6067
12832,1,47,2.383768,2.383768,1467,10.6684
12833,47,56,2.339010,2.339010,1454,10.6261
12834,56,34,3.014897,3.014897,1458,10.5881
12835,34,7,5.008735,5.008735,1449,10.5501
12836,7,31,2.666865,2.666865,1461,10.7966
12837,31,30,2.667076,2.667076,1432,10.5730
12838,30,46,2.650482,2.650482,1468,10.6634
12839,46,46,0.803692,0.803692,1458,10.6305
12840,46,46,0.686446,0.686446,1389,10.5207
12841,46,47,3.182483,3.182483,1444,10.5448
12842,47,22,3.442489,3.442489,1466,10.5835
12843,22,35,4.490821,4.490821,1465,10.6049
12844,35,8,2.310307,2.310307,1454,10.6468
12845,8,41,2.485624,2.485624,1458,10.5996
12846,41,36,5.913209,5.913209,1449,10.5904
12847,36,29,2.937148,2.937148,1458,10.6913
12848,29,23,1.423150,1.423150,1357,10.4535
12849,23,29,1.200511,1.200511,1421,10.5175
12850,29,11,2.935529,2.935529,1461,10.6674
12851,11,24,4.542515,4.542515,1459,10.5600
12852,24,0,4.607023,4.607023,1331,10.3259
12853,0,21,2.881476,2.881476,1479,10.6171
12854,21,9,4.295029,4.295029,1430,10.6151
12855,9,15,2.676371,2.676371,1468,10.6649
12856,15,19,4.076725,4.076725,1454,10.5741
12857,19,51,4.585204,4.585204,1457,10.6515
12858,51,16,1.873896,1.873896,1446,10.7216
12859,16,21,3.906294,3.906294,1445,10.6175
12860,21,9,4.104199,4.104199,1406,10.4799
12861,9,3,3.524076,3.524076,1445,10.6023
12862,3,39,2.954592,2.954592,1449,10.5799
12863,39,15,2.790069,2.790069,1462,10.6128
12864,15,49,2.558781,2.558781,1473,10.6113
12865,49,48,5.272708,5.272708,1441,10.6030
12866,48,25,3.437483,3.437483,1468,10.6620
12867,25,36,2.504419,2.504419,1406,10.3997
12868,36,21,3.475326,3.475326,1475,10.6962
12869,21,47,3.770569,3.770569,1461,10.7229
12870,47,22,3.315580,3.315580,1444,10.6171
12871,22,47,2.812469,2.812469,1451,10.6373
12872,47,51,2.662278,2.662278,1440,10.6410
12873,51,16,1.874665,1.874665,1471,10.6308
12874,16,23,3.692434,3.692434,1457,10.5282
12875,23,29,1.212386,1.212386,1462,10.6502
12876,29,23,1.426538,1.426538,1469,10.6495
12877,23,18,4.263287,4.263287,1449,10.5708
12878,18,12,4.183789,4.183789,1461,10.7072
12879,12,35,3.402419,3.402419,1440,10.6723
12880,35,53,3.262636,3.262636,1459,10.6892
12881,53,17,2.197347,2.197347,1427,10.6927
12882,17,2,3.288066,3.288066,1283,9.9226
12883,2,12,2.362610,2.362610,1450,10.7056
12884,12,20,2.900072,2.900072,1475,10.6778
12885,20,3,3.460358,3.460358,1435,10.6108
12886,3,41,2.100367,2.100367,1458,10.6177
12887,41,30,4.589575,4.589575,1373,10.4410
12888,30,31,2.624874,2.624874,1453,10.6387
12889,31,12,4.311284,4.311284,1461,10.6738
12890,12,35,3.260530,3.260530,1432,10.7350
12891,35,0,3.677183,3.677183,1493,10.5981
12892,0,25,2.509216,2.509216,1475,10.6156
12893,25,2,4.528273,4.528273,1466,10.6191
12894,2,45,3.096607,3.096607,1457,10.6869
12895,45,30,3.755486,3.755486,1454,10.5793
12896,30,46,2.581854,2.581854,1453,10.6230
12897,46,47,3.088254,3.088254,1463,10.6788
12898,47,51,2.566524,2.566524,1443,10.6528
12899,51,51,1.355838,1.355838,1457,10.6729
12900,51,51,1.181146,1.181146,1467,10.6140
12901,51,16,1.933827,1.933827,1431,10.5509
12902,16,23,3.535903,3.535903,1498,10.6057
12903,23,29,1.255780,1.255780,1481,10.6231
12904,29,23,1.345651,1.345651,1457,10.7790
12905,23,18,4.132671,4.132671,1467,10.6558
12906,18,38,3.460025,3.460025,1466,10.6424
12907,38,2,3.296072,3.296072,1450,10.6388
12908,2,12,2.333402,2.333402,1431,10.5399
12909,12,20,2.803156,2.803156,1469,10.6967
12910,20,10,2.467971,2.467971,1443,10.5550
12911,10,2,4.235215,4.235215,1291,9.9472
12912,2,45,3.014483,3.014483,1481,10.6742
12913,45,30,3.583030,3.583030,1457,10.6620
12914,30,46,2.554246,2.554246,1413,10.4684
12915,46,47,2.948210,2.948210,1443,10.6685
12916,47,56,2.476879,2.476879,1457,10.8607
12917,56,6,3.055109,3.055109,1468,10.6372
12918,6,32,2.271121,2.271121,1457,10.6322
12919,32,9,2.569916,2.569916,1454,10.7043
12920,9,44,3.842386,3.842386,1461,10.6355
12921,44,35,5.161448,5.161448,935,8.7357
12922,35,8,2.326838,2.326838,1454,10.5653
12923,8,56,3.409672,3.409672,1451,10.6563
12924,56,34,2.926959,2.926959,1460,10.6492
12925,34,7,4.865278,4.865278,1464,10.6514
12926,7,16,4.862347,4.862347,1447,10.6725
12927,16,21,3.752561,3.752561,1457,10.6546
12928,21,9,4.002286,4.002286,1460,10.6408
12929,9,44,3.727912,3.727912,1478,10.5946
12930,44,36,4.895343,4.895343,1462,10.6140
12931,36,29,2.920652,2.920652,1456,10.6320
12932,29,23,1.308797,1.308797,1469,10.5694
12933,23,29,1.300834,1.300834,1478,10.6715
12934,29,48,3.608662,3.608662,1444,10.5930
12935,48,51,3.445923,3.445923,1469,10.6340
12936,51,29,3.575616,3.575616,1467,10.6025
12937,29,11,2.888510,2.888510,1443,10.5908
12938,11,42,2.622061,2.622061,1449,10.6047
12939,42,54,3.569367,3.569367,1469,10.6307
12940,54,25,2.879910,2.879910,1463,10.6127
12941,25,2,4.419385,4.419385,1457,10.5923
12942,2,54,4.046644,4.046644,1458,10.6579
12943,54,25,2.749178,2.749178,1464,10.6402
12944,25,36,2.572976,2.572976,1440,10.5523
12945,36,34,3.575001,3.575001,1450,10.5987
12946,34,40,2.277692,2.277692,1459,10.6103
12947,40,25,4.624206,4.624206,1459,10.6428
12948,25,2,4.296975,4.296975,1453,10.6690
12949,2,12,2.264887,2.264887,1449,10.7228
12950,12,35,3.321131,3.321131,1460,10.6360
12951,35,8,2.260657,2.260657,1472,10.6884
12952,8,41,2.516863,2.516863,1459,10.6297
12953,41,30,4.517106,4.517106,1428,10.5762
12954,30,46,2.506437,2.506437,1457,10.6072
12955,46,47,2.823092,2.823092,1461,10.6912
12956,47,51,2.452148,2.452148,1446,10.6057
12957,51,16,2.045954,2.045954,1446,10.5483
12958,16,21,3.588205,3.588205,1457,10.5823
12959,21,9,3.816108,3.816108,1477,10.7203
12960,9,15,2.798773,2.798773,1468,10.7859
12961,15,49,2.506210,2.506210,1440,10.6395
12962,49,50,4.444655,4.444655,1354,10.5094
12963,50,53,4.081904,4.081904,1322,10.3994
12964,53,11,4.870693,4.870693,1449,10.6615
12965,11,45,3.224954,3.224954,1447,10.6004
12966,45,63,2.936328,2.936328,1452,10.7157
12967,63,18,2.976447,2.976447,1410,10.5542
12968,18,12,4.244305,4.244305,1431,10.6230
12969,12,35,3.212528,3.212528,1440,10.5402
12970,35,8,2.193152,2.193152,1457,10.6481
12971,8,41,2.456632,2.456632,1452,10.5981
12972,41,6,2.991921,2.991921,1425,10.5599
12973,6,32,2.256544,2.256544,1460,10.6075
12974,32,9,2.629637,2.629637,1458,10.6393
12975,9,15,2.685862,2.685862,1460,10.6747
12976,15,49,2.464256,2.464256,1448,10.6236
12977,49,43,3.868865,3.868865,1406,10.5399
12978,43,51,4.840001,4.840001,1489,10.7571
12979,51,16,1.917961,1.917961,1330,10.1480
12980,16,21,3.413808,3.413808,1449,10.7496
12981,21,9,3.701129,3.701129,1453,10.6731
12982,9,44,3.752413,3.752413,1441,10.5403
12983,44,35,5.086414,5.086414,1450,10.6271
12984,35,8,2.100817,2.100817,1442,10.6360
12985,8,41,2.411782,2.411782,1462,10.6209
12986,41,6,2.858084,2.858084,1450,10.5995
12987,6,56,2.829567,2.829567,1445,10.5593
12988,56,34,2.908007,2.908007,1434,10.6528
12989,34,35,3.580347,3.580347,1444,10.5694
12990,35,8,2.021155,2.021155,1458,10.6292
12991,8,52,5.418754,5.418754,1460,10.6555
12992,52,22,3.505143,3.505143,1321,10.2636
12993,22,35,4.612123,4.612123,1469,10.6720
12994,35,8,1.937860,1.937860,1453,10.7198
12995,8,41,2.447977,2.447977,1469,10.6016
12996,41,6,2.721879,2.721879,1464,10.6830
12997,6,32,2.305652,2.305652,1439,10.5601
12998,32,27,3.846600,3.846600,1470,10.5853
12999,27,20,5.202504,5.202504,1463,10.5722
13000,20,3,3.361850,3.361850,1357,10.1610
13001,3,41,2.127049,2.127049,1451,10.7696
13002,41,36,5.705670,5.705670,1464,10.6450
13003,36,29,3.044527,3.044527,1453,10.6802
13004,29,11,2.726808,2.726808,1411,10.5993
13005,11,45,3.159406,3.159406,1406,10.5002
13006,45,30,3.693985,3.693985,1450,10.6488
13007,30,46,2.477724,2.477724,1455,10.6082
13008,46,46,0.713874,0.713874,1464,10.6097
13009,46,47,2.789915,2.789915,1460,10.6627
13010,47,22,3.626388,3.626388,1454,10.6462
13011,22,35,4.435352,4.435352,1460,10.6602
13012,35,8,1.900864,1.900864,1444,10.6022
13013,8,41,2.401723,2.401723,1441,10.5392
13014,41,6,2.643728,2.643728,1447,10.6069
13015,6,32,2.245212,2.245212,1443,10.5719
13016,32,9,2.680947,2.680947,1450,10.5653
13017,9,44,3.610927,3.610927,1443,10.6208
13018,44,35,4.958430,4.958430,1444,10.6232
13019,35,8,1.854850,1.854850,1475,10.6425
13020,8,41,2.350888,2.350888,1429,10.6293
13021,41,36,5.464088,5.464088,1467,10.6625
13022,36,29,3.042335,3.042335,1451,10.6718
13023,29,23,1.555888,1.555888,1336,10.2819
13024,23,18,3.775007,3.775007,1324,10.4103
13025,18,12,4.143139,4.143139,1456,10.7064
13026,12,35,3.586144,3.586144,1471,10.7170
13027,35,0,3.770096,3.770096,1461,10.6240
13028,0,60,3.036613,3.036613,1448,10.6682
13029,60,38,2.943757,2.943757,1463,10.5642
13030,38,50,2.785057,2.785057,1426,10.4905
13031,50,54,3.195889,3.195889,1452,10.7110
13032,54,25,2.800873,2.800873,1465,10.6715
13033,25,2,4.139760,4.139760,1468,10.6707
13034,2,12,2.340117,2.340117,1492,10.5771
13035,12,35,3.458512,3.458512,1463,10.5751
13036,35,0,3.594567,3.594567,1472,10.6636
13037,0,21,3.022416,3.022416,1451,10.5967
13038,21,47,3.752460,3.752460,1471,10.7041
13039,47,56,2.593277,2.593277,1456,10.6467
13040,56,6,2.882778,2.882778,1465,10.6067
13041,6,32,2.140452,2.140452,1467,10.5914
13042,32,61,4.156599,4.156599,1458,10.5924
13043,61,33,2.820600,2.820600,968,8.8525
13044,33,18,5.108910,5.108910,888,8.7317
13045,18,38,3.363014,3.363014,1324,10.2654
13046,38,50,2.676852,2.676852,1459,10.6139
13047,50,54,3.059644,3.059644,1473,10.6912
13048,54,25,2.743214,2.743214,1464,10.5771
13049,25,36,2.739248,2.739248,1439,10.6368
13050,36,34,3.451184,3.451184,1451,10.6512
13051,34,40,2.269124,2.269124,1458,10.6425
13052,40,25,4.513351,4.513351,1413,10.5529
13053,25,2,4.022574,4.022574,1471,10.6514
13054,2,45,2.830214,2.830214,1429,10.5770
13055,45,30,3.514594,3.514594,1455,10.6124
13056,30,46,2.419130,2.419130,1455,10.6230
13057,46,47,2.689436,2.689436,1466,10.7174
13058,47,22,3.588691,3.588691,1459,10.5659
13059,22,47,2.943388,2.943388,1432,10.5741
13060,47,51,2.521672,2.521672,1462,10.6321
13061,51,51,1.250532,1.250532,1448,10.7533
13062,51,51,1.081950,1.081950,1447,10.7194
13063,51,29,3.901543,3.901543,1460,10.6320
13064,29,48,3.218282,3.218282,1466,10.6920
13065,48,25,3.427974,3.427974,1432,10.5534
13066,25,29,2.593649,2.593649,1444,10.5504
13067,29,48,3.040078,3.040078,1471,10.6617
13068,48,25,3.273088,3.273088,1450,10.5497
13069,25,29,2.435812,2.435812,1431,10.5566
13070,29,11,2.662546,2.662546,1468,10.5925
13071,11,45,3.145306,3.145306,1460,10.5621
13072,45,30,3.452449,3.452449,1468,10.5623
13073,30,31,3.126872,3.126872,1446,10.6435
13074,31,12,4.376741,4.376741,1451,10.6556
13075,12,20,2.926169,2.926169,1454,10.5776
13076,20,10,2.424509,2.424509,1458,10.7541
13077,10,11,6.396361,6.396361,1318,10.3478
13078,11,42,2.653107,2.653107,1486,10.6013
13079,42,0,3.837013,3.837013,1441,10.6915
13080,0,25,2.570062,2.570062,1459,10.6488
13081,25,2,4.068264,4.068264,1462,10.6232
13082,2,12,2.341582,2.341582,1438,10.6037
13083,12,35,3.303056,3.303056,1462,10.6683
13084,35,0,3.529936,3.529936,1463,10.6602
13085,0,60,3.025277,3.025277,1449,10.5885
13086,60,38,2.962104,2.962104,1434,10.5661
13087,38,50,2.616350,2.616350,1441,10.6272
13088,50,53,3.969010,3.969010,1418,10.6395
13089,53,17,2.173681,2.173681,1452,10.6441
13090,17,2,3.401776,3.401776,1466,10.6176
13091,2,45,2.825702,2.825702,1451,10.6939
13092,45,63,3.041062,3.041062,1487,10.6201
13093,63,18,2.994541,2.994541,1414,10.4542
13094,18,12,4.062959,4.062959,799,8.3661
13095,12,35,3.204449,3.204449,1432,10.5370
13096,35,8,1.966935,1.966935,1466,10.6522
13097,8,41,2.270685,2.270685,1446,10.5753
13098,41,6,2.552823,2.552823,1315,10.1017
13099,6,32,2.084410,2.084410,1370,10.3534
13100,32,9,2.641855,2.641855,1273,9.9195
13101,9,44,3.453192,3.453192,1452,10.6557
13102,44,35,5.160472,5.160472,1478,10.7081
13103,35,53,3.482021,3.482021,1461,10.6376
13104,53,0,3.466636,3.466636,1469,10.6394
13105,0,60,2.907027,2.907027,1452,10.6027
13106,60,38,2.917509,2.917509,1465,10.6041
13107,38,50,2.573583,2.573583,973,8.0021
13108,50,53,3.884467,3.884467,1462,10.6743
13109,53,17,2.147618,2.147618,1478,10.6361
13110,17,2,3.263025,3.263025,1462,10.5940
13111,2,45,2.800483,2.800483,1464,10.6005
13112,45,30,3.291218,3.291218,1443,10.6108
13113,30,31,3.084778,3.084778,1461,10.6376
13114,31,12,4.308499,4.308499,1462,10.6139
13115,12,35,3.161068,3.161068,1446,10.7260
13116,35,53,3.407878,3.407878,1487,10.5619
13117,53,11,4.925139,4.925139,1445,10.5805
13118,11,42,2.569898,2.569898,1454,10.6025
13119,42,54,3.610900,3.610900,1405,10.6673
13120,54,25,2.780864,2.780864,1465,10.6308
13121,25,36,2.737562,2.737562,1453,10.6116
13122,36,29,2.942489,2.942489,1481,10.5972
13123,29,11,2.746215,2.746215,1450,10.6174
13124,11,45,3.118200,3.118200,1430,10.5535
13125,45,30,3.215415,3.215415,1466,10.6939
13126,30,46,2.620568,2.620568,1461,10.5952
13127,46,47,2.622595,2.622595,1454,10.6086
13128,47,51,2.253281,2.253281,1454,10.6011
13129,51,29,3.920662,3.920662,1476,10.6582
13130,29,23,1.856696,1.856696,1472,10.6066
13131,23,29,1.538554,1.538554,1463,10.6201
13132,29,11,2.656989,2.656989,1506,10.6447
13133,11,42,2.552251,2.552251,1438,10.6114
13134,42,54,3.537795,3.537795,1289,10.0398
13135,54,25,2.680730,2.680730,1450,10.6306
13136,25,36,2.653959,2.653959,1450,10.5758
13137,36,21,3.811096,3.811096,1446,10.6618
13138,21,9,3.713047,3.713047,1459,10.5594
13139,9,15,2.766558,2.766558,1466,10.6661
13140,15,49,2.423377,2.423377,1412,10.5159
13141,49,48,5.030705,5.030705,1448,10.7543
13142,48,51,3.476707,3.476707,1443,10.5698
13143,51,29,3.609035,3.609035,1477,10.5986
13144,29,23,1.807332,1.807332,1455,10.6116
13145,23,29,1.493585,1.493585,1475,10.6925
13146,29,23,1.681047,1.681047,1446,10.5930
13147,23,18,3.763875,3.763875,1464,10.5564
13148,18,12,4.073635,4.073635,1468,10.7606
13149,12,35,3.068826,3.068826,1448,10.7253
13150,35,0,3.338888,3.338888,1439,10.6337
13151,0,25,2.715286,2.715286,1465,10.7331
13152,25,36,2.525016,2.525016,1457,10.5477
13153,36,29,3.020184,3.020184,1459,10.6563
13154,29,11,2.643455,2.643455,1462,10.6133
13155,11,45,3.166385,3.166385,1462,10.5619
13156,45,30,3.144153,3.144153,1435,10.5772
13157,30,46,2.600784,2.600784,1456,10.6032
13158,46,46,0.743867,0.743867,1371,10.3566
13159,46,1,4.509188,4.509188,1450,10.5767
13160,1,47,2.359727,2.359727,1460,10.7092
13161,47,22,3.408006,3.408006,1464,10.6687
13162,22,35,4.706837,4.706837,1456,10.6208
13163,35,8,2.042457,2.042457,1443,10.6063
13164,8,41,2.212917,2.212917,1462,10.5689
13165,41,6,2.443613,2.443613,1426,10.7690
13166,6,56,3.016136,3.016136,1470,10.5814
13167,56,34,3.003535,3.003535,1450,10.6246
13168,34,40,2.231376,2.231376,1490,10.6152
13169,40,57,2.653596,2.653596,1450,10.6025
13170,57,32,4.570545,4.570545,1420,10.5596
13171,32,61,3.901855,3.901855,1438,10.6118
13172,61,33,2.821810,2.821810,1440,10.6479
13173,33,18,5.031802,5.031802,695,5.5754
13174,18,38,3.346864,3.346864,1382,10.3027
13175,38,2,3.393700,3.393700,1331,10.1505
13176,2,54,3.741173,3.741173,1453,10.6021
13177,54,0,3.952631,3.952631,1217,9.7598
13178,0,60,2.895229,2.895229,1445,10.5625
13179,60,36,3.152756,3.152756,1428,10.5720
13180,36,29,2.931941,2.931941,1467,10.5638
13181,29,23,1.749848,1.749848,1262,9.9901
13182,23,29,1.510930,1.510930,1449,10.9440
13183,29,48,3.139032,3.139032,1367,10.3254
13184,48,51,3.395401,3.395401,1461,10.6324
13185,51,51,0.965117,0.965117,1465,10.6520
13186,51,29,3.498768,3.498768,1460,10.5793
13187,29,23,1.699662,1.699662,1489,10.5709
13188,23,29,1.425782,1.425782,1461,10.6218
13189,29,11,2.678124,2.678124,1455,10.5585
13190,11,42,2.613431,2.613431,1463,10.6829
13191,42,45,2.538741,2.538741,1506,10.6219
13192,45,63,3.164382,3.164382,1440,10.6135
13193,63,47,3.982650,3.982650,1448,10.6383
13194,47,22,3.286726,3.286726,1459,10.6273
13195,22,47,2.766773,2.766773,1452,10.6607
13196,47,56,2.669156,2.669156,1462,10.6086
13197,56,6,2.718491,2.718491,1464,10.6070
13198,6,56,2.779816,2.779816,1458,10.6471
13199,56,34,2.930656,2.930656,1459,10.5989
13200,34,35,3.689657,3.689657,1460,10.6342
13201,35,8,1.972883,1.972883,1466,10.6030
13202,8,41,2.206644,2.206644,1471,10.6516
13203,41,6,2.338268,2.338268,1419,10.5939
13204,6,22,4.777941,4.777941,1474,10.6284
13205,22,35,4.438225,4.438225,1479,10.6629
13206,35,8,1.906027,1.906027,1467,10.6137
13207,8,41,2.173421,2.173421,1427,10.5576
13208,41,36,5.357244,5.357244,1472,10.6325
13209,36,34,3.588229,3.588229,1459,10.7276
13210,34,7,4.831865,4.831865,1446,10.7340
13211,7,31,2.705729,2.705729,1287,10.0592
13212,31,12,4.291435,4.291435,1435,10.5812
13213,12,20,2.973166,2.973166,1445,10.7279
13214,20,10,2.372896,2.372896,1448,10.6385
13215,10,2,4.579187,4.579187,1451,10.6210
13216,2,45,2.876546,2.876546,1449,10.6640
13217,45,63,3.006955,3.006955,1147,9.3598
13218,63,6,6.084697,6.084697,1450,10.6091
13219,6,32,2.273742,2.273742,1459,10.5486
13220,32,61,3.726229,3.726229,1464,10.6025
13221,61,33,2.826725,2.826725,1309,10.2182
13222,33,55,2.743124,2.743124,589,5.4768
13223,55,4,2.747517,2.747517,937,8.3902
13224,4,23,4.384844,4.384844,1469,10.6939
13225,23,29,1.421844,1.421844,1481,10.7598
13226,29,23,1.710199,1.710199,1424,10.5506
13227,23,0,5.128027,5.128027,1466,10.6575
13228,0,25,2.639103,2.639103,1448,10.6430
13229,25,2,4.068271,4.068271,1465,10.6331
13230,2,12,2.596011,2.596011,1472,10.6295
13231,12,20,2.856918,2.856918,1463,10.6618
13232,20,3,3.485154,3.485154,1390,10.3422
13233,3,39,3.054124,3.054124,1321,10.4095
13234,39,59,3.736859,3.736859,1471,10.6643
13235,59,10,4.008746,4.008746,1474,10.9120
13236,10,2,4.554936,4.554936,1455,10.6357
13237,2,54,3.709062,3.709062,1458,10.5766
13238,54,0,3.767996,3.767996,1455,10.5623
13239,0,21,3.131889,3.131889,1441,10.6520
13240,21,48,2.903055,2.903055,1461,10.6848
13241,48,51,3.217540,3.217540,1441,10.6783
13242,51,29,3.191578,3.191578,1443,10.6827
13243,29,23,1.619615,1.619615,1465,10.6600
13244,23,29,1.398759,1.398759,1475,10.7795
13245,29,48,3.038593,3.038593,1481,10.5985
13246,48,51,3.126549,3.126549,1461,10.6607
13247,51,16,2.303299,2.303299,1425,10.5696
13248,16,23,3.472882,3.472882,1474,10.7269
13249,23,29,1.355353,1.355353,1456,10.6009
13250,29,23,1.569112,1.569112,1456,10.5998
13251,23,29,1.288897,1.288897,1460,10.6125
13252,29,11,2.816174,2.816174,1466,10.5360
13253,11,45,3.162831,3.162831,1512,10.6122
13254,45,30,3.172017,3.172017,1464,10.7585
13255,30,46,2.554270,2.554270,1446,10.6265
13256,46,47,2.692877,2.692877,1447,10.6963
13257,47,56,2.588598,2.588598,1454,10.6552
13258,56,1,2.837153,2.837153,1474,10.7807
13259,1,32,3.125971,3.125971,1467,10.6548
13260,32,27,3.806773,3.806773,1457,10.6130
13261,27,20,5.244113,5.244113,1479,10.8166
13262,20,3,3.286129,3.286129,1309,10.2620
13263,3,39,2.981822,2.981822,1448,10.6200
13264,39,59,3.661922,3.661922,1483,10.6904
13265,59,15,4.174970,4.174970,1391,10.4729
13266,15,39,2.989059,2.989059,1470,10.6325
13267,39,59,3.557711,3.557711,1453,10.7880
13268,59,15,3.955704,3.955704,1421,10.5448
13269,15,49,2.255681,2.255681,1463,10.6508
13270,49,48,4.826713,4.826713,1463,10.6420
13271,48,51,3.046170,3.046170,1427,10.6067
13272,51,29,2.847959,2.847959,1454,10.7033
13273,29,23,1.568583,1.568583,1461,10.6265
13274,23,29,1.258867,1.258867,1463,10.6163
13275,29,23,1.468547,1.468547,1417,10.5630
13276,23,29,1.207990,1.207990,1417,10.4982
13277,29,11,2.800471,2.800471,1489,10.6392
13278,11,45,3.108017,3.108017,1448,10.5442
13279,45,30,3.102954,3.102954,1455,10.6034
13280,30,31,3.491393,3.491393,1443,10.6264
13281,31,12,4.092567,4.092567,1433,10.7023
13282,12,43,4.655456,4.655456,1443,10.7963
13283,43,11,5.506576,5.506576,1427,10.7281
13284,11,42,2.684523,2.684523,1423,10.4818
13285,42,0,3.790434,3.790434,1488,10.6844
13286,0,25,2.545745,2.545745,1461,10.6670
13287,25,29,2.734104,2.734104,1466,10.7972
13288,29,11,2.643896,2.643896,1420,10.5941
13289,11,42,2.602542,2.602542,1461,10.7094
13290,42,54,3.664490,3.664490,1457,10.6554
13291,54,25,2.666035,2.666035,1474,10.5934
13292,25,2,4.007521,4.007521,1468,10.5879
13293,2,54,3.538771,3.538771,1466,10.7069
13294,54,0,3.580543,3.580543,1459,10.5942
13295,0,25,2.382260,2.382260,1445,10.5704
13296,25,36,2.670195,2.670195,1456,10.5752
13297,36,29,3.283585,3.283585,1450,10.5526
13298,29,23,1.609205,1.609205,1232,9.6571
13299,23,29,1.296272,1.296272,1475,10.7331
13300,29,11,2.517538,2.517538,1465,10.5644
13301,11,42,2.539889,2.539889,1466,10.6379
13302,42,54,3.607021,3.607021,1453,10.5379
13303,54,0,3.443505,3.443505,1458,10.5626
13304,0,60,2.974006,2.974006,1458,10.5992
13305,60,38,3.014236,3.014236,1452,10.5271
13306,38,50,2.538516,2.538516,1438,10.5466
13307,50,33,3.601069,3.601069,1462,10.6460
13308,33,55,2.607672,2.607672,603,5.2730
13309,55,42,5.447631,5.447631,988,8.8737
13310,42,45,2.512874,2.512874,1470,10.7088
13311,45,62,4.828070,4.828070,1438,10.5446
13312,62,60,3.931426,3.931426,1454,10.5760
13313,60,38,2.888859,2.888859,1456,10.5142
13314,38,50,2.490116,2.490116,1471,10.6427
13315,50,54,2.955480,2.955480,1449,10.5915
13316,54,25,2.610317,2.610317,1451,10.7027
13317,25,29,2.742667,2.742667,1463,10.5396
13318,29,11,2.344286,2.344286,1428,10.6513
13319,11,42,2.574225,2.574225,1453,10.5631
13320,42,54,3.500411,3.500411,1472,10.5614
13321,54,25,2.483656,2.483656,1488,10.6076
13322,25,29,2.698800,2.698800,1431,10.5842
13323,29,48,3.186813,3.186813,1445,10.6823
13324,48,51,2.977230,2.977230,1438,10.6995
13325,51,29,2.880045,2.880045,1475,10.5923
13326,29,48,2.954159,2.954159,1465,10.8317
13327,48,51,2.879311,2.879311,1455,10.7883
13328,51,16,2.325859,2.325859,1426,10.6357
13329,16,23,3.403584,3.403584,1452,10.6021
13330,23,29,1.403419,1.403419,1493,10.6323
13331,29,11,2.308497,2.308497,1434,10.5443
13332,11,45,3.311919,3.311919,1458,10.6078
13333,45,63,3.194860,3.194860,1465,10.6233
13334,63,18,3.134758,3.134758,1466,10.6733
13335,18,18,1.176255,1.176255,1425,10.6288
13336,18,38,3.334414,3.334414,1482,10.5798
13337,38,50,2.401274,2.401274,1479,10.6115
13338,50,53,3.822822,3.822822,1426,10.5927
13339,53,11,5.221498,5.221498,1429,10.6107
13340,11,42,2.512243,2.512243,1464,10.6211
13341,42,45,2.392254,2.392254,1467,10.5985
13342,45,30,3.198221,3.198221,1422,10.5626
13343,30,46,2.648275,2.648275,1429,10.4814
13344,46,1,4.315082,4.315082,1469,10.7664
13345,1,32,3.007483,3.007483,1391,10.3995
13346,32,9,2.706784,2.706784,1370,10.5773
13347,9,44,3.374054,3.374054,878,7.0773
13348,44,36,4.661337,4.661337,1462,10.6356
13349,36,34,3.416368,3.416368,1465,10.6369
13350,34,35,3.477426,3.477426,1474,10.6161
13351,35,8,1.886711,1.886711,1451,10.6343
13352,8,41,2.143596,2.143596,1464,10.5744
13353,41,6,2.479714,2.479714,1459,10.6249
13354,6,56,2.774963,2.774963,1448,10.5557
13355,56,6,2.591237,2.591237,1417,10.6553
13356,6,32,2.282623,2.282623,1466,10.5394
13357,32,61,3.648359,3.648359,1474,10.5903
13358,61,34,4.698077,4.698077,1466,10.7660
13359,34,40,2.239038,2.239038,1458,10.6029
13360,40,57,2.550345,2.550345,1458,10.6437
13361,57,32,4.505333,4.505333,1471,10.7056
13362,32,27,3.661342,3.661342,1438,10.4833
13363,27,20,5.143526,5.143526,1444,10.5957
13364,20,10,2.420930,2.420930,505,4.9505
13365,10,21,5.906836,5.906836,1452,10.6300
13366,21,48,2.885633,2.885633,1180,9.7181
13367,48,51,2.745891,2.745891,1394,10.5200
13368,51,29,2.688637,2.688637,1486,10.7696
13369,29,11,2.290151,2.290151,1416,10.5054
13370,11,42,2.433456,2.433456,979,9.1274
13371,42,54,3.497260,3.497260,1448,10.6468
13372,54,0,3.433148,3.433148,1179,9.8497
13373,0,21,3.355550,3.355550,1397,10.4725
13374,21,48,2.841762,2.841762,1471,10.6452
13375,48,51,2.626694,2.626694,1478,10.7459
13376,51,16,2.323029,2.323029,1466,10.5902
13377,16,53,6.018851,6.018851,1452,10.6118
13378,53,17,2.167484,2.167484,1438,10.6533
13379,17,2,3.258300,3.258300,1410,10.5739
13380,2,45,3.136112,3.136112,1448,10.6443
13381,45,30,3.008038,3.008038,1432,10.6253
13382,30,31,3.558162,3.558162,1458,10.6677
13383,31,54,5.076104,5.076104,1461,10.6539
13384,54,25,2.407204,2.407204,1465,10.7209
13385,25,29,2.841860,2.841860,1422,10.5521
13386,29,11,2.158448,2.158448,1487,10.6968
13387,11,45,3.255917,3.255917,1467,10.6491
13388,45,63,3.209086,3.209086,1450,10.6941
13389,63,6,5.940158,5.940158,1430,10.7046
13390,6,32,2.232848,2.232848,1436,10.5799
13391,32,27,3.525781,3.525781,1478,10.5925
13392,27,20,5.083582,5.083582,1319,10.3923
13393,20,10,2.336826,2.336826,1456,10.7173
13394,10,2,4.392603,4.392603,1417,10.5699
13395,2,12,2.638660,2.638660,1459,10.6450
13396,12,35,3.228047,3.228047,1449,10.6202
13397,35,53,3.655971,3.655971,1414,10.7294
13398,53,17,2.146187,2.146187,1463,10.5876
13399,17,7,3.243754,3.243754,1474,10.6272
13400,7,31,2.710833,2.710833,1459,10.6532
13401,31,12,3.942288,3.942288,1458,10.8025
13402,12,20,3.033216,3.033216,1455,10.7666
13403,20,3,3.139892,3.139892,1458,10.6116
13404,3,41,2.346569,2.346569,1311,10.0206
13405,41,6,2.473362,2.473362,1458,10.6495
13406,6,32,2.176459,2.176459,1444,10.5947
13407,32,61,3.574347,3.574347,1442,10.6840
13408,61,33,2.971631,2.971631,1413,10.5862
13409,33,18,4.785567,4.785567,1390,10.4192
13410,18,18,1.092375,1.092375,1428,10.5666
13411,18,12,4.347345,4.347345,1235,9.8606
13412,12,35,3.149404,3.149404,1475,10.5530
13413,35,53,3.511675,3.511675,1438,10.6292
13414,53,17,2.121578,2.121578,1456,10.8094
13415,17,7,3.136031,3.136031,1413,10.5412
13416,7,16,4.805727,4.805727,1470,10.6654
13417,16,21,3.527303,3.527303,1370,10.5933
13418,21,48,2.753162,2.753162,1456,10.7445
13419,48,51,2.530134,2.530134,1340,10.3971
13420,51,16,2.335989,2.335989,1462,10.6368
13421,16,21,3.372173,3.372173,1472,10.5964
13422,21,47,3.849330,3.849330,1445,10.6069
13423,47,56,2.520771,2.520771,1502,10.6638
13424,56,1,2.712191,2.712191,1425,10.5605
13425,1,47,2.365752,2.365752,1434,10.6196
13426,47,51,2.905392,2.905392,1445,10.5712
13427,51,29,2.651801,2.651801,1451,10.6430
13428,29,48,2.684777,2.684777,1373,10.4008
13429,48,25,3.709327,3.709327,1469,10.6048
13430,25,29,2.691705,2.691705,1466,10.6209
13431,29,11,2.115222,2.115222,1456,10.5509
13432,11,45,3.154560,3.154560,1441,10.6502
13433,45,63,3.127462,3.127462,1439,10.5750
13434,63,6,5.902307,5.902307,1460,10.6365
13435,6,56,2.649322,2.649322,1458,10.6377
13436,56,6,2.620453,2.620453,1500,10.5789
13437,6,32,2.140587,2.140587,1456,10.7458
13438,32,61,3.414967,3.414967,1457,10.6248
13439,61,33,2.976559,2.976559,1465,10.5893
13440,33,11,7.259121,7.259121,322,4.5129
13441,11,42,2.413820,2.413820,1324,10.2504
13442,42,45,2.243927,2.243927,1453,10.6293
13443,45,30,3.163726,3.163726,1463,10.6216
13444,30,46,2.771020,2.771020,1452,10.7484
13445,46,46,0.781681,0.781681,1444,10.6745
13446,46,47,2.766008,2.766008,1458,10.5773
13447,47,22,3.299096,3.299096,1458,10.6402
13448,22,20,4.718015,4.718015,1443,10.6462
13449,20,10,2.320662,2.320662,1469,10.6752
13450,10,21,5.808223,5.808223,1464,10.6385
13451,21,48,2.698992,2.698992,1450,10.6226
13452,48,6,5.054820,5.054820,1403,10.5296
13453,6,32,2.070920,2.070920,1468,10.5821
13454,32,27,3.536141,3.536141,1449,10.6146
13455,27,20,5.071144,5.071144,1379,10.4325
13456,20,10,2.252588,2.252588,1476,10.6922
13457,10,11,7.022568,7.022568,1447,10.5913
13458,11,45,2.769839,2.769839,1424,10.6829
13459,45,30,3.086631,3.086631,1470,10.6410
13460,30,27,6.601860,6.601860,1456,10.6336
13461,27,20,4.859375,4.859375,1331,10.3890
13462,20,10,2.197435,2.197435,1455,10.6642
13463,10,2,4.174982,4.174982,1464,10.6039
13464,2,12,2.648439,2.648439,1466,10.5913
13465,12,43,4.504025,4.504025,1443,10.6852
13466,43,51,4.993259,4.993259,836,6.8479
13467,51,29,2.615708,2.615708,1314,10.2749
13468,29,23,2.255514,2.255514,1400,10.5952
13469,23,18,3.763406,3.763406,1459,10.7453
13470,18,38,3.291237,3.291237,1457,10.7550
13471,38,50,2.303331,2.303331,1461,10.6506
13472,50,53,3.860104,3.860104,1445,10.7340
13473,53,11,5.119812,5.119812,1460,10.7019
13474,11,45,2.611582,2.611582,1473,10.9273
13475,45,62,5.080551,5.080551,1453,10.6468
13476,62,60,3.862356,3.862356,1458,10.5958
13477,60,38,2.893125,2.893125,1448,10.6862
13478,38,54,3.449245,3.449245,1455,10.5929
13479,54,25,2.430920,2.430920,1459,10.6703
13480,25,2,4.245645,4.245645,1462,10.5892
13481,2,12,2.536521,2.536521,1474,10.6933
13482,12,35,3.068950,3.068950,1442,10.5593
13483,35,53,3.421255,3.421255,1464,10.7156
13484,53,17,2.106793,2.106793,1456,10.6163
13485,17,2,3.240999,3.240999,1346,10.2429
13486,2,12,2.462184,2.462184,1458,10.6068
13487,12,35,2.963055,2.963055,1460,10.6350
13488,35,8,2.094624,2.094624,1451,10.5810
13489,8,41,2.226188,2.226188,1434,10.5500
13490,41,6,2.539323,2.539323,1462,10.5725
13491,6,32,2.021421,2.021421,1440,10.6099
13492,32,9,2.869388,2.869388,1463,10.6132
13493,9,44,3.262073,3.262073,1463,10.6887
13494,44,35,5.352952,5.352952,1472,10.6898
13495,35,0,3.825385,3.825385,1455,10.5745
13496,0,25,2.404370,2.404370,1456,10.6451
13497,25,36,2.931373,2.931373,1461,10.6080
13498,36,29,3.292251,3.292251,1450,10.6525
13499,29,23,2.139888,2.139888,1484,10.5680
13500,23,29,1.644532,1.644532,1460,10.7188
13501,29,11,2.540211,2.540211,1436,10.5776
13502,11,42,2.435802,2.435802,1467,10.6121
13503,42,54,3.543548,3.543548,1463,10.6165
13504,54,25,2.308470,2.308470,1482,10.8097
13505,25,2,4.135430,4.135430,1423,10.5166
13506,2,12,2.366809,2.366809,1458,10.6837
13507,12,43,4.496895,4.496895,1457,10.5508
13508,43,51,4.863257,4.863257,1449,10.6535
13509,51,29,2.578125,2.578125,1449,10.6875
13510,29,11,2.411135,2.411135,1367,10.2736
13511,11,42,2.352397,2.352397,1431,10.7012
13512,42,45,2.095927,2.095927,1474,10.6486
13513,45,30,3.095478,3.095478,1453,10.6288
13514,30,31,3.814207,3.814207,1489,10.6104
13515,31,12,3.868808,3.868808,1453,10.6774
13516,12,35,2.980772,2.980772,1458,10.5812
13517,35,53,3.283246,3.283246,1457,10.6817
13518,53,17,2.102332,2.102332,1482,10.6719
13519,17,2,3.136408,3.136408,1417,10.5503
13520,2,12,2.328344,2.328344,1468,10.6631
13521,12,20,3.338429,3.338429,1460,10.6490
13522,20,10,2.194110,2.194110,1466,10.6054
13523,10,2,4.242210,4.242210,1480,10.7292
13524,2,12,2.236698,2.236698,1476,10.6027
13525,12,35,2.933232,2.933232,1471,10.6029
13526,35,0,3.681995,3.681995,1468,10.5876
13527,0,25,2.394831,2.394831,1461,10.6107
13528,25,36,2.870879,2.870879,1415,10.6643
13529,36,21,4.199038,4.199038,1444,10.6565
13530,21,9,3.856710,3.856710,1457,10.6385
13531,9,44,3.138806,3.138806,1447,10.6893
13532,44,35,5.352133,5.352133,1378,10.4492
13533,35,53,3.126569,3.126569,1451,10.6062
13534,53,17,2.097435,2.097435,1454,10.6494
13535,17,7,3.139173,3.139173,1453,10.7037
13536,7,31,2.748752,2.748752,1455,10.6942
13537,31,54,5.015593,5.015593,1441,10.5663
13538,54,0,3.569014,3.569014,861,7.9870
13539,0,21,3.425917,3.425917,1472,10.6219
13540,21,9,3.807938,3.807938,1453,10.6568
13541,9,15,3.015688,3.015688,1444,10.6113
13542,15,49,2.247576,2.247576,1457,10.5886
13543,49,50,5.019873,5.019873,1369,10.4082
13544,50,54,3.001337,3.001337,1443,10.7137
13545,54,25,2.245380,2.245380,1360,10.5538
13546,25,29,2.901529,2.901529,1483,10.6511
13547,29,11,2.292537,2.292537,1457,10.5724
13548,11,45,2.729585,2.729585,1439,10.7031
13549,45,30,3.038009,3.038009,1458,10.6003
13550,30,46,2.953562,2.953562,1449,10.6401
13551,46,46,0.736035,0.736035,1451,10.5846
13552,46,47,2.696335,2.696335,1468,10.6187
13553,47,56,2.544988,2.544988,1481,10.8124
13554,56,34,3.147266,3.147266,1248,9.5624
13555,34,35,3.653737,3.653737,1452,10.6969
13556,35,8,2.162418,2.162418,1444,10.6171
13557,8,56,3.517414,3.517414,1463,10.5961
13558,56,1,2.710525,2.710525,1461,10.6429
13559,1,32,3.013044,3.013044,1467,10.5880
13560,32,9,2.862461,2.862461,1443,10.5627
13561,9,15,2.888733,2.888733,1469,10.6317
13562,15,49,2.218868,2.218868,1441,10.5557
13563,49,50,4.901875,4.901875,1453,10.6416
13564,50,54,2.852354,2.852354,1380,10.5480
13565,54,0,3.528684,3.528684,1320,10.2355
13566,0,21,3.358217,3.358217,1451,10.6879
13567,21,48,2.768783,2.768783,1451,10.6958
13568,48,25,3.635919,3.635919,1466,10.7007
13569,25,2,4.267261,4.267261,1454,10.5981
13570,2,12,2.181456,2.181456,1446,10.6938
13571,12,20,3.212921,3.212921,1478,10.6217
13572,20,10,2.171782,2.171782,1466,10.6984
13573,10,2,4.164076,4.164076,1473,10.6317
13574,2,45,3.683885,3.683885,1463,10.6300
13575,45,30,2.835181,2.835181,1465,10.6085
13576,30,31,3.973155,3.973155,1445,10.6208
13577,31,12,3.739062,3.739062,1473,10.5969
13578,12,35,3.020852,3.020852,1458,10.5694
13579,35,8,2.105809,2.105809,1469,10.7264
13580,8,41,2.274474,2.274474,1486,10.6267
13581,41,36,4.870692,4.870692,1438,10.6207
13582,36,21,3.879304,3.879304,1457,10.6146
13583,21,48,2.649122,2.649122,1453,10.5819
13584,48,6,4.759947,4.759947,1462,10.5827
13585,6,32,2.062997,2.062997,1473,10.7200
13586,32,9,2.726466,2.726466,1474,10.6823
13587,9,44,3.141349,3.141349,1456,10.7764
13588,44,36,4.506943,4.506943,1456,10.6709
13589,36,34,3.438454,3.438454,1472,10.6425
13590,34,40,2.238404,2.238404,1460,10.6183
13591,40,57,2.462184,2.462184,1451,10.5806
13592,57,59,4.864607,4.864607,1444,10.5876
13593,59,10,4.021510,4.021510,1129,9.6165
13594,10,21,5.956341,5.956341,1158,9.3035
13595,21,9,3.922594,3.922594,1422,10.6151
13596,9,15,2.853655,2.853655,1454,10.6482
13597,15,49,2.206842,2.206842,1450,10.6237
13598,49,48,4.826871,4.826871,1407,10.5794
13599,48,6,4.568974,4.568974,1324,10.1844
13600,6,32,2.054169,2.054169,1443,10.6618
13601,32,9,2.684913,2.684913,1480,10.6715
13602,9,3,4.209413,4.209413,1477,10.6249
13603,3,10,2.787996,2.787996,1466,10.6583
13604,10,21,5.729087,5.729087,1342,10.5008
13605,21,48,2.736426,2.736426,1449,10.6142
13606,48,25,3.500172,3.500172,1460,10.6499
13607,25,36,3.005040,3.005040,1449,10.6386
13608,36,34,3.377184,3.377184,1465,10.6740
13609,34,7,4.689298,4.689298,1471,10.6458
13610,7,31,2.713059,2.713059,1460,10.6243
13611,31,12,3.611086,3.611086,1460,10.6209
13612,12,35,2.873263,2.873263,1446,10.6951
13613,35,8,2.079490,2.079490,1446,10.6092
13614,8,41,2.260726,2.260726,1477,10.5901
13615,41,36,4.670613,4.670613,1470,10.6189
13616,36,34,3.184286,3.184286,1433,10.5916
13617,34,40,2.193994,2.193994,1448,10.5659
13618,40,57,2.425616,2.425616,1442,10.6122
13619,57,52,3.108714,3.108714,1459,10.6860
13620,52,21,5.929027,5.929027,1439,10.6925
13621,21,48,2.627350,2.627350,1465,10.6357
13622,48,25,3.348017,3.348017,1458,10.5594
13623,25,36,2.973621,2.973621,1477,10.6381
13624,36,34,3.121532,3.121532,1443,10.5687
13625,34,35,3.600218,3.600218,1456,10.6253
13626,35,53,3.176225,3.176225,1468,10.6219
13627,53,11,5.210243,5.210243,1447,10.5983
13628,11,45,2.676925,2.676925,1453,10.7588
13629,45,30,2.774157,2.774157,1443,10.6032
13630,30,46,3.025255,3.025255,1470,10.6911
13631,46,46,0.692334,0.692334,1446,10.5900
13632,46,1,4.436971,4.436971,1488,10.6051
13633,1,19,4.835465,4.835465,1486,10.6855
13634,19,38,5.380832,5.380832,510,6.1018
13635,38,50,2.475366,2.475366,1393,10.4712
13636,50,54,2.723169,2.723169,1181,9.0932
13637,54,25,2.434393,2.434393,1463,10.5857
13638,25,29,2.724868,2.724868,1470,10.5547
13639,29,11,2.311248,2.311248,1436,10.6160
13640,11,45,2.622118,2.622118,1467,10.6105
13641,45,63,3.548411,3.548411,1453,10.6534
13642,63,18,3.064107,3.064107,1454,10.6052
13643,18,38,3.233297,3.233297,1475,10.7021
13644,38,2,3.863175,3.863175,1462,10.5684
13645,2,12,2.214605,2.214605,1455,10.5542
13646,12,35,2.817567,2.817567,1455,10.5939
13647,35,53,3.037347,3.037347,1464,10.6098
13648,53,17,2.173545,2.173545,1463,10.6752
13649,17,2,3.152780,3.152780,1431,10.6517
13650,2,12,2.154702,2.154702,1471,10.7406
13651,12,20,3.180032,3.180032,1422,10.6239
13652,20,10,2.234212,2.234212,1448,10.6245
13653,10,2,4.072865,4.072865,1413,10.6420
13654,2,54,3.855254,3.855254,1460,10.5940
13655,54,25,2.355275,2.355275,1452,10.6268
13656,25,29,2.641808,2.641808,1448,10.6391
13657,29,11,2.196139,2.196139,848,7.5930
13658,11,42,2.555865,2.555865,1453,10.6128
13659,42,0,3.893606,3.893606,1434,10.6680
13660,0,21,3.444779,3.444779,1457,10.6661
13661,21,47,3.863549,3.863549,1425,10.5173
13662,47,22,3.207527,3.207527,1476,10.7320
13663,22,35,4.613775,4.613775,1452,10.8712
13664,35,0,3.897813,3.897813,1468,10.6510
13665,0,21,3.310047,3.310047,1434,10.6421
13666,21,9,4.012531,4.012531,1466,10.6197
13667,9,44,3.105047,3.105047,1437,10.6636
13668,44,35,5.342422,5.342422,1465,10.7617
13669,35,8,2.101464,2.101464,1437,10.6864
13670,8,41,2.209043,2.209043,1448,10.6364
13671,41,6,2.708595,2.708595,1443,10.5693
13672,6,32,2.042265,2.042265,1442,10.5461
13673,32,27,3.585376,3.585376,1447,10.7049
13674,27,20,4.880087,4.880087,1442,10.5248
13675,20,10,2.173820,2.173820,1218,9.5618
13676,10,2,3.859059,3.859059,1445,10.6997
13677,2,12,2.126458,2.126458,1464,10.6213
13678,12,35,3.000878,3.000878,1378,10.4094
13679,35,8,2.053572,2.053572,1468,10.6239
13680,8,41,2.180784,2.180784,1458,10.6864
13681,41,6,2.602005,2.602005,1471,10.6179
13682,6,56,2.864144,2.864144,1441,10.5510
13683,56,34,3.292643,3.292643,1470,10.6023
13684,34,40,2.184736,2.184736,1455,10.5815
13685,40,25,4.973303,4.973303,1448,10.5690
13686,25,36,2.907568,2.907568,1182,9.6942
13687,36,21,3.861738,3.861738,1453,10.6513
13688,21,9,3.906124,3.906124,1431,10.6059
13689,9,3,3.985709,3.985709,1449,10.6332
13690,3,41,2.530127,2.530127,1481,10.7165
13691,41,6,2.463272,2.463272,1445,10.5578
13692,6,56,2.769007,2.769007,1469,10.5793
13693,56,34,3.177287,3.177287,1444,10.5235
13694,34,35,3.553109,3.553109,1438,10.5742
13695,35,53,3.020603,3.020603,1428,10.5753
13696,53,17,2.177236,2.177236,1436,10.6872
13697,17,2,3.059726,3.059726,1483,10.7458
13698,2,45,4.000085,4.000085,1437,10.6228
13699,45,30,2.704810,2.704810,1015,9.0390
13700,30,27,6.619678,6.619678,1478,10.6174
13701,27,20,4.679910,4.679910,1297,10.1692
13702,20,10,2.148127,2.148127,1478,10.6510
13703,10,11,7.231576,7.231576,1406,10.4602
13704,11,42,2.399863,2.399863,496,5.4316
13705,42,54,3.786185,3.786185,1329,10.2730
13706,54,25,2.344220,2.344220,1461,10.6924
13707,25,36,2.808061,2.808061,1396,10.4562
13708,36,34,3.265397,3.265397,1475,10.6833
13709,34,40,2.171116,2.171116,1444,10.6578
13710,40,57,2.465062,2.465062,1452,10.6529
13711,57,32,4.497068,4.497068,1450,10.7234
13712,32,61,3.441251,3.441251,1456,10.6369
13713,61,2,5.888397,5.888397,1471,10.7366
13714,2,45,3.899829,3.899829,1426,10.5811
13715,45,63,3.299926,3.299926,1453,10.7058
13716,63,6,5.727002,5.727002,1454,10.5727
13717,6,56,2.602433,2.602433,1464,10.7236
13718,56,1,2.764186,2.764186,1447,10.6335
13719,1,32,3.084743,3.084743,1461,10.6981
13720,32,9,2.785208,2.785208,1460,10.6271
13721,9,44,3.023448,3.023448,1458,10.6499
13722,44,35,5.195969,5.195969,1448,10.6233
13723,35,8,2.039158,2.039158,1449,10.6882
13724,8,52,5.585735,5.585735,1446,10.6142
13725,52,21,5.773754,5.773754,717,7.9091
13726,21,48,2.636224,2.636224,1443,10.5560
13727,48,51,2.810731,2.810731,1439,10.5709
13728,51,16,2.265464,2.265464,1471,10.7225
13729,16,53,5.915669,5.915669,1445,10.5985
13730,53,11,5.034279,5.034279,1473,10.6216
13731,11,45,2.772746,2.772746,1466,10.6893
13732,45,63,3.186624,3.186624,1483,10.6113
13733,63,47,4.158468,4.158468,1415,10.6162
13734,47,22,3.124887,3.124887,1436,10.5717
13735,22,35,4.526221,4.526221,1471,10.6134
13736,35,53,2.983716,2.983716,1453,10.6069
13737,53,17,2.170360,2.170360,1378,10.3347
13738,17,7,3.162115,3.162115,1297,10.2807
13739,7,31,2.673286,2.673286,1456,10.6948
13740,31,12,3.579979,3.579979,1479,10.5994
13741,12,35,3.094777,3.094777,1471,10.7776
13742,35,8,2.006342,2.006342,1460,10.5934
13743,8,41,2.280044,2.280044,1480,10.5755
13744,41,6,2.512706,2.512706,1460,10.6140
13745,6,32,2.327947,2.327947,1464,10.7130
13746,32,27,3.411928,3.411928,1441,10.5852
13747,27,20,4.594390,4.594390,1462,10.5936
13748,20,10,2.108154,2.108154,1442,10.6094
13749,10,11,6.961863,6.961863,1466,10.7516
13750,11,42,2.369059,2.369059,713,6.8851
13751,42,54,3.654573,3.654573,414,5.2803
13752,54,25,2.254264,2.254264,636,6.3003
13753,25,36,2.712721,2.712721,1290,9.8508
13754,36,29,3.301189,3.301189,1482,10.6924
13755,29,11,2.546767,2.546767,1445,10.6482
13756,11,42,2.289919,2.289919,1392,10.5623
13757,42,54,3.564298,3.564298,1222,9.8776
13758,54,0,3.544864,3.544864,921,8.3365
13759,0,60,3.280727,3.280727,1436,10.5591
13760,60,38,3.029121,3.029121,1463,10.6594
13761,38,2,3.897769,3.897769,1474,10.7099
13762,2,45,3.754479,3.754479,1463,10.7156
13763,45,63,3.006945,3.006945,1447,10.6706
13764,63,47,4.075660,4.075660,1472,10.7196
13765,47,22,3.031121,3.031121,1470,10.7730
13766,22,35,4.405341,4.405341,1448,10.6581
13767,35,0,3.974308,3.974308,1454,10.7076
13768,0,25,2.477776,2.477776,1429,10.6043
13769,25,2,4.749474,4.749474,1463,10.5641
13770,2,45,3.534712,3.534712,1470,10.7083
13771,45,30,2.630152,2.630152,1415,10.5004
13772,30,46,3.038338,3.038338,1458,10.6062
13773,46,47,2.669437,2.669437,1463,10.6842
13774,47,22,2.983239,2.983239,1452,10.5780
13775,22,20,4.819971,4.819971,1270,10.1209
13776,20,10,2.051162,2.051162,1483,10.5959
13777,10,2,3.847154,3.847154,1312,10.2741
13778,2,12,2.247084,2.247084,1462,10.6311
13779,12,35,3.059949,3.059949,1466,10.6149
13780,35,8,1.989977,1.989977,1454,10.6554
13781,8,41,2.238596,2.238596,1480,10.6544
13782,41,6,2.408005,2.408005,1467,10.6080
13783,6,32,2.264233,2.264233,1476,10.5942
13784,32,9,2.721946,2.721946,1447,10.6059
13785,9,3,3.877927,3.877927,1474,10.5929
13786,3,41,2.578652,2.578652,1440,10.6666
13787,41,6,2.285309,2.285309,1449,10.6283
13788,6,56,2.744962,2.744962,1470,10.6283
13789,56,34,3.209219,3.209219,1437,10.5983
13790,34,40,2.139567,2.139567,1453,10.8214
13791,40,25,4.907724,4.907724,1462,10.6388
13792,25,36,2.555344,2.555344,1434,10.8838
13793,36,29,3.166081,3.166081,1456,10.6612
13794,29,23,2.515785,2.515785,1442,10.7271
13795,23,18,3.513726,3.513726,1463,10.7407
13796,18,12,4.998702,4.998702,1149,9.5465
13797,12,20,3.376776,3.376776,1464,10.5646
13798,20,3,3.404965,3.404965,1453,10.6912
13799,3,41,2.482622,2.482622,1449,10.6666
13800,41,6,2.171749,2.171749,1462,10.5685
13801,6,32,2.323976,2.323976,1465,10.7342
13802,32,27,3.350821,3.350821,1409,10.5125
13803,27,20,4.600091,4.600091,1421,10.6439
13804,20,10,2.084568,2.084568,1455,10.6122
13805,10,11,6.793917,6.793917,1468,10.6196
13806,11,42,2.264202,2.264202,1475,10.6278
13807,42,0,3.846287,3.846287,1450,10.6307
13808,0,21,3.322378,3.322378,1452,10.6292
13809,21,47,3.860818,3.860818,1424,10.5436
13810,47,22,2.864623,2.864623,1455,10.6989
13811,22,35,4.297658,4.297658,1453,10.7007
13812,35,0,3.922151,3.922151,1468,10.5581
13813,0,60,3.223153,3.223153,1371,10.3728
13814,60,38,2.980605,2.980605,1451,10.6115
13815,38,50,2.518548,2.518548,1444,10.7266
13816,50,54,2.690617,2.690617,1446,10.7925
13817,54,0,3.520020,3.520020,1474,10.7000
13818,0,60,3.108410,3.108410,1449,10.5895
13819,60,36,3.176260,3.176260,1486,10.7195
13820,36,21,3.744177,3.744177,1461,10.6270
13821,21,47,3.806290,3.806290,1458,10.5550
13822,47,56,2.933197,2.933197,1449,10.6705
13823,56,34,3.085615,3.085615,1494,10.7871
13824,34,7,4.825971,4.825971,1445,10.5623
13825,7,31,2.588110,2.588110,1474,10.7824
13826,31,12,3.629886,3.629886,1448,10.6333
13827,12,35,3.013062,3.013062,1425,10.6440
13828,35,0,3.822813,3.822813,1476,10.6596
13829,0,21,3.140513,3.140513,1460,10.6895
13830,21,47,3.715631,3.715631,1469,10.5933
13831,47,51,2.973568,2.973568,1456,10.6258
13832,51,51,1.477381,1.477381,1465,10.6771
13833,51,51,1.297657,1.297657,1452,10.5566
13834,51,16,2.260166,2.260166,1471,10.6373
13835,16,23,3.408226,3.408226,1480,10.6124
13836,23,0,4.593127,4.593127,1433,10.6222
13837,0,21,3.008686,3.008686,1470,10.6882
13838,21,9,4.165059,4.165059,1477,10.6571
13839,9,15,2.979387,2.979387,1463,10.5871
13840,15,49,2.171438,2.171438,1440,10.6540
13841,49,50,4.879763,4.879763,1452,10.6148
13842,50,53,4.127124,4.127124,1460,10.7198
13843,53,17,2.110346,2.110346,1462,10.6824
13844,17,7,3.074892,3.074892,1387,10.4738
13845,7,22,4.340633,4.340633,1485,10.6389
13846,22,20,4.662263,4.662263,1468,10.6590
13847,20,3,3.257304,3.257304,1444,10.6620
13848,3,41,2.413407,2.413407,1438,10.6227
13849,41,30,5.507446,5.507446,1448,10.5636
13850,30,46,2.920794,2.920794,1420,10.7292
13851,46,1,4.257516,4.257516,1450,10.6018
13852,1,32,3.017611,3.017611,1463,10.6301
13853,32,9,2.760589,2.760589,1470,10.6036
13854,9,44,2.993878,2.993878,1467,10.6161
13855,44,35,5.383266,5.383266,1452,10.6091
13856,35,8,2.073852,2.073852,1450,10.6321
13857,8,41,2.281109,2.281109,1459,10.5725
13858,41,36,5.102048,5.102048,1449,10.6340
13859,36,34,3.356930,3.356930,1458,10.6333
13860,34,35,3.489185,3.489185,1450,10.5521
13861,35,8,1.987501,1.987501,1443,10.5234
13862,8,41,2.231311,2.231311,1454,10.5554
13863,41,6,2.222088,2.222088,1465,10.6084
13864,6,56,2.802504,2.802504,1443,10.5303
13865,56,34,3.058010,3.058010,1449,10.5171
13866,34,35,3.362005,3.362005,1462,10.6604
13867,35,8,1.917370,1.917370,1476,10.6468
13868,8,52,5.617950,5.617950,1463,10.5819
13869,52,22,3.884336,3.884336,783,7.8754
13870,22,47,2.814541,2.814541,1441,10.6313
13871,47,22,2.909351,2.909351,1478,10.6187
13872,22,47,2.590445,2.590445,1428,10.5266
13873,47,22,2.680978,2.680978,1450,10.5612
13874,22,47,2.383681,2.383681,1451,10.6086
13875,47,56,2.888933,2.888933,1476,10.5878
13876,56,34,2.947257,2.947257,1472,10.5582
13877,34,40,2.278165,2.278165,1454,10.5958
13878,40,57,2.462170,2.462170,1460,10.6211
13879,57,52,3.122887,3.122887,1455,10.8043
13880,52,21,5.765393,5.765393,1463,10.6466
13881,21,48,2.746246,2.746246,1438,10.5351
13882,48,25,3.538002,3.538002,1456,10.6908
13883,25,29,2.589432,2.589432,1458,10.5903
13884,29,48,2.736855,2.736855,1461,10.5555
13885,48,51,2.622985,2.622985,1490,10.6288
13886,51,16,2.208667,2.208667,1452,10.5842
13887,16,53,5.852590,5.852590,1457,10.6085
13888,53,11,4.778494,4.778494,1351,10.2855
13889,11,45,2.948267,2.948267,1465,10.6307
13890,45,30,2.649298,2.649298,1428,10.5839
13891,30,46,2.909026,2.909026,1456,10.7740
13892,46,46,0.764502,0.764502,1443,10.6099
13893,46,47,2.880051,2.880051,1433,10.6208
13894,47,56,2.776928,2.776928,1465,10.6342
13895,56,1,2.863255,2.863255,1442,10.5559
13896,1,32,2.945609,2.945609,1458,10.6455
13897,32,61,3.445365,3.445365,1447,10.6530
13898,61,2,5.762397,5.762397,1475,10.5817
13899,2,12,2.396067,2.396067,1370,10.4706
13900,12,20,3.349671,3.349671,1362,10.3665
13901,20,10,2.079545,2.079545,1444,10.6972
13902,10,2,3.651365,3.651365,1466,10.6880
13903,2,54,4.002385,4.002385,1386,10.5111
13904,54,0,3.392512,3.392512,1445,10.6395
13905,0,25,2.489470,2.489470,1405,10.5428
13906,25,29,2.503840,2.503840,1206,9.7888
13907,29,23,2.484121,2.484121,1355,10.5329
13908,23,29,2.022963,2.022963,1456,10.7677
13909,29,11,2.881571,2.881571,1453,10.7391
13910,11,45,2.901331,2.901331,1461,10.5751
13911,45,30,2.600454,2.600454,1476,10.6091
13912,30,46,2.842660,2.842660,1464,10.7642
13913,46,46,0.685057,0.685057,1461,10.6551
13914,46,47,2.835518,2.835518,1486,10.6055
13915,47,22,2.697469,2.697469,1434,10.5941
13916,22,47,2.297785,2.297785,1480,10.7220
13917,47,56,2.704417,2.704417,1458,10.8425
13918,56,34,2.883430,2.883430,1462,10.5591
13919,34,40,2.239644,2.239644,1461,10.5883
13920,40,57,2.437512,2.437512,1472,10.6073
13921,57,52,3.020470,3.020470,1393,10.5128
13922,52,21,5.643402,5.643402,1317,10.3889
13923,21,9,4.023247,4.023247,1473,10.7078
13924,9,15,2.898960,2.898960,1469,10.6664
13925,15,49,2.154358,2.154358,1457,10.6197
13926,49,50,4.710736,4.710736,864,6.7915
13927,50,54,2.581663,2.581663,1458,10.7493
13928,54,25,2.501751,2.501751,1446,10.6213
13929,25,2,4.959633,4.959633,1463,10.6950
13930,2,45,3.653809,3.653809,1400,10.5334
13931,45,30,2.457080,2.457080,1449,10.6433
13932,30,27,6.445935,6.445935,1456,10.6136
13933,27,20,4.452701,4.452701,622,5.7194
13934,20,10,2.052404,2.052404,1462,10.6296
13935,10,11,6.604644,6.604644,1450,10.6795
13936,11,45,2.825067,2.825067,1461,10.7515
13937,45,63,3.107396,3.107396,1441,10.7028
13938,63,6,5.903360,5.903360,1435,10.6143
13939,6,32,2.452897,2.452897,1447,10.6699
13940,32,9,2.785906,2.785906,572,5.4339
13941,9,15,2.788744,2.788744,1391,10.5342
13942,15,49,2.142632,2.142632,1434,10.5561
13943,49,48,4.724158,4.724158,1353,10.3639
13944,48,6,4.492256,4.492256,1456,10.6362
13945,6,22,4.802971,4.802971,1370,10.4801
13946,22,20,4.624835,4.624835,1436,10.6196
13947,20,3,3.214932,3.214932,1340,10.3758
13948,3,39,3.222120,3.222120,1455,10.6499
13949,39,59,3.312199,3.312199,1436,10.5313
13950,59,10,4.076468,4.076468,1371,10.3777
13951,10,2,3.615102,3.615102,1415,10.5261
13952,2,45,3.639338,3.639338,518,5.0869
13953,45,62,4.744644,4.744644,1452,10.6558
13954,62,20,4.433399,4.433399,1455,10.7812
13955,20,10,2.113312,2.113312,1471,10.6865
13956,10,2,3.432308,3.432308,1466,10.6210
13957,2,45,3.576851,3.576851,1461,10.6332
13958,45,30,2.387020,2.387020,1367,10.5297
13959,30,46,2.880617,2.880617,1469,10.6080
13960,46,46,0.636386,0.636386,1430,10.5728
13961,46,1,4.558483,4.558483,1438,10.6133
13962,1,19,4.711610,4.711610,1457,10.6999
13963,19,38,5.175626,5.175626,1201,9.8523
13964,38,50,2.598009,2.598009,860,7.8629
13965,50,54,2.464504,2.464504,1455,10.6345
13966,54,25,2.467948,2.467948,1459,10.6949
13967,25,36,2.753629,2.753629,1441,10.5814
13968,36,34,3.465473,3.465473,1456,10.6138
13969,34,40,2.143724,2.143724,1441,10.6145
13970,40,25,4.920000,4.920000,1471,10.6535
13971,25,36,2.559978,2.559978,1439,10.5351
13972,36,21,3.524900,3.524900,1440,10.5851
13973,21,9,3.971393,3.971393,1449,10.5966
13974,9,15,2.686653,2.686653,1444,10.5989
13975,15,49,2.140989,2.140989,1445,10.6554
13976,49,43,4.475471,4.475471,1423,10.5896
13977,43,46,3.865833,3.865833,876,7.2652
13978,46,47,2.769662,2.769662,1434,10.6507
13979,47,22,2.607112,2.607112,1386,10.5183
13980,22,47,2.203789,2.203789,1433,10.6253
13981,47,56,2.654785,2.654785,1447,10.6723
13982,56,6,2.985738,2.985738,1450,10.6420
13983,6,32,2.394233,2.394233,1450,10.5564
13984,32,9,2.763857,2.763857,1455,10.7002
13985,9,15,2.579789,2.579789,1457,10.6441
13986,15,19,4.611292,4.611292,1469,10.5768
13987,19,24,2.831443,2.831443,1469,10.7286
13988,24,4,2.384688,2.384688,1448,10.6212
13989,4,23,4.219852,4.219852,1443,10.5950
13990,23,29,2.024435,2.024435,1462,10.7116
13991,29,48,2.765119,2.765119,1037,8.0306
13992,48,51,2.590093,2.590093,1480,10.7051
13993,51,16,2.161871,2.161871,1455,10.5779
13994,16,53,5.663807,5.663807,1461,10.6330
13995,53,17,2.126657,2.126657,610,5.3327
13996,17,2,3.179404,3.179404,645,5.8201
13997,2,12,2.391777,2.391777,1333,10.3436
13998,12,20,3.300563,3.300563,1421,10.5747
13999,20,10,2.096143,2.096143,1409,10.5731
14000,10,21,5.890231,5.890231,1470,10.7028
14001,21,48,2.757761,2.757761,1450,10.6689
14002,48,25,3.505731,3.505731,1462,10.5915
14003,25,29,2.454001,2.454001,1474,10.6415
14004,29,23,2.397624,2.397624,1417,10.5777
14005,23,29,1.890789,1.890789,1469,10.6586
14006,29,23,2.215227,2.215227,1471,10.7388
14007,23,29,1.750046,1.750046,1461,10.5595
14008,29,23,2.047365,2.047365,1464,10.6152
14009,23,29,1.626113,1.626113,1484,10.5554
14010,29,11,3.086133,3.086133,1458,10.6323
14011,11,42,2.554826,2.554826,1469,10.5953
14012,42,45,2.601545,2.601545,1459,10.6699
14013,45,62,4.561878,4.561878,1450,10.6150
14014,62,60,3.819367,3.819367,1459,10.6665
14015,60,38,2.982517,2.982517,1479,10.7868
14016,38,50,2.548918,2.548918,1458,10.6139
14017,50,54,2.358613,2.358613,1457,10.6290
14018,54,0,3.554697,3.554697,1465,10.6631
14019,0,25,2.479003,2.479003,1440,10.5784
14020,25,36,2.492491,2.492491,1441,10.6106
14021,36,34,3.466697,3.466697,1476,10.6108
14022,34,35,3.286402,3.286402,1441,10.5776
14023,35,0,4.005356,4.005356,1375,10.3948
14024,0,21,3.266804,3.266804,1432,10.6829
14025,21,48,2.746448,2.746448,1463,10.6218
14026,48,6,4.432588,4.432588,1473,10.6245
14027,6,32,2.339935,2.339935,1438,10.5880
14028,32,9,2.637438,2.637438,1454,10.7623
14029,9,15,2.481956,2.481956,1448,10.6708
14030,15,49,2.234907,2.234907,1482,10.6799
14031,49,50,4.831887,4.831887,1453,10.6988
14032,50,53,4.157958,4.157958,1404,10.6459
14033,53,17,2.058497,2.058497,1479,10.8033
14034,17,2,3.057484,3.057484,1471,10.5595
14035,2,45,3.690997,3.690997,1470,10.6289
14036,45,30,2.343899,2.343899,1457,10.6241
14037,30,46,2.902227,2.902227,1464,10.5975
14038,46,47,2.680724,2.680724,1467,10.6192
14039,47,56,2.553104,2.553104,1461,10.6103
14040,56,1,2.731704,2.731704,1469,10.5932
14041,1,47,2.391540,2.391540,1449,10.6271
14042,47,56,2.387642,2.387642,1452,10.5988
14043,56,34,3.088939,3.088939,1428,10.6136
14044,34,40,2.141372,2.141372,1455,10.6803
14045,40,57,2.483932,2.483932,1454,10.6636
14046,57,32,4.515420,4.515420,1463,10.6785
14047,32,9,2.503343,2.503343,1447,10.5982
14048,9,44,3.177176,3.177176,1446,10.5928
14049,44,36,4.712069,4.712069,1453,10.7154
14050,36,34,3.321786,3.321786,1461,10.6417
14051,34,40,2.068475,2.068475,1457,10.6654
14052,40,57,2.458332,2.458332,1465,10.5717
14053,57,32,4.307044,4.307044,1434,10.5535
14054,32,27,3.252475,3.252475,1443,10.6088
14055,27,2,5.263521,5.263521,1455,10.5896
14056,2,12,2.401442,2.401442,1348,10.7152
14057,12,35,3.285702,3.285702,1232,9.8251
14058,35,0,3.808640,3.808640,1450,10.6773
14059,0,21,3.134802,3.134802,1264,10.1084
14060,21,9,4.242236,4.242236,1459,10.8189
14061,9,44,3.020185,3.020185,1464,10.5792
14062,44,35,5.029800,5.029800,1446,10.5782
14063,35,8,2.011717,2.011717,1449,10.6353
14064,8,41,2.362695,2.362695,1423,10.6915
14065,41,6,2.425843,2.425843,1465,10.5528
14066,6,32,2.426505,2.426505,1431,10.5167
14067,32,27,3.127421,3.127421,1463,10.6202
14068,27,53,4.765331,4.765331,1444,10.5501
14069,53,17,2.041914,2.041914,1461,10.5972
14070,17,2,2.939487,2.939487,1469,10.6303
14071,2,54,4.105917,4.105917,1474,10.6941
14072,54,25,2.597337,2.597337,734,6.8231
14073,25,36,2.524326,2.524326,1466,10.5963
14074,36,29,3.092182,3.092182,1459,10.6386
14075,29,11,2.912911,2.912911,1445,10.7099
14076,11,24,4.660347,4.660347,1458,10.6419
14077,24,0,4.664407,4.664407,1175,9.6598
14078,0,60,3.204665,3.204665,1481,10.6343
14079,60,38,2.932967,2.932967,1452,10.5993
14080,38,2,3.969175,3.969175,1456,10.5786
14081,2,45,3.655467,3.655467,1443,10.5886
14082,45,63,3.066008,3.066008,1451,10.5561
14083,63,6,5.602167,5.602167,1445,10.6102
14084,6,56,2.910670,2.910670,1447,10.5854
14085,56,1,2.658215,2.658215,1450,10.6357
14086,1,32,3.146162,3.146162,1451,10.5776
14087,32,9,2.568046,2.568046,1439,10.6407
14088,9,3,4.008549,4.008549,1199,9.2468
14089,3,41,2.546033,2.546033,1355,10.0957
14090,41,36,4.974574,4.974574,1454,10.6875
14091,36,21,3.355028,3.355028,1449,10.6215
14092,21,48,2.698821,2.698821,1436,10.6308
14093,48,51,2.609611,2.609611,1439,10.6144
14094,51,16,2.118082,2.118082,1469,10.6243
14095,16,53,5.557659,5.557659,1441,10.5876
14096,53,17,2.037174,2.037174,1499,10.6632
14097,17,7,3.070367,3.070367,1447,10.6905
14098,7,31,2.600032,2.600032,1458,10.6558
14099,31,12,3.591916,3.591916,1469,10.7233
14100,12,20,3.159828,3.159828,1470,10.6574
14101,20,10,2.084509,2.084509,1466,10.6059
14102,10,21,5.810856,5.810856,1455,10.7034
14103,21,48,2.674767,2.674767,1460,10.6421
14104,48,51,2.511161,2.511161,1452,10.6851
14105,51,16,2.063273,2.063273,1459,10.6432
14106,16,21,4.615400,4.615400,1447,10.5962
14107,21,47,3.909554,3.909554,1477,10.6385
14108,47,22,2.623368,2.623368,1464,10.6308
14109,22,20,4.545621,4.545621,1456,10.5781
14110,20,10,2.038016,2.038016,1445,10.6603
14111,10,2,3.362696,3.362696,1454,10.6506
14112,2,12,2.426956,2.426956,1457,10.6053
14113,12,20,3.065855,3.065855,1471,10.7234
14114,20,3,3.418692,3.418692,1470,10.6541
14115,3,41,2.456379,2.456379,1454,10.6939
14116,41,6,2.463752,2.463752,1473,10.6137
14117,6,32,2.442144,2.442144,1452,10.6154
14118,32,9,2.455199,2.455199,1438,10.5639
14119,9,15,2.585264,2.585264,1459,10.6493
14120,15,19,4.529205,4.529205,1447,10.5632
14121,19,24,2.824228,2.824228,895,7.5508
14122,24,4,2.344962,2.344962,629,6.8080
14123,4,23,4.079447,4.079447,1064,8.4174
14124,23,29,1.753828,1.753828,923,7.4552
14125,29,23,2.055237,2.055237,1466,10.6911
14126,23,29,1.629107,1.629107,1459,10.5856
14127,29,23,1.902151,1.902151,1483,10.5932
14128,23,29,1.521224,1.521224,1461,10.5869
14129,29,23,1.764827,1.764827,1471,10.6369
14130,23,29,1.429301,1.429301,1467,10.5645
14131,29,23,1.643112,1.643112,1456,10.6244
14132,23,29,1.351783,1.351783,1474,10.6922
14133,29,23,1.536343,1.536343,1469,10.5458
14134,23,29,1.286736,1.286736,1449,10.5991
14135,29,11,3.114365,3.114365,1484,10.6549
14136,11,24,4.616582,4.616582,1468,10.6602
14137,24,54,3.615509,3.615509,1159,9.1988
14138,54,44,6.257902,6.257902,1470,10.7327
14139,44,36,4.420596,4.420596,1460,10.7675
14140,36,29,3.202137,3.202137,1441,10.9644
14141,29,23,1.556696,1.556696,1472,10.7546
14142,23,29,1.293212,1.293212,1445,10.5833
14143,29,23,1.460628,1.460628,1467,10.7842
14144,23,29,1.238112,1.238112,1451,10.5648
14145,29,11,3.024054,3.024054,1472,10.6039
14146,11,45,3.340790,3.340790,1434,10.6462
14147,45,63,2.943840,2.943840,1475,10.6771
14148,63,18,3.163740,3.163740,1450,10.6067
14149,18,18,1.135947,1.135947,1437,10.6145
14150,18,38,3.374808,3.374808,1466,10.5772
14151,38,50,2.644042,2.644042,1447,10.7268
14152,50,53,4.037940,4.037940,1467,10.6676
14153,53,0,3.663515,3.663515,1441,10.7060
14154,0,25,2.651552,2.651552,1452,10.6201
14155,25,29,2.419209,2.419209,1442,10.5596
14156,29,23,1.493287,1.493287,1447,10.5923
14157,23,18,4.177332,4.177332,1466,10.5950
14158,18,12,5.202187,5.202187,1475,10.6449
14159,12,35,3.338864,3.338864,1466,10.6527
14160,35,8,2.017005,2.017005,1420,10.6554
14161,8,41,2.369286,2.369286,1446,10.6773
14162,41,6,2.369827,2.369827,487,6.1047
14163,6,56,2.952350,2.952350,1388,10.6761
14164,56,34,3.086868,3.086868,1471,10.6813
14165,34,7,4.940302,4.940302,1479,10.7478
14166,7,22,4.319412,4.319412,850,7.7201
14167,22,35,4.175819,4.175819,1418,10.4809
14168,35,53,3.706316,3.706316,1472,10.6656
14169,53,17,2.025586,2.025586,1438,10.6155
14170,17,2,2.912738,2.912738,1451,10.5624
14171,2,45,3.704905,3.704905,1438,10.5607
14172,45,30,2.353240,2.353240,1467,10.7956
14173,30,46,2.860907,2.860907,1465,10.5585
14174,46,47,2.645475,2.645475,1462,10.5974
14175,47,22,2.629007,2.629007,1451,10.6386
14176,22,35,4.025268,4.025268,1473,10.6952
14177,35,53,3.611611,3.611611,1472,10.6414
14178,53,17,2.007061,2.007061,1485,10.5774
14179,17,7,3.050051,3.050051,1445,10.6242
14180,7,31,2.571245,2.571245,1450,10.5519
14181,31,12,3.623607,3.623607,1451,10.5901
14182,12,20,2.953472,2.953472,1450,10.5988
14183,20,10,2.076637,2.076637,1456,10.6146
14184,10,11,6.702748,6.702748,1461,10.5795
14185,11,42,2.746647,2.746647,1380,10.7627
14186,42,54,3.801252,3.801252,680,5.5257
14187,54,25,2.545639,2.545639,1464,10.6536
14188,25,29,2.406258,2.406258,1447,10.6491
14189,29,11,2.997890,2.997890,1485,10.7371
14190,11,42,2.652175,2.652175,1445,10.7085
14191,42,45,2.812526,2.812526,1359,10.5991
14192,45,30,2.283661,2.283661,1443,10.7720
14193,30,46,2.841057,2.841057,1427,10.7809
14194,46,47,2.540671,2.540671,1472,10.6362
14195,47,56,2.524931,2.524931,1463,10.6613
14196,56,1,2.629831,2.629831,1441,10.5943
14197,1,47,2.441834,2.441834,1456,10.6603
14198,47,22,2.618854,2.618854,1478,10.6414
14199,22,47,2.183887,2.183887,1454,10.5860
14200,47,51,3.442069,3.442069,1469,10.6302
14201,51,29,3.003933,3.003933,1462,10.7092
14202,29,23,1.525178,1.525178,1470,10.6515
14203,23,29,1.315919,1.315919,1459,10.6435
14204,29,23,1.434731,1.434731,1443,10.6126
14205,23,29,1.256618,1.256618,1458,10.5931
14206,29,48,3.474116,3.474116,1457,10.5784
14207,48,6,4.331206,4.331206,1466,10.6558
14208,6,56,2.870446,2.870446,1463,10.8864
14209,56,34,2.994589,2.994589,1459,10.5814
14210,34,35,3.249301,3.249301,1466,10.6470
14211,35,0,3.902857,3.902857,1461,10.6498
14212,0,60,3.137571,3.137571,1455,10.6045
14213,60,38,2.907664,2.907664,1454,10.5293
14214,38,2,3.969757,3.969757,1461,10.5802
14215,2,12,2.527712,2.527712,1451,10.6035
14216,12,35,3.381047,3.381047,1460,10.6000
14217,35,8,2.091824,2.091824,1458,10.7252
14218,8,41,2.358699,2.358699,1441,10.5863
14219,41,6,2.322680,2.322680,1459,10.5650
14220,6,56,2.797746,2.797746,1466,10.6204
14221,56,34,2.866000,2.866000,1467,10.7389
14222,34,40,2.230661,2.230661,1457,10.6205
14223,40,25,4.946602,4.946602,1471,10.5978
14224,25,36,2.701984,2.701984,1457,10.6214
14225,36,29,3.079296,3.079296,1486,10.6176
14226,29,11,2.934608,2.934608,1368,10.3837
14227,11,42,2.610764,2.610764,1454,10.7744
14228,42,45,2.727026,2.727026,1489,10.5612
14229,45,30,2.222674,2.222674,1445,10.5821
14230,30,31,5.122041,5.122041,1462,10.6573
14231,31,54,5.358637,5.358637,1464,10.6169
14232,54,25,2.498500,2.498500,1435,10.5610
14233,25,2,5.018466,5.018466,1434,10.5454
14234,2,12,2.381437,2.381437,1443,10.6458
14235,12,20,2.834275,2.834275,1439,10.5822
14236,20,10,2.059663,2.059663,1460,10.5620
14237,10,11,6.707941,6.707941,1450,10.5598
14238,11,45,3.169066,3.169066,1422,10.5991
14239,45,30,2.166605,2.166605,1449,10.6191
14240,30,31,5.044554,5.044554,1449,10.6421
14241,31,54,5.077172,5.077172,1472,10.6529
14242,54,25,2.354165,2.354165,1461,10.7420
14243,25,2,4.852102,4.852102,1461,10.6248
14244,2,45,3.582576,3.582576,1436,10.6320
14245,45,30,2.060833,2.060833,1445,10.6364
14246,30,31,4.956626,4.956626,1450,10.5946
14247,31,12,3.342950,3.342950,1436,10.6293
14248,12,20,2.721022,2.721022,1458,10.6573
14249,20,10,2.029147,2.029147,1452,10.6412
14250,10,2,3.577109,3.577109,1494,10.6450
14251,2,12,2.333909,2.333909,1460,10.6037
14252,12,35,3.349649,3.349649,1425,10.6264
14253,35,0,3.720835,3.720835,1448,10.6301
14254,0,21,3.190370,3.190370,1445,10.7445
14255,21,48,2.654466,2.654466,1444,10.5656
14256,48,6,4.169077,4.169077,1463,10.7412
14257,6,32,2.633745,2.633745,1468,10.7059
14258,32,27,3.047266,3.047266,1016,8.2425
14259,27,20,4.854878,4.854878,1343,10.3813
14260,20,10,1.987242,1.987242,1446,10.6047
14261,10,2,3.391124,3.391124,1470,10.6393
14262,2,45,3.591720,3.591720,1447,10.6689
14263,45,63,3.095374,3.095374,1439,10.5801
14264,63,47,3.948044,3.948044,1461,10.6466
14265,47,51,3.210403,3.210403,1456,10.6150
14266,51,51,1.392884,1.392884,1455,10.7268
14267,51,29,3.043720,3.043720,1426,10.5951
14268,29,11,2.872552,2.872552,1443,10.7548
14269,11,45,3.319235,3.319235,701,6.1710
14270,45,30,2.049788,2.049788,1469,10.6827
14271,30,31,4.822486,4.822486,1447,10.6441
14272,31,12,3.191013,3.191013,1464,10.6521
14273,12,20,2.744830,2.744830,1451,10.6582
14274,20,3,3.579684,3.579684,1446,10.5775
14275,3,41,2.488753,2.488753,1472,10.7337
14276,41,6,2.261855,2.261855,1454,10.6734
14277,6,32,2.542776,2.542776,1466,10.7184
14278,32,9,2.455831,2.455831,1441,10.5824
14279,9,15,2.465008,2.465008,1484,10.6224
14280,15,49,2.304384,2.304384,1452,10.5872
14281,49,50,4.639412,4.639412,1441,10.5915
14282,50,54,2.595750,2.595750,1455,10.6771
14283,54,25,2.314172,2.314172,1450,10.6961
14284,25,36,2.751644,2.751644,1459,10.6272
14285,36,34,3.478732,3.478732,1469,10.6902
14286,34,40,2.126447,2.126447,1446,10.5908
14287,40,25,4.941910,4.941910,1443,10.6350
14288,25,2,4.955401,4.955401,1440,10.6186
14289,2,45,3.445948,3.445948,1352,10.4228
14290,45,30,1.965751,1.965751,1451,10.6993
14291,30,31,4.722273,4.722273,1451,10.6264
14292,31,12,3.028424,3.028424,1441,10.5566
14293,12,35,3.196417,3.196417,1464,10.6496
14294,35,0,3.547501,3.547501,1420,10.6095
14295,0,21,3.103717,3.103717,1470,10.6265
14296,21,48,2.630584,2.630584,1441,10.5784
14297,48,51,2.550274,2.550274,1450,10.6972
14298,51,16,2.191140,2.191140,1460,10.6598
14299,16,21,4.456299,4.456299,1456,10.6120
14300,21,47,3.878981,3.878981,1442,10.6081
14301,47,22,2.512058,2.512058,1459,10.6280
14302,22,47,2.157404,2.157404,1460,10.6034
14303,47,22,2.313675,2.313675,1444,10.5474
14304,22,47,1.991254,1.991254,1463,10.5486
14305,47,56,2.635963,2.635963,1469,10.6316
14306,56,34,2.868172,2.868172,1467,10.5854
14307,34,35,3.340507,3.340507,1453,10.5713
14308,35,0,3.431276,3.431276,1441,10.5271
14309,0,60,3.165014,3.165014,1448,10.5807
14310,60,38,2.884190,2.884190,1461,10.6009
14311,38,50,2.773544,2.773544,1421,10.4931
14312,50,53,3.984104,3.984104,1100,9.4255
14313,53,17,2.005372,2.005372,1418,10.5186
14314,17,2,3.064044,3.064044,1464,10.6682
14315,2,12,2.374767,2.374767,1468,10.6251
14316,12,35,3.151396,3.151396,1456,10.6195
14317,35,53,3.732927,3.732927,1434,10.5418
14318,53,11,4.895596,4.895596,1458,10.5931
14319,11,45,3.263556,3.263556,1461,10.6616
14320,45,30,1.931430,1.931430,1468,10.6406
14321,30,31,4.611650,4.611650,1452,10.6794
14322,31,12,2.912906,2.912906,1462,10.6327
14323,12,35,3.001103,3.001103,1462,10.5877
14324,35,53,3.581852,3.581852,1459,10.5904
14325,53,11,4.797999,4.797999,1450,10.6304
14326,11,42,2.659687,2.659687,1479,10.7103
14327,42,0,4.270906,4.270906,1455,10.6668
14328,0,21,3.062967,3.062967,1464,10.5855
14329,21,48,2.541537,2.541537,1459,10.5586
14330,48,6,4.055819,4.055819,1453,10.5623
14331,6,56,2.873652,2.873652,1449,10.5687
14332,56,34,2.736075,2.736075,1443,10.5662
14333,34,35,3.328455,3.328455,1451,10.5504
14334,35,0,3.416116,3.416116,1433,10.4933
14335,0,25,2.937093,2.937093,1448,10.5892
14336,25,36,2.614070,2.614070,1439,10.5937
14337,36,29,3.122220,3.122220,1436,10.6643
14338,29,11,2.802327,2.802327,1460,10.5384
14339,11,45,3.220267,3.220267,1475,10.6143
14340,45,62,4.506004,4.506004,1461,10.5403
14341,62,21,4.170433,4.170433,1441,10.6004
14342,21,48,2.487516,2.487516,1476,10.5597
14343,48,25,3.845568,3.845568,1468,10.5651
14344,25,36,2.483489,2.483489,1441,10.5301
14345,36,34,3.642941,3.642941,1465,10.5694
14346,34,40,2.185626,2.185626,1419,10.5176
14347,40,57,2.509902,2.509902,1472,10.5713
14348,57,52,3.000801,3.000801,1334,10.4257
14349,52,21,5.785040,5.785040,1052,8.9682
14350,21,48,2.394410,2.394410,1399,10.4129
14351,48,51,2.548815,2.548815,1478,10.5816
14352,51,16,2.129158,2.129158,1448,10.5757
14353,16,23,3.388987,3.388987,1465,10.5952
14354,23,29,1.516970,1.516970,1459,10.6694
14355,29,23,1.687036,1.687036,1470,10.7086
14356,23,18,3.786941,3.786941,1454,10.5344
14357,18,12,5.610217,5.610217,1460,10.5761
14358,12,20,2.721430,2.721430,920,7.8741
14359,20,3,3.479798,3.479798,933,7.7637
14360,3,41,2.430430,2.430430,1008,8.4570
14361,41,6,2.236071,2.236071,1285,10.0771
14362,6,56,2.797587,2.797587,1450,10.6902
14363,56,1,2.903744,2.903744,1379,10.5089
14364,1,19,4.706231,4.706231,1450,10.5760
14365,19,24,2.804532,2.804532,1389,10.4865
14366,24,54,3.593499,3.593499,1295,9.8808
14367,54,25,2.422297,2.422297,1455,10.6142
14368,25,36,2.404683,2.404683,1471,10.7275
14369,36,29,3.041403,3.041403,1458,10.6072
14370,29,11,2.706233,2.706233,1470,10.6615
14371,11,42,2.646167,2.646167,1452,10.5948
14372,42,54,4.105743,4.105743,1461,10.7657
14373,54,0,4.074897,4.074897,1445,10.6515
14374,0,25,2.793166,2.793166,1453,10.6146
14375,25,36,2.305157,2.305157,1429,10.5601
14376,36,29,2.925484,2.925484,1452,10.6645
14377,29,11,2.558108,2.558108,1472,10.6783
14378,11,45,3.274869,3.274869,1468,10.5912
14379,45,63,3.195931,3.195931,1468,10.5920
14380,63,47,3.902150,3.902150,1472,10.6179
14381,47,22,2.226756,2.226756,1445,10.6305
14382,22,35,3.993371,3.993371,1463,10.6456
14383,35,8,2.357012,2.357012,1465,10.6009
14384,8,41,2.426364,2.426364,1403,10.5640
14385,41,30,5.445588,5.445588,1438,10.6147
14386,30,31,4.221001,4.221001,1466,10.7010
14387,31,54,4.704626,4.704626,1455,10.7140
14388,54,25,2.295602,2.295602,1481,10.6535
14389,25,2,4.885216,4.885216,1475,10.6493
14390,2,12,2.403793,2.403793,1469,10.8545
14391,12,20,2.581959,2.581959,1442,10.5926
14392,20,10,2.103912,2.103912,1484,10.5970
14393,10,11,6.885796,6.885796,1467,10.5951
14394,11,45,3.056768,3.056768,1357,10.3451
14395,45,30,2.176467,2.176467,1464,10.6471
14396,30,31,4.143487,4.143487,1439,10.5717
14397,31,30,3.422993,3.422993,1431,10.6421
14398,30,31,3.800458,3.800458,1460,10.6080
14399,31,12,2.945743,2.945743,1461,10.6057
14400,12,35,3.087500,3.087500,1471,10.7272
14401,35,53,3.538914,3.538914,1488,10.5817
14402,53,11,4.811539,4.811539,1497,10.6795
14403,11,42,2.630802,2.630802,1446,10.6024
14404,42,45,2.539126,2.539126,1455,10.5880
14405,45,63,3.148791,3.148791,1470,10.6407
14406,63,18,3.053431,3.053431,1466,10.6058
14407,18,38,3.395685,3.395685,1458,10.7056
14408,38,50,2.666669,2.666669,1458,10.5575
14409,50,53,3.989585,3.989585,1491,10.9010
14410,53,17,2.066871,2.066871,1441,10.5837
14411,17,2,3.003694,3.003694,1473,10.5502
14412,2,45,3.807157,3.807157,1459,10.6287
14413,45,30,2.192200,2.192200,1460,10.5786
14414,30,31,3.698679,3.698679,1438,10.6211
14415,31,54,4.473492,4.473492,1417,10.5362
14416,54,25,2.205890,2.205890,1141,9.3748
14417,25,36,2.313542,2.313542,1434,10.6064
14418,36,34,3.726465,3.726465,1465,10.6622
14419,34,35,3.197639,3.197639,1414,10.5134
14420,35,0,3.458105,3.458105,1439,10.6423
14421,0,25,2.832224,2.832224,1461,10.7547
14422,25,2,4.734327,4.734327,1481,10.5820
14423,2,54,3.896602,3.896602,1470,10.7236
14424,54,25,2.136203,2.136203,1423,10.5069
14425,25,29,2.771300,2.771300,1437,10.5749
14426,29,11,2.669019,2.669019,1477,10.5715
14427,11,45,3.017123,3.017123,1428,10.5322
14428,45,30,2.163015,2.163015,1457,10.5899
14429,30,46,3.557323,3.557323,1450,10.5662
14430,46,46,0.995771,0.995771,1438,10.6183
14431,46,47,2.651104,2.651104,1459,10.5717
14432,47,51,3.101232,3.101232,1435,10.5692
14433,51,16,2.052477,2.052477,1451,10.5874
14434,16,53,5.788232,5.788232,1457,10.6204
14435,53,17,2.037695,2.037695,1466,10.6694
14436,17,2,2.901043,2.901043,1261,9.5412
14437,2,54,3.807202,3.807202,1452,10.5405
14438,54,25,2.074826,2.074826,1473,10.6664
14439,25,36,2.334568,2.334568,1448,10.6637
14440,36,29,2.772494,2.772494,1456,10.5758
14441,29,23,2.024070,2.024070,1421,10.6275
14442,23,29,1.662555,1.662555,1453,10.5942
14443,29,11,2.594936,2.594936,1462,10.5418
14444,11,42,2.631909,2.631909,1441,10.6020
14445,42,54,4.364952,4.364952,1472,10.5624
14446,54,25,1.991998,1.991998,1468,10.7114
14447,25,2,4.558978,4.558978,1458,10.6843
14448,2,45,3.685939,3.685939,1480,10.5764
14449,45,30,2.070778,2.070778,1433,10.5520
14450,30,31,3.734120,3.734120,1449,10.7234
14451,31,30,3.020526,3.020526,1474,10.7817
14452,30,31,3.415329,3.415329,1437,10.5360
14453,31,12,2.912750,2.912750,1406,10.5181
14454,12,35,3.019190,3.019190,1447,10.6462
14455,35,0,3.294327,3.294327,1434,10.5829
14456,0,21,3.274388,3.274388,1483,10.5506
14457,21,9,4.496165,4.496165,1435,10.5858
14458,9,3,3.929913,3.929913,1428,10.5721
14459,3,41,2.375770,2.375770,1425,10.6212
14460,41,36,5.570434,5.570434,1466,10.5647
14461,36,29,2.744180,2.744180,1471,10.5887
14462,29,11,2.453901,2.453901,1471,10.6226
14463,11,42,2.532211,2.532211,1454,10.5948
14464,42,45,2.662249,2.662249,1445,10.6662
14465,45,62,4.444549,4.444549,1454,10.6176
14466,62,20,4.301597,4.301597,1032,8.7483
14467,20,3,3.465109,3.465109,1444,10.6142
14468,3,41,2.276106,2.276106,736,7.2195
14469,41,6,2.233510,2.233510,1463,10.6136
14470,6,32,2.634622,2.634622,1460,10.7451
14471,32,9,2.491634,2.491634,1457,10.7184
14472,9,3,3.853660,3.853660,1449,10.6506
14473,3,41,2.216745,2.216745,1469,10.6947
14474,41,6,2.149540,2.149540,1434,10.5877
14475,6,56,2.825311,2.825311,1445,10.6894
14476,56,1,2.825113,2.825113,1484,10.6097
14477,1,19,4.595363,4.595363,1451,10.7059
14478,19,51,4.647468,4.647468,1381,10.4986
14479,51,29,3.346607,3.346607,1450,10.6573
14480,29,11,2.307314,2.307314,1447,10.5481
14481,11,45,3.159463,3.159463,1392,10.4411
14482,45,63,3.223569,3.223569,1493,10.7597
14483,63,18,2.975883,2.975883,1460,10.6698
14484,18,18,1.008866,1.008866,1454,10.5896
14485,18,38,3.305509,3.305509,1459,10.5710
14486,38,2,3.873768,3.873768,1447,10.6109
14487,2,12,2.472004,2.472004,1489,10.7351
14488,12,35,2.930557,2.930557,1460,10.6467
14489,35,8,2.448922,2.448922,1464,10.5664
14490,8,56,3.465806,3.465806,1459,10.5980
14491,56,34,2.848633,2.848633,1457,10.6149
14492,34,7,5.039748,5.039748,1462,10.7451
14493,7,31,3.282293,3.282293,1458,10.6309
14494,31,54,4.348679,4.348679,1442,10.5749
14495,54,0,4.063932,4.063932,1483,10.6615
14496,0,21,3.194638,3.194638,1439,10.5743
14497,21,48,2.560546,2.560546,1434,10.5874
14498,48,25,4.033073,4.033073,1466,10.7219
14499,25,36,2.463561,2.463561,1466,10.7273
14500,36,34,3.658607,3.658607,1460,10.6360
14501,34,35,3.218155,3.218155,1462,10.6084
14502,35,0,3.228712,3.228712,1467,10.5799
14503,0,21,3.088336,3.088336,1460,10.6058
14504,21,47,3.909975,3.909975,1448,10.5901
14505,47,51,2.966498,2.966498,1434,10.5589
14506,51,16,1.965567,1.965567,1436,10.6741
14507,16,53,5.576271,5.576271,1480,10.5965
14508,53,17,2.047184,2.047184,1448,10.7560
14509,17,7,3.088204,3.088204,1413,10.4041
14510,7,22,4.344933,4.344933,1484,10.7514
14511,22,35,3.731749,3.731749,1415,10.5735
14512,35,0,3.109706,3.109706,1469,10.6335
14513,0,21,2.968340,2.968340,1456,10.6082
14514,21,47,3.819768,3.819768,1446,10.5931
14515,47,22,2.376926,2.376926,1462,10.6411
14516,22,35,3.585727,3.585727,1447,10.5460
14517,35,8,2.445108,2.445108,1474,10.6034
14518,8,41,2.512318,2.512318,1447,10.5862
14519,41,30,5.352029,5.352029,1478,10.6154
14520,30,46,3.363999,3.363999,1466,10.6342
14521,46,46,0.925281,0.925281,1433,10.5151
14522,46,46,0.791668,0.791668,1445,10.6446
14523,46,1,4.497800,4.497800,1479,10.6726
14524,1,19,4.403946,4.403946,1442,10.6422
14525,19,24,2.798776,2.798776,1416,10.5563
14526,24,0,5.374710,5.374710,484,5.4100
14527,0,21,2.844412,2.844412,1452,10.6492
14528,21,48,2.621433,2.621433,1443,10.6613
14529,48,51,2.693637,2.693637,1456,10.5775
14530,51,29,3.250748,3.250748,1463,10.6088
14531,29,23,2.097282,2.097282,1443,10.6069
14532,23,29,1.685174,1.685174,1469,10.6456
14533,29,48,3.122890,3.122890,1490,10.5972
14534,48,25,3.887562,3.887562,1459,10.6014
14535,25,2,4.370902,4.370902,1452,10.6069
14536,2,54,3.452521,3.452521,1378,10.2907
14537,54,25,2.096204,2.096204,1462,10.7249
14538,25,36,2.408226,2.408226,1459,10.6733
14539,36,21,3.449557,3.449557,1445,10.5963
14540,21,9,4.829608,4.829608,1445,10.6112
14541,9,44,3.172726,3.172726,1449,10.6138
14542,44,35,5.486413,5.486413,1383,10.5244
14543,35,53,3.795829,3.795829,1435,10.5539
14544,53,17,2.039938,2.039938,1447,10.5768
14545,17,7,2.970188,2.970188,1446,10.6010
14546,7,31,3.304766,3.304766,1462,10.6086
14547,31,54,4.194526,4.194526,1460,10.6914
14548,54,0,3.953797,3.953797,1475,10.6399
14549,0,25,2.870427,2.870427,1445,10.5799
14550,25,36,2.293900,2.293900,1451,10.6019
14551,36,29,2.854845,2.854845,1443,10.6756
14552,29,48,2.955444,2.955444,1427,10.6037
14553,48,25,3.750031,3.750031,1448,10.5722
14554,25,2,4.290821,4.290821,1486,10.5954
14555,2,12,2.419268,2.419268,1454,10.5994
14556,12,35,3.179714,3.179714,1466,10.6563
14557,35,8,2.341071,2.341071,1444,10.5789
14558,8,41,2.436740,2.436740,1474,10.6242
14559,41,6,2.132245,2.132245,1463,10.5578
14560,6,56,2.718202,2.718202,1456,10.5884
14561,56,1,2.791271,2.791271,1449,10.5641
14562,1,47,2.657135,2.657135,1441,10.5600
14563,47,22,2.262431,2.262431,1473,10.6645
14564,22,35,3.564859,3.564859,1459,10.6091
14565,35,53,3.705800,3.705800,1482,10.5632
14566,53,17,2.035312,2.035312,1450,10.5648
14567,17,7,2.857844,2.857844,1458,10.6775
14568,7,31,3.256923,3.256923,1464,10.6125
14569,31,12,2.885744,2.885744,1443,10.5600
14570,12,43,4.738188,4.738188,1467,10.6618
14571,43,51,4.536693,4.536693,1356,10.4932
14572,51,29,3.150002,3.150002,1473,10.5706
14573,29,11,2.373308,2.373308,1357,10.3911
14574,11,42,2.557383,2.557383,1474,10.7116
14575,42,54,4.510824,4.510824,1459,10.6469
14576,54,0,3.827797,3.827797,1449,10.6508
14577,0,60,3.401149,3.401149,1437,10.5600
14578,60,38,2.986673,2.986673,1449,10.5709
14579,38,2,3.632647,3.632647,1461,10.6257
14580,2,54,3.270102,3.270102,1461,10.5901
14581,54,0,3.667861,3.667861,1450,10.5818
14582,0,25,2.642371,2.642371,1455,10.6154
14583,25,2,4.068687,4.068687,1439,10.6300
14584,2,12,2.402277,2.402277,1455,10.5908
14585,12,20,2.767856,2.767856,1464,10.6365
14586,20,3,3.427089,3.427089,1427,10.5886
14587,3,10,2.759376,2.759376,1395,10.4669
14588,10,11,6.905263,6.905263,1466,10.5712
14589,11,42,2.412424,2.412424,1371,10.3226
14590,42,0,4.478774,4.478774,989,9.2013
14591,0,60,3.288121,3.288121,1456,10.5830
14592,60,38,2.939910,2.939910,1491,10.6203
14593,38,2,3.433683,3.433683,1472,10.6255
14594,2,12,2.350767,2.350767,1456,10.6886
14595,12,35,3.222428,3.222428,1457,10.5435
14596,35,0,3.519907,3.519907,1449,10.6161
14597,0,21,2.825457,2.825457,1449,10.5697
14598,21,9,4.720857,4.720857,1452,10.5608
14599,9,15,2.493577,2.493577,1457,10.7077
14600,15,49,2.229547,2.229547,1460,10.6110
14601,49,50,4.580274,4.580274,289,4.2361
14602,50,53,4.084349,4.084349,1330,10.3011
14603,53,0,3.341439,3.341439,1462,10.6782
14604,0,21,2.698860,2.698860,1450,10.6706
14605,21,48,2.609187,2.609187,1462,10.5445
14606,48,51,2.736539,2.736539,1421,10.5432
14607,51,51,1.332343,1.332343,1460,10.6523
14608,51,29,3.074366,3.074366,1105,9.2662
14609,29,11,2.456815,2.456815,1473,10.7447
14610,11,42,2.332674,2.332674,1457,10.8805
14611,42,0,4.465560,4.465560,1452,10.5852
14612,0,21,2.566015,2.566015,1450,10.7969
14613,21,48,2.580156,2.580156,1450,10.6014
14614,48,51,2.570263,2.570263,1440,10.5739
14615,51,29,2.926029,2.926029,1445,10.5958
14616,29,23,2.221251,2.221251,1449,10.5395
14617,23,29,1.704617,1.704617,1470,10.8364
14618,29,11,2.411425,2.411425,1444,10.5378
14619,11,42,2.290881,2.290881,1465,10.6941
14620,42,0,4.307549,4.307549,1441,10.5482
14621,0,60,3.238540,3.238540,1448,10.7372
14622,60,36,3.252434,3.252434,1472,10.5878
14623,36,34,3.629981,3.629981,1442,10.6099
14624,34,7,4.822496,4.822496,1456,10.6845
14625,7,31,3.123097,3.123097,1435,10.8102
14626,31,12,2.813949,2.813949,1477,10.6427
14627,12,35,3.083417,3.083417,1389,10.5037
14628,35,8,2.393985,2.393985,1482,10.7449
14629,8,41,2.392765,2.392765,1440,10.6331
14630,41,36,5.742930,5.742930,1459,10.5790
14631,36,34,3.371081,3.371081,1426,10.6453
14632,34,40,2.224422,2.224422,1452,10.7029
14633,40,57,2.343960,2.343960,1463,10.7191
14634,57,32,4.159389,4.159389,1450,10.6169
14635,32,61,3.517454,3.517454,1450,10.6274
14636,61,33,2.872929,2.872929,1436,10.7331
14637,33,55,2.535551,2.535551,1323,10.2266
14638,55,4,2.665383,2.665383,1342,10.3246
14639,4,6,6.733942,6.733942,1420,10.5387
14640,6,56,2.578606,2.578606,1226,9.8749
14641,56,1,2.709689,2.709689,1459,10.5817
14642,1,47,2.565127,2.565127,1474,10.5960
14643,47,56,2.937298,2.937298,1463,10.6424
14644,56,34,3.105128,3.105128,1476,10.6415
14645,34,7,4.700469,4.700469,1476,10.6119
14646,7,16,5.138531,5.138531,1456,10.6618
14647,16,23,3.354588,3.354588,1468,10.6838
14648,23,29,1.685932,1.685932,1454,10.7079
14649,29,48,2.840694,2.840694,1466,10.6805
14650,48,25,3.654818,3.654818,1470,10.7128
14651,25,29,2.753606,2.753606,1442,10.6116
14652,29,48,2.684799,2.684799,1471,10.6173
14653,48,6,4.629568,4.629568,1451,10.5758
14654,6,32,2.759082,2.759082,1452,10.6181
14655,32,61,3.398280,3.398280,1388,10.5775
14656,61,2,5.825826,5.825826,1464,10.6520
14657,2,45,3.577288,3.577288,1463,10.8021
14658,45,30,2.366833,2.366833,1406,10.7299
14659,30,46,3.211227,3.211227,1462,10.6215
14660,46,47,2.831198,2.831198,1488,10.6835
14661,47,22,2.273425,2.273425,1446,10.6547
14662,22,47,2.049698,2.049698,1471,10.7079
14663,47,51,3.047753,3.047753,1450,10.6136
14664,51,16,2.256035,2.256035,1471,10.8535
14665,16,53,5.208157,5.208157,1477,10.6991
14666,53,17,2.036632,2.036632,1410,10.4186
14667,17,2,3.181525,3.181525,964,7.6829
14668,2,45,3.508068,3.508068,1449,10.7305
14669,45,30,2.258798,2.258798,1465,10.6279
14670,30,27,6.388834,6.388834,1445,10.6216
14671,27,2,5.361136,5.361136,1334,10.3777
14672,2,45,3.409909,3.409909,1453,10.6065
14673,45,30,2.158639,2.158639,1462,10.6656
14674,30,46,3.278946,3.278946,1458,10.6648
14675,46,1,4.283404,4.283404,1482,10.6680
14676,1,32,3.220750,3.220750,1460,10.6030
14677,32,9,2.698837,2.698837,1433,10.5992
14678,9,15,2.409163,2.409163,1431,10.5465
14679,15,49,2.206543,2.206543,1456,10.6420
14680,49,43,4.455171,4.455171,1453,10.6543
14681,43,11,5.255092,5.255092,1420,10.6314
14682,11,45,3.565457,3.565457,1287,10.0890
14683,45,30,2.106840,2.106840,1486,10.8451
14684,30,31,3.887587,3.887587,1455,10.6417
14685,31,12,2.705488,2.705488,1443,10.6189
14686,12,35,2.919535,2.919535,1466,10.6446
14687,35,53,3.770320,3.770320,1463,10.6757
14688,53,11,4.779788,4.779788,1464,10.6370
14689,11,45,3.387564,3.387564,1455,10.6985
14690,45,63,3.267754,3.267754,1458,10.7700
14691,63,18,2.813411,2.813411,1438,10.5738
14692,18,12,5.722264,5.722264,1459,10.7427
14693,12,35,2.787792,2.787792,1445,10.6789
14694,35,0,3.529026,3.529026,1454,10.6353
14695,0,21,2.564327,2.564327,1435,10.5732
14696,21,9,4.863935,4.863935,1443,10.5723
14697,9,15,2.348376,2.348376,1423,10.5587
14698,15,49,2.181028,2.181028,1377,10.5575
14699,49,43,4.340295,4.340295,1413,10.5775
14700,43,11,5.115614,5.115614,1471,10.6685
14701,11,42,2.336142,2.336142,1457,10.6824
14702,42,0,4.213633,4.213633,1453,10.5963
14703,0,21,2.439673,2.439673,1457,10.6341
14704,21,47,4.110388,4.110388,1471,10.5820
14705,47,51,2.865816,2.865816,812,6.5060
14706,51,16,2.169959,2.169959,1447,10.5812
14707,16,53,5.138125,5.138125,1450,10.6056
14708,53,11,4.585428,4.585428,1313,10.0208
14709,11,42,2.285959,2.285959,1448,10.7043
14710,42,0,4.031330,4.031330,1458,10.5829
14711,0,25,2.767589,2.767589,1461,10.6719
14712,25,36,2.519578,2.519578,1467,10.6099
14713,36,29,3.095048,3.095048,1457,10.5575
14714,29,11,2.656606,2.656606,1460,10.5898
14715,11,42,2.212546,2.212546,1419,10.5088
14716,42,45,2.835172,2.835172,1467,10.6096
14717,45,30,2.160978,2.160978,1459,10.6421
14718,30,46,3.311957,3.311957,1463,10.5463
14719,46,47,2.822684,2.822684,1446,10.5983
14720,47,56,2.958385,2.958385,1455,10.6217
14721,56,34,2.992640,2.992640,1454,10.6041
14722,34,7,4.543444,4.543444,1458,10.6099
14723,7,22,4.302426,4.302426,1415,10.5708
14724,22,35,3.514680,3.514680,1474,10.6496
14725,35,0,3.633512,3.633512,1473,10.6152
14726,0,25,2.727455,2.727455,1458,10.6127
14727,25,2,4.147066,4.147066,1440,10.5609
14728,2,12,2.520529,2.520529,1407,10.4632
14729,12,35,2.764432,2.764432,1468,10.6229
14730,35,0,3.468230,3.468230,1450,10.5668
14731,0,21,2.386713,2.386713,1443,10.5928
14732,21,9,4.845436,4.845436,1449,10.6349
14733,9,15,2.304093,2.304093,1456,10.6291
14734,15,49,2.153748,2.153748,1134,9.0083
14735,49,50,4.541280,4.541280,1434,10.5919
14736,50,53,4.126894,4.126894,1425,10.6638
14737,53,17,2.055728,2.055728,1452,10.5832
14738,17,7,2.897755,2.897755,1463,10.7116
14739,7,31,3.146415,3.146415,1467,10.6213
14740,31,54,4.186290,4.186290,1457,10.7516
14741,54,0,3.745595,3.745595,1469,10.6826
14742,0,21,2.293409,2.293409,1463,10.6540
14743,21,48,2.783542,2.783542,1472,10.7205
14744,48,6,4.337978,4.337978,1468,10.7198
14745,6,56,2.638894,2.638894,1447,10.6726
14746,56,34,2.862628,2.862628,1455,10.6663
14747,34,40,2.326045,2.326045,1457,10.5654
14748,40,57,2.283058,2.283058,1451,10.6030
14749,57,52,2.933622,2.933622,1447,10.6882
14750,52,21,6.319270,6.319270,1204,9.8860
14751,21,48,2.610639,2.610639,1399,10.3966
14752,48,51,2.718093,2.718093,1452,10.5984
14753,51,29,3.018291,3.018291,1423,10.5446
14754,29,11,2.545376,2.545376,1471,10.6259
14755,11,45,3.381029,3.381029,1441,10.5670
14756,45,63,3.221314,3.221314,1479,10.7695
14757,63,18,2.752372,2.752372,1453,10.6425
14758,18,38,3.196963,3.196963,1486,10.7015
14759,38,2,3.451655,3.451655,1451,10.5750
14760,2,54,3.113529,3.113529,1461,10.6970
14761,54,0,3.616712,3.616712,1451,10.6319
14762,0,25,2.596372,2.596372,1454,10.6242
14763,25,36,2.499500,2.499500,1448,10.7043
14764,36,29,3.065378,3.065378,1446,10.6248
14765,29,11,2.410471,2.410471,1469,10.6320
14766,11,45,3.323214,3.323214,1455,10.5959
14767,45,30,2.249270,2.249270,1450,10.5915
14768,30,31,3.919545,3.919545,1449,10.6560
14769,31,12,2.803857,2.803857,1445,10.7559
14770,12,35,2.651529,2.651529,1437,10.6635
14771,35,0,3.429598,3.429598,1437,10.7011
14772,0,60,3.342732,3.342732,1488,10.6070
14773,60,38,2.987469,2.987469,1441,10.5668
14774,38,2,3.302424,3.302424,1453,10.6136
14775,2,12,2.564422,2.564422,1464,10.6139
14776,12,43,4.881536,4.881536,1461,10.5522
14777,43,51,4.454423,4.454423,1386,10.5689
14778,51,29,2.944030,2.944030,1317,10.3433
14779,29,11,2.276432,2.276432,1442,10.6464
14780,11,42,2.277363,2.277363,1449,10.6237
14781,42,45,2.550224,2.550224,1453,10.5730
14782,45,63,3.204595,3.204595,1455,10.5738
14783,63,18,2.709118,2.709118,1428,10.5721
14784,18,18,0.902145,0.902145,1441,10.5915
14785,18,12,5.633006,5.633006,1373,10.3399
14786,12,20,2.894586,2.894586,1444,10.7497
14787,20,3,3.307471,3.307471,1473,10.6312
14788,3,39,3.582708,3.582708,740,7.8018
14789,39,44,2.991263,2.991263,531,5.0775
14790,44,35,5.899780,5.899780,542,5.3898
14791,35,0,3.241634,3.241634,1480,10.6705
14792,0,25,2.654134,2.654134,1455,10.6543
14793,25,36,2.416922,2.416922,1448,10.5866
14794,36,29,3.002334,3.002334,1458,10.5248
14795,29,48,2.598447,2.598447,1459,10.5754
14796,48,51,2.685863,2.685863,1475,10.5717
14797,51,16,2.161692,2.161692,1449,10.5794
14798,16,53,4.981612,4.981612,1451,10.6495
14799,53,11,4.541745,4.541745,1254,9.6582
14800,11,24,4.949645,4.949645,1445,10.6342
14801,24,0,5.153512,5.153512,1088,8.9174
14802,0,60,3.218835,3.218835,1452,10.6773
14803,60,38,2.938068,2.938068,1445,10.5632
14804,38,50,3.089474,3.089474,1445,10.7112
14805,50,54,3.067283,3.067283,1458,10.6642
14806,54,25,2.373721,2.373721,1463,10.6697
14807,25,2,3.915276,3.915276,1466,10.7504
14808,2,45,3.674629,3.674629,1465,10.6329
14809,45,63,3.035933,3.035933,1445,10.5719
14810,63,6,5.606640,5.606640,1465,10.6528
14811,6,32,2.811695,2.811695,1407,10.6492
14812,32,9,2.821360,2.821360,1143,9.6524
14813,9,44,3.272955,3.272955,1429,10.6045
14814,44,35,5.723332,5.723332,1346,10.2742
14815,35,8,2.553083,2.553083,1477,10.7652
14816,8,41,2.365382,2.365382,1295,10.0794
14817,41,6,2.486274,2.486274,1455,10.6670
14818,6,32,2.723258,2.723258,1443,10.6311
14819,32,9,2.690933,2.690933,1460,10.6239
14820,9,15,2.294574,2.294574,1484,10.6935
14821,15,49,2.171804,2.171804,1428,10.5345
14822,49,43,4.362324,4.362324,1411,10.4677
14823,43,46,4.175950,4.175950,777,6.1171
14824,46,47,2.673039,2.673039,1452,10.6527
14825,47,22,2.438051,2.438051,1103,8.9118
14826,22,35,3.590149,3.590149,557,5.3310
14827,35,0,3.272953,3.272953,1261,9.6176
14828,0,21,2.515943,2.515943,1402,10.4911
14829,21,47,4.078707,4.078707,1465,10.8043
14830,47,56,2.927983,2.927983,1059,8.5328
14831,56,1,2.670357,2.670357,1460,10.6789
14832,1,32,3.107604,3.107604,1451,10.7168
14833,32,27,3.178989,3.178989,1462,10.6867
14834,27,53,4.684951,4.684951,1446,10.6426
14835,53,17,2.081157,2.081157,1449,10.6771
14836,17,7,2.773897,2.773897,1472,10.6463
14837,7,31,3.169509,3.169509,1464,10.7663
14838,31,12,2.877815,2.877815,1449,10.6325
14839,12,35,2.934722,2.934722,1453,10.6175
14840,35,8,2.533138,2.533138,1457,10.5955
14841,8,52,5.144647,5.144647,1463,10.6571
14842,52,22,4.446693,4.446693,991,8.7453
14843,22,20,4.570883,4.570883,1461,10.6370
14844,20,10,2.136308,2.136308,1430,10.5614
14845,10,11,6.969815,6.969815,1460,10.6378
14846,11,45,3.159467,3.159467,536,5.0700
14847,45,62,4.483156,4.483156,822,8.0896
14848,62,60,3.840501,3.840501,1016,8.3299
14849,60,38,2.835176,2.835176,1318,10.1954
14850,38,50,3.014304,3.014304,1012,8.2462
14851,50,54,2.930878,2.930878,1482,10.6054
14852,54,25,2.334011,2.334011,1447,10.6372
14853,25,2,3.734988,3.734988,1457,10.6810
14854,2,54,2.840793,2.840793,1486,10.6537
14855,54,25,2.239796,2.239796,1133,9.5151
14856,25,36,2.432057,2.432057,1456,10.6773
14857,36,29,2.908267,2.908267,1458,10.6779
14858,29,11,2.489748,2.489748,1076,8.7382
14859,11,42,2.300229,2.300229,1454,10.6342
14860,42,45,2.439908,2.439908,1391,10.4409
14861,45,30,2.394542,2.394542,1439,10.5410
14862,30,31,3.851905,3.851905,1456,10.5678
14863,31,12,2.764330,2.764330,1471,10.6825
14864,12,35,2.801251,2.801251,1465,10.6616
14865,35,8,2.445865,2.445865,1456,10.6471
14866,8,41,2.393131,2.393131,1448,10.7579
14867,41,6,2.399541,2.399541,1466,10.6380
14868,6,32,2.662982,2.662982,1421,10.6012
14869,32,9,2.613229,2.613229,1403,10.4567
14870,9,3,3.892699,3.892699,1450,10.6745
14871,3,39,3.477981,3.477981,1444,10.7101
14872,39,59,3.193711,3.193711,1457,10.7162
14873,59,26,2.789104,2.789104,1266,9.9118
14874,26,57,4.883125,4.883125,1507,10.8379
14875,57,52,2.673985,2.673985,1466,10.8431
14876,52,21,6.018894,6.018894,1470,10.6125
14877,21,48,2.633128,2.633128,1368,10.4312
14878,48,51,2.587191,2.587191,1450,10.7084
14879,51,16,2.092583,2.092583,1328,10.1274
14880,16,23,3.476817,3.476817,1446,10.6204
14881,23,29,2.117926,2.117926,1464,10.8112
14882,29,11,2.372629,2.372629,1477,10.5658
14883,11,45,3.080769,3.080769,1492,10.7286
14884,45,63,3.067666,3.067666,1456,10.7395
14885,63,18,2.656746,2.656746,987,8.3292
14886,18,18,0.803946,0.803946,1482,10.6424
14887,18,12,5.647808,5.647808,1417,10.5682
14888,12,35,2.711920,2.711920,1182,9.2765
14889,35,8,2.372238,2.372238,1449,10.6630
14890,8,41,2.356859,2.356859,1392,10.4357
14891,41,36,5.653284,5.653284,1434,10.7020
14892,36,34,3.664428,3.664428,1453,10.6892
14893,34,7,4.444446,4.444446,1451,10.5801
14894,7,31,3.131476,3.131476,1004,8.4990
14895,31,12,2.805433,2.805433,1457,10.7179
14896,12,20,2.995574,2.995574,1493,10.6969
14897,20,8,3.261329,3.261329,1461,10.6469
14898,8,41,2.255083,2.255083,1466,10.6820
14899,41,30,5.194202,5.194202,1478,10.6223
14900,30,46,3.419140,3.419140,1358,10.3612
14901,46,46,0.977478,0.977478,1472,10.6588
14902,46,1,4.161213,4.161213,1455,10.5911
14903,1,47,2.494263,2.494263,1394,10.5391
14904,47,56,2.781743,2.781743,1469,10.6438
14905,56,1,2.500993,2.500993,1473,10.6114
14906,1,32,3.022223,3.022223,1464,10.6136
14907,32,9,2.493675,2.493675,1445,10.5677
14908,9,44,3.244080,3.244080,1469,10.7089
14909,44,35,5.781987,5.781987,1378,10.4369
14910,35,0,3.206357,3.206357,1429,10.5158
14911,0,25,2.725050,2.725050,1473,10.6304
14912,25,2,3.540577,3.540577,1462,10.6653
14913,2,45,3.688599,3.688599,1459,10.6817
14914,45,62,4.366066,4.366066,1450,10.7132
14915,62,60,3.754291,3.754291,1504,10.5977
14916,60,36,3.315549,3.315549,1447,10.5641
14917,36,21,3.179612,3.179612,1444,10.6279
14918,21,9,4.877358,4.877358,1464,10.6663
14919,9,3,3.744837,3.744837,1454,10.6211
14920,3,41,2.452415,2.452415,1499,10.6708
14921,41,6,2.429677,2.429677,1452,10.6856
14922,6,32,2.648770,2.648770,1474,10.5960
14923,32,9,2.481274,2.481274,1453,10.5937
14924,9,44,3.145698,3.145698,1471,10.6726
14925,44,35,5.612524,5.612524,1465,10.6165
14926,35,0,3.090381,3.090381,1461,10.5650
14927,0,60,3.228969,3.228969,1462,10.6246
14928,60,38,2.779026,2.779026,1471,10.6418
14929,38,50,2.950434,2.950434,1468,10.6150
14930,50,54,2.772358,2.772358,1357,10.4291
14931,54,0,4.024556,4.024556,1395,10.4657
14932,0,25,2.633641,2.633641,1465,10.6756
14933,25,2,3.418944,3.418944,1448,10.6131
14934,2,45,3.560794,3.560794,1448,10.6316
14935,45,63,2.907410,2.907410,1424,10.5258
14936,63,6,5.597503,5.597503,1441,10.5573
14937,6,32,2.581918,2.581918,1416,10.5158
14938,32,9,2.357160,2.357160,1273,10.2677
14939,9,15,2.468849,2.468849,1314,10.1220
14940,15,39,3.966467,3.966467,1405,10.5579
14941,39,59,3.108314,3.108314,1450,10.6187
14942,59,26,2.695579,2.695579,1172,10.0530
14943,26,43,3.973527,3.973527,1371,10.5422
14944,43,51,4.381457,4.381457,1444,10.6790
14945,51,16,1.976895,1.976895,1371,10.4464
14946,16,21,5.128870,5.128870,1390,10.4119
14947,21,9,4.752253,4.752253,1466,10.6766
14948,9,3,3.663275,3.663275,1470,10.7054
14949,3,41,2.410824,2.410824,1484,10.8099
14950,41,36,5.563288,5.563288,1462,10.6465
14951,36,29,3.042752,3.042752,1466,10.6393
14952,29,23,2.646596,2.646596,1470,10.7093
14953,23,29,2.033026,2.033026,1466,10.7067
14954,29,11,2.292347,2.292347,1448,10.6769
14955,11,24,4.772822,4.772822,1452,10.6526
14956,24,0,5.072829,5.072829,1460,10.7898
14957,0,60,3.088218,3.088218,1461,10.7190
14958,60,38,2.731014,2.731014,1475,10.6394
14959,38,2,3.059527,3.059527,1454,10.6731
14960,2,12,2.817326,2.817326,1480,10.6783
14961,12,35,2.908510,2.908510,1423,10.6690
14962,35,0,3.104837,3.104837,1457,10.6350
14963,0,25,2.600300,2.600300,1475,10.7081
14964,25,29,2.934085,2.934085,1459,10.6608
14965,29,48,2.702894,2.702894,1472,10.6531
14966,48,51,2.590821,2.590821,1465,10.7549
14967,51,16,1.942015,1.942015,1448,10.6325
14968,16,23,3.362833,3.362833,1462,10.5837
14969,23,29,2.029589,2.029589,1477,10.7046
14970,29,11,2.227376,2.227376,1459,10.5722
14971,11,24,4.646946,4.646946,1441,10.6133
14972,24,54,3.857281,3.857281,1469,10.6936
14973,54,25,2.324179,2.324179,1461,10.7495
14974,25,2,3.180693,3.180693,1464,10.5562
14975,2,12,2.726085,2.726085,1473,10.6414
14976,12,35,2.816403,2.816403,1329,10.2800
14977,35,53,3.941558,3.941558,1477,10.6833
14978,53,11,4.643486,4.643486,1450,10.8555
14979,11,42,2.475871,2.475871,1452,10.6214
14980,42,45,2.470492,2.470492,1452,10.6651
14981,45,30,2.516618,2.516618,1469,10.6209
14982,30,31,3.775385,3.775385,1442,10.5898
14983,31,30,3.340992,3.340992,1475,10.6761
14984,30,31,3.471556,3.471556,1456,10.5699
14985,31,54,4.294603,4.294603,1437,10.6088
14986,54,25,2.230018,2.230018,1478,10.6268
14987,25,36,2.793267,2.793267,1447,10.5989
14988,36,34,3.493799,3.493799,1451,10.5911
14989,34,40,2.276498,2.276498,1453,10.5899
14990,40,57,2.332869,2.332869,1403,10.4168
14991,57,32,4.167382,4.167382,1445,10.6029
14992,32,9,2.357210,2.357210,1445,10.6850
14993,9,44,3.111587,3.111587,1447,10.6305
14994,44,35,5.574305,5.574305,1471,10.6871
14995,35,8,2.397801,2.397801,1446,10.6518
14996,8,41,2.242078,2.242078,1456,10.5761
14997,41,36,5.438047,5.438047,1462,10.8003
14998,36,34,3.283803,3.283803,1452,10.6306
14999,34,40,2.206843,2.206843,1460,10.5959
15000,40,25,5.295823,5.295823,1482,10.7251
15001,25,2,3.033241,3.033241,1477,10.7136
15002,2,12,2.644481,2.644481,1464,10.6580
15003,12,20,2.970340,2.970340,1437,10.5952
15004,20,10,2.173861,2.173861,1453,10.7346
15005,10,21,5.696997,5.696997,1432,10.5550
15006,21,9,4.611511,4.611511,1457,10.6720
15007,9,44,2.956977,2.956977,1465,10.6810
15008,44,27,3.377199,3.377199,1449,10.7206
15009,27,20,4.995435,4.995435,1453,10.5896
15010,20,10,2.096290,2.096290,1470,10.7073
15011,10,2,5.121425,5.121425,1464,10.5397
15012,2,12,2.479093,2.479093,1478,10.9840
15013,12,20,2.953296,2.953296,1454,10.6021
15014,20,10,2.081780,2.081780,1455,10.5842
15015,10,21,5.533872,5.533872,1442,10.5708
15016,21,47,3.888448,3.888448,1029,9.0155
15017,47,56,2.688746,2.688746,1470,10.6869
15018,56,1,2.368633,2.368633,1443,10.8185
15019,1,32,3.050262,3.050262,1455,10.6470
15020,32,61,3.656754,3.656754,1450,10.5543
15021,61,2,5.817346,5.817346,1484,10.6290
15022,2,45,3.556735,3.556735,1226,9.6404
15023,45,63,2.815227,2.815227,1379,10.4844
15024,63,47,4.229969,4.229969,682,5.3870
15025,47,56,2.611438,2.611438,1432,10.6555
15026,56,6,3.306615,3.306615,1455,10.6189
15027,6,56,2.918809,2.918809,1458,10.7219
15028,56,1,2.331320,2.331320,1464,10.5851
15029,1,32,2.921403,2.921403,1458,10.5525
15030,32,61,3.495681,3.495681,1445,10.5640
15031,61,2,5.759774,5.759774,1400,10.5172
15032,2,12,2.457320,2.457320,1371,10.5375
15033,12,43,4.985895,4.985895,1439,10.6136
15034,43,51,4.270883,4.270883,559,5.2129
15035,51,29,3.003239,3.003239,1371,10.3850
15036,29,23,2.501118,2.501118,1174,9.3783
15037,23,29,1.920480,1.920480,1456,10.6712
15038,29,11,2.231054,2.231054,1432,10.8272
15039,11,42,2.425653,2.425653,1458,10.6771
15040,42,45,2.489660,2.489660,1456,10.6458
15041,45,30,2.513343,2.513343,1418,10.6412
15042,30,31,3.414630,3.414630,1172,9.0372
15043,31,12,2.847702,2.847702,1457,10.5865
15044,12,35,2.988622,2.988622,1472,10.6398
15045,35,53,3.730640,3.730640,1450,10.5875
15046,53,17,2.127093,2.127093,1454,10.6331
15047,17,7,2.738301,2.738301,1461,10.6180
15048,7,31,3.301062,3.301062,1445,10.6469
15049,31,54,4.174231,4.174231,1452,10.6425
15050,54,25,2.273741,2.273741,1467,10.6052
15051,25,36,2.757320,2.757320,1475,10.6272
15052,36,34,3.189871,3.189871,1464,10.6305
15053,34,7,4.284094,4.284094,1443,10.5649
15054,7,31,3.161463,3.161463,1471,10.6212
15055,31,54,4.055360,4.055360,1479,10.6398
15056,54,25,2.173981,2.173981,1454,10.6124
15057,25,2,3.254211,3.254211,1470,10.6558
15058,2,12,2.429288,2.429288,1446,10.6154
15059,12,35,2.887988,2.887988,1450,10.5662
15060,35,0,3.072452,3.072452,1450,10.5670
15061,0,60,3.117604,3.117604,1437,10.5383
15062,60,36,3.255818,3.255818,1466,10.6021
15063,36,29,3.178945,3.178945,1464,10.5639
15064,29,48,2.701412,2.701412,1377,10.4148
15065,48,51,2.567026,2.567026,1459,10.5915
15066,51,51,1.335588,1.335588,1391,10.3718
15067,51,16,1.966427,1.966427,1466,10.7045
15068,16,53,5.074428,5.074428,1447,10.5554
15069,53,11,4.489013,4.489013,1454,10.6158
15070,11,45,3.209675,3.209675,1451,10.6115
15071,45,30,2.462662,2.462662,1461,10.6029
15072,30,31,3.514464,3.514464,1462,10.6560
15073,31,12,2.837535,2.837535,1467,10.7392
15074,12,35,2.739008,2.739008,1470,10.5985
15075,35,0,2.936213,2.936213,1451,10.5635
15076,0,21,3.000802,3.000802,1471,10.5533
15077,21,48,2.793635,2.793635,1448,10.5596
15078,48,51,2.393806,2.393806,1465,10.6087
15079,51,29,2.952768,2.952768,1452,10.6365
15080,29,11,2.262486,2.262486,1438,10.5315
15081,11,42,2.422807,2.422807,1452,10.6905
15082,42,54,5.212586,5.212586,1446,10.5374
15083,54,25,2.104237,2.104237,1451,10.6237
15084,25,29,3.114952,3.114952,1451,10.5868
15085,29,23,2.569328,2.569328,1460,10.5821
15086,23,29,1.951078,1.951078,1498,10.6958
15087,29,11,2.205508,2.205508,1442,10.5433
15088,11,45,3.251644,3.251644,1423,10.5203
15089,45,30,2.415524,2.415524,1463,10.6303
15090,30,31,3.456753,3.456753,1436,10.5712
15091,31,12,2.732898,2.732898,1443,10.5612
15092,12,43,5.002273,5.002273,1460,10.5955
15093,43,11,5.169400,5.169400,1374,10.5459
15094,11,45,3.091047,3.091047,1427,10.5426
15095,45,30,2.365989,2.365989,1456,10.5700
15096,30,46,3.739261,3.739261,1454,10.5681
15097,46,46,0.964418,0.964418,1463,10.6136
15098,46,47,2.829196,2.829196,1445,10.6032
15099,47,56,2.567562,2.567562,1445,10.5925
15100,56,34,3.377824,3.377824,1473,10.6403
15101,34,7,4.168385,4.168385,1446,10.6590
15102,7,31,3.183749,3.183749,1407,10.6655
15103,31,12,2.631622,2.631622,1467,10.5728
15104,12,20,3.134988,3.134988,1448,10.5840
15105,20,10,2.061835,2.061835,1467,10.5983
15106,10,11,7.277676,7.277676,1271,10.1527
15107,11,45,2.889964,2.889964,1210,9.3546
15108,45,30,2.315728,2.315728,1330,10.3101
15109,30,46,3.632997,3.632997,1454,10.6225
15110,46,46,0.859976,0.859976,1468,10.6037
15111,46,47,2.784709,2.784709,1450,10.5791
15112,47,56,2.473102,2.473102,1458,10.6766
15113,56,1,2.233037,2.233037,1461,10.6613
15114,1,47,2.621861,2.621861,1463,10.7373
15115,47,51,3.221725,3.221725,1458,10.5791
15116,51,16,1.973300,1.973300,1468,10.6699
15117,16,21,5.056614,5.056614,1443,10.5939
15118,21,47,3.783008,3.783008,1455,10.8858
15119,47,22,2.907246,2.907246,1469,10.5973
15120,22,35,3.967900,3.967900,1452,10.6078
15121,35,8,2.553899,2.553899,1452,10.6404
15122,8,41,2.243388,2.243388,1434,10.5642
15123,41,6,2.528664,2.528664,1457,10.6183
15124,6,32,2.631414,2.631414,1431,10.5641
15125,32,61,3.348412,3.348412,1474,10.6010
15126,61,33,3.080238,3.080238,1448,10.5956
15127,33,11,6.991709,6.991709,427,4.4589
15128,11,45,2.771540,2.771540,1006,8.9368
15129,45,30,2.266281,2.266281,1366,10.3868
15130,30,46,3.526641,3.526641,1469,10.6458
15131,46,47,2.691785,2.691785,1475,10.6277
15132,47,51,3.099621,3.099621,1457,10.6079
15133,51,29,2.965173,2.965173,1493,10.6763
15134,29,11,2.429225,2.429225,1439,10.5919
15135,11,42,2.490367,2.490367,1411,10.4446
15136,42,54,5.014179,5.014179,1498,10.5970
15137,54,0,4.079009,4.079009,1436,10.6990
15138,0,60,3.059099,3.059099,1460,10.6349
15139,60,38,2.756753,2.756753,1449,10.6400
15140,38,50,2.953292,2.953292,1472,10.5930
15141,50,53,4.173260,4.173260,1460,10.7502
15142,53,11,4.533512,4.533512,1452,10.6753
15143,11,45,2.739913,2.739913,1440,10.6127
15144,45,63,3.203434,3.203434,1469,10.5841
15145,63,18,2.593033,2.593033,1462,10.5950
15146,18,38,3.421073,3.421073,1444,10.5729
15147,38,50,2.822575,2.822575,1468,10.6340
15148,50,54,3.076899,3.076899,1468,10.6303
15149,54,0,3.995374,3.995374,1461,10.6030
15150,0,60,2.932655,2.932655,1465,10.6695
15151,60,44,5.762524,5.762524,1443,10.6201
15152,44,36,4.844162,4.844162,1086,9.1431
15153,36,34,3.072585,3.072585,1468,10.6194
15154,34,40,2.226150,2.226150,1459,10.6983
15155,40,25,5.213015,5.213015,1381,10.3854
15156,25,29,3.031295,3.031295,1471,10.5916
15157,29,11,2.371011,2.371011,1449,10.6836
15158,11,42,2.460303,2.460303,1464,10.6116
15159,42,54,4.914589,4.914589,1469,10.6888
15160,54,0,3.858897,3.858897,1457,10.6130
15161,0,25,2.700603,2.700603,1448,10.6227
15162,25,36,2.811103,2.811103,1465,10.5726
15163,36,34,3.024620,3.024620,1462,10.6175
15164,34,40,2.147146,2.147146,1470,10.6438
15165,40,21,5.607719,5.607719,1469,10.6962
15166,21,48,2.774486,2.774486,1491,10.6184
15167,48,6,4.161972,4.161972,1448,10.5444
15168,6,32,2.583088,2.583088,1467,10.7337
15169,32,9,2.516073,2.516073,1410,10.5873
15170,9,3,3.491065,3.491065,1461,10.6391
15171,3,39,3.400184,3.400184,1244,9.7991
15172,39,15,3.240222,3.240222,1420,10.4634
15173,15,49,2.162022,2.162022,1483,10.6034
15174,49,48,5.072335,5.072335,1454,10.6267
15175,48,51,2.447760,2.447760,1439,10.5917
15176,51,29,2.905813,2.905813,1484,10.7739
15177,29,48,2.700702,2.700702,1465,10.5669
15178,48,6,4.144324,4.144324,1461,10.5886
15179,6,32,2.561465,2.561465,1463,10.6067
15180,32,9,2.389979,2.389979,1454,10.5642
15181,9,3,3.365224,3.365224,1466,10.6202
15182,3,10,3.110797,3.110797,1480,10.6308
15183,10,2,4.964098,4.964098,546,5.1774
15184,2,12,2.470876,2.470876,937,7.5443
15185,12,20,2.948642,2.948642,441,5.4681
15186,20,10,2.067996,2.067996,1092,9.6645
15187,10,2,4.748297,4.748297,1448,10.6197
15188,2,54,3.129832,3.129832,1277,10.1281
15189,54,25,2.157011,2.157011,989,8.8700
15190,25,2,3.423693,3.423693,1461,10.5808
15191,2,12,2.372630,2.372630,1485,10.6040
15192,12,20,2.816021,2.816021,1448,10.6204
15193,20,10,2.067631,2.067631,1443,10.6535
15194,10,11,7.211204,7.211204,1467,10.8172
15195,11,45,2.706410,2.706410,1328,10.3033
15196,45,30,2.356554,2.356554,1379,10.4478
15197,30,31,3.778030,3.778030,1457,10.6516
15198,31,30,3.165729,3.165729,1466,10.7603
15199,30,46,3.402360,3.402360,1503,10.7202
15200,46,47,2.588758,2.588758,1430,10.6948
15201,47,22,2.939139,2.939139,1471,10.5980
15202,22,35,3.818699,3.818699,1445,10.6339
15203,35,0,3.077110,3.077110,1441,10.5962
15204,0,60,2.879358,2.879358,1460,10.6697
15205,60,38,2.797137,2.797137,1458,10.5906
15206,38,50,2.767599,2.767599,1462,10.6620
15207,50,53,4.059873,4.059873,1481,10.7244
15208,53,11,4.466056,4.466056,1455,10.5793
15209,11,45,2.604386,2.604386,1422,10.6605
15210,45,62,4.526192,4.526192,1453,10.6850
15211,62,60,3.751760,3.751760,1465,10.6635
15212,60,36,3.292307,3.292307,1444,10.6255
15213,36,29,3.229954,3.229954,1444,10.6536
15214,29,48,2.519931,2.519931,1453,10.6965
15215,48,6,4.072565,4.072565,1457,10.5783
15216,6,56,3.088531,3.088531,1420,10.6530
15217,56,34,3.430437,3.430437,1457,10.6212
15218,34,35,3.931498,3.931498,1470,10.5935
15219,35,53,3.916453,3.916453,1464,10.6616
15220,53,17,2.132040,2.132040,1457,10.6521
15221,17,7,2.735716,2.735716,1405,10.5947
15222,7,31,3.209997,3.209997,1472,10.6186
15223,31,12,2.681107,2.681107,1441,10.6406
15224,12,35,2.954452,2.954452,1450,10.6230
15225,35,8,2.555666,2.555666,1437,10.6283
15226,8,41,2.259431,2.259431,1463,10.5717
15227,41,6,2.586483,2.586483,1467,10.5873
15228,6,32,2.587437,2.587437,1447,10.5990
15229,32,61,3.411869,3.411869,1461,10.6433
15230,61,33,3.037019,3.037019,1470,10.6540
15231,33,11,6.838879,6.838879,1113,9.2329
15232,11,45,2.540073,2.540073,1486,10.6903
15233,45,63,3.225867,3.225867,1410,10.5591
15234,63,18,2.530972,2.530972,1210,9.7214
15235,18,12,5.632496,5.632496,1447,10.7975
15236,12,35,2.824291,2.824291,1455,10.6742
15237,35,0,2.952174,2.952174,1448,10.5978
15238,0,60,2.818636,2.818636,1475,10.5850
15239,60,38,2.723858,2.723858,1453,10.6391
15240,38,2,3.228091,3.228091,1443,10.6002
15241,2,45,4.145858,4.145858,1457,10.6008
15242,45,63,3.014635,3.014635,1458,10.6640
15243,63,6,5.426395,5.426395,1372,10.5406
15244,6,56,2.993345,2.993345,1462,10.6580
15245,56,1,2.362197,2.362197,1439,10.7017
15246,1,47,2.558667,2.558667,1446,10.5362
15247,47,51,3.083851,3.083851,1462,10.6803
15248,51,51,1.163901,1.163901,1432,10.5799
15249,51,29,2.955302,2.955302,1444,10.7053
15250,29,11,2.712751,2.712751,1492,10.5920
15251,11,42,2.539560,2.539560,1485,10.7189
15252,42,0,5.063243,5.063243,1460,10.7148
15253,0,60,2.691175,2.691175,1477,10.6030
15254,60,38,2.674329,2.674329,1455,10.5980
15255,38,2,3.077030,3.077030,1449,10.6608
15256,2,12,2.497616,2.497616,1470,10.6265
15257,12,35,2.733972,2.733972,1446,10.6295
15258,35,8,2.562155,2.562155,1461,10.7173
15259,8,41,2.224239,2.224239,1464,10.6627
15260,41,6,2.588587,2.588587,1461,10.6837
15261,6,56,2.903915,2.903915,1445,10.5998
15262,56,6,2.951689,2.951689,1470,10.5782
15263,6,32,2.558280,2.558280,1477,10.5813
15264,32,9,2.360104,2.360104,1457,10.7432
15265,9,44,3.005145,3.005145,1477,10.6065
15266,44,35,5.635060,5.635060,1475,10.7472
15267,35,0,2.959214,2.959214,1450,10.6841
15268,0,25,2.869551,2.869551,1454,10.6352
15269,25,36,2.739472,2.739472,1451,10.6920
15270,36,34,3.070789,3.070789,1464,10.6570
15271,34,40,2.152639,2.152639,1456,10.6911
15272,40,25,5.064264,5.064264,1471,10.6019
15273,25,36,2.552558,2.552558,1470,10.6569
15274,36,29,3.171385,3.171385,1467,10.6175
15275,29,23,2.785926,2.785926,1448,10.6372
15276,23,29,2.125286,2.125286,1457,10.7494
15277,29,23,2.574824,2.574824,1440,10.5559
15278,23,29,1.959636,1.959636,1458,10.6219
15279,29,23,2.376520,2.376520,1474,10.5737
15280,23,29,1.810307,1.810307,1446,10.5714
15281,29,11,2.697954,2.697954,1460,10.5781
15282,11,42,2.533173,2.533173,1461,10.6192
15283,42,0,4.992070,4.992070,1434,10.6353
15284,0,25,2.759620,2.759620,1437,10.6279
15285,25,36,2.452980,2.452980,1465,10.5821
15286,36,29,3.163165,3.163165,1422,10.6392
15287,29,11,2.539699,2.539699,1447,10.5424
15288,11,42,2.439857,2.439857,1454,10.5233
15289,42,0,4.838706,4.838706,1431,10.6252
15290,0,25,2.638475,2.638475,1454,10.6379
15291,25,36,2.351321,2.351321,1459,10.5920
15292,36,29,3.063842,3.063842,1475,10.5877
15293,29,23,2.441327,2.441327,1434,10.5751
15294,23,29,1.853382,1.853382,1410,10.5263
15295,29,48,2.736114,2.736114,1459,10.5706
15296,48,25,4.021393,4.021393,1483,10.5686
15297,25,29,2.878482,2.878482,1456,10.5433
15298,29,23,2.336241,2.336241,1418,10.4737
15299,23,29,1.749980,1.749980,1488,10.6284
15300,29,11,2.566335,2.566335,1448,10.5848
15301,11,42,2.433533,2.433533,1418,10.5047
15302,42,0,4.674293,4.674293,1485,10.5399
15303,0,21,3.230614,3.230614,1473,10.6583
15304,21,48,2.888617,2.888617,1454,10.5203
15305,48,6,3.918994,3.918994,1485,10.5622
15306,6,32,2.518801,2.518801,1443,10.8894
15307,32,61,3.394054,3.394054,1513,10.5895
15308,61,33,3.011698,3.011698,899,7.9909
15309,33,55,2.539411,2.539411,408,4.5797
15310,55,4,2.573662,2.573662,516,5.2374
15311,4,6,6.651461,6.651461,493,5.2482
15312,6,56,2.749135,2.749135,1465,10.5976
15313,56,1,2.428872,2.428872,1454,10.6243
15314,1,32,2.946640,2.946640,1460,10.6481
15315,32,9,2.297939,2.297939,1443,10.6310
15316,9,15,2.768257,2.768257,1443,10.6009
15317,15,49,2.162309,2.162309,1461,10.5968
15318,49,43,4.253093,4.253093,1459,10.7249
15319,43,11,4.831207,4.831207,1416,10.6260
15320,11,42,2.342094,2.342094,1435,10.5892
15321,42,45,2.272652,2.272652,1461,10.6457
15322,45,63,2.906916,2.906916,1429,10.5192
15323,63,18,2.541212,2.541212,1461,10.6258
15324,18,38,3.362396,3.362396,1458,10.6933
15325,38,2,2.986086,2.986086,1455,10.8838
15326,2,54,3.087258,3.087258,1479,10.7155
15327,54,0,3.926809,3.926809,1447,10.6615
15328,0,60,2.728141,2.728141,1462,10.5854
15329,60,38,2.690678,2.690678,1440,10.6457
15330,38,2,2.844028,2.844028,1453,10.5695
15331,2,12,2.561553,2.561553,1480,10.6209
15332,12,35,2.763444,2.763444,1467,10.6188
15333,35,53,3.883187,3.883187,1449,10.6523
15334,53,0,3.585708,3.585708,1463,10.5621
15335,0,25,2.547686,2.547686,1438,10.5814
15336,25,29,2.845699,2.845699,1483,10.6626
15337,29,11,2.484375,2.484375,1488,10.6745
15338,11,42,2.282575,2.282575,1458,10.6407
15339,42,54,5.168993,5.168993,1458,10.5828
15340,54,0,3.810096,3.810096,1465,10.6440
15341,0,25,2.379835,2.379835,1461,10.6597
15342,25,36,2.375777,2.375777,1425,10.5511
15343,36,21,3.778229,3.778229,1434,10.5506
15344,21,48,2.810711,2.810711,1456,10.5548
15345,48,51,2.545790,2.545790,1448,10.5901
15346,51,16,2.166483,2.166483,1456,10.6317
15347,16,21,4.931826,4.931826,1426,10.5495
15348,21,48,2.659444,2.659444,1445,10.6427
15349,48,51,2.464998,2.464998,1488,10.6001
15350,51,51,1.085797,1.085797,1469,10.6192
15351,51,51,0.930039,0.930039,1451,10.6810
15352,51,16,2.232172,2.232172,1462,10.5266
15353,16,23,3.295944,3.295944,1454,10.5708
15354,23,18,3.977858,3.977858,1431,10.6110
15355,18,12,5.341655,5.341655,1469,10.7013
15356,12,35,2.674206,2.674206,1460,10.6437
15357,35,0,3.236270,3.236270,1470,10.6799
15358,0,21,3.199818,3.199818,1448,10.5738
15359,21,9,4.697268,4.697268,1462,10.5777
15360,9,44,2.938870,2.938870,1465,10.6590
15361,44,36,5.060991,5.060991,1448,10.6320
15362,36,29,2.909807,2.909807,1438,10.5730
15363,29,11,2.394409,2.394409,1467,10.5593
15364,11,45,3.018737,3.018737,1462,10.5862
15365,45,63,2.849252,2.849252,1450,10.6296
15366,63,18,2.524134,2.524134,1463,10.5437
15367,18,38,3.271405,3.271405,1453,10.5838
15368,38,2,2.764102,2.764102,1455,10.6098
15369,2,45,4.159563,4.159563,1495,10.6650
15370,45,63,2.680049,2.680049,1454,10.6608
15371,63,18,2.483787,2.483787,1487,10.6148
15372,18,12,5.129429,5.129429,1476,10.6119
15373,12,35,2.604992,2.604992,1433,10.6292
15374,35,0,3.076742,3.076742,1461,10.6998
15375,0,25,2.423692,2.423692,1443,10.6723
15376,25,2,3.376584,3.376584,1443,10.7468
15377,2,12,2.570953,2.570953,1462,10.6258
15378,12,35,2.542359,2.542359,1452,10.5954
15379,35,0,2.930624,2.930624,1479,10.6706
15380,0,25,2.356267,2.356267,1443,10.5901
15381,25,36,2.446241,2.446241,1461,10.5516
15382,36,29,2.819177,2.819177,1445,10.6077
15383,29,23,2.495416,2.495416,1426,10.6141
15384,23,29,1.987136,1.987136,1441,10.5267
15385,29,11,2.325608,2.325608,1450,10.6698
15386,11,45,3.033564,3.033564,1485,10.5659
15387,45,30,2.834583,2.834583,1444,10.5675
15388,30,46,3.266289,3.266289,1485,10.8178
15389,46,47,2.560920,2.560920,1467,10.6032
15390,47,22,2.886434,2.886434,1470,10.6312
15391,22,47,2.420990,2.420990,1405,10.5320
15392,47,56,2.715399,2.715399,1481,10.7636
15393,56,1,2.325893,2.325893,1459,10.5964
15394,1,47,2.445651,2.445651,1442,10.5606
15395,47,51,3.005006,3.005006,1462,10.6958
15396,51,16,2.117518,2.117518,1461,10.6785
15397,16,53,5.079587,5.079587,1452,10.6203
15398,53,11,4.610865,4.610865,1458,10.6850
15399,11,42,2.402563,2.402563,1462,10.6026
15400,42,54,4.942872,4.942872,1366,10.3947
15401,54,25,2.400366,2.400366,1463,10.6828
15402,25,29,2.851779,2.851779,1449,10.5804
15403,29,48,2.901607,2.901607,1446,10.5578
15404,48,51,2.368112,2.368112,1475,10.6522
15405,51,16,2.039016,2.039016,1465,10.5573
15406,16,53,4.953989,4.953989,1476,10.6293
15407,53,17,2.191996,2.191996,1455,10.7565
15408,17,2,3.758163,3.758163,1433,10.6650
15409,2,54,3.215375,3.215375,1450,10.6756
15410,54,25,2.288749,2.288749,1476,10.6538
15411,25,36,2.409112,2.409112,1444,10.6166
15412,36,21,3.730384,3.730384,1454,10.6172
15413,21,48,2.661080,2.661080,1474,10.6066
15414,48,25,3.855426,3.855426,1462,10.6651
15415,25,29,2.712055,2.712055,1442,10.5510
15416,29,48,2.753027,2.753027,1413,10.6276
15417,48,6,4.080087,4.080087,1429,10.5438
15418,6,32,2.542156,2.542156,1451,10.8044
15419,32,9,2.276392,2.276392,1344,10.2783
15420,9,3,3.332756,3.332756,1472,10.7007
15421,3,41,2.701927,2.701927,1369,10.4451
15422,41,36,5.573256,5.573256,1449,10.5505
15423,36,29,2.709216,2.709216,1451,10.6004
15424,29,11,2.426105,2.426105,1447,10.6449
15425,11,45,2.970187,2.970187,1442,10.5966
15426,45,30,2.793753,2.793753,1432,10.5730
15427,30,46,3.217370,3.217370,1476,10.6317
15428,46,47,2.542615,2.542615,1467,10.5591
15429,47,22,2.801650,2.801650,1464,10.6413
15430,22,20,4.554715,4.554715,1318,10.2966
15431,20,10,1.969975,1.969975,1442,10.6045
15432,10,11,7.467095,7.467095,1469,10.7118
15433,11,45,2.779630,2.779630,1449,10.5943
15434,45,30,2.737044,2.737044,1432,10.5545
15435,30,27,6.348683,6.348683,1456,10.5935
15436,27,20,4.871614,4.871614,1176,10.0353
15437,20,3,3.726909,3.726909,1445,10.6228
15438,3,41,2.570294,2.570294,1419,10.5411
15439,41,36,5.433984,5.433984,1447,10.6655
15440,36,21,3.433419,3.433419,1437,10.5627
15441,21,9,4.689578,4.689578,1442,10.6449
15442,9,3,3.206363,3.206363,1459,10.6200
15443,3,39,3.500387,3.500387,1459,10.6358
15444,39,44,3.043351,3.043351,1431,10.6229
15445,44,35,5.774397,5.774397,1468,10.6526
15446,35,0,2.822576,2.822576,1449,10.6038
15447,0,21,2.996564,2.996564,1483,10.6020
15448,21,48,2.604243,2.604243,1381,10.2577
15449,48,25,3.723526,3.723526,1493,10.6232
15450,25,29,2.471013,2.471013,1454,10.6034
15451,29,23,2.717937,2.717937,1486,10.6700
15452,23,18,3.859799,3.859799,1446,10.7058
15453,18,38,3.164148,3.164148,1407,10.4403
15454,38,2,2.706508,2.706508,1490,10.7846
15455,2,12,2.565040,2.565040,1443,10.5904
15456,12,43,4.812314,4.812314,1471,10.6239
15457,43,11,4.707113,4.707113,1423,10.6332
15458,11,42,2.463138,2.463138,1448,10.7942
15459,42,54,4.803498,4.803498,1449,10.6698
15460,54,25,2.331419,2.331419,1480,10.6160
15461,25,29,2.391378,2.391378,1453,10.7196
15462,29,11,2.641222,2.641222,1454,10.5933
15463,11,42,2.377636,2.377636,1449,10.6970
15464,42,54,4.687723,4.687723,1463,10.5948
15465,54,25,2.242245,2.242245,1460,10.6341
15466,25,2,3.394625,3.394625,1465,10.6022
15467,2,12,2.452789,2.452789,1455,10.6662
15468,12,35,2.672781,2.672781,1461,10.6003
15469,35,0,2.707498,2.707498,1452,10.6806
15470,0,60,2.986163,2.986163,1446,10.6071
15471,60,38,2.824611,2.824611,1459,10.5931
15472,38,2,2.548634,2.548634,1445,10.5757
15473,2,45,4.208373,4.208373,1441,10.5953
15474,45,30,2.602938,2.602938,1446,10.6251
15475,30,46,3.251860,3.251860,1461,10.6066
15476,46,1,4.301105,4.301105,1451,10.6631
15477,1,32,2.878415,2.878415,1066,9.1844
15478,32,61,3.320132,3.320132,1398,10.5308
15479,61,33,2.945977,2.945977,468,4.3186
15480,33,11,6.785019,6.785019,500,4.9017
15481,11,45,2.888416,2.888416,1463,10.6475
15482,45,30,2.554176,2.554176,1474,10.5739
15483,30,46,3.187770,3.187770,1478,10.6783
15484,46,47,2.564141,2.564141,1448,10.5658
15485,47,51,3.022745,3.022745,1475,10.5888
15486,51,16,1.942241,1.942241,1454,10.5682
15487,16,53,4.753460,4.753460,1431,10.6691
15488,53,11,4.427791,4.427791,1464,10.6651
15489,11,24,4.364503,4.364503,1442,10.6702
15490,24,54,3.624220,3.624220,1134,8.9320
15491,54,0,4.121768,4.121768,1460,10.6213
15492,0,21,2.951283,2.951283,1471,10.6115
15493,21,9,4.662578,4.662578,1436,10.5603
15494,9,3,3.047350,3.047350,1453,10.6001
15495,3,41,2.519511,2.519511,1210,9.5180
15496,41,6,2.757586,2.757586,1462,10.6193
15497,6,56,2.834817,2.834817,1451,10.6402
15498,56,1,2.350308,2.350308,1476,10.5872
15499,1,47,2.305134,2.305134,1437,10.6858
15500,47,51,2.949792,2.949792,1453,10.5716
15501,51,16,1.891491,1.891491,1458,10.6136
15502,16,53,4.605778,4.605778,1459,10.8039
15503,53,11,4.234939,4.234939,1451,10.6134
15504,11,42,2.389430,2.389430,1464,10.6819
15505,42,54,4.441641,4.441641,1460,10.5819
15506,54,25,2.239972,2.239972,1455,10.5532
15507,25,36,2.749708,2.749708,1441,10.7037
15508,36,29,2.660340,2.660340,1460,10.6037
15509,29,11,2.721393,2.721393,1456,10.7309
15510,11,45,2.835121,2.835121,1460,10.7119
15511,45,30,2.522607,2.522607,1437,10.5757
15512,30,31,4.084998,4.084998,1444,10.6061
15513,31,12,3.273353,3.273353,1472,10.6397
15514,12,20,3.107551,3.107551,1457,10.6029
15515,20,3,3.725493,3.725493,1461,10.6676
15516,3,41,2.397423,2.397423,1450,10.6801
15517,41,36,5.425382,5.425382,1464,10.6811
15518,36,29,2.652575,2.652575,1494,10.6290
15519,29,11,2.588813,2.588813,1448,10.5728
15520,11,42,2.359600,2.359600,1438,10.6141
15521,42,54,4.316275,4.316275,1445,10.6037
15522,54,25,2.205103,2.205103,903,7.0489
15523,25,29,2.335504,2.335504,1454,10.6329
15524,29,11,2.489846,2.489846,1457,10.5771
15525,11,42,2.281970,2.281970,1472,10.5377
15526,42,45,2.209896,2.209896,1465,10.5818
15527,45,30,2.471689,2.471689,1486,10.7668
15528,30,46,3.223470,3.223470,1497,10.5873
15529,46,1,4.270899,4.270899,1436,10.6178
15530,1,47,2.114461,2.114461,1381,10.5007
15531,47,56,2.741255,2.741255,1445,10.6743
15532,56,34,3.545226,3.545226,1420,10.7044
15533,34,7,4.106038,4.106038,1464,10.6189
15534,7,16,5.215052,5.215052,1439,10.7968
15535,16,53,4.197179,4.197179,1273,9.7926
15536,53,17,2.289707,2.289707,1474,10.6627
15537,17,2,3.693075,3.693075,1461,10.6243
15538,2,54,3.484685,3.484685,1456,10.6288
15539,54,25,2.110784,2.110784,1469,10.9529
15540,25,2,3.274055,3.274055,1487,10.6802
15541,2,12,2.503483,2.503483,1465,10.6557
15542,12,35,2.600310,2.600310,1487,10.6384
15543,35,8,2.917057,2.917057,1451,10.5787
15544,8,56,3.489705,3.489705,1444,10.6300
15545,56,34,3.356251,3.356251,1460,10.7218
15546,34,35,4.193114,4.193114,1451,10.6545
15547,35,0,2.691370,2.691370,1445,10.5502
15548,0,60,2.944909,2.944909,1447,10.6596
15549,60,38,2.819879,2.819879,1456,10.6023
15550,38,54,3.744384,3.744384,1440,10.6826
15551,54,25,2.045198,2.045198,1452,10.6076
15552,25,36,2.944450,2.944450,1446,10.6256
15553,36,34,3.390200,3.390200,1454,10.6655
15554,34,40,2.227092,2.227092,1459,10.5925
15555,40,21,5.248577,5.248577,1456,10.5870
15556,21,48,2.720768,2.720768,1443,10.5618
15557,48,51,2.596546,2.596546,1468,10.5987
15558,51,51,1.082261,1.082261,1460,10.5985
15559,51,16,1.987160,1.987160,1467,10.6138
15560,16,23,3.449658,3.449658,1445,10.6138
15561,23,29,2.523486,2.523486,1448,10.5979
15562,29,23,2.941440,2.941440,1464,10.5715
15563,23,29,2.319011,2.319011,1463,10.6441
15564,29,11,2.368443,2.368443,1452,10.5309
15565,11,42,2.287910,2.287910,1471,10.6696
15566,42,54,4.299681,4.299681,1461,10.6330
15567,54,0,4.196669,4.196669,1470,10.6334
15568,0,21,2.941844,2.941844,1478,10.5544
15569,21,9,4.510606,4.510606,1463,10.6782
15570,9,3,2.973512,2.973512,1429,10.7024
15571,3,39,3.529009,3.529009,1462,10.7060
15572,39,44,2.921631,2.921631,1293,10.1776
15573,44,35,5.710147,5.710147,1463,10.8889
15574,35,53,4.078740,4.078740,1473,10.6595
15575,53,17,2.223570,2.223570,1450,10.5994
15576,17,2,3.611715,3.611715,1479,10.6030
15577,2,45,4.267053,4.267053,1459,10.6664
15578,45,63,3.089043,3.089043,1467,10.5707
15579,63,6,5.193837,5.193837,1468,10.5368
15580,6,56,2.719322,2.719322,1465,10.6394
15581,56,1,2.365663,2.365663,1221,9.6251
15582,1,47,2.075996,2.075996,891,7.0390
15583,47,22,2.846946,2.846946,1446,10.5772
15584,22,47,2.185811,2.185811,1402,10.4587
15585,47,22,2.615572,2.615572,1458,10.6014
15586,22,35,4.293308,4.293308,1452,10.6329
15587,35,8,2.755809,2.755809,1443,10.5889
15588,8,52,4.930293,4.930293,1452,10.5887
15589,52,21,5.721602,5.721602,701,7.3105
15590,21,47,4.268504,4.268504,1450,10.6390
15591,47,51,2.947046,2.947046,1456,10.6415
15592,51,29,3.790601,3.790601,1467,10.6499
15593,29,11,2.224298,2.224298,1453,10.5584
15594,11,45,2.958852,2.958852,1446,10.5932
15595,45,63,2.999618,2.999618,1425,10.5140
15596,63,6,5.113703,5.113703,1448,10.6433
15597,6,56,2.613070,2.613070,1456,10.6221
15598,56,34,3.309668,3.309668,1470,10.6804
15599,34,35,3.988736,3.988736,1480,10.6333
15600,35,0,2.728626,2.728626,1471,10.6817
15601,0,21,2.913604,2.913604,1477,10.7933
15602,21,48,2.750695,2.750695,1452,10.5927
15603,48,51,2.551317,2.551317,1478,10.5695
15604,51,51,0.964856,0.964856,1437,10.5959
15605,51,29,3.675171,3.675171,1473,10.5757
15606,29,11,2.101338,2.101338,1487,10.6086
15607,11,42,2.309628,2.309628,1441,10.5428
15608,42,0,5.302693,5.302693,1461,10.5186
15609,0,25,2.678070,2.678070,1447,10.6264
15610,25,36,2.828016,2.828016,1442,10.5621
15611,36,29,2.786681,2.786681,1464,10.6105
15612,29,23,2.892580,2.892580,1461,10.5949
15613,23,29,2.243202,2.243202,1473,10.6443
15614,29,11,2.059692,2.059692,1463,10.6340
15615,11,42,2.261904,2.261904,1485,10.5632
15616,42,0,5.127594,5.127594,1437,10.5657
15617,0,21,2.755234,2.755234,1448,10.5976
15618,21,48,2.728019,2.728019,1451,10.6059
15619,48,25,3.862464,3.862464,1474,10.5547
15620,25,36,2.687151,2.687151,1449,10.8947
15621,36,34,3.500400,3.500400,1448,10.6061
15622,34,40,2.206722,2.206722,1469,10.7119
15623,40,57,2.560687,2.560687,1438,10.7360
15624,57,52,2.588474,2.588474,1449,10.6926
15625,52,21,5.727849,5.727849,1324,9.9641
15626,21,48,2.614482,2.614482,1448,10.5882
15627,48,6,3.756679,3.756679,1440,10.5252
15628,6,32,2.894036,2.894036,1453,10.6960
15629,32,9,2.565755,2.565755,1464,10.6398
15630,9,3,2.857136,2.857136,1449,10.6557
15631,3,39,3.421162,3.421162,1451,10.6421
15632,39,59,3.268405,3.268405,1266,10.0287
15633,59,10,4.290417,4.290417,1260,10.5065
15634,10,21,5.513784,5.513784,1330,10.3949
15635,21,47,4.182419,4.182419,851,8.2020
15636,47,56,2.728156,2.728156,1459,10.5867
15637,56,34,3.266723,3.266723,1456,10.6290
15638,34,7,4.153487,4.153487,1473,10.5920
15639,7,31,3.238699,3.238699,1463,10.6922
15640,31,54,4.603607,4.603607,1473,10.6257
15641,54,0,3.963610,3.963610,1383,10.2973
15642,0,21,2.820143,2.820143,1486,10.7258
15643,21,47,4.081637,4.081637,1464,10.7012
15644,47,22,2.509547,2.509547,1463,10.6439
15645,22,47,2.089784,2.089784,1459,10.7534
15646,47,56,2.622309,2.622309,1469,10.6464
15647,56,34,3.135666,3.135666,1461,10.6528
15648,34,7,4.054427,4.054427,1458,10.5817
15649,7,31,3.118505,3.118505,1448,10.5995
15650,31,54,4.511120,4.511120,1459,10.7722
15651,54,25,2.090814,2.090814,1227,9.8652
15652,25,29,2.582574,2.582574,1485,10.7109
15653,29,23,2.747458,2.747458,1437,10.5570
15654,23,29,2.138265,2.138265,1148,9.2566
15655,29,11,2.050609,2.050609,1463,10.6156
15656,11,45,3.099499,3.099499,1434,10.5918
15657,45,30,2.634677,2.634677,1453,10.6315
15658,30,46,3.124053,3.124053,1448,10.5384
15659,46,47,2.845527,2.845527,1461,10.6406
15660,47,56,2.493538,2.493538,1461,10.6494
15661,56,6,3.252702,3.252702,1448,10.6521
15662,6,32,2.778647,2.778647,1465,10.6288
15663,32,27,3.722027,3.722027,1447,10.6126
15664,27,2,5.371413,5.371413,1434,10.5972
15665,2,54,3.356685,3.356685,1460,10.6237
15666,54,25,2.010033,2.010033,1472,10.7557
15667,25,36,2.674368,2.674368,1455,10.6782
15668,36,34,3.578176,3.578176,1463,10.6472
15669,34,35,3.874518,3.874518,1442,10.5916
15670,35,53,3.969123,3.969123,1477,10.5658
15671,53,11,4.353483,4.353483,1459,10.6469
15672,11,42,2.274804,2.274804,1446,10.6383
15673,42,54,4.424125,4.424125,1476,10.6331
15674,54,0,3.830892,3.830892,1444,10.6789
15675,0,21,2.759203,2.759203,1457,10.5719
15676,21,47,3.974403,3.974403,1440,10.5527
15677,47,56,2.366301,2.366301,749,5.8951
15678,56,34,3.144522,3.144522,1432,10.6221
15679,34,35,3.725128,3.725128,1452,10.6351
15680,35,53,3.855637,3.855637,1439,10.5303
15681,53,11,4.264868,4.264868,1435,10.5694
15682,11,42,2.181707,2.181707,1451,10.6377
15683,42,0,4.848981,4.848981,1465,10.5978
15684,0,21,2.643437,2.643437,1475,10.6092
15685,21,47,3.877694,3.877694,1455,10.5787
15686,47,56,2.263303,2.263303,1440,10.6606
15687,56,6,3.283414,3.283414,1484,10.5876
15688,6,56,2.545628,2.545628,1461,10.5900
15689,56,34,3.032915,3.032915,1457,10.7048
15690,34,7,4.030319,4.030319,1483,10.6047
15691,7,31,3.014751,3.014751,1458,10.8505
15692,31,12,3.395221,3.395221,1450,10.6133
15693,12,35,2.892123,2.892123,1460,10.7048
15694,35,0,3.191506,3.191506,1470,10.5849
15695,0,25,2.521390,2.521390,1441,10.5659
15696,25,2,3.404913,3.404913,1473,10.5964
15697,2,45,4.178219,4.178219,1408,10.5009
15698,45,62,4.483179,4.483179,1453,10.6037
15699,62,60,3.869418,3.869418,1462,10.6241
15700,60,38,2.731858,2.731858,1484,10.6181
15701,38,2,2.604190,2.604190,1464,10.5701
15702,2,12,2.643201,2.643201,1453,10.6022
15703,12,35,2.812450,2.812450,1426,10.5406
15704,35,53,3.794179,3.794179,1464,10.6625
15705,53,11,4.178607,4.178607,1454,10.6394
15706,11,45,3.046734,3.046734,1460,10.7740
15707,45,30,2.620476,2.620476,1491,10.5943
15708,30,46,3.055061,3.055061,1450,10.5857
15709,46,46,1.015088,1.015088,1475,10.5768
15710,46,47,2.912453,2.912453,1435,10.5921
15711,47,56,2.208751,2.208751,1468,10.5751
15712,56,34,2.901776,2.901776,1468,10.5935
15713,34,7,3.934538,3.934538,1454,10.5696
15714,7,31,2.914793,2.914793,1445,10.6955
15715,31,12,3.362463,3.362463,1466,10.6430
15716,12,35,2.645766,2.645766,1447,10.7221
15717,35,8,2.881521,2.881521,1437,10.6762
15718,8,41,2.462534,2.462534,1456,10.5576
15719,41,6,2.865954,2.865954,1420,10.5641
15720,6,56,2.522942,2.522942,1453,10.5610
15721,56,6,3.010440,3.010440,1431,10.6225
15722,6,56,2.310769,2.310769,1449,10.6677
15723,56,6,2.755296,2.755296,1471,10.6238
15724,6,32,2.725144,2.725144,1460,10.5844
15725,32,9,2.576220,2.576220,1422,10.5077
15726,9,15,2.954092,2.954092,1473,10.5673
15727,15,19,4.424523,4.424523,1463,10.6555
15728,19,24,2.800431,2.800431,1453,10.8586
15729,24,54,3.566335,3.566335,1312,10.0410
15730,54,25,2.038793,2.038793,651,7.0554
15731,25,2,3.245603,3.245603,1472,10.6833
15732,2,12,2.583270,2.583270,1437,10.7029
15733,12,20,3.150145,3.150145,1280,9.9629
15734,20,3,3.700513,3.700513,1454,10.7905
15735,3,41,2.485731,2.485731,1469,10.6363
15736,41,30,5.339482,5.339482,1451,10.5641
15737,30,31,4.301910,4.301910,1461,10.7074
15738,31,12,3.246784,3.246784,1465,10.6169
15739,12,35,2.565102,2.565102,1430,10.6132
15740,35,8,2.811127,2.811127,1474,10.9225
15741,8,52,4.805506,4.805506,1446,10.6125
15742,52,22,4.509798,4.509798,1360,10.3740
15743,22,47,2.317439,2.317439,1439,10.5947
15744,47,51,2.898001,2.898001,1463,10.5921
15745,51,51,1.017730,1.017730,1482,10.6333
15746,51,16,2.173094,2.173094,1466,10.5664
15747,16,53,4.204338,4.204338,1423,10.5473
15748,53,17,2.295575,2.295575,1458,10.5925
15749,17,2,3.559233,3.559233,1475,10.6045
15750,2,12,2.522633,2.522633,1456,10.5812
15751,12,35,2.487243,2.487243,1443,10.6512
15752,35,8,2.723473,2.723473,1464,10.5975
15753,8,52,4.725514,4.725514,1458,10.5912
15754,52,52,1.227564,1.227564,1312,10.6240
15755,52,21,5.495798,5.495798,1293,10.0738
15756,21,9,4.723444,4.723444,1453,10.6176
15757,9,15,2.862298,2.862298,1450,10.5984
15758,15,39,3.415387,3.415387,1437,10.6258
15759,39,15,3.045545,3.045545,1442,10.5507
15760,15,19,4.332410,4.332410,1457,10.6411
15761,19,24,2.754590,2.754590,1468,10.6779
15762,24,54,3.473964,3.473964,1127,9.0823
15763,54,0,3.840335,3.840335,1435,10.6708
15764,0,60,3.150935,3.150935,1435,10.6004
15765,60,38,2.708796,2.708796,1373,10.3319
15766,38,2,2.520029,2.520029,1430,10.6046
15767,2,45,4.081696,4.081696,1458,10.5810
15768,45,30,2.600337,2.600337,1465,10.6357
15769,30,31,4.222896,4.222896,1457,10.7334
15770,31,12,3.160134,3.160134,1477,10.6249
15771,12,20,3.151389,3.151389,1466,10.6999
15772,20,10,2.156311,2.156311,1282,10.0153
15773,10,2,5.134477,5.134477,1418,10.5799
15774,2,45,3.928736,3.928736,1469,10.7303
15775,45,30,2.485087,2.485087,1452,10.5869
15776,30,46,3.043185,3.043185,1421,10.6960
15777,46,47,2.891321,2.891321,1467,10.6002
15778,47,22,2.777293,2.777293,1482,10.6054
15779,22,35,4.273344,4.273344,1429,10.7319
15780,35,8,2.569002,2.569002,1445,10.6972
15781,8,41,2.569536,2.569536,1461,10.6675
15782,41,36,5.479387,5.479387,1460,10.6889
15783,36,34,3.515219,3.515219,1458,10.7267
15784,34,35,3.861202,3.861202,1444,10.6006
15785,35,8,2.434183,2.434183,1483,10.6140
15786,8,41,2.517176,2.517176,1454,10.5578
15787,41,6,2.779670,2.779670,1452,10.6030
15788,6,32,2.622305,2.622305,1439,10.5698
15789,32,9,2.557676,2.557676,1459,10.5888
15790,9,15,2.746638,2.746638,1457,10.5511
15791,15,49,2.323190,2.323190,1456,10.5657
15792,49,50,4.544143,4.544143,1436,10.6552
15793,50,53,4.470766,4.470766,1296,10.1405
15794,53,11,3.964049,3.964049,1446,10.6530
15795,11,45,2.992405,2.992405,1471,10.6231
15796,45,30,2.447523,2.447523,1454,10.6898
15797,30,31,4.259070,4.259070,1470,10.6532
15798,31,30,3.537036,3.537036,1457,10.6402
15799,30,46,2.961874,2.961874,1437,10.5880
15800,46,47,2.810655,2.810655,1451,10.6090
15801,47,22,2.716494,2.716494,1443,10.5684
15802,22,47,2.190691,2.190691,1441,10.6017
15803,47,22,2.499048,2.499048,1465,10.5487
15804,22,35,4.124035,4.124035,1472,10.5675
15805,35,53,3.945416,3.945416,1469,10.6261
15806,53,11,3.876852,3.876852,1456,10.6165
15807,11,24,4.762115,4.762115,1456,10.5668
15808,24,0,4.917050,4.917050,583,5.9369
15809,0,25,2.455790,2.455790,1453,10.6183
15810,25,36,2.842624,2.842624,1447,10.5813
15811,36,34,3.473747,3.473747,1449,10.5753
15812,34,7,3.702003,3.702003,1449,10.5713
15813,7,22,4.544502,4.544502,1470,10.7152
15814,22,47,2.075707,2.075707,1454,10.8044
15815,47,51,2.834369,2.834369,1484,10.6746
15816,51,29,3.676551,3.676551,1473,10.6482
15817,29,48,2.977881,2.977881,1445,10.6814
15818,48,25,3.747008,3.747008,1451,10.5708
15819,25,36,2.679859,2.679859,1455,10.6581
15820,36,34,3.431651,3.431651,1441,10.5494
15821,34,35,3.632453,3.632453,1474,10.6024
15822,35,0,3.438943,3.438943,1464,10.5616
15823,0,25,2.402859,2.402859,1463,10.5849
15824,25,36,2.551974,2.551974,1472,10.5683
15825,36,29,3.010358,3.010358,1462,10.5526
15826,29,23,2.618697,2.618697,1458,10.5842
15827,23,29,2.151887,2.151887,1459,10.6506
15828,29,11,2.388459,2.388459,1475,10.5480
15829,11,45,2.953968,2.953968,1439,10.6252
15830,45,63,3.223937,3.223937,1433,10.6001
15831,63,6,4.940464,4.940464,1461,10.5684
15832,6,56,2.315026,2.315026,1469,10.7813
15833,56,34,3.119567,3.119567,1466,10.7608
15834,34,40,2.656792,2.656792,1457,10.6122
15835,40,57,2.424069,2.424069,1459,10.8295
15836,57,59,4.879783,4.879783,1200,9.5312
15837,59,26,2.592780,2.592780,881,8.7991
15838,26,43,3.924020,3.924020,811,8.5352
15839,43,51,4.304035,4.304035,1143,9.4257
15840,51,16,2.078550,2.078550,1531,10.6563
15841,16,53,4.145669,4.145669,1464,10.7437
15842,53,11,3.723691,3.723691,1432,10.6781
15843,11,45,2.810977,2.810977,1440,10.6807
15844,45,63,3.131541,3.131541,1460,10.6030
15845,63,18,2.540380,2.540380,1466,10.7027
15846,18,12,5.141192,5.141192,1469,10.8416
15847,12,43,4.809973,4.809973,1375,10.4354
15848,43,51,4.189212,4.189212,1165,9.6531
15849,51,16,1.955264,1.955264,1480,10.6470
15850,16,53,4.009101,4.009101,1454,10.7152
15851,53,17,2.344801,2.344801,1440,10.5518
15852,17,2,3.480751,3.480751,1444,10.5451
15853,2,45,3.922525,3.922525,1431,10.5983
15854,45,30,2.632326,2.632326,1457,10.6415
15855,30,46,2.905508,2.905508,1468,10.6919
15856,46,47,2.856877,2.856877,1472,10.6189
15857,47,56,2.502125,2.502125,1465,10.5796
15858,56,6,2.616124,2.616124,1452,10.5482
15859,6,56,2.161767,2.161767,1459,10.5839
15860,56,1,3.005536,3.005536,1486,10.7011
15861,1,32,2.944451,2.944451,1454,10.5883
15862,32,9,2.485351,2.485351,1309,9.9398
15863,9,3,2.966825,2.966825,1437,10.6001
15864,3,41,2.473800,2.473800,1466,10.6624
15865,41,6,2.765059,2.765059,1478,10.6269
15866,6,56,2.121513,2.121513,1444,10.5892
15867,56,1,2.907262,2.907262,1444,10.5746
15868,1,32,2.826760,2.826760,1461,10.8452
15869,32,9,2.404726,2.404726,1469,10.5798
15870,9,44,3.222482,3.222482,1456,10.5482
15871,44,35,5.675615,5.675615,1448,10.6483
15872,35,8,2.381796,2.381796,1444,10.6153
15873,8,41,2.486773,2.486773,1458,10.6012
15874,41,6,2.673471,2.673471,1459,10.6205
15875,6,56,2.088521,2.088521,1458,10.6744
15876,56,34,3.136804,3.136804,1469,10.5769
15877,34,35,3.510844,3.510844,1455,10.5947
15878,35,8,2.288688,2.288688,1470,10.6263
15879,8,41,2.447923,2.447923,1467,10.5646
15880,41,6,2.577596,2.577596,1459,10.6047
15881,6,56,2.042899,2.042899,1444,10.6413
15882,56,6,2.256881,2.256881,1446,10.6370
15883,6,56,1.885042,1.885042,1459,10.5464
15884,56,34,3.073990,3.073990,1471,10.5367
15885,34,7,3.774672,3.774672,1463,10.6529
15886,7,16,5.232262,5.232262,1467,10.6964
15887,16,21,5.287729,5.287729,1460,10.6798
15888,21,9,4.678010,4.678010,1482,10.6956
15889,9,3,2.915187,2.915187,1426,10.6708
15890,3,41,2.467086,2.467086,1455,10.5286
15891,41,6,2.450549,2.450549,1461,10.7157
15892,6,32,2.882751,2.882751,1456,10.6181
15893,32,9,2.455137,2.455137,1442,10.6040
15894,9,15,2.820870,2.820870,1443,10.5266
15895,15,39,3.321500,3.321500,1460,10.6858
15896,39,15,2.853528,2.853528,1444,10.5808
15897,15,19,4.286628,4.286628,1454,10.6071
15898,19,38,5.641937,5.641937,1354,10.3766
15899,38,50,3.256432,3.256432,860,8.7232
15900,50,54,3.205809,3.205809,924,8.4504
15901,54,25,2.201490,2.201490,564,5.3450
15902,25,36,2.477219,2.477219,1288,10.0993
15903,36,29,2.914577,2.914577,835,6.5886
15904,29,11,2.355174,2.355174,1351,10.2619
15905,11,42,2.551638,2.551638,1472,10.6112
15906,42,0,4.611320,4.611320,1474,10.6796
15907,0,25,2.386595,2.386595,1446,10.6521
15908,25,36,2.373156,2.373156,1451,10.5656
15909,36,29,2.806204,2.806204,1432,10.5824
15910,29,11,2.279562,2.279562,1424,10.5296
15911,11,42,2.452106,2.452106,1436,10.5445
15912,42,45,2.392398,2.392398,1442,10.6054
15913,45,63,3.042217,3.042217,1446,10.5423
15914,63,6,5.167175,5.167175,1456,10.6084
15915,6,32,2.757576,2.757576,1457,10.5705
15916,32,61,3.590915,3.590915,1102,9.4987
15917,61,2,5.745099,5.745099,1454,10.5585
15918,2,12,2.612832,2.612832,1449,10.5898
15919,12,35,2.908618,2.908618,1446,10.7535
15920,35,8,2.238555,2.238555,1458,10.6183
15921,8,56,3.531217,3.531217,1476,10.5682
15922,56,6,2.180992,2.180992,1456,10.6960
15923,6,56,1.875064,1.875064,1453,10.5590
15924,56,34,2.939939,2.939939,1461,10.5538
15925,34,40,2.800349,2.800349,1485,10.7465
15926,40,57,2.369722,2.369722,1486,10.5958
15927,57,59,4.757507,4.757507,1404,10.7174
15928,59,15,4.375569,4.375569,1242,10.2035
15929,15,19,4.029096,4.029096,1457,10.6520
15930,19,51,5.033640,5.033640,1405,10.5821
15931,51,51,1.342764,1.342764,1491,10.6413
15932,51,29,3.590027,3.590027,1462,10.7788
15933,29,23,2.724001,2.724001,1488,10.7462
15934,23,29,2.152669,2.152669,1461,10.6300
15935,29,23,2.512613,2.512613,1433,10.5697
15936,23,29,1.984589,1.984589,1469,10.5772
15937,29,23,2.315609,2.315609,1472,10.5537
15938,23,29,1.833445,1.833445,1441,10.5885
15939,29,23,2.134458,2.134458,1476,10.5552
15940,23,29,1.700063,1.700063,1435,10.5305
15941,29,23,1.970153,1.970153,1459,10.5645
15942,23,18,4.393464,4.393464,1426,10.5488
15943,18,12,4.951051,4.951051,1478,10.6841
15944,12,35,2.842157,2.842157,1424,10.6028
15945,35,0,3.432157,3.432157,1462,10.6744
15946,0,21,3.005784,3.005784,1471,10.6446
15947,21,9,4.650203,4.650203,1458,10.5654
15948,9,3,2.863212,2.863212,941,7.6858
15949,3,41,2.437094,2.437094,1406,10.6771
15950,41,36,5.864515,5.864515,1090,8.7443
15951,36,29,2.928239,2.928239,1461,10.6409
15952,29,11,2.428241,2.428241,1468,10.6176
15953,11,45,2.876012,2.876012,1455,10.7338
15954,45,30,2.673546,2.673546,1451,10.6723
15955,30,46,2.853765,2.853765,1453,10.6320
15956,46,47,2.847222,2.847222,1455,10.6881
15957,47,56,2.643772,2.643772,1437,10.5376
15958,56,34,2.774505,2.774505,1461,10.6408
15959,34,40,2.746613,2.746613,1453,10.5972
15960,40,57,2.355515,2.355515,1499,10.6176
15961,57,59,4.647598,4.647598,1351,10.3319
15962,59,15,4.169602,4.169602,494,7.1774
15963,15,19,3.782403,3.782403,1441,10.6479
15964,19,24,2.884476,2.884476,1329,10.0480
15965,24,54,3.377951,3.377951,1431,10.5760
15966,54,25,2.259595,2.259595,1422,10.7965
15967,25,2,3.567063,3.567063,1482,10.8032
15968,2,12,2.518965,2.518965,1458,10.7549
15969,12,20,3.051178,3.051178,1464,10.6005
15970,20,3,3.854092,3.854092,1453,10.5883
15971,3,39,3.361042,3.361042,1457,10.6935
15972,39,59,3.385192,3.385192,1432,10.6883
15973,59,10,4.193559,4.193559,1463,10.5624
15974,10,2,4.923744,4.923744,1463,10.7719
15975,2,12,2.381040,2.381040,1471,10.6471
15976,12,35,2.817439,2.817439,1457,10.7161
15977,35,0,3.277940,3.277940,1456,10.7192
15978,0,25,2.494480,2.494480,1453,10.7218
15979,25,2,3.574451,3.574451,1428,10.5985
15980,2,12,2.276505,2.276505,1460,10.6302
15981,12,35,2.737010,2.737010,1439,10.5991
15982,35,8,2.315786,2.315786,1447,10.6258
15983,8,41,2.548824,2.548824,1492,10.6478
15984,41,36,5.588151,5.588151,1444,10.5835
15985,36,29,2.937546,2.937546,1471,10.9187
15986,29,11,2.277035,2.277035,913,7.3770
15987,11,42,2.589612,2.589612,1452,10.6361
15988,42,0,4.644523,4.644523,1314,10.2171
15989,0,60,3.270059,3.270059,1452,10.6156
15990,60,36,3.272300,3.272300,1475,10.6976
15991,36,34,3.722092,3.722092,1470,10.5892
15992,34,40,2.591983,2.591983,1463,10.6149
15993,40,21,5.063853,5.063853,1462,10.6208
15994,21,9,4.431848,4.431848,1474,10.7484
15995,9,15,2.957214,2.957214,1454,10.6203
15996,15,19,3.678402,3.678402,1451,10.6134
15997,19,24,2.848371,2.848371,1387,10.4974
15998,24,54,3.287170,3.287170,1331,10.3633
15999,54,25,2.247385,2.247385,1391,10.4770
16000,25,36,2.689926,2.689926,1456,10.6238
16001,36,34,3.685250,3.685250,1467,10.6563
16002,34,40,2.457092,2.457092,1413,10.6677
16003,40,57,2.452430,2.452430,1473,10.8176
16004,57,52,2.737586,2.737586,1444,10.6314
16005,52,22,4.521733,4.521733,1455,10.5867
16006,22,20,4.460347,4.460347,1465,10.7117
16007,20,10,2.233334,2.233334,1456,10.6810
16008,10,21,5.413660,5.413660,1432,10.6100
16009,21,48,3.000080,3.000080,1473,10.6209
16010,48,51,2.906784,2.906784,1455,10.6719
16011,51,16,1.979691,1.979691,1454,10.6182
16012,16,53,3.694955,3.694955,1454,10.6183
16013,53,17,2.320180,2.320180,1460,10.6843
16014,17,7,3.222323,3.222323,1474,10.6568
16015,7,16,5.015817,5.015817,1466,10.6891
16016,16,23,3.287734,3.287734,1460,10.5973
16017,23,29,1.853236,1.853236,1435,10.6066
16018,29,11,2.183658,2.183658,1481,10.9260
16019,11,24,4.938009,4.938009,1473,10.8989
16020,24,4,2.737356,2.737356,1466,10.6280
16021,4,23,4.455263,4.455263,1420,10.5968
16022,23,0,4.903838,4.903838,1444,10.6999
16023,0,60,3.183725,3.183725,1431,10.5975
16024,60,36,3.105463,3.105463,1232,9.3059
16025,36,21,3.316400,3.316400,1439,10.6760
16026,21,9,4.366882,4.366882,1447,10.5936
16027,9,3,2.837561,2.837561,1470,10.7327
16028,3,10,3.684939,3.684939,1445,10.6931
16029,10,2,4.843986,4.843986,1343,10.4110
16030,2,45,3.982933,3.982933,1377,10.4161
16031,45,30,2.566464,2.566464,1447,10.6396
16032,30,31,4.158251,4.158251,1477,10.6447
16033,31,30,3.399438,3.399438,1444,10.7530
16034,30,46,2.778130,2.778130,1471,10.7322
16035,46,1,4.763795,4.763795,1461,10.6927
16036,1,47,2.479399,2.479399,1447,10.6479
16037,47,56,2.522386,2.522386,1456,10.6571
16038,56,1,3.015789,3.015789,1461,10.5924
16039,1,32,2.836037,2.836037,1462,10.5815
16040,32,9,2.670933,2.670933,1471,10.5588
16041,9,44,3.387661,3.387661,1448,10.6240
16042,44,35,5.594703,5.594703,1494,10.8566
16043,35,53,4.033219,4.033219,1470,10.6794
16044,53,17,2.258565,2.258565,1453,10.6633
16045,17,7,3.109001,3.109001,1462,10.6788
16046,7,31,3.298622,3.298622,1457,10.6333
16047,31,12,3.549171,3.549171,1468,10.6491
16048,12,35,2.696843,2.696843,1457,10.6391
16049,35,0,3.377443,3.377443,1458,10.5851
16050,0,25,2.520664,2.520664,1456,10.6089
16051,25,36,2.547065,2.547065,1460,10.6200
16052,36,29,2.983385,2.983385,1460,10.6970
16053,29,48,3.269710,3.269710,1479,10.6636
16054,48,51,2.854445,2.854445,1422,10.5323
16055,51,29,3.402364,3.402364,1451,10.5954
16056,29,48,3.032212,3.032212,1464,10.6064
16057,48,51,2.766791,2.766791,1449,10.6180
16058,51,16,2.056838,2.056838,1460,10.6052
16059,16,21,5.160745,5.160745,1448,10.5816
16060,21,47,3.931343,3.931343,1486,10.6134
16061,47,56,2.422995,2.422995,1468,10.6475
16062,56,34,2.867841,2.867841,1467,10.7155
16063,34,40,2.417463,2.417463,1448,10.6151
16064,40,25,5.612531,5.612531,1452,10.6946
16065,25,36,2.374143,2.374143,1461,10.6095
16066,36,34,3.828482,3.828482,1465,10.7719
16067,34,7,3.915221,3.915221,1479,10.5879
16068,7,31,3.183679,3.183679,1453,10.5916
16069,31,54,4.671098,4.671098,1462,10.6214
16070,54,0,4.030810,4.030810,939,7.9182
16071,0,21,3.082160,3.082160,1452,10.5829
16072,21,47,3.835643,3.835643,1443,10.5693
16073,47,51,3.087781,3.087781,1466,10.5929
16074,51,16,1.993047,1.993047,1459,10.6494
16075,16,23,3.290760,3.290760,1456,10.6309
16076,23,29,1.944607,1.944607,1470,10.6750
16077,29,11,2.179236,2.179236,1451,10.5981
16078,11,24,4.691622,4.691622,1458,10.5532
16079,24,54,3.185451,3.185451,1465,10.5902
16080,54,25,2.326627,2.326627,1476,10.6590
16081,25,29,2.731430,2.731430,1449,10.5446
16082,29,11,2.057667,2.057667,1464,10.6156
16083,11,45,3.110240,3.110240,1476,10.6102
16084,45,63,3.046303,3.046303,1450,10.6474
16085,63,18,2.502819,2.502819,1422,10.5579
16086,18,12,4.786296,4.786296,1449,10.6377
16087,12,35,2.640666,2.640666,1471,10.7182
16088,35,8,2.381629,2.381629,1463,10.6721
16089,8,52,4.841459,4.841459,1431,10.5153
16090,52,21,5.227153,5.227153,309,5.1126
16091,21,48,2.851858,2.851858,1458,10.6143
16092,48,51,2.754487,2.754487,1435,10.6102
16093,51,16,1.937601,1.937601,1447,10.6252
16094,16,53,3.671591,3.671591,1461,10.6092
16095,53,11,3.755096,3.755096,1460,10.7065
16096,11,42,2.710145,2.710145,1440,10.6361
16097,42,54,4.220393,4.220393,1449,10.6154
16098,54,25,2.257170,2.257170,1453,10.5672
16099,25,29,2.675933,2.675933,1460,10.5585
16100,29,23,2.447110,2.447110,1441,10.5552
16101,23,0,4.787061,4.787061,1447,10.5977
16102,0,21,3.089424,3.089424,1435,10.5397
16103,21,48,2.776736,2.776736,1462,10.5430
16104,48,6,3.936076,3.936076,1475,10.7173
16105,6,32,2.759495,2.759495,1450,10.6131
16106,32,9,2.551046,2.551046,1221,9.9642
16107,9,44,3.250481,3.250481,1461,10.6662
16108,44,35,5.570329,5.570329,1451,10.8660
16109,35,53,3.932686,3.932686,1450,10.5953
16110,53,11,3.661871,3.661871,1467,10.6589
16111,11,45,2.982026,2.982026,1462,10.6007
16112,45,30,2.736798,2.736798,1475,10.6056
16113,30,46,2.730761,2.730761,1463,10.6336
16114,46,47,2.942882,2.942882,1454,10.6008
16115,47,51,3.024733,3.024733,1463,10.5709
16116,51,29,3.416463,3.416463,1452,10.5919
16117,29,23,2.292412,2.292412,1477,10.6053
16118,23,18,4.104946,4.104946,1461,10.6091
16119,18,38,3.357774,3.357774,1476,10.6960
16120,38,50,3.109643,3.109643,1438,10.6052
16121,50,54,3.209421,3.209421,527,6.4913
16122,54,25,2.206682,2.206682,1460,10.5968
16123,25,2,3.623142,3.623142,1478,10.6469
16124,2,45,3.882758,3.882758,1436,10.6326
16125,45,30,2.616041,2.616041,1493,10.6075
16126,30,46,2.682528,2.682528,1441,10.5825
16127,46,47,2.864933,2.864933,1468,10.6482
16128,47,51,2.907918,2.907918,1468,10.6210
16129,51,29,3.315765,3.315765,1453,10.6110
16130,29,11,2.220937,2.220937,1456,10.6234
16131,11,45,2.937808,2.937808,1455,10.5698
16132,45,63,3.104201,3.104201,1423,10.5165
16133,63,18,2.481514,2.481514,1442,10.5403
16134,18,12,4.678678,4.678678,1442,10.5796
16135,12,35,2.703548,2.703548,1469,10.6631
16136,35,0,3.414271,3.414271,1453,10.5576
16137,0,21,2.977931,2.977931,1455,10.6418
16138,21,47,3.797145,3.797145,1452,10.5844
16139,47,56,2.458235,2.458235,1467,10.6947
16140,56,1,2.822026,2.822026,1447,10.5838
16141,1,32,2.684823,2.684823,1225,9.9668
16142,32,9,2.445782,2.445782,1328,10.1932
16143,9,3,2.777715,2.777715,1468,10.7404
16144,3,41,2.440946,2.440946,1454,10.6651
16145,41,36,5.575417,5.575417,743,5.8896
16146,36,34,3.505382,3.505382,1448,10.5887
16147,34,40,2.320006,2.320006,1455,10.6156
16148,40,25,5.563540,5.563540,1434,10.6488
16149,25,29,2.682774,2.682774,1466,10.6012
16150,29,23,2.249859,2.249859,1447,10.5931
16151,23,29,1.886742,1.886742,1444,10.6666
16152,29,23,2.075096,2.075096,1438,10.5631
16153,23,0,4.770547,4.770547,1448,10.5453
16154,0,21,2.900387,2.900387,1438,10.5596
16155,21,9,4.569305,4.569305,1452,10.5704
16156,9,44,3.180501,3.180501,1478,10.6193
16157,44,35,5.464900,5.464900,1443,10.5993
16158,35,0,3.352690,3.352690,1469,10.7017
16159,0,25,2.602270,2.602270,1467,10.6348
16160,25,36,2.638817,2.638817,1446,10.5744
16161,36,34,3.457320,3.457320,1451,10.5974
16162,34,40,2.229719,2.229719,1432,10.5979
16163,40,57,2.586794,2.586794,1435,10.5481
16164,57,32,4.530445,4.530445,1473,10.6982
16165,32,61,3.413018,3.413018,1482,10.6183
16166,61,2,5.637707,5.637707,1445,10.6257
16167,2,45,3.835626,3.835626,569,4.9870
16168,45,30,2.622704,2.622704,1467,10.6502
16169,30,46,2.640945,2.640945,1454,10.5641
16170,46,46,0.926758,0.926758,1462,10.5848
16171,46,1,4.815131,4.815131,1464,10.5977
16172,1,32,2.669501,2.669501,1454,10.6250
16173,32,27,3.857425,3.857425,1475,10.6095
16174,27,2,5.019884,5.019884,1417,10.5001
16175,2,45,3.736249,3.736249,1466,10.6937
16176,45,63,2.949125,2.949125,579,5.1908
16177,63,18,2.420722,2.420722,1381,10.5041
16178,18,12,4.498677,4.498677,1434,10.6997
16179,12,35,2.770877,2.770877,1437,10.5344
16180,35,0,3.195410,3.195410,1444,10.5908
16181,0,60,3.320015,3.320015,1463,10.6539
16182,60,36,3.093832,3.093832,1487,10.5919
16183,36,34,3.307090,3.307090,1458,10.6477
16184,34,35,3.734018,3.734018,1430,10.5887
16185,35,0,3.058793,3.058793,1456,10.5762
16186,0,21,2.808815,2.808815,1446,10.5303
16187,21,48,2.829889,2.829889,1469,10.7346
16188,48,25,3.969172,3.969172,1453,10.6319
16189,25,36,2.499788,2.499788,1462,10.7532
16190,36,21,3.023351,3.023351,1467,10.6372
16191,21,9,4.556915,4.556915,1473,10.6832
16192,9,44,3.077644,3.077644,1456,10.7375
16193,44,36,5.496792,5.496792,1450,10.6766
16194,36,34,3.196450,3.196450,1453,10.6342
16195,34,7,3.723479,3.723479,1461,10.6531
16196,7,31,3.092004,3.092004,1466,10.6439
16197,31,12,3.940330,3.940330,1437,10.6325
16198,12,20,3.165088,3.165088,1461,10.6820
16199,20,10,2.155903,2.155903,1383,10.4372
16200,10,2,4.654274,4.654274,1318,10.3575
16201,2,12,2.561186,2.561186,1452,10.5844
16202,12,43,4.654740,4.654740,1450,10.6094
16203,43,11,4.764991,4.764991,1438,10.6519
16204,11,24,4.429191,4.429191,1442,10.6479
16205,24,4,2.789940,2.789940,1246,9.9400
16206,4,19,4.041600,4.041600,1424,10.6153
16207,19,51,5.301009,5.301009,1455,10.5747
16208,51,29,3.202845,3.202845,1398,10.3199
16209,29,11,2.327745,2.327745,1459,10.5937
16210,11,42,2.825813,2.825813,1473,10.5751
16211,42,54,4.105820,4.105820,1491,10.6838
16212,54,25,2.368857,2.368857,1507,10.6165
16213,25,36,2.513552,2.513552,1476,10.6693
16214,36,29,3.218127,3.218127,1487,10.6705
16215,29,23,2.081396,2.081396,1467,10.6717
16216,23,29,1.844706,1.844706,1461,10.6495
16217,29,48,3.107698,3.107698,1445,10.5474
16218,48,25,3.863634,3.863634,1439,10.6409
16219,25,36,2.392858,2.392858,1472,10.7098
16220,36,29,3.101540,3.101540,1462,10.5911
16221,29,23,2.042438,2.042438,1444,10.5648
16222,23,29,1.760006,1.760006,1429,10.6066
16223,29,11,2.396551,2.396551,1432,10.6125
16224,11,45,3.141187,3.141187,1450,10.5576
16225,45,63,2.873699,2.873699,1455,10.5707
16226,63,47,4.294445,4.294445,1481,10.6392
16227,47,51,2.877864,2.877864,1448,10.6740
16228,51,16,2.031616,2.031616,1466,10.6555
16229,16,53,3.501009,3.501009,1449,10.6682
16230,53,11,3.612414,3.612414,1452,10.6304
16231,11,45,2.979910,2.979910,1450,10.5932
16232,45,30,2.769242,2.769242,1476,10.6500
16233,30,31,4.327653,4.327653,1472,10.5933
16234,31,12,3.810128,3.810128,1461,10.6805
16235,12,43,4.518845,4.518845,1474,10.6242
16236,43,51,4.162582,4.162582,1317,10.2242
16237,51,51,1.337962,1.337962,1461,10.6304
16238,51,16,1.965331,1.965331,1454,10.5980
16239,16,21,5.249449,5.249449,1454,10.6084
16240,21,9,4.312490,4.312490,1461,10.6125
16241,9,3,2.719516,2.719516,1444,10.7247
16242,3,39,3.370840,3.370840,1458,10.5707
16243,39,44,2.830177,2.830177,1455,10.7231
16244,44,35,5.368306,5.368306,1463,10.6166
16245,35,0,3.014549,3.014549,1386,10.4549
16246,0,21,2.711851,2.711851,1436,10.5606
16247,21,48,2.731501,2.731501,1465,10.5697
16248,48,25,3.767335,3.767335,1478,10.8441
16249,25,2,4.082277,4.082277,1477,10.5877
16250,2,45,3.728066,3.728066,1454,10.5894
16251,45,30,2.646238,2.646238,1453,10.5592
16252,30,31,4.251938,4.251938,1461,10.7962
16253,31,12,3.656739,3.656739,1407,10.4760
16254,12,35,2.769718,2.769718,1443,10.6282
16255,35,8,2.554101,2.554101,1463,10.5965
16256,8,56,3.543290,3.543290,1450,10.5789
16257,56,1,2.627265,2.627265,1471,10.5940
16258,1,47,2.617222,2.617222,1494,10.5595
16259,47,56,2.449009,2.449009,1466,10.5835
16260,56,34,3.223906,3.223906,1486,10.6810
16261,34,35,3.625822,3.625822,1455,10.5703
16262,35,0,2.914028,2.914028,1422,10.5828
16263,0,60,3.311749,3.311749,1477,10.6187
16264,60,38,3.015023,3.015023,1433,10.5575
16265,38,2,2.965361,2.965361,1472,10.6824
16266,2,45,3.585785,3.585785,1454,10.6574
16267,45,62,4.591812,4.591812,1457,10.5747
16268,62,60,3.909386,3.909386,1460,10.6186
16269,60,36,3.072180,3.072180,1459,10.5987
16270,36,21,3.051346,3.051346,1449,10.5855
16271,21,48,2.638365,2.638365,1461,10.5734
16272,48,25,3.641835,3.641835,1474,10.5640
16273,25,36,2.362999,2.362999,1471,10.6429
16274,36,29,3.097085,3.097085,1455,10.5801
16275,29,23,2.021830,2.021830,1474,10.6368
16276,23,0,4.910288,4.910288,1465,10.6244
16277,0,21,2.618002,2.618002,1441,10.5727
16278,21,48,2.564289,2.564289,1440,10.5407
16279,48,25,3.519508,3.519508,1462,10.5714
16280,25,2,4.109046,4.109046,1453,10.6483
16281,2,54,3.655163,3.655163,1461,10.6638
16282,54,25,2.480880,2.480880,1456,10.7207
16283,25,36,2.321002,2.321002,1473,10.6329
16284,36,34,3.495080,3.495080,1437,10.5151
16285,34,40,2.318680,2.318680,1446,10.6690
16286,40,57,2.473402,2.473402,1457,10.6376
16287,57,52,2.726567,2.726567,1404,10.5802
16288,52,21,5.439507,5.439507,280,3.3637
16289,21,9,4.302013,4.302013,1452,10.5812
16290,9,15,3.349384,3.349384,1396,10.4655
16291,15,49,2.430773,2.430773,1388,10.4832
16292,49,48,5.399975,5.399975,1312,10.0674
16293,48,51,3.093552,3.093552,1436,10.4933
16294,51,29,3.341412,3.341412,1464,10.6462
16295,29,23,1.916620,1.916620,1470,10.6465
16296,23,29,1.778791,1.778791,1435,10.5677
16297,29,11,2.480469,2.480469,1450,10.6651
16298,11,42,2.929390,2.929390,1443,10.7014
16299,42,45,2.672200,2.672200,1458,10.6272
16300,45,30,2.599087,2.599087,1475,10.6198
16301,30,27,6.397169,6.397169,1459,10.6255
16302,27,20,4.801226,4.801226,1247,9.9400
16303,20,10,2.069459,2.069459,428,4.9155
16304,10,2,4.669143,4.669143,894,7.8645
16305,2,54,3.578647,3.578647,1391,10.4343
16306,54,0,4.342070,4.342070,1462,10.6106
16307,0,21,2.663875,2.663875,1431,10.6299
16308,21,9,4.183268,4.183268,1454,10.5726
16309,9,15,3.288841,3.288841,1462,10.6933
16310,15,19,3.685477,3.685477,1469,10.7576
16311,19,24,2.802529,2.802529,1335,10.3612
16312,24,4,2.668167,2.668167,1453,10.5870
16313,4,6,6.446195,6.446195,1443,10.6688
16314,6,32,2.698466,2.698466,1418,10.6101
16315,32,9,2.806415,2.806415,1453,10.5985
16316,9,44,3.187601,3.187601,1479,10.6291
16317,44,35,5.138339,5.138339,1464,10.6450
16318,35,8,2.506043,2.506043,1213,9.7941
16319,8,56,3.443050,3.443050,1476,10.6490
16320,56,34,3.158290,3.158290,1462,10.7025
16321,34,7,3.704551,3.704551,1454,10.5946
16322,7,16,4.997746,4.997746,1441,10.5839
16323,16,23,3.261193,3.261193,1410,10.5969
16324,23,29,1.730237,1.730237,1404,10.4416
16325,29,23,1.817280,1.817280,1465,10.6371
16326,23,29,1.611212,1.611212,1317,10.2215
16327,29,48,3.180487,3.180487,1480,10.6833
16328,48,51,3.022887,3.022887,1443,10.6845
16329,51,16,2.040519,2.040519,1460,10.7254
16330,16,53,3.334576,3.334576,1466,10.6337
16331,53,17,2.397769,2.397769,1450,10.6153
16332,17,2,3.716981,3.716981,1412,10.5116
16333,2,45,3.589139,3.589139,1094,9.0140
16334,45,30,2.488063,2.488063,1468,10.6812
16335,30,46,2.822850,2.822850,1466,10.6917
16336,46,1,4.489121,4.489121,1456,10.6305
16337,1,32,2.620676,2.620676,1470,10.6975
16338,32,9,2.712330,2.712330,1458,10.6310
16339,9,15,3.197438,3.197438,1453,10.6480
16340,15,49,2.511244,2.511244,1464,10.5733
16341,49,43,4.202006,4.202006,1458,10.7463
16342,43,11,4.626371,4.626371,1156,9.7024
16343,11,42,2.847823,2.847823,1463,10.6987
16344,42,54,4.189507,4.189507,1457,10.6027
16345,54,0,4.208507,4.208507,1445,10.6406
16346,0,25,2.650377,2.650377,1442,10.5781
16347,25,29,2.463998,2.463998,1443,10.6177
16348,29,23,1.807637,1.807637,1466,10.5880
16349,23,18,4.426076,4.426076,1455,10.6409
16350,18,38,3.324128,3.324128,1492,10.6403
16351,38,2,2.970860,2.970860,1465,10.8703
16352,2,12,2.651885,2.651885,1454,10.6956
16353,12,35,2.856675,2.856675,1468,10.7027
16354,35,53,3.955022,3.955022,1468,10.6519
16355,53,17,2.315371,2.315371,1453,10.5936
16356,17,2,3.645294,3.645294,1464,10.6154
16357,2,45,3.467065,3.467065,1448,10.6146
16358,45,63,2.956468,2.956468,1460,10.5965
16359,63,18,2.431158,2.431158,1450,10.6109
16360,18,12,4.631627,4.631627,1483,10.5628
16361,12,35,2.810721,2.810721,1434,10.6639
16362,35,53,3.846083,3.846083,1475,10.6056
16363,53,17,2.244785,2.244785,1445,10.5891
16364,17,2,3.540206,3.540206,1461,10.9862
16365,2,45,3.346890,3.346890,1441,10.6132
16366,45,30,2.475725,2.475725,1442,10.5926
16367,30,31,4.319072,4.319072,1450,10.6801
16368,31,12,3.666826,3.666826,1420,10.5968
16369,12,35,2.658930,2.658930,1448,10.7166
16370,35,53,3.741694,3.741694,1455,10.6073
16371,53,17,2.183821,2.183821,1452,10.7198
16372,17,7,3.285173,3.285173,1462,10.6171
16373,7,16,4.839069,4.839069,1448,10.6858
16374,16,23,3.137587,3.137587,1419,10.6366
16375,23,29,1.601366,1.601366,1487,10.7101
16376,29,23,1.682747,1.682747,1081,8.6627
16377,23,29,1.500000,1.500000,1298,10.0856
16378,29,48,3.161306,3.161306,1244,9.8326
16379,48,51,2.948637,2.948637,1480,10.6365
16380,51,29,2.973419,2.973419,1465,10.6212
16381,29,23,1.635625,1.635625,1158,9.5552
16382,23,29,1.405656,1.405656,1435,10.6028
16383,29,11,2.815650,2.815650,1211,9.4408
16384,11,42,2.833139,2.833139,1451,10.6331
16385,42,54,4.082494,4.082494,1465,10.5459
16386,54,25,2.501434,2.501434,1455,10.7587
16387,25,36,2.370780,2.370780,1441,10.6127
16388,36,34,3.448884,3.448884,1440,10.5490
16389,34,7,3.570582,3.570582,1433,10.5995
16390,7,31,3.263780,3.263780,1456,10.8059
16391,31,12,3.589440,3.589440,1429,10.5334
16392,12,35,2.516502,2.516502,1471,10.5959
16393,35,8,2.599882,2.599882,1430,10.5247
16394,8,41,2.679006,2.679006,1436,10.5919
16395,41,36,5.735479,5.735479,1154,9.3797
16396,36,29,3.286489,3.286489,1462,10.6312
16397,29,23,1.660740,1.660740,1490,10.6952
16398,23,29,1.417688,1.417688,1477,10.6305
16399,29,23,1.553025,1.553025,1464,10.6607
16400,23,29,1.343399,1.343399,1467,10.6771
16401,29,23,1.459622,1.459622,1470,10.6539
16402,23,29,1.280465,1.280465,1470,10.6061
16403,29,11,2.860154,2.860154,1434,10.5520
16404,11,42,2.794046,2.794046,1454,10.5741
16405,42,54,3.991004,3.991004,1483,10.7967
16406,54,44,5.573786,5.573786,1425,10.5419
16407,44,35,5.238051,5.238051,1436,10.6111
16408,35,53,3.576324,3.576324,1481,10.7361
16409,53,11,3.784109,3.784109,1451,10.6273
16410,11,42,2.693005,2.693005,1453,10.6608
16411,42,45,2.991258,2.991258,1448,10.5429
16412,45,30,2.402645,2.402645,1455,10.6613
16413,30,27,6.301899,6.301899,1446,10.6332
16414,27,20,4.645409,4.645409,270,5.1494
16415,20,10,2.014817,2.014817,1004,9.2020
16416,10,11,7.605203,7.605203,1218,9.5780
16417,11,24,4.397589,4.397589,1461,10.5767
16418,24,4,2.631005,2.631005,1463,10.6686
16419,4,19,3.808471,3.808471,1423,10.6581
16420,19,38,5.753433,5.753433,1458,10.7379
16421,38,50,3.036654,3.036654,1455,10.6334
16422,50,53,4.871414,4.871414,1462,10.6702
16423,53,17,2.112565,2.112565,1473,10.8250
16424,17,2,3.475167,3.475167,1432,10.5739
16425,2,12,2.792497,2.792497,1439,10.5778
16426,12,43,4.550373,4.550373,1477,10.5858
16427,43,11,4.456923,4.456923,1466,10.6321
16428,11,45,3.271280,3.271280,1427,10.5968
16429,45,63,2.965512,2.965512,1439,10.7396
16430,63,6,5.054231,5.054231,1460,10.6208
16431,6,32,2.669739,2.669739,1231,9.7473
16432,32,27,3.903354,3.903354,1066,9.3611
16433,27,20,4.578704,4.578704,1424,10.5628
16434,20,3,3.647144,3.647144,1448,10.7677
16435,3,10,3.449437,3.449437,1415,10.4661
16436,10,2,4.532557,4.532557,1464,10.9451
16437,2,45,3.442086,3.442086,1466,10.6740
16438,45,30,2.392068,2.392068,1458,10.7016
16439,30,31,4.338614,4.338614,1452,10.6301
16440,31,54,4.709292,4.709292,1466,10.6058
16441,54,25,2.450929,2.450929,1337,10.2058
16442,25,36,2.459064,2.459064,1468,10.6401
16443,36,34,3.267354,3.267354,1443,10.5293
16444,34,40,2.364496,2.364496,1474,10.6117
16445,40,57,2.392815,2.392815,1460,10.7050
16446,57,52,2.623972,2.623972,1451,10.6550
16447,52,21,5.289139,5.289139,1432,10.6099
16448,21,48,2.654742,2.654742,1489,10.5753
16449,48,6,4.096443,4.096443,1455,10.6257
16450,6,56,2.421685,2.421685,1462,10.6447
16451,56,6,2.767283,2.767283,1468,10.5948
16452,6,32,2.647953,2.647953,1444,10.5971
16453,32,9,2.619570,2.619570,1454,10.5802
16454,9,15,3.065743,3.065743,1442,10.5629
16455,15,19,3.739699,3.739699,1458,10.5790
16456,19,51,5.405153,5.405153,1449,10.6522
16457,51,16,2.062092,2.062092,1445,10.6735
16458,16,23,3.074405,3.074405,1450,10.6177
16459,23,29,1.336560,1.336560,1414,10.5258
16460,29,23,1.477977,1.477977,1467,10.7380
16461,23,29,1.274028,1.274028,1473,10.6538
16462,29,23,1.393051,1.393051,1464,10.6309
16463,23,29,1.221304,1.221304,1421,10.5481
16464,29,23,1.320000,1.320000,1468,10.6141
16465,23,29,1.176624,1.176624,1469,10.5622
16466,29,11,3.175970,3.175970,1451,10.6139
16467,11,45,3.290815,3.290815,1468,10.6125
16468,45,62,4.487666,4.487666,1486,10.6447
16469,62,21,4.528928,4.528928,1426,10.5807
16470,21,47,3.931256,3.931256,1459,10.6609
16471,47,56,2.427296,2.427296,1430,10.6539
16472,56,34,3.232801,3.232801,1459,10.5772
16473,34,40,2.298705,2.298705,1457,10.6297
16474,40,25,5.505326,5.505326,1463,10.6394
16475,25,2,4.211158,4.211158,1470,10.6160
16476,2,45,3.298352,3.298352,1446,10.7573
16477,45,63,2.914410,2.914410,1465,10.6717
16478,63,18,2.436791,2.436791,1469,10.5939
16479,18,18,0.973407,0.973407,1424,10.5742
16480,18,38,3.340062,3.340062,1474,10.5945
16481,38,50,2.952233,2.952233,1452,10.6679
16482,50,54,3.247599,3.247599,1457,10.6192
16483,54,25,2.478961,2.478961,1449,10.7168
16484,25,2,4.087489,4.087489,1494,10.6152
16485,2,12,2.640456,2.640456,1474,10.6603
16486,12,35,2.564179,2.564179,1436,10.5413
16487,35,0,3.182278,3.182278,1459,10.6368
16488,0,25,2.796556,2.796556,1446,10.6575
16489,25,36,2.375669,2.375669,1442,10.5958
16490,36,34,3.269158,3.269158,1437,10.5647
16491,34,35,3.635278,3.635278,1451,10.6937
16492,35,8,2.585865,2.585865,1444,10.5632
16493,8,41,2.638095,2.638095,1437,10.5259
16494,41,6,3.042050,3.042050,1460,10.7215
16495,6,32,2.556357,2.556357,1467,10.5840
16496,32,61,3.635391,3.635391,1452,10.6585
16497,61,34,5.316937,5.316937,859,8.5582
16498,34,40,2.170747,2.170747,1465,10.5525
16499,40,57,2.457293,2.457293,1457,10.6128
16500,57,52,2.538249,2.538249,1461,10.6906
16501,52,22,4.298030,4.298030,1446,10.6543
16502,22,47,2.759665,2.759665,698,6.0841
16503,47,56,2.317354,2.317354,1444,10.6511
16504,56,34,3.241100,3.241100,1464,10.5827
16505,34,40,2.122038,2.122038,1467,10.6360
16506,40,57,2.435343,2.435343,1464,10.6361
16507,57,52,2.479625,2.479625,1448,10.5881
16508,52,21,5.223137,5.223137,1458,10.5705
16509,21,9,4.123905,4.123905,1441,10.6285
16510,9,15,2.963289,2.963289,1443,10.6877
16511,15,49,2.562744,2.562744,1387,10.4775
16512,49,50,4.594185,4.594185,1460,10.6162
16513,50,53,4.732437,4.732437,472,4.8258
16514,53,17,2.024052,2.024052,1313,10.3131
16515,17,7,3.235523,3.235523,1464,10.7853
16516,7,31,3.248057,3.248057,1454,10.6437
16517,31,12,3.580036,3.580036,1438,10.6321
16518,12,35,2.472188,2.472188,1293,9.9307
16519,35,53,3.664177,3.664177,1466,10.6490
16520,53,17,1.990104,1.990104,1477,10.6145
16521,17,1,4.916504,4.916504,1435,10.5718
16522,1,19,4.890751,4.890751,1452,10.5938
16523,19,24,2.750250,2.750250,1451,10.5892
16524,24,4,2.537681,2.537681,1098,9.4900
16525,4,19,3.707491,3.707491,1109,9.3441
16526,19,51,5.194630,5.194630,1458,10.5718
16527,51,29,2.843711,2.843711,1426,10.5840
16528,29,23,1.320230,1.320230,1280,10.1205
16529,23,29,1.165957,1.165957,1458,10.7237
16530,29,11,2.966680,2.966680,1300,9.9607
16531,11,42,2.768557,2.768557,1461,10.8396
16532,42,54,3.992119,3.992119,1457,10.6206
16533,54,25,2.402114,2.402114,1434,10.5610
16534,25,36,2.297915,2.297915,1473,10.7062
16535,36,21,3.223391,3.223391,1440,10.5864
16536,21,48,2.632746,2.632746,1453,10.6096
16537,48,25,3.622410,3.622410,1440,10.5716
16538,25,36,2.189476,2.189476,1464,10.5932
16539,36,29,3.501676,3.501676,1445,10.5567
16540,29,23,1.384018,1.384018,1486,10.6402
16541,23,29,1.208938,1.208938,1481,10.5724
16542,29,11,2.790781,2.790781,1454,10.6427
16543,11,45,3.427946,3.427946,1466,10.6621
16544,45,63,2.849855,2.849855,1455,10.6261
16545,63,47,4.402695,4.402695,1444,10.5833
16546,47,22,3.120735,3.120735,1463,10.8374
16547,22,35,4.810286,4.810286,935,7.4469
16548,35,8,2.508997,2.508997,1429,10.6311
16549,8,56,3.462480,3.462480,1457,10.6412
16550,56,1,2.690675,2.690675,1460,10.6187
16551,1,32,2.574871,2.574871,1458,10.5981
16552,32,9,2.654425,2.654425,1465,10.6465
16553,9,15,2.841623,2.841623,1446,10.6330
16554,15,19,3.851218,3.851218,1458,10.6486
16555,19,24,2.654011,2.654011,1477,10.7239
16556,24,4,2.454926,2.454926,1456,10.6746
16557,4,19,3.574865,3.574865,1468,10.6169
16558,19,51,5.109595,5.109595,1446,10.6275
16559,51,16,1.963278,1.963278,1453,10.6963
16560,16,53,3.636911,3.636911,1457,10.6427
16561,53,11,3.743473,3.743473,1483,10.7699
16562,11,24,4.424323,4.424323,1457,10.6205
16563,24,4,2.450906,2.450906,1467,10.6193
16564,4,23,4.465710,4.465710,1390,10.5853
16565,23,29,1.201784,1.201784,1450,10.6299
16566,29,11,2.613909,2.613909,1465,10.6633
16567,11,45,3.318263,3.318263,1423,10.5785
16568,45,30,2.637911,2.637911,1447,10.6540
16569,30,31,4.205363,4.205363,1474,10.6669
16570,31,12,3.444923,3.444923,1468,10.7107
16571,12,20,3.554465,3.554465,1430,10.6487
16572,20,10,2.035134,2.035134,1456,10.7004
16573,10,2,4.501300,4.501300,1235,10.0441
16574,2,45,3.334306,3.334306,1454,10.6926
16575,45,63,2.790759,2.790759,1464,10.6344
16576,63,18,2.379351,2.379351,1465,10.5803
16577,18,38,3.185624,3.185624,1442,10.6438
16578,38,54,3.761626,3.761626,1458,10.6211
16579,54,25,2.422295,2.422295,1469,10.6724
16580,25,29,2.569947,2.569947,1457,10.5894
16581,29,23,1.563047,1.563047,1441,10.6732
16582,23,29,1.194307,1.194307,1485,10.7031
16583,29,11,2.512937,2.512937,1462,10.6000
16584,11,42,2.872351,2.872351,1469,10.5502
16585,42,54,3.906560,3.906560,1452,10.7119
16586,54,25,2.340035,2.340035,1455,10.5762
16587,25,36,2.199926,2.199926,1461,10.5849
16588,36,34,3.550090,3.550090,1448,10.6593
16589,34,7,3.611760,3.611760,1457,10.6867
16590,7,31,3.185397,3.185397,1367,10.3183
16591,31,54,4.830559,4.830559,1397,10.5502
16592,54,25,2.217388,2.217388,1466,10.7047
16593,25,29,2.557981,2.557981,1460,10.6784
16594,29,23,1.578246,1.578246,1443,10.6532
16595,23,29,1.206766,1.206766,1458,10.5750
16596,29,23,1.472688,1.472688,1447,10.6860
16597,23,29,1.162344,1.162344,1483,10.5554
16598,29,23,1.381828,1.381828,1460,10.5960
16599,23,29,1.126118,1.126118,1467,10.6147
16600,29,23,1.304334,1.304334,1445,10.5056
16601,23,29,1.096075,1.096075,1443,10.6823
16602,29,23,1.238693,1.238693,1451,10.5836
16603,23,29,1.070616,1.070616,1445,10.5720
16604,29,23,1.183344,1.183344,1449,10.5480
16605,23,29,1.048566,1.048566,1473,10.7042
16606,29,23,1.136788,1.136788,1434,10.5229
16607,23,18,5.351785,5.351785,1448,10.5216
16608,18,18,0.904885,0.904885,1435,10.5792
16609,18,38,3.124526,3.124526,1456,10.6538
16610,38,50,3.025136,3.025136,1488,10.6363
16611,50,53,4.684381,4.684381,1458,10.6856
16612,53,11,3.642595,3.642595,1463,10.8674
16613,11,42,2.840091,2.840091,1462,10.8197
16614,42,45,2.943534,2.943534,1469,10.7838
16615,45,63,2.719962,2.719962,1422,10.5643
16616,63,6,5.174138,5.174138,1437,10.6471
16617,6,32,2.555610,2.555610,1326,10.4108
16618,32,9,2.511622,2.511622,1261,10.1887
16619,9,15,2.729339,2.729339,1193,9.3434
16620,15,19,3.852012,3.852012,1486,10.7556
16621,19,24,2.613290,2.613290,1297,10.2666
16622,24,0,5.102253,5.102253,1470,10.5876
16623,0,25,2.815415,2.815415,1244,9.5769
16624,25,36,2.149828,2.149828,1461,10.6519
16625,36,21,3.234635,3.234635,1431,10.6101
16626,21,48,2.614888,2.614888,1442,10.5489
16627,48,51,3.343970,3.343970,1473,10.6599
16628,51,16,1.951215,1.951215,1488,10.6198
16629,16,23,3.031143,3.031143,1463,10.7351
16630,23,29,1.136953,1.136953,1469,10.6395
16631,29,11,2.963186,2.963186,1473,10.5858
16632,11,42,2.746745,2.746745,1464,10.5805
16633,42,54,3.933766,3.933766,1450,10.5896
16634,54,25,2.224232,2.224232,1435,10.5461
16635,25,36,2.078490,2.078490,1452,10.6499
16636,36,29,3.471887,3.471887,1423,10.5709
16637,29,11,2.682870,2.682870,1440,10.5640
16638,11,42,2.635152,2.635152,1458,10.6437
16639,42,54,3.831240,3.831240,1482,10.5702
16640,54,0,4.360942,4.360942,1412,10.5241
16641,0,25,2.693337,2.693337,1470,10.5887
16642,25,2,4.279051,4.279051,1450,10.5662
16643,2,45,3.270103,3.270103,1406,10.5285
16644,45,30,2.716051,2.716051,1487,10.6065
16645,30,31,4.094131,4.094131,1453,10.5518
16646,31,12,3.371870,3.371870,1481,10.6322
16647,12,35,2.454209,2.454209,1454,10.6413
16648,35,0,3.308049,3.308049,1479,10.6079
16649,0,25,2.648971,2.648971,1436,10.5148
16650,25,36,2.032917,2.032917,1428,10.5487
16651,36,29,3.365743,3.365743,1478,10.6535
16652,29,11,2.460252,2.460252,1466,10.6358
16653,11,42,2.526684,2.526684,1465,10.5827
16654,42,54,3.729540,3.729540,1433,10.6024
16655,54,25,2.249992,2.249992,1444,10.5588
16656,25,36,1.969658,1.969658,1447,10.6545
16657,36,29,3.252873,3.252873,1475,10.5794
16658,29,23,1.529786,1.529786,1444,10.5320
16659,23,29,1.293327,1.293327,1435,10.5845
16660,29,23,1.434954,1.434954,1426,10.5476
16661,23,18,4.740355,4.740355,1420,10.5556
16662,18,18,0.846669,0.846669,1447,10.6276
16663,18,18,0.723102,0.723102,1456,10.5701
16664,18,38,3.143204,3.143204,1413,10.4807
16665,38,2,3.416321,3.416321,1472,10.7592
16666,2,12,2.755705,2.755705,1441,10.5792
16667,12,35,2.366510,2.366510,1454,10.5807
16668,35,8,2.503092,2.503092,1465,10.6140
16669,8,56,3.356046,3.356046,1430,10.5902
16670,56,6,2.857707,2.857707,1457,10.6339
16671,6,56,2.367797,2.367797,1400,10.5207
16672,56,34,3.196829,3.196829,1467,10.6141
16673,34,40,2.147773,2.147773,1458,10.6759
16674,40,57,2.351900,2.351900,1470,10.6594
16675,57,59,4.981485,4.981485,1430,10.5510
16676,59,10,4.202081,4.202081,754,7.8511
16677,10,2,4.442218,4.442218,1102,8.6992
16678,2,54,4.237612,4.237612,1464,10.7396
16679,54,25,2.166426,2.166426,1144,9.2281
16680,25,2,4.311819,4.311819,1459,10.6378
16681,2,45,3.160758,3.160758,1441,10.6434
16682,45,30,2.646238,2.646238,1434,10.5363
16683,30,46,3.222722,3.222722,1432,10.6976
16684,46,47,2.986805,2.986805,1458,10.5882
16685,47,56,2.364916,2.364916,1462,10.5824
16686,56,1,2.686215,2.686215,1460,10.6352
16687,1,47,2.633434,2.633434,1490,10.6871
16688,47,56,2.234196,2.234196,1442,10.5675
16689,56,1,2.536384,2.536384,1450,10.5662
16690,1,19,5.174271,5.174271,1450,10.6091
16691,19,51,4.930569,4.930569,1187,9.4524
16692,51,16,1.875509,1.875509,1442,10.6199
16693,16,21,5.345167,5.345167,1465,10.6753
16694,21,48,2.503546,2.503546,1477,10.6558
16695,48,25,3.739104,3.739104,1466,10.6249
16696,25,36,1.957056,1.957056,1460,10.6793
16697,36,29,3.134390,3.134390,1476,10.5695
16698,29,23,1.405089,1.405089,1464,10.6186
16699,23,0,5.289216,5.289216,1490,10.6605
16700,0,21,3.131244,3.131244,1482,10.5691
16701,21,48,2.431982,2.431982,1446,10.5492
16702,48,25,3.633601,3.633601,1448,10.5645
16703,25,2,4.268968,4.268968,1471,10.5779
16704,2,12,2.628623,2.628623,1470,10.7734
16705,12,20,3.468354,3.468354,1483,10.6399
16706,20,10,2.096359,2.096359,1446,10.6088
16707,10,2,4.469297,4.469297,1460,10.7094
16708,2,45,3.063673,3.063673,1462,10.6597
16709,45,30,2.559393,2.559393,1443,10.5732
16710,30,46,3.172033,3.172033,1456,10.6194
16711,46,46,1.009637,1.009637,1456,10.8710
16712,46,47,2.966925,2.966925,1436,10.6152
16713,47,56,2.183620,2.183620,1466,10.7385
16714,56,6,2.901770,2.901770,1465,10.6162
16715,6,32,2.495304,2.495304,1465,10.6441
16716,32,9,2.435235,2.435235,1435,10.5717
16717,9,44,3.411046,3.411046,1450,10.5995
16718,44,36,5.593995,5.593995,1466,10.6306
16719,36,34,3.732230,3.732230,1455,10.6371
16720,34,40,2.095662,2.095662,1440,10.6694
16721,40,25,5.557218,5.557218,1477,10.6688
16722,25,29,2.342783,2.342783,1391,10.5500
16723,29,48,3.684394,3.684394,1446,10.6522
16724,48,51,3.447734,3.447734,1468,10.6303
16725,51,16,1.839498,1.839498,1463,10.6589
16726,16,21,5.195383,5.195383,1464,10.7284
16727,21,47,3.945144,3.945144,1442,10.6578
16728,47,51,3.526716,3.526716,1454,10.6441
16729,51,51,1.732711,1.732711,1458,10.6222
16730,51,16,1.789061,1.789061,1448,10.5835
16731,16,23,3.116137,3.116137,1462,10.5704
16732,23,29,1.426236,1.426236,1484,10.5800
16733,29,48,3.535581,3.535581,1457,10.5833
16734,48,25,3.416459,3.416459,1440,10.6630
16735,25,2,4.293279,4.293279,1443,10.6295
16736,2,12,2.508484,2.508484,1370,10.5205
16737,12,35,2.349276,2.349276,1455,10.6565
16738,35,8,2.453671,2.453671,1450,10.7669
16739,8,41,2.749545,2.749545,1415,10.4167
16740,41,30,5.530042,5.530042,1452,10.6005
16741,30,46,2.954038,2.954038,1471,10.7549
16742,46,46,0.880248,0.880248,1465,10.6322
16743,46,46,0.751696,0.751696,1472,10.5993
16744,46,47,3.044052,3.044052,1445,10.5938
16745,47,51,3.358861,3.358861,1458,10.7019
16746,51,16,1.762023,1.762023,1464,10.7093
16747,16,23,3.014351,3.014351,1483,10.6872
16748,23,29,1.400281,1.400281,1451,10.6229
16749,29,23,1.515174,1.515174,1437,10.5894
16750,23,18,4.465240,4.465240,1467,10.6145
16751,18,38,2.961832,2.961832,1449,10.6070
16752,38,2,3.405494,3.405494,1460,10.7634
16753,2,12,2.434457,2.434457,1467,10.7396
16754,12,35,2.274742,2.274742,1436,10.5770
16755,35,53,3.764740,3.764740,1445,10.5785
16756,53,17,2.003809,2.003809,1444,10.6329
16757,17,7,3.172280,3.172280,1475,10.6037
16758,7,22,4.590288,4.590288,1455,10.6330
16759,22,35,4.725223,4.725223,1490,10.7481
16760,35,0,3.327118,3.327118,1457,10.6401
16761,0,25,2.655144,2.655144,1464,10.6736
16762,25,36,2.071220,2.071220,563,5.0463
16763,36,29,2.944229,2.944229,1478,10.6810
16764,29,48,3.334851,3.334851,1454,10.6270
16765,48,6,4.211519,4.211519,1434,10.5641
16766,6,56,2.361552,2.361552,1480,10.7050
16767,56,34,3.273976,3.273976,1436,10.6380
16768,34,35,3.715993,3.715993,1474,10.6172
16769,35,8,2.389287,2.389287,1449,10.6015
16770,8,41,2.679764,2.679764,1434,10.5997
16771,41,30,5.393982,5.393982,1474,10.5759
16772,30,31,3.956342,3.956342,1462,10.6587
16773,31,54,4.629281,4.629281,1428,10.5561
16774,54,25,2.338195,2.338195,1391,10.5030
16775,25,36,2.000236,2.000236,1450,10.5593
16776,36,29,2.831318,2.831318,1447,10.5282
16777,29,23,1.610109,1.610109,1477,10.5633
16778,23,29,1.462524,1.462524,1414,10.5646
16779,29,48,3.201669,3.201669,1456,10.5950
16780,48,6,4.188439,4.188439,1471,10.6071
16781,6,56,2.291800,2.291800,1465,10.7104
16782,56,6,2.648990,2.648990,1448,10.6429
16783,6,56,2.109880,2.109880,1431,10.5197
16784,56,1,2.659863,2.659863,1447,10.5758
16785,1,47,2.645100,2.645100,1438,10.5427
16786,47,22,3.427077,3.427077,1450,10.6988
16787,22,47,2.782600,2.782600,1445,10.5807
16788,47,56,2.241166,2.241166,1449,10.5589
16789,56,1,2.522205,2.522205,1458,10.5861
16790,1,47,2.499369,2.499369,1456,10.6133
16791,47,51,3.330022,3.330022,1443,10.5138
16792,51,51,1.570617,1.570617,1445,10.6084
16793,51,29,3.463231,3.463231,1497,10.5663
16794,29,23,1.544032,1.544032,1463,10.5848
16795,23,29,1.364483,1.364483,1473,10.5640
16796,29,11,2.853777,2.853777,1466,10.5665
16797,11,45,3.730309,3.730309,1429,10.5128
16798,45,30,2.679499,2.679499,1355,10.4929
16799,30,46,2.848088,2.848088,1456,10.7303
16800,46,46,0.716060,0.716060,1446,10.6272
16801,46,46,0.610754,0.610754,1464,10.5857
16802,46,1,4.785611,4.785611,1451,10.5237
16803,1,32,2.647268,2.647268,1465,10.9229
16804,32,27,3.917029,3.917029,1419,10.3987
16805,27,20,4.531500,4.531500,1083,8.7914
16806,20,10,2.056178,2.056178,586,5.4922
16807,10,2,4.395335,4.395335,750,7.4749
16808,2,12,2.358252,2.358252,1363,10.1857
16809,12,20,3.423723,3.423723,1445,10.6057
16810,20,10,2.048675,2.048675,1458,10.6088
16811,10,2,4.194896,4.194896,1373,10.3215
16812,2,45,3.138349,3.138349,1468,10.5954
16813,45,62,4.360473,4.360473,1427,10.6175
16814,62,21,4.497520,4.497520,1440,10.6211
16815,21,9,4.295081,4.295081,1442,10.5460
16816,9,15,2.638227,2.638227,1436,10.7001
16817,15,19,3.719803,3.719803,1453,10.6269
16818,19,51,5.052536,5.052536,1394,10.5841
16819,51,16,1.774041,1.774041,1468,10.6748
16820,16,21,5.065895,5.065895,1460,10.7136
16821,21,9,4.135477,4.135477,1459,10.6047
16822,9,15,2.571826,2.571826,1475,10.7056
16823,15,49,2.863508,2.863508,1175,9.9596
16824,49,50,4.431955,4.431955,1411,10.6233
16825,50,53,4.486106,4.486106,1385,10.3864
16826,53,17,1.939855,1.939855,1461,10.6816
16827,17,7,3.048619,3.048619,1466,10.6653
16828,7,16,4.770690,4.770690,1454,10.6571
16829,16,21,4.751753,4.751753,1454,10.6658
16830,21,9,3.987059,3.987059,1464,10.7932
16831,9,15,2.518313,2.518313,1452,10.6014
16832,15,39,3.560657,3.560657,1446,10.5984
16833,39,15,2.796624,2.796624,1462,10.6174
16834,15,19,3.716564,3.716564,1442,10.5836
16835,19,38,5.949939,5.949939,1465,10.6279
16836,38,2,3.375540,3.375540,744,6.9341
16837,2,54,4.129114,4.129114,1106,9.3844
16838,54,44,5.181253,5.181253,1436,10.7111
16839,44,27,3.331963,3.331963,1428,10.5230
16840,27,20,4.544068,4.544068,1370,10.3663
16841,20,3,3.659889,3.659889,1464,10.6572
16842,3,41,2.618699,2.618699,1472,10.5997
16843,41,6,3.107573,3.107573,1433,10.5746
16844,6,22,5.197940,5.197940,1453,10.6158
16845,22,35,4.532159,4.532159,1460,10.6385
16846,35,8,2.291512,2.291512,1459,10.6921
16847,8,41,2.650982,2.650982,1455,10.6206
16848,41,30,5.287997,5.287997,1471,10.5944
16849,30,46,2.653132,2.653132,1457,10.7046
16850,46,47,3.208558,3.208558,1437,10.7359
16851,47,51,3.239614,3.239614,1489,10.5796
16852,51,16,1.820398,1.820398,1446,10.6988
16853,16,53,3.935109,3.935109,1477,10.6007
16854,53,17,1.917689,1.917689,1451,10.5885
16855,17,7,2.933751,2.933751,1456,10.7575
16856,7,31,3.345947,3.345947,1451,10.5727
16857,31,54,4.549835,4.549835,1452,10.7500
16858,54,0,4.204031,4.204031,1262,10.3615
16859,0,25,2.603879,2.603879,1447,10.6146
16860,25,29,2.201874,2.201874,1421,10.6585
16861,29,11,2.653382,2.653382,1427,10.5468
16862,11,45,3.715138,3.715138,1466,10.6102
16863,45,30,2.725458,2.725458,1442,10.6147
16864,30,46,2.648275,2.648275,1458,10.5815
16865,46,46,0.596238,0.596238,1459,10.6835
16866,46,46,0.510139,0.510139,1478,10.7483
16867,46,46,0.438868,0.438868,1502,10.6264
16868,46,47,3.335466,3.335466,1469,10.6078
16869,47,22,3.439399,3.439399,1452,10.6903
16870,22,35,4.384197,4.384197,1417,10.5434
16871,35,53,3.659962,3.659962,1472,10.6922
16872,53,11,3.761793,3.761793,1446,10.6071
16873,11,42,2.669691,2.669691,1452,10.6685
16874,42,54,3.802466,3.802466,1469,10.6021
16875,54,44,5.006663,5.006663,1453,10.6142
16876,44,35,5.368382,5.368382,1394,10.4733
16877,35,8,2.217776,2.217776,1463,10.7229
16878,8,56,3.411446,3.411446,1461,10.5901
16879,56,34,3.217507,3.217507,1473,10.6204
16880,34,40,2.141976,2.141976,1447,10.6378
16881,40,57,2.317762,2.317762,1457,10.5414
16882,57,32,4.550262,4.550262,1429,10.6970
16883,32,9,2.692037,2.692037,1456,10.5879
16884,9,3,3.199437,3.199437,1450,10.7103
16885,3,39,3.247968,3.247968,1460,10.5688
16886,39,59,3.416314,3.416314,1386,10.4820
16887,59,26,2.632925,2.632925,1357,10.1968
16888,26,52,3.778843,3.778843,1449,10.5841
16889,52,21,5.274318,5.274318,1269,10.2303
16890,21,48,2.291669,2.291669,1473,10.7553
16891,48,6,3.982735,3.982735,1420,10.7332
16892,6,32,2.873645,2.873645,1468,10.7142
16893,32,9,2.540325,2.540325,1479,10.6061
16894,9,44,3.705969,3.705969,1476,10.6261
16895,44,35,5.204552,5.204552,1466,10.6031
16896,35,0,3.311841,3.311841,1458,10.6059
16897,0,25,2.570970,2.570970,1301,10.0617
16898,25,36,2.041561,2.041561,1438,10.5864
16899,36,34,3.886937,3.886937,1465,10.6428
16900,34,40,2.093182,2.093182,1447,10.7031
16901,40,25,5.269556,5.269556,1468,10.6984
16902,25,29,2.208866,2.208866,1475,10.8178
16903,29,23,1.704185,1.704185,1448,10.6684
16904,23,18,4.155049,4.155049,1455,10.6945
16905,18,12,5.280445,5.280445,1470,10.8079
16906,12,43,4.454154,4.454154,1441,10.6321
16907,43,51,4.118135,4.118135,1370,10.3576
16908,51,29,3.464939,3.464939,1486,10.7550
16909,29,23,1.573667,1.573667,1469,10.5751
16910,23,29,1.414281,1.414281,1464,10.6511
16911,29,48,3.119335,3.119335,1453,10.6384
16912,48,51,3.611384,3.611384,1458,10.5423
16913,51,51,1.471769,1.471769,1477,10.6734
16914,51,51,1.292526,1.292526,1437,10.6161
16915,51,29,3.312227,3.312227,1449,10.6425
16916,29,23,1.535202,1.535202,1441,10.5674
16917,23,29,1.329046,1.329046,1457,10.6696
16918,29,11,2.717872,2.717872,1460,10.5908
16919,11,42,2.627186,2.627186,1468,10.5779
16920,42,54,3.690920,3.690920,1463,10.5931
16921,54,25,2.449598,2.449598,1465,10.6077
16922,25,36,1.972160,1.972160,1468,10.5962
16923,36,29,2.903766,2.903766,1468,10.5531
16924,29,23,1.587802,1.587802,1447,10.5699
16925,23,29,1.329416,1.329416,1459,10.6688
16926,29,11,2.620422,2.620422,1452,10.5782
16927,11,42,2.557074,2.557074,1490,10.5536
16928,42,54,3.591664,3.591664,1456,10.6192
16929,54,25,2.401139,2.401139,1454,10.5550
16930,25,36,1.912448,1.912448,1458,10.5789
16931,36,29,2.823527,2.823527,1481,10.7031
16932,29,23,1.635913,1.635913,1452,10.5973
16933,23,18,4.158662,4.158662,1422,10.5395
16934,18,12,5.088571,5.088571,1468,10.6141
16935,12,35,2.865646,2.865646,1450,10.6067
16936,35,53,3.421209,3.421209,1223,9.6970
16937,53,11,3.725305,3.725305,1454,10.5912
16938,11,45,3.659697,3.659697,1464,10.6186
16939,45,30,2.705002,2.705002,1466,10.6072
16940,30,46,2.539741,2.539741,1456,10.6219
16941,46,46,0.453918,0.453918,1430,10.5315
16942,46,47,3.199470,3.199470,1440,10.5510
16943,47,51,3.149816,3.149816,1448,10.5907
16944,51,51,1.100029,1.100029,1472,10.6591
16945,51,16,1.995657,1.995657,1442,10.6219
16946,16,53,3.828772,3.828772,1459,10.5415
16947,53,11,3.542229,3.542229,1461,10.6220
16948,11,42,2.505372,2.505372,1453,10.6491
16949,42,54,3.464182,3.464182,1482,10.6936
16950,54,0,4.334168,4.334168,1455,10.5790
16951,0,21,3.476178,3.476178,1494,10.5859
16952,21,48,2.315012,2.315012,1445,10.6041
16953,48,51,3.322391,3.322391,1456,10.5287
16954,51,29,3.371471,3.371471,1433,10.5232
16955,29,11,2.581309,2.581309,1468,10.5619
16956,11,42,2.421298,2.421298,1424,10.5055
16957,42,0,4.684974,4.684974,1471,10.5568
16958,0,60,3.753902,3.753902,1475,10.5620
16959,60,36,3.221889,3.221889,1482,10.6415
16960,36,29,2.847156,2.847156,1452,10.6143
16961,29,11,2.443798,2.443798,1462,10.5618
16962,11,45,3.656599,3.656599,1434,10.5267
16963,45,62,4.309405,4.309405,1442,10.5371
16964,62,21,4.433266,4.433266,1431,10.5538
16965,21,9,4.032713,4.032713,1458,10.5711
16966,9,3,3.090288,3.090288,1361,10.3650
16967,3,39,3.164767,3.164767,1049,8.2149
16968,39,44,3.035484,3.035484,929,8.9306
16969,44,36,5.315575,5.315575,1355,10.4647
16970,36,34,3.708316,3.708316,1478,10.5986
16971,34,35,3.603046,3.603046,1448,10.6164
16972,35,53,3.376110,3.376110,1460,10.6606
16973,53,17,2.017873,2.017873,1435,10.8571
16974,17,2,3.999616,3.999616,1459,10.6222
16975,2,45,3.192859,3.192859,1477,10.6589
16976,45,30,2.687924,2.687924,1447,10.6061
16977,30,31,4.162353,4.162353,1470,10.5892
16978,31,30,3.617310,3.617310,1460,10.6922
16979,30,46,2.490547,2.490547,1449,10.5740
16980,46,47,2.977265,2.977265,1477,10.6160
16981,47,56,2.526149,2.526149,1440,10.7408
16982,56,34,3.269528,3.269528,1426,10.6011
16983,34,40,2.084975,2.084975,1460,10.5537
16984,40,57,2.360290,2.360290,1470,10.6378
16985,57,32,4.331982,4.331982,1467,10.7027
16986,32,61,3.530344,3.530344,1481,10.6566
16987,61,34,5.253813,5.253813,1451,10.7294
16988,34,35,3.464338,3.464338,1373,10.3076
16989,35,8,2.255057,2.255057,1450,10.5899
16990,8,41,2.634341,2.634341,1468,10.7673
16991,41,36,6.013438,6.013438,1450,10.7067
16992,36,29,2.793975,2.793975,1468,10.5809
16993,29,23,1.805909,1.805909,1342,10.2450
16994,23,18,3.833912,3.833912,1452,10.7366
16995,18,12,4.899304,4.899304,1033,9.0481
16996,12,35,2.891028,2.891028,1428,10.4798
16997,35,0,3.406238,3.406238,1440,10.5745
16998,0,25,2.681889,2.681889,1495,10.6035
16999,25,36,2.154218,2.154218,1487,10.6182
17000,36,21,3.770932,3.770932,1424,10.5089
17001,21,9,4.006295,4.006295,1444,10.5919
17002,9,3,2.967970,2.967970,1450,10.6058
17003,3,10,3.460178,3.460178,1434,10.6126
17004,10,2,4.029254,4.029254,1000,8.6388
17005,2,45,3.162886,3.162886,1436,10.6072
17006,45,30,2.626442,2.626442,1450,10.5789
17007,30,31,3.956458,3.956458,1452,10.5459
17008,31,12,3.852289,3.852289,1460,10.5971
17009,12,35,2.745633,2.745633,1445,10.6392
17010,35,0,3.252287,3.252287,1476,10.6466
17011,0,21,3.326074,3.326074,1439,10.6057
17012,21,48,2.329583,2.329583,1475,10.5456
17013,48,25,3.541157,3.541157,1461,10.5759
17014,25,36,2.091230,2.091230,1453,10.5824
17015,36,29,2.732020,2.732020,1455,10.5649
17016,29,11,2.396627,2.396627,1415,10.7313
17017,11,45,3.697315,3.697315,1446,10.6366
17018,45,63,3.292892,3.292892,1422,10.5540
17019,63,47,3.854163,3.854163,1479,10.6680
17020,47,56,2.432799,2.432799,1468,10.6170
17021,56,6,2.755584,2.755584,1093,9.0720
17022,6,32,2.806671,2.806671,1457,10.6649
17023,32,27,3.697549,3.697549,1475,10.5925
17024,27,20,4.438813,4.438813,1231,9.9422
17025,20,10,2.030713,2.030713,1136,9.1382
17026,10,2,3.833810,3.833810,1491,10.6282
17027,2,12,2.635683,2.635683,1412,10.5478
17028,12,35,2.657484,2.657484,1464,10.7473
17029,35,0,3.103336,3.103336,1460,10.5975
17030,0,21,3.235944,3.235944,1447,10.5910
17031,21,48,2.283136,2.283136,1468,10.7318
17032,48,25,3.429932,3.429932,1436,10.7004
17033,25,29,2.118941,2.118941,1447,10.5452
17034,29,48,3.008623,3.008623,1434,10.4704
17035,48,25,3.239636,3.239636,1475,10.5910
17036,25,36,2.097430,2.097430,1455,10.5962
17037,36,34,3.861674,3.861674,1449,10.5807
17038,34,35,3.438906,3.438906,1444,10.5943
17039,35,0,2.975456,2.975456,1464,10.7241
17040,0,25,2.676269,2.676269,1456,10.6105
17041,25,29,2.057978,2.057978,1445,10.5970
17042,29,48,2.872998,2.872998,1431,10.5244
17043,48,51,3.340832,3.340832,1481,10.6082
17044,51,29,3.433187,3.433187,1444,10.6261
17045,29,11,2.384383,2.384383,1448,10.5775
17046,11,42,2.493312,2.493312,1441,10.5490
17047,42,45,3.221791,3.221791,1465,10.6993
17048,45,30,2.648473,2.648473,1430,10.5797
17049,30,46,2.625717,2.625717,1497,10.6271
17050,46,47,2.740005,2.740005,1461,10.6656
17051,47,56,2.365732,2.365732,1442,10.7086
17052,56,6,2.682316,2.682316,1459,10.6886
17053,6,56,2.224698,2.224698,1437,10.6846
17054,56,6,2.470142,2.470142,1455,10.5656
17055,6,22,4.962843,4.962843,1453,10.6138
17056,22,20,4.376956,4.376956,1069,8.5631
17057,20,10,1.988342,1.988342,1256,9.7482
17058,10,11,7.935227,7.935227,951,8.5351
17059,11,42,2.342160,2.342160,1465,10.6699
17060,42,0,4.891838,4.891838,1465,10.5661
17061,0,60,3.781423,3.781423,1470,10.5965
17062,60,44,5.291052,5.291052,1476,10.6147
17063,44,35,5.183086,5.183086,1404,10.6074
17064,35,0,2.929736,2.929736,1454,10.6118
17065,0,21,3.182622,3.182622,1470,10.6284
17066,21,48,2.224025,2.224025,1465,10.6669
17067,48,25,3.090779,3.090779,1474,10.6400
17068,25,36,2.090720,2.090720,1473,10.6011
17069,36,29,2.638204,2.638204,1499,10.5895
17070,29,11,2.503407,2.503407,1442,10.5525
17071,11,42,2.266942,2.266942,1484,10.6199
17072,42,0,4.805595,4.805595,1482,10.8170
17073,0,60,3.700613,3.700613,1497,10.5865
17074,60,38,3.421152,3.421152,1435,10.5861
17075,38,2,3.374485,3.374485,1439,10.7232
17076,2,54,4.524894,4.524894,1458,10.6434
17077,54,0,4.259836,4.259836,1455,10.6691
17078,0,25,2.512846,2.512846,1459,10.6212
17079,25,29,2.040093,2.040093,1454,10.5509
17080,29,48,2.744303,2.744303,1451,10.6060
17081,48,6,4.222153,4.222153,1465,10.6063
17082,6,32,2.809773,2.809773,1380,10.4685
17083,32,9,2.624977,2.624977,1338,10.2782
17084,9,15,2.721419,2.721419,1463,10.6271
17085,15,39,3.125667,3.125667,1466,10.6744
17086,39,44,2.950726,2.950726,1443,10.6525
17087,44,35,5.121317,5.121317,1442,10.6537
17088,35,8,2.425213,2.425213,1462,10.7512
17089,8,41,2.552417,2.552417,1461,10.7134
17090,41,36,5.926771,5.926771,1446,10.5732
17091,36,29,2.536256,2.536256,1442,10.6128
17092,29,23,2.355859,2.355859,1429,10.6716
17093,23,29,1.741602,1.741602,1510,10.6220
17094,29,11,2.526707,2.526707,1464,10.5933
17095,11,42,2.236813,2.236813,1401,10.5238
17096,42,0,4.528232,4.528232,1470,10.6283
17097,0,25,2.443846,2.443846,1463,10.6387
17098,25,36,2.225400,2.225400,1443,10.5997
17099,36,29,2.467339,2.467339,1440,10.5479
17100,29,11,2.421493,2.421493,1452,10.5747
17101,11,45,3.659141,3.659141,1418,10.4528
17102,45,63,3.249064,3.249064,1388,10.4036
17103,63,18,2.564574,2.564574,1494,10.7187
17104,18,18,0.836700,0.836700,1248,10.0941
17105,18,18,0.714325,0.714325,1278,9.8651
17106,18,18,0.609665,0.609665,1436,10.5591
17107,18,18,0.521773,0.521773,1468,10.6891
17108,18,12,5.201368,5.201368,1464,10.6054
17109,12,35,2.918389,2.918389,1454,10.7125
17110,35,0,3.101251,3.101251,1315,10.2058
17111,0,21,3.181903,3.181903,1438,10.6104
17112,21,47,4.101399,4.101399,1454,10.6597
17113,47,51,3.186379,3.186379,1457,10.7004
17114,51,51,1.071352,1.071352,1462,10.6307
17115,51,29,3.621563,3.621563,1482,10.6009
17116,29,23,2.334517,2.334517,1445,10.6195
17117,23,18,3.442973,3.442973,1454,10.6649
17118,18,18,0.497849,0.497849,1431,10.6486
17119,18,12,5.050583,5.050583,1443,10.6092
17120,12,35,2.902468,2.902468,1453,10.6851
17121,35,0,2.946749,2.946749,1403,10.4941
17122,0,25,2.473609,2.473609,1475,10.6718
17123,25,36,2.161094,2.161094,1486,10.6216
17124,36,29,2.464932,2.464932,1419,10.5223
17125,29,11,2.350810,2.350810,1458,10.5961
17126,11,42,2.274114,2.274114,1448,10.5679
17127,42,45,3.117895,3.117895,1465,10.6778
17128,45,30,2.711226,2.711226,1465,10.6024
17129,30,31,3.968990,3.968990,1448,10.5735
17130,31,12,3.970803,3.970803,1466,10.6785
17131,12,35,2.757899,2.757899,1451,10.6609
17132,35,8,2.445652,2.445652,1439,10.5677
17133,8,41,2.475831,2.475831,1453,10.6122
17134,41,6,3.155972,3.155972,1401,10.5049
17135,6,32,2.674639,2.674639,1456,10.7017
17136,32,27,3.709415,3.709415,1236,9.7091
17137,27,20,4.360887,4.360887,1408,10.7221
17138,20,8,3.068977,3.068977,1447,10.6461
17139,8,41,2.359964,2.359964,1438,10.5462
17140,41,6,3.046630,3.046630,1444,10.6226
17141,6,32,2.540159,2.540159,1466,10.6768
17142,32,27,3.631551,3.631551,1457,10.6503
17143,27,20,4.284562,4.284562,1456,10.6011
17144,20,10,1.974057,1.974057,482,4.8224
17145,10,21,5.583398,5.583398,1453,10.6078
17146,21,47,3.932667,3.932667,1391,10.4591
17147,47,22,3.640928,3.640928,1473,10.7057
17148,22,47,2.920420,2.920420,1458,10.6324
17149,47,22,3.358729,3.358729,1447,10.6627
17150,22,20,4.331801,4.331801,1467,10.6995
17151,20,3,3.508427,3.508427,1435,10.6996
17152,3,10,3.228498,3.228498,1461,10.6654
17153,10,21,5.359371,5.359371,1468,10.6139
17154,21,48,2.441433,2.441433,1456,10.5587
17155,48,51,3.242593,3.242593,1445,10.6695
17156,51,29,3.451112,3.451112,1452,10.6270
17157,29,23,2.291440,2.291440,1266,10.0125
17158,23,29,1.764791,1.764791,1457,10.7053
17159,29,23,2.109286,2.109286,1436,10.5407
17160,23,29,1.637830,1.637830,1475,10.7344
17161,29,23,1.944591,1.944591,1081,8.9788
17162,23,29,1.528771,1.528771,1466,10.7114
17163,29,23,1.797772,1.797772,1189,9.4296
17164,23,18,3.693812,3.693812,1473,10.6237
17165,18,12,4.827260,4.827260,1446,10.6554
17166,12,35,2.755831,2.755831,1370,10.3481
17167,35,8,2.372228,2.372228,1470,10.6348
17168,8,41,2.339849,2.339849,1350,10.2339
17169,41,6,2.938313,2.938313,1460,10.5656
17170,6,32,2.414849,2.414849,1457,10.6665
17171,32,61,3.948833,3.948833,1460,10.6016
17172,61,33,2.993669,2.993669,1407,10.6436
17173,33,18,5.813663,5.813663,658,6.6494
17174,18,38,3.303987,3.303987,1234,9.9731
17175,38,2,3.328491,3.328491,1438,10.7937
17176,2,45,3.442735,3.442735,1434,10.6896
17177,45,63,3.163027,3.163027,1451,10.7755
17178,63,6,4.946050,4.946050,1459,10.7349
17179,6,56,2.379652,2.379652,1420,10.5393
17180,56,1,2.702578,2.702578,1447,10.7224
17181,1,32,2.611235,2.611235,1441,10.6504
17182,32,61,3.755634,3.755634,1452,10.5696
17183,61,2,5.501674,5.501674,849,7.1758
17184,2,12,2.843421,2.843421,1475,10.8515
17185,12,35,2.648334,2.648334,1480,10.5116
17186,35,0,2.865227,2.865227,1439,10.5936
17187,0,25,2.500858,2.500858,1463,10.6351
17188,25,36,2.141932,2.141932,1471,10.7601
17189,36,34,3.813870,3.813870,1445,10.7266
17190,34,35,3.578965,3.578965,1465,10.8373
17191,35,0,2.727301,2.727301,1463,10.5986
17192,0,25,2.428745,2.428745,1470,10.6645
17193,25,2,5.040199,5.040199,1466,10.6549
17194,2,12,2.691293,2.691293,1482,10.6471
17195,12,43,4.441726,4.441726,1441,10.5824
17196,43,11,4.489427,4.489427,1457,10.7729
17197,11,45,3.432415,3.432415,1451,10.7385
17198,45,30,2.674897,2.674897,1462,10.5846
17199,30,46,2.768545,2.768545,1474,10.6224
17200,46,47,2.737256,2.737256,1462,10.6054
17201,47,56,2.392688,2.392688,1469,10.5966
17202,56,1,2.565724,2.565724,1453,10.6344
17203,1,32,2.507886,2.507886,1456,10.6443
17204,32,61,3.587057,3.587057,1455,10.5410
17205,61,33,3.103042,3.103042,1220,9.8941
17206,33,11,6.503442,6.503442,616,5.5871
17207,11,45,3.254691,3.254691,1453,10.6130
17208,45,63,3.160303,3.160303,1440,10.6621
17209,63,6,4.899368,4.899368,1481,10.6858
17210,6,56,2.280940,2.280940,1462,10.6331
17211,56,34,3.569872,3.569872,1468,10.7390
17212,34,40,2.161853,2.161853,1465,10.6850
17213,40,57,2.232339,2.232339,1445,10.7597
17214,57,52,2.654958,2.654958,1450,10.6623
17215,52,21,5.244396,5.244396,1142,9.3408
17216,21,48,2.424351,2.424351,1432,10.5922
17217,48,6,3.849958,3.849958,1482,10.6770
17218,6,32,2.546583,2.546583,1471,10.6940
17219,32,61,3.471255,3.471255,1435,10.6182
17220,61,33,3.093679,3.093679,1469,10.6800
17221,33,11,6.363548,6.363548,1306,10.0024
17222,11,42,2.320013,2.320013,1339,10.3219
17223,42,54,3.822239,3.822239,1333,10.1619
17224,54,25,2.903325,2.903325,1416,10.5950
17225,25,29,2.145620,2.145620,1478,10.7692
17226,29,23,1.749956,1.749956,1464,10.8583
17227,23,29,1.531509,1.531509,1459,10.7743
17228,29,11,2.814664,2.814664,1412,10.6151
17229,11,45,3.200626,3.200626,1435,10.6887
17230,45,30,2.731770,2.731770,1488,10.5922
17231,30,46,2.756585,2.756585,1460,10.5942
17232,46,46,0.726224,0.726224,1380,10.5996
17233,46,46,0.619079,0.619079,1410,10.4469
17234,46,46,0.529051,0.529051,1449,10.6368
17235,46,47,2.912537,2.912537,1471,10.7595
17236,47,22,3.452183,3.452183,1469,10.8007
17237,22,35,4.829269,4.829269,1447,10.6564
17238,35,0,2.609365,2.609365,1475,10.7300
17239,0,21,3.410847,3.410847,1466,10.6114
17240,21,48,2.378267,2.378267,1433,10.5648
17241,48,51,3.178051,3.178051,1451,10.5676
17242,51,29,3.156998,3.156998,1467,10.6265
17243,29,11,2.593218,2.593218,1445,10.7102
17244,11,42,2.354832,2.354832,1447,10.7502
17245,42,45,2.765401,2.765401,1447,10.7179
17246,45,63,3.141177,3.141177,1466,10.5931
17247,63,6,4.832852,4.832852,1469,10.5710
17248,6,32,2.480632,2.480632,1332,10.2368
17249,32,9,2.715500,2.715500,1473,10.6200
17250,9,44,3.591472,3.591472,1470,10.6753
17251,44,35,5.279587,5.279587,1452,10.7359
17252,35,53,3.555167,3.555167,1482,10.8771
17253,53,17,1.996039,1.996039,1454,10.6207
17254,17,7,2.864913,2.864913,1469,10.6681
17255,7,16,4.500028,4.500028,1461,10.5841
17256,16,23,3.422060,3.422060,1425,10.5620
17257,23,29,1.523148,1.523148,1457,10.6465
17258,29,23,1.770902,1.770902,1485,10.6668
17259,23,29,1.430411,1.430411,1435,10.5991
17260,29,11,2.534169,2.534169,1434,10.5659
17261,11,45,3.101387,3.101387,1430,10.5662
17262,45,30,2.765550,2.765550,1476,10.6614
17263,30,46,2.612157,2.612157,1438,10.6675
17264,46,47,2.725720,2.725720,1469,10.6452
17265,47,51,3.277745,3.277745,1450,10.6229
17266,51,29,2.969652,2.969652,1464,10.5842
17267,29,11,2.333054,2.333054,1460,10.5920
17268,11,42,2.427138,2.427138,1447,10.6264
17269,42,45,2.558286,2.558286,1468,10.5856
17270,45,30,2.675319,2.675319,1471,10.6433
17271,30,46,2.622559,2.622559,1443,10.6094
17272,46,1,5.205028,5.205028,1455,10.6282
17273,1,47,2.554872,2.554872,1471,10.7127
17274,47,22,3.397878,3.397878,1465,10.6581
17275,22,35,4.726235,4.726235,1442,10.6376
17276,35,53,3.388061,3.388061,1477,10.6114
17277,53,17,1.977500,1.977500,1465,10.6682
17278,17,1,4.824462,4.824462,1472,10.6106
17279,1,32,2.488259,2.488259,1464,10.6108
17280,32,27,3.791450,3.791450,1461,10.5691
17281,27,2,5.329136,5.329136,1449,10.7121
17282,2,45,3.829288,3.829288,1451,10.5985
17283,45,30,2.495902,2.495902,1392,10.6520
17284,30,31,4.308241,4.308241,1471,10.6179
17285,31,54,4.291515,4.291515,1450,10.7249
17286,54,0,4.431207,4.431207,1376,10.6137
17287,0,60,3.753796,3.753796,1464,10.6783
17288,60,38,3.424439,3.424439,1455,10.6010
17289,38,50,3.152346,3.152346,1450,10.5718
17290,50,53,4.580522,4.580522,1435,10.6631
17291,53,0,3.343178,3.343178,1459,10.7453
17292,0,25,2.494202,2.494202,1440,10.5596
17293,25,29,2.254884,2.254884,1453,10.6159
17294,29,23,1.841314,1.841314,1430,10.5803
17295,23,29,1.415137,1.415137,1481,10.9511
17296,29,11,2.292375,2.292375,1465,10.6581
17297,11,42,2.401885,2.401885,1447,10.6021
17298,42,45,2.615375,2.615375,1443,10.6366
17299,45,62,4.736930,4.736930,1476,10.6426
17300,62,21,4.448050,4.448050,1471,10.7646
17301,21,9,4.161048,4.161048,1458,10.7412
17302,9,3,3.010924,3.010924,1441,10.5727
17303,3,41,2.741876,2.741876,563,5.3614
17304,41,30,5.593710,5.593710,1117,9.3040
17305,30,31,3.987517,3.987517,1457,10.6874
17306,31,12,3.997405,3.997405,1449,10.7741
17307,12,35,2.862801,2.862801,1462,10.6264
17308,35,8,2.467362,2.467362,1456,10.5883
17309,8,56,3.604742,3.604742,1470,10.5748
17310,56,1,2.594930,2.594930,1452,10.5997
17311,1,32,2.392388,2.392388,1440,10.6234
17312,32,61,3.437632,3.437632,1468,10.5912
17313,61,2,5.566696,5.566696,1388,10.3738
17314,2,12,2.796837,2.796837,1447,10.6912
17315,12,20,3.977960,3.977960,1429,10.6098
17316,20,10,1.999692,1.999692,1463,10.6492
17317,10,11,7.810462,7.810462,1441,10.6109
17318,11,24,4.613318,4.613318,1399,10.5836
17319,24,54,3.417877,3.417877,1422,10.6793
17320,54,25,2.949874,2.949874,1380,10.4756
17321,25,29,2.194808,2.194808,1440,10.6076
17322,29,11,2.314667,2.314667,1468,10.6888
17323,11,24,4.527590,4.527590,1460,10.7757
17324,24,0,5.163686,5.163686,1457,10.7289
17325,0,25,2.395145,2.395145,1390,10.3685
17326,25,36,2.300407,2.300407,1407,10.5227
17327,36,29,2.669546,2.669546,1473,10.6903
17328,29,48,3.200769,3.200769,1467,10.6369
17329,48,51,3.125472,3.125472,1441,10.6015
17330,51,29,2.945344,2.945344,1459,10.6227
17331,29,48,2.973203,2.973203,1478,10.5985
17332,48,25,3.198238,3.198238,1453,10.6184
17333,25,29,2.121454,2.121454,1459,10.6266
17334,29,23,2.086801,2.086801,1474,10.5837
17335,23,29,1.465685,1.465685,1459,10.6329
17336,29,23,1.920155,1.920155,1460,10.5641
17337,23,29,1.378679,1.378679,1449,10.5328
17338,29,11,2.431838,2.431838,1468,10.5497
17339,11,45,3.149198,3.149198,1492,10.5831
17340,45,30,2.636788,2.636788,1449,10.6301
17341,30,31,3.910486,3.910486,1463,10.5984
17342,31,30,3.203252,3.203252,1470,10.6593
17343,30,46,2.714814,2.714814,1477,10.6558
17344,46,1,4.913704,4.913704,1440,10.6879
17345,1,47,2.429774,2.429774,1027,8.6969
17346,47,56,2.504845,2.504845,1448,10.6457
17347,56,34,3.430532,3.430532,1466,10.6331
17348,34,35,3.543518,3.543518,1454,10.6121
17349,35,0,2.741290,2.741290,1457,10.6901
17350,0,21,3.438028,3.438028,1466,10.6848
17351,21,48,2.411382,2.411382,1448,10.6295
17352,48,25,3.108237,3.108237,1462,10.5496
17353,25,36,2.302981,2.302981,1452,10.5943
17354,36,34,3.807730,3.807730,1448,10.6274
17355,34,40,2.181681,2.181681,1442,10.6557
17356,40,57,2.172520,2.172520,1468,10.7221
17357,57,52,2.564517,2.564517,1455,10.6697
17358,52,21,5.202078,5.202078,921,7.8175
17359,21,47,4.064043,4.064043,1472,10.5926
17360,47,56,2.350127,2.350127,1461,10.6601
17361,56,34,3.367453,3.367453,1466,10.6488
17362,34,40,2.139031,2.139031,1461,10.5940
17363,40,57,2.161749,2.161749,1459,10.5516
17364,57,52,2.503626,2.503626,1455,10.6581
17365,52,22,4.651463,4.651463,1455,10.6445
17366,22,20,4.199393,4.199393,1441,10.6488
17367,20,10,1.954069,1.954069,1445,10.6995
17368,10,11,7.692055,7.692055,1442,10.5622
17369,11,42,2.485931,2.485931,1451,10.6983
17370,42,45,2.414476,2.414476,1205,9.4349
17371,45,30,2.602173,2.602173,1427,10.6168
17372,30,31,3.724639,3.724639,1230,9.9912
17373,31,12,3.922794,3.922794,1459,10.7139
17374,12,43,4.293494,4.293494,1464,10.6134
17375,43,51,4.182802,4.182802,1329,10.1244
17376,51,16,2.417948,2.417948,1463,10.6464
17377,16,23,3.361621,3.361621,1452,10.7956
17378,23,0,4.848043,4.848043,1464,10.6948
17379,0,60,3.719380,3.719380,1449,10.6479
17380,60,36,3.212597,3.212597,828,6.5506
17381,36,21,3.679886,3.679886,1499,10.6257
17382,21,48,2.344693,2.344693,1457,10.6842
17383,48,6,3.790926,3.790926,1494,10.6519
17384,6,22,4.722246,4.722246,1443,10.5567
17385,22,35,4.562596,4.562596,1455,10.6607
17386,35,53,3.373546,3.373546,1449,10.6725
17387,53,11,4.292442,4.292442,1485,10.7593
17388,11,45,2.831707,2.831707,1469,10.6943
17389,45,30,2.549352,2.549352,1459,10.6086
17390,30,31,3.646995,3.646995,1464,10.6957
17391,31,12,3.789774,3.789774,1481,10.6319
17392,12,20,3.943444,3.943444,1453,10.6140
17393,20,3,3.594755,3.594755,1457,10.7994
17394,3,39,3.119079,3.119079,1481,10.6998
17395,39,44,2.815998,2.815998,1087,9.8547
17396,44,35,5.348980,5.348980,1484,10.6199
17397,35,53,3.182729,3.182729,1456,10.6375
17398,53,17,2.011534,2.011534,1470,10.6272
17399,17,2,4.135938,4.135938,1440,10.5726
17400,2,45,4.090284,4.090284,1393,10.4938
17401,45,30,2.373092,2.373092,1465,10.6678
17402,30,31,3.561313,3.561313,1477,10.6096
17403,31,54,4.037457,4.037457,1446,10.6086
17404,54,0,4.359292,4.359292,1457,10.6602
17405,0,25,2.353043,2.353043,1470,10.6084
17406,25,29,2.235410,2.235410,1435,10.5351
17407,29,23,1.863247,1.863247,1456,10.6099
17408,23,0,4.599699,4.599699,1489,10.5856
17409,0,60,3.646681,3.646681,1462,10.6654
17410,60,36,3.132251,3.132251,1435,10.5806
17411,36,21,3.518763,3.518763,1407,10.5668
17412,21,47,4.078004,4.078004,1454,10.5661
17413,47,51,3.246042,3.246042,1467,10.7791
17414,51,29,3.001935,3.001935,1458,10.6321
17415,29,48,2.922960,2.922960,1439,10.8059
17416,48,51,3.208151,3.208151,1475,10.5868
17417,51,16,2.424654,2.424654,1460,10.5754
17418,16,21,5.191230,5.191230,1478,10.5706
17419,21,9,4.169883,4.169883,1468,10.5731
17420,9,15,2.806237,2.806237,1442,10.5975
17421,15,39,2.965806,2.965806,1477,10.8159
17422,39,44,2.651564,2.651564,1274,10.2648
17423,44,35,5.275597,5.275597,1459,10.6314
17424,35,53,3.020043,3.020043,1454,10.6589
17425,53,11,4.248889,4.248889,1466,10.7626
17426,11,42,2.492663,2.492663,1486,10.7346
17427,42,54,3.832589,3.832589,1444,10.5657
17428,54,0,4.187685,4.187685,1427,10.5156
17429,0,21,3.409570,3.409570,1449,10.6247
17430,21,48,2.255534,2.255534,1440,10.5479
17431,48,51,3.095779,3.095779,1445,10.5870
17432,51,29,2.815012,2.815012,1443,10.5878
17433,29,11,2.609553,2.609553,1464,10.5491
17434,11,45,2.898983,2.898983,1459,10.5926
17435,45,63,3.505722,3.505722,1463,10.6247
17436,63,18,2.697209,2.697209,1453,10.6419
17437,18,18,0.752571,0.752571,1449,10.6683
17438,18,18,0.642364,0.642364,1442,10.5763
17439,18,38,3.199822,3.199822,1480,10.5667
17440,38,50,3.059510,3.059510,1444,10.6748
17441,50,33,3.392317,3.392317,1414,10.5691
17442,33,55,2.590946,2.590946,854,6.8673
17443,55,4,2.660668,2.660668,1437,10.9050
17444,4,6,6.630022,6.630022,1456,10.8325
17445,6,32,2.551094,2.551094,1436,10.5738
17446,32,9,2.781496,2.781496,1462,10.6198
17447,9,44,3.539773,3.539773,1450,10.5714
17448,44,35,5.089148,5.089148,1461,10.6337
17449,35,8,2.551698,2.551698,1456,10.7917
17450,8,41,2.375815,2.375815,1357,10.6599
17451,41,6,3.362973,3.362973,1447,10.6862
17452,6,32,2.457185,2.457185,1462,10.6720
17453,32,27,3.720252,3.720252,1466,10.6356
17454,27,20,4.360976,4.360976,1462,10.7260
17455,20,10,1.948087,1.948087,1471,10.6648
17456,10,2,3.798718,3.798718,1470,10.7092
17457,2,12,2.887446,2.887446,1460,10.8560
17458,12,35,3.202726,3.202726,1441,10.6448
17459,35,8,2.472458,2.472458,1455,10.6770
17460,8,52,4.843973,4.843973,1453,10.6535
17461,52,21,5.044828,5.044828,1456,10.6815
17462,21,9,4.097735,4.097735,1460,10.5873
17463,9,15,2.801738,2.801738,1404,10.3301
17464,15,49,3.024306,3.024306,1472,10.6200
17465,49,50,4.274099,4.274099,1396,10.6180
17466,50,53,4.523889,4.523889,1380,10.6805
17467,53,11,4.100003,4.100003,1434,10.6007
17468,11,42,2.475779,2.475779,1448,10.6220
17469,42,54,3.692687,3.692687,1468,10.7057
17470,54,0,4.063046,4.063046,1453,10.6213
17471,0,60,3.546690,3.546690,1435,10.6276
17472,60,38,3.488949,3.488949,1446,10.6661
17473,38,2,3.523883,3.523883,1454,10.7128
17474,2,12,2.774060,2.774060,1451,10.6165
17475,12,35,3.088755,3.088755,1493,10.5658
17476,35,0,3.104574,3.104574,1460,10.7780
17477,0,21,3.422414,3.422414,1471,10.5888
17478,21,9,4.021171,4.021171,1473,10.6122
17479,9,15,2.730071,2.730071,1455,10.6543
17480,15,49,2.973609,2.973609,1413,10.6201
17481,49,43,4.335877,4.335877,1429,10.5892
17482,43,46,4.853982,4.853982,1160,9.5153
17483,46,47,2.644038,2.644038,1258,9.7808
17484,47,56,2.340962,2.340962,1476,10.7110
17485,56,34,3.260251,3.260251,1474,10.6984
17486,34,7,4.210750,4.210750,1456,10.6569
17487,7,31,3.590999,3.590999,1470,10.6736
17488,31,12,3.798963,3.798963,1456,10.7103
17489,12,35,2.937520,2.937520,1271,10.0558
17490,35,0,2.966825,2.966825,1457,10.6214
17491,0,60,3.424019,3.424019,1436,10.5879
17492,60,36,3.033453,3.033453,1470,10.5795
17493,36,29,2.945926,2.945926,1469,10.5787
17494,29,11,2.509854,2.509854,1469,10.6418
17495,11,24,4.321069,4.321069,1472,10.6941
17496,24,0,4.750425,4.750425,1481,10.6891
17497,0,25,2.377849,2.377849,1444,10.5679
17498,25,36,2.314355,2.314355,1446,10.7386
17499,36,29,2.837779,2.837779,1451,10.5912
17500,29,23,2.070447,2.070447,1458,10.6303
17501,23,29,1.658833,1.658833,1459,10.6546
17502,29,48,2.848632,2.848632,1475,10.5840
17503,48,51,2.984298,2.984298,1453,10.5669
17504,51,29,2.754671,2.754671,1482,10.5946
17505,29,48,2.661195,2.661195,1463,10.6608
17506,48,51,2.869558,2.869558,1443,10.5610
17507,51,16,2.524525,2.524525,1423,10.5274
17508,16,53,3.971103,3.971103,1439,10.6531
17509,53,17,2.013148,2.013148,1462,10.7182
17510,17,2,3.991149,3.991149,1249,9.7125
17511,2,12,2.761346,2.761346,1205,9.5298
17512,12,35,2.834590,2.834590,1446,10.5963
17513,35,0,2.958184,2.958184,1457,10.5997
17514,0,60,3.321929,3.321929,1457,10.5902
17515,60,38,3.508501,3.508501,1434,10.5012
17516,38,50,3.123798,3.123798,1454,10.6689
17517,50,53,4.485592,4.485592,1416,10.5691
17518,53,17,1.946007,1.946007,1448,10.7240
17519,17,2,3.841225,3.841225,1443,10.5605
17520,2,12,2.696973,2.696973,1457,10.6190
17521,12,20,3.856219,3.856219,1457,10.5966
17522,20,3,3.503605,3.503605,1296,10.0108
17523,3,41,2.695989,2.695989,1412,10.3743
17524,41,6,3.218191,3.218191,1432,10.5793
17525,6,22,4.583028,4.583028,1474,10.8475
17526,22,20,4.188635,4.188635,1444,10.6649
17527,20,8,3.096383,3.096383,1479,10.7176
17528,8,41,2.352395,2.352395,1434,10.5306
17529,41,36,5.746521,5.746521,1452,10.5831
17530,36,34,3.696949,3.696949,1445,10.5614
17531,34,40,2.161865,2.161865,1430,10.5875
17532,40,57,2.113454,2.113454,1456,10.5705
17533,57,52,2.467300,2.467300,1461,10.6066
17534,52,22,4.393862,4.393862,1305,10.2317
17535,22,35,4.808373,4.808373,1475,10.6671
17536,35,8,2.500262,2.500262,1464,10.5791
17537,8,41,2.305169,2.305169,1469,10.5624
17538,41,6,3.143967,3.143967,1450,10.5994
17539,6,22,4.464794,4.464794,1444,10.6788
17540,22,35,4.645168,4.645168,1435,10.6096
17541,35,8,2.387231,2.387231,1456,10.5997
17542,8,41,2.264922,2.264922,1428,10.5599
17543,41,6,3.020142,3.020142,1465,10.6231
17544,6,56,2.672753,2.672753,1415,10.5138
17545,56,1,2.570472,2.570472,1481,10.5881
17546,1,32,2.450076,2.450076,1439,10.5437
17547,32,9,2.876527,2.876527,1429,10.5581
17548,9,44,3.575140,3.575140,1447,10.5555
17549,44,27,3.057380,3.057380,1273,9.9245
17550,27,20,4.387633,4.387633,1464,10.6665
17551,20,3,3.379851,3.379851,1443,10.5798
17552,3,39,3.014333,3.014333,1456,10.6361
17553,39,59,3.585929,3.585929,1451,10.5936
17554,59,10,4.204333,4.204333,1367,10.3990
17555,10,2,3.694836,3.694836,1479,10.5934
17556,2,12,2.628299,2.628299,1351,10.5434
17557,12,35,2.931896,2.931896,1306,10.1952
17558,35,53,3.239534,3.239534,1428,10.6222
17559,53,11,3.963376,3.963376,1446,10.6032
17560,11,45,2.842434,2.842434,1445,10.8340
17561,45,63,3.383065,3.383065,1373,10.3705
17562,63,18,2.579413,2.579413,1432,10.7569
17563,18,18,0.621948,0.621948,1315,10.1984
17564,18,12,4.950183,4.950183,1465,10.6074
17565,12,20,3.874997,3.874997,1464,10.7042
17566,20,3,3.332390,3.332390,1389,10.5694
17567,3,10,2.919637,2.919637,1473,10.6847
17568,10,2,3.567604,3.567604,1451,10.5869
17569,2,45,4.386316,4.386316,1458,10.6639
17570,45,63,3.157479,3.157479,1465,10.5981
17571,63,18,2.504518,2.504518,1452,10.6802
17572,18,12,4.643523,4.643523,1134,9.5799
17573,12,35,2.957385,2.957385,1468,10.6105
17574,35,0,2.924639,2.924639,1466,10.6371
17575,0,25,2.409408,2.409408,1454,10.6212
17576,25,29,2.336902,2.336902,1462,10.7853
17577,29,11,2.586237,2.586237,1466,10.6546
17578,11,42,2.545261,2.545261,1471,10.6196
17579,42,54,3.539344,3.539344,1476,10.7017
17580,54,25,3.128290,3.128290,1463,10.5847
17581,25,2,5.352137,5.352137,1430,10.6390
17582,2,45,4.108164,4.108164,1393,10.3081
17583,45,30,2.513867,2.513867,1461,10.7207
17584,30,31,3.447893,3.447893,1476,10.7280
17585,31,12,3.953532,3.953532,1450,10.6380
17586,12,35,2.811537,2.811537,1460,10.6849
17587,35,8,2.425346,2.425346,1472,10.6049
17588,8,52,4.782075,4.782075,1466,10.5672
17589,52,21,4.777324,4.777324,790,7.4005
17590,21,47,4.141270,4.141270,1441,10.6626
17591,47,56,2.287532,2.287532,1463,10.6152
17592,56,34,3.234968,3.234968,1480,10.6350
17593,34,40,2.140863,2.140863,1434,10.5848
17594,40,57,2.104122,2.104122,1439,10.6118
17595,57,32,4.548418,4.548418,1464,10.7088
17596,32,27,3.360841,3.360841,1469,10.6529
17597,27,2,5.235089,5.235089,1486,10.6398
17598,2,12,2.778159,2.778159,1465,10.8078
17599,12,43,4.411841,4.411841,1438,10.6541
17600,43,11,4.240033,4.240033,650,5.6228
17601,11,45,2.983873,2.983873,1089,8.6624
17602,45,63,3.061400,3.061400,1462,10.6356
17603,63,47,4.010151,4.010151,1441,10.7823
17604,47,56,2.230684,2.230684,1457,10.6953
17605,56,34,3.088043,3.088043,1433,10.5514
17606,34,40,2.109861,2.109861,1458,10.5937
17607,40,57,2.088936,2.088936,1447,10.6527
17608,57,32,4.343145,4.343145,1435,10.5940
17609,32,27,3.136491,3.136491,1460,10.5571
17610,27,2,5.174494,5.174494,1441,10.6249
17611,2,54,4.997224,4.997224,1315,10.0996
17612,54,25,3.013173,3.013173,335,5.2397
17613,25,29,2.272669,2.272669,1434,10.8424
17614,29,23,2.161366,2.161366,1220,10.0800
17615,23,18,3.648448,3.648448,1088,9.2846
17616,18,38,3.138688,3.138688,1402,10.6368
17617,38,54,4.114213,4.114213,1462,10.6078
17618,54,25,2.913776,2.913776,1480,10.6053
17619,25,36,2.453120,2.453120,1464,10.6524
17620,36,29,2.787251,2.787251,1485,10.7068
17621,29,11,2.567082,2.567082,1468,10.6744
17622,11,24,4.191053,4.191053,1470,10.5856
17623,24,54,3.215044,3.215044,1401,10.4662
17624,54,44,4.879438,4.879438,1464,10.6052
17625,44,35,5.443607,5.443607,1478,10.8528
17626,35,8,2.339838,2.339838,1453,10.5983
17627,8,52,4.672242,4.672242,1260,9.8738
17628,52,52,1.003427,1.003427,1337,10.3590
17629,52,22,4.130295,4.130295,1460,10.6817
17630,22,35,4.742240,4.742240,1452,10.6688
17631,35,8,2.225266,2.225266,1467,10.7262
17632,8,56,3.777147,3.777147,1265,9.7885
17633,56,1,2.535978,2.535978,1467,10.6718
17634,1,32,2.513702,2.513702,1455,10.6801
17635,32,9,2.765565,2.765565,1447,10.5833
17636,9,15,2.700274,2.700274,1451,10.6451
17637,15,49,2.890383,2.890383,1447,10.6142
17638,49,50,4.283679,4.283679,1457,10.6967
17639,50,53,4.352258,4.352258,1379,10.5016
17640,53,17,1.967272,1.967272,1459,10.7089
17641,17,7,2.955926,2.955926,1474,10.8158
17642,7,31,3.523637,3.523637,1467,10.7332
17643,31,54,4.025947,4.025947,1461,10.6546
17644,54,25,2.799847,2.799847,1445,10.7777
17645,25,36,2.361292,2.361292,1452,10.5890
17646,36,34,3.781871,3.781871,1472,10.5937
17647,34,40,2.068098,2.068098,1452,10.6758
17648,40,57,2.085657,2.085657,1453,10.6058
17649,57,32,4.153256,4.153256,1495,10.7138
17650,32,61,3.314810,3.314810,1431,10.5515
17651,61,33,3.088790,3.088790,1468,10.6427
17652,33,55,2.490502,2.490502,1449,10.7294
17653,55,4,2.563744,2.563744,1388,10.4574
17654,4,23,4.641593,4.641593,1428,10.6163
17655,23,29,1.775080,1.775080,1220,9.9005
17656,29,11,2.412170,2.412170,1453,10.5968
17657,11,45,2.998310,2.998310,1474,10.7010
17658,45,30,2.623247,2.623247,1483,10.7885
17659,30,31,3.397951,3.397951,1479,10.6483
17660,31,30,2.842777,2.842777,1380,10.3230
17661,30,31,3.125258,3.125258,1472,10.7065
17662,31,30,2.607303,2.607303,1456,10.6097
17663,30,31,2.871955,2.871955,1469,10.5977
17664,31,54,3.834016,3.834016,1448,10.7335
17665,54,25,2.708838,2.708838,1456,10.6899
17666,25,2,5.468348,5.468348,1442,10.5552
17667,2,12,2.698414,2.698414,1462,10.6729
17668,12,35,2.894109,2.894109,1461,10.6442
17669,35,8,2.170144,2.170144,1450,10.6610
17670,8,41,2.486424,2.486424,1431,10.6132
17671,41,6,2.923428,2.923428,1461,10.6941
17672,6,32,2.699612,2.699612,1458,10.7116
17673,32,61,3.222339,3.222339,1468,10.5736
17674,61,33,3.084115,3.084115,1059,8.8207
17675,33,11,6.449897,6.449897,1392,10.5149
17676,11,45,2.839684,2.839684,1466,10.5692
17677,45,30,2.644132,2.644132,960,9.3542
17678,30,31,2.812851,2.812851,1470,10.6204
17679,31,12,4.051412,4.051412,1452,10.6516
17680,12,35,2.754745,2.754745,1393,10.2507
17681,35,53,3.278863,3.278863,1456,10.6216
17682,53,11,4.000786,4.000786,1466,10.6136
17683,11,42,2.657990,2.657990,1453,10.7256
17684,42,54,3.491325,3.491325,1458,10.6209
17685,54,0,4.243320,4.243320,1455,10.6532
17686,0,60,3.298480,3.298480,1448,10.6138
17687,60,36,2.918164,2.918164,1448,10.5882
17688,36,21,3.437673,3.437673,1440,10.5409
17689,21,48,2.368499,2.368499,1481,10.5901
17690,48,6,3.933162,3.933162,1445,10.6695
17691,6,32,2.651837,2.651837,1444,10.8006
17692,32,61,3.130177,3.130177,1141,9.4835
17693,61,33,3.071911,3.071911,1445,10.5764
17694,33,11,6.333433,6.333433,1123,9.4150
17695,11,45,2.706876,2.706876,1445,10.6372
17696,45,63,3.214188,3.214188,1463,10.6744
17697,63,18,2.575075,2.575075,1436,10.6819
17698,18,12,4.541339,4.541339,1213,9.5426
17699,12,20,3.910554,3.910554,1459,10.8225
17700,20,10,2.154260,2.154260,1334,10.2548
17701,10,11,7.136270,7.136270,1453,10.5817
17702,11,42,2.578866,2.578866,1473,10.7523
17703,42,54,3.350520,3.350520,1438,10.7177
17704,54,25,2.672330,2.672330,1429,10.4534
17705,25,36,2.316011,2.316011,1466,10.6401
17706,36,34,3.671357,3.671357,1470,10.5655
17707,34,40,2.024842,2.024842,1464,10.8360
17708,40,57,2.061919,2.061919,1462,10.6447
17709,57,52,2.676817,2.676817,1472,10.7262
17710,52,21,4.547461,4.547461,1470,10.7333
17711,21,48,2.306726,2.306726,1450,10.6657
17712,48,51,2.798728,2.798728,1447,10.6724
17713,51,29,2.811146,2.811146,1462,10.7363
17714,29,11,2.737356,2.737356,1477,10.6560
17715,11,45,2.669546,2.669546,1466,10.6357
17716,45,63,3.113524,3.113524,1440,10.5595
17717,63,47,3.978296,3.978296,1462,10.7284
17718,47,56,2.262479,2.262479,1455,10.7792
17719,56,1,2.416374,2.416374,1459,10.6192
17720,1,32,2.488748,2.488748,1462,10.7193
17721,32,61,2.985925,2.985925,1462,10.6712
17722,61,2,5.385000,5.385000,1349,10.2143
17723,2,12,2.833125,2.833125,1481,10.7681
17724,12,35,2.714246,2.714246,1415,10.6087
17725,35,53,3.157605,3.157605,1488,10.6910
17726,53,11,4.011224,4.011224,1446,10.6315
17727,11,42,2.562393,2.562393,1458,10.7269
17728,42,0,4.383735,4.383735,1464,10.6500
17729,0,60,3.223416,3.223416,1451,10.7166
17730,60,36,2.780615,2.780615,1455,10.6571
17731,36,34,3.506659,3.506659,1474,10.5653
17732,34,40,1.984123,1.984123,1464,10.6684
17733,40,57,2.043137,2.043137,1473,10.7298
17734,57,32,4.059304,4.059304,1451,10.7201
17735,32,61,2.787764,2.787764,1455,10.5799
17736,61,33,3.187558,3.187558,1366,10.3275
17737,33,11,6.208306,6.208306,1015,8.7605
17738,11,45,2.577044,2.577044,1449,10.5765
17739,45,62,4.840153,4.840153,1453,10.5854
17740,62,60,4.078551,4.078551,648,5.6479
17741,60,38,3.488434,3.488434,1467,10.6395
17742,38,50,3.199586,3.199586,1465,10.6555
17743,50,53,4.255130,4.255130,1446,10.6416
17744,53,11,3.921593,3.921593,1467,10.7062
17745,11,45,2.445882,2.445882,1285,9.9842
17746,45,63,3.097052,3.097052,1466,10.5929
17747,63,18,2.592667,2.592667,1457,10.5394
17748,18,12,4.322044,4.322044,1472,10.6293
17749,12,35,2.669470,2.669470,1426,10.5687
17750,35,0,3.197070,3.197070,1456,10.6603
17751,0,25,2.542957,2.542957,1473,10.6029
17752,25,36,2.215151,2.215151,1434,10.6007
17753,36,29,2.997145,2.997145,1460,10.5511
17754,29,11,2.847767,2.847767,1446,10.5481
17755,11,42,2.567627,2.567627,1477,10.6604
17756,42,45,2.235992,2.235992,1460,10.6222
17757,45,30,3.038120,3.038120,1457,10.7307
17758,30,31,2.735849,2.735849,1465,10.6971
17759,31,54,3.647997,3.647997,1451,10.6431
17760,54,25,2.633292,2.633292,1470,10.6677
17761,25,36,2.157493,2.157493,1464,10.6529
17762,36,34,3.503498,3.503498,1462,10.6159
17763,34,40,1.947491,1.947491,1458,10.6037
17764,40,25,5.335669,5.335669,1458,10.7606
17765,25,29,2.459980,2.459980,1439,10.6440
17766,29,23,2.428934,2.428934,1461,10.5337
17767,23,29,1.869425,1.869425,1469,10.6125
17768,29,23,2.244647,2.244647,1474,10.5894
17769,23,29,1.730422,1.730422,1449,10.6204
17770,29,23,2.074087,2.074087,1462,10.5312
17771,23,0,4.352122,4.352122,1439,10.5776
17772,0,21,3.709791,3.709791,1447,10.6114
17773,21,48,2.331025,2.331025,1457,10.5927
17774,48,6,3.640115,3.640115,1461,10.5719
17775,6,32,2.673023,2.673023,1444,10.6369
17776,32,27,3.323366,3.323366,1423,10.4834
17777,27,2,4.941419,4.941419,1274,10.1148
17778,2,45,4.642787,4.642787,1251,9.8372
17779,45,63,2.947198,2.947198,1463,10.6294
17780,63,6,5.414259,5.414259,1453,10.7632
17781,6,32,2.614537,2.614537,1466,10.6238
17782,32,27,3.209502,3.209502,1257,10.0482
17783,27,20,4.597006,4.597006,1415,10.6237
17784,20,3,3.270077,3.270077,1254,9.7609
17785,3,39,2.999636,2.999636,1475,10.6466
17786,39,44,2.726085,2.726085,1280,10.0147
17787,44,35,5.627059,5.627059,1470,10.6468
17788,35,8,2.305014,2.305014,1488,10.6601
17789,8,41,2.419104,2.419104,1445,10.6297
17790,41,36,5.507104,5.507104,1456,10.6591
17791,36,34,3.247503,3.247503,1448,10.6522
17792,34,35,3.954068,3.954068,1445,10.5874
17793,35,53,3.094284,3.094284,1448,10.5548
17794,53,11,3.856445,3.856445,1454,10.5943
17795,11,45,2.471897,2.471897,1450,10.6661
17796,45,30,2.949505,2.949505,1448,10.6130
17797,30,27,6.646234,6.646234,1488,10.6094
17798,27,20,4.406654,4.406654,1220,9.9292
17799,20,3,3.123693,3.123693,1141,9.2062
17800,3,39,2.916173,2.916173,1497,10.5515
17801,39,59,3.578598,3.578598,1460,10.6257
17802,59,15,4.529016,4.529016,1282,9.7722
17803,15,19,3.698020,3.698020,1480,10.7323
17804,19,24,2.741080,2.741080,1465,10.6884
17805,24,54,3.252608,3.252608,1469,10.6882
17806,54,0,4.136744,4.136744,1454,10.7573
17807,0,21,3.638614,3.638614,1435,10.5516
17808,21,48,2.274077,2.274077,1459,10.5748
17809,48,51,2.814722,2.814722,1450,10.6250
17810,51,51,1.229294,1.229294,1441,10.6339
17811,51,29,2.812123,2.812123,1486,10.6438
17812,29,48,2.793661,2.793661,1441,10.6163
17813,48,25,3.524298,3.524298,1486,10.6197
17814,25,36,2.238761,2.238761,1439,10.5669
17815,36,21,3.277241,3.277241,1467,10.6155
17816,21,48,2.185425,2.185425,1438,10.6359
17817,48,51,2.674988,2.674988,1468,10.6573
17818,51,29,2.670603,2.670603,1452,10.7436
17819,29,23,2.035299,2.035299,1463,10.5708
17820,23,18,3.649561,3.649561,1466,10.6436
17821,18,12,4.126302,4.126302,1449,10.5660
17822,12,20,3.983262,3.983262,1444,10.6251
17823,20,10,2.159457,2.159457,403,4.9968
17824,10,11,6.827121,6.827121,720,8.2844
17825,11,45,2.433593,2.433593,1465,11.0589
17826,45,63,2.946289,2.946289,1468,10.5723
17827,63,6,5.314284,5.314284,1450,10.6039
17828,6,56,2.840175,2.840175,1407,10.5122
17829,56,1,2.346964,2.346964,1456,10.6889
17830,1,47,2.711805,2.711805,1426,10.6536
17831,47,22,3.622283,3.622283,1465,10.7034
17832,22,35,4.835478,4.835478,1465,10.6606
17833,35,8,2.232709,2.232709,1477,10.6533
17834,8,41,2.373199,2.373199,1463,10.6623
17835,41,30,5.725299,5.725299,1384,10.4993
17836,30,31,2.643512,2.643512,1494,10.6472
17837,31,30,2.421779,2.421779,1466,10.6675
17838,30,46,3.551863,3.551863,1474,10.7286
17839,46,47,2.540205,2.540205,1432,10.7616
17840,47,22,3.565718,3.565718,1456,10.5807
17841,22,47,3.031169,3.031169,1468,10.6876
17842,47,22,3.297380,3.297380,1455,10.5926
17843,22,35,4.689476,4.689476,1457,10.5827
17844,35,0,3.273356,3.273356,1452,10.6182
17845,0,60,3.260841,3.260841,1449,10.6131
17846,60,38,3.425892,3.425892,1471,10.6710
17847,38,2,3.835148,3.835148,1456,10.6648
17848,2,12,2.958280,2.958280,1478,10.7535
17849,12,20,3.775598,3.775598,1458,10.5972
17850,20,10,2.131421,2.131421,1423,10.5694
17851,10,2,3.585616,3.585616,1430,10.5959
17852,2,45,4.675520,4.675520,1474,10.6923
17853,45,63,2.753695,2.753695,1244,10.0052
17854,63,6,5.213445,5.213445,1448,10.5984
17855,6,32,2.696983,2.696983,1435,10.5927
17856,32,9,2.728244,2.728244,1472,10.5555
17857,9,44,3.556878,3.556878,1382,10.2482
17858,44,35,5.504061,5.504061,1361,10.5302
17859,35,53,2.972702,2.972702,1458,10.6404
17860,53,11,3.772625,3.772625,1459,10.6845
17861,11,45,2.418483,2.418483,1461,10.6077
17862,45,63,2.665441,2.665441,1473,10.5766
17863,63,18,2.717770,2.717770,1445,10.6760
17864,18,12,3.956082,3.956082,1470,10.5918
17865,12,20,3.697507,3.697507,1467,10.5985
17866,20,10,2.103351,2.103351,1425,10.5890
17867,10,2,3.407259,3.407259,1448,10.7861
17868,2,45,4.710249,4.710249,1482,10.6445
17869,45,63,2.486266,2.486266,1449,10.6717
17870,63,6,5.249883,5.249883,1486,10.7157
17871,6,32,2.701001,2.701001,1461,10.7165
17872,32,27,3.236885,3.236885,1388,10.5164
17873,27,20,4.545370,4.545370,1433,10.5383
17874,20,10,2.061794,2.061794,1483,10.8548
17875,10,11,6.698230,6.698230,1333,10.3977
17876,11,45,2.448032,2.448032,1430,10.6489
17877,45,30,3.185412,3.185412,1441,10.7398
17878,30,31,2.522517,2.522517,512,5.2883
17879,31,30,2.284961,2.284961,1426,10.6465
17880,30,46,3.507320,3.507320,1451,10.6197
17881,46,1,4.263048,4.263048,1459,10.9123
17882,1,47,2.456128,2.456128,1472,10.6518
17883,47,56,2.266419,2.266419,1446,10.7383
17884,56,34,3.383380,3.383380,1422,10.5514
17885,34,35,3.790907,3.790907,1473,10.6575
17886,35,0,3.154540,3.154540,1456,10.6607
17887,0,21,3.437601,3.437601,1459,10.6687
17888,21,48,2.174449,2.174449,1444,10.5884
17889,48,51,2.622349,2.622349,1445,10.6246
17890,51,29,2.566454,2.566454,1440,10.5819
17891,29,23,1.938503,1.938503,1457,10.5426
17892,23,29,1.633418,1.633418,1422,10.6128
17893,29,23,1.798945,1.798945,1439,10.5502
17894,23,29,1.526124,1.526124,1474,10.5758
17895,29,11,3.498564,3.498564,1467,10.6196
17896,11,42,2.915210,2.915210,1483,10.5719
17897,42,45,2.439768,2.439768,1471,10.6019
17898,45,30,3.075224,3.075224,1458,10.5535
17899,30,46,3.440415,3.440415,1420,10.5907
17900,46,47,2.605577,2.605577,1449,10.6722
17901,47,22,3.258379,3.258379,1467,10.6132
17902,22,47,2.712221,2.712221,1419,10.5538
17903,47,22,3.004008,3.004008,1482,10.7269
17904,22,35,4.584429,4.584429,1464,10.6243
17905,35,0,3.061820,3.061820,1472,10.6114
17906,0,21,3.315895,3.315895,1455,10.7390
17907,21,9,4.320478,4.320478,1453,10.6250
17908,9,44,3.466368,3.466368,1472,10.7223
17909,44,35,5.364800,5.364800,1382,10.5544
17910,35,53,2.925396,2.925396,1472,10.6601
17911,53,11,3.734622,3.734622,1442,10.6242
17912,11,42,2.860989,2.860989,1446,10.6736
17913,42,54,3.419875,3.419875,1465,10.7549
17914,54,25,2.803603,2.803603,1403,10.5178
17915,25,36,2.281210,2.281210,1467,10.6385
17916,36,29,3.160679,3.160679,1448,10.6690
17917,29,48,2.779850,2.779850,1479,10.6748
17918,48,51,2.564483,2.564483,1442,10.5630
17919,51,29,2.438003,2.438003,1442,10.4976
17920,29,48,2.610126,2.610126,1452,10.5976
17921,48,51,2.455537,2.455537,1450,10.5419
17922,51,29,2.313081,2.313081,1434,10.5962
17923,29,11,3.435518,3.435518,1402,10.4974
17924,11,42,2.776083,2.776083,1456,10.5705
17925,42,54,3.318008,3.318008,1456,10.6016
17926,54,44,4.736024,4.736024,1471,10.5797
17927,44,35,5.216554,5.216554,1455,10.6119
17928,35,0,2.987740,2.987740,1350,10.3359
17929,0,21,3.220022,3.220022,1447,10.5995
17930,21,9,4.225135,4.225135,1441,10.5928
17931,9,3,3.420805,3.420805,1445,10.5972
17932,3,10,2.705912,2.705912,1310,10.1696
17933,10,2,3.258688,3.258688,1008,8.5380
17934,2,54,5.476717,5.476717,1171,9.7855
17935,54,25,2.714192,2.714192,1413,10.6017
17936,25,2,5.674541,5.674541,1435,10.5906
17937,2,54,5.164392,5.164392,1067,9.1047
17938,54,0,4.272790,4.272790,1478,10.5560
17939,0,25,2.695960,2.695960,1450,10.5809
17940,25,2,5.559814,5.559814,1450,10.6837
17941,2,12,2.932141,2.932141,1355,10.5145
17942,12,35,3.487153,3.487153,1487,10.6395
17943,35,8,2.403271,2.403271,1478,10.6679
17944,8,41,2.320524,2.320524,1465,10.6220
17945,41,6,3.394187,3.394187,1453,10.5749
17946,6,32,2.616519,2.616519,1449,10.6821
17947,32,27,3.098561,3.098561,1458,10.6990
17948,27,20,4.444570,4.444570,1434,10.5620
17949,20,3,3.216131,3.216131,1448,10.7221
17950,3,39,2.884811,2.884811,1454,10.5357
17951,39,59,3.467392,3.467392,1459,10.6111
17952,59,15,4.291285,4.291285,1477,10.6524
17953,15,19,3.450380,3.450380,1450,10.6559
17954,19,38,5.742720,5.742720,1472,10.7008
17955,38,50,3.028692,3.028692,212,4.1079
17956,50,54,3.711407,3.711407,1426,10.5674
17957,54,0,4.153754,4.153754,1420,10.5036
17958,0,60,3.237690,3.237690,1380,10.4340
17959,60,38,3.456947,3.456947,1418,10.5083
17960,38,50,2.956725,2.956725,1444,10.6055
17961,50,53,4.235436,4.235436,1468,10.7760
17962,53,11,3.621144,3.621144,1451,10.7003
17963,11,24,4.064943,4.064943,1479,10.7032
17964,24,54,3.137143,3.137143,1453,10.6662
17965,54,25,2.630076,2.630076,1455,10.5876
17966,25,36,2.292213,2.292213,1468,10.6768
17967,36,29,3.178475,3.178475,1461,10.6429
17968,29,11,3.288696,3.288696,1448,10.5884
17969,11,42,2.724063,2.724063,1477,10.6714
17970,42,54,3.432732,3.432732,1465,10.6561
17971,54,25,2.534044,2.534044,1436,10.6217
17972,25,2,5.500184,5.500184,1428,10.5063
17973,2,54,4.770209,4.770209,1456,10.5892
17974,54,25,2.409137,2.409137,1455,10.5929
17975,25,2,5.377161,5.377161,1451,10.5640
17976,2,54,4.494567,4.494567,1479,10.7761
17977,54,25,2.297198,2.297198,1429,10.5668
17978,25,36,2.295038,2.295038,1468,10.5824
17979,36,29,3.084419,3.084419,1455,10.6288
17980,29,11,3.115433,3.115433,1448,10.5911
17981,11,45,2.594804,2.594804,1449,10.5520
17982,45,63,2.667922,2.667922,1456,10.6128
17983,63,47,4.329724,4.329724,1453,10.5912
17984,47,56,2.283242,2.283242,1461,10.6535
17985,56,34,3.285906,3.285906,1451,10.5578
17986,34,40,2.056870,2.056870,1445,10.5989
17987,40,57,2.060214,2.060214,1422,10.5371
17988,57,52,2.625655,2.625655,1409,10.5830
17989,52,22,4.367983,4.367983,1350,10.3039
17990,22,47,2.687465,2.687465,1293,10.0883
17991,47,56,2.140513,2.140513,1507,10.5958
17992,56,6,3.356097,3.356097,1458,10.6090
17993,6,32,2.496561,2.496561,1465,10.6598
17994,32,9,2.699733,2.699733,1452,10.6378
17995,9,15,2.982640,2.982640,1456,10.5917
17996,15,49,2.739365,2.739365,1467,10.6658
17997,49,50,4.364916,4.364916,1432,10.6901
17998,50,54,3.482279,3.482279,1379,10.5392
17999,54,25,2.252341,2.252341,1397,10.4342
18000,25,29,2.582758,2.582758,1309,10.0531
18001,29,11,2.956377,2.956377,1445,10.7479
18002,11,42,2.685011,2.685011,1388,10.5337
18003,42,45,2.377770,2.377770,1451,10.5760
18004,45,30,3.184822,3.184822,1460,10.6565
18005,30,46,3.364174,3.364174,1451,10.6098
18006,46,46,1.153410,1.153410,1473,10.6717
18007,46,47,2.666831,2.666831,1463,10.6940
18008,47,51,3.644580,3.644580,1495,10.7200
18009,51,16,2.903256,2.903256,1460,10.6847
18010,16,23,3.501204,3.501204,1445,10.6390
18011,23,29,1.722393,1.722393,1458,10.5772
18012,29,11,2.812988,2.812988,1458,10.5587
18013,11,42,2.618216,2.618216,1451,10.5450
18014,42,0,4.298907,4.298907,1446,10.5865
18015,0,25,2.575820,2.575820,1446,10.5801
18016,25,29,2.505063,2.505063,1459,10.5560
18017,29,23,2.323369,2.323369,1464,10.5940
18018,23,29,1.618045,1.618045,1466,10.5721
18019,29,23,2.140471,2.140471,1463,10.5631
18020,23,29,1.507149,1.507149,1435,10.5412
18021,29,11,2.809414,2.809414,1458,10.5244
18022,11,42,2.565844,2.565844,1450,10.5502
18023,42,54,3.778660,3.778660,1475,10.5864
18024,54,0,4.099394,4.099394,1452,10.5767
18025,0,21,3.338303,3.338303,1468,10.5977
18026,21,48,2.339863,2.339863,1487,10.5892
18027,48,25,3.688422,3.688422,1420,10.6770
18028,25,36,2.315558,2.315558,1469,10.5536
18029,36,29,2.891912,2.891912,1436,10.5788
18030,29,11,2.659869,2.659869,1441,10.5487
18031,11,42,2.471743,2.471743,1469,10.6544
18032,42,54,3.674830,3.674830,1444,10.5798
18033,54,25,2.280818,2.280818,1473,10.5794
18034,25,2,5.349129,5.349129,1453,10.5439
18035,2,45,4.233115,4.233115,702,7.4960
18036,45,30,3.018067,3.018067,1433,10.5091
18037,30,31,2.693897,2.693897,1446,10.5275
18038,31,12,4.294610,4.294610,1466,10.6927
18039,12,35,3.314177,3.314177,1433,10.6033
18040,35,53,2.865965,2.865965,1432,10.5990
18041,53,17,2.285488,2.285488,1469,10.7029
18042,17,1,4.602746,4.602746,1466,10.5838
18043,1,32,2.718345,2.718345,1358,10.3649
18044,32,9,2.568864,2.568864,1360,10.3981
18045,9,44,3.584772,3.584772,1478,10.6466
18046,44,35,5.138271,5.138271,1453,10.6395
18047,35,0,3.202888,3.202888,1488,10.6553
18048,0,21,3.230453,3.230453,1447,10.5655
18049,21,9,4.202619,4.202619,1461,10.6568
18050,9,15,2.953772,2.953772,1465,10.6499
18051,15,19,3.480436,3.480436,1490,10.6862
18052,19,24,2.791866,2.791866,1441,10.6282
18053,24,54,3.022408,3.022408,1478,10.7186
18054,54,25,2.210303,2.210303,1440,10.5893
18055,25,2,5.187507,5.187507,1499,10.5901
18056,2,45,4.012139,4.012139,1072,8.5584
18057,45,63,2.624538,2.624538,1461,10.6668
18058,63,18,2.804986,2.804986,1332,10.1772
18059,18,38,3.085793,3.085793,1463,10.6792
18060,38,2,3.760008,3.760008,1475,10.8423
18061,2,54,4.205664,4.205664,1412,10.5041
18062,54,0,4.085383,4.085383,1457,10.6042
18063,0,25,2.436162,2.436162,1415,10.5284
18064,25,36,2.341627,2.341627,1490,10.5958
18065,36,21,2.984108,2.984108,1458,10.6716
18066,21,48,2.319190,2.319190,1456,10.5665
18067,48,51,2.592361,2.592361,1474,10.6045
18068,51,16,2.804478,2.804478,1448,10.6424
18069,16,53,4.402736,4.402736,1468,10.6193
18070,53,11,3.745608,3.745608,1472,10.6933
18071,11,45,2.909971,2.909971,1471,10.6703
18072,45,63,2.575454,2.575454,1423,10.6876
18073,63,47,4.282765,4.282765,1458,10.5865
18074,47,56,2.155996,2.155996,1490,10.6597
18075,56,34,3.219088,3.219088,1441,10.5957
18076,34,7,4.557175,4.557175,1457,10.6470
18077,7,31,3.538777,3.538777,1271,10.2541
18078,31,54,4.102275,4.102275,1446,10.6058
18079,54,25,2.113498,2.113498,1463,10.5947
18080,25,29,2.535547,2.535547,1458,10.5970
18081,29,11,2.628904,2.628904,1436,10.5870
18082,11,42,2.473275,2.473275,1457,10.6409
18083,42,45,2.566307,2.566307,1454,10.5708
18084,45,30,3.090444,3.090444,1491,10.6654
18085,30,31,2.691740,2.691740,1439,10.5893
18086,31,12,4.206007,4.206007,1456,10.5793
18087,12,20,3.745560,3.745560,1477,10.8229
18088,20,3,3.137762,3.137762,1391,10.6210
18089,3,10,2.497224,2.497224,738,6.3273
18090,10,2,3.884474,3.884474,1448,10.5713
18091,2,54,4.205235,4.205235,1456,10.6785
18092,54,25,2.052054,2.052054,1454,10.6011
18093,25,2,5.146379,5.146379,1453,10.5930
18094,2,12,2.730046,2.730046,1446,10.6296
18095,12,35,3.280763,3.280763,1441,10.6815
18096,35,0,3.156931,3.156931,1461,10.6083
18097,0,25,2.467128,2.467128,1443,10.8219
18098,25,36,2.363403,2.363403,1462,10.5576
18099,36,34,3.741815,3.741815,1469,10.5926
18100,34,35,3.810408,3.810408,1446,10.6567
18101,35,0,3.038363,3.038363,1475,10.6443
18102,0,60,3.334510,3.334510,1454,10.6022
18103,60,44,5.500588,5.500588,1434,10.5380
18104,44,35,4.894769,4.894769,1471,10.7756
18105,35,0,2.925221,2.925221,1437,10.5552
18106,0,21,3.125117,3.125117,1454,10.6064
18107,21,9,4.188722,4.188722,1450,10.5422
18108,9,15,2.873321,2.873321,1458,10.6886
18109,15,19,3.393791,3.393791,1464,10.6364
18110,19,51,5.840224,5.840224,1085,9.6783
18111,51,29,2.643796,2.643796,1454,10.6899
18112,29,11,2.497460,2.497460,1453,10.5946
18113,11,42,2.393635,2.393635,1439,10.5295
18114,42,45,2.462109,2.462109,1464,10.6528
18115,45,30,3.019725,3.019725,1423,10.5245
18116,30,31,2.669517,2.669517,1445,10.5658
18117,31,12,4.083332,4.083332,1458,10.6046
18118,12,35,3.265029,3.265029,1446,10.6675
18119,35,0,2.790639,2.790639,1478,10.5872
18120,0,60,3.217870,3.217870,1452,10.5733
18121,60,38,3.486989,3.486989,1506,10.5761
18122,38,2,3.644373,3.644373,1454,10.6963
18123,2,12,2.663372,2.663372,1471,10.6291
18124,12,43,4.422713,4.422713,1440,10.5683
18125,43,51,4.388185,4.388185,1308,10.2162
18126,51,29,2.551415,2.551415,1471,10.6636
18127,29,23,2.263544,2.263544,1446,10.6134
18128,23,29,1.634291,1.634291,1466,10.6242
18129,29,11,2.436581,2.436581,1477,10.6952
18130,11,45,2.813058,2.813058,1432,10.7808
18131,45,30,2.957149,2.957149,1446,10.5652
18132,30,31,2.639197,2.639197,1470,10.6350
18133,31,54,3.952957,3.952957,1488,10.6695
18134,54,0,4.197971,4.197971,1463,10.6524
18135,0,21,3.065280,3.065280,1448,10.6014
18136,21,48,2.397411,2.397411,1454,10.5862
18137,48,51,2.741821,2.741821,1454,10.6660
18138,51,29,2.420351,2.420351,1458,10.5806
18139,29,23,2.159483,2.159483,1453,10.6206
18140,23,29,1.545574,1.545574,1455,10.6079
18141,29,11,2.380673,2.380673,1454,10.6098
18142,11,45,2.742680,2.742680,1448,10.5854
18143,45,63,2.815132,2.815132,1434,10.5745
18144,63,47,4.161732,4.161732,1475,10.7178
18145,47,56,2.103595,2.103595,1444,10.6480
18146,56,34,3.151927,3.151927,1445,10.5584
18147,34,35,3.723760,3.723760,1479,10.6954
18148,35,8,2.588409,2.588409,1468,10.6994
18149,8,41,2.277672,2.277672,1490,10.7503
18150,41,30,5.640247,5.640247,1330,10.3922
18151,30,46,3.612644,3.612644,1451,10.5454
18152,46,47,2.528726,2.528726,1452,10.6364
18153,47,51,3.760507,3.760507,1454,10.5432
18154,51,51,1.376253,1.376253,1451,10.5801
18155,51,16,2.741060,2.741060,1463,10.5975
18156,16,21,5.570225,5.570225,1489,10.7118
18157,21,47,4.494212,4.494212,1454,10.6163
18158,47,51,3.482898,3.482898,1441,10.5959
18159,51,16,2.638630,2.638630,1428,10.5447
18160,16,53,4.358188,4.358188,1454,10.7387
18161,53,0,3.211667,3.211667,1488,10.6314
18162,0,25,2.672187,2.672187,1444,10.6149
18163,25,36,2.315870,2.315870,1464,10.7007
18164,36,29,3.047777,3.047777,418,5.8544
18165,29,23,2.090296,2.090296,1455,10.5446
18166,23,29,1.535587,1.535587,1434,10.5258
18167,29,11,2.346405,2.346405,1441,10.5893
18168,11,45,2.670065,2.670065,1458,10.5509
18169,45,62,5.198913,5.198913,1464,10.5610
18170,62,60,4.117762,4.117762,1423,10.6527
18171,60,38,3.334619,3.334619,1463,10.7149
18172,38,2,3.491276,3.491276,1461,10.6278
18173,2,12,2.564272,2.564272,1240,9.5757
18174,12,43,4.259386,4.259386,1448,10.6546
18175,43,11,4.205773,4.205773,1464,10.6935
18176,11,45,2.483778,2.483778,1453,10.5518
18177,45,63,2.839898,2.839898,1453,10.6321
18178,63,18,2.881095,2.881095,1439,10.6071
18179,18,38,2.989396,2.989396,1473,10.6585
18180,38,50,3.145827,3.145827,1454,10.6068
18181,50,54,3.487265,3.487265,1436,10.6833
18182,54,25,2.141316,2.141316,1453,10.6125
18183,25,2,4.776612,4.776612,1471,10.5604
18184,2,54,3.804692,3.804692,1460,10.5752
18185,54,25,2.043688,2.043688,1475,10.6315
18186,25,36,2.288447,2.288447,1442,10.5453
18187,36,29,2.967334,2.967334,1452,10.5755
18188,29,23,2.035490,2.035490,1436,10.5704
18189,23,29,1.511742,1.511742,1462,10.5831
18190,29,11,2.366680,2.366680,1466,10.5929
18191,11,42,2.713902,2.713902,1458,10.5716
18192,42,54,4.035961,4.035961,1440,10.5916
18193,54,25,1.975544,1.975544,1435,10.5365
18194,25,36,2.209384,2.209384,1456,10.5408
18195,36,34,3.896102,3.896102,1457,10.6043
18196,34,40,2.172811,2.172811,1452,10.6786
18197,40,25,5.523944,5.523944,1409,10.5708
18198,25,36,2.037727,2.037727,1467,10.5548
18199,36,34,3.815502,3.815502,1456,10.5655
18200,34,40,2.102523,2.102523,1444,10.6757
18201,40,25,5.361570,5.361570,1462,10.5987
18202,25,36,1.900408,1.900408,1468,10.5689
18203,36,34,3.718176,3.718176,1483,10.5853
18204,34,7,4.581395,4.581395,1443,10.5523
18205,7,22,4.759617,4.759617,1337,10.0007
18206,22,20,4.357043,4.357043,1276,9.8883
18207,20,10,2.073518,2.073518,1362,10.4602
18208,10,2,4.050463,4.050463,1421,10.5880
18209,2,12,2.483837,2.483837,1473,10.6572
18210,12,35,3.250286,3.250286,1469,10.6692
18211,35,0,2.751526,2.751526,1445,10.6342
18212,0,21,3.116225,3.116225,1433,10.5367
18213,21,9,4.050433,4.050433,1453,10.5764
18214,9,15,2.767097,2.767097,1447,10.6282
18215,15,49,2.895720,2.895720,1351,10.4100
18216,49,50,4.293920,4.293920,1470,10.6808
18217,50,53,4.306678,4.306678,1455,10.6650
18218,53,17,2.207199,2.207199,1440,10.6225
18219,17,1,4.367247,4.367247,1480,10.6169
18220,1,32,2.692323,2.692323,1463,10.6616
18221,32,9,2.658477,2.658477,1390,10.4891
18222,9,15,2.663962,2.663962,1468,10.6240
18223,15,19,3.417194,3.417194,1428,10.5729
18224,19,24,2.827311,2.827311,1459,10.6504
18225,24,0,5.143285,5.143285,1455,10.7165
18226,0,21,2.995177,2.995177,1456,10.6351
18227,21,9,4.002783,4.002783,1408,10.6055
18228,9,15,2.597955,2.597955,1469,10.7049
18229,15,49,2.966011,2.966011,1452,10.5902
18230,49,50,4.193170,4.193170,1438,10.6081
18231,50,53,4.163603,4.163603,1462,10.6436
18232,53,17,2.135160,2.135160,1441,10.6213
18233,17,7,2.981490,2.981490,1448,10.6274
18234,7,16,4.380504,4.380504,1448,10.6281
18235,16,23,3.417089,3.417089,1468,10.7141
18236,23,18,3.937181,3.937181,1439,10.6119
18237,18,12,4.045384,4.045384,1479,10.6208
18238,12,35,3.180774,3.180774,1469,10.6538
18239,35,0,2.738015,2.738015,1455,10.6209
18240,0,25,2.833992,2.833992,1483,10.6816
18241,25,36,1.840966,1.840966,1459,10.6203
18242,36,29,2.999496,2.999496,1405,10.5629
18243,29,11,2.278269,2.278269,1464,10.6974
18244,11,42,2.596196,2.596196,1441,10.6180
18245,42,45,2.123443,2.123443,1458,10.6727
18246,45,63,2.754001,2.754001,1463,10.6726
18247,63,6,5.294987,5.294987,1434,10.5654
18248,6,32,2.627966,2.627966,1443,10.6744
18249,32,9,2.574496,2.574496,1441,10.7755
18250,9,44,3.825879,3.825879,1441,10.6367
18251,44,35,4.892476,4.892476,1469,10.6669
18252,35,8,2.633338,2.633338,1464,10.6499
18253,8,41,2.239744,2.239744,1424,10.6117
18254,41,6,3.429713,3.429713,1454,10.7326
18255,6,32,2.537300,2.537300,1464,10.6594
18256,32,9,2.431835,2.431835,1454,10.6028
18257,9,15,2.559885,2.559885,1445,10.6093
18258,15,49,2.919104,2.919104,1467,10.6527
18259,49,48,5.718035,5.718035,1445,10.6197
18260,48,51,2.682364,2.682364,1433,10.7509
18261,51,16,2.603098,2.603098,1481,10.6503
18262,16,21,5.346667,5.346667,1447,10.6009
18263,21,48,2.561019,2.561019,1454,10.6577
18264,48,6,3.576274,3.576274,1447,10.6670
18265,6,56,3.089979,3.089979,1470,10.6221
18266,56,1,2.626773,2.626773,1404,10.5237
18267,1,19,5.028378,5.028378,1471,10.5898
18268,19,24,2.719018,2.719018,831,7.6282
18269,24,0,5.121920,5.121920,961,8.6512
18270,0,21,2.978102,2.978102,1403,10.5969
18271,21,47,4.390297,4.390297,1481,10.7551
18272,47,22,3.364777,3.364777,1452,10.7013
18273,22,35,4.840534,4.840534,1439,10.6483
18274,35,0,2.795131,2.795131,1456,10.6719
18275,0,25,2.752911,2.752911,1470,10.6056
18276,25,36,1.797320,1.797320,1464,10.6568
18277,36,34,3.680592,3.680592,1435,10.6365
18278,34,35,3.711708,3.711708,1468,10.6051
18279,35,0,2.683872,2.683872,1478,10.6771
18280,0,25,2.711263,2.711263,1457,10.5775
18281,25,2,4.815397,4.815397,1471,10.6510
18282,2,12,2.451967,2.451967,1468,10.5877
18283,12,35,3.278535,3.278535,1466,10.6826
18284,35,0,2.553149,2.553149,1459,10.6363
18285,0,25,2.644963,2.644963,1490,10.5967
18286,25,2,4.648467,4.648467,1448,10.6330
18287,2,54,3.695558,3.695558,1474,10.6446
18288,54,25,2.190992,2.190992,1474,10.6144
18289,25,2,4.466044,4.466044,1418,10.5458
18290,2,45,4.204097,4.204097,1473,10.5972
18291,45,30,3.319513,3.319513,1449,10.6033
18292,30,46,3.566178,3.566178,1444,10.7671
18293,46,47,2.534373,2.534373,1457,10.6202
18294,47,22,3.297877,3.297877,1458,10.6535
18295,22,47,2.823246,2.823246,1423,10.5438
18296,47,56,2.243687,2.243687,1434,10.6560
18297,56,1,2.535197,2.535197,1499,10.6299
18298,1,47,2.810269,2.810269,1456,10.6344
18299,47,51,3.442818,3.442818,1457,10.5938
18300,51,29,2.670068,2.670068,1455,10.6002
18301,29,11,2.206817,2.206817,1469,10.6406
18302,11,45,2.667750,2.667750,1458,10.6314
18303,45,62,5.072047,5.072047,1435,10.5584
18304,62,60,4.043516,4.043516,1485,10.6223
18305,60,36,2.941987,2.941987,1440,10.6669
18306,36,34,3.405777,3.405777,1480,10.6664
18307,34,35,3.616127,3.616127,1477,10.6505
18308,35,0,2.458678,2.458678,1444,10.6120
18309,0,25,2.647909,2.647909,1454,10.5448
18310,25,2,4.238744,4.238744,1428,10.5162
18311,2,54,3.418449,3.418449,1457,10.6192
18312,54,25,2.149670,2.149670,1471,10.6282
18313,25,36,1.924423,1.924423,1446,10.5711
18314,36,29,3.058543,3.058543,1464,10.5349
18315,29,23,2.148316,2.148316,1466,10.7059
18316,23,29,1.667452,1.667452,1450,10.5857
18317,29,48,3.195182,3.195182,1471,10.6288
18318,48,25,3.991237,3.991237,1497,10.5937
18319,25,36,1.815454,1.815454,1465,10.5920
18320,36,29,2.946821,2.946821,1454,10.6326
18321,29,48,3.021588,3.021588,1452,10.6056
18322,48,25,3.839215,3.839215,1489,10.5762
18323,25,29,2.641363,2.641363,1476,10.5988
18324,29,11,2.321786,2.321786,1470,10.6172
18325,11,42,2.638135,2.638135,1440,10.5642
18326,42,45,2.108727,2.108727,1481,10.5460
18327,45,63,2.738274,2.738274,1440,10.5881
18328,63,18,2.895509,2.895509,1475,10.5453
18329,18,18,0.955113,0.955113,1467,10.5862
18330,18,12,3.970300,3.970300,1443,10.5444
18331,12,20,3.814772,3.814772,1461,10.6280
18332,20,10,2.045138,2.045138,523,6.0256
18333,10,2,4.349771,4.349771,21,3.1213
18334,2,12,2.451451,2.451451,1481,10.5437
18335,12,35,3.291535,3.291535,1464,10.6118
18336,35,0,2.355423,2.355423,1483,10.7020
18337,0,21,3.041517,3.041517,1476,10.5885
18338,21,47,4.339361,4.339361,1440,10.5577
18339,47,51,3.257264,3.257264,1456,10.6123
18340,51,29,2.745684,2.745684,1472,10.6285
18341,29,23,2.245910,2.245910,1448,10.5269
18342,23,29,1.603111,1.603111,1413,10.5177
18343,29,23,2.068940,2.068940,1474,10.5678
18344,23,0,5.087278,5.087278,1453,10.5166
18345,0,60,3.539589,3.539589,1433,10.5762
18346,60,38,3.308667,3.308667,1460,10.5367
18347,38,2,3.474120,3.474120,1460,10.5974
18348,2,45,4.230246,4.230246,1428,10.4538
18349,45,30,3.291311,3.291311,1475,10.5834
18350,30,31,2.745979,2.745979,1438,10.5328
18351,31,12,4.162940,4.162940,1451,10.6887
18352,12,35,3.138191,3.138191,1437,10.5870
18353,35,53,3.461459,3.461459,1458,10.6775
18354,53,17,2.125785,2.125785,1440,10.6036
18355,17,7,2.861288,2.861288,1411,10.5658
18356,7,31,3.532244,3.532244,1427,10.6059
18357,31,12,4.051329,4.051329,1443,10.6081
18358,12,35,2.979575,2.979575,1475,10.5452
18359,35,8,2.800794,2.800794,1428,10.5602
18360,8,52,4.408166,4.408166,1452,10.6155
18361,52,22,4.197331,4.197331,1017,9.0135
18362,22,35,4.845222,4.845222,1449,10.6636
18363,35,8,2.648393,2.648393,1423,10.5153
18364,8,41,2.269458,2.269458,1458,10.6356
18365,41,30,5.510779,5.510779,1451,10.6115
18366,30,31,2.621117,2.621117,1450,10.6147
18367,31,12,3.907544,3.907544,1452,10.5821
18368,12,35,2.922757,2.922757,1442,10.6004
18369,35,8,2.574362,2.574362,1443,10.6744
18370,8,41,2.227742,2.227742,1464,10.6685
18371,41,6,3.351052,3.351052,1455,10.5807
18372,6,56,3.040281,3.040281,1457,10.5819
18373,56,34,3.492627,3.492627,1447,10.6706
18374,34,7,4.580296,4.580296,1435,10.5434
18375,7,16,4.252751,4.252751,1439,10.5816
18376,16,21,5.110821,5.110821,1473,10.6914
18377,21,48,2.514760,2.514760,1453,10.5474
18378,48,51,2.781769,2.781769,1450,10.7103
18379,51,29,2.589440,2.589440,1463,10.5291
18380,29,11,2.333943,2.333943,1466,10.7699
18381,11,42,2.605674,2.605674,1443,10.5406
18382,42,54,4.251031,4.251031,1467,10.6015
18383,54,0,4.412106,4.412106,1456,10.6942
18384,0,21,3.008548,3.008548,1453,10.6297
18385,21,9,4.017504,4.017504,1446,10.5866
18386,9,3,3.699820,3.699820,1450,10.6085
18387,3,39,2.894026,2.894026,1417,10.5668
18388,39,15,2.902026,2.902026,1394,10.4831
18389,15,49,2.723568,2.723568,1473,10.6787
18390,49,50,4.135944,4.135944,1456,10.5594
18391,50,54,3.324015,3.324015,590,6.2753
18392,54,0,4.300060,4.300060,1461,10.6262
18393,0,60,3.410735,3.410735,1440,10.6286
18394,60,36,2.892224,2.892224,1463,10.7868
18395,36,29,2.837533,2.837533,1478,10.6831
18396,29,48,2.938996,2.938996,1458,10.6719
18397,48,51,2.683393,2.683393,1463,10.5849
18398,51,29,2.527055,2.527055,1449,10.6785
18399,29,23,2.113523,2.113523,1448,10.6613
18400,23,29,1.550746,1.550746,1461,10.5796
18401,29,11,2.342939,2.342939,1440,10.5895
18402,11,42,2.535896,2.535896,1470,10.5437
18403,42,54,4.166534,4.166534,1468,10.6808
18404,54,25,2.342404,2.342404,1455,10.5918
18405,25,36,1.922411,1.922411,1477,10.5773
18406,36,34,3.505402,3.505402,1444,10.6685
18407,34,35,3.647210,3.647210,1502,10.6439
18408,35,53,3.494344,3.494344,1453,10.6328
18409,53,17,2.117225,2.117225,1463,10.6791
18410,17,1,4.275731,4.275731,1424,10.5615
18411,1,19,4.836302,4.836302,1402,10.5861
18412,19,24,2.644359,2.644359,1390,10.5681
18413,24,4,2.632666,2.632666,1445,10.6944
18414,4,23,4.478789,4.478789,1450,10.5545
18415,23,29,1.560035,1.560035,1449,10.6396
18416,29,11,2.206898,2.206898,1467,10.6396
18417,11,42,2.448166,2.448166,1479,10.6710
18418,42,54,4.069220,4.069220,1451,10.5489
18419,54,25,2.250464,2.250464,1454,10.7036
18420,25,2,4.237253,4.237253,1441,10.5534
18421,2,54,3.492484,3.492484,1448,10.6164
18422,54,0,4.189961,4.189961,1451,10.5890
18423,0,25,2.520334,2.520334,1469,10.6322
18424,25,29,2.794988,2.794988,1443,10.6151
18425,29,11,2.085534,2.085534,1439,10.5423
18426,11,45,3.073079,3.073079,1489,10.6284
18427,45,30,3.324242,3.324242,1450,10.6200
18428,30,31,2.624305,2.624305,1464,10.6553
18429,31,12,3.760222,3.760222,1453,10.7147
18430,12,35,2.842541,2.842541,1454,10.8378
18431,35,53,3.374099,3.374099,1418,10.5292
18432,53,11,4.455842,4.455842,1450,10.6073
18433,11,24,4.955391,4.955391,1455,10.6886
18434,24,54,3.218450,3.218450,1426,10.6207
18435,54,44,4.710812,4.710812,1458,10.6913
18436,44,35,5.199342,5.199342,1442,10.7379
18437,35,53,3.172961,3.172961,1459,10.5855
18438,53,0,2.968452,2.968452,1451,10.6107
18439,0,25,2.492326,2.492326,1454,10.6782
18440,25,36,1.972532,1.972532,1451,10.5952
18441,36,34,3.367287,3.367287,1450,10.5695
18442,34,35,3.550983,3.550983,1453,10.6494
18443,35,0,2.683454,2.683454,1452,10.6126
18444,0,21,3.089804,3.089804,1452,10.5898
18445,21,9,3.898625,3.898625,1448,10.5933
18446,9,15,2.534156,2.534156,1465,10.6565
18447,15,19,3.511313,3.511313,1458,10.6144
18448,19,51,5.938846,5.938846,1448,10.7041
18449,51,16,2.698774,2.698774,1464,10.6709
18450,16,23,3.452958,3.452958,1472,10.6027
18451,23,18,3.790514,3.790514,1459,10.6105
18452,18,12,4.021540,4.021540,1467,10.6941
18453,12,35,2.914486,2.914486,1445,10.6700
18454,35,53,3.154139,3.154139,1409,10.5783
18455,53,17,2.230206,2.230206,1467,10.7348
18456,17,7,2.875843,2.875843,1456,10.6084
18457,7,31,3.430259,3.430259,1435,10.5728
18458,31,12,3.716971,3.716971,1479,10.6857
18459,12,20,4.061427,4.061427,1469,10.5959
18460,20,8,3.165631,3.165631,1376,10.4874
18461,8,41,2.142370,2.142370,1460,10.6621
18462,41,6,3.228496,3.228496,1475,10.5719
18463,6,32,2.598021,2.598021,1448,10.6766
18464,32,9,2.509881,2.509881,1434,10.5977
18465,9,15,2.441203,2.441203,1470,10.6530
18466,15,49,2.800475,2.800475,1446,10.5928
18467,49,50,4.010416,4.010416,1470,10.6081
18468,50,33,3.158456,3.158456,1475,10.5695
18469,33,11,6.584295,6.584295,1456,10.6762
18470,11,42,2.362996,2.362996,1355,10.5107
18471,42,0,4.610509,4.610509,1452,10.6960
18472,0,60,3.402274,3.402274,1478,10.6795
18473,60,36,2.829669,2.829669,1403,10.5266
18474,36,34,3.182344,3.182344,1446,10.5679
18475,34,35,3.460938,3.460938,1462,10.6161
18476,35,0,2.700506,2.700506,1435,10.5422
18477,0,25,2.522106,2.522106,1462,10.6228
18478,25,36,1.901542,1.901542,1465,10.5913
18479,36,34,3.102831,3.102831,1456,10.7228
18480,34,40,2.545425,2.545425,1471,10.6150
18481,40,25,5.070193,5.070193,1464,10.7623
18482,25,2,4.143222,4.143222,1447,10.6093
18483,2,54,3.326809,3.326809,1439,10.6623
18484,54,25,2.335795,2.335795,1467,10.6089
18485,25,2,3.970713,3.970713,1465,10.7217
18486,2,54,3.141614,3.141614,1460,10.6324
18487,54,25,2.215178,2.215178,1469,10.6930
18488,25,36,1.892305,1.892305,1458,10.6075
18489,36,29,2.997681,2.997681,1480,10.5973
18490,29,23,2.194370,2.194370,1435,10.5933
18491,23,29,1.686008,1.686008,1438,10.5468
18492,29,11,2.316287,2.316287,1447,10.5338
18493,11,42,2.306759,2.306759,1489,10.6913
18494,42,54,4.185825,4.185825,1466,10.6595
18495,54,25,2.131652,2.131652,1440,10.6343
18496,25,36,1.836136,1.836136,1458,10.5624
18497,36,29,2.906197,2.906197,1476,10.6797
18498,29,11,2.213923,2.213923,1457,10.6107
18499,11,24,4.669467,4.669467,1454,10.6456
18500,24,0,5.064333,5.064333,1443,10.6586
18501,0,25,2.480845,2.480845,1452,10.7317
18502,25,36,1.768125,1.768125,1487,10.5547
18503,36,29,2.810622,2.810622,1451,10.6904
18504,29,11,2.110960,2.110960,1422,10.5363
18505,11,42,2.307257,2.307257,1452,10.6073
18506,42,0,4.533244,4.533244,1453,10.7795
18507,0,21,3.048117,3.048117,1466,10.6058
18508,21,48,2.693900,2.693900,1475,10.6829
18509,48,51,2.767920,2.767920,1470,10.5869
18510,51,29,2.772773,2.772773,1430,10.6128
18511,29,11,2.005793,2.005793,1457,10.5633
18512,11,45,3.227452,3.227452,1486,10.5941
18513,45,30,3.257992,3.257992,1475,10.5803
18514,30,46,3.796053,3.796053,1471,10.6079
18515,46,47,2.608519,2.608519,1461,10.6456
18516,47,56,2.223222,2.223222,1443,10.6708
18517,56,34,3.654568,3.654568,1466,10.6301
18518,34,40,2.396553,2.396553,1458,10.5503
18519,40,57,2.167120,2.167120,1460,10.8884
18520,57,59,5.247249,5.247249,1457,10.7318
18521,59,10,4.103515,4.103515,426,4.6113
18522,10,21,5.736303,5.736303,600,5.2474
18523,21,9,3.792708,3.792708,1473,10.5762
18524,9,3,3.621536,3.621536,1468,10.6751
18525,3,41,2.897490,2.897490,1448,10.5660
18526,41,30,5.506986,5.506986,1450,10.5923
18527,30,46,3.660674,3.660674,1464,10.7108
18528,46,1,4.484676,4.484676,1462,10.7189
18529,1,19,4.657781,4.657781,1455,10.5972
18530,19,24,2.786960,2.786960,1335,10.5480
18531,24,54,3.134408,3.134408,1348,10.4630
18532,54,25,2.147385,2.147385,1466,10.6445
18533,25,29,2.889874,2.889874,1453,10.6074
18534,29,23,2.440168,2.440168,1462,10.6742
18535,23,29,1.746865,1.746865,1450,10.6108
18536,29,48,3.132785,3.132785,1470,10.7672
18537,48,51,2.678874,2.678874,1456,10.6872
18538,51,16,2.708886,2.708886,1458,10.6409
18539,16,23,3.344909,3.344909,1447,10.6002
18540,23,18,3.734584,3.734584,1442,10.5759
18541,18,38,3.068627,3.068627,1458,10.6124
18542,38,50,3.538439,3.538439,1455,10.6435
18543,50,53,4.183170,4.183170,1446,10.6117
18544,53,0,2.847206,2.847206,1453,10.7006
18545,0,21,3.013007,3.013007,1447,10.6215
18546,21,9,3.721357,3.721357,1475,10.5874
18547,9,44,4.023460,4.023460,1484,10.6246
18548,44,36,5.078653,5.078653,1450,10.6210
18549,36,34,3.203381,3.203381,1459,10.6143
18550,34,7,4.701517,4.701517,1468,10.6490
18551,7,31,3.261053,3.261053,1449,10.7034
18552,31,12,3.632299,3.632299,1470,10.6167
18553,12,20,3.905432,3.905432,1461,10.5899
18554,20,10,2.138614,2.138614,1273,10.2514
18555,10,11,7.372429,7.372429,804,6.8555
18556,11,45,2.946546,2.946546,1452,10.6399
18557,45,62,4.836589,4.836589,1445,10.5781
18558,62,60,4.023444,4.023444,1436,10.6517
18559,60,36,2.887899,2.887899,1467,10.6406
18560,36,34,3.018921,3.018921,1461,10.6958
18561,34,40,2.426994,2.426994,1454,10.6296
18562,40,21,4.701528,4.701528,1455,10.8268
18563,21,9,3.513526,3.513526,1477,10.6321
18564,9,15,2.526471,2.526471,1453,10.6053
18565,15,49,2.734707,2.734707,1379,10.4630
18566,49,43,5.006899,5.006899,1481,10.6212
18567,43,46,4.499246,4.499246,1388,10.5909
18568,46,46,1.397573,1.397573,1454,10.6647
18569,46,46,1.225383,1.225383,1461,10.5793
18570,46,1,4.451045,4.451045,1455,10.5619
18571,1,32,2.770934,2.770934,1456,10.6333
18572,32,9,2.636376,2.636376,1462,10.6822
18573,9,3,3.553714,3.553714,1481,10.7176
18574,3,41,2.786152,2.786152,1464,10.6187
18575,41,6,3.134120,3.134120,1461,10.6722
18576,6,32,2.590793,2.590793,1460,10.6115
18577,32,27,3.288878,3.288878,1470,10.5584
18578,27,2,5.536227,5.536227,1441,10.6785
18579,2,12,2.787351,2.787351,1432,10.6445
18580,12,20,3.727718,3.727718,1458,10.6220
18581,20,3,3.397641,3.397641,1474,10.7648
18582,3,39,2.975115,2.975115,1468,10.6891
18583,39,44,3.106647,3.106647,1480,10.8027
18584,44,36,5.052992,5.052992,1451,10.5757
18585,36,21,3.449271,3.449271,1436,10.5271
18586,21,47,4.344707,4.344707,1460,10.6325
18587,47,56,2.189516,2.189516,1444,10.5820
18588,56,34,3.670132,3.670132,1458,10.6950
18589,34,40,2.313997,2.313997,1425,10.7113
18590,40,25,5.103112,5.103112,1475,10.5820
18591,25,36,1.885639,1.885639,1444,10.5917
18592,36,21,3.321444,3.321444,1446,10.6285
18593,21,47,4.263946,4.263946,1452,10.5860
18594,47,51,3.316037,3.316037,1448,10.7861
18595,51,16,2.611971,2.611971,1471,10.6039
18596,16,21,5.210414,5.210414,1461,10.6756
18597,21,48,2.685906,2.685906,1458,10.7041
18598,48,25,4.142806,4.142806,1451,10.5862
18599,25,2,3.919836,3.919836,1436,10.5476
18600,2,12,2.693017,2.693017,1448,10.6586
18601,12,35,2.916345,2.916345,1458,10.7842
18602,35,53,3.166889,3.166889,1474,10.6588
18603,53,11,4.714946,4.714946,1463,10.6609
18604,11,24,4.368805,4.368805,1456,10.6096
18605,24,0,4.827136,4.827136,1302,9.8882
18606,0,21,2.801254,2.801254,1460,10.7007
18607,21,9,3.638233,3.638233,1451,10.5862
18608,9,15,2.524861,2.524861,1447,10.7454
18609,15,39,3.411973,3.411973,1447,10.6462
18610,39,44,2.923332,2.923332,1442,10.6551
18611,44,36,5.016760,5.016760,1454,10.6642
18612,36,21,3.163564,3.163564,1458,10.5560
18613,21,9,3.577009,3.577009,1438,10.6616
18614,9,44,4.074331,4.074331,1448,10.6056
18615,44,35,5.228874,5.228874,1453,10.5801
18616,35,53,2.992105,2.992105,1451,10.6669
18617,53,17,2.291380,2.291380,1446,10.6255
18618,17,7,2.834092,2.834092,1439,10.5927
18619,7,31,3.167804,3.167804,1471,10.6154
18620,31,12,3.595190,3.595190,1456,10.6107
18621,12,43,4.575763,4.575763,1436,10.6129
18622,43,51,4.569215,4.569215,1389,10.6250
18623,51,16,2.460209,2.460209,812,6.7680
18624,16,53,4.933681,4.933681,1463,10.5971
18625,53,17,2.177316,2.177316,1454,10.6235
18626,17,7,2.731786,2.731786,1468,10.5971
18627,7,31,3.076779,3.076779,1448,10.6142
18628,31,30,2.831952,2.831952,1444,10.6256
18629,30,31,2.652903,2.652903,1486,10.7115
18630,31,12,3.533357,3.533357,1452,10.5648
18631,12,35,2.882789,2.882789,1403,10.4618
18632,35,8,2.911579,2.911579,1464,10.5491
18633,8,41,2.183594,2.183594,1482,10.6500
18634,41,6,3.019138,3.019138,1455,10.5500
18635,6,56,3.174334,3.174334,1456,10.5948
18636,56,34,3.549644,3.549644,1468,10.5877
18637,34,40,2.210472,2.210472,1474,10.6234
18638,40,25,4.874810,4.874810,1463,10.6186
18639,25,29,2.704856,2.704856,1468,10.6539
18640,29,23,2.227853,2.227853,1283,9.9877
18641,23,29,1.768167,1.768167,1457,10.6803
18642,29,11,2.385609,2.385609,1459,10.5952
18643,11,24,4.246354,4.246354,1478,10.7956
18644,24,0,4.568416,4.568416,1033,8.3899
18645,0,21,2.672395,2.672395,1448,10.5799
18646,21,48,2.742378,2.742378,1428,10.6131
18647,48,25,3.975226,3.975226,1458,10.6127
18648,25,36,1.950209,1.950209,1454,10.6370
18649,36,21,2.999542,2.999542,1460,10.6445
18650,21,47,4.297336,4.297336,1467,10.6345
18651,47,22,3.290263,3.290263,1443,10.6238
18652,22,35,4.915734,4.915734,1456,10.7176
18653,35,0,3.209936,3.209936,1456,10.6042
18654,0,25,2.680996,2.680996,1460,10.5872
18655,25,29,2.602169,2.602169,1444,10.5321
18656,29,11,2.279652,2.279652,1464,10.5654
18657,11,42,2.497389,2.497389,1444,10.5591
18658,42,54,4.020724,4.020724,1445,10.6571
18659,54,0,4.097469,4.097469,1463,10.6182
18660,0,25,2.501278,2.501278,1438,10.6421
18661,25,36,1.938604,1.938604,1476,10.5486
18662,36,29,2.744826,2.744826,1419,10.5725
18663,29,23,2.293479,2.293479,1457,10.5973
18664,23,18,3.606576,3.606576,1455,10.6676
18665,18,12,4.257463,4.257463,1464,10.7188
18666,12,35,2.894015,2.894015,1425,10.5214
18667,35,8,2.821927,2.821927,1470,10.6491
18668,8,41,2.146194,2.146194,1450,10.6816
18669,41,6,2.898687,2.898687,1262,10.0832
18670,6,32,2.565197,2.565197,1330,9.9682
18671,32,61,3.507853,3.507853,1461,10.7545
18672,61,33,2.878168,2.878168,1412,10.5503
18673,33,11,6.495437,6.495437,726,5.7480
18674,11,42,2.355951,2.355951,1438,10.5792
18675,42,0,4.233856,4.233856,1481,10.5599
18676,0,21,2.593649,2.593649,1489,10.6798
18677,21,48,2.743108,2.743108,1422,10.5711
18678,48,6,3.836148,3.836148,1459,10.6104
18679,6,32,2.515163,2.515163,1456,10.6245
18680,32,27,3.281305,3.281305,1464,10.7151
18681,27,2,5.451565,5.451565,1439,10.6107
18682,2,45,4.160865,4.160865,1449,10.7382
18683,45,30,3.250271,3.250271,1276,9.9774
18684,30,31,2.648344,2.648344,1471,10.9956
18685,31,54,4.473251,4.473251,1465,10.6452
18686,54,25,2.467809,2.467809,1456,10.6389
18687,25,36,1.890066,1.890066,1457,10.5631
18688,36,29,2.670718,2.670718,1448,10.6717
18689,29,23,2.231758,2.231758,1457,10.5410
18690,23,18,3.484427,3.484427,1462,10.6684
18691,18,38,3.013040,3.013040,1460,10.6797
18692,38,50,3.399044,3.399044,623,6.5567
18693,50,53,4.168666,4.168666,1428,10.6663
18694,53,11,4.636308,4.636308,1479,10.6465
18695,11,42,2.293028,2.293028,1475,10.6882
18696,42,45,2.433661,2.433661,1449,10.6162
18697,45,30,3.172757,3.172757,1451,10.6140
18698,30,46,3.677742,3.677742,1445,10.6070
18699,46,46,1.146779,1.146779,1462,10.5993
18700,46,1,4.351748,4.351748,1507,10.6257
18701,1,47,2.821949,2.821949,1059,9.0555
18702,47,22,3.117405,3.117405,1466,10.8602
18703,22,35,4.780694,4.780694,839,6.6251
18704,35,53,3.128894,3.128894,1444,10.6370
18705,53,17,2.167687,2.167687,1460,10.5895
18706,17,7,2.631518,2.631518,1456,10.6627
18707,7,16,4.241249,4.241249,1450,10.6990
18708,16,23,3.286376,3.286376,1448,10.6291
18709,23,29,1.882261,1.882261,1091,8.7661
18710,29,11,2.597886,2.597886,1451,10.6697
18711,11,42,2.259040,2.259040,1471,10.6667
18712,42,54,4.049955,4.049955,1445,10.6263
18713,54,0,3.910031,3.910031,1452,10.7833
18714,0,60,3.692215,3.692215,1441,10.5565
18715,60,36,2.981528,2.981528,1431,10.6186
18716,36,34,3.328317,3.328317,1468,10.6575
18717,34,40,2.159555,2.159555,1447,10.6478
18718,40,57,2.376922,2.376922,1446,10.6263
18719,57,32,4.437171,4.437171,1463,10.9790
18720,32,9,2.699679,2.699679,1427,10.5570
18721,9,3,3.539390,3.539390,1459,10.5755
18722,3,39,2.827172,2.827172,1455,10.6582
18723,39,44,2.817151,2.817151,1460,10.7578
18724,44,35,5.369003,5.369003,1441,10.7426
18725,35,0,3.365984,3.365984,1465,10.6930
18726,0,21,2.579786,2.579786,1478,10.6352
18727,21,47,4.241822,4.241822,1446,10.6018
18728,47,56,2.284167,2.284167,1456,10.6058
18729,56,6,3.339203,3.339203,1447,10.6104
18730,6,32,2.443230,2.443230,1442,10.5969
18731,32,9,2.563627,2.563627,1464,10.6893
18732,9,15,2.569752,2.569752,1454,10.5957
18733,15,49,2.813589,2.813589,1404,10.4297
18734,49,48,5.627046,5.627046,1452,10.5912
18735,48,6,3.605325,3.605325,1459,10.6657
18736,6,32,2.415832,2.415832,1420,10.4845
18737,32,27,3.263280,3.263280,1467,10.6111
18738,27,20,4.550952,4.550952,1396,10.5673
18739,20,3,3.265442,3.265442,1112,9.1965
18740,3,41,2.743765,2.743765,1476,10.6340
18741,41,36,6.160825,6.160825,1464,10.6290
18742,36,29,2.689581,2.689581,1362,10.4505
18743,29,11,2.478512,2.478512,1429,10.5981
18744,11,42,2.181241,2.181241,1152,9.2542
18745,42,54,3.919105,3.919105,1074,8.8675
18746,54,25,2.456107,2.456107,1399,10.6077
18747,25,36,2.012532,2.012532,1334,10.2858
18748,36,34,3.161638,3.161638,1357,10.5535
18749,34,40,2.139532,2.139532,1455,10.6344
18750,40,57,2.336150,2.336150,1452,10.6620
18751,57,32,4.323758,4.323758,1443,10.6062
18752,32,9,2.438021,2.438021,1455,10.6480
18753,9,15,2.479466,2.479466,1460,10.5548
18754,15,19,3.764594,3.764594,1444,10.5826
18755,19,24,2.821672,2.821672,1454,10.6450
18756,24,54,2.998894,2.998894,1440,10.6250
18757,54,0,3.873994,3.873994,1414,10.4917
18758,0,21,2.544121,2.544121,1482,10.8587
18759,21,47,4.100003,4.100003,1452,10.6326
18760,47,51,3.328143,3.328143,1448,10.5889
18761,51,16,2.483752,2.483752,1452,10.6195
18762,16,23,3.175518,3.175518,1437,10.6236
18763,23,29,1.972055,1.972055,1462,10.6106
18764,29,11,2.361055,2.361055,1451,10.7349
18765,11,45,3.134589,3.134589,1439,10.5750
18766,45,30,3.122740,3.122740,1466,10.6720
18767,30,46,3.577148,3.577148,1455,10.5938
18768,46,46,1.024583,1.024583,1465,10.6579
18769,46,47,2.974583,2.974583,1493,10.5650
18770,47,56,2.283964,2.283964,1473,10.6875
18771,56,1,2.627915,2.627915,1458,10.6915
18772,1,47,2.804696,2.804696,1451,10.5934
18773,47,56,2.137268,2.137268,1475,10.6373
18774,56,1,2.523078,2.523078,1450,10.5971
18775,1,19,4.759270,4.759270,1468,10.6302
18776,19,38,5.789120,5.789120,1362,10.3041
18777,38,54,4.061842,4.061842,1418,10.4644
18778,54,25,2.423187,2.423187,1456,10.6448
18779,25,29,2.547659,2.547659,1474,10.6241
18780,29,48,3.263931,3.263931,1462,10.6822
18781,48,25,3.964120,3.964120,1455,10.6460
18782,25,2,4.041432,4.041432,1485,10.6296
18783,2,12,2.841438,2.841438,1461,10.6952
18784,12,43,4.387410,4.387410,1482,10.6997
18785,43,51,4.459176,4.459176,1450,10.6888
18786,51,51,1.687803,1.687803,1453,10.6259
18787,51,51,1.504821,1.504821,1453,10.6171
18788,51,29,3.267217,3.267217,1470,10.5883
18789,29,23,2.342476,2.342476,1485,10.6755
18790,23,29,1.838088,1.838088,1433,10.5580
18791,29,48,3.109080,3.109080,1449,10.5633
18792,48,25,3.780947,3.780947,1470,10.6354
18793,25,29,2.370039,2.370039,1472,10.6262
18794,29,11,2.391583,2.391583,1480,10.5657
18795,11,42,2.306597,2.306597,1469,10.6079
18796,42,45,2.373623,2.373623,1454,10.6072
18797,45,63,3.165344,3.165344,1467,10.6172
18798,63,6,5.114692,5.114692,1472,10.6530
18799,6,56,3.181147,3.181147,1378,10.3142
18800,56,1,2.424501,2.424501,1475,10.6114
18801,1,32,2.959880,2.959880,1448,10.6305
18802,32,27,3.040585,3.040585,1458,10.7078
18803,27,2,5.501505,5.501505,1135,9.6353
18804,2,12,2.792793,2.792793,1469,10.6321
18805,12,35,2.956538,2.956538,1498,10.6437
18806,35,53,3.003308,3.003308,1430,10.5387
18807,53,11,4.748388,4.748388,1449,10.6789
18808,11,24,4.289938,4.289938,1460,10.5546
18809,24,0,4.276283,4.276283,1399,10.3951
18810,0,25,2.481500,2.481500,1472,10.6231
18811,25,36,2.100783,2.100783,1471,10.6999
18812,36,29,2.642451,2.642451,1456,10.6125
18813,29,48,2.996534,2.996534,1469,10.6785
18814,48,6,3.802638,3.802638,1437,10.5605
18815,6,22,4.656268,4.656268,1236,9.5665
18816,22,35,4.693786,4.693786,1408,10.5473
18817,35,8,2.808475,2.808475,1437,10.6178
18818,8,56,3.965033,3.965033,1453,10.6275
18819,56,34,3.622174,3.622174,1447,10.6434
18820,34,40,2.082513,2.082513,1472,10.6066
18821,40,25,4.769693,4.769693,1473,10.6635
18822,25,36,1.988113,1.988113,1458,10.5588
18823,36,34,3.226524,3.226524,1437,10.7144
18824,34,7,4.895340,4.895340,1451,10.6138
18825,7,31,2.983456,2.983456,1434,10.6077
18826,31,54,4.503443,4.503443,1457,10.6255
18827,54,25,2.462412,2.462412,1371,10.4031
18828,25,2,4.093778,4.093778,1452,10.5888
18829,2,12,2.723309,2.723309,1480,10.5986
18830,12,35,2.915046,2.915046,1455,10.5493
18831,35,8,2.731995,2.731995,1468,10.6531
18832,8,41,2.231646,2.231646,1467,10.6225
18833,41,30,5.478029,5.478029,1421,10.4362
18834,30,46,3.449475,3.449475,1469,10.6010
18835,46,46,0.958670,0.958670,1444,10.6460
18836,46,47,2.946448,2.946448,1508,10.6596
18837,47,22,3.331687,3.331687,1445,10.6036
18838,22,20,4.354622,4.354622,1408,10.7648
18839,20,10,2.159958,2.159958,1458,10.7217
18840,10,21,5.977232,5.977232,1442,10.6916
18841,21,9,3.831499,3.831499,1446,10.5629
18842,9,44,3.954781,3.954781,1455,10.6229
18843,44,35,5.287243,5.287243,1492,10.7175
18844,35,8,2.643762,2.643762,1470,10.6373
18845,8,41,2.197902,2.197902,1446,10.6506
18846,41,36,6.002664,6.002664,1456,10.5765
18847,36,29,2.652313,2.652313,1475,10.6847
18848,29,23,2.451860,2.451860,1419,10.6980
18849,23,0,4.660643,4.660643,1344,10.2695
18850,0,25,2.425228,2.425228,1434,10.6368
18851,25,36,2.084117,2.084117,1429,10.5916
18852,36,29,2.552965,2.552965,1457,10.6557
18853,29,11,2.527446,2.527446,1435,10.5910
18854,11,45,2.982738,2.982738,1360,10.3831
18855,45,30,3.255274,3.255274,1366,10.3477
18856,30,31,2.856298,2.856298,1447,10.5979
18857,31,12,3.678925,3.678925,1470,10.5747
18858,12,35,2.863838,2.863838,1467,10.6254
18859,35,8,2.571560,2.571560,1460,10.6161
18860,8,52,4.625125,4.625125,1467,10.6095
18861,52,21,5.254007,5.254007,1359,10.5261
18862,21,48,2.768553,2.768553,1446,10.5539
18863,48,51,2.952054,2.952054,1479,10.6317
18864,51,51,1.336158,1.336158,1442,10.7163
18865,51,29,3.391684,3.391684,1459,10.6038
18866,29,11,2.351358,2.351358,1459,10.7646
18867,11,45,2.895007,2.895007,1456,10.6439
18868,45,30,3.192792,3.192792,1424,10.5231
18869,30,46,3.475656,3.475656,1440,10.6024
18870,46,46,0.876969,0.876969,1479,10.6673
18871,46,47,2.871004,2.871004,1489,10.5903
18872,47,56,2.242994,2.242994,1470,10.5959
18873,56,6,3.404623,3.404623,1438,10.6266
18874,6,32,2.561826,2.561826,1471,10.6362
18875,32,27,2.926854,2.926854,1387,10.3895
18876,27,20,4.501372,4.501372,1455,10.6509
18877,20,10,2.105823,2.105823,673,6.0897
18878,10,11,7.297924,7.297924,1241,10.1549
18879,11,42,2.429195,2.429195,1445,10.8915
18880,42,54,3.858613,3.858613,1455,10.6075
18881,54,25,2.409077,2.409077,1476,10.5972
18882,25,2,3.897691,3.897691,1446,10.5760
18883,2,45,4.196044,4.196044,1457,10.8778
18884,45,62,4.756841,4.756841,1464,10.6542
18885,62,21,4.692652,4.692652,1483,10.6786
18886,21,9,3.650068,3.650068,1362,10.3975
18887,9,44,3.813306,3.813306,1407,10.5930
18888,44,27,2.861435,2.861435,1451,10.6288
18889,27,2,5.589313,5.589313,1447,10.5775
18890,2,12,2.762320,2.762320,1455,10.6490
18891,12,35,2.742331,2.742331,1452,10.6567
18892,35,0,3.634534,3.634534,1466,10.6226
18893,0,60,3.705994,3.705994,1460,10.6551
18894,60,38,3.420224,3.420224,1431,10.6166
18895,38,2,3.665225,3.665225,1458,10.6305
18896,2,54,3.415039,3.415039,1453,10.6120
18897,54,25,2.291960,2.291960,1445,10.6696
18898,25,2,3.808399,3.808399,1478,10.6063
18899,2,45,4.125687,4.125687,1444,10.6197
18900,45,30,2.987715,2.987715,1464,10.6330
18901,30,46,3.395322,3.395322,1462,10.5841
18902,46,47,2.727146,2.727146,1456,10.6575
18903,47,56,2.169247,2.169247,1392,10.3989
18904,56,34,3.585786,3.585786,1455,10.8154
18905,34,7,4.711957,4.711957,1453,10.5965
18906,7,31,2.845535,2.845535,1442,10.7427
18907,31,12,3.635915,3.635915,1468,10.5985
18908,12,35,2.619900,2.619900,1475,10.7183
18909,35,53,3.064426,3.064426,1445,10.6259
18910,53,11,4.723997,4.723997,1465,10.6167
18911,11,42,2.343640,2.343640,1453,10.6143
18912,42,0,3.983053,3.983053,1397,10.4030
18913,0,25,2.411338,2.411338,1480,10.6204
18914,25,29,2.441268,2.441268,1470,10.5474
18915,29,11,2.513809,2.513809,1413,10.4602
18916,11,45,2.901309,2.901309,1459,10.7173
18917,45,30,2.930439,2.930439,1446,10.5876
18918,30,46,3.363193,3.363193,1465,10.5701
18919,46,47,2.605940,2.605940,1452,10.7241
18920,47,51,3.406101,3.406101,1466,10.6196
18921,51,29,3.354164,3.354164,1465,10.5702
18922,29,11,2.340663,2.340663,1428,10.5416
18923,11,45,2.812137,2.812137,1455,10.5763
18924,45,63,3.354073,3.354073,1467,10.5501
18925,63,6,4.968182,4.968182,1422,10.5440
18926,6,32,2.521506,2.521506,1407,10.5208
18927,32,61,3.697301,3.697301,1323,10.5012
18928,61,34,5.564836,5.564836,389,5.9748
18929,34,40,2.032660,2.032660,1437,10.5482
18930,40,57,2.318919,2.318919,1450,10.5871
18931,57,52,2.650089,2.650089,1466,10.5833
18932,52,22,4.108504,4.108504,1233,10.0785
18933,22,47,3.153268,3.153268,1431,10.6390
18934,47,56,2.095920,2.095920,1460,10.5738
18935,56,34,3.477205,3.477205,1451,10.6391
18936,34,7,4.530501,4.530501,1474,10.6781
18937,7,31,2.716434,2.716434,1055,9.0215
18938,31,30,2.982474,2.982474,1465,10.6233
18939,30,31,2.961620,2.961620,1486,10.5629
18940,31,12,3.582350,3.582350,1496,10.6387
18941,12,20,4.083283,4.083283,1462,10.7617
18942,20,10,2.079153,2.079153,1424,10.6037
18943,10,21,5.666537,5.666537,1472,10.6746
18944,21,9,3.487133,3.487133,1454,10.6232
18945,9,3,3.547541,3.547541,1434,10.6129
18946,3,41,2.711560,2.711560,1474,10.6380
18947,41,36,5.768787,5.768787,1423,10.5633
18948,36,29,2.691293,2.691293,1481,10.6554
18949,29,11,2.219001,2.219001,1424,10.5038
18950,11,24,4.299588,4.299588,1380,10.4446
18951,24,54,3.009106,3.009106,1200,9.5222
18952,54,25,2.287195,2.287195,1415,10.5284
18953,25,36,2.383664,2.383664,1471,10.6026
18954,36,29,2.591626,2.591626,1454,10.6241
18955,29,23,2.730049,2.730049,1457,10.6425
18956,23,29,2.085858,2.085858,1447,10.5895
18957,29,48,2.972328,2.972328,1465,10.5936
18958,48,6,3.674391,3.674391,1451,10.6613
18959,6,32,2.502893,2.502893,1466,10.6215
18960,32,61,3.589585,3.589585,1470,10.6375
18961,61,33,2.918292,2.918292,1468,10.7051
18962,33,11,6.604243,6.604243,1492,10.5787
18963,11,42,2.439828,2.439828,1450,10.6322
18964,42,0,3.846384,3.846384,1465,10.6678
18965,0,25,2.402669,2.402669,1474,10.6712
18966,25,36,2.285264,2.285264,1450,10.6337
18967,36,29,2.535090,2.535090,1480,10.6125
18968,29,23,2.621710,2.621710,1454,10.5851
18969,23,29,1.990296,1.990296,1433,10.6460
18970,29,23,2.409671,2.409671,1452,10.5955
18971,23,18,3.558125,3.558125,1490,10.6670
18972,18,12,4.505620,4.505620,1487,10.8102
18973,12,43,4.377249,4.377249,1455,10.6710
18974,43,46,4.045532,4.045532,1369,10.4807
18975,46,47,2.560152,2.560152,1452,10.6516
18976,47,22,3.619320,3.619320,1462,10.6504
18977,22,35,4.776615,4.776615,1288,10.0354
18978,35,0,3.737207,3.737207,1457,10.6744
18979,0,21,3.085235,3.085235,1471,10.6702
18980,21,47,4.097884,4.097884,1462,10.6340
18981,47,56,2.083982,2.083982,1438,10.6828
18982,56,1,2.523172,2.523172,1456,10.6909
18983,1,47,2.779095,2.779095,1483,10.7104
18984,47,56,1.948335,1.948335,1481,10.6569
18985,56,34,3.368568,3.368568,1451,10.5480
18986,34,7,4.416195,4.416195,1452,10.6826
18987,7,31,2.620230,2.620230,1476,10.6979
18988,31,12,3.589220,3.589220,1464,10.6367
18989,12,35,2.668667,2.668667,1473,10.7222
18990,35,0,3.612093,3.612093,1455,10.6616
18991,0,60,3.678914,3.678914,1469,10.7843
18992,60,44,5.294475,5.294475,1476,10.6929
18993,44,27,2.773675,2.773675,1481,10.7451
18994,27,20,4.575437,4.575437,1287,10.0000
18995,20,10,2.038071,2.038071,1451,10.6346
18996,10,11,7.136468,7.136468,1437,10.6362
18997,11,42,2.391634,2.391634,1474,10.6995
18998,42,45,2.242511,2.242511,1459,10.6310
18999,45,63,3.201320,3.201320,1442,10.6414
19000,63,6,4.861841,4.861841,1442,10.6028
19001,6,32,2.475032,2.475032,1460,10.7413
19002,32,9,2.658050,2.658050,1449,10.6329
19003,9,3,3.409356,3.409356,1461,10.7130
19004,3,39,2.919568,2.919568,1433,10.5260
19005,39,15,3.021971,3.021971,1431,10.5259
19006,15,39,3.160187,3.160187,1527,10.6170
19007,39,15,2.792231,2.792231,1462,10.8058
19008,15,49,2.693351,2.693351,1431,10.5872
19009,49,43,5.029886,5.029886,1438,10.6049
19010,43,46,3.932627,3.932627,1231,9.9962
19011,46,1,4.412310,4.412310,1431,10.5914
19012,1,32,3.025674,3.025674,1454,10.7793
19013,32,9,2.562061,2.562061,1462,10.6286
19014,9,15,2.654397,2.654397,1455,10.7754
19015,15,39,3.023354,3.023354,1433,10.5708
19016,39,44,2.847070,2.847070,1494,10.8777
19017,44,35,5.289668,5.289668,1440,10.5950
19018,35,8,2.680647,2.680647,1463,10.8776
19019,8,41,2.285242,2.285242,1474,10.7238
19020,41,6,3.398442,3.398442,1445,10.6572
19021,6,32,2.439205,2.439205,1442,10.6345
19022,32,27,3.120310,3.120310,1466,10.7280
19023,27,20,4.423473,4.423473,1465,10.6821
19024,20,10,2.010723,2.010723,1439,10.6231
19025,10,2,4.736334,4.736334,1454,10.6783
19026,2,45,4.157892,4.157892,1326,10.2961
19027,45,30,2.974139,2.974139,1187,9.2976
19028,30,31,2.953714,2.953714,1417,10.5200
19029,31,54,4.548828,4.548828,1426,10.6133
19030,54,0,3.869512,3.869512,1420,10.7311
19031,0,25,2.368163,2.368163,1450,10.6114
19032,25,36,2.235932,2.235932,1393,10.4464
19033,36,34,3.520999,3.520999,1375,10.5623
19034,34,7,4.266287,4.266287,1452,10.6003
19035,7,31,2.542364,2.542364,1473,10.6594
19036,31,12,3.517424,3.517424,1485,10.6198
19037,12,20,4.216035,4.216035,1441,10.5945
19038,20,10,1.999112,1.999112,1462,10.6549
19039,10,21,5.471551,5.471551,1374,10.3926
19040,21,9,3.508863,3.508863,1453,10.6722
19041,9,44,3.824048,3.824048,1465,10.6748
19042,44,35,5.116126,5.116126,1469,10.5697
19043,35,0,3.492327,3.492327,1447,10.6028
19044,0,21,3.088943,3.088943,1452,10.6608
19045,21,9,3.445643,3.445643,1490,10.6618
19046,9,44,3.698599,3.698599,1462,10.6553
19047,44,35,4.946476,4.946476,1299,10.1945
19048,35,8,2.645341,2.645341,1475,10.6098
19049,8,41,2.264737,2.264737,1457,10.5917
19050,41,36,5.705858,5.705858,1452,10.5576
19051,36,34,3.288488,3.288488,1459,10.6502
19052,34,40,2.159241,2.159241,1468,10.5986
19053,40,25,4.826810,4.826810,1452,10.5578
19054,25,2,3.798248,3.798248,1435,10.7103
19055,2,45,3.992110,3.992110,1462,10.6322
19056,45,63,3.009260,3.009260,1468,10.7685
19057,63,6,4.844800,4.844800,1395,10.5956
19058,6,32,2.430723,2.430723,1446,10.6741
19059,32,9,2.590622,2.590622,1273,9.9216
19060,9,3,3.397993,3.397993,1476,10.5897
19061,3,41,2.694916,2.694916,1443,10.6608
19062,41,30,5.579754,5.579754,1445,10.5872
19063,30,31,2.797414,2.797414,1450,10.6526
19064,31,12,3.362250,3.362250,1449,10.6005
19065,12,35,2.805866,2.805866,1468,10.7471
19066,35,53,3.006601,3.006601,1463,10.6227
19067,53,11,4.764032,4.764032,1448,10.5858
19068,11,42,2.351136,2.351136,1372,10.4323
19069,42,0,3.879810,3.879810,1463,10.6054
19070,0,25,2.370907,2.370907,1447,10.6302
19071,25,29,2.440711,2.440711,1430,10.6230
19072,29,11,2.774507,2.774507,1449,10.6349
19073,11,42,2.281113,2.281113,1408,10.5484
19074,42,0,3.724293,3.724293,1447,10.5603
19075,0,25,2.271641,2.271641,1449,10.5636
19076,25,29,2.374733,2.374733,1478,10.5926
19077,29,11,2.651482,2.651482,1447,10.6275
19078,11,45,2.924317,2.924317,1467,10.6055
19079,45,30,3.038240,3.038240,1456,10.6828
19080,30,46,3.523620,3.523620,1461,10.5859
19081,46,47,2.599113,2.599113,1457,10.6585
19082,47,22,3.551232,3.551232,1470,10.6472
19083,22,20,4.272597,4.272597,1462,10.7600
19084,20,10,1.955765,1.955765,763,8.0197
19085,10,11,7.120196,7.120196,1365,10.5259
19086,11,42,2.282034,2.282034,1459,10.5954
19087,42,54,4.067560,4.067560,1456,10.5242
19088,54,25,2.363578,2.363578,1419,10.5187
19089,25,36,2.393153,2.393153,1471,10.5520
19090,36,34,3.221353,3.221353,1442,10.5414
19091,34,40,2.097508,2.097508,1431,10.5714
19092,40,25,4.718876,4.718876,1471,10.7229
19093,25,36,2.228329,2.228329,1453,10.6084
19094,36,29,2.543689,2.543689,1437,10.5354
19095,29,48,3.023165,3.023165,1431,10.5196
19096,48,51,2.910540,2.910540,1461,10.6283
19097,51,16,2.625773,2.625773,1451,10.6560
19098,16,53,4.820500,4.820500,1458,10.7523
19099,53,11,4.645991,4.645991,1459,10.6606
19100,11,42,2.230409,2.230409,1464,10.6961
19101,42,54,3.925037,3.925037,1488,10.7490
19102,54,0,3.717130,3.717130,1451,10.6999
19103,0,60,3.744703,3.744703,1461,10.6321
19104,60,38,3.392906,3.392906,1448,10.6018
19105,38,54,4.182570,4.182570,1447,10.5644
19106,54,25,2.387139,2.387139,1463,10.5725
19107,25,29,2.321914,2.321914,1448,10.5718
19108,29,48,2.913569,2.913569,1427,10.4969
19109,48,25,3.811037,3.811037,1475,10.6285
19110,25,36,2.202490,2.202490,1463,10.5902
19111,36,34,3.226452,3.226452,1451,10.5438
19112,34,35,3.909014,3.909014,1493,10.6638
19113,35,0,3.667930,3.667930,1463,10.5758
19114,0,21,3.141732,3.141732,1451,10.5689
19115,21,48,3.001722,3.001722,1459,10.5565
19116,48,25,3.654639,3.654639,1479,10.6582
19117,25,2,3.954014,3.954014,1472,10.5514
19118,2,12,3.038707,3.038707,1454,10.7182
19119,12,43,4.370943,4.370943,1446,10.5777
19120,43,46,3.720980,3.720980,902,8.2661
19121,46,47,2.516097,2.516097,1445,10.6067
19122,47,22,3.464827,3.464827,1459,10.7305
19123,22,47,2.882297,2.882297,1346,10.3655
19124,47,56,2.010751,2.010751,1473,10.5963
19125,56,6,3.714893,3.714893,1468,10.6026
19126,6,56,3.110448,3.110448,1469,10.5849
19127,56,6,3.432720,3.432720,1437,10.5379
19128,6,56,2.866457,2.866457,1460,10.5736
19129,56,1,2.596183,2.596183,1446,10.5799
19130,1,32,2.985992,2.985992,1413,10.6111
19131,32,9,2.534982,2.534982,1460,10.5895
19132,9,15,2.727930,2.727930,1446,10.6115
19133,15,49,2.758760,2.758760,1459,10.7528
19134,49,48,5.494609,5.494609,1473,10.8685
19135,48,6,3.681686,3.681686,1464,10.6830
19136,6,56,2.805356,2.805356,1429,10.6152
19137,56,6,3.109996,3.109996,1480,10.5806
19138,6,22,4.294359,4.294359,1471,10.5982
19139,22,35,4.767605,4.767605,1389,10.6114
19140,35,8,2.637706,2.637706,1449,10.7517
19141,8,41,2.244935,2.244935,1468,10.6770
19142,41,6,3.459757,3.459757,1450,10.9104
19143,6,32,2.449118,2.449118,1445,10.7983
19144,32,9,2.445578,2.445578,1462,10.5928
19145,9,15,2.611927,2.611927,1449,10.6319
19146,15,49,2.714931,2.714931,1464,10.6788
19147,49,43,5.112924,5.112924,1364,10.4442
19148,43,51,4.410834,4.410834,1042,9.6045
19149,51,16,2.489290,2.489290,1450,10.7700
19150,16,23,3.277754,3.277754,1472,10.6260
19151,23,18,3.265064,3.265064,1464,10.6906
19152,18,38,3.014414,3.014414,1444,10.5726
19153,38,54,4.025122,4.025122,1367,10.4033
19154,54,25,2.371456,2.371456,1474,10.7472
19155,25,2,3.781284,3.781284,1455,10.6099
19156,2,45,3.845680,3.845680,1456,10.6492
19157,45,62,4.587659,4.587659,1474,10.6831
19158,62,21,4.627812,4.627812,1382,10.4528
19159,21,48,2.986190,2.986190,1440,10.5870
19160,48,51,3.022666,3.022666,1464,10.6399
19161,51,16,2.441181,2.441181,1438,10.7005
19162,16,23,3.136830,3.136830,1461,10.6700
19163,23,18,3.161695,3.161695,1462,10.6269
19164,18,12,4.722346,4.722346,1473,10.5868
19165,12,35,2.823789,2.823789,1477,10.6654
19166,35,0,3.584171,3.584171,1452,10.6880
19167,0,60,3.584739,3.584739,1452,10.8075
19168,60,38,3.380229,3.380229,1442,10.6036
19169,38,50,3.303852,3.303852,1464,10.5991
19170,50,53,4.148804,4.148804,1447,10.6659
19171,53,11,4.511673,4.511673,1447,10.6156
19172,11,45,2.869999,2.869999,1458,10.5965
19173,45,30,2.983529,2.983529,1447,10.6159
19174,30,46,3.482297,3.482297,1468,10.6327
19175,46,1,4.298675,4.298675,1470,10.6880
19176,1,32,2.909841,2.909841,1469,10.6462
19177,32,61,3.796669,3.796669,1475,10.8378
19178,61,33,2.843004,2.843004,1217,9.7114
19179,33,55,2.622669,2.622669,1249,10.0756
19180,55,4,2.488542,2.488542,1438,10.7561
19181,4,19,4.330446,4.330446,1469,10.5985
19182,19,24,2.745694,2.745694,585,4.9049
19183,24,54,3.007707,3.007707,1438,10.7018
19184,54,0,3.805448,3.805448,1450,10.6543
19185,0,21,3.086705,3.086705,1444,10.5615
19186,21,48,2.922111,2.922111,1460,10.6762
19187,48,51,2.927132,2.927132,1459,10.6248
19188,51,29,3.564418,3.564418,1443,10.6579
19189,29,48,2.664589,2.664589,1463,10.5772
19190,48,25,3.438405,3.438405,1408,10.4961
19191,25,36,2.221791,2.221791,1452,10.7238
19192,36,21,3.372448,3.372448,1453,10.7074
19193,21,9,3.787398,3.787398,1444,10.6205
19194,9,44,3.641655,3.641655,1461,10.6759
19195,44,35,4.885402,4.885402,1465,10.6185
19196,35,8,2.614422,2.614422,1459,10.6871
19197,8,41,2.206013,2.206013,1444,10.5917
19198,41,6,3.341929,3.341929,1469,10.6670
19199,6,56,2.749143,2.749143,1474,10.5829
19200,56,34,3.594845,3.594845,1490,10.6094
19201,34,7,4.200916,4.200916,1473,10.5940
19202,7,31,2.506214,2.506214,1461,10.6580
19203,31,12,3.431000,3.431000,1459,10.6498
19204,12,35,2.779575,2.779575,1439,10.6903
19205,35,8,2.550793,2.550793,1446,10.5672
19206,8,41,2.175397,2.175397,1432,10.5226
19207,41,30,5.595813,5.595813,1457,10.6480
19208,30,31,2.879759,2.879759,1448,10.7078
19209,31,12,3.279808,3.279808,1459,10.5961
19210,12,20,4.330314,4.330314,1443,10.5643
19211,20,3,3.369764,3.369764,1455,10.6897
19212,3,41,2.651199,2.651199,1441,10.5698
19213,41,6,3.232019,3.232019,1435,10.5596
19214,6,32,2.415454,2.415454,1396,10.4508
19215,32,9,2.502443,2.502443,1440,10.6357
19216,9,3,3.416690,3.416690,1475,10.6036
19217,3,10,2.957796,2.957796,1447,10.7258
19218,10,11,6.672976,6.672976,1437,10.5119
19219,11,24,3.940834,3.940834,1289,9.9956
19220,24,54,2.873186,2.873186,1137,9.8192
19221,54,25,2.412351,2.412351,1349,10.3930
19222,25,36,2.136889,2.136889,1441,10.6462
19223,36,29,2.643971,2.643971,1453,10.6255
19224,29,23,2.755032,2.755032,1432,10.6258
19225,23,29,2.288185,2.288185,1331,10.0503
19226,29,48,2.609927,2.609927,1409,10.5634
19227,48,6,3.891835,3.891835,1441,10.6351
19228,6,32,2.394175,2.394175,1463,10.6645
19229,32,9,2.363750,2.363750,1471,10.5648
19230,9,15,2.640473,2.640473,1435,10.6078
19231,15,49,2.656062,2.656062,1451,10.7266
19232,49,43,4.997686,4.997686,1486,10.6099
19233,43,51,4.335624,4.335624,798,7.9863
19234,51,16,2.400556,2.400556,1453,10.6955
19235,16,21,5.408330,5.408330,1470,10.6041
19236,21,47,4.210455,4.210455,1465,10.6451
19237,47,56,2.061044,2.061044,1445,10.5945
19238,56,1,2.586273,2.586273,1470,10.5776
19239,1,19,4.946808,4.946808,1443,10.6479
19240,19,38,5.423231,5.423231,1243,10.0165
19241,38,54,3.853815,3.853815,1185,9.5782
19242,54,25,2.356264,2.356264,1383,10.4860
19243,25,36,2.080973,2.080973,1454,10.7702
19244,36,34,3.341844,3.341844,1468,10.6983
19245,34,7,4.051968,4.051968,1441,10.5976
19246,7,16,4.417260,4.417260,1468,10.6644
19247,16,21,5.122160,5.122160,1485,10.7340
19248,21,9,3.711203,3.711203,1469,10.6818
19249,9,3,3.299883,3.299883,1451,10.6595
19250,3,41,2.580338,2.580338,1459,10.5372
19251,41,36,5.975609,5.975609,1466,10.6002
19252,36,34,3.091606,3.091606,1450,10.6245
19253,34,7,3.911727,3.911727,1473,10.6352
19254,7,31,2.483224,2.483224,1448,10.6500
19255,31,12,3.179424,3.179424,1446,10.5844
19256,12,20,4.221219,4.221219,1472,10.7343
19257,20,10,2.034928,2.034928,1436,10.6171
19258,10,11,6.434148,6.434148,1291,10.2112
19259,11,45,2.858961,2.858961,1483,10.7432
19260,45,63,3.105137,3.105137,1469,10.6530
19261,63,6,4.821788,4.821788,1476,10.6903
19262,6,56,2.773810,2.773810,1436,10.6159
19263,56,1,2.493306,2.493306,1464,10.6559
19264,1,32,2.851943,2.851943,1461,10.6100
19265,32,9,2.380906,2.380906,1445,10.5829
19266,9,15,2.574316,2.574316,1449,10.5638
19267,15,49,2.612790,2.612790,1464,10.7304
19268,49,43,4.908863,4.908863,1413,10.5608
19269,43,51,4.217330,4.217330,1383,10.3948
19270,51,16,2.357480,2.357480,1434,10.6986
19271,16,21,4.944809,4.944809,1464,10.5772
19272,21,48,2.727780,2.727780,1494,10.7392
19273,48,51,3.069854,3.069854,1448,10.6332
19274,51,29,3.403065,3.403065,1495,10.5946
19275,29,23,2.513267,2.513267,1447,10.6331
19276,23,29,2.104871,2.104871,1457,10.6985
19277,29,48,2.473882,2.473882,1449,10.5541
19278,48,6,3.858890,3.858890,1468,10.5650
19279,6,22,4.337378,4.337378,1433,10.6260
19280,22,35,4.701428,4.701428,836,6.6635
19281,35,53,3.218603,3.218603,1471,10.6575
19282,53,17,2.370235,2.370235,1453,10.9596
19283,17,2,4.697793,4.697793,1475,10.6372
19284,2,12,3.116313,3.116313,1430,10.6245
19285,12,35,2.784633,2.784633,1435,10.6006
19286,35,0,3.633250,3.633250,1489,10.7532
19287,0,21,2.967318,2.967318,1467,10.6747
19288,21,48,2.644877,2.644877,1423,10.5764
19289,48,25,3.403747,3.403747,1440,10.6260
19290,25,36,2.162050,2.162050,1461,10.5731
19291,36,29,2.774651,2.774651,1478,10.5760
19292,29,11,3.440799,3.440799,1444,10.5319
19293,11,42,2.586218,2.586218,1440,10.5904
19294,42,54,3.711261,3.711261,1445,10.5932
19295,54,25,2.343508,2.343508,1452,10.6231
19296,25,2,3.804775,3.804775,1463,10.5943
19297,2,12,3.034120,3.034120,1492,10.5615
19298,12,20,4.031489,4.031489,1454,10.6688
19299,20,10,2.036235,2.036235,1063,9.0490
19300,10,11,6.326182,6.326182,1013,8.6212
19301,11,45,2.864867,2.864867,1470,10.6838
19302,45,63,3.017590,3.017590,1413,10.6610
19303,63,47,4.004771,4.004771,1453,10.5885
19304,47,51,3.648322,3.648322,1454,10.6324
19305,51,29,3.308523,3.308523,1450,10.5733
19306,29,23,2.454473,2.454473,1445,10.6185
19307,23,0,4.501343,4.501343,1453,10.6565
19308,0,60,3.547420,3.547420,1446,10.6509
19309,60,38,3.367039,3.367039,1434,10.5928
19310,38,50,3.137148,3.137148,1434,10.6287
19311,50,54,3.461763,3.461763,1352,10.4948
19312,54,25,2.297285,2.297285,1456,10.6076
19313,25,29,2.383651,2.383651,1445,10.5564
19314,29,23,2.373926,2.373926,1475,10.5581
19315,23,0,4.351125,4.351125,1483,10.5812
19316,0,21,2.933116,2.933116,1490,10.5918
19317,21,9,3.739630,3.739630,1478,10.5736
19318,9,44,3.657684,3.657684,743,6.0313
19319,44,35,4.821309,4.821309,1287,10.0904
19320,35,8,2.595180,2.595180,1453,10.5977
19321,8,41,2.226256,2.226256,1142,9.4199
19322,41,6,3.345000,3.345000,1350,10.6111
19323,6,32,2.544498,2.544498,1436,10.6204
19324,32,9,2.354472,2.354472,1452,10.6324
19325,9,44,3.511226,3.511226,1463,10.6176
19326,44,35,4.669553,4.669553,1528,10.6581
19327,35,0,3.636757,3.636757,1459,10.6772
19328,0,25,2.480389,2.480389,1464,10.7158
19329,25,36,2.229027,2.229027,1445,10.6239
19330,36,34,3.081667,3.081667,1451,10.6242
19331,34,40,2.297097,2.297097,1455,10.6138
19332,40,21,5.014131,5.014131,1483,10.6543
19333,21,47,4.094770,4.094770,1467,10.5553
19334,47,51,3.477904,3.477904,1455,10.7331
19335,51,51,1.465250,1.465250,1470,10.6306
19336,51,29,3.267935,3.267935,1464,10.7415
19337,29,23,2.224410,2.224410,1448,10.6298
19338,23,29,1.912044,1.912044,1451,10.6154
19339,29,23,2.053527,2.053527,1438,10.5650
19340,23,29,1.770178,1.770178,1467,10.6734
19341,29,23,1.900168,1.900168,1456,10.5746
19342,23,29,1.645590,1.645590,1459,10.6251
19343,29,11,3.632274,3.632274,1468,10.5533
19344,11,42,2.690118,2.690118,1463,10.6208
19345,42,0,3.673462,3.673462,1436,10.9853
19346,0,21,2.846446,2.846446,1480,10.6499
19347,21,48,2.745171,2.745171,1468,10.6512
19348,48,51,3.040078,3.040078,1449,10.5889
19349,51,29,2.952464,2.952464,1462,10.5642
19350,29,11,3.403378,3.403378,1459,10.6142
19351,11,45,2.927985,2.927985,1461,10.7122
19352,45,63,2.942183,2.942183,1471,10.7167
19353,63,47,3.915032,3.915032,1450,10.5699
19354,47,22,3.330708,3.330708,1455,10.6591
19355,22,20,4.303203,4.303203,1285,10.4133
19356,20,10,1.981360,1.981360,1068,9.5775
19357,10,2,4.803230,4.803230,1021,9.3007
19358,2,12,2.951248,2.951248,1459,10.5955
19359,12,20,3.875665,3.875665,1470,10.7109
19360,20,10,1.989062,1.989062,1447,10.6759
19361,10,11,6.345216,6.345216,660,7.6761
19362,11,24,3.891141,3.891141,1476,10.6328
19363,24,4,2.893680,2.893680,1450,10.8772
19364,4,23,4.615616,4.615616,22,3.4353
19365,23,29,1.610545,1.610545,1441,10.6365
19366,29,48,2.682589,2.682589,1443,10.7407
19367,48,6,3.758143,3.758143,1455,10.6299
19368,6,32,2.526614,2.526614,1464,10.6466
19369,32,61,3.932129,3.932129,1458,10.6438
19370,61,33,2.807857,2.807857,1476,10.6538
19371,33,11,6.223018,6.223018,435,4.4781
19372,11,42,2.696311,2.696311,1511,10.6083
19373,42,45,2.424069,2.424069,1453,10.5781
19374,45,30,3.264906,3.264906,1450,10.6308
19375,30,31,2.901396,2.901396,1475,10.7460
19376,31,54,4.889471,4.889471,1266,9.9254
19377,54,25,2.280173,2.280173,1464,10.6952
19378,25,36,2.191223,2.191223,1447,10.5869
19379,36,29,2.921824,2.921824,1469,10.5833
19380,29,48,2.508083,2.508083,1458,10.6445
19381,48,51,2.995399,2.995399,1459,10.6467
19382,51,51,1.252824,1.252824,1453,10.6604
19383,51,16,2.688463,2.688463,1481,10.7221
19384,16,23,3.283043,3.283043,1469,10.6860
19385,23,29,1.679877,1.679877,1468,10.7278
19386,29,23,2.054651,2.054651,1463,10.5909
19387,23,0,4.360499,4.360499,1458,10.5933
19388,0,21,2.794619,2.794619,1452,10.6447
19389,21,9,3.729803,3.729803,1463,10.6104
19390,9,3,3.244985,3.244985,1450,10.6769
19391,3,41,2.571797,2.571797,1244,9.8688
19392,41,6,3.236452,3.236452,1361,10.4194
19393,6,32,2.427777,2.427777,1455,10.6104
19394,32,9,2.333097,2.333097,1487,10.8987
19395,9,44,3.388815,3.388815,1481,10.6077
19396,44,27,2.893050,2.893050,1470,10.6013
19397,27,2,5.351864,5.351864,1371,10.3075
19398,2,12,2.908990,2.908990,757,5.9084
19399,12,35,2.841623,2.841623,1225,9.7753
19400,35,8,2.592743,2.592743,1471,10.6607
19401,8,41,2.234974,2.234974,1478,10.7167
19402,41,30,5.458750,5.458750,1432,10.5893
19403,30,31,2.762827,2.762827,1454,10.6157
19404,31,12,3.199666,3.199666,1447,10.7229
19405,12,35,2.718414,2.718414,1484,10.6884
19406,35,53,3.226575,3.226575,1436,10.5767
19407,53,17,2.339245,2.339245,1473,10.5929
19408,17,2,4.590479,4.590479,1476,10.6888
19409,2,12,2.847314,2.847314,1449,10.6962
19410,12,35,2.594918,2.594918,1441,10.5764
19411,35,53,3.129571,3.129571,1475,10.6356
19412,53,11,4.691870,4.691870,1469,10.6234
19413,11,45,2.795353,2.795353,1462,10.7470
19414,45,63,2.924098,2.924098,1198,9.5034
19415,63,47,3.818130,3.818130,1449,10.6464
19416,47,51,3.245719,3.245719,1457,10.6490
19417,51,51,1.119632,1.119632,1440,10.5953
19418,51,16,2.651681,2.651681,1451,10.5774
19419,16,21,4.831360,4.831360,1481,10.6609
19420,21,48,2.656655,2.656655,1478,10.5850
19421,48,51,2.766225,2.766225,1481,10.6516
19422,51,51,0.957546,0.957546,1435,10.5625
19423,51,16,2.651211,2.651211,1445,10.6363
19424,16,23,3.172289,3.172289,1466,10.6137
19425,23,29,1.691303,1.691303,1434,10.5912
19426,29,11,3.679290,3.679290,1443,10.5748
19427,11,42,2.735254,2.735254,1463,10.6374
19428,42,0,3.447702,3.447702,1448,10.5904
19429,0,60,3.631438,3.631438,1442,10.6366
19430,60,44,5.047719,5.047719,1471,10.6920
19431,44,36,4.743544,4.743544,1464,10.6895
19432,36,34,2.985282,2.985282,1471,10.6903
19433,34,35,3.819841,3.819841,1441,10.5831
19434,35,0,3.839065,3.839065,1456,10.7253
19435,0,60,3.471736,3.471736,1449,10.6226
19436,60,38,3.339977,3.339977,1438,10.5466
19437,38,2,3.736990,3.736990,1449,10.6457
19438,2,12,2.778317,2.778317,1459,10.6189
19439,12,35,2.483975,2.483975,1460,10.7190
19440,35,53,3.098621,3.098621,1469,10.6142
19441,53,11,4.665254,4.665254,1466,10.5819
19442,11,42,2.675187,2.675187,1454,10.6169
19443,42,54,3.864759,3.864759,1452,10.6138
19444,54,25,2.266204,2.266204,1442,10.6360
19445,25,36,2.238175,2.238175,1460,10.6006
19446,36,34,2.909804,2.909804,1470,10.6228
19447,34,7,3.767693,3.767693,1454,10.6198
19448,7,31,2.500036,2.500036,1456,10.6236
19449,31,12,3.223279,3.223279,1450,10.5578
19450,12,35,2.373716,2.373716,1438,10.5326
19451,35,8,2.769216,2.769216,1491,10.6085
19452,8,41,2.203124,2.203124,1457,10.5795
19453,41,36,5.923095,5.923095,1463,10.7935
19454,36,29,3.027059,3.027059,1489,10.6394
19455,29,23,2.020694,2.020694,1446,10.6077
19456,23,0,4.166896,4.166896,1486,10.5834
19457,0,25,2.624633,2.624633,1457,10.5652
19458,25,2,3.847218,3.847218,1445,10.5818
19459,2,45,3.930150,3.930150,1456,10.6680
19460,45,63,2.792142,2.792142,1461,10.6668
19461,63,18,3.280101,3.280101,1457,10.8740
19462,18,38,3.038201,3.038201,1465,10.6798
19463,38,50,3.082445,3.082445,1443,10.6217
19464,50,33,3.177380,3.177380,1468,10.6674
19465,33,55,2.546231,2.546231,1475,10.6801
19466,55,63,5.708144,5.708144,1462,10.6640
19467,63,6,5.046443,5.046443,1452,10.6082
19468,6,56,3.041010,3.041010,1035,8.7620
19469,56,34,3.831960,3.831960,999,7.9276
19470,34,40,2.301221,2.301221,1469,10.6047
19471,40,57,2.375725,2.375725,1441,10.5990
19472,57,32,4.798514,4.798514,1452,10.6289
19473,32,9,2.207612,2.207612,1436,10.6006
19474,9,3,3.169607,3.169607,1471,10.9515
19475,3,41,2.520127,2.520127,784,6.2082
19476,41,6,3.298397,3.298397,1402,10.5535
19477,6,56,2.959289,2.959289,1456,10.6097
19478,56,1,2.528371,2.528371,1462,10.6469
19479,1,47,2.810407,2.810407,1459,10.6757
19480,47,51,3.111473,3.111473,1461,10.7690
19481,51,16,2.518178,2.518178,1443,10.6019
19482,16,53,5.324736,5.324736,1464,10.6453
19483,53,11,4.417628,4.417628,1469,10.6715
19484,11,42,2.651544,2.651544,1478,10.7188
19485,42,45,2.437259,2.437259,1480,10.6539
19486,45,30,3.374505,3.374505,1434,10.5975
19487,30,31,2.779632,2.779632,1448,10.6289
19488,31,30,2.906860,2.906860,1452,10.5460
19489,30,27,6.432403,6.432403,1466,10.7351
19490,27,20,4.525394,4.525394,1350,10.3347
19491,20,3,3.518030,3.518030,1453,10.6659
19492,3,41,2.401247,2.401247,1472,10.6436
19493,41,36,5.777133,5.777133,1439,10.6922
19494,36,29,3.028750,3.028750,1448,10.6427
19495,29,23,1.986714,1.986714,1441,10.5473
19496,23,29,1.731754,1.731754,1477,10.7860
19497,29,23,1.840718,1.840718,1452,10.7413
19498,23,18,3.705123,3.705123,1405,10.4464
19499,18,38,2.964277,2.964277,1377,10.4140
19500,38,50,2.976365,2.976365,1482,10.7487
19501,50,54,3.464930,3.464930,1460,10.6600
19502,54,25,2.260534,2.260534,1473,10.6504
19503,25,29,2.435265,2.435265,1449,10.6591
19504,29,48,2.692319,2.692319,1456,10.6694
19505,48,25,3.617811,3.617811,1444,10.6499
19506,25,36,2.522909,2.522909,1470,10.6184
19507,36,34,2.863439,2.863439,1457,10.6817
19508,34,35,3.689599,3.689599,1451,10.5798
19509,35,0,3.832805,3.832805,1472,10.5933
19510,0,25,2.568419,2.568419,1447,10.6233
19511,25,36,2.413306,2.413306,1439,10.7655
19512,36,21,3.469557,3.469557,1441,10.5599
19513,21,47,4.128522,4.128522,1478,10.7805
19514,47,22,3.250398,3.250398,1445,10.5994
19515,22,47,2.880140,2.880140,1418,10.6832
19516,47,56,2.344883,2.344883,1478,10.6089
19517,56,34,3.787805,3.787805,1460,10.7839
19518,34,7,3.720887,3.720887,1468,10.6132
19519,7,31,2.472710,2.472710,1429,10.5703
19520,31,12,3.181071,3.181071,1444,10.5603
19521,12,35,2.293587,2.293587,1446,10.6021
19522,35,8,2.737841,2.737841,1447,10.5971
19523,8,41,2.219282,2.219282,1438,10.6519
19524,41,6,3.178269,3.178269,1425,10.5800
19525,6,32,2.569089,2.569089,1458,10.6513
19526,32,9,2.151655,2.151655,1454,10.6228
19527,9,44,3.272331,3.272331,1474,10.6880
19528,44,36,4.555536,4.555536,1479,10.7107
19529,36,29,2.909431,2.909431,1453,10.6159
19530,29,48,2.539688,2.539688,1432,10.6139
19531,48,6,3.955498,3.955498,1454,10.5977
19532,6,22,4.392423,4.392423,1474,10.6660
19533,22,47,2.786460,2.786460,1448,10.6105
19534,47,56,2.216007,2.216007,1463,10.5929
19535,56,1,2.483098,2.483098,1461,10.5565
19536,1,47,2.632079,2.632079,1449,10.5999
19537,47,51,3.092100,3.092100,1454,10.5708
19538,51,16,2.408192,2.408192,1461,10.6301
19539,16,53,5.167857,5.167857,1454,10.6456
19540,53,0,3.265612,3.265612,1432,10.5936
19541,0,25,2.552294,2.552294,1465,10.6178
19542,25,2,3.851362,3.851362,1462,10.6070
19543,2,54,3.388225,3.388225,1456,10.6506
19544,54,0,3.968213,3.968213,1355,10.5504
19545,0,60,3.458905,3.458905,1457,10.6946
19546,60,36,3.092442,3.092442,1449,10.6319
19547,36,29,2.838036,2.838036,1441,10.6179
19548,29,23,2.026225,2.026225,1458,10.5716
19549,23,29,1.758311,1.758311,1453,10.7342
19550,29,23,1.875352,1.875352,1438,10.5555
19551,23,29,1.635069,1.635069,1453,10.5683
19552,29,11,3.953759,3.953759,1447,10.5635
19553,11,45,2.824811,2.824811,1460,10.5681
19554,45,30,3.321459,3.321459,1482,10.5372
19555,30,46,3.699661,3.699661,1438,10.6627
19556,46,47,2.815851,2.815851,1468,10.6006
19557,47,56,2.131628,2.131628,1465,10.7701
19558,56,34,3.679596,3.679596,1439,10.6220
19559,34,40,2.333186,2.333186,1479,10.5659
19560,40,57,2.314187,2.314187,1453,10.5977
19561,57,59,4.949787,4.949787,1460,10.6111
19562,59,15,4.761190,4.761190,1287,10.3805
19563,15,19,3.738013,3.738013,1444,10.7005
19564,19,24,2.830505,2.830505,1287,9.8818
19565,24,0,4.224156,4.224156,1454,10.6402
19566,0,25,2.419017,2.419017,1470,10.6572
19567,25,36,2.425959,2.425959,1452,10.5866
19568,36,34,3.071342,3.071342,1450,10.6494
19569,34,40,2.270773,2.270773,1458,10.6009
19570,40,57,2.291074,2.291074,1482,10.6467
19571,57,52,2.634605,2.634605,1473,10.6523
19572,52,21,5.593014,5.593014,1437,10.4998
19573,21,9,3.755906,3.755906,1460,10.6318
19574,9,3,3.093237,3.093237,1466,10.6821
19575,3,41,2.351402,2.351402,1438,10.6236
19576,41,6,3.092291,3.092291,1463,10.6123
19577,6,32,2.600879,2.600879,1446,10.5967
19578,32,9,2.156884,2.156884,1459,10.6141
19579,9,3,2.988111,2.988111,1460,10.5926
19580,3,39,3.313202,3.313202,1468,10.6112
19581,39,59,3.742364,3.742364,1435,10.6551
19582,59,10,4.077810,4.077810,1388,10.5632
19583,10,11,5.994247,5.994247,1440,10.5502
19584,11,42,2.727178,2.727178,1228,9.8499
19585,42,45,2.322814,2.322814,947,7.8522
19586,45,62,4.688066,4.688066,1464,10.5767
19587,62,60,4.040959,4.040959,1397,10.5601
19588,60,36,3.024167,3.024167,1384,10.5129
19589,36,21,3.395747,3.395747,1453,10.6155
19590,21,48,2.699144,2.699144,1463,10.6988
19591,48,51,2.851783,2.851783,1466,10.8786
19592,51,16,2.341116,2.341116,1463,10.7567
19593,16,21,4.960299,4.960299,785,6.9175
19594,21,48,2.575570,2.575570,1466,10.7816
19595,48,6,3.796870,3.796870,1445,10.6595
19596,6,32,2.569712,2.569712,1418,10.5482
19597,32,27,3.765620,3.765620,1371,10.4975
19598,27,20,4.391387,4.391387,1487,10.6792
19599,20,3,3.408256,3.408256,1430,10.7024
19600,3,41,2.288615,2.288615,1454,10.6011
19601,41,30,5.471029,5.471029,1456,10.7881
19602,30,31,2.672435,2.672435,1478,10.6489
19603,31,54,4.853196,4.853196,1461,10.6426
19604,54,0,3.775497,3.775497,1480,10.6368
19605,0,25,2.308726,2.308726,1453,10.6370
19606,25,2,3.726999,3.726999,1471,10.6344
19607,2,12,2.882770,2.882770,1457,10.6768
19608,12,35,2.226392,2.226392,1467,10.6802
19609,35,0,3.909034,3.909034,1473,10.6351
19610,0,25,2.230048,2.230048,1481,10.6092
19611,25,36,2.379599,2.379599,1458,10.6302
19612,36,21,3.383388,3.383388,1478,10.6529
19613,21,9,3.800098,3.800098,1458,10.5914
19614,9,15,3.036050,3.036050,1450,10.6437
19615,15,49,2.483476,2.483476,1453,10.6552
19616,49,43,4.627913,4.627913,1468,10.6795
19617,43,46,3.694873,3.694873,1216,9.8565
19618,46,1,3.996577,3.996577,1455,10.6187
19619,1,19,4.924113,4.924113,1458,10.6762
19620,19,51,6.069000,6.069000,1449,10.5899
19621,51,16,2.146355,2.146355,1458,10.6057
19622,16,21,4.844204,4.844204,1435,10.5890
19623,21,48,2.469584,2.469584,1450,10.6603
19624,48,51,2.913944,2.913944,1456,10.5869
19625,51,29,3.206992,3.206992,1483,10.6494
19626,29,11,3.825652,3.825652,1425,10.5756
19627,11,24,3.942197,3.942197,1455,10.5609
19628,24,0,4.040958,4.040958,1465,10.8049
19629,0,25,2.150704,2.150704,1446,10.5900
19630,25,2,3.629662,3.629662,1443,10.6441
19631,2,45,3.849747,3.849747,1357,10.4361
19632,45,30,3.327717,3.327717,1431,10.5925
19633,30,46,3.659870,3.659870,1421,10.5443
19634,46,46,1.367516,1.367516,1460,10.7439
19635,46,47,2.831325,2.831325,1475,10.6802
19636,47,56,2.094083,2.094083,1451,10.6724
19637,56,6,3.345985,3.345985,1450,10.5908
19638,6,56,3.039151,3.039151,1477,10.6496
19639,56,34,3.618359,3.618359,1466,10.6078
19640,34,7,3.697017,3.697017,1458,10.6037
19641,7,31,2.458099,2.458099,1491,10.7227
19642,31,12,3.176092,3.176092,1435,10.6012
19643,12,20,4.074735,4.074735,1459,10.6060
19644,20,10,2.107659,2.107659,1339,10.3862
19645,10,2,4.890923,4.890923,1457,10.5799
19646,2,45,3.749261,3.749261,1474,10.6283
19647,45,62,4.480201,4.480201,1447,10.6433
19648,62,60,3.942125,3.942125,1406,10.4817
19649,60,38,3.247644,3.247644,1455,10.6319
19650,38,2,3.760461,3.760461,1466,10.6170
19651,2,54,3.292541,3.292541,1459,10.6078
19652,54,25,2.272704,2.272704,1472,10.8189
19653,25,36,2.370311,2.370311,1448,10.5966
19654,36,29,2.967716,2.967716,1450,10.5663
19655,29,48,2.503168,2.503168,1443,10.8866
19656,48,6,3.753849,3.753849,1475,10.7635
19657,6,32,2.535428,2.535428,1465,10.8229
19658,32,9,2.182523,2.182523,1466,10.5742
19659,9,15,2.896964,2.896964,1462,10.5778
19660,15,19,3.758425,3.758425,1195,9.4372
19661,19,51,5.967744,5.967744,1110,9.4492
19662,51,29,3.119817,3.119817,1474,10.6814
19663,29,11,3.642449,3.642449,1468,10.6876
19664,11,42,2.720922,2.720922,1461,10.6455
19665,42,45,2.402775,2.402775,1456,10.7385
19666,45,63,3.016534,3.016534,1503,10.6522
19667,63,47,3.881061,3.881061,1456,10.5782
19668,47,22,3.213788,3.213788,1435,10.6394
19669,22,20,4.246934,4.246934,1455,10.6282
19670,20,3,3.342660,3.342660,707,6.4944
19671,3,41,2.216326,2.216326,1353,10.4477
19672,41,36,5.897791,5.897791,1464,10.5930
19673,36,34,3.111671,3.111671,1467,10.6684
19674,34,35,3.612845,3.612845,1441,10.7711
19675,35,0,3.862568,3.862568,1456,10.6844
19676,0,60,3.486514,3.486514,1412,10.5638
19677,60,36,3.013091,3.013091,1461,10.5894
19678,36,21,3.279450,3.279450,1440,10.5497
19679,21,48,2.430997,2.430997,1460,10.6003
19680,48,51,2.971402,2.971402,1469,10.6369
19681,51,16,2.169684,2.169684,1440,10.5475
19682,16,53,5.108380,5.108380,1475,10.6065
19683,53,17,2.330230,2.330230,1433,10.5816
19684,17,7,3.527989,3.527989,1437,10.6423
19685,7,31,2.357976,2.357976,1460,10.6745
19686,31,12,3.094013,3.094013,1425,10.5989
19687,12,35,2.220608,2.220608,1472,10.5690
19688,35,0,3.736754,3.736754,1458,10.6614
19689,0,25,2.241096,2.241096,1466,10.6483
19690,25,36,2.413878,2.413878,1480,10.5779
19691,36,34,3.067685,3.067685,1461,10.5851
19692,34,35,3.467371,3.467371,1458,10.6565
19693,35,0,3.581137,3.581137,1442,10.5950
19694,0,25,2.190829,2.190829,1460,10.6119
19695,25,29,2.661560,2.661560,1461,10.6159
19696,29,11,3.464927,3.464927,1459,10.5762
19697,11,42,2.660692,2.660692,1434,10.5686
19698,42,0,3.770733,3.770733,1444,10.5768
19699,0,21,3.036263,3.036263,1465,10.6618
19700,21,48,2.414916,2.414916,1443,10.6544
19701,48,6,3.590701,3.590701,1445,10.5789
19702,6,32,2.511422,2.511422,1479,10.6081
19703,32,61,4.128344,4.128344,1422,10.7781
19704,61,33,2.766182,2.766182,1418,10.6530
19705,33,18,5.900262,5.900262,105,2.6938
19706,18,18,1.316500,1.316500,1479,10.6805
19707,18,18,1.149135,1.149135,1502,10.6327
19708,18,12,5.383855,5.383855,1461,10.6097
19709,12,35,2.170119,2.170119,1454,10.6630
19710,35,53,3.682199,3.682199,1454,10.6266
19711,53,0,3.119377,3.119377,1464,10.6165
19712,0,25,2.160521,2.160521,1485,10.7802
19713,25,36,2.380551,2.380551,1449,10.5901
19714,36,29,3.008705,3.008705,1460,10.5559
19715,29,23,2.144078,2.144078,1465,10.6245
19716,23,29,1.725787,1.725787,1456,10.6290
19717,29,11,3.366214,3.366214,1445,10.5810
19718,11,42,2.601154,2.601154,1426,10.6187
19719,42,54,4.228819,4.228819,1470,10.6025
19720,54,0,3.865242,3.865242,1473,10.6193
19721,0,25,2.051960,2.051960,1447,10.6232
19722,25,29,2.559254,2.559254,1451,10.5866
19723,29,23,2.083016,2.083016,1469,10.6014
19724,23,18,3.535175,3.535175,1429,10.5166
19725,18,18,0.982667,0.982667,1440,10.5564
19726,18,38,3.015025,3.015025,1440,10.5872
19727,38,2,3.709928,3.709928,1434,10.7031
19728,2,45,3.745135,3.745135,1450,10.6744
19729,45,63,2.882282,2.882282,1457,10.6161
19730,63,6,5.016651,5.016651,1444,10.5552
19731,6,56,3.040708,3.040708,1468,10.7257
19732,56,1,2.563615,2.563615,1470,10.6614
19733,1,47,2.559316,2.559316,1453,10.7119
19734,47,56,2.091808,2.091808,1450,10.7016
19735,56,34,3.622665,3.622665,1419,10.4916
19736,34,40,2.347355,2.347355,1452,10.6376
19737,40,25,5.134054,5.134054,1445,10.6961
19738,25,36,2.292033,2.292033,1466,10.7494
19739,36,29,2.807248,2.807248,1440,10.6250
19740,29,11,3.255387,3.255387,1451,10.5658
19741,11,42,2.543025,2.543025,1463,10.7268
19742,42,0,3.651851,3.651851,1469,10.5673
19743,0,25,2.055124,2.055124,1456,10.5607
19744,25,36,2.214013,2.214013,1394,10.4916
19745,36,34,3.263488,3.263488,1446,10.6022
19746,34,40,2.283388,2.283388,1471,10.6597
19747,40,25,4.984880,4.984880,1480,10.6227
19748,25,36,2.064317,2.064317,1453,10.6199
19749,36,34,3.175195,3.175195,1454,10.6404
19750,34,40,2.231316,2.231316,1446,10.5483
19751,40,57,2.410187,2.410187,1478,10.6198
19752,57,32,4.718820,4.718820,1465,10.8288
19753,32,27,3.661132,3.661132,1446,10.6571
19754,27,20,4.310784,4.310784,1401,10.5296
19755,20,3,3.184459,3.184459,1459,10.8286
19756,3,39,3.218838,3.218838,1455,10.6413
19757,39,59,3.669634,3.669634,1177,9.5525
19758,59,15,4.572530,4.572530,1279,9.9221
19759,15,49,2.407840,2.407840,1491,10.6557
19760,49,43,4.484909,4.484909,1477,10.5867
19761,43,11,4.500566,4.500566,1368,10.4106
19762,11,45,2.972562,2.972562,1448,10.6429
19763,45,63,2.808335,2.808335,1489,10.6733
19764,63,6,4.919656,4.919656,1284,10.0212
19765,6,32,2.586907,2.586907,1432,10.8175
19766,32,9,2.131349,2.131349,1342,10.4178
19767,9,3,3.054178,3.054178,1331,10.2431
19768,3,41,2.163970,2.163970,1434,10.6266
19769,41,6,3.440459,3.440459,1442,10.5320
19770,6,32,2.486125,2.486125,1479,10.6454
19771,32,9,2.032120,2.032120,1402,10.5139
19772,9,3,2.963079,2.963079,1460,10.5930
19773,3,39,3.239107,3.239107,1439,10.5297
19774,39,44,2.995861,2.995861,1474,10.6216
19775,44,36,4.447205,4.447205,1466,10.6387
19776,36,34,2.986110,2.986110,1407,10.5268
19777,34,40,2.193374,2.193374,1410,10.5258
19778,40,57,2.382004,2.382004,1447,10.6274
19779,57,32,4.604600,4.604600,1454,10.6290
19780,32,27,3.674953,3.674953,1464,10.6200
19781,27,20,4.188115,4.188115,1452,10.6416
19782,20,10,2.103660,2.103660,1466,10.6317
19783,10,21,5.862407,5.862407,1448,10.5955
19784,21,48,2.524114,2.524114,1459,10.6476
19785,48,6,3.371803,3.371803,1440,10.5471
19786,6,32,2.527377,2.527377,1464,10.5453
19787,32,9,1.947030,1.947030,1470,10.6761
19788,9,44,3.422571,3.422571,1444,10.6623
19789,44,35,4.827339,4.827339,1486,10.6767
19790,35,8,2.915055,2.915055,1472,10.6757
19791,8,41,2.360807,2.360807,1442,10.6344
19792,41,6,3.329470,3.329470,1437,10.5672
19793,6,32,2.430801,2.430801,1479,10.6465
19794,32,9,1.861561,1.861561,1445,10.6405
19795,9,15,3.085586,3.085586,1454,10.5765
19796,15,49,2.425185,2.425185,1464,10.5717
19797,49,50,4.754869,4.754869,1451,10.6312
19798,50,54,3.390053,3.390053,1190,10.1681
19799,54,0,3.810665,3.810665,1446,10.8244
19800,0,25,2.027942,2.027942,1459,10.7356
19801,25,36,2.062574,2.062574,1455,10.7532
19802,36,29,2.835123,2.835123,1459,10.6950
19803,29,11,3.160374,3.160374,1469,10.6409
19804,11,45,2.900803,2.900803,1192,9.7825
19805,45,63,2.743316,2.743316,1451,10.6742
19806,63,18,3.264663,3.264663,1409,10.4292
19807,18,38,2.846908,2.846908,1476,10.6965
19808,38,2,3.651752,3.651752,1427,10.7850
19809,2,45,3.671530,3.671530,1454,10.6193
19810,45,30,3.485929,3.485929,1465,10.6409
19811,30,46,3.548355,3.548355,1449,10.6450
19812,46,47,2.745138,2.745138,1448,10.6709
19813,47,22,3.159768,3.159768,1474,10.6725
19814,22,20,4.083913,4.083913,1464,10.6626
19815,20,10,2.053876,2.053876,1463,10.6672
19816,10,11,6.338069,6.338069,1033,8.1752
19817,11,24,3.963491,3.963491,1458,10.7189
19818,24,0,4.029713,4.029713,1398,10.6083
19819,0,60,3.594496,3.594496,1451,10.5970
19820,60,36,2.900776,2.900776,1461,10.6169
19821,36,29,2.707537,2.707537,1449,10.6400
19822,29,23,2.269562,2.269562,1455,10.5912
19823,23,29,1.792240,1.792240,1455,10.6091
19824,29,23,2.092243,2.092243,1454,10.5907
19825,23,29,1.662658,1.662658,1456,10.5690
19826,29,23,1.932899,1.932899,1468,10.5980
19827,23,29,1.551141,1.551141,1448,10.5773
19828,29,11,3.354100,3.354100,1465,10.5860
19829,11,42,2.613180,2.613180,1457,10.5914
19830,42,45,2.466702,2.466702,1463,10.5957
19831,45,63,2.671714,2.671714,1423,10.5277
19832,63,6,5.007850,5.007850,1459,10.6216
19833,6,32,2.399651,2.399651,1461,10.7027
19834,32,9,1.772820,1.772820,1364,10.4696
19835,9,15,2.954502,2.954502,1482,10.7971
19836,15,49,2.416252,2.416252,1442,10.5667
19837,49,43,4.471391,4.471391,1460,10.7305
19838,43,46,3.606340,3.606340,1428,10.6556
19839,46,1,4.036398,4.036398,1482,10.6857
19840,1,47,2.386717,2.386717,1392,10.3892
19841,47,22,3.009442,3.009442,1466,10.7482
19842,22,20,3.962941,3.962941,1104,9.0975
19843,20,10,2.009381,2.009381,1477,10.7057
19844,10,2,4.687404,4.687404,1448,10.7528
19845,2,12,3.118926,3.118926,1469,10.6506
19846,12,20,4.148590,4.148590,1449,10.6083
19847,20,3,3.154120,3.154120,1445,10.5838
19848,3,39,3.119770,3.119770,1456,10.6244
19849,39,44,2.884740,2.884740,1321,10.0528
19850,44,36,4.477937,4.477937,1465,10.5600
19851,36,29,2.630463,2.630463,1459,10.8261
19852,29,23,1.918223,1.918223,1479,10.6341
19853,23,0,4.347015,4.347015,1481,10.6368
19854,0,25,2.089538,2.089538,1452,10.7026
19855,25,36,2.134765,2.134765,1469,10.5561
19856,36,34,2.983410,2.983410,1457,10.6814
19857,34,35,3.444194,3.444194,1444,10.6552
19858,35,0,3.877839,3.877839,1436,10.6901
19859,0,21,3.320332,3.320332,1445,10.6671
19860,21,9,3.996722,3.996722,1462,10.6080
19861,9,44,3.383158,3.383158,1485,10.6702
19862,44,35,4.732783,4.732783,1463,10.5908
19863,35,0,3.696969,3.696969,1475,10.6738
19864,0,25,2.044235,2.044235,1455,10.5989
19865,25,2,3.987817,3.987817,1467,10.5897
19866,2,45,3.623815,3.623815,1434,10.5672
19867,45,63,2.539588,2.539588,1472,10.5868
19868,63,18,3.264805,3.264805,1465,10.6077
19869,18,38,2.693936,2.693936,1419,10.5909
19870,38,50,3.128084,3.128084,1484,10.6482
19871,50,54,3.280382,3.280382,1471,10.7482
19872,54,25,2.727964,2.727964,1467,10.7273
19873,25,29,2.406709,2.406709,1463,10.6752
19874,29,23,1.839280,1.839280,1455,10.5963
19875,23,18,3.725804,3.725804,1457,10.6390
19876,18,12,5.326998,5.326998,1463,10.6970
19877,12,35,2.353888,2.353888,1460,10.5645
19878,35,0,3.553421,3.553421,1411,10.3874
19879,0,21,3.190635,3.190635,1453,10.7050
19880,21,48,2.605374,2.605374,1450,10.7204
19881,48,25,3.693247,3.693247,1455,10.5595
19882,25,29,2.278965,2.278965,1463,10.6368
19883,29,11,3.282983,3.282983,1432,10.6341
19884,11,42,2.597206,2.597206,1432,10.7055
19885,42,45,2.482291,2.482291,1452,10.5542
19886,45,63,2.476950,2.476950,1481,10.5522
19887,63,18,3.217288,3.217288,1450,10.5592
19888,18,12,5.094120,5.094120,1482,10.6274
19889,12,43,4.710994,4.710994,1439,10.5925
19890,43,51,4.491603,4.491603,1258,10.1511
19891,51,16,2.107572,2.107572,1431,10.5900
19892,16,53,4.894622,4.894622,1459,10.6799
19893,53,11,4.696974,4.696974,1455,10.8751
19894,11,42,2.513001,2.513001,1448,10.6385
19895,42,45,2.378770,2.378770,1481,10.5727
19896,45,30,3.568411,3.568411,1459,10.5950
19897,30,46,3.506473,3.506473,1456,10.6252
19898,46,46,1.272837,1.272837,1457,10.6797
19899,46,47,2.746676,2.746676,1477,10.6901
19900,47,56,2.150240,2.150240,1438,10.6586
19901,56,34,3.783818,3.783818,1468,10.6031
19902,34,40,2.160841,2.160841,1452,10.5494
19903,40,57,2.310684,2.310684,1457,10.6189
19904,57,32,4.532513,4.532513,1309,10.3158
19905,32,9,1.762891,1.762891,1467,10.6697
19906,9,3,3.101252,3.101252,1467,10.6826
19907,3,41,2.264767,2.264767,1455,10.7077
19908,41,6,3.330451,3.330451,1481,10.6613
19909,6,56,3.256894,3.256894,1478,10.6108
19910,56,1,2.570690,2.570690,1451,10.5995
19911,1,32,3.511917,3.511917,1463,10.6004
19912,32,61,4.229656,4.229656,1463,10.6136
19913,61,33,2.730102,2.730102,1458,10.7820
19914,33,18,5.919557,5.919557,1445,10.5783
19915,18,12,4.839237,4.839237,711,7.1424
19916,12,35,2.408759,2.408759,1480,10.7129
19917,35,8,2.921335,2.921335,1466,10.6009
19918,8,52,4.697747,4.697747,1476,10.6141
19919,52,22,4.406845,4.406845,1324,10.2668
19920,22,35,4.974811,4.974811,1474,10.7412
19921,35,8,2.744597,2.744597,1436,10.5739
19922,8,41,2.419556,2.419556,1451,10.7236
19923,41,6,3.173895,3.173895,1484,10.6459
19924,6,32,2.485300,2.485300,1460,10.6596
19925,32,27,3.871091,3.871091,1465,10.6252
19926,27,20,4.107858,4.107858,1472,10.6387
19927,20,10,2.037659,2.037659,1458,10.6076
19928,10,11,6.292141,6.292141,1459,10.6021
19929,11,45,2.737759,2.737759,935,8.7903
19930,45,30,3.473521,3.473521,1214,10.1397
19931,30,46,3.404723,3.404723,1414,10.5441
19932,46,47,2.666769,2.666769,1345,10.4700
19933,47,22,3.178597,3.178597,1448,10.7281
19934,22,47,2.718728,2.718728,1468,10.6033
19935,47,51,3.630669,3.630669,1423,10.6224
19936,51,29,3.490595,3.490595,1468,10.6689
19937,29,23,1.847431,1.847431,1463,10.5780
19938,23,29,1.584129,1.584129,1472,10.5624
19939,29,11,3.340952,3.340952,1464,10.7363
19940,11,42,2.507560,2.507560,1455,10.5941
19941,42,45,2.206163,2.206163,1464,10.5801
19942,45,30,3.370565,3.370565,1438,10.5436
19943,30,27,6.506415,6.506415,1456,10.6445
19944,27,2,5.379096,5.379096,1421,10.5241
19945,2,12,3.187274,3.187274,1433,10.6738
19946,12,35,2.397503,2.397503,1286,10.0529
19947,35,0,3.429857,3.429857,1466,10.6303
19948,0,25,2.105703,2.105703,1440,10.5798
19949,25,36,2.256711,2.256711,1449,10.5766
19950,36,34,2.994745,2.994745,1442,10.7008
19951,34,40,2.124220,2.124220,1452,10.5612
19952,40,57,2.281327,2.281327,1467,10.6467
19953,57,52,2.830064,2.830064,1471,10.6084
19954,52,21,5.468965,5.468965,1458,10.6314
19955,21,47,4.564253,4.564253,1456,10.6670
19956,47,56,2.161205,2.161205,1460,10.6690
19957,56,6,3.339138,3.339138,1504,10.7130
19958,6,32,2.331133,2.331133,1480,10.6327
19959,32,61,4.262654,4.262654,1456,10.6139
19960,61,33,2.727718,2.727718,1451,10.6423
19961,33,55,2.525901,2.525901,1287,9.9813
19962,55,42,5.692201,5.692201,1107,9.0434
19963,42,45,2.106486,2.106486,1397,10.5440
19964,45,63,2.637920,2.637920,1405,10.5062
19965,63,47,4.142033,4.142033,1395,10.6005
19966,47,56,2.092771,2.092771,1478,10.6981
19967,56,1,2.501365,2.501365,1471,10.6134
19968,1,32,3.402951,3.402951,1478,10.9036
19969,32,9,1.881331,1.881331,1460,10.6613
19970,9,3,3.000296,3.000296,1450,10.6821
19971,3,39,3.127128,3.127128,1453,10.7385
19972,39,44,2.752958,2.752958,1459,10.6849
19973,44,35,4.817288,4.817288,1477,10.6436
19974,35,8,2.688664,2.688664,1473,10.6754
19975,8,41,2.404396,2.404396,1449,10.6271
19976,41,30,5.457380,5.457380,1463,10.7417
19977,30,31,3.126378,3.126378,1458,10.6255
19978,31,12,3.544392,3.544392,1456,10.6674
19979,12,35,2.385772,2.385772,1459,10.6031
19980,35,8,2.605331,2.605331,1456,10.6910
19981,8,56,4.069791,4.069791,1468,10.6412
19982,56,1,2.393420,2.393420,1454,10.7223
19983,1,32,3.275127,3.275127,1447,10.6720
19984,32,9,1.818887,1.818887,1484,10.6534
19985,9,15,2.992025,2.992025,1453,10.6894
19986,15,49,2.432650,2.432650,1458,10.6280
19987,49,48,5.517405,5.517405,1397,10.5094
19988,48,25,3.579796,3.579796,1471,10.6631
19989,25,29,2.315409,2.315409,1489,10.6243
19990,29,11,3.171245,3.171245,1445,10.6476
19991,11,42,2.532663,2.532663,546,5.0594
19992,42,54,4.542629,4.542629,1471,10.6562
19993,54,25,2.781147,2.781147,1202,9.3140
19994,25,36,2.192430,2.192430,1456,10.6288
19995,36,34,2.923436,2.923436,1443,10.6164
19996,34,35,3.419631,3.419631,1445,10.6603
19997,35,8,2.501574,2.501574,1489,10.6410
19998,8,41,2.437802,2.437802,1445,10.7721
